time,method,mass,conservation_error,l2_vs_cn,linf_vs_cn,min_c,max_c,tv,tv_ratio,overshoot_rel,negative_depth_rel,extrema_count
0.0,CN,0.250662679995813,0.0,0.0,0.0,0.0,0.9999874750408879,1.9999749500817758,1.0,0.0,0.0,1
0.005,CN,0.25066258804426456,3.668338199868356e-07,0.0,0.0,-2.1335532997197738e-06,0.9950372529228649,1.9900828143780567,0.9950538701980669,0.0,2.133580022722321e-06,3
0.01,CN,0.2506625492728101,5.215096354553307e-07,0.0,0.0,0.0,0.9901355567619128,1.9802732265221712,0.9901490148370113,0.0,0.0,5
0.015,CN,0.2506624804920505,7.959053278834483e-07,0.0,0.0,-1.5690446353825598e-06,0.9853294656039066,1.9706648373152413,0.9853447600604517,0.0,1.5690642878486094e-06,3
0.02,CN,0.25066242951922746,9.992575900505827e-07,0.0,0.0,0.0,0.9805692069331204,1.9611403356744814,0.9805824495923279,0.0,0.0,5
0.025,CN,0.2506623565294128,1.290444992331566e-06,0.0,0.0,-1.176800756529643e-06,0.9759003833579917,1.9518049106678261,0.9759146786253597,0.0,1.1768154960956141e-06,3
0.03,CN,0.25066229193132644,1.5481542228445412e-06,0.0,0.0,0.0,0.9712748901704921,1.9425511565703322,0.971287743624441,0.0,0.0,5
0.035,CN,0.25066220845515874,1.8811761457802978e-06,0.0,0.0,-8.624122301993326e-07,0.9667369198767676,1.9334764732130654,0.9667503451150768,0.0,8.624230320125458e-07,3
0.04,CN,0.25066212809873034,2.2017521022870666e-06,0.0,0.0,0.0,0.9622399526525313,1.9244807078167556,0.9622524060804195,0.0,0.0,3
0.045,CN,0.25066203010261673,2.5927002626368897e-06,0.0,0.0,-5.90782470868965e-07,0.9578268333229727,1.9156548891419174,0.957839441470799,0.0,5.907898704879367e-07,3
0.05,CN,0.25066193137266446,2.9865760173797842e-06,0.0,0.0,0.0,0.9534525496368359,1.906905644055445,0.9534647641349081,0.0,0.0,3
0.055,CN,0.25066181520628694,3.450013085551497e-06,0.0,0.0,-3.444422137609369e-07,0.9491586575245944,1.8983180039336163,0.9491708902933994,0.0,3.444465279396156e-07,2
0.06,CN,0.2506616950471211,3.929379083878509e-06,0.0,0.0,0.0,0.9449015801313523,1.8898034101229162,0.9449135400649119,0.0,0.0,3
0.065,CN,0.25066155696728437,4.48023825738413e-06,0.0,0.0,-1.132061417741881e-07,0.9407216399003094,1.8814435062129025,0.9407335357555219,0.0,1.1320755969424445e-07,2
0.07,CN,0.2506614118803352,5.059051781517259e-06,0.0,0.0,0.0,0.9365766279002503,1.8731532558005006,0.936588358631147,0.0,0.0,1
0.075,CN,0.25066124786524613,5.713377702984976e-06,0.0,0.0,0.0,0.9325056853514299,1.8650113707028597,0.932517365093299,0.0,0.0,1
0.08,CN,0.2506610738920241,6.407430850639868e-06,0.0,0.0,0.0,0.9284679080908737,1.8569358161817473,0.9284795372591143,0.0,0.0,1
0.085,CN,0.2506608795448598,7.182764315733093e-06,0.0,0.0,0.0,0.9245013054540729,1.8490026109081459,0.9245128849401554,0.0,0.0,1
0.09,CN,0.2506606722442402,8.009774621447792e-06,0.0,0.0,0.0,0.9205662188595372,1.8411324377190743,0.9205777490582036,0.0,0.0,1
0.095,CN,0.2506604427313097,8.925399278847718e-06,0.0,0.0,0.0,0.9166995723697733,1.8333991447395466,0.9167110541382439,0.0,0.0,1
0.1,CN,0.2506601971546806,9.90510885965669e-06,0.0,0.0,0.0,0.9128628974519776,1.825725794903955,0.9128743311656498,0.0,0.0,1
0.105,CN,0.2506599271595341,1.0982234287610028e-05,0.0,0.0,0.0,0.9090920769651206,1.8181841539302412,0.909103463448829,0.0,0.0,1
0.11,CN,0.2506596378254915,1.2136510794261863e-05,0.0,0.0,0.0,0.9053497802615619,1.8106995605231238,0.90536111987257,0.0,0.0,1
0.115,CN,0.2506593215116292,1.3398421272241701e-05,0.0,0.0,0.0,0.9016708906935619,1.8033417813871238,0.9016821842260514,0.0,0.0,1
0.12,CN,0.25065898238115975,1.475135689646215e-05,0.0,0.0,0.0,0.8980191664463504,1.7960383328927008,0.8980304142405702,0.0,0.0,1
0.125,CN,0.250658613360153,1.6223538582056994e-05,0.0,0.0,0.0,0.8944285308462882,1.7888570616925763,0.8944397336673806,0.0,0.0,1
0.13,CN,0.2506582178129002,1.7801544740738528e-05,0.0,0.0,0.0,0.890863784736155,1.78172756947231,0.890874942908389,0.0,0.0,1
0.135,CN,0.2506577891164661,1.9511797077211234e-05,0.0,0.0,0.0,0.8873579288258058,1.7747158576516116,0.8873690430867878,0.0,0.0,1
0.14,CN,0.2506573299285025,2.134369308823693e-05,0.0,0.0,0.0,0.8838767631041882,1.7677535262083763,0.8838878337631657,0.0,0.0,1
0.145,CN,0.25065683398384714,2.3322227169782214e-05,0.0,0.0,0.0,0.8804524011362576,1.7609048022725151,0.8804634289047043,0.0,0.0,1
0.15,CN,0.2506563033072665,2.543932166758424e-05,0.0,0.0,0.0,0.8770516010156235,1.754103202031247,0.8770625861886543,0.0,0.0,1
0.155,CN,0.25065573191538615,2.7718846806211982e-05,0.0,0.0,0.0,0.8737056228197356,1.7474112456394713,0.8737165660840014,0.0,0.0,1
0.16,CN,0.250655121259963,3.0155010910028233e-05,0.0,0.0,0.0,0.8703821439981991,1.7407642879963983,0.8703930456355071,0.0,0.0,1
0.165,CN,0.25065446557677273,3.277080992029025e-05,0.0,0.0,0.0,0.8671116030985137,1.7342232061970273,0.8671224637719176,0.0,0.0,1
0.17,CN,0.2506537657938823,3.556254138356092e-05,0.0,0.0,0.0,0.8638625603086765,1.727725120617353,0.8638733802874425,0.0,0.0,1
0.17500000000000002,CN,0.2506530163141292,3.8552534760958496e-05,0.0,0.0,0.0,0.8606646630098813,1.7213293260197626,0.8606754429346128,0.0,0.0,1
0.18,CN,0.25065221758308287,4.173901248598907e-05,0.0,0.0,0.0,0.8574873194939642,1.7149746389879283,0.8574980596220997,0.0,0.0,1
0.185,CN,0.25065136412704214,4.514381148016849e-05,0.0,0.0,0.0,0.8543594148437563,1.7087188296875129,0.8543701157945234,0.0,0.0,1
0.19,CN,0.2506504559439523,4.8766939940527735e-05,0.0,0.0,0.0,0.8512511726677636,1.7025023453355272,0.8512618346874368,0.0,0.0,1
0.195,CN,0.2506494876469165,5.262988848871656e-05,0.0,0.0,0.0,0.84819074321379,1.6963814864275801,0.8482013669012293,0.0,0.0,1
0.2,CN,0.250648458816178,5.673433171323136e-05,0.0,0.0,0.0,0.8451491343427737,1.6902982686855474,0.8451597199337091,0.0,0.0,1
0.20500000000000002,CN,0.2506473641207484,6.110153719272419e-05,0.0,0.0,0.0,0.8421537876107917,1.6843075752215835,0.8421643356846619,0.0,0.0,1
0.21,CN,0.2506462027491893,6.573474210024362e-05,0.0,0.0,0.0,0.8391764656755196,1.6783529313510392,0.8391869764580872,0.0,0.0,1
0.215,CN,0.25064496940036884,7.065509490458805e-05,0.0,0.0,0.0,0.8362439263031677,1.6724878526063354,0.8362544003553394,0.0,0.0,1
0.22,CN,0.25064366289409923,7.586730387657327e-05,0.0,0.0,0.0,0.8333286589957813,1.6666573179915627,0.8333390965338919,0.0,0.0,1
0.225,CN,0.2506422779371732,8.13924858703775e-05,0.0,0.0,0.0,0.8304567614631938,1.6609135229263874,0.8304671630304545,0.0,0.0,1
0.23,CN,0.2506408130011347,8.723673854692272e-05,0.0,0.0,0.0,0.8276014235058389,1.6552028470116777,0.8276117893096606,0.0,0.0,1
0.23500000000000001,CN,0.25063926278230886,9.34212205204221e-05,0.0,0.0,0.0,0.8247881054102898,1.6495762108205796,0.8247984359769761,0.0,0.0,1
0.24,CN,0.2506376254225041,9.995334490673955e-05,0.0,0.0,0.0,0.8219906720463689,1.6439813440927378,0.8220009675748778,0.0,0.0,1
0.245,CN,0.2506358955922541,0.00010685437321326745,0.0,0.0,0.0,0.8192339678734774,1.6384679357469547,0.8192442288739468,0.0,0.0,1
0.25,CN,0.25063407112061437,0.00011413296626007188,0.0,0.0,0.0,0.8164925088362532,1.6329850176725065,0.8165027354996303,0.0,0.0,1
0.255,CN,0.2506321466396846,0.00012181053888402463,0.0,0.0,0.0,0.8137905441849913,1.6275810883699826,0.8138007370059477,0.0,0.0,1
0.26,CN,0.2506301196815156,0.0001298969367834278,0.0,0.0,0.0,0.8111032181026874,1.6222064362053747,0.8111133772645729,0.0,0.0,1
0.265,CN,0.25062798482948845,0.00013841376915430038,0.0,0.0,0.0,0.8084542043256313,1.6169084086512626,0.808464330308312,0.0,0.0,1
0.27,CN,0.2506257393334167,0.0001473720076594842,0.0,0.0,0.0,0.8058192535261854,1.6116385070523709,0.8058293465058017,0.0,0.0,1
0.275,CN,0.250623377719762,0.00015679348857051712,0.0,0.0,0.0,0.8032214827501598,1.6064429655003196,0.8032315431923959,0.0,0.0,1
0.28,CN,0.250620896970089,0.00016669025370946277,0.0,0.0,0.0,0.8006372284323298,1.6012744568646595,0.8006472565064807,0.0,0.0,1
0.28500000000000003,CN,0.25061829154758863,0.00017708439176144727,0.0,0.0,0.0,0.7980890689279599,1.5961781378559199,0.7980990650861175,0.0,0.0,1
0.29,CN,0.2506155581789462,0.00018798896137058317,0.0,0.0,0.0,0.7955539066686284,1.5911078133372567,0.7955638710735846,0.0,0.0,1
0.295,CN,0.25061269125937946,0.00019942632239614244,0.0,0.0,0.0,0.7930537985402623,1.5861075970805247,0.7930637316310744,0.0,0.0,1
0.3,CN,0.25060968727357114,0.00021141049893321393,0.0,0.0,0.0,0.7905661941106265,1.581132388221253,0.7905760960439044,0.0,0.0,1
0.305,CN,0.25060654054553433,0.00022396413490670427,0.0,0.0,0.0,0.7881126452807506,1.5762252905615013,0.7881225164830449,0.0,0.0,1
0.31,CN,0.2506032473304354,0.00023710217005022455,0.0,0.0,0.0,0.7856711307466027,1.5713422614932053,0.7856809713686442,0.0,0.0,1
0.315,CN,0.25059980187916575,0.00025084754000191076,0.0,0.0,0.0,0.7832627132112755,1.566525426422551,0.783272523667608,0.0,0.0,1
0.32,CN,0.25059620022954726,0.0002652160515751135,0.0,0.0,0.0,0.780865883294856,1.561731766589712,0.7808756637306158,0.0,0.0,1
0.325,CN,0.2505924365586098,0.00028023093507322774,0.0,0.0,0.0,0.7785012296287759,1.5570024592575518,0.7785109804469743,0.0,0.0,1
0.33,CN,0.2505885066987492,0.00029590881684107167,0.0,0.0,0.0,0.7761477383117247,1.5522954766234494,0.7761574596521713,0.0,0.0,1
0.335,CN,0.2505844047534449,0.0003122732206062509,0.0,0.0,0.0,0.7738255384035303,1.5476510768070606,0.7738352306581537,0.0,0.0,1
0.34,CN,0.25058012636137755,0.00032934154552569534,0.0,0.0,0.0,0.7715140957522609,1.5430281915045216,0.771523759055797,0.0,0.0,1
0.34500000000000003,CN,0.2505756655537254,0.0003471376037670969,0.0,0.0,0.0,0.7692330937523307,1.5384661875046615,0.7692427284860522,0.0,0.0,1
0.35000000000000003,CN,0.2505710177869898,0.00036567952127817524,0.0,0.0,0.0,0.7669624629488183,1.5339249258976366,0.7669720692426257,0.0,0.0,1
0.355,CN,0.2505661770221336,0.00038499139034588295,0.0,0.0,0.0,0.7647214544134191,1.5294429088268382,0.7647310326383346,0.0,0.0,1
0.36,CN,0.25056113854486395,0.0004050920182882222,0.0,0.0,0.0,0.7624904489758966,1.5249808979517931,0.7624999992572102,0.0,0.0,1
0.365,CN,0.2505558962487556,0.00042600576623190694,0.0,0.0,0.0,0.7602882781929227,1.5205765563858455,0.760297800891792,0.0,0.0,1
0.37,CN,0.25055044525997094,0.0004477520779875071,0.0,0.0,0.0,0.75809575937227,1.51619151874454,0.7581052546095867,0.0,0.0,1
0.375,CN,0.25054477940818065,0.00047035556962171307,0.0,0.0,0.0,0.7559313168550899,1.5118626337101797,0.7559407849825129,0.0,0.0,1
0.38,CN,0.25053889367112425,0.0004938362770668639,0.0,0.0,0.0,0.7537761911939604,1.5075523823879209,0.7537856323281846,0.0,0.0,1
0.385,CN,0.2505327818186298,0.0005182190551275682,0.0,0.0,0.0,0.7516484113310088,1.5032968226620176,0.7516578258145434,0.0,0.0,1
0.39,CN,0.2505264386910135,0.0005435244879763358,0.0,0.0,0.0,0.7495296283737978,1.4990592567475955,0.7495390163193301,0.0,0.0,1
0.395,CN,0.2505198580028255,0.0005697776509445717,0.0,0.0,0.0,0.7474374872226132,1.4948749744452263,0.7474468489638348,0.0,0.0,1
0.4,CN,0.250513034467834,0.0005969996330585373,0.0,0.0,0.0,0.7453540373653603,1.4907080747307206,0.745363373011131,0.0,0.0,1
0.405,CN,0.2505059617503131,0.000625215710222663,0.0,0.0,0.0,0.7432965505806924,1.4865931011613847,0.7433058604562023,0.0,0.0,1
0.41000000000000003,CN,0.2504986344482315,0.0006544474334361297,0.0,0.0,0.0,0.741247463050953,1.482494926101906,0.741256747261404,0.0,0.0,1
0.41500000000000004,CN,0.2504910461809625,0.0006847202577317699,0.0,0.0,0.0,0.7392236839374056,1.4784473678748111,0.7392329427997885,0.0,0.0,1
0.42,CN,0.25048319144129,0.0007160561537361152,0.0,0.0,0.0,0.7372080248948812,1.4744160497897627,0.7372172585109009,0.0,0.0,1
0.425,CN,0.25047506380937795,0.0007484807329043539,0.0,0.0,0.0,0.7352170425753517,1.4704340851507034,0.7352262512540868,0.0,0.0,1
0.43,CN,0.25046665768329807,0.0007820163437101808,0.0,0.0,0.0,0.7332339133248468,1.4664678266496933,0.7332430971646579,0.0,0.0,1
0.435,CN,0.2504579666099591,0.0008166887302780429,0.0,0.0,0.0,0.7312748510166984,1.4625497020333968,0.731284010319027,0.0,0.0,1
0.44,CN,0.25044898490304224,0.0008525205777514179,0.0,0.0,0.0,0.7293233863256441,1.4586467726512882,0.7293325211856511,0.0,0.0,1
0.445,CN,0.25043970608236754,0.0008895377383229529,0.0,0.0,0.0,0.7273953997172192,1.4547907994344385,0.7274045104289703,0.0,0.0,1
0.45,CN,0.25043012438738543,0.0009277631932740777,0.0,0.0,0.0,0.7254747662306019,1.4509495324612038,0.7254838528861958,0.0,0.0,1
0.455,CN,0.25042023331716107,0.000967222877597772,0.0,0.0,0.0,0.7235770419512092,1.4471540839024184,0.7235861048375863,0.0,0.0,1
0.46,CN,0.2504100270469011,0.001007940028871205,0.0,0.0,0.0,0.7216864366973119,1.4433728733946238,0.721695475903639,0.0,0.0,1
0.465,CN,0.2503994990613735,0.001049940639124643,0.0,0.0,0.0,0.7198181908744472,1.4396363817488944,0.7198272066807786,0.0,0.0,1
0.47000000000000003,CN,0.2503886434813448,0.0010932481631200355,0.0,0.0,0.0,0.7179568398553114,1.4359136797106227,0.7179658323480054,0.0,0.0,1
0.47500000000000003,CN,0.25037745378382936,0.0011378886238206222,0.0,0.0,0.0,0.7161173167532449,1.4322346335064897,0.7161262862056986,0.0,0.0,1
0.48,CN,0.25036592404476177,0.0011838856548417045,0.0,0.0,0.0,0.7142844736142392,1.4285689472284784,0.7142934201101201,0.0,0.0,1
0.485,CN,0.2503540477399952,0.0012312652837787503,0.0,0.0,0.0,0.7124729443486217,1.4249458886972435,0.7124818681548885,0.0,0.0,1
0.49,CN,0.2503418189100355,0.0012800512855877127,0.0,0.0,0.0,0.7106678891219292,1.4213357782438585,0.7106767903196699,0.0,0.0,1
0.495,CN,0.25032923103618315,0.0013302696661322054,0.0,0.0,0.0,0.708883650445456,1.417767300890912,0.7088925292954003,0.0,0.0,1
0.5,CN,0.2503162781327016,0.0013819443050604825,0.0,0.0,0.0,0.7071056883626585,1.414211376725317,0.7071145449434215,0.0,0.0,1
0.505,CN,0.250302953692934,0.0014351011601927064,0.0,0.0,0.0,0.7053480615171804,1.4106961230343606,0.7053568960834632,0.0,0.0,1
0.51,CN,0.2502892517138617,0.0014897641801226344,0.0,0.0,0.0,0.7035965218865136,1.4071930437730271,0.7036053345145594,0.0,0.0,1
0.515,CN,0.2502751657074236,0.001545959248484354,0.0,0.0,0.0,0.7018648515173485,1.403729703034697,0.701873642456022,0.0,0.0,1
0.52,CN,0.2502606896620443,0.0016037103480079796,0.0,0.0,0.0,0.7001390866614854,1.4002781733229708,0.700147855984754,0.0,0.0,1
0.525,CN,0.2502458171147446,0.0016630432622653118,0.0,0.0,0.0,0.698432739789987,1.396865479579974,0.6984414877410632,0.0,0.0,1
0.53,CN,0.25023054205387407,0.0017239819742856544,0.0,0.0,0.0,0.6967321240405462,1.3934642480810924,0.6967408506912128,0.0,0.0,1
0.535,CN,0.2502148580479324,0.0017865521420581917,0.0,0.0,0.0,0.6950504890912652,1.3901009781825304,0.695059194679259,0.0,0.0,1
0.54,CN,0.25019875909342393,0.001850777716079666,0.0,0.0,0.0,0.6933744178364906,1.3867488356729811,0.6933831024314975,0.0,0.0,1
0.545,CN,0.25018223879661405,0.001916684203675467,0.0,0.0,0.0,0.6917169037155297,1.3834338074310595,0.69172556754998,0.0,0.0,1
0.55,CN,0.2501652911701338,0.00198429549100603,0.0,0.0,0.0,0.6900647924978578,1.3801295849957156,0.6900734356394235,0.0,0.0,1
0.555,CN,0.2501479098641727,0.0020536369101651114,0.0,0.0,0.0,0.688430827719279,1.376861655438558,0.6884394503952463,0.0,0.0,1
0.56,CN,0.25013008891519595,0.002124732252228118,0.0,0.0,0.0,0.6868021113797195,1.373604222759439,0.6868107136558258,0.0,0.0,1
0.5650000000000001,CN,0.2501118220233305,0.002197606650067336,0.0,0.0,0.0,0.6851911432370563,1.3703822864741126,0.6851997253355998,0.0,0.0,1
0.5700000000000001,CN,0.25009310325631445,0.0022722837699973852,0.0,0.0,0.0,0.6835852751035472,1.3671705502070943,0.6835938370884059,0.0,0.0,1
0.5750000000000001,CN,0.2500739263700662,0.0023487885223146083,0.0,0.0,0.0,0.6819967688837021,1.3639935377674042,0.6820053109723362,0.0,0.0,1
0.58,CN,0.25005428547076136,0.002427144419990195,0.0,0.0,0.0,0.6804132200008104,1.3608264400016208,0.6804217422553112,0.0,0.0,1
0.585,CN,0.2500341743757915,0.0025073761280776955,0.0,0.0,0.0,0.6788466582377967,1.3576933164755933,0.6788551608709296,0.0,0.0,1
0.59,CN,0.25001358723665845,0.002589506978722868,0.0,0.0,0.0,0.6772849166352737,1.3545698332705474,0.6772933997074119,0.0,0.0,1
0.595,CN,0.24999251793772526,0.0026735613698015406,0.0,0.0,0.0,0.6757397984014277,1.3514795968028555,0.6757482621207809,0.0,0.0,1
0.6,CN,0.24997096068242827,0.002759562426270511,0.0,0.0,0.0,0.674199368399332,1.3483987367986638,0.6742078128246206,0.0,0.0,1
0.605,CN,0.2499489094274083,0.0028475342576589763,0.0,0.0,0.0,0.672675208631803,1.345350417263606,0.6726836339668137,0.0,0.0,1
0.61,CN,0.2499263584343639,0.002937499756491046,0.0,0.0,0.0,0.6711556101800551,1.3423112203601102,0.671164016481919,0.0,0.0,1
0.615,CN,0.24990330173731873,0.003029482723582718,0.0,0.0,0.0,0.6696519390405159,1.3393038780810318,0.6696603265087244,0.0,0.0,1
0.62,CN,0.24987973366227928,0.003123505794906467,0.0,0.0,0.0,0.6681527070908819,1.3363054141817639,0.6681610757810363,0.0,0.0,1
0.625,CN,0.24985564832554907,0.00321959244302899,0.0,0.0,0.0,0.6666690693565136,1.3333381387130272,0.6666774194639333,0.0,0.0,1
0.63,CN,0.24983104012320678,0.0033177650243749733,0.0,0.0,0.0,0.6651897532651415,1.330379506530283,0.6651980848439556,0.0,0.0,1
0.635,CN,0.24980590325852048,0.0034180466645725633,0.0,0.0,0.0,0.6637257077491431,1.3274514154982862,0.6637340209906173,0.0,0.0,1
0.64,CN,0.24978023220312295,0.0035204594186289454,0.0,0.0,0.0,0.6622658707079294,1.3245317414158588,0.6622741656647754,0.0,0.0,1
0.645,CN,0.24975402125171395,0.003625026047412471,0.0,0.0,0.0,0.6608209897078369,1.3216419794156737,0.6608292665673807,0.0,0.0,1
0.65,CN,0.24972726495668313,0.003731768283756824,0.0,0.0,0.0,0.6593802082029727,1.3187604164059454,0.6593884670165611,0.0,0.0,1
0.655,CN,0.24969995770840844,0.003840708506829277,0.0,0.0,0.0,0.6579540769752463,1.3159081539504927,0.6579623179263756,0.0,0.0,1
0.66,CN,0.24967209414496025,0.003951868107646835,0.0,0.0,0.0,0.6565319402714397,1.3130638805428794,0.6565401634101419,0.0,0.0,1
0.665,CN,0.24964366875641913,0.004065269067620571,0.0,0.0,0.0,0.6551241565308321,1.3102483130616642,0.6551323620368796,0.0,0.0,1
0.67,CN,0.24961467627118453,0.004180932417406396,0.0,0.0,0.0,0.6537202661797569,1.3074405323595137,0.6537284541019149,0.0,0.0,1
0.675,CN,0.2495851112828401,0.004298879725497532,0.0,0.0,0.0,0.6523304396221088,1.3046608792442176,0.6523386101365279,0.0,0.0,1
0.68,CN,0.24955496861448978,0.004419131644733509,0.0,0.0,0.0,0.6509444089937625,1.301888817987525,0.6509525621479872,0.0,0.0,1
0.685,CN,0.24952424296679687,0.0045417093164213,0.0,0.0,0.0,0.6495721608409281,1.2991443216818561,0.6495802968075856,0.0,0.0,1
0.6900000000000001,CN,0.24949292926167646,0.004666632999200622,0.0,0.0,0.0,0.6482036146766439,1.2964072293532878,0.6482117335021019,0.0,0.0,1
0.6950000000000001,CN,0.24946102231022416,0.004793923393817152,0.0,0.0,0.0,0.6468485772423428,1.2936971544846854,0.6468566790957997,0.0,0.0,1
0.7000000000000001,CN,0.24942851713700737,0.004923600349386817,0.0,0.0,0.0,0.645497151228266,1.290994302456532,0.6455052361549555,0.0,0.0,1
0.705,CN,0.2493954086666846,0.00505568411360457,0.0,0.0,0.0,0.6441589675037297,1.2883179350074594,0.6441670356695128,0.0,0.0,1
0.71,CN,0.2493616920300564,0.005190194111777313,0.0,0.0,0.0,0.6428243078636852,1.2856486157273703,0.6428323593127014,0.0,0.0,1
0.715,CN,0.24932736226825353,0.0053271501269425686,0.0,0.0,0.0,0.6415026311220369,1.2830052622440737,0.6415106660168987,0.0,0.0,1
0.72,CN,0.249292414621635,0.005466571147331802,0.0,0.0,0.0,0.6401843942287287,1.2803687884574575,0.6401924126125206,0.0,0.0,1
0.725,CN,0.249256844250495,0.005608476480589287,0.0,0.0,0.0,0.6388788876471081,1.2777577752942162,0.6388868896792785,0.0,0.0,1
0.73,CN,0.2492206465078256,0.005752884665605065,0.0,0.0,0.0,0.6375767396506887,1.2751534793013772,0.6375847253733044,0.0,0.0,1
0.735,CN,0.24918381667556044,0.005899814524751934,0.0,0.0,0.0,0.636287075949175,1.27257415189835,0.6362950455186034,0.0,0.0,1
0.74,CN,0.2491463502221541,0.006049284136291155,0.0,0.0,0.0,0.6350006924222863,1.2700013848445726,0.6350086458796117,0.0,0.0,1
0.745,CN,0.24910824255344355,0.006201311828292123,0.0,0.0,0.0,0.6337265535187359,1.2674531070374717,0.6337344910173238,0.0,0.0,1
0.75,CN,0.2490694892559363,0.006355915208052888,0.0,0.0,0.0,0.6324556191171432,1.2649112382342864,0.6324635406971303,0.0,0.0,1
0.755,CN,0.24903008586142855,0.006513112101138094,0.0,0.0,0.0,0.631196695797139,1.262393391594278,0.6312046016089655,0.0,0.0,1
0.76,CN,0.24899002807683795,0.006672919634478382,0.0,0.0,0.0,0.6299409039351648,1.2598818078703293,0.6299487940180525,0.0,0.0,1
0.765,CN,0.2489493115617716,0.006835355123746378,0.0,0.0,0.0,0.6286968955362654,1.257393791072531,0.6287047700378038,0.0,0.0,1
0.77,CN,0.24890793214568746,0.0070004352070074305,0.0,0.0,0.0,0.6274559480762593,1.2549118961525185,0.6274638070347867,0.0,0.0,1
0.775,CN,0.24886588561765616,0.00716817668344902,0.0,0.0,0.0,0.6262265621858446,1.2524531243716892,0.6262344057461712,0.0,0.0,1
0.78,CN,0.24882316793158565,0.007338595694652511,0.0,0.0,0.0,0.6250001691409803,1.2500003382819607,0.6250079973405918,0.0,0.0,1
0.785,CN,0.24877977500746784,0.007511708517504872,0.0,0.0,0.0,0.6237851213069792,1.2475702426139583,0.6237929342879756,0.0,0.0,1
0.79,CN,0.2487357029253564,0.0076875307903385105,0.0,0.0,0.0,0.6225730005566966,1.2451460011133932,0.62258079835574,0.0,0.0,1
0.795,CN,0.2486909477374329,0.007866078262679687,0.0,0.0,0.0,0.6213720140105666,1.2427440280211333,0.6213797967671142,0.0,0.0,1
0.8,CN,0.24864550565138477,0.008047366063675346,0.0,0.0,0.0,0.6201738910280363,1.2403477820560727,0.6201816587779546,0.0,0.0,1
0.805,CN,0.24859937285266787,0.008231409411163983,0.0,0.0,0.0,0.6189866964193643,1.2379733928387286,0.6189944492995324,0.0,0.0,1
0.81,CN,0.24855254567789087,0.008418222919971038,0.0,0.0,0.0,0.6178023040103658,1.2356046080207317,0.6178100420558816,0.0,0.0,1
0.8150000000000001,CN,0.24850502044668912,0.008607821272635818,0.0,0.0,0.0,0.6166286391525259,1.2332572783050517,0.6166363624977532,0.0,0.0,1
0.8200000000000001,CN,0.24845679362568637,0.008800218565298435,0.0,0.0,0.0,0.6154577172051825,1.230915434410365,0.6154654258844766,0.0,0.0,1
0.8250000000000001,CN,0.24840786166942988,0.00899542894227721,0.0,0.0,0.0,0.6142973268314916,1.2285946536629833,0.6143050209767618,0.0,0.0,1
0.8300000000000001,CN,0.24835822117546547,0.009193465977408421,0.0,0.0,0.0,0.6131396220763262,1.2262792441526524,0.61314730172121,0.0,0.0,1
0.835,CN,0.2483078687338171,0.009394343274536185,0.0,0.0,0.0,0.6119922576061961,1.2239845152123923,0.6119999228802068,0.0,0.0,1
0.84,CN,0.24825680107367903,0.009598073882295282,0.0,0.0,0.0,0.6108475233860103,1.2216950467720207,0.6108551743220921,0.0,0.0,1
0.845,CN,0.24820501492095537,0.009804670862446177,0.0,0.0,0.0,0.6097129427005933,1.2194258854011866,0.6097205794259204,0.0,0.0,1
0.85,CN,0.2481525071370422,0.010014146736214227,0.0,0.0,0.0,0.6085809387496864,1.2171618774993729,0.6085885612965327,0.0,0.0,1
0.855,CN,0.24809927458397127,0.010226514022288986,0.0,0.0,0.0,0.6074589059765684,1.2149178119531368,0.607466514469824,0.0,0.0,1
0.86,CN,0.24804531425572746,0.010441784712942713,0.0,0.0,0.0,0.6063393982088546,1.2126787964177093,0.6063469926801457,0.0,0.0,1
0.865,CN,0.2479906231505679,0.010659970783403847,0.0,0.0,0.0,0.6052296835153532,1.2104593670307064,0.605237264087339,0.0,0.0,1
0.87,CN,0.24793519839529315,0.010881083696086674,0.0,0.0,0.0,0.6041224438209581,1.2082448876419163,0.6041300105246383,0.0,0.0,1
0.875,CN,0.24787903712433976,0.011105134882941996,0.0,0.0,0.0,0.6030248232156102,1.2060496464312205,0.6030323761714651,0.0,0.0,1
0.88,CN,0.24782213659739818,0.011332135276229591,0.0,0.0,0.0,0.6019296292655238,1.2038592585310477,0.6019371685039474,0.0,0.0,1
0.885,CN,0.24776449408489992,0.01156209576535875,0.0,0.0,0.0,0.600843884407388,1.201687768814776,0.6008514100467313,0.0,0.0,1
0.89,CN,0.24770610697935352,0.011795026752721422,0.0,0.0,0.0,0.5997605194658294,1.1995210389316588,0.5997680315359012,0.0,0.0,1
0.895,CN,0.24764697268686908,0.012030938586447246,0.0,0.0,0.0,0.5986864374812125,1.197372874962425,0.5986939360982828,0.0,0.0,1
0.9,CN,0.24758708873256136,0.012269841139905651,0.0,0.0,0.0,0.5976146902253079,1.1952293804506158,0.5976221754186195,0.0,0.0,1
0.905,CN,0.2475264526577765,0.012511744221712088,0.0,0.0,0.0,0.5965520635315906,1.1931041270631813,0.5965595354153796,0.0,0.0,1
0.91,CN,0.24746506211989022,0.012756657177590924,0.0,0.0,0.0,0.5954917278780625,1.190983455756125,0.5954991864810244,0.0,0.0,1
0.915,CN,0.2474029147949219,0.013004589278888782,0.0,0.0,0.0,0.5944403540142715,1.188880708028543,0.5944477994486539,0.0,0.0,1
0.92,CN,0.24734000847203658,0.013255549345566367,0.0,0.0,0.0,0.5933912289527806,1.186782457905561,0.5933986612467498,0.0,0.0,1
0.925,CN,0.2472763409612488,0.013509546114406681,0.0,0.0,0.0,0.5923509104166111,1.1847018208332223,0.5923583296804701,0.0,0.0,1
0.93,CN,0.2472119101829204,0.013766587881970382,0.0,0.0,0.0,0.5913127998494788,1.1826255996989576,0.5913202061108825,0.0,0.0,1
0.935,CN,0.2471467140802746,0.014026682853614695,0.0,0.0,0.0,0.5902833439404547,1.1805666878809093,0.5902907373078037,0.0,0.0,1
0.9400000000000001,CN,0.24708075070416324,0.014289838805320263,0.0,0.0,0.0,0.5892560565284591,1.1785121130569183,0.5892634370289141,0.0,0.0,1
0.9450000000000001,CN,0.24701401813012758,0.014556063414571153,0.0,0.0,0.0,0.5882372751969582,1.1764745503939165,0.5882446429370589,0.0,0.0,1
0.9500000000000001,CN,0.2469465145386942,0.014825363940020328,0.0,0.0,0.0,0.5872206242109235,1.174441248421847,0.5872279792173526,0.0,0.0,1
0.9550000000000001,CN,0.24687823813673426,0.015097747535221194,0.0,0.0,0.0,0.5862123339128033,1.1724246678256065,0.5862196762902795,0.0,0.0,1
0.96,CN,0.24680918723353173,0.015373220945158729,0.0,0.0,0.0,0.5852061370907375,1.170412274181475,0.5852134668654819,0.0,0.0,1
0.965,CN,0.2467393601662063,0.015651790803769557,0.0,0.0,0.0,0.5842081586472944,1.1684163172945887,0.584215475922243,0.0,0.0,1
0.97,CN,0.24666875537178468,0.01593346334641848,0.0,0.0,0.0,0.5832122380568252,1.1664244761136504,0.5832195428577529,0.0,0.0,1
0.975,CN,0.24659737131646714,0.01621824469208481,0.0,0.0,0.0,0.5822243965198586,1.1644487930397172,0.5822316889479564,0.0,0.0,1
0.98,CN,0.24652520656391752,0.01650614057092415,0.0,0.0,0.0,0.5812385784257207,1.1624771568514414,0.5812458585063326,0.0,0.0,1
0.985,CN,0.24645225970816567,0.016797156591949167,0.0,0.0,0.0,0.580260702947463,1.1605214058949263,0.5802679707800712,0.0,0.0,1
0.99,CN,0.2463785294383219,0.01709129798485621,0.0,0.0,0.0,0.5792848176838309,1.1585696353676618,0.5792920732933629,0.0,0.0,1
0.995,CN,0.24630401447491773,0.01738856985398888,0.0,0.0,0.0,0.5783167413915344,1.1566334827830689,0.5783239848757985,0.0,0.0,1
1.0,CN,0.24622871363123783,0.017688976933659305,0.0,0.0,0.0,0.5773506232389769,1.1547012464779538,0.5773578546224991,0.0,0.0,1
1.0050000000000001,CN,0.24615262575291558,0.01799252382912664,0.0,0.0,0.0,0.5763921831139435,1.152784366227887,0.5763994024928919,0.0,0.0,1
1.01,CN,0.24607574977606328,0.01829921478469123,0.0,0.0,0.0,0.5754356701808062,1.1508713403616124,0.5754428775793192,0.0,0.0,1
1.0150000000000001,CN,0.24599808466994816,0.018609053912384346,0.0,0.0,0.0,0.5744867069416634,1.1489734138833267,0.5744939024543018,0.0,0.0,1
1.02,CN,0.24591962949209342,0.0189220449721466,0.0,0.0,0.0,0.5735396410496836,1.1470792820993672,0.5735468247002118,0.0,0.0,1
1.025,CN,0.24584038333386937,0.019238191588888162,0.0,0.0,0.0,0.5725999990397297,1.1451999980794594,0.5726071709211328,0.0,0.0,1
1.03,CN,0.24576034537272795,0.01955749704410295,0.0,0.0,0.0,0.5716622256137054,1.1433244512274108,0.5716693857493875,0.0,0.0,1
1.035,CN,0.24567951482055309,0.019879964481921038,0.0,0.0,0.0,0.5707317526921296,1.1414635053842592,0.5707389011735304,0.0,0.0,1
1.04,CN,0.2455978909731824,0.02020559671154549,0.0,0.0,0.0,0.5698031206534668,1.1396062413069337,0.5698102575036437,0.0,0.0,1
1.045,CN,0.24551547316137062,0.020534396402880323,0.0,0.0,0.0,0.5688816680902863,1.1377633361805728,0.5688887933991631,0.0,0.0,1
1.05,CN,0.24543226079774183,0.020866365899217722,0.0,0.0,0.0,0.5679620297542683,1.135924059508537,0.5679691435445683,0.0,0.0,1
1.055,CN,0.24534825333022786,0.02120150740299233,0.0,0.0,0.0,0.567049452128815,1.13409890425763,0.5670565544889742,0.0,0.0,1
1.06,CN,0.24526345028658905,0.021539822798168927,0.0,0.0,0.0,0.5661386631054217,1.1322773262108434,0.5661457540578427,0.0,0.0,1
1.065,CN,0.24517785123019525,0.02188131382665082,0.0,0.0,0.0,0.5652348182082324,1.1304696364164646,0.5652418978398912,0.0,0.0,1
1.07,CN,0.24509145580224445,0.022225981919851794,0.0,0.0,0.0,0.5643327373063776,1.1286654746127551,0.5643398056393685,0.0,0.0,1
1.075,CN,0.24500426367976386,0.02257382836624761,0.0,0.0,0.0,0.5634374860443296,1.1268749720886593,0.5634445431641947,0.0,0.0,1
1.08,CN,0.24491627461564747,0.022924854151649167,0.0,0.0,0.0,0.5625439751793712,1.1250879503587423,0.562551021107909,0.0,0.0,1
1.085,CN,0.2448274883987608,0.023279060118361637,0.0,0.0,0.0,0.5616571814839335,1.123314362967867,0.5616642163052774,0.0,0.0,1
1.09,CN,0.24473790489191266,0.02363644681369916,0.0,0.0,0.0,0.5607721055883066,1.1215442111766132,0.5607791293239723,0.0,0.0,1
1.095,CN,0.24464752399395318,0.02399701464119145,0.0,0.0,0.0,0.5598936363267748,1.1197872726535496,0.5599006490595111,0.0,0.0,1
1.1,CN,0.2445563456757892,0.02436076371690343,0.0,0.0,0.0,0.5590168632636419,1.1180337265272837,0.5590238650146938,0.0,0.0,1
1.105,CN,0.24446436994437137,0.024727694013106174,0.0,0.0,0.0,0.5581465881532166,1.1162931763064332,0.5581535790039719,0.0,0.0,1
1.11,CN,0.24437159687685547,0.025097805221992352,0.0,0.0,0.0,0.557277988632997,1.114555977265994,0.5572849686044425,0.0,0.0,1
1.115,CN,0.24427802658638048,0.025471096892202515,0.0,0.0,0.0,0.5564157801576041,1.1128315603152081,0.5564227493297884,0.0,0.0,1
1.12,CN,0.24418365925447386,0.025847568299546448,0.0,0.0,0.0,0.5555552276572727,1.1111104553145454,0.5555621860509372,0.0,0.0,1
1.125,CN,0.24408849509852648,0.02622721857675949,0.0,0.0,0.0,0.5547009609869947,1.1094019219739895,0.55470790868087,0.0,0.0,1
1.1300000000000001,CN,0.2439925344025345,0.026610046590860335,0.0,0.0,0.0,0.5538483316720341,1.1076966633440681,0.5538552686866284,0.0,0.0,1
1.135,CN,0.24389577748618368,0.026996051066486382,0.0,0.0,0.0,0.5530018845850511,1.1060037691701021,0.5530088109977974,0.0,0.0,1
1.1400000000000001,CN,0.24379822473401408,0.02738523046954405,0.0,0.0,0.0,0.5521570572339579,1.1043141144679158,0.5521639730651438,0.0,0.0,1
1.145,CN,0.24369987656603037,0.027777583124456027,0.0,0.0,0.0,0.5513183100408946,1.1026366200817892,0.5513252153666746,0.0,0.0,1
1.1500000000000001,CN,0.24360073346537248,0.028173107103771775,0.0,0.0,0.0,0.5504811659721334,1.1009623319442667,0.5504880608125867,0.0,0.0,1
1.155,CN,0.2435007959503731,0.028571800339641754,0.0,0.0,0.0,0.5496500014426995,1.099300002885399,0.5496568858727208,0.0,0.0,1
1.16,CN,0.2434000646008125,0.028973660519076034,0.0,0.0,0.0,0.5488204244440095,1.0976408488880187,0.5488272984834824,0.0,0.0,1
1.165,CN,0.24329854003134782,0.02937868518994601,0.0,0.0,0.0,0.5479967277358623,1.0959934554717246,0.5480035914584386,0.0,0.0,1
1.17,CN,0.2431962229164258,0.02978687166159674,0.0,0.0,0.0,0.5471746039958267,1.0943492079916535,0.5471814574212078,0.0,0.0,1
1.175,CN,0.24309311396501496,0.03019821710565159,0.0,0.0,0.0,0.5463582625855403,1.0927165251710806,0.5463651057861506,0.0,0.0,1
1.18,CN,0.24298921394424466,0.030612718461705185,0.0,0.0,0.0,0.5455434806273287,1.0910869612546574,0.5455503136227005,0.0,0.0,1
1.185,CN,0.24288452365537344,0.03103037253319669,0.0,0.0,0.0,0.5447343842433949,1.0894687684867899,0.5447412071047406,0.0,0.0,1
1.19,CN,0.24277904395622163,0.03145117589791605,0.0,0.0,0.0,0.5439268348605987,1.0878536697211973,0.5439336476072947,0.0,0.0,1
1.195,CN,0.24267277573831153,0.03187512499920179,0.0,0.0,0.0,0.5431248754183813,1.0862497508367626,0.5431316781204422,0.0,0.0,1
1.2,CN,0.2425657199481565,0.032302216061009664,0.0,0.0,0.0,0.5423244516128506,1.0846489032257012,0.5423312442895105,0.0,0.0,1
1.205,CN,0.24245787756551396,0.03273244517467092,0.0,0.0,0.0,0.5415295231514027,1.0830590463028054,0.5415363058714914,0.0,0.0,1
1.21,CN,0.24234924962358925,0.033165808218290016,0.0,0.0,0.0,0.5407361200730306,1.0814722401460612,0.5407428928556538,0.0,0.0,1
1.215,CN,0.24223983718834483,0.03360230093928963,0.0,0.0,0.0,0.5399481186937094,1.0798962373874188,0.5399548816065239,0.0,0.0,1
1.22,CN,0.242129641377676,0.03404191887791,0.0,0.0,0.0,0.5391616335820697,1.0783232671641394,0.539168386644067,0.0,0.0,1
1.225,CN,0.2420186633417219,0.0344846574457573,0.0,0.0,0.0,0.5383804573888723,1.0767609147777446,0.5383872006665471,0.0,0.0,1
1.23,CN,0.24190690428106615,0.034930511853192875,0.0,0.0,0.0,0.5376007895166464,1.0752015790332927,0.5376075230288907,0.0,0.0,1
1.235,CN,0.24179436542799976,0.03537947718408406,0.0,0.0,0.0,0.5368263385581994,1.0736526771163988,0.5368330623703556,0.0,0.0,1
1.24,CN,0.241681048063796,0.03583154832688699,0.0,0.0,0.0,0.5360533891763369,1.0721067783526739,0.5360601033072124,0.0,0.0,1
1.245,CN,0.24156695350087734,0.03628672004579054,0.0,0.0,0.0,0.5352855653894737,1.0705711307789474,0.5352922699032673,0.0,0.0,1
1.25,CN,0.241452083099213,0.03674498691529919,0.0,0.0,0.0,0.5345192376740113,1.0690384753480227,0.5345259325894614,0.0,0.0,1
1.2550000000000001,CN,0.24133643824934375,0.03720634338795475,0.0,0.0,0.0,0.5337579448288731,1.0675158896577461,0.5337646302090419,0.0,0.0,1
1.26,CN,0.24122002038794724,0.03767078373223919,0.0,0.0,0.0,0.5329981438293572,1.0659962876587143,0.5330048196929303,0.0,0.0,1
1.2650000000000001,CN,0.24110283098167767,0.038138302097045315,0.0,0.0,0.0,0.5322432874759645,1.064486574951929,0.5322499538848743,0.0,0.0,1
1.27,CN,0.2409848715419417,0.03860889245272946,0.0,0.0,0.0,0.5314899200654165,1.062979840130833,0.5314965770383121,0.0,0.0,1
1.2750000000000001,CN,0.2408661436095121,0.039082548652493915,0.0,0.0,0.0,0.5307414074816474,1.0614828149632949,0.5307480550793361,0.0,0.0,1
1.28,CN,0.24074664876855467,0.03955926437642791,0.0,0.0,0.0,0.5299943823080151,1.0599887646160302,0.5300010205491268,0.0,0.0,1
1.285,CN,0.24062638863197755,0.040039033189955046,0.0,0.0,0.0,0.5292521224489393,1.0585042448978785,0.5292587513931601,0.0,0.0,1
1.29,CN,0.24050536485474702,0.04052184849071122,0.0,0.0,0.0,0.5285113498879921,1.0570226997759842,0.5285179695539508,0.0,0.0,1
1.295,CN,0.2403835791199357,0.041007703564204294,0.0,0.0,0.0,0.5277752533365042,1.0555505066730084,0.5277818637827681,0.0,0.0,1
1.3,CN,0.2402610331513642,0.04149659153338073,0.0,0.0,0.0,0.5270406454461091,1.0540812908922181,0.527047246691324,0.0,0.0,1
1.305,CN,0.2401377287003133,0.041988505411637234,0.0,0.0,0.0,0.5263106243648243,1.0526212487296487,0.5263172164664406,0.0,0.0,1
1.31,CN,0.24001366755752546,0.04248343805494065,0.0,0.0,0.0,0.5255820948405577,1.0511641896811155,0.5255886778172572,0.0,0.0,1
1.315,CN,0.23988885154054798,0.04298138221232203,0.0,0.0,0.0,0.5248580629249078,1.0497161258498156,0.5248646368330235,0.0,0.0,1
1.32,CN,0.23976328250512768,0.0434823304804184,0.0,0.0,0.0,0.5241355270569651,1.0482710541139302,0.5241420919152352,0.0,0.0,1
1.325,CN,0.239636962333154,0.04398627535157266,0.0,0.0,0.0,0.523417399489456,1.046834798978912,0.523423955353095,0.0,0.0,1
1.33,CN,0.2395098929434765,0.04449320917067825,0.0,0.0,0.0,0.5227007741208012,1.0454015482416024,0.5227073210086244,0.0,0.0,1
1.335,CN,0.2393820762804188,0.04500312418100141,0.0,0.0,0.0,0.5219884675263952,1.0439769350527903,0.5219950054924957,0.0,0.0,1
1.34,CN,0.23925351432404943,0.04551601248320706,0.0,0.0,0.0,0.5212776710121181,1.0425553420242362,0.5212842000754098,0.0,0.0,1
1.345,CN,0.2391242090792371,0.04603186607902154,0.0,0.0,0.0,0.5205711034146907,1.0411422068293814,0.5205776236281413,0.0,0.0,1
1.35,CN,0.23899416258540296,0.04655067683232676,0.0,0.0,0.0,0.5198660555825327,1.0397321111650655,0.5198725669651775,0.0,0.0,1
1.355,CN,0.23886337690609089,0.04707243651076895,0.0,0.0,0.0,0.5191651463623664,1.0383302927247327,0.5191716489660417,0.0,0.0,1
1.36,CN,0.23873185413822767,0.0475971367488156,0.0,0.0,0.0,0.5184657684743652,1.0369315369487304,0.5184722623182515,0.0,0.0,1
1.365,CN,0.23859959640218292,0.04812476908741087,0.0,0.0,0.0,0.5177704383266519,1.0355408766533039,0.5177769234614474,0.0,0.0,1
1.37,CN,0.23846660585056143,0.04865532493889909,0.0,0.0,0.0,0.517076653041882,1.034153306083764,0.5170831294869364,0.0,0.0,1
1.375,CN,0.23833288465872984,0.049188795624817774,0.0,0.0,0.0,0.5163868239361848,1.0327736478723697,0.5163932917410496,0.0,0.0,1
1.3800000000000001,CN,0.23819843503316454,0.049725172342594624,0.0,0.0,0.0,0.5156985552745491,1.0313971105490982,0.5157050144587692,0.0,0.0,1
1.385,CN,0.2380632592024216,0.05026444620157192,0.0,0.0,0.0,0.515014150415202,1.030028300830404,0.5150206010271718,0.0,0.0,1
1.3900000000000001,CN,0.2379273594250638,0.05080660819138262,0.0,0.0,0.0,0.5143313237222414,1.0286626474444829,0.5143377657817276,0.0,0.0,1
1.395,CN,0.23779073798105183,0.05135164921629407,0.0,0.0,0.0,0.513652267509648,1.027304535019296,0.5136587010638763,0.0,0.0,1
1.4000000000000001,CN,0.23765339717927148,0.05189956006517929,0.0,0.0,0.0,0.5129748094223417,1.0259496188446835,0.512981234491329,0.0,0.0,1
1.405,CN,0.2375153393493261,0.05245033144426011,0.0,0.0,0.0,0.5123010274151452,1.0246020548302903,0.5123074440449347,0.0,0.0,1
1.41,CN,0.2373765668486836,0.05300395394859461,0.0,0.0,0.0,0.5116288658286622,1.0232577316573244,0.5116352740395498,0.0,0.0,1
1.415,CN,0.237237082054851,0.053560418093296716,0.0,0.0,0.0,0.5109602847067533,1.0219205694135065,0.5109666845435848,0.0,0.0,1
1.42,CN,0.23709688737216095,0.05411971428646115,0.0,0.0,0.0,0.5102933487421384,1.0205866974842768,0.5102997402255196,0.0,0.0,1
1.425,CN,0.23695598522430922,0.054681832858935055,0.0,0.0,0.0,0.5096298962704816,1.0192597925409634,0.5096362794440438,0.0,0.0,1
1.43,CN,0.23681437806079925,0.05524676403860782,0.0,0.0,0.0,0.5089681162432312,1.0179362324864625,0.5089744911279217,0.0,0.0,1
1.435,CN,0.23667206834982485,0.05581449797880496,0.0,0.0,0.0,0.5083097212364711,1.0166194424729422,0.5083160878746877,0.0,0.0,1
1.44,CN,0.2365290585843901,0.05638502473387329,0.0,0.0,0.0,0.5076530286259834,1.0153060572519668,0.5076593870390489,0.0,0.0,1
1.445,CN,0.23638535127552113,0.0569583342862621,0.0,0.0,0.0,0.5069996209138184,1.0139992418276367,0.5070059711428765,0.0,0.0,1
1.45,CN,0.23624094895807726,0.05753441652333974,0.0,0.0,0.0,0.5063479483336915,1.012695896667383,0.506354290400475,0.0,0.0,1
1.455,CN,0.23609585418427576,0.05811326126322655,0.0,0.0,0.0,0.5056994587269796,1.0113989174539593,0.5057057926713556,0.0,0.0,1
1.46,CN,0.23595006952921027,0.0586948582327791,0.0,0.0,0.0,0.5050527398961216,1.0101054797922433,0.5050590657402693,0.0,0.0,1
1.465,CN,0.23580359758467387,0.05927919709223296,0.0,0.0,0.0,0.5044091001537018,1.0088182003074035,0.5044154179361869,0.0,0.0,1
1.47,CN,0.23565644096439886,0.059866267414298714,0.0,0.0,0.0,0.5037672698682439,1.0075345397364879,0.5037735796117303,0.0,0.0,1
1.475,CN,0.2355086022981638,0.06045605870767163,0.0,0.0,0.0,0.5031284126644542,1.0062568253289084,0.50313471440618,0.0,0.0,1
1.48,CN,0.2353600842367694,0.06104856039718075,0.0,0.0,0.0,0.5024914067704281,1.0049828135408563,0.5024977005335812,0.0,0.0,1
1.485,CN,0.23521088944641566,0.0616437618462207,0.0,0.0,0.0,0.5018572656632926,1.0037145313265852,0.5018635514837547,0.0,0.0,1
1.49,CN,0.2350610206134266,0.06224165233790286,0.0,0.0,0.0,0.501225021030064,1.0024500420601283,0.501231298931589,0.0,0.0,1
1.495,CN,0.23491048043888513,0.06284222109645912,0.0,0.0,0.0,0.5005955304301309,1.0011910608602619,0.500601800447213,0.0,0.0,1
1.5,CN,0.23475927164311997,0.06344545726934168,0.0,0.0,0.0,0.4999679849245583,0.9999359698491167,0.49997424708156013,0.0,0.0,1
1.5050000000000001,CN,0.23460739696058486,0.06405134994765202,0.0,0.0,0.0,0.4993430800643731,0.9986861601287462,0.49934933439436907,0.0,0.0,1
1.51,CN,0.23445485914411962,0.0646598881491417,0.0,0.0,0.0,0.49872017252567735,0.9974403450513547,0.4987264190536841,0.0,0.0,1
1.5150000000000001,CN,0.23430166096006305,0.06527106083770917,0.0,0.0,0.0,0.49809978942987027,0.9961995788597406,0.4981060281875069,0.0,0.0,1
1.52,CN,0.23414780519229883,0.06588485690725886,0.0,0.0,0.0,0.497481459645193,0.9949629192903859,0.4974876906581772,0.0,0.0,1
1.5250000000000001,CN,0.23399329463759116,0.06650126520030929,0.0,0.0,0.0,0.49686553510116716,0.9937310702023343,0.49687175839962505,0.0,0.0,1
1.53,CN,0.2338381321094266,0.06712027449266644,0.0,0.0,0.0,0.49625172378179305,0.9925034475635861,0.496257939392193,0.0,0.0,1
1.5350000000000001,CN,0.23368232043356144,0.06774187351118717,0.0,0.0,0.0,0.49564019531099396,0.991280390621988,0.49564640326192894,0.0,0.0,1
1.54,CN,0.23352586245166987,0.06836605091922486,0.0,0.0,0.0,0.4950308440692292,0.9900616881384585,0.4950370443879692,0.0,0.0,1
1.545,CN,0.2333687610170937,0.06899279533358602,0.0,0.0,0.0,0.49442364989898513,0.9888472997979703,0.49442984261254763,0.0,0.0,1
1.55,CN,0.233211018998306,0.06962209531071192,0.0,0.0,0.0,0.49381870122567356,0.9876374024513471,0.4938248863621838,0.0,0.0,1
1.555,CN,0.23305263927485334,0.07025393936286727,0.0,0.0,0.0,0.49321578026158014,0.9864315605231602,0.4932219578464353,0.0,0.0,1
1.56,CN,0.23289362474064496,0.07088831594501759,0.0,0.0,0.0,0.4926151775042284,0.9852303550084569,0.4926213475664645,0.0,0.0,1
1.565,CN,0.23273397830007814,0.07152521347028734,0.0,0.0,0.0,0.49201646930308046,0.9840329386061609,0.4920226318664268,0.0,0.0,1
1.57,CN,0.23257370287116175,0.0721646202974986,0.0,0.0,0.0,0.49142015664459066,0.9828403132891812,0.4914263117390517,0.0,0.0,1
1.575,CN,0.23241280138181614,0.07280652474593223,0.0,0.0,0.0,0.4908256013878382,0.9816512027756763,0.49083174903542576,0.0,0.0,1
1.58,CN,0.23225127677283927,0.0734509150834949,0.0,0.0,0.0,0.49023352382582225,0.9804670476516446,0.49023966405756975,0.0,0.0,1
1.585,CN,0.23208913199437287,0.07409777954081705,0.0,0.0,0.0,0.48964306229353627,0.9792861245870724,0.48964919512968447,0.0,0.0,1
1.59,CN,0.23192637000871924,0.07474710630001528,0.0,0.0,0.0,0.4890551656202037,0.9781103312404074,0.48906129109287794,0.0,0.0,1
1.595,CN,0.23176299378696627,0.0753988835081569,0.0,0.0,0.0,0.4884687391655487,0.9769374783310976,0.48847485729316364,0.0,0.0,1
1.6,CN,0.23159900631166216,0.0760530992665891,0.0,0.0,0.0,0.4878849699481473,0.9757699398962946,0.487891080763985,0.0,0.0,1
1.605,CN,0.23143441057359154,0.07670974164380046,0.0,0.0,0.0,0.4873025204723394,0.9746050409446787,0.48730862399292985,0.0,0.0,1
1.61,CN,0.2312692095743154,0.07736879866528805,0.0,0.0,0.0,0.48672282603414097,0.9734456520682819,0.48672892229399134,0.0,0.0,1
1.615,CN,0.2311034063230918,0.07803025832584218,0.0,0.0,0.0,0.48614429596188813,0.9722885919237763,0.4861503849755823,0.0,0.0,1
1.62,CN,0.2309370038392874,0.07869410857992537,0.0,0.0,0.0,0.48556862436370496,0.9711372487274099,0.48557470616704557,0.0,0.0,1
1.625,CN,0.2307700051494358,0.07936033735340846,0.0,0.0,0.0,0.48499395661911743,0.969987913238235,0.48500003122467794,0.0,0.0,1
1.6300000000000001,CN,0.23060241328952752,0.08002893253443452,0.0,0.0,0.0,0.48442225664132516,0.9688445132826504,0.4844283240862771,0.0,0.0,1
1.635,CN,0.23043423130219987,0.08069988198462975,0.0,0.0,0.0,0.4838513946242845,0.967702789248569,0.48385745491912346,0.0,0.0,1
1.6400000000000001,CN,0.2302654622389108,0.08137317353043096,0.0,0.0,0.0,0.4832836157493607,0.9665672314987215,0.4832896689327034,0.0,0.0,1
1.645,CN,0.2300961091572543,0.08204879497379591,0.0,0.0,0.0,0.48271650331233906,0.9654330066246781,0.4827225493925327,0.0,0.0,1
1.6500000000000001,CN,0.2299261751230246,0.082726734083968,0.0,0.0,0.0,0.48215259570788277,0.9643051914157655,0.48215863472506826,0.0,0.0,1
1.655,CN,0.22975566320765095,0.08340697860771001,0.0,0.0,0.0,0.4815891771332053,0.9631783542664106,0.4815952090935078,0.0,0.0,1
1.6600000000000001,CN,0.2295845764901576,0.08408951626148527,0.0,0.0,0.0,0.4810290916354405,0.962058183270881,0.48103511658060716,0.0,0.0,1
1.665,CN,0.22941291805471245,0.08477433474123666,0.0,0.0,0.0,0.48046931161298373,0.9609386232259675,0.4804753295468407,0.0,0.0,1
1.67,CN,0.229240690992488,0.08546142171496295,0.0,0.0,0.0,0.47991299971073276,0.9598259994214655,0.4799190106767186,0.0,0.0,1
1.675,CN,0.2290678983993191,0.08615076483206277,0.0,0.0,0.0,0.47935680331604313,0.9587136066320863,0.4793628073156046,0.0,0.0,1
1.68,CN,0.2288945433774698,0.08684235171628575,0.0,0.0,0.0,0.4788042171351535,0.9576084342703071,0.478810214213509,0.0,0.0,1
1.685,CN,0.2287206290333944,0.08753616997466514,0.0,0.0,0.0,0.4782515498079895,0.956503099615979,0.4782575399641226,0.0,0.0,1
1.69,CN,0.22854615847941562,0.08823220719082234,0.0,0.0,0.0,0.47770264209620805,0.9554052841924161,0.4777086253772084,0.0,0.0,1
1.695,CN,0.22837113483158442,0.08893045093350524,0.0,0.0,0.0,0.47715344961949296,0.9543068992389859,0.47715942602179384,0.0,0.0,1
1.7,CN,0.2281955612112734,0.08963088875023145,0.0,0.0,0.0,0.4766081737317792,0.9532163474635584,0.47661414330443636,0.0,0.0,1
1.705,CN,0.2280194407431315,0.09033350817544807,0.0,0.0,0.0,0.4760624022109571,0.9521248044219142,0.4760683649477626,0.0,0.0,1
1.71,CN,0.22784277655659613,0.09103829672449859,0.0,0.0,0.0,0.47552071209521807,0.9510414241904361,0.47552666804729204,0.0,0.0,1
1.715,CN,0.22766557178393887,0.0917452419014201,0.0,0.0,0.0,0.4749783079380112,0.9499566158760225,0.4749842570964103,0.0,0.0,1
1.72,CN,0.22748782956170083,0.09245433119321658,0.0,0.0,0.0,0.474440158121258,0.948880316242516,0.47444610053926817,0.0,0.0,1
1.725,CN,0.2273095530288244,0.09316555207731227,0.0,0.0,0.0,0.4739011238012469,0.9478022476024937,0.4739070594677896,0.0,0.0,1
1.73,CN,0.22713074532801641,0.09387889201611363,0.0,0.0,0.0,0.47336641359271775,0.9467328271854354,0.4733723425619531,0.0,0.0,1
1.735,CN,0.22695140960396176,0.09459433846413552,0.0,0.0,0.0,0.4728308713750069,0.9456617427500138,0.4728367936365139,0.0,0.0,1
1.74,CN,0.22677154900461777,0.09531187886283786,0.0,0.0,0.0,0.4722993811080018,0.9445987622160036,0.4723052967125315,0.0,0.0,1
1.745,CN,0.2265911666795062,0.09603150064743926,0.0,0.0,0.0,0.47176728674380175,0.9435345734876035,0.47177319568378784,0.0,0.0,1
1.75,CN,0.22641026578094262,0.09675319124201288,0.0,0.0,0.0,0.4712389640493621,0.9424779280987242,0.4712448663720452,0.0,0.0,1
1.7550000000000001,CN,0.226228849462403,0.09747693806600223,0.0,0.0,0.0,0.4707102738271237,0.9414205476542474,0.47071616952790046,0.0,0.0,1
1.76,CN,0.2260469208796909,0.09820272852956521,0.0,0.0,0.0,0.4701850665519155,0.940370133103831,0.4701909556744102,0.0,0.0,1
1.7650000000000001,CN,0.22586448318937596,0.09893055003980347,0.0,0.0,0.0,0.46965973728517346,0.9393194745703468,0.4696656198278581,0.0,0.0,1
1.77,CN,0.22568153954990214,0.09966038999634141,0.0,0.0,0.0,0.4691375934734142,0.9382751869468285,0.4691434694761872,0.0,0.0,1
1.7750000000000001,CN,0.22549809312009433,0.10039223579728342,0.0,0.0,0.0,0.46861558248899465,0.9372311649779894,0.46862145195351945,0.0,0.0,1
1.78,CN,0.22531414706021077,0.10112607483501584,0.0,0.0,0.0,0.46809645036473485,0.9361929007294696,0.4681023133270695,0.0,0.0,1
1.7850000000000001,CN,0.22512970453051484,0.10186189450190448,0.0,0.0,0.0,0.4675777154913328,0.9351554309826657,0.4675835719564531,0.0,0.0,1
1.79,CN,0.22494476869227453,0.10259968218630727,0.0,0.0,0.0,0.4670615434410918,0.9341230868821836,0.4670673934410972,0.0,0.0,1
1.795,CN,0.22475934270639666,0.10333942527802306,0.0,0.0,0.0,0.4665460429981926,0.9330920859963852,0.46655188654149515,0.0,0.0,1
1.8,CN,0.22457342973437586,0.1040811111645057,0.0,0.0,0.0,0.46603277955395406,0.9320655591079081,0.4660386166685725,0.0,0.0,1
1.805,CN,0.22438703293698814,0.10482472723607579,0.0,0.0,0.0,0.46552047234110777,0.9310409446822154,0.4655263030390189,0.0,0.0,1
1.81,CN,0.22420015547519206,0.10557026088232578,0.0,0.0,0.0,0.46501006616365853,0.930020132327317,0.4650158904686731,0.0,0.0,1
1.815,CN,0.22401280050887978,0.10631769949710247,0.0,0.0,0.0,0.4645009114500872,0.9290018229001744,0.46450672937787996,0.0,0.0,1
1.82,CN,0.2238249711977323,0.10706703047509503,0.0,0.0,0.0,0.46399331131270155,0.9279866226254032,0.46399912288274375,0.0,0.0,1
1.825,CN,0.223636670700025,0.10781824121660005,0.0,0.0,0.0,0.46348726882723806,0.9269745376544761,0.4634930740590394,0.0,0.0,1
1.83,CN,0.2234479021734397,0.10857131912428235,0.0,0.0,0.0,0.4629824235997031,0.925964847199406,0.4629882225082593,0.0,0.0,1
1.835,CN,0.22325866877392248,0.1093262516077314,0.0,0.0,0.0,0.46247945352105746,0.9249589070421149,0.4624852461298552,0.0,0.0,1
1.84,CN,0.22306897365645445,0.11008302608038602,0.0,0.0,0.0,0.4619773121540339,0.9239546243080679,0.46198309847345276,0.0,0.0,1
1.845,CN,0.22287881997395967,0.11084162996389177,0.0,0.0,0.0,0.46147737510137327,0.9229547502027464,0.4614831551590225,0.0,0.0,1
1.85,CN,0.2226882108780368,0.11160205068518161,0.0,0.0,0.0,0.46097788661109246,0.9219557732221849,0.4609836604125905,0.0,0.0,1
1.855,CN,0.22249714951791458,0.11236427568064332,0.0,0.0,0.0,0.4604809436349277,0.9209618872698554,0.4604867112121573,0.0,0.0,1
1.86,CN,0.22230563904114667,0.11312829239334705,0.0,0.0,0.0,0.45998405708821655,0.9199681141764331,0.4599898184418845,0.0,0.0,1
1.865,CN,0.2221136825926126,0.11389408827703135,0.0,0.0,0.0,0.45949006966159806,0.918980139323196,0.45949582482801615,0.0,0.0,1
1.87,CN,0.22192128331517766,0.1146616507934704,0.0,0.0,0.0,0.45899573416123346,0.9179914683224668,0.45900148313604205,0.0,0.0,1
1.875,CN,0.22172844434873706,0.11543096741628724,0.0,0.0,0.0,0.45850466417123975,0.9170093283424795,0.45851040699533985,0.0,0.0,1
1.8800000000000001,CN,0.2215351688308427,0.11620202562845343,0.0,0.0,0.0,0.45801282884162225,0.9160256576832444,0.45801856550542774,0.0,0.0,1
1.885,CN,0.22134145989578913,0.1169748129259355,0.0,0.0,0.0,0.4575246385811417,0.9150492771622833,0.4575303691303076,0.0,0.0,1
1.8900000000000001,CN,0.2211473206752086,0.11774931681532094,0.0,0.0,0.0,0.4570355370800172,0.9140710741600344,0.45704126150313007,0.0,0.0,1
1.895,CN,0.22095275429719655,0.1185255248173071,0.0,0.0,0.0,0.4565499047140859,0.9130998094281717,0.456555623054597,0.0,0.0,1
1.9000000000000001,CN,0.22075776388687718,0.11930342446444495,0.0,0.0,0.0,0.45606364365316604,0.9121272873063321,0.456069355903201,0.0,0.0,1
1.905,CN,0.22056235256556678,0.12008300330447676,0.0,0.0,0.0,0.4555803747770073,0.9111607495540146,0.4555860809740435,0.0,0.0,1
1.9100000000000001,CN,0.22036652345131078,0.12086424889819367,0.0,0.0,0.0,0.4550969173128135,0.9101938346256271,0.45510261745448893,0.0,0.0,1
1.915,CN,0.22017027965808364,0.12164714882262763,0.0,0.0,0.0,0.45461596134023496,0.9092319226804699,0.454621655457881,0.0,0.0,1
1.92,CN,0.21997362429629894,0.12243169066901652,0.0,0.0,0.0,0.45413527101082396,0.9082705420216479,0.4541409591077679,0.0,0.0,1
1.925,CN,0.21977656047204386,0.12321786204585798,0.0,0.0,0.0,0.45365657731731324,0.9073131546346265,0.45366225941856314,0.0,0.0,1
1.93,CN,0.21957909128756395,0.1240056505769756,0.0,0.0,0.0,0.4531786180352312,0.9063572360704624,0.4531842941499857,0.0,0.0,1
1.935,CN,0.21938121984053097,0.12479504390443978,0.0,0.0,0.0,0.4527021359453966,0.9054042718907932,0.4527078060921576,0.0,0.0,1
1.94,CN,0.21918294922450315,0.12558602968673144,0.0,0.0,0.0,0.45222687199087974,0.9044537439817595,0.4522325361849046,0.0,0.0,1
1.945,CN,0.21898428252822502,0.12637859560153555,0.0,0.0,0.0,0.4517525507661959,0.9035051015323918,0.4517582090192924,0.0,0.0,1
1.95,CN,0.2187852228360646,0.1271727293439967,0.0,0.0,0.0,0.45127994678062977,0.9025598935612595,0.45128559911430655,0.0,0.0,1
1.955,CN,0.21858577322734402,0.12796841862938982,0.0,0.0,0.0,0.45080773560748716,0.9016154712149743,0.4508133820266642,0.0,0.0,1
1.96,CN,0.21838593677675447,0.1287656511914644,0.0,0.0,0.0,0.4503377565871122,0.9006755131742243,0.45034339711974747,0.0,0.0,1
1.965,CN,0.21818571655371627,0.12956441478499794,0.0,0.0,0.0,0.44986760456516,0.89973520913032,0.44987323920908673,0.0,0.0,1
1.97,CN,0.21798511562277328,0.130364697184222,0.0,0.0,0.0,0.44940021585501555,0.898800431710031,0.4494058446448444,0.0,0.0,1
1.975,CN,0.21778413704298027,0.13116648618526663,0.0,0.0,0.0,0.4489320719858045,0.8978641439716091,0.4489376949120772,0.0,0.0,1
1.98,CN,0.21758278386827826,0.1319697696046627,0.0,0.0,0.0,0.4484672392739095,0.896934478547819,0.44847285637809853,0.0,0.0,1
1.985,CN,0.2173810591469088,0.1327745352816786,0.0,0.0,0.0,0.4480014935385203,0.8960029870770407,0.44800710480919004,0.0,0.0,1
1.99,CN,0.21717896592177027,0.1335807710768991,0.0,0.0,0.0,0.44753874176158964,0.8950774835231793,0.4475443472362396,0.0,0.0,1
1.995,CN,0.21697650722985765,0.13438846487446007,0.0,0.0,0.0,0.44707551660866585,0.8941510332173317,0.44708111628136704,0.0,0.0,1
2.0,CN,0.21677368610260167,0.13519760458069544,0.0,0.0,0.0,0.4466146384479391,0.8932292768958782,0.4466202323480879,0.0,0.0,1
2.005,CN,0.21657050556533272,0.13600817812627605,0.0,0.0,0.0,0.44615390030253405,0.8923078006050682,0.4461594884318842,0.0,0.0,1
2.0100000000000002,CN,0.2163669686376034,0.13682017346492284,0.0,0.0,0.0,0.4456948446593001,0.8913896893186002,0.445700427038925,0.0,0.0,1
2.015,CN,0.2161630783326761,0.13763357857545117,0.0,0.0,0.0,0.4452365602725938,0.8904731205451876,0.4452421369121536,0.0,0.0,1
2.02,CN,0.21595883765782917,0.1384483814605489,0.0,0.0,0.0,0.44477927590334393,0.889558551806688,0.444784846815364,0.0,0.0,1
2.025,CN,0.21575424961386744,0.13926457014872998,0.0,0.0,0.0,0.4443234123477656,0.8886468246955312,0.44432897755004175,0.0,0.0,1
2.0300000000000002,CN,0.21554931719541334,0.14008213269317224,0.0,0.0,0.0,0.4438678478544329,0.8877356957088658,0.4438734073507109,0.0,0.0,1
2.035,CN,0.21534404339043867,0.14090105717358592,0.0,0.0,0.0,0.4434143725189901,0.8868287450379801,0.4434199263354369,0.0,0.0,1
2.04,CN,0.21513843118054163,0.14172133169510814,0.0,0.0,0.0,0.4429604763394771,0.8859209526789542,0.4429660244708216,0.0,0.0,1
2.045,CN,0.21493248354049915,0.14254294439008897,0.0,0.0,0.0,0.4425093569252892,0.8850187138505785,0.4425148994063108,0.0,0.0,1
2.05,CN,0.21472620343853052,0.14336588341703974,0.0,0.0,0.0,0.4420573295651626,0.884114659130325,0.44206286638448894,0.0,0.0,1
2.055,CN,0.21451959383586955,0.14419013696233984,0.0,0.0,0.0,0.4416082818402861,0.8832165636805722,0.4416138130352377,0.0,0.0,1
2.06,CN,0.21431265768701518,0.14501569323923683,0.0,0.0,0.0,0.441158577273626,0.8823171545472519,0.4411641028359757,0.0,0.0,1
2.065,CN,0.2141053979393224,0.14584254048947864,0.0,0.0,0.0,0.4407110636592106,0.8814221273184212,0.4407165836164004,0.0,0.0,1
2.07,CN,0.2138978175332413,0.1466706669823597,0.0,0.0,0.0,0.440263650263777,0.880527300527554,0.44026916461706217,0.0,0.0,1
2.075,CN,0.21368991940192572,0.14750006101628232,0.0,0.0,0.0,0.4398176188863462,0.8796352377726924,0.4398231276530366,0.0,0.0,1
2.08,CN,0.2134817064714608,0.1483307109178488,0.0,0.0,0.0,0.4393724653392863,0.8787449306785726,0.4393779685303769,0.0,0.0,1
2.085,CN,0.21327318166048925,0.1491626050433526,0.0,0.0,0.0,0.4389278641229471,0.8778557282458941,0.43893336174535585,0.0,0.0,1
2.09,CN,0.21306434788042758,0.14999573177791542,0.0,0.0,0.0,0.4384849393971298,0.8769698787942596,0.438490431471855,0.0,0.0,1
2.095,CN,0.21285520803510957,0.1508300795369097,0.0,0.0,0.0,0.43804171605559433,0.8760834321111887,0.4380472025788958,0.0,0.0,1
2.1,CN,0.21264576502099206,0.15166563676513775,0.0,0.0,0.0,0.4376009894161223,0.8752019788322446,0.4376064704192715,0.0,0.0,1
2.105,CN,0.21243602172681364,0.1525023919381931,0.0,0.0,0.0,0.43715936197207267,0.8743187239441452,0.4371648374437868,0.0,0.0,1
2.11,CN,0.21222598103379178,0.15334033356167437,0.0,0.0,0.0,0.4367205324458906,0.8734410648917812,0.4367260024212141,0.0,0.0,1
2.115,CN,0.21201564581529614,0.15417945017248838,0.0,0.0,0.0,0.43628107174252867,0.8725621434850572,0.43628653621355584,0.0,0.0,1
2.12,CN,0.21180501893703643,0.15501973033810068,0.0,0.0,0.0,0.4358434855962682,0.8716869711925364,0.43584894458647816,0.0,0.0,1
2.125,CN,0.21159410325675082,0.1558611626577788,0.0,0.0,0.0,0.43540616153748274,0.8708123230749654,0.43541161505015813,0.0,0.0,1
2.13,CN,0.2113829016243845,0.1567037357618797,0.0,0.0,0.0,0.434969766027121,0.869939532054242,0.43497521407389206,0.0,0.0,1
2.1350000000000002,CN,0.2111714168817928,0.15754743831303422,0.0,0.0,0.0,0.43453454879927744,0.8690690975985549,0.43453999139490224,0.0,0.0,1
2.14,CN,0.21095965186291074,0.15839225900547077,0.0,0.0,0.0,0.4340992909385799,0.8681985818771598,0.4341047280825495,0.0,0.0,1
2.145,CN,0.21074760939346984,0.15923818656614488,0.0,0.0,0.0,0.4336661510077389,0.867332302015478,0.4336715827265807,0.0,0.0,1
2.15,CN,0.21053529229116041,0.16008520975409204,0.0,0.0,0.0,0.4332321188120037,0.8664642376240073,0.43323754509454176,0.0,0.0,1
2.1550000000000002,CN,0.21032270336536033,0.16093331736150945,0.0,0.0,0.0,0.43280088567097375,0.8656017713419475,0.43280630655226676,0.0,0.0,1
2.16,CN,0.21010984541729058,0.16178249821313564,0.0,0.0,0.0,0.43236890079223483,0.8647378015844697,0.43237431626286715,0.0,0.0,1
2.165,CN,0.20989672123975617,0.16263274116728413,0.0,0.0,0.0,0.43193867031656996,0.8638773406331399,0.4319440803985157,0.0,0.0,1
2.17,CN,0.20968333361729458,0.16348403511525098,0.0,0.0,0.0,0.43150870383652923,0.8630174076730585,0.4315141085330949,0.0,0.0,1
2.1750000000000003,CN,0.20946968532592872,0.16433636898230064,0.0,0.0,0.0,0.43107942248318754,0.8621588449663751,0.43108482180295443,0.0,0.0,1
2.18,CN,0.20925577913330876,0.1651897317270999,0.0,0.0,0.0,0.43065144575557257,0.8613028915111451,0.43065683971488133,0.0,0.0,1
2.185,CN,0.20904161779847627,0.16604411234265884,0.0,0.0,0.0,0.4302230597125336,0.8604461194250672,0.4302284483062575,0.0,0.0,1
2.19,CN,0.2088272040719996,0.16689949985579108,0.0,0.0,0.0,0.4297970443609347,0.8595940887218694,0.4298024276187669,0.0,0.0,1
2.195,CN,0.2086125406957494,0.16775588332800875,0.0,0.0,0.0,0.42937014559396175,0.8587402911879235,0.4293755235048374,0.0,0.0,1
2.2,CN,0.20839763040302794,0.168613251855007,0.0,0.0,0.0,0.42894541745756,0.8578908349151201,0.4289507900486665,0.0,0.0,1
2.205,CN,0.20818247591835487,0.16947159456751879,0.0,0.0,0.0,0.4285204514169545,0.857040902833909,0.428525818685312,0.0,0.0,1
2.21,CN,0.207967079957591,0.17033090063082051,0.0,0.0,0.0,0.4280964828366353,0.8561929656732705,0.4281018447947371,0.0,0.0,1
2.215,CN,0.20775144522773414,0.17119115924554715,0.0,0.0,0.0,0.42767342174396533,0.8553468434879306,0.42767877840317786,0.0,0.0,1
2.22,CN,0.20753557442703766,0.1720523596472188,0.0,0.0,0.0,0.427250158268811,0.854500316537622,0.42725550962659953,0.0,0.0,1
2.225,CN,0.20731947024481562,0.17291449110701826,0.0,0.0,0.0,0.4268289746096764,0.8536579492193528,0.4268343206920907,0.0,0.0,1
2.23,CN,0.20710313536155667,0.17377754293133676,0.0,0.0,0.0,0.42640691716151025,0.8528138343230205,0.42641225795760607,0.0,0.0,1
2.235,CN,0.20688657244873837,0.1746415044625145,0.0,0.0,0.0,0.42598702802019484,0.8519740560403897,0.42599236355713044,0.0,0.0,1
2.24,CN,0.20666978416893617,0.17550636507840603,0.0,0.0,0.0,0.42556682033594806,0.8511336406718961,0.4255721506097337,0.0,0.0,1
2.245,CN,0.20645277317564656,0.1763721141930857,0.0,0.0,0.0,0.42514749994711315,0.8502949998942264,0.4251528249688623,0.0,0.0,1
2.25,CN,0.2062355421133918,0.17723874125642994,0.0,0.0,0.0,0.4247291151004346,0.8494582302008692,0.42473443488186496,0.0,0.0,1
2.255,CN,0.2060180936175514,0.1781062357547893,0.0,0.0,0.0,0.4243103083218997,0.8486206166437995,0.42431562285772667,0.0,0.0,1
2.2600000000000002,CN,0.20580043031446252,0.1789745872105885,0.0,0.0,0.0,0.4238937196458685,0.847787439291737,0.42389902896387394,0.0,0.0,1
2.265,CN,0.20558255482125992,0.1798437851829641,0.0,0.0,0.0,0.4234762668926797,0.8469525337853594,0.423481570982041,0.0,0.0,1
2.27,CN,0.20536446974597206,0.1807138192673819,0.0,0.0,0.0,0.4230605521165049,0.8461211042330099,0.4230658509989904,0.0,0.0,1
2.275,CN,0.205146177687369,0.18158467909624312,0.0,0.0,0.0,0.42264486883637403,0.8452897376727482,0.42265016251237825,0.0,0.0,1
2.2800000000000002,CN,0.20492768123505445,0.18245635433851776,0.0,0.0,0.0,0.42222953060512414,0.8444590612102484,0.42223481907896887,0.0,0.0,1
2.285,CN,0.20470898296932172,0.18332883470031866,0.0,0.0,0.0,0.4218155907116407,0.8436311814232813,0.4218208740008401,0.0,0.0,1
2.29,CN,0.2044900854612418,0.18420210992455052,0.0,0.0,0.0,0.42140079678978737,0.8428015935795747,0.42140607488364484,0.0,0.0,1
2.295,CN,0.20427099127252651,0.18507616979145594,0.0,0.0,0.0,0.42098835081120145,0.8419767016224029,0.42099362373912524,0.0,0.0,1
2.3000000000000003,CN,0.20405170295561342,0.18595100411827617,0.0,0.0,0.0,0.420575274224696,0.841150548449392,0.4205805419787876,0.0,0.0,1
2.305,CN,0.20383222305353554,0.18682660275977137,0.0,0.0,0.0,0.4201630673666647,0.8403261347333294,0.4201683299578176,0.0,0.0,1
2.31,CN,0.2036125541000035,0.18770295560789263,0.0,0.0,0.0,0.4197516826059847,0.8395033652119694,0.4197569400444958,0.0,0.0,1
2.315,CN,0.20339269861928155,0.18858005259227667,0.0,0.0,0.0,0.4193396585447387,0.8386793170894774,0.4193449108226006,0.0,0.0,1
2.32,CN,0.20317265912626697,0.18945788367992905,0.0,0.0,0.0,0.4189299403544828,0.8378598807089656,0.41893518750057684,0.0,0.0,1
2.325,CN,0.2029524381263724,0.19033643887569354,0.0,0.0,0.0,0.4185193779705927,0.8370387559411854,0.41852461997434526,0.0,0.0,1
2.33,CN,0.20273203811560198,0.19121570822194844,0.0,0.0,0.0,0.41810996582190313,0.8362199316438063,0.41811520269772107,0.0,0.0,1
2.335,CN,0.20251146158044023,0.1920956817990499,0.0,0.0,0.0,0.4177010449240111,0.8354020898480223,0.41770627667804744,0.0,0.0,1
2.34,CN,0.20229071099792567,0.19297634972503808,0.0,0.0,0.0,0.417291677287727,0.834583354575454,0.4172969039143861,0.0,0.0,1
2.345,CN,0.20206978883554505,0.19385770215605938,0.0,0.0,0.0,0.4168843731931294,0.8337687463862586,0.41688959471825743,0.0,0.0,1
2.35,CN,0.20184869755130483,0.19473972928608094,0.0,0.0,0.0,0.4164762349138939,0.8329524698277878,0.41648145132704273,0.0,0.0,1
2.355,CN,0.20162743959363089,0.19562242134729102,0.0,0.0,0.0,0.41606928123455755,0.8321385624691151,0.41607449255056433,0.0,0.0,1
2.36,CN,0.2014060174014376,0.19650576860982322,0.0,0.0,0.0,0.4156627353216817,0.8313254706433633,0.4156679415456537,0.0,0.0,1
2.365,CN,0.20118443340403294,0.1973897613821352,0.0,0.0,0.0,0.41525568742685215,0.8305113748537042,0.41526088855250204,0.0,0.0,1
2.37,CN,0.20096269002118544,0.19827439001074162,0.0,0.0,0.0,0.4148507097686608,0.8297014195373216,0.4148559058219186,0.0,0.0,1
2.375,CN,0.2007407896630344,0.19915964488057203,0.0,0.0,0.0,0.4144449079021783,0.8288898158043566,0.41445009887272066,0.0,0.0,1
2.38,CN,0.20051873473015466,0.20004551641471285,0.0,0.0,0.0,0.41404007680445054,0.8280801536089011,0.4140452627044365,0.0,0.0,1
2.3850000000000002,CN,0.20029652761347186,0.2009319950747452,0.0,0.0,0.0,0.41363581940525035,0.8272716388105006,0.4136410002418654,0.0,0.0,1
2.39,CN,0.20007417069432534,0.20181907136049396,0.0,0.0,0.0,0.41323075489619376,0.8264615097923875,0.4132359306593289,0.0,0.0,1
2.395,CN,0.19985166634438778,0.20270673581034857,0.0,0.0,0.0,0.412828018422611,0.825656036845222,0.41283318914142514,0.0,0.0,1
2.4,CN,0.1996290169257267,0.20359497900101736,0.0,0.0,0.0,0.41242446769755936,0.8248489353951187,0.41242963336185384,0.0,0.0,1
2.4050000000000002,CN,0.1994062247907284,0.20448379154783142,0.0,0.0,0.0,0.41202142358809524,0.8240428471761905,0.4120265842042155,0.0,0.0,1
2.41,CN,0.19918329228215767,0.20537316410450576,0.0,0.0,0.0,0.4116193706532237,0.8232387413064474,0.4116245262335843,0.0,0.0,1
2.415,CN,0.19896022173308636,0.20626308736342502,0.0,0.0,0.0,0.4112165132442933,0.8224330264885866,0.41122166377881814,0.0,0.0,1
2.42,CN,0.19873701546695122,0.20715355205541217,0.0,0.0,0.0,0.4108153753331625,0.821630750666325,0.41082052084338844,0.0,0.0,1
2.4250000000000003,CN,0.19851367579748663,0.20804454894999702,0.0,0.0,0.0,0.4104139929145251,0.8208279858290503,0.4104191333973897,0.0,0.0,1
2.43,CN,0.19829020502878114,0.2089360688551908,0.0,0.0,0.0,0.41001240044953735,0.8200248008990748,0.4100175359024098,0.0,0.0,1
2.435,CN,0.19806660545521404,0.2098281026177391,0.0,0.0,0.0,0.40961247036823834,0.8192249407364767,0.4096176008119401,0.0,0.0,1
2.44,CN,0.19784287936151043,0.2107206411229021,0.0,0.0,0.0,0.40921174567916346,0.8184234913583269,0.409216871103742,0.0,0.0,1
2.445,CN,0.19761902902268186,0.2116136752946915,0.0,0.0,0.0,0.4088118644805988,0.8176237289611976,0.40881698489661894,0.0,0.0,1
2.45,CN,0.19739505670407972,0.21250719609565746,0.0,0.0,0.0,0.40841256998628744,0.816825139972575,0.4084176854010978,0.0,0.0,1
2.455,CN,0.19717096466133988,0.2134011945271096,0.0,0.0,0.0,0.4080124904823947,0.8160249809647895,0.40801760088616285,0.0,0.0,1
2.46,CN,0.19694675514043467,0.21429566162890934,0.0,0.0,0.0,0.40761420765636286,0.8152284153127256,0.4076193130715923,0.0,0.0,1
2.465,CN,0.19672243037762102,0.21519058847967704,0.0,0.0,0.0,0.4072155365449614,0.8144310730899228,0.407220636966789,0.0,0.0,1
2.47,CN,0.19649799259949138,0.21608596619658882,0.0,0.0,0.0,0.4068165776390909,0.8136331552781818,0.4068216730639119,0.0,0.0,1
2.475,CN,0.19627344402292507,0.21698178593557055,0.0,0.0,0.0,0.4064192931571921,0.8128385863143841,0.4064243836059789,0.0,0.0,1
2.48,CN,0.19604878685513832,0.21787803889109827,0.0,0.0,0.0,0.40602123347522934,0.8120424669504587,0.40602631893827246,0.0,0.0,1
2.485,CN,0.1958240232936388,0.21877471629637968,0.0,0.0,0.0,0.40562367943142685,0.8112473588628537,0.4056287599150595,0.0,0.0,1
2.49,CN,0.19559915552627424,0.2196718094231599,0.0,0.0,0.0,0.4052269852395353,0.8104539704790706,0.40523206075452717,0.0,0.0,1
2.495,CN,0.1953741857311908,0.22056930958188792,0.0,0.0,0.0,0.40482952529007765,0.8096590505801553,0.40483459582683756,0.0,0.0,1
2.5,CN,0.1951491160768802,0.22146720812152837,0.0,0.0,0.0,0.4044332644988808,0.8088665289977615,0.40443833007242824,0.0,0.0,1
2.505,CN,0.1949239487221411,0.2223654964297155,0.0,0.0,0.0,0.40403714924490464,0.8080742984898093,0.40404220985706263,0.0,0.0,1
2.5100000000000002,CN,0.19469868581612554,0.22326416593256826,0.0,0.0,0.0,0.4036402775932418,0.8072805551864836,0.40364533323453633,0.0,0.0,1
2.515,CN,0.1944733294983029,0.2241632080948335,0.0,0.0,0.0,0.4032451990128679,0.8064903980257359,0.4032502497057574,0.0,0.0,1
2.52,CN,0.1942478818985059,0.22506261441970316,0.0,0.0,0.0,0.4028496516088554,0.8056993032177107,0.4028546973474677,0.0,0.0,1
2.525,CN,0.19402234513689698,0.2259623764489477,0.0,0.0,0.0,0.402453593947983,0.8049071878959659,0.4024586347259272,0.0,0.0,1
2.5300000000000002,CN,0.1937967213240134,0.22686248576273682,0.0,0.0,0.0,0.4020593502424555,0.804118700484911,0.4020643860824516,0.0,0.0,1
2.535,CN,0.19357101256073678,0.2277629339797606,0.0,0.0,0.0,0.4016643598699623,0.8033287197399246,0.4016693907626582,0.0,0.0,1
2.54,CN,0.19334522093833686,0.22866371275705477,0.0,0.0,0.0,0.4012692930147331,0.8025385860294661,0.40127431895917076,0.0,0.0,1
2.545,CN,0.19311934853844376,0.22956481379011195,0.0,0.0,0.0,0.40087558656353955,0.801751173127079,0.4008806075767582,0.0,0.0,1
2.5500000000000003,CN,0.19289339743309142,0.2304662288127077,0.0,0.0,0.0,0.4004811426787595,0.8009622853575191,0.4004861587515229,0.0,0.0,1
2.555,CN,0.19266736968469156,0.2313679495970049,0.0,0.0,0.0,0.4000869568578373,0.8001739137156746,0.4000919679933775,0.0,0.0,1
2.56,CN,0.19244126734607692,0.23226996795338098,0.0,0.0,0.0,0.39969377746797197,0.7993875549359439,0.3996987836788947,0.0,0.0,1
2.565,CN,0.1922150924604779,0.23317227573052107,0.0,0.0,0.0,0.399299869806625,0.79859973961325,0.3993048710838086,0.0,0.0,1
2.57,CN,0.19198884706156444,0.23407486481525142,0.0,0.0,0.0,0.39890645581298045,0.7978129116259609,0.39891145216260815,0.0,0.0,1
2.575,CN,0.19176253317342515,0.2349777271326218,0.0,0.0,0.0,0.398513793572605,0.7970275871452102,0.39851878500409266,0.0,0.0,1
2.58,CN,0.19153615281060882,0.23588085464574066,0.0,0.0,0.0,0.39812041215460303,0.7962408243092061,0.3981253986589427,0.0,0.0,1
2.585,CN,0.19130970797810554,0.23678423935585013,0.0,0.0,0.0,0.3977276613452482,0.7954553226904963,0.39773264293033844,0.0,0.0,1
2.59,CN,0.19108320067138765,0.23768787330216265,0.0,0.0,0.0,0.3973355066282539,0.7946710132565078,0.3973404833015608,0.0,0.0,1
2.595,CN,0.19085663287639287,0.23859174856192833,0.0,0.0,0.0,0.3969426417621256,0.7938852835242511,0.3969476135147545,0.0,0.0,1
2.6,CN,0.19063000656956505,0.2394958572502724,0.0,0.0,0.0,0.39655044605819556,0.7931008921163911,0.3965554128985278,0.0,0.0,1
2.605,CN,0.19040332371783886,0.24040019152025618,0.0,0.0,0.0,0.39615878952854355,0.7923175790570871,0.3961637514633323,0.0,0.0,1
2.61,CN,0.19017658627868006,0.24130474356271653,0.0,0.0,0.0,0.3957664318156345,0.791532863631269,0.39577138883609736,0.0,0.0,1
2.615,CN,0.18994979620007252,0.24220950560631763,0.0,0.0,0.0,0.3953746837028106,0.7907493674056212,0.3953796358165829,0.0,0.0,1
2.62,CN,0.1897229554205577,0.2431144699173934,0.0,0.0,0.0,0.3949835163186283,0.7899670326372565,0.3949884635329838,0.0,0.0,1
2.625,CN,0.18949606586922357,0.24401962879999178,0.0,0.0,0.0,0.39459165665707363,0.7891833133141472,0.39459659896334137,0.0,0.0,1
2.63,CN,0.1892691294657434,0.24492497459572002,0.0,0.0,0.0,0.3942002491863099,0.7884004983726198,0.39420518659015374,0.0,0.0,1
2.6350000000000002,CN,0.18904214812036702,0.2458304996837793,0.0,0.0,0.0,0.3938095622037724,0.7876191244075448,0.3938144947142164,0.0,0.0,1
2.64,CN,0.18881512373395865,0.2467361964808141,0.0,0.0,0.0,0.39341819179224624,0.7868363835844925,0.3934231194007305,0.0,0.0,1
2.645,CN,0.18858805819799002,0.24764205744093956,0.0,0.0,0.0,0.3930270185807925,0.786054037161585,0.39303194128978686,0.0,0.0,1
2.65,CN,0.18836095339457787,0.24854807505559182,0.0,0.0,0.0,0.39263680355777025,0.7852736071155405,0.3926417213792762,0.0,0.0,1
2.6550000000000002,CN,0.18813381119647865,0.24945424185354917,0.0,0.0,0.0,0.39224591389901414,0.7844918277980284,0.39225082682458184,0.0,0.0,1
2.66,CN,0.1879066334671258,0.2503605504007834,0.0,0.0,0.0,0.3918548691317141,0.7837097382634282,0.3918597771594007,0.0,0.0,1
2.665,CN,0.18767942206062552,0.2512669933004767,0.0,0.0,0.0,0.39146511793120065,0.7829302358624013,0.39147002107720824,0.0,0.0,1
2.67,CN,0.18745217882179424,0.2521735631928718,0.0,0.0,0.0,0.391074700835328,0.782149401670656,0.39107959909131623,0.0,0.0,1
2.6750000000000003,CN,0.18722490558615562,0.25308025275528456,0.0,0.0,0.0,0.3906836792661616,0.7813673585323231,0.39068857262455925,0.0,0.0,1
2.68,CN,0.18699760417997763,0.25398705470195565,0.0,0.0,0.0,0.39029438405948536,0.7805887681189707,0.39029927254191543,0.0,0.0,1
2.685,CN,0.18677027642027122,0.2548939617840558,0.0,0.0,0.0,0.38990443164707655,0.7798088632941531,0.3899093152453074,0.0,0.0,1
2.69,CN,0.18654292411482687,0.2558009667895403,0.0,0.0,0.0,0.3895138298555768,0.7790276597111536,0.3895187085614749,0.0,0.0,1
2.695,CN,0.1863155490622147,0.2567080625431481,0.0,0.0,0.0,0.3891244818707625,0.778248963741525,0.38912935570003193,0.0,0.0,1
2.7,CN,0.18608815305182075,0.25761524190625773,0.0,0.0,0.0,0.3887349865757428,0.7774699731514856,0.3887398555265385,0.0,0.0,1
2.705,CN,0.18586073786384827,0.25852249777688147,0.0,0.0,0.0,0.3883448504582521,0.7766897009165042,0.3883497145225477,0.0,0.0,1
2.71,CN,0.1856333052693538,0.2594298230895219,0.0,0.0,0.0,0.38795529249354654,0.7759105849870931,0.38796015167858344,0.0,0.0,1
2.715,CN,0.18540585703024987,0.26033721081516065,0.0,0.0,0.0,0.38756624706585047,0.7751324941317008,0.3875711013780482,0.0,0.0,1
2.72,CN,0.18517839489934063,0.26124465396111696,0.0,0.0,0.0,0.38717656932683486,0.7743531386536697,0.3871814187582738,0.0,0.0,1
2.725,CN,0.1849509206203258,0.2621521455710312,0.0,0.0,0.0,0.3867866982641638,0.7735733965283276,0.3867915428124224,0.0,0.0,1
2.73,CN,0.18472343592783602,0.2630596787247244,0.0,0.0,0.0,0.38639809577219963,0.7727961915443993,0.38640293545316695,0.0,0.0,1
2.735,CN,0.18449594254743784,0.2639672465381778,0.0,0.0,0.0,0.38600886943634904,0.7720177388726981,0.3860137042422114,0.0,0.0,1
2.74,CN,0.1842684421956693,0.2648748421633916,0.0,0.0,0.0,0.3856190267863538,0.7712380535727076,0.3856238567093917,0.0,0.0,1
2.745,CN,0.18404093658004536,0.2657824587883624,0.0,0.0,0.0,0.38523041656686646,0.7704608331337329,0.3852352416225163,0.0,0.0,1
2.75,CN,0.18381342739909357,0.2666900896369418,0.0,0.0,0.0,0.3848416349812483,0.7696832699624966,0.3848464551673637,0.0,0.0,1
2.755,CN,0.18358591634236088,0.2675977279688087,0.0,0.0,0.0,0.38445224542717643,0.7689044908543529,0.3844570607361425,0.0,0.0,1
2.7600000000000002,CN,0.1833584050904486,0.26850536707933,0.0,0.0,0.0,0.38406309454597337,0.7681261890919469,0.3840679049807796,0.0,0.0,1
2.765,CN,0.18313089531502041,0.26941300029952847,0.0,0.0,0.0,0.38367475138198476,0.7673495027639696,0.3836795569527478,0.0,0.0,1
2.77,CN,0.18290338867883696,0.27032062099594506,0.0,0.0,0.0,0.3832858085559168,0.7665716171118336,0.38329060925512576,0.0,0.0,1
2.775,CN,0.1826758868357652,0.2712282225706014,0.0,0.0,0.0,0.3828962733929238,0.7657925467858477,0.38290106921315975,0.0,0.0,1
2.7800000000000002,CN,0.1824483914308124,0.2721357984608639,0.0,0.0,0.0,0.3825081052913434,0.7650162105826868,0.38251289624972873,0.0,0.0,1
2.785,CN,0.18222090410013655,0.2730433421394029,0.0,0.0,0.0,0.38211960315285914,0.7642392063057183,0.3821243892452102,0.0,0.0,1
2.79,CN,0.18199342647108036,0.2739508471140565,0.0,0.0,0.0,0.3817305168692451,0.7634610337384902,0.3817352980882453,0.0,0.0,1
2.795,CN,0.1817659601621825,0.2748583069277857,0.0,0.0,0.0,0.38134158460051243,0.7626831692010249,0.3813463609480908,0.0,0.0,1
2.8000000000000003,CN,0.1815385067832109,0.2757657151585418,0.0,0.0,0.0,0.3809535174381641,0.7619070348763282,0.38095828892515626,0.0,0.0,1
2.805,CN,0.18131106793517549,0.2766730654192157,0.0,0.0,0.0,0.3805648742869927,0.7611297485739855,0.3805696409061844,0.0,0.0,1
2.81,CN,0.18108364521036127,0.2775803513575054,0.0,0.0,0.0,0.38017566227501653,0.7603513245500331,0.3801804240192826,0.0,0.0,1
2.815,CN,0.18085624019234134,0.27848756665586466,0.0,0.0,0.0,0.3797874408775033,0.7595748817550068,0.3797921977592514,0.0,0.0,1
2.82,CN,0.18062885445601018,0.2793947050313698,0.0,0.0,0.0,0.37939923544328935,0.7587984708865787,0.3794039874627193,0.0,0.0,1
2.825,CN,0.18040148956759744,0.28030176023566483,0.0,0.0,0.0,0.3790104691963826,0.7580209383927652,0.3790152163464702,0.0,0.0,1
2.83,CN,0.18017414708470125,0.2812087260548286,0.0,0.0,0.0,0.37862126418743614,0.7572425283748723,0.37862600646268585,0.0,0.0,1
2.835,CN,0.17994682855630226,0.28211559630931876,0.0,0.0,0.0,0.37823349138716034,0.7564669827743207,0.3782382288055108,0.0,0.0,1
2.84,CN,0.17971953552279696,0.2830223648538388,0.0,0.0,0.0,0.3778451657901213,0.7556903315802426,0.37784989834464855,0.0,0.0,1
2.845,CN,0.17949226951601271,0.28392902557727817,0.0,0.0,0.0,0.3774562943341213,0.7549125886682426,0.3774610220179885,0.0,0.0,1
2.85,CN,0.17926503205924074,0.28483557240258045,0.0,0.0,0.0,0.37706753442446345,0.7541350688489268,0.3770722572390676,0.0,0.0,1
2.855,CN,0.17903782466725154,0.2857419992866822,0.0,0.0,0.0,0.37667964469638215,0.7533592893927643,0.37668436265262256,0.0,0.0,1
2.86,CN,0.17881064884632816,0.28664830022037996,0.0,0.0,0.0,0.37629121702273827,0.7525824340454765,0.37629593011387696,0.0,0.0,1
2.865,CN,0.17858350609428214,0.2875544692282666,0.0,0.0,0.0,0.3759022582273918,0.7518045164547837,0.37590696644677657,0.0,0.0,1
2.87,CN,0.17835639790048646,0.2884605003686002,0.0,0.0,0.0,0.3755137998173952,0.7510275996347904,0.37551850317129326,0.0,0.0,1
2.875,CN,0.1781293257458923,0.28936638773323686,0.0,0.0,0.0,0.3751258114507148,0.7502516229014295,0.3751305099450135,0.0,0.0,1
2.88,CN,0.17790229110306166,0.2902721254475006,0.0,0.0,0.0,0.37473729977651893,0.7494745995530379,0.3747419934046639,0.0,0.0,1
2.8850000000000002,CN,0.17767529543618488,0.29117770767011375,0.0,0.0,0.0,0.37434827150701305,0.7486965430140262,0.3743529602625339,0.0,0.0,1
2.89,CN,0.17744834020111294,0.2920831285930678,0.0,0.0,0.0,0.37395997312267215,0.7479199462453443,0.3739646570147106,0.0,0.0,1
2.895,CN,0.1772214268453757,0.2929883824415507,0.0,0.0,0.0,0.37357190440264704,0.747143808805294,0.37357658343407973,0.0,0.0,1
2.9,CN,0.17699455680821422,0.2938934634738179,0.0,0.0,0.0,0.3731833268053951,0.7463666536107902,0.3731880009698484,0.0,0.0,1
2.9050000000000002,CN,0.17676773152059894,0.29479836598112,0.0,0.0,0.0,0.3727942469336628,0.7455884938673256,0.37279891622484557,0.0,0.0,1
2.91,CN,0.17654095240526219,0.2957030842875729,0.0,0.0,0.0,0.3724059692177907,0.7448119384355814,0.37241063364575,0.0,0.0,1
2.915,CN,0.1763142208767173,0.29660761275008146,0.0,0.0,0.0,0.3720178384366315,0.744035676873263,0.37202249800320775,0.0,0.0,1
2.92,CN,0.17608753834129032,0.2975119457582132,0.0,0.0,0.0,0.3716292130058688,0.7432584260117376,0.3716338677048665,0.0,0.0,1
2.9250000000000003,CN,0.17586090619713995,0.29841607773411866,0.0,0.0,0.0,0.37124009942090985,0.7424801988418197,0.37124474924621476,0.0,0.0,1
2.93,CN,0.17563432583428917,0.29932000313240514,0.0,0.0,0.0,0.37085170512413423,0.7417034102482685,0.3708563500847555,0.0,0.0,1
2.935,CN,0.17540779863464512,0.30022371644005763,0.0,0.0,0.0,0.37046353059094134,0.7409270611818826,0.3704681706896315,0.0,0.0,1
2.94,CN,0.1751813259720314,0.30112721217630967,0.0,0.0,0.0,0.370074875437923,0.740149750875846,0.37007951066866235,0.0,0.0,1
2.945,CN,0.1749549092122078,0.30203048489256473,0.0,0.0,0.0,0.3696857460551879,0.7393714921103758,0.36969037641203656,0.0,0.0,1
2.95,CN,0.17472854971290258,0.3029335291722677,0.0,0.0,0.0,0.3692971000267281,0.7385942000534562,0.3693017255157402,0.0,0.0,1
2.955,CN,0.17450224882383286,0.30383633963082296,0.0,0.0,0.0,0.3689089000765084,0.7378178001530168,0.3689135207032711,0.0,0.0,1
2.96,CN,0.17427600788673633,0.30473891091546856,0.0,0.0,0.0,0.36852023334295064,0.7370404666859012,0.36852484910161737,0.0,0.0,1
2.965,CN,0.1740498282353925,0.3056412377051909,0.0,0.0,0.0,0.36813110611282934,0.7362622122256587,0.3681357169976324,0.0,0.0,1
2.97,CN,0.17382371119565387,0.30654331471060076,0.0,0.0,0.0,0.3677420752910526,0.735484150582105,0.36774668130319943,0.0,0.0,1
2.975,CN,0.1735976580854679,0.3074451366738454,0.0,0.0,0.0,0.3673538682928571,0.7347077365857142,0.36735846944266637,0.0,0.0,1
2.98,CN,0.1733716702149079,0.3083466983684852,0.0,0.0,0.0,0.3669652081588268,0.7339304163176534,0.3669698044406227,0.0,0.0,1
2.985,CN,0.1731457488861951,0.3092479945994063,0.0,0.0,0.0,0.3665761010742915,0.7331522021485829,0.36658069248247604,0.0,0.0,1
2.99,CN,0.17291989539372987,0.31014902020269514,0.0,0.0,0.0,0.36618655447703763,0.7323731089540753,0.36619114100610595,0.0,0.0,1
2.995,CN,0.1726941110241138,0.31104977004555107,0.0,0.0,0.0,0.36579835884126993,0.7315967176825399,0.3658029405081429,0.0,0.0,1
3.0,CN,0.17246839705618097,0.3119502390261612,0.0,0.0,0.0,0.365409723532247,0.730819447064494,0.3654143003314176,0.0,0.0,1
3.005,CN,0.17224275476102013,0.3128504220736121,0.0,0.0,0.0,0.3650206546356796,0.7300413092713592,0.3650252265617172,0.0,0.0,1
3.0100000000000002,CN,0.17201718540200614,0.31375031414776433,0.0,0.0,0.0,0.3646311582000065,0.7292623164000129,0.364635725247556,0.0,0.0,1
3.015,CN,0.17179169023482216,0.31464991023916394,0.0,0.0,0.0,0.36424229753527554,0.7284845950705511,0.36424685971230014,0.0,0.0,1
3.02,CN,0.17156627050749104,0.3155492053689171,0.0,0.0,0.0,0.3638537053284391,0.727707410656878,0.3638582626383012,0.0,0.0,1
3.025,CN,0.17134092746039797,0.3164481945886001,0.0,0.0,0.0,0.3634646927176924,0.7269293854353849,0.3634692451551265,0.0,0.0,1
3.0300000000000002,CN,0.17111566232632147,0.3173468729801351,0.0,0.0,0.0,0.36307526565426895,0.7261505313085379,0.3630798132140839,0.0,0.0,1
3.035,CN,0.17089047633045645,0.31824523565569884,0.0,0.0,0.0,0.3626856124086036,0.7253712248172072,0.3626901550879664,0.0,0.0,1
3.04,CN,0.17066537069044516,0.3191432777575987,0.0,0.0,0.0,0.36229708163837115,0.7245941632767423,0.36230161945134104,0.0,0.0,1
3.045,CN,0.17044034661640023,0.3200409944581809,0.0,0.0,0.0,0.361908143472099,0.723816286944198,0.3619126764135732,0.0,0.0,1
3.0500000000000003,CN,0.1702154053109357,0.32093838095970667,0.0,0.0,0.0,0.36151880376549406,0.7230376075309881,0.3615233318304433,0.0,0.0,1
3.055,CN,0.16999054796919025,0.3218354324942599,0.0,0.0,0.0,0.36112906833846425,0.7222581366769285,0.3611335915219321,0.0,0.0,1
3.06,CN,0.16976577577885796,0.32273214432362374,0.0,0.0,0.0,0.36073978278356983,0.7214795655671397,0.36074430109119093,0.0,0.0,1
3.065,CN,0.16954108992021205,0.3236285117391866,0.0,0.0,0.0,0.360350937285859,0.720701874571718,0.3603554507231451,0.0,0.0,1
3.0700000000000003,CN,0.1693164915661353,0.32452453006182047,0.0,0.0,0.0,0.3599617029893755,0.719923405978751,0.3599662115514569,0.0,0.0,1
3.075,CN,0.1690919818821439,0.3254201946417857,0.0,0.0,0.0,0.3595720856207373,0.7191441712414746,0.35957658930281594,0.0,0.0,1
3.08,CN,0.16886756202641798,0.3263155008586093,0.0,0.0,0.0,0.35918209087157105,0.7183641817431421,0.35918658966892025,0.0,0.0,1
3.085,CN,0.16864323314982552,0.32721044412098965,0.0,0.0,0.0,0.35879300678297704,0.7175860135659541,0.3587975007070029,0.0,0.0,1
3.09,CN,0.1684189963959526,0.32810501986667573,0.0,0.0,0.0,0.35840389602244027,0.7168077920448805,0.35840838507280876,0.0,0.0,1
3.095,CN,0.16819485290112782,0.32899922356236955,0.0,0.0,0.0,0.35801441467190304,0.7160288293438061,0.3580188988439724,0.0,0.0,1
3.1,CN,0.16797080379445223,0.329893050703607,0.0,0.0,0.0,0.35762456833184714,0.7152491366636943,0.35762904762104586,0.0,0.0,1
3.105,CN,0.16774685019782376,0.3307864968146604,0.0,0.0,0.0,0.3572343625685346,0.7144687251370692,0.3572388369703609,0.0,0.0,1
3.11,CN,0.1675229932259674,0.3316795574484177,0.0,0.0,0.0,0.35684531780114576,0.7136906356022915,0.3568497873301412,0.0,0.0,1
3.115,CN,0.16729923398645938,0.3325722281862864,0.0,0.0,0.0,0.35645599050699456,0.7129119810139891,0.3564604551596205,0.0,0.0,1
3.12,CN,0.16707557357975725,0.3334645046380736,0.0,0.0,0.0,0.3560663104525883,0.7121326209051766,0.35607077022442635,0.0,0.0,1
3.125,CN,0.16685201309922476,0.33435638244188637,0.0,0.0,0.0,0.3556762831151083,0.7113525662302166,0.3556807380018087,0.0,0.0,1
3.13,CN,0.16662855363116102,0.33524785726401574,0.0,0.0,0.0,0.3552859139382623,0.7105718278765246,0.35529036393554353,0.0,0.0,1
3.1350000000000002,CN,0.1664051962548259,0.3361389247988353,0.0,0.0,0.0,0.354896750380481,0.709793500760962,0.3549011955034435,0.0,0.0,1
3.14,CN,0.1661819420424692,0.3370295807686846,0.0,0.0,0.0,0.3545072545719315,0.709014509143863,0.3545116948164138,0.0,0.0,1
3.145,CN,0.1659587920593558,0.3379198209237692,0.0,0.0,0.0,0.35411742346283753,0.7082348469256751,0.35412185882464,0.0,0.0,1
3.15,CN,0.16573574736379493,0.3388096410420437,0.0,0.0,0.0,0.35372726240980956,0.7074545248196191,0.3537316928847996,0.0,0.0,1
3.1550000000000002,CN,0.1655128090071653,0.3396990369291113,0.0,0.0,0.0,0.35333677673672104,0.7066735534734421,0.3533412023208327,0.0,0.0,1
3.16,CN,0.16528997803394446,0.3405880044181071,0.0,0.0,0.0,0.3529473402637879,0.7058946805275758,0.35295176097016256,0.0,0.0,1
3.165,CN,0.1650672554817337,0.34147653936959843,0.0,0.0,0.0,0.3525577232734995,0.7051154465469989,0.3525621390998761,0.0,0.0,1
3.17,CN,0.1648446423812874,0.34236463767146774,0.0,0.0,0.0,0.3521677880808891,0.7043355761617782,0.3521721990232823,0.0,0.0,1
3.1750000000000003,CN,0.1646221397565382,0.34325229523881257,0.0,0.0,0.0,0.35177753992463595,0.703555079849272,0.35178194597912577,0.0,0.0,1
3.18,CN,0.16439974862462597,0.3441395080138293,0.0,0.0,0.0,0.3513869840113889,0.7027739680227778,0.35139138517412055,0.0,0.0,1
3.185,CN,0.16417746999592306,0.3450262719657133,0.0,0.0,0.0,0.35099712443802994,0.70199424887606,0.3510015207177253,0.0,0.0,1
3.19,CN,0.16395530487406332,0.3459125830905423,0.0,0.0,0.0,0.35060743293366586,0.7012148658673317,0.3506118243324298,0.0,0.0,1
3.1950000000000003,CN,0.1637332542559672,0.34679843741117683,0.0,0.0,0.0,0.3502174399718531,0.7004348799437062,0.35022182648591,0.0,0.0,1
3.2,CN,0.1635113191318708,0.347683830977144,0.0,0.0,0.0,0.34982715067588044,0.6996543013517609,0.34983153230151864,0.0,0.0,1
3.205,CN,0.16328950048535096,0.34856875986453784,0.0,0.0,0.0,0.34943657013769797,0.6988731402753959,0.34944094687126964,0.0,0.0,1
3.21,CN,0.16306779929335405,0.34945322017590374,0.0,0.0,0.0,0.3490461411701066,0.6980922823402133,0.3490505130135102,0.0,0.0,1
3.215,CN,0.16284621652622128,0.3503372080401381,0.0,0.0,0.0,0.3486564211741528,0.6973128423483056,0.34866078813626816,0.0,0.0,1
3.22,CN,0.16262475314771727,0.3512207196123742,0.0,0.0,0.0,0.34826641612001774,0.6965328322400355,0.3482707781972746,0.0,0.0,1
3.225,CN,0.16240341011505538,0.3521037510738809,0.0,0.0,0.0,0.3478761310180602,0.6957522620361203,0.34788048820695083,0.0,0.0,1
3.23,CN,0.16218218837892623,0.3529862986319492,0.0,0.0,0.0,0.34748557084796405,0.6949711416959281,0.3474899231450433,0.0,0.0,1
3.235,CN,0.16196108888352292,0.35386835851979126,0.0,0.0,0.0,0.3470947405589097,0.6941894811178193,0.3470990879607942,0.0,0.0,1
3.24,CN,0.16174011256656953,0.3547499269964272,0.0,0.0,0.0,0.3467047269431531,0.6934094538863063,0.3467090694600719,0.0,0.0,1
3.245,CN,0.16151926035934622,0.3556310003465845,0.0,0.0,0.0,0.34631475485396934,0.6926295097079387,0.3463190924864425,0.0,0.0,1
3.25,CN,0.16129853318671777,0.35651157488058427,0.0,0.0,0.0,0.3459245186674506,0.6918490373349013,0.3459288514121703,0.0,0.0,1
3.255,CN,0.1610779319671585,0.357391646934242,0.0,0.0,0.0,0.34553402325337446,0.6910680465067489,0.34553835110709374,0.0,0.0,1
3.2600000000000002,CN,0.16085745761278084,0.35827121286875346,0.0,0.0,0.0,0.34514327345165874,0.6902865469033175,0.3451475964111914,0.0,0.0,1
3.265,CN,0.16063711102936024,0.3591502690705953,0.0,0.0,0.0,0.3447523905352595,0.6895047810705189,0.3447567085989383,0.0,0.0,1
3.27,CN,0.1604168931163633,0.3600288119514126,0.0,0.0,0.0,0.3443624958650215,0.6887249917300429,0.34436680904522426,0.0,0.0,1
3.275,CN,0.1601968047669731,0.3609068379479187,0.0,0.0,0.0,0.3439723527190498,0.6879447054380996,0.3439766610126645,0.0,0.0,1
3.2800000000000002,CN,0.15997684686811695,0.3617843435217833,0.0,0.0,0.0,0.34358196585949435,0.6871639317189886,0.3435862692634683,0.0,0.0,1
3.285,CN,0.15975702030049163,0.3626613251595324,0.0,0.0,0.0,0.34319134001927293,0.6863826800385457,0.3431956385306129,0.0,0.0,1
3.29,CN,0.15953732593859132,0.3635377793724371,0.0,0.0,0.0,0.3428004799022223,0.6856009598044446,0.34280477351799404,0.0,0.0,1
3.295,CN,0.15931776465073255,0.36441370269641354,0.0,0.0,0.0,0.3424096802194495,0.684819360438899,0.3424139689404099,0.0,0.0,1
3.3000000000000003,CN,0.15909833729908185,0.36528909169191287,0.0,0.0,0.0,0.3420196736574424,0.6840393473148847,0.3420239574935253,0.0,0.0,1
3.305,CN,0.1588790447396811,0.3661639429438201,0.0,0.0,0.0,0.341629438575791,0.6832588771515818,0.34163371752413424,0.0,0.0,1
3.31,CN,0.15865988782247487,0.3670382530613449,0.0,0.0,0.0,0.34123897960260324,0.6824779592052066,0.34124325366040265,0.0,0.0,1
3.315,CN,0.1584408673913355,0.3679120186779218,0.0,0.0,0.0,0.34084830133751437,0.6816966026750287,0.34085257050202317,0.0,0.0,1
3.3200000000000003,CN,0.15822198428409057,0.36878523645110045,0.0,0.0,0.0,0.3404574083518394,0.6809148167036788,0.3404616726203682,0.0,0.0,1
3.325,CN,0.15800323933254773,0.3696579030624464,0.0,0.0,0.0,0.34006652336202237,0.6801330467240447,0.34007078273467134,0.0,0.0,1
3.33,CN,0.15778463336252235,0.37053001521743106,0.0,0.0,0.0,0.3396764827196047,0.6793529654392094,0.3396807372069494,0.0,0.0,1
3.335,CN,0.1575661671938621,0.3714015696453335,0.0,0.0,0.0,0.339286232963149,0.678572465926298,0.3392904825625702,0.0,0.0,1
3.34,CN,0.1573478416404741,0.3722725630991322,0.0,0.0,0.0,0.33889577859019465,0.6777915571803894,0.3389000232991296,0.0,0.0,1
3.345,CN,0.1571296575103502,0.3731429923554042,0.0,0.0,0.0,0.3385051240705517,0.6770102481411036,0.3385093638864935,0.0,0.0,1
3.35,CN,0.15691161560559347,0.37401285421421937,0.0,0.0,0.0,0.3381142738464396,0.6762285476928793,0.338118508766937,0.0,0.0,1
3.355,CN,0.1566937167224435,0.37488214549903925,0.0,0.0,0.0,0.33772323233263674,0.6754464646652735,0.3377274623552938,0.0,0.0,1
3.36,CN,0.15647596165130284,0.37575086305661226,0.0,0.0,0.0,0.3373331422807617,0.6746662845615234,0.3373373674174956,0.0,0.0,1
3.365,CN,0.156258351176762,0.3766190037568731,0.0,0.0,0.0,0.3369429533017918,0.6738859066035836,0.33694717355136344,0.0,0.0,1
3.37,CN,0.15604088607762628,0.3774865644928365,0.0,0.0,0.0,0.33655257844841036,0.6731051568968207,0.3365567938084917,0.0,0.0,1
3.375,CN,0.15582356712694034,0.37835354218049855,0.0,0.0,0.0,0.3361620220639309,0.6723240441278617,0.3361662325322482,0.0,0.0,1
3.38,CN,0.15560639509201446,0.37921993375873236,0.0,0.0,0.0,0.33577128846479104,0.6715425769295821,0.3357754940391247,0.0,0.0,1
3.3850000000000002,CN,0.1553893707344497,0.38008573618918745,0.0,0.0,0.0,0.3353803819406936,0.6707607638813871,0.33538458261887766,0.0,0.0,1
3.39,CN,0.15517249481016415,0.3809509464561852,0.0,0.0,0.0,0.3349898685355779,0.6699797370711558,0.3349940643225363,0.0,0.0,1
3.395,CN,0.15495576806941738,0.3818155615666212,0.0,0.0,0.0,0.33459981402626704,0.6691996280525341,0.3346040049277475,0.0,0.0,1
3.4,CN,0.15473919125683655,0.3826795785498612,0.0,0.0,0.0,0.33420959186513477,0.6684191837302697,0.33421377787903744,0.0,0.0,1
3.4050000000000002,CN,0.15452276511144156,0.38354299445764056,0.0,0.0,0.0,0.33381920627221806,0.6676384125444361,0.33382338739649586,0.0,0.0,1
3.41,CN,0.15430649036667027,0.3844058063639638,0.0,0.0,0.0,0.3334286614413697,0.6668573228827394,0.33343283767402815,0.0,0.0,1
3.415,CN,0.15409036775040366,0.3852680113650043,0.0,0.0,0.0,0.33303796154039467,0.6660759230807893,0.3330421328794916,0.0,0.0,1
3.42,CN,0.1538743979849914,0.3861296065790022,0.0,0.0,0.0,0.3326471107111838,0.6652942214223676,0.33265127715482873,0.0,0.0,1
3.4250000000000003,CN,0.15365858178727632,0.3869905891461665,0.0,0.0,0.0,0.3322570267016258,0.6645140534032516,0.3322611882594233,0.0,0.0,1
3.43,CN,0.1534429198686202,0.38785095622857274,0.0,0.0,0.0,0.33186702870372975,0.6637340574074595,0.3318711853767571,0.0,0.0,1
3.435,CN,0.15322741293492792,0.3887107050100661,0.0,0.0,0.0,0.33147688486987503,0.6629537697397501,0.33148103665630557,0.0,0.0,1
3.44,CN,0.15301206168667328,0.389569832696159,0.0,0.0,0.0,0.3310865992744199,0.6621731985488398,0.33109074617247813,0.0,0.0,1
3.4450000000000003,CN,0.15279686681892307,0.3904283365139344,0.0,0.0,0.0,0.3306961759663441,0.6613923519326882,0.3307003179743051,0.0,0.0,1
3.45,CN,0.15258182902136253,0.3912862137119446,0.0,0.0,0.0,0.3303056189693772,0.6606112379387544,0.3303097560855665,0.0,0.0,1
3.455,CN,0.15236694897831957,0.3921434615601147,0.0,0.0,0.0,0.32991493228213065,0.6598298645642613,0.32991906450492386,0.0,0.0,1
3.46,CN,0.15215222736878986,0.39300007734964226,0.0,0.0,0.0,0.3295250961028227,0.6590501922056454,0.32952922344287255,0.0,0.0,1
3.465,CN,0.15193766486646113,0.39385605839290055,0.0,0.0,0.0,0.3291352633484137,0.6582705266968274,0.3291393858057631,0.0,0.0,1
3.47,CN,0.15172326213973808,0.394711402023339,0.0,0.0,0.0,0.32874530582051353,0.6574906116410272,0.3287494233935997,0.0,0.0,1
3.475,CN,0.1515090198517664,0.3955661055953875,0.0,0.0,0.0,0.3283552274522473,0.6567104549044946,0.32835934013955664,0.0,0.0,1
3.48,CN,0.15129493866045785,0.3964201664843564,0.0,0.0,0.0,0.32796503215213624,0.6559300643042725,0.32796913995220417,0.0,0.0,1
3.485,CN,0.15108101921851383,0.3972735820863423,0.0,0.0,0.0,0.3275747238042236,0.6551494476084472,0.3275788267156342,0.0,0.0,1
3.49,CN,0.15086726217345048,0.39812634981812794,0.0,0.0,0.0,0.3271843062682025,0.654368612536405,0.3271884042895882,0.0,0.0,1
3.495,CN,0.15065366816762227,0.3989784671170884,0.0,0.0,0.0,0.32679454460107277,0.6535890892021454,0.3267986377406483,0.0,0.0,1
3.5,CN,0.15044023783824662,0.3998299314410923,0.0,0.0,0.0,0.32640498237683346,0.6528099647536669,0.326409070637097,0.0,0.0,1
3.505,CN,0.15022697181742767,0.4006807402684076,0.0,0.0,0.0,0.32601531571083336,0.6520306314216667,0.3260193990904767,0.0,0.0,1
3.5100000000000002,CN,0.1500138707321807,0.40153089109760376,0.0,0.0,0.0,0.3256255483992452,0.6512510967984904,0.32562962689700775,0.0,0.0,1
3.515,CN,0.14980093520445567,0.40238038144745797,0.0,0.0,0.0,0.32523568421438664,0.6504713684287733,0.32523975782905507,0.0,0.0,1
3.52,CN,0.14958816585116153,0.4032292088568581,0.0,0.0,0.0,0.3248457269048462,0.6496914538096924,0.3248497956352541,0.0,0.0,1
3.525,CN,0.14937556328418958,0.40407737088470963,0.0,0.0,0.0,0.324455680195605,0.64891136039121,0.3244597440406326,0.0,0.0,1
3.5300000000000002,CN,0.149163128110438,0.4049248651098377,0.0,0.0,0.0,0.3240658277522889,0.6481316555045779,0.3240698867143695,0.0,0.0,1
3.535,CN,0.14895086093183466,0.4057716891308962,0.0,0.0,0.0,0.3236766380028041,0.6473532760056082,0.3236806920902379,0.0,0.0,1
3.54,CN,0.14873876234536143,0.4066178405662705,0.0,0.0,0.0,0.3232873634342714,0.6465747268685428,0.3232914126459961,0.0,0.0,1
3.545,CN,0.14852683294307742,0.40746331705398514,0.0,0.0,0.0,0.3228980077100408,0.6457960154200815,0.3229020520450398,0.0,0.0,1
3.5500000000000003,CN,0.1483150733121426,0.4083081162516094,0.0,0.0,0.0,0.3225085744703319,0.6450171489406638,0.3225126139276345,0.0,0.0,1
3.555,CN,0.1481034840348412,0.40915223583616406,0.0,0.0,0.0,0.32211906733235857,0.6442381346647171,0.32212310191103904,0.0,0.0,1
3.56,CN,0.14789206568860508,0.40999567350402766,0.0,0.0,0.0,0.3217294898904443,0.6434589797808886,0.32173351958962215,0.0,0.0,1
3.565,CN,0.1476808188460369,0.41083842697084494,0.0,0.0,0.0,0.3213398457161439,0.6426796914322879,0.3213438705349833,0.0,0.0,1
3.5700000000000003,CN,0.14746974407493374,0.41168049397143186,0.0,0.0,0.0,0.320950670621633,0.641901341243266,0.32095469056600917,0.0,0.0,1
3.575,CN,0.1472588419383097,0.41252187225968584,0.0,0.0,0.0,0.32056188616289677,0.6411237723257935,0.3205659012377025,0.0,0.0,1
3.58,CN,0.14704811299441942,0.4133625596084919,0.0,0.0,0.0,0.3201730393541657,0.6403460787083314,0.32017704955862003,0.0,0.0,1
3.585,CN,0.1468375577967808,0.4142025538096316,0.0,0.0,0.0,0.3197841337075263,0.6395682674150526,0.3197881390408923,0.0,0.0,1
3.59,CN,0.14662717689419824,0.4150418526736909,0.0,0.0,0.0,0.3193951727127536,0.6387903454255072,0.319399173174338,0.0,0.0,1
3.595,CN,0.1464169708307852,0.41588045402997004,0.0,0.0,0.0,0.31900615983743075,0.6380123196748616,0.31901015542658384,0.0,0.0,1
3.6,CN,0.14620694014598737,0.41671835572639065,0.0,0.0,0.0,0.3186170985270638,0.6372341970541276,0.31862108924317883,0.0,0.0,1
3.605,CN,0.1459970853746049,0.4175555556294076,0.0,0.0,0.0,0.31822799220519415,0.6364559844103883,0.31823197804770736,0.0,0.0,1
3.61,CN,0.14578740704681561,0.4183920516239162,0.0,0.0,0.0,0.31783930969790264,0.6356786193958053,0.31784329067212236,0.0,0.0,1
3.615,CN,0.14557790568819712,0.4192278416131639,0.0,0.0,0.0,0.31745106602180023,0.6349021320436005,0.3174550421332229,0.0,0.0,1
3.62,CN,0.1453685818197498,0.42006292351865865,0.0,0.0,0.0,0.31706278152489253,0.6341255630497851,0.31706675277300683,0.0,0.0,1
3.625,CN,0.1451594359579187,0.4208972952800816,0.0,0.0,0.0,0.3166744595733227,0.6333489191466454,0.3166784259576595,0.0,0.0,1
3.63,CN,0.1449504686146164,0.4217309548551957,0.0,0.0,0.0,0.31628610351171516,0.6325722070234303,0.31629006503184726,0.0,0.0,1
3.6350000000000002,CN,0.14474168029724505,0.42256390021975837,0.0,0.0,0.0,0.3158977166632875,0.631795433326575,0.31590167331882923,0.0,0.0,1
3.64,CN,0.14453307150871875,0.4233961293674312,0.0,0.0,0.0,0.31550930232996033,0.6310186046599207,0.3155132541205675,0.0,0.0,1
3.645,CN,0.14432464274748547,0.42422764030969334,0.0,0.0,0.0,0.31512086379246884,0.6302417275849377,0.31512481071783827,0.0,0.0,1
3.65,CN,0.14411639450754943,0.42505843107575203,0.0,0.0,0.0,0.3147324994441126,0.6294649988882252,0.3147364415051735,0.0,0.0,1
3.6550000000000002,CN,0.1439083272784929,0.42588849971245535,0.0,0.0,0.0,0.3143449266487406,0.6286898532974812,0.3143488638554073,0.0,0.0,1
3.66,CN,0.14370044154549824,0.4267178442842047,0.0,0.0,0.0,0.3139573336543985,0.627914667308797,0.313961266006418,0.0,0.0,1
3.665,CN,0.1434927377893698,0.42754646287286696,0.0,0.0,0.0,0.31356972368640923,0.6271394473728185,0.31357365118356895,0.0,0.0,1
3.67,CN,0.14328521648655562,0.42837435357768844,0.0,0.0,0.0,0.3131820999493371,0.6263641998986743,0.3131860225914646,0.0,0.0,1
3.6750000000000003,CN,0.14307787810916908,0.42920151451520816,0.0,0.0,0.0,0.31279446562709656,0.6255889312541931,0.31279838341405913,0.0,0.0,1
3.68,CN,0.14287072312501087,0.43002794381917026,0.0,0.0,0.0,0.31240682388305896,0.6248136477661179,0.3124107368147637,0.0,0.0,1
3.685,CN,0.14266375199759013,0.4308536396404397,0.0,0.0,0.0,0.3120191778601598,0.6240383557203197,0.31202308593655326,0.0,0.0,1
3.69,CN,0.1424569651861464,0.4316786001469147,0.0,0.0,0.0,0.31163153068100463,0.6232630613620093,0.31163543390207216,0.0,0.0,1
3.6950000000000003,CN,0.14225036314567063,0.43250282352344294,0.0,0.0,0.0,0.311244190198797,0.622488380397594,0.31124808856838004,0.0,0.0,1
3.7,CN,0.14204394632692688,0.433326307971735,0.0,0.0,0.0,0.3108574127181366,0.6217148254362732,0.31086130624328684,0.0,0.0,1
3.705,CN,0.14183771517647342,0.43414905171027995,0.0,0.0,0.0,0.310470637873592,0.6209412757471842,0.31047452655434254,0.0,0.0,1
3.71,CN,0.14163167013668393,0.4349710529742612,0.0,0.0,0.0,0.3100838687345686,0.6201677374691372,0.31008775257099075,0.0,0.0,1
3.715,CN,0.14142581164576876,0.43579231001547136,0.0,0.0,0.0,0.3096971083505516,0.6193942167011032,0.30970098734275503,0.0,0.0,1
3.72,CN,0.14122014013779577,0.4366128211022292,0.0,0.0,0.0,0.30931035975121013,0.6186207195024204,0.30931423389934254,0.0,0.0,1
3.725,CN,0.14101465604271166,0.4374325845192945,0.0,0.0,0.0,0.3089236259465004,0.6178472518930008,0.30892749525074703,0.0,0.0,1
3.73,CN,0.14080935978636255,0.438251598567786,0.0,0.0,0.0,0.30853690992676785,0.6170738198535357,0.30854077438735145,0.0,0.0,1
3.735,CN,0.140604251790515,0.4390698615650977,0.0,0.0,0.0,0.3081502146628496,0.6163004293256992,0.30815407428003017,0.0,0.0,1
3.74,CN,0.14039933247287673,0.4398873718448158,0.0,0.0,0.0,0.3077637098504551,0.6155274197009102,0.3077675646266181,0.0,0.0,1
3.745,CN,0.14019460224711733,0.4407041277566365,0.0,0.0,0.0,0.3073778882925332,0.6147557765850664,0.30738173823623643,0.0,0.0,1
3.75,CN,0.13999006152288887,0.4415201276662835,0.0,0.0,0.0,0.3069920910779413,0.6139841821558826,0.3069959361894896,0.0,0.0,1
3.755,CN,0.13978571070584644,0.44233536995542616,0.0,0.0,0.0,0.3066063211264305,0.613212642252861,0.3066101614061654,0.0,0.0,1
3.7600000000000002,CN,0.13958155019766863,0.44314985302159793,0.0,0.0,0.0,0.30622058133863633,0.6124411626772728,0.30622441678693574,0.0,0.0,1
3.765,CN,0.13937758039607792,0.4439635752781146,0.0,0.0,0.0,0.305834874596179,0.611669749192358,0.3058387052134567,0.0,0.0,1
3.77,CN,0.13917380169486104,0.4447765351539935,0.0,0.0,0.0,0.30544920376176193,0.610898407523524,0.30545302954846776,0.0,0.0,1
3.775,CN,0.13897021448388913,0.44558873109387304,0.0,0.0,0.0,0.30506357167927156,0.6101271433585431,0.3050673926358908,0.0,0.0,1
3.7800000000000002,CN,0.13876681914913808,0.44640016155793116,0.0,0.0,0.0,0.3046779811738752,0.6093559623477505,0.30468179730092865,0.0,0.0,1
3.785,CN,0.13856361607270845,0.44721082502180626,0.0,0.0,0.0,0.3042924350521168,0.6085848701042336,0.3042962463501603,0.0,0.0,1
3.79,CN,0.13836060563284555,0.44802071997651705,0.0,0.0,0.0,0.3039074235162307,0.6078148470324614,0.30391122999196,0.0,0.0,1
3.795,CN,0.13815778820395955,0.44882984492838224,0.0,0.0,0.0,0.3035227557356758,0.6070455114713516,0.30352655739339657,0.0,0.0,1
3.8000000000000003,CN,0.13795516415664516,0.4496381983989418,0.0,0.0,0.0,0.30313813569850606,0.6062762713970121,0.30314193253881627,0.0,0.0,1
3.805,CN,0.1377527338577016,0.4504457789248779,0.0,0.0,0.0,0.3027535661624802,0.6055071323249605,0.3027573581860124,0.0,0.0,1
3.81,CN,0.13755049767015207,0.45125258505793653,0.0,0.0,0.0,0.3023690498671126,0.6047380997342251,0.3023728370745335,0.0,0.0,1
3.815,CN,0.13734845595326373,0.45205861536484826,0.0,0.0,0.0,0.3019845895337651,0.6039691790675302,0.3019883719257758,0.0,0.0,1
3.8200000000000003,CN,0.1371466090625672,0.45286386842725024,0.0,0.0,0.0,0.30160018786574433,0.6032003757314887,0.30160396544307955,0.0,0.0,1
3.825,CN,0.13694495734987588,0.45366834284160934,0.0,0.0,0.0,0.3012158475483958,0.6024316950967916,0.301219620311824,0.0,0.0,1
3.83,CN,0.13674350116330566,0.4544720372191433,0.0,0.0,0.0,0.30083157124919646,0.6016631424983929,0.3008353391995194,0.0,0.0,1
3.835,CN,0.13654224084729405,0.4552749501857444,0.0,0.0,0.0,0.3004473616178495,0.600894723235699,0.30045112475590224,0.0,0.0,1
3.84,CN,0.13634117674261964,0.45607708038190187,0.0,0.0,0.0,0.30006364629810145,0.6001272925962029,0.3000674046300753,0.0,0.0,1
3.845,CN,0.13614030918642128,0.4568784264626256,0.0,0.0,0.0,0.2996803195655712,0.5993606391311423,0.29968407309633327,0.0,0.0,1
3.85,CN,0.13593963851221716,0.4576789870973698,0.0,0.0,0.0,0.2992970626425397,0.5985941252850795,0.2993008113729644,0.0,0.0,1
3.855,CN,0.135739165049924,0.45847876096995627,0.0,0.0,0.0,0.29891387813211595,0.597827756264232,0.29891762206311023,0.0,0.0,1
3.86,CN,0.1355388891258759,0.4592777467784997,0.0,0.0,0.0,0.29853076861999256,0.5970615372399851,0.2985345077524957,0.0,0.0,1
3.865,CN,0.13533881106284334,0.4600759432353312,0.0,0.0,0.0,0.298147736674539,0.596295473349078,0.29815147100952255,0.0,0.0,1
3.87,CN,0.13513893118005216,0.4608733490669234,0.0,0.0,0.0,0.29776478484689123,0.5955295696937825,0.2977685143853588,0.0,0.0,1
3.875,CN,0.1349392497932021,0.46166996301381563,0.0,0.0,0.0,0.29738191567104144,0.5947638313420829,0.29738564041402815,0.0,0.0,1
3.88,CN,0.13473976721448566,0.46246578383053943,0.0,0.0,0.0,0.29699913166393,0.59399826332786,0.2970028516125026,0.0,0.0,1
3.8850000000000002,CN,0.13454048375260674,0.4632608102855436,0.0,0.0,0.0,0.296616435325532,0.5932328706510641,0.29662015048078866,0.0,0.0,1
3.89,CN,0.13434139971279907,0.46405504116112106,0.0,0.0,0.0,0.29623383391844765,0.5924676678368953,0.2962375442815772,0.0,0.0,1
3.895,CN,0.13414251539684488,0.4648484752533342,0.0,0.0,0.0,0.29585202495519297,0.5917040499103859,0.295855730536121,0.0,0.0,1
3.9,CN,0.1339438311030932,0.46564111137194186,0.0,0.0,0.0,0.29547030659333096,0.5909406131866619,0.29547400739319224,0.0,0.0,1
3.9050000000000002,CN,0.1337453471264782,0.4664329483403263,0.0,0.0,0.0,0.2950886812883317,0.5901773625766635,0.29509237730829185,0.0,0.0,1
3.91,CN,0.13354706375853753,0.46722398499541984,0.0,0.0,0.0,0.29470715147904286,0.5894143029580857,0.2947108427202978,0.0,0.0,1
3.915,CN,0.13334898128743053,0.4680142201876324,0.0,0.0,0.0,0.29432571958777987,0.5886514391755597,0.29432940605155616,0.0,0.0,1
3.92,CN,0.13315109999795618,0.4688036527807797,0.0,0.0,0.0,0.29394438802041156,0.5878887760408231,0.2939480697079657,0.0,0.0,1
3.9250000000000003,CN,0.13295342017157136,0.46959228165201067,0.0,0.0,0.0,0.293563159166446,0.5871263183328921,0.2935668360790646,0.0,0.0,1
3.93,CN,0.13275594208640876,0.47038010569173566,0.0,0.0,0.0,0.29318203539911714,0.5863640707982343,0.2931857075381163,0.0,0.0,1
3.935,CN,0.1325586660172947,0.4711671238035557,0.0,0.0,0.0,0.2928010190754711,0.5856020381509423,0.29280468644219665,0.0,0.0,1
3.94,CN,0.1323615922357672,0.47195333490419017,0.0,0.0,0.0,0.2924201125364508,0.5848402250729016,0.29242377513227774,0.0,0.0,1
3.9450000000000003,CN,0.13216472101009347,0.4727387379234072,0.0,0.0,0.0,0.2920393181069803,0.5840786362139606,0.29204297593331285,0.0,0.0,1
3.95,CN,0.13196805260528777,0.4735233318039521,0.0,0.0,0.0,0.2916592243853102,0.5833184487706204,0.2916628774509248,0.0,0.0,1
3.955,CN,0.131771587283129,0.47430711550147764,0.0,0.0,0.0,0.29127932249373967,0.5825586449874793,0.291282970801039,0.0,0.0,1
3.96,CN,0.13157532530217825,0.4750900879844736,0.0,0.0,0.0,0.290899535391409,0.581799070782818,0.2909031789418308,0.0,0.0,1
3.9650000000000003,CN,0.13137926691779628,0.47587224823419744,0.0,0.0,0.0,0.29051986536121205,0.581039730722424,0.29052350415622263,0.0,0.0,1
3.97,CN,0.13118341238216094,0.47665359524460443,0.0,0.0,0.0,0.2901403146703479,0.5802806293406958,0.2901439487114421,0.0,0.0,1
3.975,CN,0.1309877619442845,0.47743412802227886,0.0,0.0,0.0,0.28976088557040486,0.5795217711408097,0.2897645148591056,0.0,0.0,1
3.98,CN,0.13079231585003084,0.47821384558636504,0.0,0.0,0.0,0.2893815802974419,0.5787631605948838,0.28938520483530006,0.0,0.0,1
3.985,CN,0.13059707434213286,0.47899274696849836,0.0,0.0,0.0,0.2890024010720728,0.5780048021441457,0.2890060208606673,0.0,0.0,1
3.99,CN,0.13040203766020936,0.4797708312127375,0.0,0.0,0.0,0.2886233500995446,0.5772467001990893,0.2886269651404817,0.0,0.0,1
3.995,CN,0.1302072060407822,0.4805480973754962,0.0,0.0,0.0,0.28824442956982127,0.5764888591396425,0.28824803986473474,0.0,0.0,1
4.0,CN,0.13001257971729333,0.48132454452547535,0.0,0.0,0.0,0.28786564165766354,0.5757312833153271,0.28786924720821444,0.0,0.0,1
4.005,CN,0.12981815892012166,0.4821001717435954,0.0,0.0,0.0,0.2874870745435679,0.5749741490871358,0.2874906753525218,0.0,0.0,1
4.01,CN,0.12962394387659995,0.48287497812292934,0.0,0.0,0.0,0.287109183670846,0.574218367341692,0.2871127797466729,0.0,0.0,1
4.015,CN,0.12942993481103146,0.4836489627686362,0.0,0.0,0.0,0.28673142788062606,0.5734628557612521,0.2867350192250179,0.0,0.0,1
4.0200000000000005,CN,0.12923613194470676,0.48442212479789376,0.0,0.0,0.0,0.28635380930774795,0.5727076186154959,0.2863573959224233,0.0,0.0,1
4.025,CN,0.12904253549592037,0.48519446333983235,0.0,0.0,0.0,0.2859763300721565,0.571952660144313,0.2859799119588607,0.0,0.0,1
4.03,CN,0.1288491456799872,0.4859659775354693,0.0,0.0,0.0,0.28559899227897984,0.5711979845579597,0.28560256943948437,0.0,0.0,1
4.035,CN,0.12865596270925939,0.48673666653764164,0.0,0.0,0.0,0.2852217980186104,0.5704435960372208,0.2852253704547131,0.0,0.0,1
4.04,CN,0.12846298679314216,0.4875065295109428,0.0,0.0,0.0,0.284844749366781,0.5696894987335621,0.2848483170803056,0.0,0.0,1
4.045,CN,0.12827021813811076,0.4882755656316554,0.0,0.0,0.0,0.2844678483846439,0.5689356967692878,0.28447141137744,0.0,0.0,1
4.05,CN,0.12807765694772638,0.48904377408768723,0.0,0.0,0.0,0.2840910971188462,0.5681821942376925,0.284094655392789,0.0,0.0,1
4.055,CN,0.1278853034226525,0.48981115407850634,0.0,0.0,0.0,0.2837144976016092,0.5674289952032183,0.28371805115859927,0.0,0.0,1
4.0600000000000005,CN,0.12769315776067103,0.4905777048150766,0.0,0.0,0.0,0.2833380518508048,0.5666761037016096,0.2833416006927682,0.0,0.0,1
4.065,CN,0.1275012201566984,0.49134342551979354,0.0,0.0,0.0,0.28296176187002875,0.5659235237400575,0.2829653059989165,0.0,0.0,1
4.07,CN,0.12730949080280157,0.4921083154264204,0.0,0.0,0.0,0.28258604676390536,0.5651720935278107,0.2825895861869179,0.0,0.0,1
4.075,CN,0.12711796988821394,0.49287237378002463,0.0,0.0,0.0,0.2822106585877475,0.564421317175495,0.28221419330897957,0.0,0.0,1
4.08,CN,0.12692665759935132,0.4936355998369144,0.0,0.0,0.0,0.2818354283948323,0.5636708567896646,0.2818389584162626,0.0,0.0,1
4.085,CN,0.12673555411982756,0.4943979928645759,0.0,0.0,0.0,0.28146035815127274,0.5629207163025455,0.2814638834749048,0.0,0.0,1
4.09,CN,0.1265446596304706,0.4951595521416097,0.0,0.0,0.0,0.28108544980919886,0.5621708996183977,0.28108897043706044,0.0,0.0,1
4.095,CN,0.12635397430933776,0.4959202769576694,0.0,0.0,0.0,0.28071070530683195,0.5614214106136639,0.28071422124097517,0.0,0.0,1
4.1,CN,0.12616349833173168,0.4966801666133982,0.0,0.0,0.0,0.280336126568558,0.560672253137116,0.2803396378110591,0.0,0.0,1
4.105,CN,0.12597323187021564,0.49743922042036787,0.0,0.0,0.0,0.2799617155050027,0.5599234310100054,0.27996522205796176,0.0,0.0,1
4.11,CN,0.12578317509462922,0.4981974377010161,0.0,0.0,0.0,0.27958747401310347,0.5591749480262069,0.27959097587864445,0.0,0.0,1
4.115,CN,0.12559332817210336,0.49895481778858647,0.0,0.0,0.0,0.279213403976184,0.558426807952368,0.27921690115645437,0.0,0.0,1
4.12,CN,0.12540369126707623,0.4997113600270653,0.0,0.0,0.0,0.2788395072640252,0.5576790145280504,0.27884299976119586,0.0,0.0,1
4.125,CN,0.1252142645413081,0.500467063771122,0.0,0.0,0.0,0.27846578573293884,0.5569315714658777,0.27846927354920403,0.0,0.0,1
4.13,CN,0.12502504815389662,0.5012219283860485,0.0,0.0,0.0,0.27809224122583814,0.5561844824516763,0.27809572436341506,0.0,0.0,1
4.135,CN,0.12483604226129202,0.5019759532476983,0.0,0.0,0.0,0.277719164124815,0.55543832824963,0.2777226425895579,0.0,0.0,1
4.14,CN,0.12464724701731224,0.5027291377424262,0.0,0.0,0.0,0.2773465256977779,0.5546930513955558,0.2773499994951813,0.0,0.0,1
4.1450000000000005,CN,0.12445866257315778,0.503481481267029,0.0,0.0,0.0,0.27697406627091264,0.5539481325418252,0.27697753540321846,0.0,0.0,1
4.15,CN,0.12427028907742668,0.5042329832286861,0.0,0.0,0.0,0.2766017876519427,0.5532035753038854,0.27660525212141573,0.0,0.0,1
4.155,CN,0.12408212667612958,0.5049836430448992,0.0,0.0,0.0,0.27622969163546723,0.5524593832709345,0.2762331514443945,0.0,0.0,1
4.16,CN,0.12389417551270426,0.5057334601434336,0.0,0.0,0.0,0.27585778000303324,0.5517155600060665,0.2758612351537241,0.0,0.0,1
4.165,CN,0.12370643572803065,0.5064824339622596,0.0,0.0,0.0,0.2754860545232022,0.5509721090464044,0.27548950501798836,0.0,0.0,1
4.17,CN,0.12351890746044521,0.5072305639494941,0.0,0.0,0.0,0.27511451695162403,0.5502290339032481,0.275117962792859,0.0,0.0,1
4.175,CN,0.12333159084575586,0.5079778495633417,0.0,0.0,0.0,0.274743169031101,0.549486338062202,0.2747466102211602,0.0,0.0,1
4.18,CN,0.12314448601725632,0.508724290272037,0.0,0.0,0.0,0.27437201249166093,0.5487440249833219,0.2743754490329414,0.0,0.0,1
4.1850000000000005,CN,0.12295759310574073,0.5094698855537866,0.0,0.0,0.0,0.274001049050624,0.548002098101248,0.27400448094554436,0.0,0.0,1
4.19,CN,0.12277091223951792,0.5102146348967119,0.0,0.0,0.0,0.27363028041267057,0.5472605608253411,0.27363370766367073,0.0,0.0,1
4.195,CN,0.12258444354442588,0.510958537798792,0.0,0.0,0.0,0.27325970826991003,0.5465194165398201,0.27326313087945114,0.0,0.0,1
4.2,CN,0.1223981871438461,0.5117015937678053,0.0,0.0,0.0,0.27288933430194795,0.5457786686038959,0.27289275227251214,0.0,0.0,1
4.205,CN,0.12221214315871765,0.5124438023212747,0.0,0.0,0.0,0.27251941400740537,0.5450388280148107,0.272522827344675,0.0,0.0,1
4.21,CN,0.12202631170755146,0.5131851629864096,0.0,0.0,0.0,0.272149949995154,0.544299899990308,0.27215335870484403,0.0,0.0,1
4.215,CN,0.12184069290644442,0.5139256753000502,0.0,0.0,0.0,0.2717806858901154,0.5435613717802308,0.27178408997472964,0.0,0.0,1
4.22,CN,0.12165528686909335,0.5146653388086114,0.0,0.0,0.0,0.27141162333905466,0.5428232466781092,0.2714150228011176,0.0,0.0,1
4.225,CN,0.12147009370680906,0.5154041530680272,0.0,0.0,0.0,0.27104276397649096,0.5420855279529819,0.27104615881854766,0.0,0.0,1
4.23,CN,0.1212851135285302,0.516142117643695,0.0,0.0,0.0,0.2706741094247606,0.5413482188495211,0.2706774996493762,0.0,0.0,1
4.235,CN,0.12110034644083714,0.5168792321104204,0.0,0.0,0.0,0.27030566129408606,0.5406113225881721,0.27030904690384616,0.0,0.0,1
4.24,CN,0.12091579254796582,0.5176154960523619,0.0,0.0,0.0,0.26993742118263936,0.5398748423652787,0.2699408021801494,0.0,0.0,1
4.245,CN,0.1207314519518213,0.5183509090629767,0.0,0.0,0.0,0.26956939067660707,0.5391387813532141,0.2695727670644923,0.0,0.0,1
4.25,CN,0.12054732475199165,0.5190854707449659,0.0,0.0,0.0,0.26920157135025496,0.5384031427005099,0.26920494313116045,0.0,0.0,1
4.255,CN,0.12036341104576143,0.51981918071022,0.0,0.0,0.0,0.2688339647659927,0.5376679295319855,0.26883733194258314,0.0,0.0,1
4.26,CN,0.1201797109281252,0.5205520385797653,0.0,0.0,0.0,0.26846657247443806,0.5369331449488761,0.26846993504939737,0.0,0.0,1
4.265,CN,0.1199962244918011,0.5212840439837096,0.0,0.0,0.0,0.26809939601448063,0.5361987920289613,0.2681027539905122,0.0,0.0,1
4.2700000000000005,CN,0.11981295182724415,0.5220151965611893,0.0,0.0,0.0,0.2677324369133441,0.5354648738266882,0.26773579029317035,0.0,0.0,1
4.275,CN,0.1196298930226598,0.5227454959603157,0.0,0.0,0.0,0.26736569668665006,0.5347313933733001,0.26736904547301243,0.0,0.0,1
4.28,CN,0.11944704816401702,0.5234749418381219,0.0,0.0,0.0,0.2669994241340802,0.5339988482681604,0.26700276833283637,0.0,0.0,1
4.285,CN,0.11926441733506163,0.5242035338605101,0.0,0.0,0.0,0.26663359712215745,0.5332671942443149,0.2666369367388879,0.0,0.0,1
4.29,CN,0.11908200061732946,0.5249312717021992,0.0,0.0,0.0,0.2662679904698723,0.5325359809397446,0.266271325507337,0.0,0.0,1
4.295,CN,0.11889979809015944,0.5256581550466727,0.0,0.0,0.0,0.26590260566238605,0.5318052113247722,0.2659059361233637,0.0,0.0,1
4.3,CN,0.11871780983070682,0.5263841835861252,0.0,0.0,0.0,0.2655374441735002,0.5310748883470005,0.2655407700607878,0.0,0.0,1
4.305,CN,0.1185360359139559,0.5271093570214126,0.0,0.0,0.0,0.2651725074657131,0.5303450149314262,0.2651758287821261,0.0,0.0,1
4.3100000000000005,CN,0.11835447641273315,0.5278336750619991,0.0,0.0,0.0,0.2648077969902862,0.5296155939805725,0.26481111373865823,0.0,0.0,1
4.315,CN,0.11817313139772004,0.5285571374259065,0.0,0.0,0.0,0.2644433141872998,0.5288866283745997,0.26444662637048244,0.0,0.0,1
4.32,CN,0.11799200093746584,0.5292797438396624,0.0,0.0,0.0,0.26407906048571866,0.5281581209714373,0.2640823681065814,0.0,0.0,1
4.325,CN,0.11781108509840035,0.5300014940382499,0.0,0.0,0.0,0.2637150373034487,0.5274300746068974,0.26371834036487884,0.0,0.0,1
4.33,CN,0.11763038394484673,0.530722387765057,0.0,0.0,0.0,0.2633512460473989,0.5267024920947978,0.2633545445523014,0.0,0.0,1
4.335,CN,0.11744989753903401,0.5314424247718254,0.0,0.0,0.0,0.26298768811354095,0.5259753762270818,0.2629909820648381,0.0,0.0,1
4.34,CN,0.11726962594110962,0.5321616048186013,0.0,0.0,0.0,0.2626243648869683,0.5252487297739366,0.26262765428759993,0.0,0.0,1
4.345,CN,0.11708956920915217,0.5328799276736848,0.0,0.0,0.0,0.26226127774195523,0.5245225554839105,0.2622645625948783,0.0,0.0,1
4.3500000000000005,CN,0.11690972739918362,0.5335973931135801,0.0,0.0,0.0,0.2618984280420164,0.5237968560840328,0.2619017083502049,0.0,0.0,1
4.355,CN,0.11673010056518181,0.534314000922947,0.0,0.0,0.0,0.26153581713996477,0.5230716342799294,0.2615390929064096,0.0,0.0,1
4.36,CN,0.11655068875909291,0.5350297508945498,0.0,0.0,0.0,0.2611736571796181,0.5223473143592363,0.26117692840996753,0.0,0.0,1
4.365,CN,0.11637149203084353,0.5357446428292103,0.0,0.0,0.0,0.2608119619221472,0.5216239238442945,0.2608152286222215,0.0,0.0,1
4.37,CN,0.11619251042835305,0.5364586765357575,0.0,0.0,0.0,0.2604505067002589,0.5209010134005179,0.26045376887306465,0.0,0.0,1
4.375,CN,0.11601374399754577,0.53717185183098,0.0,0.0,0.0,0.2600892928386918,0.5201785856773836,0.260092550487252,0.0,0.0,1
4.38,CN,0.11583519278236308,0.5378841685395769,0.0,0.0,0.0,0.2597283216517063,0.5194566433034126,0.2597315747790605,0.0,0.0,1
4.385,CN,0.11565685682477547,0.53859562649411,0.0,0.0,0.0,0.2593675944431415,0.518735188886283,0.2593708430523456,0.0,0.0,1
4.39,CN,0.11547873616479452,0.5393062255349561,0.0,0.0,0.0,0.2590071125064719,0.5180142250129438,0.25901035660059796,0.0,0.0,1
4.3950000000000005,CN,0.1153008308404849,0.5400159655102592,0.0,0.0,0.0,0.2586468771248629,0.5172937542497258,0.258650116706999,0.0,0.0,1
4.4,CN,0.11512314088797626,0.5407248462758826,0.0,0.0,0.0,0.2582868895712299,0.5165737791424598,0.25829012464448015,0.0,0.0,1
4.405,CN,0.11494566634147504,0.5414328676953623,0.0,0.0,0.0,0.25792715110829123,0.5158543022165825,0.2579303816757755,0.0,0.0,1
4.41,CN,0.11476840723327622,0.5421400296398599,0.0,0.0,0.0,0.25756766298862716,0.5151353259772543,0.257570889053481,0.0,0.0,1
4.415,CN,0.11459136359377514,0.5428463319881155,0.0,0.0,0.0,0.25720842645473185,0.5144168529094637,0.25721164802010643,0.0,0.0,1
4.42,CN,0.11441453545147909,0.5435517746264014,0.0,0.0,0.0,0.25684944273907273,0.5136988854781455,0.25685265980813465,0.0,0.0,1
4.425,CN,0.11423792283301895,0.5442563574484756,0.0,0.0,0.0,0.25649071306414145,0.5129814261282829,0.2564939256400726,0.0,0.0,1
4.43,CN,0.11406152576316078,0.5449600803555358,0.0,0.0,0.0,0.25613223864251217,0.5122644772850243,0.2561354467285096,0.0,0.0,1
4.4350000000000005,CN,0.11388534426481722,0.5456629432561738,0.0,0.0,0.0,0.2557740206768924,0.5115480413537847,0.2557772242761682,0.0,0.0,1
4.44,CN,0.11370937835905914,0.546364946066329,0.0,0.0,0.0,0.25541606036018105,0.5108321207203621,0.25541925947596245,0.0,0.0,1
4.445,CN,0.11353362806512675,0.5470660887092439,0.0,0.0,0.0,0.2550584536038814,0.5101169072077629,0.25506164824059674,0.0,0.0,1
4.45,CN,0.11335809340044124,0.547766371115418,0.0,0.0,0.0,0.25470141032898813,0.5094028206579763,0.254704600493695,0.0,0.0,1
4.455,CN,0.11318277438061591,0.5484657932225632,0.0,0.0,0.0,0.25434462569591093,0.5086892513918219,0.25434781139184887,0.0,0.0,1
4.46,CN,0.11300767101946735,0.5491643549755592,0.0,0.0,0.0,0.2539881008718402,0.5079762017436804,0.25399128210226335,0.0,0.0,1
4.465,CN,0.11283278332902671,0.5498620563264087,0.0,0.0,0.0,0.25363183701436165,0.5072636740287233,0.25363501378253867,0.0,0.0,1
4.47,CN,0.11265811131955092,0.5505588972341925,0.0,0.0,0.0,0.2532758352715087,0.5065516705430174,0.2532790075807226,0.0,0.0,1
4.4750000000000005,CN,0.11248365499953347,0.5512548776650262,0.0,0.0,0.0,0.2529200967818161,0.5058401935636322,0.25292326463536413,0.0,0.0,1
4.48,CN,0.11230941437571576,0.5519499975920159,0.0,0.0,0.0,0.2525646226743703,0.5051292453487406,0.2525677860755639,0.0,0.0,1
4.485,CN,0.1121353894530979,0.5526442569952137,0.0,0.0,0.0,0.25220941406886344,0.5044188281377269,0.25221257302102806,0.0,0.0,1
4.49,CN,0.11196158023494954,0.5533376558615757,0.0,0.0,0.0,0.25185447207564404,0.5037089441512881,0.2518576265821191,0.0,0.0,1
4.495,CN,0.11178798672282098,0.5540301941849172,0.0,0.0,0.0,0.25149979779576986,0.5029995955915397,0.2515029478599084,0.0,0.0,1
4.5,CN,0.11161460891655374,0.5547218719658702,0.0,0.0,0.0,0.25114539232105787,0.5022907846421159,0.25114853794622677,0.0,0.0,1
4.505,CN,0.11144144681429141,0.5554126892118407,0.0,0.0,0.0,0.25079125673413577,0.5015825134682715,0.25079439792371533,0.0,0.0,1
4.51,CN,0.1112685004124904,0.556102645936966,0.0,0.0,0.0,0.25043739210849286,0.5008747842169857,0.2504405288658769,0.0,0.0,1
4.515,CN,0.11109576970593052,0.5567917421620712,0.0,0.0,0.0,0.2500837995085315,0.500167599017063,0.2500869318371272,0.0,0.0,1
4.5200000000000005,CN,0.11092325468772565,0.5574799779146282,0.0,0.0,0.0,0.24973047998961545,0.49946095997923096,0.24973360789284324,0.0,0.0,1
4.525,CN,0.11075095534933423,0.5581673532287129,0.0,0.0,0.0,0.24937743459812142,0.49875486919624284,0.24938055807941473,0.0,0.0,1
4.53,CN,0.11057887168056975,0.5588538681449635,0.0,0.0,0.0,0.24902466437148937,0.4980493287429787,0.24902778343429463,0.0,0.0,1
4.535,CN,0.11040700366961133,0.5595395227105386,0.0,0.0,0.0,0.24867217033826983,0.49734434067653965,0.24867528498604646,0.0,0.0,1
4.54,CN,0.1102353513030139,0.5602243169790763,0.0,0.0,0.0,0.24832017598193537,0.4966403519638708,0.24832328622094188,0.0,0.0,1
4.545,CN,0.11006391456571878,0.560908251010652,0.0,0.0,0.0,0.24796859889105904,0.4959371977821181,0.2479717047265217,0.0,0.0,1
4.55,CN,0.10989269344106377,0.5615913248717384,0.0,0.0,0.0,0.2476172987327053,0.49523459746541065,0.24762040016809275,0.0,0.0,1
4.555,CN,0.10972168791079351,0.5622735386351639,0.0,0.0,0.0,0.247266276512184,0.494532553024368,0.2472693735509774,0.0,0.0,1
4.5600000000000005,CN,0.10955089795506973,0.5629548923800718,0.0,0.0,0.0,0.24691553322610346,0.4938310664522069,0.24691862587179653,0.0,0.0,1
4.565,CN,0.10938032355248123,0.5636353861918802,0.0,0.0,0.0,0.2465650698624214,0.4931301397248429,0.2465681581185202,0.0,0.0,1
4.57,CN,0.10920996468005414,0.5643150201622421,0.0,0.0,0.0,0.24621488740049108,0.49242977480098216,0.2462179712705139,0.0,0.0,1
4.575,CN,0.10903982131326191,0.5649937943890041,0.0,0.0,0.0,0.24586498681111085,0.4917299736222217,0.2458680662985882,0.0,0.0,1
4.58,CN,0.10886989342603523,0.5656717089761676,0.0,0.0,0.0,0.24551536905657045,0.4910307381131409,0.24551844416504487,0.0,0.0,1
4.585,CN,0.1087001809907721,0.5663487640338489,0.0,0.0,0.0,0.24516603509069992,0.4903320701813999,0.24516910582372595,0.0,0.0,1
4.59,CN,0.10853068397834767,0.5670249596782395,0.0,0.0,0.0,0.2448169858589148,0.48963397171782963,0.24482005222005868,0.0,0.0,1
4.595,CN,0.10836140235812408,0.5677002960315667,0.0,0.0,0.0,0.24446822229826431,0.48893644459652863,0.24447128429110415,0.0,0.0,1
4.6000000000000005,CN,0.10819233609796033,0.5683747732220547,0.0,0.0,0.0,0.24411974533747824,0.4882394906749565,0.2441228029656037,0.0,0.0,1
4.605,CN,0.10802348516422196,0.5690483913838855,0.0,0.0,0.0,0.24377155589701363,0.4875431117940273,0.243774609164026,0.0,0.0,1
4.61,CN,0.1078548495217908,0.5697211506571604,0.0,0.0,0.0,0.24342365488909878,0.48684730977819757,0.24342670379861064,0.0,0.0,1
4.615,CN,0.10768642913407465,0.5703930511878615,0.0,0.0,0.0,0.24307604321778242,0.48615208643556485,0.24307908777341777,0.0,0.0,1
4.62,CN,0.1075182239630168,0.5710640931278131,0.0,0.0,0.0,0.242728721778977,0.48545744355795395,0.24273176198437102,0.0,0.0,1
4.625,CN,0.1073502339691057,0.5717342766346436,0.0,0.0,0.0,0.2423816914605065,0.48476338292101306,0.2423847273193056,0.0,0.0,1
4.63,CN,0.1071824591113844,0.5724036018717474,0.0,0.0,0.0,0.24203495314214885,0.4840699062842977,0.24203798465801027,0.0,0.0,1
4.635,CN,0.10701489934746009,0.5730720690082479,0.0,0.0,0.0,0.24168850769568467,0.4833770153913693,0.24169153487227665,0.0,0.0,1
4.64,CN,0.10684755463351345,0.5737396782189587,0.0,0.0,0.0,0.2413424878433346,0.48268497568666924,0.24134551068598784,0.0,0.0,1
4.6450000000000005,CN,0.10668042492430811,0.5744064296843467,0.0,0.0,0.0,0.2409969576770001,0.48199391535400027,0.24099997619184796,0.0,0.0,1
4.65,CN,0.10651351017319993,0.5750723235904958,0.0,0.0,0.0,0.24065172087878944,0.4813034417575789,0.24065473506950633,0.0,0.0,1
4.655,CN,0.10634681033214628,0.5757373601290681,0.0,0.0,0.0,0.24030677829961974,0.48061355659923954,0.24030978816989082,0.0,0.0,1
4.66,CN,0.10618032535171523,0.5764015394972685,0.0,0.0,0.0,0.23996213078258022,0.47992426156516044,0.23996513633610114,0.0,0.0,1
4.665,CN,0.10601405518109483,0.5770648618978076,0.0,0.0,0.0,0.2396177791629754,0.4792355583259508,0.23962078040345233,0.0,0.0,1
4.67,CN,0.10584799976810227,0.5777273275388648,0.0,0.0,0.0,0.23927372426836963,0.4785474485367392,0.2392767211995191,0.0,0.0,1
4.675,CN,0.1056821590591929,0.5783889366340527,0.0,0.0,0.0,0.23892996691862964,0.4778599338372593,0.23893295954417845,0.0,0.0,1
4.68,CN,0.10551653299946925,0.5790496894023802,0.0,0.0,0.0,0.23858650792596897,0.477173015851938,0.2385894962496541,0.0,0.0,1
4.6850000000000005,CN,0.10535112153269023,0.5797095860682173,0.0,0.0,0.0,0.2382433480949899,0.47648669618997985,0.23824633212055835,0.0,0.0,1
4.69,CN,0.10518592460127985,0.5803686268612589,0.0,0.0,0.0,0.23790048822272808,0.47580097644545616,0.23790346795393683,0.0,0.0,1
4.695,CN,0.10502094214633634,0.5810268120164893,0.0,0.0,0.0,0.23755792909869317,0.4751158581973864,0.23756090453930917,0.0,0.0,1
4.7,CN,0.10485617410764092,0.5816841417741467,0.0,0.0,0.0,0.23721567150491263,0.47443134300982526,0.23721864265871256,0.0,0.0,1
4.705,CN,0.10469162042366664,0.5823406163796885,0.0,0.0,0.0,0.23687371621597342,0.4737474324319469,0.2368766830867437,0.0,0.0,1
4.71,CN,0.10452728103158719,0.5829962360837553,0.0,0.0,0.0,0.236532063999065,0.4730641279981301,0.23653502659060166,0.0,0.0,1
4.715,CN,0.10436315586728565,0.5836510011421369,0.0,0.0,0.0,0.23619071561401914,0.4723814312280383,0.23619367393012763,0.0,0.0,1
4.72,CN,0.10419924486536311,0.5843049118157373,0.0,0.0,0.0,0.23584967181335428,0.4716993436267086,0.23585262585784966,0.0,0.0,1
4.7250000000000005,CN,0.10403554795914749,0.5849579683705397,0.0,0.0,0.0,0.23550893334231482,0.47101786668462964,0.2355118831190213,0.0,0.0,1
4.73,CN,0.10387206508070196,0.5856101710775732,0.0,0.0,0.0,0.23516850093891323,0.47033700187782645,0.23517144645166435,0.0,0.0,1
4.735,CN,0.10370879616083359,0.5862615202128777,0.0,0.0,0.0,0.23482837533397122,0.46965675066794244,0.2348313165866097,0.0,0.0,1
4.74,CN,0.10354574112910195,0.5869120160574699,0.0,0.0,0.0,0.23448855725115975,0.4689771145023195,0.23449149424753732,0.0,0.0,1
4.745,CN,0.1033828999138274,0.5875616588973106,0.0,0.0,0.0,0.23414904740703937,0.46829809481407875,0.23415198015101676,0.0,0.0,1
4.75,CN,0.10322027244209978,0.5882104490232692,0.0,0.0,0.0,0.23380994924456508,0.4676198984891301,0.23381287774129864,0.0,0.0,1
4.755,CN,0.10305785863978652,0.5888583867310924,0.0,0.0,0.0,0.23347135086791768,0.46694270173583535,0.23347427512366734,0.0,0.0,1
4.76,CN,0.1028956584315413,0.5895054723213681,0.0,0.0,0.0,0.2331330609848167,0.4662661219696334,0.23313598100344632,0.0,0.0,1
4.765,CN,0.10273367174081208,0.5901517060994955,0.0,0.0,0.0,0.23279508029335463,0.46559016058670927,0.23279799607873689,0.0,0.0,1
4.7700000000000005,CN,0.10257189848984956,0.5907970883756494,0.0,0.0,0.0,0.23245740948466753,0.46491481896933506,0.23246032104068376,0.0,0.0,1
4.775,CN,0.1024103385997153,0.5914416194647487,0.0,0.0,0.0,0.23212004924297594,0.4642400984859519,0.232122956573516,0.0,0.0,1
4.78,CN,0.10224899199028994,0.5920852996864236,0.0,0.0,0.0,0.23178300024562215,0.46356600049124425,0.2317859033545844,0.0,0.0,1
4.785,CN,0.10208785858028138,0.5927281293649831,0.0,0.0,0.0,0.2314462631631125,0.4628925263262251,0.2314491620544038,0.0,0.0,1
4.79,CN,0.10192693828723283,0.5933701088293822,0.0,0.0,0.0,0.23110983865915302,0.46221967731830604,0.23111273333668836,0.0,0.0,1
4.795,CN,0.10176623102753084,0.5940112384131905,0.0,0.0,0.0,0.23077372739069082,0.4615474547813816,0.23077661785839348,0.0,0.0,1
4.8,CN,0.10160573671641347,0.5946515184545594,0.0,0.0,0.0,0.23043793000795104,0.4608758600159021,0.23044081626975257,0.0,0.0,1
4.805,CN,0.10144545526797802,0.5952909492961914,0.0,0.0,0.0,0.230102447154476,0.46020489430895206,0.23010532921431592,0.0,0.0,1
4.8100000000000005,CN,0.10128538659518922,0.5959295312853072,0.0,0.0,0.0,0.22976727946716255,0.4595345589343251,0.22977015732898828,0.0,0.0,1
4.815,CN,0.10112553060988705,0.5965672647736143,0.0,0.0,0.0,0.22943242757630267,0.45886485515260533,0.2294353012440696,0.0,0.0,1
4.82,CN,0.10096588722279445,0.5972041501172772,0.0,0.0,0.0,0.22909789210561765,0.45819578421123536,0.22910076158328907,0.0,0.0,1
4.825,CN,0.10080645634352531,0.5978401876768845,0.0,0.0,0.0,0.22876367367229933,0.45752734734459866,0.22876653896384605,0.0,0.0,1
4.83,CN,0.10064723788059218,0.5984753778174183,0.0,0.0,0.0,0.22842977288704366,0.45685954577408733,0.22843263399644434,0.0,0.0,1
4.835,CN,0.100488231741414,0.599109720908224,0.0,0.0,0.0,0.2280961903540916,0.4561923807081832,0.22809904728533234,0.0,0.0,1
4.84,CN,0.10032943783232386,0.5997432173229787,0.0,0.0,0.0,0.2277629266712642,0.4555258533425284,0.22776577942833867,0.0,0.0,1
4.845,CN,0.10017085605857652,0.6003758674396614,0.0,0.0,0.0,0.2274299824299997,0.4548599648599994,0.22743283101690895,0.0,0.0,1
4.8500000000000005,CN,0.10001248632435618,0.601007671640522,0.0,0.0,0.0,0.22709735821539148,0.45419471643078296,0.22710020263614383,0.0,0.0,1
4.855,CN,0.09985432853278402,0.6016386303120513,0.0,0.0,0.0,0.22676505460622243,0.45353010921244485,0.22676789486483354,0.0,0.0,1
4.86,CN,0.09969638258592561,0.6022687438449517,0.0,0.0,0.0,0.22643307217500291,0.45286614435000583,0.22643590827549556,0.0,0.0,1
4.865,CN,0.09953864838479862,0.6028980126341054,0.0,0.0,0.0,0.2261014114880064,0.4522028229760128,0.22610424343441046,0.0,0.0,1
4.87,CN,0.09938112582938008,0.6035264370785467,0.0,0.0,0.0,0.22577010885754514,0.4515402177150903,0.22577293665434536,0.0,0.0,1
4.875,CN,0.099223814818614,0.6041540175814308,0.0,0.0,0.0,0.22543935332212922,0.45087870664425844,0.225442176976178,0.0,0.0,1
4.88,CN,0.09906671525041859,0.6047807545500057,0.0,0.0,0.0,0.22510891955191933,0.4502178391038387,0.22511173906724682,0.0,0.0,1
4.885,CN,0.09890982702169368,0.6054066483955814,0.0,0.0,0.0,0.22477880809707582,0.4495576161941517,0.22478162347771904,0.0,0.0,1
4.89,CN,0.09875315002832799,0.6060316995335024,0.0,0.0,0.0,0.22444901950166007,0.44889803900332015,0.22445183075166286,0.0,0.0,1
4.8950000000000005,CN,0.09859668416520653,0.6066559083831168,0.0,0.0,0.0,0.22411955430366845,0.44823910860733684,0.2241223614270814,0.0,0.0,1
4.9,CN,0.09844042932621763,0.6072792753677494,0.0,0.0,0.0,0.2237904130350668,0.44758082607013355,0.22379321603594718,0.0,0.0,1
4.905,CN,0.09828438540426032,0.6079018009146713,0.0,0.0,0.0,0.2234615962218267,0.4469231924436534,0.2234643951042384,0.0,0.0,1
4.91,CN,0.09812855229125134,0.6085234854550727,0.0,0.0,0.0,0.22313310438395909,0.44626620876791817,0.2231358991519724,0.0,0.0,1
4.915,CN,0.09797292987813236,0.6091443294240336,0.0,0.0,0.0,0.2228049380355502,0.4456098760711004,0.22280772869324195,0.0,0.0,1
4.92,CN,0.09781751805487707,0.6097643332604957,0.0,0.0,0.0,0.22247709768479398,0.444954195369588,0.22247988423624734,0.0,0.0,1
4.925,CN,0.09766231671049808,0.6103834974072351,0.0,0.0,0.0,0.22214958383402844,0.4442991676680568,0.22215236628333276,0.0,0.0,1
4.93,CN,0.09750732573305422,0.6110018223108324,0.0,0.0,0.0,0.22182239697976752,0.4436447939595351,0.22182517533101861,0.0,0.0,1
4.9350000000000005,CN,0.09735254500965726,0.6116193084216469,0.0,0.0,0.0,0.22149553761273622,0.44299107522547243,0.22149831187003577,0.0,0.0,1
4.94,CN,0.09719797442647879,0.6122359561937886,0.0,0.0,0.0,0.2211690062179043,0.4423380124358086,0.22117177638536029,0.0,0.0,1
4.945,CN,0.09704361386875751,0.612851766085089,0.0,0.0,0.0,0.2208428032745192,0.44168560654903843,0.2208455693562455,0.0,0.0,1
4.95,CN,0.09688946322080567,0.6134667385570757,0.0,0.0,0.0,0.22051692925613944,0.4410338585122789,0.22051969125625584,0.0,0.0,1
4.955,CN,0.09673552236601607,0.6140808740749444,0.0,0.0,0.0,0.22019138463066865,0.4403827692613373,0.22019414255330086,0.0,0.0,1
4.96,CN,0.09658179118686895,0.6146941731075315,0.0,0.0,0.0,0.2198661698603865,0.439732339720773,0.219868923709666,0.0,0.0,1
4.965,CN,0.09642826956493863,0.6153066361272873,0.0,0.0,0.0,0.21954128540198448,0.43908257080396895,0.21954403518204843,0.0,0.0,1
4.97,CN,0.0962749573809002,0.6159182636102496,0.0,0.0,0.0,0.21921673170659628,0.4384334634131926,0.2192194774215876,0.0,0.0,1
4.9750000000000005,CN,0.09612185451453634,0.6165290560360165,0.0,0.0,0.0,0.21889250921983067,0.43778501843966133,0.2188952508738977,0.0,0.0,1
4.98,CN,0.09596896084474388,0.6171390138877199,0.0,0.0,0.0,0.2185686183818046,0.4371372367636092,0.21857135597910132,0.0,0.0,1
4.985,CN,0.0958162762495404,0.6177481376519995,0.0,0.0,0.0,0.21824505962717386,0.4364901192543477,0.21824779317185963,0.0,0.0,1
4.99,CN,0.0956638006060709,0.6183564278189764,0.0,0.0,0.0,0.21792183338516746,0.4358436667703349,0.21792456288140707,0.0,0.0,1
4.995,CN,0.09551153379061428,0.6189638848822263,0.0,0.0,0.0,0.21759894007961683,0.43519788015923366,0.21760166553158033,0.0,0.0,1
5.0,CN,0.09535947567858985,0.6195705093387547,0.0,0.0,0.0,0.2172763801289889,0.4345527602579778,0.21727910154085162,0.0,0.0,1
0.0,PINN Vanilla,0.2506663263127491,1.454670849355472e-05,0.00010404857302709583,0.00024228636418197058,-4.088878631591797e-05,1.0000501871109009,2.0002563148736954,1.0001406841580232,6.2712855488911e-05,4.088929845270921e-05,4
0.005,PINN Vanilla,0.2506507532792287,4.758074311056822e-05,0.0001696140555047296,0.0005494322994046563,-0.00016088783740997314,0.99521803855896,1.9906152188777924,0.9953200757821488,0.0,0.00016088985254879786,2
0.01,PINN Vanilla,0.2506384772133899,9.655518892363138e-05,0.00027992029925312783,0.000841200464612446,-0.0002959519624710083,0.9904146194458008,1.98103266954422,0.9905287411040916,0.0,0.0002959556693036653,2
0.015,PINN Vanilla,0.25062931499055197,0.00013310719115258235,0.000388371826684125,0.001109172877245379,-0.00042361021041870117,0.9856783151626587,1.9715889543294907,0.9858068243549127,0.0,0.00042361551618572065,4
0.02,PINN Vanilla,0.25062307942886136,0.00015798349779188014,0.0004893194884257985,0.0013506784863520083,-0.0005446076393127441,0.9809715747833252,1.962230995297432,0.9811277862341223,0.0,0.0005446144605865948,3
0.025,PINN Vanilla,0.25061959612208445,0.00017187988945643185,0.0005821968748076895,0.0015653373136474968,-0.0006590336561203003,0.9763365983963013,1.953040674328804,0.9765325681948903,0.0,0.0006590419105932836,1
0.03,PINN Vanilla,0.25061868193808257,0.00017552695810623274,0.00066745328585092,0.0017536841601287212,-0.0007669180631637573,0.9717309474945068,1.9439070522785187,0.9719656999699098,0.0,0.0007669276689014523,1
0.035,PINN Vanilla,0.2506201813469181,0.00016954517878606454,0.0007457421143702945,0.001917371361822573,-0.0008687227964401245,0.9671992063522339,1.9349212348461151,0.9674727349795053,0.0,0.0008687336772939119,1
0.04,PINN Vanilla,0.25062390671179696,0.00015468311444157752,0.000817766374682818,0.0020576013922303793,-0.0009646862745285034,0.9626981019973755,1.9259955286979675,0.963009826007679,0.0,0.0009646983573359845,1
0.045,PINN Vanilla,0.2506297184928163,0.00013149744907079287,0.0008842254778481295,0.0021764587300503457,-0.0010544508695602417,0.9582709074020386,1.917215257883072,0.958619635613276,0.0,0.0010544640766796873,1
0.05,PINN Vanilla,0.2506374329537362,0.00010072118465028074,0.0009456984719678493,0.002275166619052027,-0.0011390894651412964,0.9538767337799072,1.9085002839565277,0.9542620940719743,0.0,0.0011391037323689687,1
0.055,PINN Vanilla,0.25064690056834016,6.295084482896309e-05,0.0010027649246558772,0.0023559780273343933,-0.0012177824974060059,0.9495542049407959,1.899926409125328,0.9499751029619862,0.0,0.0012177977502730347,1
0.06,PINN Vanilla,0.25065797214602326,1.878161435842745e-05,0.0010559160768236692,0.0024197823860045986,-0.0012914538383483887,0.9452673196792603,1.8914227038621902,0.9457231970754698,0.0,0.001291470013957508,1
0.065,PINN Vanilla,0.250670512845447,3.124856733418011e-05,0.0011055844885519228,0.0024688442974390434,-0.0013602524995803833,0.9410500526428223,1.8830563127994537,0.9415399491490923,0.0,0.0013602695369007143,1
0.07,PINN Vanilla,0.2506843483647905,8.644433618060678e-05,0.001152126143043116,0.0025039920486974454,-0.0014239251613616943,0.9368702173233032,1.8747621327638626,0.9373928071885133,0.0,0.0014239429961894995,1
0.075,PINN Vanilla,0.250699363954671,0.0001463479081075934,0.0011958612844007092,0.002641182530237044,-0.0014830529689788818,0.9327578544616699,1.8666011989116669,0.9333122891540939,0.0,0.0014830715443893356,1
0.08,PINN Vanilla,0.2507154032125607,0.00021033532693653603,0.0012370564726547457,0.0027790877516754714,-0.0015376657247543335,0.9286836385726929,1.8585139214992523,0.9292685998008428,0.0,0.0015376849841958879,1
0.085,PINN Vanilla,0.25073233066318745,0.00027786612420975114,0.0012759105378367726,0.0029111874622357037,-0.0015881210565567017,0.9246745109558105,1.8505550622940063,0.9252891203554025,0.0,0.001588140947957139,1
0.09,PINN Vanilla,0.250750018997832,0.00034843241132056265,0.0013126631953085677,0.0030381654539331504,-0.001634150743484497,0.9207048416137695,1.84267196059227,0.9213475201361526,0.0,0.0016341712114121023,1
0.095,PINN Vanilla,0.250768399073018,0.00042175834554545645,0.0013474037732714005,0.0031600077211052305,-0.0016760081052780151,0.9167977571487427,1.834911361336708,0.9174671719071689,0.0,0.0016760290974739316,1
0.1,PINN Vanilla,0.250787270431583,0.0004970442180387295,0.0013802824831913795,0.0032767336991224236,-0.0017143040895462036,0.9129303693771362,1.8272271901369095,0.9136250381847018,0.0,0.0017143255614037649,1
0.105,PINN Vanilla,0.25080656116311856,0.0005740031476084673,0.0014113935208123467,0.003387800439529874,-0.0017486512660980225,0.909123420715332,1.8196608424186707,0.909841816940891,0.0,0.001748673168157954,1
0.11,PINN Vanilla,0.250826165952661,0.000652214988089728,0.0014408151880368327,0.0034938547173329025,-0.0017795562744140625,0.90535569190979,1.8121706396341324,0.9060966686407925,0.0,0.001779578563562808,1
0.115,PINN Vanilla,0.2508459310154538,0.0007310662267071464,0.001468579715123141,0.0035948103810978967,-0.001806885004043579,0.9016458988189697,1.804792195558548,0.9024074003950664,0.0,0.0018069076354878329,1
0.12,PINN Vanilla,0.25086581548890313,0.0008103938452008028,0.0014947787224585828,0.003690562066266695,-0.0018311142921447754,0.8979746103286743,1.797488659620285,0.8987555866871175,0.0,0.001831137227063673,1
0.125,PINN Vanilla,0.2508856963824939,0.0008897071821168394,0.0015194471284496103,0.003780649217484347,-0.0018521249294281006,0.8943599462509155,1.7902940511703491,0.8951582374054969,0.0,0.001852148127507667,1
0.13,PINN Vanilla,0.2509054640779743,0.0009685689236442561,0.0015426052003079446,0.003866067985211049,-0.0018701553344726562,0.8907824754714966,1.7831717729568481,0.891597053695066,0.0,0.0018701787583851374,1
0.135,PINN Vanilla,0.2509250479999247,0.001046697514428978,0.0015643073584285074,0.0039462627698007915,-0.0018853247165679932,0.887259840965271,1.7761556953191757,0.8880889709376367,0.0,0.0018853483304787444,1
0.14,PINN Vanilla,0.2509443843224505,0.0011238383258417013,0.001584552956537616,0.004021880597569746,-0.0018978714942932129,0.883772611618042,1.7692068964242935,0.8846145279729396,0.0,0.0018978952653538105,1
0.145,PINN Vanilla,0.25096334936143877,0.0011994979293718769,0.001603397999520954,0.004092375670974917,-0.00190792977809906,0.8803387880325317,1.7623619139194489,0.8811919938534173,0.0,0.0019079536751408289,1
0.15,PINN Vanilla,0.25098189836865786,0.0012734978052983724,0.0016208658946690077,0.004158110232479851,-0.0019152462482452393,0.8769387006759644,1.7555809915065765,0.8778014901810614,0.0,0.0019152702369266454,1
0.155,PINN Vanilla,0.2509999610744678,0.0013455576181522569,0.001636961128076877,0.004218893733444532,-0.0019200444221496582,0.8735902309417725,1.748899981379509,0.8744609432773142,0.0,0.001920068470928749,1
0.16,PINN Vanilla,0.2510174677387491,0.0014153991449467104,0.0016517598836242342,0.004275639482944876,-0.0019229501485824585,0.8702735900878906,1.742279976606369,0.8711508994325804,0.0,0.0019229742337561098,1
0.165,PINN Vanilla,0.251034358712109,0.0014827844188940187,0.0016652219098553956,0.004327431056042046,-0.0019237101078033447,0.867007851600647,1.7357583492994308,0.867890044937042,0.0,0.0019237342024955736,1
0.17,PINN Vanilla,0.2510505784545336,0.001547491867265977,0.001677459757711665,0.004375125643173591,-0.0019223392009735107,0.8637713193893433,1.7292928248643875,0.8646572422287986,0.0,0.0019223632784949724,1
0.17500000000000002,PINN Vanilla,0.25106606329674713,0.0016092674862523766,0.00168844727547171,0.004417958287255268,-0.0019190460443496704,0.8605844974517822,1.722923383116722,0.8614724814659676,0.0,0.0019190700806239634,1
0.18,PINN Vanilla,0.25108080639227015,0.0016680839623359482,0.0016982641217231891,0.004457378656094701,-0.0019140839576721191,0.8574246168136597,1.7166054099798203,0.8583134553308435,0.0,0.0019141079317957009,1
0.185,PINN Vanilla,0.2510947200793165,0.001723591575382187,0.0017069112759963917,0.004492327917208341,-0.0019073486328125,0.854313850402832,1.710382655262947,0.8552020390020446,0.0,0.0019073725225753567,1
0.19,PINN Vanilla,0.2511077848774893,0.001775712609805943,0.0017144502157201051,0.004523394672168089,-0.001898929476737976,0.8512269258499146,1.7042052894830704,0.8521133174259948,0.0,0.0018989532610499266,1
0.195,PINN Vanilla,0.2511199765556209,0.001824350397177421,0.0017209306868497915,0.004550338874209012,-0.0018889755010604858,0.848189115524292,1.698123574256897,0.8490724217258138,0.0,0.0018889991606977363,1
0.2,PINN Vanilla,0.25113125158859806,0.0018693312973151763,0.0017263798855282485,0.004574029010972286,-0.001877710223197937,0.8451724052429199,1.6920824348926544,0.8460518142107069,0.0,0.0018777337417362756,1
0.20500000000000002,PINN Vanilla,0.2511416038309967,0.0019106307935099066,0.0017308413324733638,0.004593557525288842,-0.0018652528524398804,0.8422043323516846,1.6861362308263779,0.8430786749391208,0.0,0.0018652762149482054,1
0.21,PINN Vanilla,0.25115099658180884,0.0019481024698371865,0.0017343578088630778,0.004610246949524915,-0.0018513649702072144,0.8392546772956848,1.680225133895874,0.8401230894552816,0.0,0.0018513881587682035,1
0.215,PINN Vanilla,0.2511593974656887,0.001981617167278457,0.0017369966356947217,0.004623184321006741,-0.0018362849950790405,0.8363522887229919,1.674406349658966,0.8372136608963539,0.0,0.001836307994761592,1
0.22,PINN Vanilla,0.25116683493505365,0.0020112883946229467,0.001738764529250062,0.004632831982436185,-0.0018202513456344604,0.8334678411483765,1.6686219274997711,0.8343214135914772,0.0,0.001820274144493693,1
0.225,PINN Vanilla,0.2511732611092958,0.0020369251357693825,0.0017397401544543474,0.0046394328268481826,-0.0018033981323242188,0.8306275606155396,1.6629254817962646,0.8314731550654023,0.0,0.001803420720095,1
0.23,PINN Vanilla,0.2511786940890748,0.0020585996019447956,0.0017399619883786451,0.00464310790075409,-0.0017853379249572754,0.8278056979179382,1.6572637408971786,0.8286422491588786,0.0,0.0017853602865218643,1
0.23500000000000001,PINN Vanilla,0.25118311213420796,0.0020762250623174955,0.001739453729761243,0.004643914115692982,-0.0017663389444351196,0.8250245451927185,1.651682049036026,0.8258513682726333,0.0,0.001766361068035274,1
0.24,PINN Vanilla,0.2511865309736989,0.0020898642665700437,0.0017382845888973396,0.004641788260822427,-0.0017469823360443115,0.8222625851631165,1.6461386978626251,0.8230796579703746,0.0,0.0017470042172007007,1
0.245,PINN Vanilla,0.25118893867468567,0.0020994696094427476,0.001736484139473142,0.004637081411093091,-0.0017266571521759033,0.8195380568504333,1.6406697183847427,0.8203451339816323,0.0,0.001726678778757007,1
0.25,PINN Vanilla,0.2511903472669848,0.0021050890829884634,0.0017341065229224564,0.004629752181880109,-0.0017056316137313843,0.8168330788612366,1.6352387368679047,0.8176296092113765,0.0,0.0017056529769651802,1
0.255,PINN Vanilla,0.2511907768723843,0.002106802961574155,0.0017311832716892198,0.0046197808892360324,-0.0016842484474182129,0.8141624927520752,1.6298768371343613,0.8149486257653968,0.0,0.0016842695428253705,1
0.26,PINN Vanilla,0.25119022101730676,0.0021045854193475605,0.0017277636054690987,0.0046078227717769454,-0.0016622841358184814,0.8115118741989136,1.6245539784431458,0.8122871630850778,0.0,0.0016623049561200886,1
0.265,PINN Vanilla,0.2511887072069986,0.002098546186430288,0.0017238889690531396,0.004593222093777747,-0.001639828085899353,0.8088928461074829,1.6192953139543533,0.8096577979079902,0.0,0.0016398486249363303,1
0.27,PINN Vanilla,0.25118623158565395,0.0020886698803735367,0.0017195926959715443,0.004576776171750164,-0.0016167759895324707,0.8062941431999207,1.6140760034322739,0.8070481099607156,0.0,0.0016167962398392674,1
0.275,PINN Vanilla,0.2511828245746123,0.0020750778648340263,0.0017149131538217342,0.004558308471060937,-0.0015940964221954346,0.8037249445915222,1.6089176088571548,0.804468880368411,0.0,0.0015941163884380196,1
0.28,PINN Vanilla,0.2511785081974618,0.0020578580012685613,0.00170988577805854,0.004537666476957747,-0.0015703290700912476,0.8011758923530579,1.6037987172603607,0.8019094025126584,0.0,0.0015703487386449907,1
0.28500000000000003,PINN Vanilla,0.2511732924256,0.002037050069821061,0.0017045569219432866,0.004515370830183923,-0.0015465766191482544,0.7986542582511902,1.5987361520528793,0.7993780882043096,0.0,0.0015465959901997946,1
0.29,PINN Vanilla,0.2511672205380253,0.002012826728816416,0.0016989609726877786,0.004491403173448726,-0.0015227049589157104,0.7961524724960327,1.593713328242302,0.7968666448432954,0.0,0.0015227240309719373,1
0.295,PINN Vanilla,0.25116029449620164,0.001985195803367963,0.0016931280715707505,0.004465651050912008,-0.0014984756708145142,0.7936767935752869,1.5887435525655746,0.7943817258814234,0.0,0.0014984944393960974,1
0.3,PINN Vanilla,0.25115255602785536,0.001954323763116838,0.0016870900238932758,0.004438254659474835,-0.0014743655920028687,0.7912206649780273,1.5838140845298767,0.791916960992495,0.0,0.0014743840586029181,1
0.305,PINN Vanilla,0.2511440042081896,0.0019202069186552279,0.0016808767805013777,0.004409757032708076,-0.0014498978853225708,0.788788378238678,1.5789324343204498,0.789476105316164,0.0,0.0014499160454617562,1
0.31,PINN Vanilla,0.25113470110300185,0.0018830928768364824,0.0016745177915777896,0.004379474112072651,-0.001425430178642273,0.7863758206367493,1.574091598391533,0.7870556570356898,0.0,0.001425448032320594,1
0.315,PINN Vanilla,0.2511246511945734,0.0018429995193864485,0.0016680728147537719,0.0043481004055799626,-0.001400977373123169,0.78398597240448,1.5692976415157318,0.7846586485753563,0.0,0.0014009949205272647,1
0.32,PINN Vanilla,0.25111388375570587,0.0018000436279561791,0.0016615221860736295,0.004315598261308524,-0.0013767480850219727,0.7816156148910522,1.5645434260368347,0.7822815110623575,0.0,0.0013767653289514248,1
0.325,PINN Vanilla,0.25110243640474605,0.0017543752781244222,0.001654930532216414,0.004281899312928009,-0.0013525336980819702,0.7792662382125854,1.5598329156637192,0.7799262263759554,0.0,0.0013525506387234171,1
0.33,PINN Vanilla,0.25109033545365445,0.0017060994394881665,0.0016483003217793168,0.0042469495538665705,-0.0013279467821121216,0.7769359350204468,1.5551610440015793,0.7775902612870182,0.0,0.0013279634147995943,1
0.335,PINN Vanilla,0.25107761849840365,0.0016553660983661316,0.0016416786725400004,0.004211270391254095,-0.0013039708137512207,0.7746257185935974,1.550531342625618,0.7752753816052642,0.0,0.0013039871461369087,1
0.34,PINN Vanilla,0.25106429831461385,0.0016022262221387549,0.0016350576989639753,0.004174676895806251,-0.0012799948453903198,0.7723345160484314,1.5459405481815338,0.7729799556331056,0.0,0.001280010877474223,1
0.34500000000000003,PINN Vanilla,0.25105040538328904,0.001546801412490017,0.0016284985478518278,0.004137171683680208,-0.001256018877029419,0.7700619101524353,1.5413877815008163,0.7707035437807815,0.0,0.0012560346088115377,1
0.35000000000000003,PINN Vanilla,0.25103597508536446,0.0014892328190128203,0.0016219983503222477,0.004098666541249102,-0.0012324005365371704,0.7678079605102539,1.5368742644786835,0.768446757003553,0.0,0.001232415972496835,1
0.355,PINN Vanilla,0.25102104386081686,0.0014296658162669471,0.0016155755981693656,0.004059584082186245,-0.001208662986755371,0.7655724883079529,1.5323986858129501,0.7662089396421154,0.0,0.0012086781253994713,1
0.36,PINN Vanilla,0.25100561126962195,0.0013680986488084086,0.0016092567913698179,0.004019923014536041,-0.0011852830648422241,0.763354480266571,1.5279582887887955,0.7639887133217942,0.0,0.0011852979106500906,1
0.365,PINN Vanilla,0.25098974858079703,0.0013048156390473061,0.0016030488791517685,0.003979617100859825,-0.0011623948812484741,0.7611541152000427,1.523556262254715,0.7617876724868075,0.0,0.0011624094403791863,1
0.37,PINN Vanilla,0.25097343107840203,0.0012397181845906836,0.0015969788985191078,0.003938812649658351,-0.0011393725872039795,0.7589715123176575,1.5191894471645355,0.759604237594285,0.0,0.0011393868579777885,1
0.375,PINN Vanilla,0.25095674006997404,0.001173130655771984,0.0015910546085647047,0.00389774904634764,-0.0011164695024490356,0.7568055987358093,1.5148570984601974,0.757438036110531,0.0,0.0011164834863590517,1
0.38,PINN Vanilla,0.2509396512945135,0.001104956265149443,0.0015852991582725544,0.003856322564367083,-0.0010941773653030396,0.7546560168266296,1.5105588138103485,0.7552888668673495,0.0,0.0010941910700014521,1
0.385,PINN Vanilla,0.250922221433114,0.0010354211377032205,0.0015797027779257222,0.003813940699242239,-0.0010720044374465942,0.7525241374969482,1.5062968283891678,0.7531578474658284,0.0,0.0010720178644265136,1
0.39,PINN Vanilla,0.2509044746050725,0.00096462149556341,0.0015742865790869195,0.0037716706833754547,-0.0010502934455871582,0.7504070997238159,1.5020656287670135,0.7510422211566182,0.0,0.0010503066006343864,1
0.395,PINN Vanilla,0.2508864181863891,0.0008925867647304999,0.001569055345985533,0.0037289902659343004,-0.0010284781455993652,0.7483076453208923,1.497869998216629,0.7489443796060463,0.0,0.0010284910274074306,1
0.4,PINN Vanilla,0.2508680970968308,0.0008194961492521424,0.0015640352381356508,0.0036860331722981463,-0.001007378101348877,0.7462222576141357,1.4937032163143158,0.7468609625601764,0.0,0.0010073907188764407,1
0.405,PINN Vanilla,0.250849498747228,0.0007452994255791863,0.001559193276834809,0.003643141421003384,-0.0009862780570983887,0.7441547513008118,1.489573985338211,0.7447963212125756,0.0,0.0009862904103454509,1
0.41000000000000003,PINN Vanilla,0.2508306721368948,0.0006701920728072671,0.001554563002446014,0.0035998039628294676,-0.0009656548500061035,0.7421000003814697,1.4854699969291687,0.742744301306589,0.0,0.0009656669449451048,1
0.41500000000000004,PINN Vanilla,0.2508116223596715,0.0005941944124311906,0.001550128172471663,0.0035566925572562205,-0.0009455233812332153,0.7400636076927185,1.4814037829637527,0.7407111688589801,0.0,0.0009455352240232352,1
0.42,PINN Vanilla,0.25079239998106007,0.0005175081717359981,0.0015459079703727897,0.003513508479367315,-0.0009251385927200317,0.7380387783050537,1.4773603528738022,0.7386894284917894,0.0,0.0009251501801882112,1
0.425,PINN Vanilla,0.2507729700899816,0.00043999407558585304,0.0015418821416016888,0.003469758519036442,-0.000905349850654602,0.7360327839851379,1.4733552187681198,0.7366868363565637,0.0,0.0009053611902664918,1
0.43,PINN Vanilla,0.25075337740483583,0.0003618305246890325,0.0015380500366789964,0.003426528718839434,-0.0008860528469085693,0.734037458896637,1.46937195956707,0.7346951818106471,0.0,0.0008860639448232489,1
0.435,PINN Vanilla,0.2507336421294494,0.0002830981206997899,0.0015344278645197144,0.0033830925138843004,-0.0008667409420013428,0.7320606708526611,1.4654261469841003,0.732722250808282,0.0,0.0008667517980321735,1
0.44,PINN Vanilla,0.25071376227252595,0.00020378891949060472,0.0015309878349292943,0.0033403928405221425,-0.0008481591939926147,0.7300933599472046,1.4614993780851364,0.7307588417671821,0.0,0.0008481698172848963,1
0.445,PINN Vanilla,0.25069377020941125,0.00012403208007981446,0.0015277569860354617,0.003296972079957175,-0.0008295625448226929,0.7281458377838135,1.4576119929552078,0.728815124857243,0.0,0.0008295729351897866,1
0.45,PINN Vanilla,0.2506736666859091,4.383057779610841e-05,0.0015246844889289252,0.0032541540980115906,-0.0008112192153930664,0.7262061834335327,1.4537402093410492,0.7268792088028942,0.0,0.0008112293760078314,1
0.455,PINN Vanilla,0.2506534448182499,3.684304964435051e-05,0.0015217840357561337,0.0032110869652296654,-0.0007935911417007446,0.7242869138717651,1.4499098807573318,0.7249640205233807,0.0,0.000793601081521842,1
0.46,PINN Vanilla,0.2506331637859702,0.00011775270990980596,0.0015190619643734307,0.0031686172675382124,-0.0007762014865875244,0.7223742008209229,1.44609235227108,0.7230552323727613,0.0,0.0007762112086011745,1
0.465,PINN Vanilla,0.2506127820105047,0.00019906427757468263,0.001516501862890335,0.003125882734798368,-0.000758931040763855,0.7204831838607788,1.4423178881406784,0.72116797666976,0.0,0.000758940546463168,1
0.47000000000000003,PINN Vanilla,0.25059232184359503,0.00028068858203833254,0.0015140592843304464,0.003083834382136382,-0.0007418990135192871,0.7185969352722168,1.4385521709918976,0.7192850945123475,0.0,0.0007419083058904833,1
0.47500000000000003,PINN Vanilla,0.2505718092242996,0.00036252214136899734,0.0015117782393639725,0.0030422296426944606,-0.0007251054048538208,0.716733455657959,1.4348317384719849,0.7174248549529667,0.0,0.0007251144868831206,1
0.48,PINN Vanilla,0.2505512358816536,0.00044459795196168117,0.0015095906497884738,0.0030005735706808215,-0.0007087886333465576,0.7148739099502563,1.431119292974472,0.7155686089548051,0.0,0.0007087975110064017,1
0.485,PINN Vanilla,0.2505306029716531,0.0005269114020567829,0.0015075358377184362,0.002958996888591043,-0.0006927251815795898,0.7130358219146729,1.4274488240480423,0.7137333515050657,0.0,0.0006927338580428374,1
0.49,PINN Vanilla,0.25050990531841916,0.0006094831404355119,0.0015055634225226635,0.0029181963898433985,-0.0007056891918182373,0.7112034559249878,1.4237894862890244,0.7119036597087418,0.0,0.0007056980306572167,1
0.495,PINN Vanilla,0.25048916690700407,0.0006922174805272848,0.0015036898263059988,0.0028775431629534873,-0.0007261931896209717,0.7093903422355652,1.420168399810791,0.7100930937923611,0.0,0.0007262022852749018,1
0.5,PINN Vanilla,0.25046837684121337,0.0007751578918842775,0.0015018653332986946,0.0028694846659613124,-0.000745132565498352,0.7075839042663574,1.4165591150522232,0.708288428809722,0.0,0.0007451418983701618,1
0.505,PINN Vanilla,0.2504475416393729,0.0008582783701335073,0.0015001142032825905,0.00289626322742249,-0.0007637441158294678,0.7057952880859375,1.412985622882843,0.70650166034583,0.0,0.0007637536818131042,1
0.51,PINN Vanilla,0.2504266609360386,0.0009415803731864923,0.0014984243494771837,0.002922717478224642,-0.0007814317941665649,0.704014778137207,1.4094276428222656,0.7047226480334848,0.0,0.0007814415816904241,1
0.515,PINN Vanilla,0.2504057211128322,0.0010251182305441942,0.0014967499366492344,0.0029499715942043862,-0.0007973015308380127,0.7022500038146973,1.4058993309736252,0.702958470012907,0.0,0.0007973115171321643,1
0.52,PINN Vanilla,0.25038473468434225,0.0011088420161923685,0.0014950899690290096,0.0029776806536777056,-0.0008133649826049805,0.7004953026771545,1.4023918360471725,0.7012047005837903,0.0,0.0008133751700957287,1
0.525,PINN Vanilla,0.25036369760831195,0.0011927678564117665,0.0014934615342973288,0.003004839788358287,-0.0008280575275421143,0.698753833770752,1.3989096581935883,0.6994635898496574,0.0,0.000828067899058692,1
0.53,PINN Vanilla,0.25034259783255086,0.0012769438325141657,0.0014917954199834228,0.003032885492653039,-0.0008415281772613525,0.6970241069793701,1.3954498767852783,0.6977336774784207,0.0,0.0008415387174993804,1
0.535,PINN Vanilla,0.2503214458654354,0.001361328022118273,0.0014901402512828594,0.0030602477482373075,-0.0008538365364074707,0.6953058242797852,1.3920120596885681,0.6960147474005367,0.0,0.0008538472308091246,1
0.54,PINN Vanilla,0.2503002320413475,0.0014459589854841927,0.0014884540541500117,0.003088078269371488,-0.000865250825881958,0.6936003565788269,1.388599693775177,0.6943085430737017,0.0,0.0008652616632489115,1
0.545,PINN Vanilla,0.2502789275349678,0.0015309517190657197,0.0014867116807888497,0.00311516439009946,-0.0008753389120101929,0.69190514087677,1.385205790400505,0.692611570131849,0.0,0.0008753498757315952,1
0.55,PINN Vanilla,0.25025756874152494,0.0016161610268222437,0.001484921757860585,0.003142157404689958,-0.0008850395679473877,0.6902238726615906,1.381840005517006,0.6909286566116764,0.0,0.0008850506531706308,1
0.555,PINN Vanilla,0.25023610526705165,0.0017017879517145008,0.0014830791569067363,0.0031688566840393853,-0.000892937183380127,0.6885508298873901,1.3784894496202469,0.6892533576802462,0.0,0.0008929483675219193,1
0.56,PINN Vanilla,0.25021457194804664,0.0017876935161382386,0.0014811677926505938,0.0031942235305540655,-0.0008998364210128784,0.6868932843208313,1.3751687705516815,0.6875929973500183,0.0,0.0008998476915684224,1
0.5650000000000001,PINN Vanilla,0.2501929199567309,0.0018740725148632374,0.0014791434473041582,0.003220629767035809,-0.000905841588973999,0.6852422952651978,1.3718606680631638,0.6859389253885757,0.0,0.0009058529347449682,1
0.5700000000000001,PINN Vanilla,0.2501711687063789,0.0019608475000837695,0.0014770595996307454,0.003245230924451444,-0.0009106248617172241,0.6836082339286804,1.3685852140188217,0.6843011778536838,0.0,0.0009106362673992393,1
0.5750000000000001,PINN Vanilla,0.25014929689683235,0.002048103447187315,0.0014748397167268972,0.003270021660526052,-0.0009147822856903076,0.6819788217544556,1.3653185367584229,0.6826678187657286,0.0,0.0009147937434445402,1
0.58,PINN Vanilla,0.25012731759457496,0.0021357882284150516,0.0014725501952269958,0.0032936268682581572,-0.0009176284074783325,0.6803678274154663,1.3620876371860504,0.6810523487458464,0.0,0.0009176399008805707,1
0.585,PINN Vanilla,0.2501051788767418,0.0022241089861503335,0.001470118714165493,0.0033160161094899984,-0.0009191632270812988,0.678760826587677,1.3588637560606003,0.6794403879933788,0.0,0.0009191747397073305,1
0.59,PINN Vanilla,0.2500829081963729,0.0023129561985444375,0.001467574323978078,0.00333858230538657,-0.0009204447269439697,0.6771714091300964,1.355674922466278,0.6778459512259625,0.0,0.0009204562556209358,1
0.595,PINN Vanilla,0.2500604646162944,0.002402493181388867,0.0014648814713945195,0.0033599477698416508,-0.0009203106164932251,0.6755866408348083,1.3524938523769379,0.6762553962596564,0.0,0.0009203221434904423,1
0.6,PINN Vanilla,0.25003786771385755,0.002492641832305752,0.0014620678805702303,0.0033805388329910535,-0.0009194016456604004,0.6740183234214783,1.3493453860282898,0.6746811433678793,0.0,0.0009194131612726525,1
0.605,PINN Vanilla,0.2500150792516984,0.0025835546963967316,0.0014591173052031672,0.0033996800820189285,-0.0009175091981887817,0.6724559664726257,1.3462076038122177,0.6731122326093001,0.0,0.0009175206900979097,1
0.61,PINN Vanilla,0.24999211594328152,0.002675165096545943,0.0014560050033288717,0.003418097723707318,-0.000914648175239563,0.6709074974060059,1.3430970013141632,0.6715569118799444,0.0,0.0009146596313140467,1
0.615,PINN Vanilla,0.2499689423778394,0.0027676143013598067,0.0014527511683509566,0.003435311848942711,-0.0009116381406784058,0.6693671941757202,1.3400024622678757,0.6700096229770703,0.0,0.0009116495590518575,1
0.62,PINN Vanilla,0.24994555337203517,0.002860922989372803,0.0014493408374189247,0.0034510222086844844,-0.0009064376354217529,0.667838990688324,1.3369305282831192,0.6684736367465274,0.0,0.0009064489886582731,1
0.625,PINN Vanilla,0.2499219256791625,0.002955183901579873,0.0014457719385381524,0.0034665237925326914,-0.000901535153388977,0.6663199067115784,1.3338768929243088,0.6669467999435537,0.0,0.000901546445221341,1
0.63,PINN Vanilla,0.24989806366217387,0.0030503796323085833,0.0014420344701149461,0.0034796418913963442,-0.0008953064680099487,0.6648117899894714,1.3308441042900085,0.6654303866333888,0.0,0.000895317681827306,1
0.635,PINN Vanilla,0.24987395208429644,0.003146570967523847,0.0014381557509221161,0.003493099074287895,-0.0008891075849533081,0.6633137464523315,1.3278316110372543,0.663924121141098,0.0,0.000889118721128936,1
0.64,PINN Vanilla,0.24984956769882383,0.0032438506482207175,0.0014340954674904576,0.003504367454844677,-0.000881493091583252,0.6618252396583557,1.3248367756605148,0.662426684697398,0.0,0.0008815041323864672,1
0.645,PINN Vanilla,0.2498249206263143,0.003342178299189448,0.0014298782971239909,0.0035150531408461444,-0.000873953104019165,0.6603477001190186,1.3218643218278885,0.6609404391659203,0.0,0.0008739640503831615,1
0.65,PINN Vanilla,0.24979996308311447,0.0034417445497388127,0.0014254986253925928,0.003523927585670855,-0.0008651614189147949,0.6588783860206604,1.3189069330692291,0.659461726265772,0.0,0.0008651722551619158,1
0.655,PINN Vanilla,0.24977468993809365,0.003542569870130517,0.0014209487314083313,0.0035318592981416277,-0.0008559077978134155,0.6574218273162842,1.315974473953247,0.6579954783430857,0.0,0.0008559185181578587,1
0.66,PINN Vanilla,0.24974910307813575,0.003644646732782476,0.0014162319967496381,0.0035381285061082957,-0.0008463114500045776,0.6559711694717407,1.3130543231964111,0.6565353846770543,0.0,0.0008463220501536515,1
0.665,PINN Vanilla,0.24972319465738396,0.0037480064381531296,0.0014113521224133005,0.0035437562222716407,-0.0008364319801330566,0.6545344591140747,1.3101611733436584,0.6550887916321592,0.0,0.0008364424565406244,1
0.67,PINN Vanilla,0.24969692041983715,0.0038528255422465157,0.001406320787227505,0.003547665461585456,-0.0008257180452346802,0.6531023979187012,1.3072768449783325,0.6536466093862225,0.0,0.0008257283874489707,1
0.675,PINN Vanilla,0.2496702867346602,0.0039590786357560324,0.001401117207836206,0.003550468354529032,-0.0008141845464706421,0.6516857147216797,1.3044223487377167,0.6522193433894664,0.0,0.0008141947442265228,1
0.68,PINN Vanilla,0.24964327788776586,0.004066828408856704,0.0013957758628592527,0.0035521594166667073,-0.0008035451173782349,0.6502722501754761,1.3015752881765366,0.6507957952789944,0.0,0.0008035551818740322,1
0.685,PINN Vanilla,0.249615873041394,0.00417615799223277,0.0013902643872961908,0.0035522609302918104,-0.0007912963628768921,0.6488747596740723,1.2987587004899979,0.6493874837966814,0.0,0.0007913062739556185,1
0.6900000000000001,PINN Vanilla,0.24958806446901668,0.0042870982102890315,0.0013846140830665636,0.0035507549907118838,-0.0007794201374053955,0.6474804282188416,1.2959488034248352,0.6479825176669567,0.0,0.0007794298997330204,1
0.6950000000000001,PINN Vanilla,0.24955984186362457,0.004399690182067962,0.0013788035615753245,0.0035487384850560327,-0.0007668286561965942,0.6461012363433838,1.293168693780899,0.6465924454343908,0.0,0.0007668382608144566,1
0.7000000000000001,PINN Vanilla,0.24953119142784608,0.004513988951150644,0.0013728426641539577,0.00354476970803895,-0.0007537007331848145,0.6447258591651917,1.290395811200142,0.6452059867786742,0.0,0.0007537101733739183,1
0.705,PINN Vanilla,0.24950208076396146,0.0046301237658151135,0.0013667553542055372,0.0035396908737073338,-0.0007408559322357178,0.6433643102645874,1.287650391459465,0.6438332597149854,0.0,0.0007408652115421999,1
0.71,PINN Vanilla,0.24947250329398057,0.004748120868460727,0.0013605205341210994,0.0035333942804065613,-0.0007279962301254272,0.6420072317123413,1.2849146127700806,0.6424653532373205,0.0,0.0007280053483626488,1
0.715,PINN Vanilla,0.24944245305147258,0.004868004061716665,0.0013541438948203941,0.003525616302639728,-0.0007150471210479736,0.6406628489494324,1.2822040021419525,0.6411100309479002,0.0,0.0007150560770961021,1
0.72,PINN Vanilla,0.24941192741120782,0.004989783818740213,0.0013476617967280976,0.003517255726277882,-0.0007019788026809692,0.6393244862556458,1.2795052081346512,0.6397606170428956,0.0,0.0007019875950468944,1
0.725,PINN Vanilla,0.2493808829450273,0.005113633392921089,0.001341035011257772,0.0035069354778359194,-0.0006883740425109863,0.6379970908164978,1.2768279314041138,0.6384219619110261,0.0,0.0006883826644757124,1
0.73,PINN Vanilla,0.24934932466473309,0.005239532790050117,0.0013342958465575152,0.003495156260064379,-0.0006746500730514526,0.6366769075393677,1.2741651982069016,0.6370905786368989,0.0,0.0006746585231218694,1
0.735,PINN Vanilla,0.24931724345660183,0.005367518368644376,0.001327435308037722,0.0034828064124593563,-0.000661313533782959,0.6353664994239807,1.271522045135498,0.6357689855482977,0.0,0.0006613218168116745,1
0.74,PINN Vanilla,0.24928461764011534,0.005497676621508516,0.0013204817775715257,0.003469552562912828,-0.0006477534770965576,0.6340636014938354,1.2688942849636078,0.6344550890058521,0.0,0.0006477615902839903,1
0.745,PINN Vanilla,0.2492514219772708,0.005630108233765662,0.0013134125808707245,0.003453869407526268,-0.000634506344795227,0.6327698230743408,1.2662847191095352,0.6331502897362583,0.0,0.0006345142920607911,1
0.75,PINN Vanilla,0.24921767585896876,0.005764735846869455,0.001306257384717855,0.0034381805891443226,-0.0006208866834640503,0.6314845681190491,1.2636919468641281,0.6318538873761682,0.0,0.0006208944601417764,1
0.755,PINN Vanilla,0.2491833179875895,0.005901804003085742,0.001298979910311209,0.003420543827762669,-0.0006078779697418213,0.6302067637443542,1.2611148208379745,0.6305653082236903,0.0,0.0006078855834838993,1
0.76,PINN Vanilla,0.24914837936619977,0.00604118901800026,0.0012916365034939842,0.0034020567764262155,-0.0005943626165390015,0.6289385557174683,1.2585562467575073,0.6292860051602381,0.0,0.000594370060999713,1
0.765,PINN Vanilla,0.24911283226581185,0.006183001514334022,0.001284201946037044,0.0033823419486025547,-0.0005811899900436401,0.6276769042015076,1.2560116052627563,0.6280136684768977,0.0,0.0005811972695156769,1
0.77,PINN Vanilla,0.24907665244780025,0.006327338190269205,0.0012766840632844614,0.0033616179592323506,-0.0005682110786437988,0.6264252066612244,1.2534868270158768,0.6267512635418877,0.0,0.0005682181955534649,1
0.775,PINN Vanilla,0.24903984078475544,0.006474195564671434,0.0012691062162912077,0.003340356778094161,-0.0005556493997573853,0.6251797676086426,1.250974863767624,0.6254952661864457,0.0,0.0005556563593305662,1
0.78,PINN Vanilla,0.2490023846054698,0.006623624188375045,0.0012614393849361717,0.0033174210651546604,-0.0005424916744232178,0.6239444613456726,1.2484829425811768,0.6242492899874212,0.0,0.0005424984691943628,1
0.785,PINN Vanilla,0.24896425509954,0.006775738998327739,0.0012537233556229519,0.003293431813922082,-0.0005300045013427734,0.6227144598960876,1.2460022866725922,0.6230089464978774,0.0,0.0005300111397106272,1
0.79,PINN Vanilla,0.24892546569143564,0.006930486438612887,0.0012459442683120082,0.0032681010249390255,-0.0005177408456802368,0.6214951872825623,1.2435432076454163,0.6217793915841645,0.0,0.000517747330444381,1
0.795,PINN Vanilla,0.24888598446820953,0.007087993823544587,0.0012381112605176266,0.0032421390361820276,-0.0005052685737609863,0.620280385017395,1.2410929650068283,0.6205542549200839,0.0,0.0005052749023084782,1
0.8,PINN Vanilla,0.24884580781271268,0.007248275583468023,0.0012302315887089796,0.0032154812670646266,-0.0004938989877700806,0.6190769076347351,1.2386664748191833,0.6193409946302258,0.0,0.0004939051739121891,1
0.805,PINN Vanilla,0.24880492035392765,0.007411393039906733,0.0012223136910556925,0.003187616026583226,-0.0004820823669433594,0.6178772449493408,1.2362473011016846,0.6181313926212607,0.0,0.0004820884050809214,1
0.81,PINN Vanilla,0.2487633079663292,0.007577402545586417,0.0012143418908551033,0.0031589852054816,-0.00047101080417633057,0.616689145565033,1.2338519841432571,0.6169337191412356,0.0,0.00047101670364128477,1
0.8150000000000001,PINN Vanilla,0.24872097607936944,0.007746282440114272,0.0012063352162530788,0.0031294643412312015,-0.0004596412181854248,0.615504264831543,1.2314628213644028,0.615739122789538,0.0,0.00045964697524499573,1
0.8200000000000001,PINN Vanilla,0.2486778920492133,0.007918162953626878,0.0011983024511624063,0.003098720229726973,-0.00044886767864227295,0.6143314838409424,1.229098692536354,0.6145570435700198,0.0,0.0004488733007620115,1
0.8250000000000001,PINN Vanilla,0.24863406626490858,0.008093002639795803,0.0011902579781050227,0.0030669708687387984,-0.00043839216232299805,0.6131610870361328,1.226739376783371,0.6133773709181765,0.0,0.00043839765323567967,1
0.8300000000000001,PINN Vanilla,0.2485894832659412,0.008270863177184588,0.0011821726916464571,0.0030348662332508325,-0.0004280209541320801,0.6120030879974365,1.2244053333997726,0.6122103346092953,0.0,0.00042802631514417613,1
0.835,PINN Vanilla,0.24854411682984728,0.008451849178350328,0.0011740843487140268,0.003002430278041618,-0.0004179030656814575,0.6108472347259521,1.2220757007598877,0.6110455036998933,0.0,0.00041790829996582717,1
0.84,PINN Vanilla,0.24849795670182379,0.00863600155406206,0.0011659600516228197,0.0029688374056822397,-0.0004082620143890381,0.6097036600112915,1.2197711169719696,0.6098931973733447,0.0,0.0004082671279181221,1
0.845,PINN Vanilla,0.24845100846794155,0.00882329801910832,0.0011578292754169796,0.0029335300394294495,-0.00039933621883392334,0.6085618734359741,1.217471182346344,0.6087432156570579,0.0,0.0003993412205663827,1
0.85,PINN Vanilla,0.2484032690778628,0.009013750742583293,0.0011497036447286532,0.0028986325975265265,-0.0003895610570907593,0.6074326634407043,1.215195432305336,0.6076053263845372,0.0,0.000389565936388184,1
0.855,PINN Vanilla,0.24835470799091935,0.009207481564196889,0.0011415653242241913,0.0028625737827782383,-0.00038188695907592773,0.6063048243522644,1.2129245102405548,0.6064698511303656,0.0,0.0003818917422543847,1
0.86,PINN Vanilla,0.24830531818163884,0.009404518511545173,0.001133421309398692,0.0028257639119080025,-0.0003736913204193115,0.6051893830299377,1.21067775785923,0.605346460869286,0.0,0.00037369600094644374,1
0.865,PINN Vanilla,0.24825510862204167,0.009604825791424285,0.0011252831136755006,0.002789060083266154,-0.0003653019666671753,0.6040753722190857,1.2084341496229172,0.6042246427004029,0.0,0.00036530654211667867,1
0.87,PINN Vanilla,0.24820405476772273,0.009808501321901327,0.0011171434277541898,0.0027508306357537926,-0.0003573596477508545,0.6029730439186096,1.206214115023613,0.6031146114976554,0.0,0.00035736412372189226,1
0.875,PINN Vanilla,0.2481521428958909,0.010015599849024247,0.001109006116496336,0.0027122897525698464,-0.0003501027822494507,0.6018729209899902,1.2039994150400162,0.6020072476361699,0.0,0.0003501071673274063,1
0.88,PINN Vanilla,0.24809938161312278,0.010226087037500043,0.0011008760307778807,0.00267342943260232,-0.00034332275390625,0.600784182548523,1.2018079608678818,0.6009115068259938,0.0,0.0003433270540635642,1
0.885,PINN Vanilla,0.2480457648933232,0.010439986927984271,0.0010927555833301686,0.0026341072639449042,-0.0003367513418197632,0.5996970534324646,1.1996198147535324,0.5998174200654273,0.0,0.0003367555596693788,1
0.89,PINN Vanilla,0.24799125044195502,0.010657468251367078,0.0010846513150953505,0.0025936142793194367,-0.00032986700534820557,0.5986207127571106,1.1974532902240753,0.5987341442327132,0.0,0.0003298711369707084,1
0.895,PINN Vanilla,0.2479358810532439,0.010878360283288396,0.0010765607471996748,0.0025530740324684054,-0.00032401084899902344,0.5975470542907715,1.1952931582927704,0.5976540647391092,0.0,0.0003240149072724887,1
0.9,PINN Vanilla,0.24787959602621346,0.011102905185750106,0.0010684770424564602,0.002511896111568629,-0.0003181546926498413,0.5964834690093994,1.1931529343128204,0.5965839393458574,0.0,0.00031815867757426907,1
0.905,PINN Vanilla,0.24782244289840188,0.011330913311301647,0.0010604232694931784,0.0024705328441635976,-0.00031256675720214844,0.5954226851463318,1.1910187005996704,0.59551680912352,0.0,0.0003125706721370366,1
0.91,PINN Vanilla,0.2477643789949121,0.011562554908250781,0.0010523599173689164,0.002428214311101809,-0.00030766427516937256,0.5943714380264282,1.188904583454132,0.5944597373109697,0.0,0.0003076681287001046,1
0.915,PINN Vanilla,0.24770541199006596,0.011797799360464926,0.0010443345541355595,0.0023861967904401093,-0.00030331313610076904,0.59332275390625,1.186796024441719,0.59340544459979,0.0,0.0003033169351329796,1
0.92,PINN Vanilla,0.24764551301379578,0.012036761842918154,0.0010363236006067705,0.002343381807134476,-0.0002990216016769409,0.5922840237617493,1.1847076714038849,0.592361255002441,0.0,0.00029902534695718506,1
0.925,PINN Vanilla,0.24758470903436938,0.01227933476772457,0.0010283315797496168,0.00230007108738961,-0.0002938956022262573,0.5912477374076843,1.1826233714818954,0.591319091988397,0.0,0.00029389928330276376,1
0.93,PINN Vanilla,0.24752296590888587,0.012525654345431738,0.0010203565210407093,0.0022565037800749282,-0.0002902001142501831,0.5902208089828491,1.180558979511261,0.5902868830747054,0.0,0.00029020374904027403,1
0.935,PINN Vanilla,0.2474602880972523,0.01277570278357428,0.0010124038811748781,0.00221287125170605,-0.00028662383556365967,0.5891966819763184,1.1785010248422623,0.5892578928521456,0.0,0.0002866274255604452,1
0.9400000000000001,PINN Vanilla,0.24739666686610537,0.01302951492325133,0.0010044759954777422,0.002168714641910055,-0.0002833753824234009,0.5881815552711487,1.1764614135026932,0.5882380744091767,0.0,0.00028337893173293406,1
0.9450000000000001,PINN Vanilla,0.2473321117542766,0.013287052710008579,0.000996567219762808,0.0021243942361496293,-0.000280231237411499,0.5871690511703491,1.1744265407323837,0.5872206252805132,0.0,0.00028023474734025123,1
0.9500000000000001,PINN Vanilla,0.24726661135842493,0.013548361636621728,0.0009886914363535682,0.0020796589472219518,-0.0002779066562652588,0.5861654877662659,1.1724112033843994,0.5862129439853541,0.0,0.0002779101370783625,1
0.9550000000000001,PINN Vanilla,0.24720014431872764,0.013813526916504627,0.0009808261380925445,0.0020350172153441176,-0.0002754479646682739,0.5851641893386841,1.170399785041809,0.5852072222174349,0.0,0.00027545141468598023,1
0.96,PINN Vanilla,0.2471327270354117,0.014082483122179388,0.0009729892306988889,0.001989844554217718,-0.0002723783254623413,0.5841724872589111,1.1684073209762573,0.5842109777067372,0.0,0.00027238173703246054,1
0.965,PINN Vanilla,0.24706434244448472,0.014355298329166407,0.000965175013723373,0.0019444399050839722,-0.00027051568031311035,0.5831822156906128,1.1664191484451294,0.5832168789901275,0.0,0.000270519068553383,1
0.97,PINN Vanilla,0.24699498909162929,0.014631978339356165,0.0009573791939893085,0.001898520613521526,-0.0002695024013519287,0.5822018384933472,1.1644513756036758,0.5822329802461093,0.0,0.0002695057769007649,1
0.975,PINN Vanilla,0.24692466373259836,0.014912536095429389,0.0009496283204996253,0.0018530993487208408,-0.0002674013376235962,0.581222414970398,1.1624845564365387,0.5812495583452215,0.0,0.00026740468685636546,1
0.98,PINN Vanilla,0.2468533652188542,0.015196976179391416,0.0009418747370616536,0.0018070941987063383,-0.0002659410238265991,0.5802526473999023,1.160537913441658,0.5802762246568165,0.0,0.00026594435476876867,1
0.985,PINN Vanilla,0.24678108802399001,0.015485320638428546,0.0009341673751568411,0.0017610999551086193,-0.00026533007621765137,0.5792844295501709,1.1585953384637833,0.5793049250023907,0.0,0.00026533339950763127,1
0.99,PINN Vanilla,0.24670783042519895,0.015777576345549722,0.0009264845579321042,0.001720903490180059,-0.0002638697624206543,0.5783249735832214,1.156669333577156,0.5783419104973598,0.0,0.00026387306742003453,1
0.995,PINN Vanilla,0.246633587776123,0.016073761837052492,0.0009188233699820953,0.0017006924693221404,-0.00026300549507141113,0.5773674845695496,1.1547479629516602,0.5773812131519169,0.0,0.00026300878924574256,1
1.0,PINN Vanilla,0.24655835911467505,0.016373880951111242,0.0009111912275693002,0.001679968978766433,-0.000262334942817688,0.5764186978340149,1.1528446823358536,0.5764295609246084,0.0,0.00026233822859327466,1
1.0050000000000001,PINN Vanilla,0.24648212987530577,0.016677991795894992,0.0009035875391620417,0.001658743184968281,-0.0002627074718475342,0.5754712224006653,1.1509446948766708,0.5754795552962353,0.0,0.0002627107622890902,1
1.01,PINN Vanilla,0.246404910849797,0.01698605131839778,0.0008959946699941631,0.0016372318794006802,-0.0002624392509460449,0.5745328068733215,1.1490624397993088,0.5745384159698227,0.0,0.000262442538028103,1
1.0150000000000001,PINN Vanilla,0.2463267007106179,0.017298064814704393,0.0008884660867999746,0.001615516458150057,-0.00026182830333709717,0.5735953450202942,1.1471818536520004,0.5735981111188887,0.0,0.00026183158276696557,1
1.02,PINN Vanilla,0.24624749519922834,0.01761404927394217,0.0008809538368128628,0.001593105155739849,-0.0002619028091430664,0.5726673007011414,1.1453208029270172,0.5726675741014591,0.0,0.0002619060895061287,1
1.025,PINN Vanilla,0.2461672837102974,0.017934047005284896,0.0008734581468796952,0.0015707135847754516,-0.0002622455358505249,0.5717394351959229,1.143460601568222,0.5717374617724426,0.0,0.00026224882050627894,1
1.03,PINN Vanilla,0.24608607313505282,0.018258030516695247,0.0008660098748651359,0.001551393113851357,-0.0002626478672027588,0.5708213448524475,1.1416203826665878,0.5708173407971479,0.0,0.0002626511568977597,1
1.035,PINN Vanilla,0.24600385934919924,0.018586016261740928,0.0008585933683881911,0.0015516129194919626,-0.00026279687881469727,0.5699034929275513,1.1397802531719208,0.5698972645258966,0.0,0.0002628001703760859,1
1.04,PINN Vanilla,0.24592064870698555,0.018917978890621658,0.0008512174390799025,0.0015515102054905472,-0.0002634972333908081,0.5689947009086609,1.1379583328962326,0.5689862929781712,0.0,0.000263500533724219,1
1.045,PINN Vanilla,0.24583642185480145,0.019253995613117008,0.0008438799934552985,0.0015508895411217027,-0.0002643465995788574,0.5680864453315735,1.136138454079628,0.5680763421727723,0.0,0.00026434991055067835,1
1.05,PINN Vanilla,0.24575120186036054,0.019593974402310275,0.0008365777119338106,0.0015498773850077807,-0.00026467442512512207,0.5671871900558472,1.1343357115983963,0.5671749596423771,0.0,0.000264677740202996,1
1.055,PINN Vanilla,0.24566496343345373,0.01993801615159758,0.0008293221547878642,0.0015482900065055816,-0.00026579201221466064,0.5662885308265686,1.1325356662273407,0.5662749256839608,0.0,0.0002657953412904425,1
1.06,PINN Vanilla,0.24557772360078328,0.020286052934224762,0.0008221032627449818,0.0015461037447940529,-0.00026704370975494385,0.5653983354568481,1.130752071738243,0.565383117269548,0.0,0.0002670470545083826,1
1.065,PINN Vanilla,0.2454894899993807,0.020638054282826244,0.0008149638635703511,0.0015433565258381188,-0.0002677738666534424,0.5645087361335754,1.1289699971675873,0.5644920688238747,0.0,0.0002677772205521809,1
1.07,PINN Vanilla,0.24540023561623003,0.020994127963807202,0.0008078527822973164,0.0015403171271514138,-0.00026895105838775635,0.563627302646637,1.1272042244672775,0.563609171415466,0.0,0.0002689544270309579,1
1.075,PINN Vanilla,0.24530997267505666,0.021354225211530225,0.0008007929577160188,0.0015365159148618412,-0.0002697557210922241,0.5627469420433044,1.1254403442144394,0.5627272202426445,0.0,0.0002697590998139194,1
1.08,PINN Vanilla,0.24521870710500132,0.021718322372132146,0.0007937962424311523,0.0015323399130355297,-0.00027182698249816895,0.561874508857727,1.1236939281225204,0.561854001259653,0.0,0.0002718303871626536,1
1.085,PINN Vanilla,0.24512644417889717,0.022086398410039697,0.0007868723857123672,0.0015278563771569387,-0.0002723187208175659,0.5610031485557556,1.121948093175888,0.5609810728529442,0.0,0.00027232213164113004,1
1.09,PINN Vanilla,0.2450331709272153,0.022458505066217764,0.0007800062462747049,0.0015228347246684648,-0.0002734661102294922,0.5601389408111572,1.1202172189950943,0.5601156249228474,0.0,0.00027346953542424176,1
1.095,PINN Vanilla,0.2449388771324425,0.02283468310267047,0.0007732183396751954,0.0015171857889567375,-0.0002748221158981323,0.5592763423919678,1.1184900104999542,0.559252009858534,0.0,0.0002748255580770102,1
1.1,PINN Vanilla,0.24484360755772683,0.023214753940169152,0.0007665043851277386,0.0015113089509520838,-0.00027607381343841553,0.5584205985069275,1.1167765110731125,0.5583952494142236,0.0,0.00027607727129495027,1
1.105,PINN Vanilla,0.24474731764874536,0.023598895324850277,0.0007598685041196906,0.0015047236475529968,-0.00027742981910705566,0.5575667023658752,1.115066945552826,0.5575404559478271,0.0,0.0002774332939477187,1
1.11,PINN Vanilla,0.24465003050304385,0.023987015110783837,0.0007533260445664575,0.0014978119258563793,-0.00027871131896972656,0.5567190647125244,1.1133700609207153,0.5566920030049334,0.0,0.000278714809861324,1
1.115,PINN Vanilla,0.24455174338352215,0.024379124217426048,0.0007468714884875139,0.001490600849546192,-0.0002799034118652344,0.5558733940124512,1.1116767823696136,0.5558453531251274,0.0,0.0002799069176879336,1
1.12,PINN Vanilla,0.24445245134550048,0.024775242371206773,0.0007405065099223949,0.001482776278858955,-0.0002812594175338745,0.555033802986145,1.109996184706688,0.5550050437688242,0.0,0.000281262940340702,1
1.125,PINN Vanilla,0.2443521735337642,0.025175293195437754,0.0007342599381779972,0.001474585343735818,-0.0002824515104293823,0.5541964173316956,1.1083198189735413,0.5541668504039132,0.0,0.00028245504816731164,1
1.1300000000000001,PINN Vanilla,0.24425088616462798,0.025579371573351526,0.0007281117714088955,0.0014660472472904362,-0.0002837628126144409,0.5533646941184998,1.1066551506519318,0.5533345058180266,0.0,0.00028376636677658216,1
1.135,PINN Vanilla,0.24414862284401395,0.025987343436637018,0.0007220904859922983,0.0014570611620016438,-0.0002846717834472656,0.5525354743003845,1.1049950867891312,0.5525044634903801,0.0,0.000284675348994372,1
1.1400000000000001,PINN Vanilla,0.2440453625700853,0.026399292570550275,0.0007161858860777044,0.0014476433080711781,-0.00028592348098754883,0.5517114400863647,1.1033456176519394,0.551679718591888,0.0,0.00028592706221231207,1
1.145,PINN Vanilla,0.24394110695377844,0.02681521254838106,0.0007104112700642446,0.0014377791078336588,-0.0002865642309188843,0.5508898496627808,1.1017006635665894,0.5508572312475927,0.0,0.00028656782016911475,1
1.1500000000000001,PINN Vanilla,0.24383587149289754,0.027235041542799602,0.0007047767690356207,0.0014276812305130393,-0.0002876371145248413,0.5500731468200684,1.1000663936138153,0.5500400860364952,0.0,0.0002876407172130634,1
1.155,PINN Vanilla,0.24372966320545705,0.027658751555962542,0.0006992969005031249,0.0014171149336111577,-0.00028868019580841064,0.549259603023529,1.0984382927417755,0.5492260254043992,0.0,0.00028868381156134674,1
1.16,PINN Vanilla,0.2436224506632821,0.028086467968221274,0.0006939560963794835,0.0014061671810903231,-0.0002895742654800415,0.548450231552124,1.0968183875083923,0.5484160626429572,0.0,0.000289577892431304,1
1.165,PINN Vanilla,0.2435142722156074,0.028518037788174112,0.0006887855523804099,0.0013949504343691022,-0.00029005110263824463,0.547644317150116,1.0952053368091583,0.5476095271915167,0.0,0.0002900547355619478,1
1.17,PINN Vanilla,0.24340512557281507,0.02895347015008035,0.0006837816697527183,0.0013834230259648361,-0.00029087066650390625,0.5468421578407288,1.0936001390218735,0.54680691824523,0.0,0.00029087430969274193,1
1.175,PINN Vanilla,0.24329499557271259,0.0293928255423722,0.0006789545455625266,0.001371379811433815,-0.00029169023036956787,0.5460439324378967,1.0920026898384094,0.5460081836493798,0.0,0.000291693883823536,1
1.18,PINN Vanilla,0.24318390741601242,0.02983600342869344,0.0006742944815321617,0.0013591818960807522,-0.0002920776605606079,0.5452485680580139,1.0904108881950378,0.5452122728589439,0.0,0.00029208131886718415,1
1.185,PINN Vanilla,0.24307184670124204,0.030283061262640843,0.0006698653395390049,0.001346175249654663,-0.00029249489307403564,0.5444576740264893,1.088828057050705,0.5444208473742056,0.0,0.00029249855660649747,1
1.19,PINN Vanilla,0.24295881952907705,0.030733974706025714,0.0006656216748760297,0.0013334598475390202,-0.0002928227186203003,0.5436692237854004,1.0872502624988556,0.543631940217251,0.0,0.0002928263862588151,1
1.195,PINN Vanilla,0.24284483906295568,0.031188691244296515,0.0006615818828051089,0.0013202091811948813,-0.00029346346855163574,0.5428855419158936,1.0856821984052658,0.5428478983503638,0.0,0.0002934671442156178,1
1.2,PINN Vanilla,0.24272990219287569,0.03164722328457435,0.0006577590385101061,0.0013065159436911056,-0.0002933591604232788,0.5421038866043091,1.0841180384159088,0.5420658085600427,0.0,0.00029336283478078944,1
1.205,PINN Vanilla,0.24261402326064546,0.03210951361128816,0.0006541953012803805,0.001292770856630071,-0.0002934187650680542,0.5413269400596619,1.0825629830360413,0.5412882711314844,0.0,0.00029342244017211994,1
1.21,PINN Vanilla,0.2424971844042624,0.03257563348356036,0.0006508290596475129,0.0012785654129753854,-0.0002934783697128296,0.5405520796775818,1.0810125768184662,0.540513058313188,0.0,0.0002934820455634504,1
1.215,PINN Vanilla,0.24237939458828908,0.03304554713793959,0.000647716463204927,0.0012639216275531773,-0.0002934187650680542,0.5397823452949524,1.0794720649719238,0.539742792742372,0.0,0.00029342244017211994,1
1.22,PINN Vanilla,0.24226069078968093,0.033519107057629796,0.000644849230094253,0.0012494825680230137,-0.0002926141023635864,0.5390138626098633,1.0779337882995605,0.5389736447726435,0.0,0.00029261776738915846,1
1.225,PINN Vanilla,0.24214102332298465,0.03399651145902805,0.0006422534244133225,0.001245895801780847,-0.00029240548610687256,0.5382508039474487,1.0764069557189941,0.5382102189204827,0.0,0.00029240914851950175,1
1.23,PINN Vanilla,0.2420204317978433,0.03447760232242807,0.0006399155536824494,0.0012637792216228724,-0.0002920776605606079,0.537488579750061,1.0748815685510635,0.5374475157836919,0.0,0.00029208131886718415,1
1.235,PINN Vanilla,0.24189892511915517,0.03496234412240467,0.0006378553187140108,0.0012818764428558435,-0.00029115378856658936,0.5367323756217957,1.0733679682016373,0.5366907061299687,0.0,0.0002911574353015617,1
1.24,PINN Vanilla,0.24177647851131578,0.035450835699377486,0.0006360761901662431,0.0012993082630595176,-0.0002907216548919678,0.5359761118888855,1.0718546211719513,0.5359340231377022,0.0,0.0002907252962144157,1
1.245,PINN Vanilla,0.24165312179156373,0.03594295809970496,0.0006345585755373332,0.001317246386900249,-0.0002898275852203369,0.5352262258529663,1.070353925228119,0.5351836657675907,0.0,0.0002898312153444585,1
1.25,PINN Vanilla,0.24152886371563623,0.036438676393028786,0.0006333438049703328,0.001334820060812772,-0.00028853118419647217,0.5344766974449158,1.0688535422086716,0.5344334648616313,0.0,0.0002885347980830206,1
1.2550000000000001,PINN Vanilla,0.24140367715118885,0.03693809882180625,0.0006324184227675906,0.0013517708039879478,-0.00028739869594573975,0.5337328910827637,1.0673648864030838,0.5336891276360441,0.0,0.00028740229564774145,1
1.26,PINN Vanilla,0.24127758174269526,0.03744114701588005,0.0006317868134248558,0.0013691506536937723,-0.0002857297658920288,0.5329893231391907,1.065876305103302,0.5329448276638264,0.0,0.000285733344690488,1
1.2650000000000001,PINN Vanilla,0.24115059160076463,0.037947764682031024,0.0006314647809779814,0.001385920274924013,-0.0002846270799636841,0.5322521328926086,1.0644009113311768,0.5322071215380249,0.0,0.00028463064495087414,1
1.27,PINN Vanilla,0.24102271624931224,0.03845791382531207,0.0006314424962803172,0.001402154148047334,-0.00028304755687713623,0.5315145254135132,1.0629244446754456,0.5314688789637011,0.0,0.0002830511020806164,1
1.2750000000000001,PINN Vanilla,0.24089393523093816,0.03897167605898892,0.0006317347275136476,0.0014186996117972542,-0.0002811551094055176,0.5307828783988953,1.061459943652153,0.5307366192805323,0.0,0.0002811586309058737,1
1.28,PINN Vanilla,0.24076427551391008,0.039488943795176236,0.0006323218724753057,0.0014348669687194102,-0.00027933716773986816,0.5300514101982117,1.0599955171346664,0.530004396850733,0.0,0.00027934066647029404,1
1.285,PINN Vanilla,0.24063373312309339,0.04000973289237601,0.0006332343299434329,0.0014512763004287457,-0.00027720630168914795,0.5293258428573608,1.0585429519414902,0.5292781051573711,0.0,0.0002772097737302294,1
1.29,PINN Vanilla,0.24050232112497177,0.04053399122282954,0.0006344339153246196,0.0014673834069746858,-0.0002748221158981323,0.5286003947257996,1.0570903569459915,0.5285517985626613,0.0,0.0002748255580770102,1
1.295,PINN Vanilla,0.24037002401428298,0.04106178064362008,0.0006359574648435517,0.0014832761128962119,-0.0002727806568145752,0.5278801321983337,1.0556487143039703,0.5278309682132801,0.0,0.0002727840734239413,1
1.3,PINN Vanilla,0.2402368775523222,0.04159295848773712,0.0006377738139752756,0.001498577968635735,-0.0002702176570892334,0.52716064453125,1.0542079955339432,0.5271105998056816,0.0,0.00027022104159673063,1
1.305,PINN Vanilla,0.24010286612941456,0.042127587028810254,0.0006399177110117917,0.0015136744181608527,-0.00026744604110717773,0.5264462232589722,1.052777424454689,0.5263953053070203,0.0,0.0002674493908998633,1
1.31,PINN Vanilla,0.23996798500224756,0.04266568518992963,0.0006423471813626429,0.0015290764831407053,-0.00026448071002960205,0.5257320404052734,1.0513473749160767,0.525680271581946,0.0,0.00026448402268117193,1
1.315,PINN Vanilla,0.23983225129447783,0.04320718465754882,0.0006450758436156225,0.0015439926740634519,-0.00026203691959381104,0.5250229239463806,1.0499277412891388,0.5249704458779391,0.0,0.0002620402016366223,1
1.32,PINN Vanilla,0.239695687514466,0.04375199563624784,0.0006481127677550235,0.0015588728915130329,-0.00025890767574310303,0.524314820766449,1.0485098212957382,0.5242614770014326,0.0,0.00025891091859177204,1
1.325,PINN Vanilla,0.2395582746442135,0.04430019399690839,0.0006514195808164509,0.001573517548393799,-0.0002552419900894165,0.5236110687255859,1.0471000522375107,0.5235565836435583,0.0,0.00025524518702494753,1
1.33,PINN Vanilla,0.23942003593042685,0.04485168699853497,0.0006550310595789072,0.0015883145409006441,-0.00025232136249542236,0.5229083299636841,1.0456931740045547,0.5228531357164239,0.0,0.00025232452284975406,1
1.335,PINN Vanilla,0.23928095763539886,0.04540652944668207,0.0006589166555313361,0.0016023875333331453,-0.0002487003803253174,0.5222094655036926,1.0442933589220047,0.5221532194087257,0.0,0.00024870349532642736,1
1.34,PINN Vanilla,0.2391410591798621,0.045964643863790795,0.000663086909115888,0.0016166060664261905,-0.000244826078414917,0.5215122699737549,1.0428967326879501,0.5214548975452457,0.0,0.0002448291448899462,1
1.345,PINN Vanilla,0.23900034596343656,0.0465260087084812,0.0006675207244446297,0.0016309970708567878,-0.00024168193340301514,0.520818829536438,1.0415082424879074,0.5207606437497239,0.0,0.00024168496049726336,1
1.35,PINN Vanilla,0.23885881110235255,0.04709065144303735,0.0006721962409396728,0.0016449991096188776,-0.00023704767227172852,0.5201269388198853,1.0401218235492706,0.5200674255978764,0.0,0.00023705064132131855,1
1.355,PINN Vanilla,0.23871648376499927,0.047658455702353726,0.0006771577268050896,0.0016590759254984655,-0.00023286044597625732,0.5194381475448608,1.0387419313192368,0.5193774708412044,0.0,0.00023286336258035234,1
1.36,PINN Vanilla,0.23857333874320602,0.048229522052540504,0.0006823343237031433,0.001672710259903759,-0.00022886693477630615,0.5187521576881409,1.037367969751358,0.518690481452751,0.0,0.0002288698013612102,1
1.365,PINN Vanilla,0.23842941411026009,0.04880369860306785,0.0006877805810280727,0.0016863009845314303,-0.00022451579570770264,0.5180683732032776,1.0359979271888733,0.5180054515915377,0.0,0.00022451860779408516,1
1.37,PINN Vanilla,0.23828467401536974,0.04938112837798595,0.0006934428513497146,0.001700112000615539,-0.00021970272064208984,0.5173868536949158,1.034632682800293,0.5173228208473254,0.0,0.0002197054724441489,1
1.375,PINN Vanilla,0.23813916586182854,0.049961622265403204,0.0006993270094638552,0.0017135487967911284,-0.00021517276763916016,0.5167083740234375,1.033273071050644,0.5166430064578534,0.0,0.00021517546270303242,1
1.3800000000000001,PINN Vanilla,0.23799286617173088,0.05054527392866678,0.000705421967173949,0.001727073271971316,-0.000210493803024292,0.5160319805145264,1.031918078660965,0.5159655017772955,0.0,0.00021049643948358975,1
1.385,PINN Vanilla,0.23784580324833338,0.051131970454052836,0.0007117266981060537,0.001740616609699125,-0.00020563602447509766,0.5153577923774719,1.0305672138929367,0.5152900609334125,0.0,0.00020563860009015564,1
1.3900000000000001,PINN Vanilla,0.23769796756026262,0.05172174986626219,0.0007182297505608988,0.0017540761378666697,-0.00020051002502441406,0.5146867632865906,1.0292225033044815,0.5146176972178568,0.0,0.00020051253643573437,1
1.395,PINN Vanilla,0.23754936585704367,0.05231458523856985,0.0007249195075861194,0.0017681784935411199,-0.00019530951976776123,0.5140174627304077,1.027881309390068,0.5139470918613454,0.0,0.00019531196604215002,1
1.4000000000000001,PINN Vanilla,0.23740001522504292,0.05291040840619594,0.0007317857752374133,0.0017813588432136207,-0.00018990039825439453,0.5133510828018188,1.0265457332134247,0.5132792954089004,0.0,0.00018990277677890895,1
1.405,PINN Vanilla,0.23724990105396276,0.05350927765582921,0.000738830791386837,0.0017952198799565389,-0.00018405914306640625,0.5126863718032837,1.0252128392457962,0.5126128400777604,0.0,0.00018406144842852192,1
1.41,PINN Vanilla,0.2370990570541378,0.05411105850261293,0.0007460176620779337,0.0018094836704703327,-0.00017856061458587646,0.5120248198509216,1.0238870680332184,0.5119499461687523,0.0,0.00017856285107828516,1
1.415,PINN Vanilla,0.236947453878186,0.054715868025731175,0.000753378090121633,0.0018235819497129518,-0.0001729726791381836,0.5113646984100342,1.0225642025470734,0.5112885051411581,0.0,0.00017297484564105265,1
1.42,PINN Vanilla,0.23679512596732982,0.05532356882450473,0.0007608741927804592,0.0018379814598453864,-0.0001668781042098999,0.5107077360153198,1.0212470144033432,0.5106299028203258,0.0,0.0001668801943775111,1
1.425,PINN Vanilla,0.23664207073362978,0.05593417122332453,0.0007684926032195496,0.0018531920532538215,-0.0001605600118637085,0.5100524425506592,1.0199331939220428,0.5099729843517987,0.0,0.00016056202289648023,1
1.43,PINN Vanilla,0.23648828063700889,0.05654770530276333,0.0007762729646494849,0.0018690996218841543,-0.00015471875667572021,0.509399950504303,1.0186251997947693,0.5093189790967728,0.0,0.0001547206945460932,1
1.435,PINN Vanilla,0.23633378994715462,0.05716403434646798,0.000784138264061284,0.0018860862145737012,-0.00014856457710266113,0.50874924659729,1.017320841550827,0.5086667918061826,0.0,0.00014856643789122115,1
1.44,PINN Vanilla,0.23617857360505723,0.05778325832548226,0.0007921178397388228,0.0019116211019912233,-0.00014221668243408203,0.5081014633178711,1.0160219967365265,0.5080173612649413,0.0,0.00014221846371452503,1
1.445,PINN Vanilla,0.23602266139812297,0.058405258405178455,0.0008002154915027097,0.0019380550225808202,-0.000135764479637146,0.5074548721313477,1.014725685119629,0.5073691973382658,0.0,0.0001357661801030006,1
1.45,PINN Vanilla,0.23586604184097237,0.05903008040561831,0.0008083880777932011,0.0019641384915455584,-0.00012888014316558838,0.5068112015724182,1.013434648513794,0.5067236709501568,0.0,0.00012888175740433016,1
1.455,PINN Vanilla,0.23570872779872204,0.05965767300238206,0.0008166584463206837,0.0019900914604175923,-0.0001223236322402954,0.5061689019203186,1.0121469348669052,0.5060798060623309,0.0,0.00012232516435797737,1
1.46,PINN Vanilla,0.23555073312094976,0.060287980943615746,0.0008250085095000374,0.0020158623448408852,-0.0001153796911239624,0.5055301785469055,1.010865867137909,0.5054392641750719,0.0,0.00011538113626797646,1
1.465,PINN Vanilla,0.23539204053483806,0.06092107313793184,0.0008334308751365787,0.0020409051619214302,-0.00010854005813598633,0.5048918128013611,1.0095854848623276,0.504799065018813,0.0,0.00010854141761280389,1
1.47,PINN Vanilla,0.23523267600927744,0.061556845984385405,0.0008419139325481903,0.0020659054538031407,-0.00010117888450622559,0.5042577385902405,1.0083136558532715,0.504163142549382,0.0,0.00010118015178348963,1
1.475,PINN Vanilla,0.2350726417220152,0.06219529079501664,0.0008504492057020478,0.0020903844422772155,-9.401142597198486e-05,0.5036235451698303,1.007041409611702,0.5035270114610814,0.0,9.401260347599942e-05,1
1.48,PINN Vanilla,0.23491193901549828,0.0628364022142339,0.0008590460489267734,0.002114595525630286,-8.685886859893799e-05,0.5029932260513306,1.0057772994041443,0.502894948440739,0.0,8.685995651634183e-05,1
1.485,PINN Vanilla,0.23475057865913446,0.06348013727829098,0.0008676799968935881,0.002138490597900361,-7.952749729156494e-05,0.5023636221885681,1.004514440894127,0.5022635112770056,0.0,7.95284933826928e-05,1
1.49,PINN Vanilla,0.23458855353795494,0.06412652437182333,0.0008763488792080706,0.002161712612949146,-7.194280624389648e-05,0.5017375349998474,1.0032585859298706,0.501635575930013,0.0,7.194370733588924e-05,1
1.495,PINN Vanilla,0.2344258936854812,0.06477544367834497,0.0008850412542770533,0.002184721449405902,-6.444752216339111e-05,0.5011115670204163,1.0020030736923218,0.5010078119485204,0.0,6.444832937608139e-05,1
1.5,PINN Vanilla,0.23426257524344776,0.06542699037862025,0.0008937618116923849,0.0022072082015960337,-5.6549906730651855e-05,0.5004897713661194,1.000755250453949,0.5003838925147686,0.0,5.6550615024792805e-05,1
1.5050000000000001,PINN Vanilla,0.2340986283572467,0.06608104420986388,0.0009025038720427748,0.0022291626812386,-4.881620407104492e-05,0.49986785650253296,0.9995073676109314,0.49975994327832113,0.0,4.881681549966304e-05,1
1.51,PINN Vanilla,0.23393404229476047,0.06673764798705553,0.0009112562311060575,0.0022509239082799393,-4.106760025024414e-05,0.4992501735687256,0.9982682913541794,0.4991403973901582,0.0,4.106811462670065e-05,1
1.5150000000000001,PINN Vanilla,0.23376884012370258,0.06739670968327872,0.0009200044069910482,0.0022720402882213386,-3.3155083656311035e-05,0.49863213300704956,0.9970283210277557,0.49852040446156026,0.0,3.3155498927579444e-05,1
1.52,PINN Vanilla,0.23360300047679228,0.0680583145417007,0.0009287669816617492,0.0022930589385481703,-2.5004148483276367e-05,0.4980182647705078,0.9957963526248932,0.49790441254485546,0.0,2.500446166313632e-05,1
1.5250000000000001,PINN Vanilla,0.23343655453608916,0.06872233816382864,0.0009375230929638391,0.002313106763404349,-1.640617847442627e-05,0.49740445613861084,0.9945641756057739,0.4972883163187158,0.0,1.640638396371459e-05,1
1.53,PINN Vanilla,0.23326949919904913,0.06938879292703001,0.0009462561667168258,0.0023330991226132858,-8.538365364074707e-06,0.4967947006225586,0.9933408200740814,0.4966766308915346,0.0,8.538472308091246e-06,1
1.5350000000000001,PINN Vanilla,0.23310182811888133,0.07005770415135187,0.0009549982229211477,0.002352670188974837,-3.129243850708008e-07,0.496184766292572,0.9921166449785233,0.4960645356772879,0.0,3.1292830448501946e-07,1
1.54,PINN Vanilla,0.2329335617007794,0.07072899043180157,0.0009637063475904592,0.002371477346942208,8.13603401184082e-06,0.49557822942733765,0.9908996373414993,0.4954560242371951,0.0,0.0,1
1.545,PINN Vanilla,0.23276470664952015,0.07140262502017374,0.0009723819014639845,0.00239024653517822,1.5780329704284668e-05,0.49497222900390625,0.9896839112043381,0.494848153555059,0.0,0.0,1
1.55,PINN Vanilla,0.232595252053993,0.07207865144552741,0.0009810440574002037,0.0024081315695306527,2.4944543838500977e-05,0.49436962604522705,0.988474041223526,0.494243210987772,0.0,0.0,1
1.555,PINN Vanilla,0.23242522074325428,0.07275697863305117,0.0009896654128426288,0.0024257190051578947,3.37064266204834e-05,0.49376749992370605,0.9872651845216751,0.4936387750663114,0.0,0.0,1
1.56,PINN Vanilla,0.23225461020394486,0.07343761660960303,0.0009982533343939994,0.0024425645199432078,4.254281520843506e-05,0.49316900968551636,0.9860636442899704,0.49303799742574367,0.0,0.0,1
1.565,PINN Vanilla,0.23208341646093028,0.07412058123368445,0.0010068002279060113,0.002459566022187637,5.067884922027588e-05,0.4925702214241028,0.9848623126745224,0.4924373240946108,0.0,0.0,1
1.57,PINN Vanilla,0.23191167063660567,0.0748057483448295,0.0010152920201986987,0.002475442976605513,5.9410929679870605e-05,0.49197518825531006,0.9836680293083191,0.49184017493224025,0.0,0.0,1
1.575,PINN Vanilla,0.23173935304174909,0.07549319649171544,0.0010237520274114318,0.0024913230594204583,6.815791130065918e-05,0.4913802742958069,0.9824734926223755,0.4912428991084132,0.0,0.0,1
1.58,PINN Vanilla,0.23156647463221927,0.07618288196676384,0.0010321456763976707,0.002506389822462707,7.744133472442627e-05,0.49078863859176636,0.9812854528427124,0.4906488717784136,0.0,0.0,1
1.585,PINN Vanilla,0.231393048109056,0.07687475410012715,0.0010404809579912546,0.002521312866659048,8.657574653625488e-05,0.4901975393295288,0.9800988584756851,0.49005556716378396,0.0,0.0,1
1.59,PINN Vanilla,0.23121906804280712,0.0775688345521984,0.00104876878950926,0.002535475980496249,9.535253047943115e-05,0.48960959911346436,0.9789184778928757,0.4894653694801774,0.0,0.0,1
1.595,PINN Vanilla,0.23104456049931776,0.07826501933523937,0.0010569920712717943,0.002549167922810097,0.0001036524772644043,0.4890221357345581,0.9777396470308304,0.48887594666665807,0.0,0.0,1
1.6,PINN Vanilla,0.2308695158428019,0.07896334689049722,0.0010651448909800372,0.0025623548218502434,0.00011382997035980225,0.4884380102157593,0.9765659719705582,0.48828910178631385,0.0,0.0,1
1.605,PINN Vanilla,0.23069392521310975,0.0796638525648764,0.0010732357815728673,0.0025752116886042786,0.00012250244617462158,0.4878535866737366,0.9753928333520889,0.4877025251302306,0.0,0.0,1
1.61,PINN Vanilla,0.23051782120932807,0.0803664063067602,0.0010812460776704798,0.002587390633268377,0.00013212859630584717,0.4872724413871765,0.9742254316806793,0.4871188169836051,0.0,0.0,1
1.615,PINN Vanilla,0.23034119107821086,0.08107105899426902,0.0010891844572821269,0.0025989975541724497,0.00014075636863708496,0.48669207096099854,0.9730606973171234,0.48653644250761063,0.0,0.0,1
1.62,PINN Vanilla,0.23016404726722456,0.08177776096916714,0.0010970448933350172,0.002610457443782105,0.00014998018741607666,0.48611462116241455,0.9719012081623077,0.48595669066883473,0.0,0.0,1
1.625,PINN Vanilla,0.22998638555511935,0.08248652907181478,0.0011048412572743473,0.0026213437455392397,0.00015935301780700684,0.48553740978240967,0.9707420468330383,0.485377102744885,0.0,0.0,1
1.6300000000000001,PINN Vanilla,0.2298082287112872,0.08319727246542699,0.0011125317362514536,0.002631467554854633,0.00016880035400390625,0.48496317863464355,0.9695885926485062,0.48480036842904517,0.0,0.0,1
1.635,PINN Vanilla,0.22962955686751313,0.08391007041276025,0.0011201611091627838,0.002641333372490978,0.00016392767429351807,0.4843897223472595,0.9684373885393143,0.4842247591649667,0.0,0.0,1
1.6400000000000001,PINN Vanilla,0.22945039994544814,0.08462480354362754,0.0011276898195645654,0.002650611478129644,0.000159531831741333,0.48381853103637695,0.9672904014587402,0.4836512584416066,0.0,0.0,1
1.645,PINN Vanilla,0.2292707397922262,0.08534154427752912,0.0011351391647583503,0.0026594492293967875,0.0001547783613204956,0.4832487106323242,0.9661463499069214,0.483079225501008,0.0,0.0,1
1.6500000000000001,PINN Vanilla,0.22909060575522938,0.08606017553528088,0.0011425003517668772,0.0026676961983506664,0.00015026330947875977,0.4826807975769043,0.9650056064128876,0.4825088466100188,0.0,0.0,1
1.655,PINN Vanilla,0.22890997711602631,0.08678077997151401,0.0011497610984718685,0.002675261796234174,0.00014539062976837158,0.4821138381958008,0.9638670980930328,0.48193958532011705,0.0,0.0,1
1.6600000000000001,PINN Vanilla,0.2287288870479729,0.08750322524360814,0.001156923780633607,0.0026825027005802915,0.00014063715934753418,0.48154932260513306,0.9627335667610168,0.48137281255530334,0.0,0.0,1
1.665,PINN Vanilla,0.22854730217634617,0.08822764449752245,0.0011640099941141382,0.002689139411598651,0.00013589859008789062,0.4809858798980713,0.9616016894578934,0.48080686681529433,0.0,0.0,1
1.67,PINN Vanilla,0.22836526376647395,0.08895387310832026,0.0011709866158229843,0.0026954415220683536,0.000131264328956604,0.48042434453964233,0.9604737758636475,0.4802429029545471,0.0,0.0,1
1.675,PINN Vanilla,0.2281827723926252,0.08968190878499863,0.001177860881076941,0.002701108865986235,0.0001265108585357666,0.4798644781112671,0.9593493640422821,0.4796806900021702,0.0,0.0,1
1.68,PINN Vanilla,0.22799979670120551,0.09041187661037546,0.0011846615936285893,0.0027067023638674137,0.00012163817882537842,0.47930586338043213,0.9582277685403824,0.4791198852271634,0.0,0.0,1
1.685,PINN Vanilla,0.2278163874516258,0.0911435740835804,0.0011913357110219709,0.002711168467749464,0.00011688470840454102,0.47874915599823,0.9571096748113632,0.478560831360527,0.0,0.0,1
1.69,PINN Vanilla,0.22763251350657482,0.09187712542458598,0.0011979152273086356,0.0027153734804563068,0.00011201202869415283,0.47819381952285767,0.9559943526983261,0.4780031633192391,0.0,0.0,1
1.695,PINN Vanilla,0.227448204310389,0.09261241316741586,0.0012043894042844546,0.002719201091085033,0.00010725855827331543,0.4776402711868286,0.9548825770616531,0.4774472685383432,0.0,0.0,1
1.7,PINN Vanilla,0.22726345425462344,0.0933494596865413,0.0012107641278712254,0.002722542843434095,0.00010238587856292725,0.47708791494369507,0.9537729173898697,0.4768924317531434,0.0,0.0,1
1.705,PINN Vanilla,0.22707826570347622,0.0940882555501709,0.0012170343044828665,0.002725265452869524,9.775161743164062e-05,0.47653728723526,0.9526674449443817,0.4763396886073141,0.0,0.0,1
1.71,PINN Vanilla,0.22689265375201764,0.09482874053765161,0.0012231909261099488,0.002727400056932172,9.301304817199707e-05,0.4759877324104309,0.9515633881092072,0.47578765327550687,0.0,0.0,1
1.715,PINN Vanilla,0.22670660298448186,0.09557097614902738,0.0012292533052013247,0.0027291052985528863,8.825957775115967e-05,0.4754408001899719,0.9504653811454773,0.47523864291730966,0.0,0.0,1
1.72,PINN Vanilla,0.22652013491731027,0.09631487654606578,0.0012352003070175927,0.0027307192184147233,8.338689804077148e-05,0.47489428520202637,0.9493677765130997,0.47468983372730816,0.0,0.0,1
1.725,PINN Vanilla,0.22633325119127143,0.09706043518304341,0.001241042252765082,0.0027313063477739097,7.863342761993408e-05,0.4743502140045166,0.94827501475811,0.4741434460063295,0.0,0.0,1
1.73,PINN Vanilla,0.22614595126938652,0.09780765420219709,0.0012467677888306152,0.0027314947866072803,7.399916648864746e-05,0.47380632162094116,0.9471824765205383,0.4735971700454596,0.0,0.0,1
1.735,PINN Vanilla,0.2259582474947095,0.09855648436183698,0.0012523876175006257,0.002731108159572393,6.912648677825928e-05,0.4732656478881836,0.9460966140031815,0.47305423198650415,0.0,0.0,1
1.74,PINN Vanilla,0.2257701321183382,0.09930695657562814,0.0012578898759223215,0.0027306259270685473,6.437301635742188e-05,0.47272491455078125,0.9450104087591171,0.47251112256204864,0.0,0.0,1
1.745,PINN Vanilla,0.22558161949699704,0.10005901356849331,0.0012632867423503793,0.0027293212828907176,5.938112735748291e-05,0.4721871018409729,0.9439307600259781,0.4719712914341163,0.0,0.0,1
1.75,PINN Vanilla,0.22539270773634418,0.10081266289776729,0.0012685739315045114,0.00272768731322226,5.474686622619629e-05,0.47164881229400635,0.9428498595952988,0.47143083444957506,0.0,0.0,1
1.7550000000000001,PINN Vanilla,0.2252034011769581,0.1015678872470371,0.0012737534985076922,0.0027251982565572874,4.999339580535889e-05,0.47111403942108154,0.9417756348848343,0.47089371536694824,0.0,0.0,1
1.76,PINN Vanilla,0.22501371330297268,0.10232463282236008,0.0012788115420210766,0.0027226291147353643,4.5239925384521484e-05,0.470578670501709,0.9407003670930862,0.4703560747371473,0.0,0.0,1
1.7650000000000001,PINN Vanilla,0.22482364167560925,0.10308290935306103,0.0012837579455696885,0.0027195376073835265,4.048645496368408e-05,0.4700471758842468,0.9396330416202545,0.4698224053165438,0.0,0.0,1
1.77,PINN Vanilla,0.22463317364603427,0.10384276730071466,0.0012886021271320929,0.002715763951936012,3.56137752532959e-05,0.46951431035995483,0.9385628998279572,0.46928732771857007,0.0,0.0,1
1.7750000000000001,PINN Vanilla,0.22444233484752663,0.10460410440327352,0.001293337235404935,0.0027119817250663147,3.121793270111084e-05,0.468985915184021,0.9375018179416656,0.46875678013033745,0.0,0.0,1
1.78,PINN Vanilla,0.22425112042490308,0.10536694003012764,0.0012979533954825969,0.0027071082370118404,2.6345252990722656e-05,0.46845608949661255,0.9364377111196518,0.46822472005529986,0.0,0.0,1
1.7850000000000001,PINN Vanilla,0.22405956113511494,0.10613115147872201,0.0013024428966397833,0.0027021160473812977,2.1591782569885254e-05,0.46793001890182495,0.9353816360235214,0.4676966758935031,0.0,0.0,1
1.79,PINN Vanilla,0.22386761692849483,0.10689689852420686,0.0013068409482329714,0.0026967413954878117,1.6957521438598633e-05,0.4674030542373657,0.934323251247406,0.4671674768772494,0.0,0.0,1
1.795,PINN Vanilla,0.223675309672012,0.10766409392994516,0.0013111196990466323,0.002690839885638563,1.2442469596862793e-05,0.46687960624694824,0.9332722723484039,0.46664198084593206,0.0,0.0,1
1.8,PINN Vanilla,0.22348265915930093,0.10843265873071357,0.0013152780607226834,0.002684416286998087,7.68899917602539e-06,0.46635621786117554,0.9322212189435959,0.4661164475612451,0.0,0.0,1
1.805,PINN Vanilla,0.2232896449702519,0.10920267439101158,0.0013193256926908581,0.002677438575149488,3.0547380447387695e-06,0.46583491563796997,0.9311744421720505,0.4655930526199722,0.0,0.0,1
1.81,PINN Vanilla,0.2230962880022891,0.10997405754212937,0.0013232642537012876,0.0026700056138192763,-1.6987323760986328e-06,0.46531426906585693,0.9301292896270752,0.4650704698021561,0.0,1.698753652918677e-06,1
1.815,PINN Vanilla,0.22290257755312715,0.11074685088003344,0.0013270922128054948,0.0026624593801720664,-6.332993507385254e-06,0.4647958278656006,0.929088369011879,0.4645500029757323,0.0,6.33307282886349e-06,1
1.82,PINN Vanilla,0.2227085292175248,0.11152099219060106,0.001330807730152726,0.0026540305068175896,-1.0728836059570312e-05,0.46427804231643677,0.9280487149953842,0.4640301694565913,0.0,1.0728970439486382e-05,1
1.825,PINN Vanilla,0.22251414393519495,0.11229647772491791,0.001334411733025781,0.002645380278673337,-1.5482306480407715e-05,0.46376168727874756,0.9270119965076447,0.4635118037202119,0.0,1.5482500398092152e-05,1
1.83,PINN Vanilla,0.22231942692676465,0.11307328665568314,0.0013379008736046276,0.002636335654136873,-1.9878149032592773e-05,0.4632468819618225,0.9259781241416931,0.46299486106255044,0.0,1.9878398008715048e-05,1
1.835,PINN Vanilla,0.22212438214499433,0.11385140321365492,0.001341276059218465,0.0026265449138772046,-2.4512410163879395e-05,0.46273308992385864,0.9249469488859177,0.4624792669768679,0.0,2.4512717184659857e-05,1
1.84,PINN Vanilla,0.22192900184098188,0.11463085831249815,0.0013445486643359835,0.002616729356091224,-2.8908252716064453e-05,0.4622209072113037,0.9239187240600586,0.46196514812462075,0.0,2.8908614795282752e-05,1
1.845,PINN Vanilla,0.22173329110110962,0.11541163166047134,0.0013477180419392359,0.0026063885154264665,-3.342330455780029e-05,0.46170979738235474,0.9228925257921219,0.4614520425640262,0.0,3.34237231885666e-05,1
1.85,PINN Vanilla,0.22153727701297393,0.11619361519363616,0.001350756092393339,0.0025954392884742217,-3.781914710998535e-05,0.46120065450668335,0.9218707084655762,0.46094112750156313,0.0,3.78196207991895e-05,1
1.855,PINN Vanilla,0.22134093685938908,0.11697689954050478,0.0013536959775103299,0.002584434030133642,-4.2572617530822754e-05,0.4606914520263672,0.9208485931158066,0.46043006342562165,0.0,4.2573150757795266e-05,1
1.86,PINN Vanilla,0.22114428549676807,0.11776142543252945,0.0013565293785433698,0.0025725922215050767,-4.649162292480469e-05,0.46018511056900024,0.9198319613933563,0.4599217411976814,0.0,4.649220523777432e-05,1
1.865,PINN Vanilla,0.22094732833218883,0.11854717129857749,0.0013592498561238802,0.0025605857437313306,-5.1140785217285156e-05,0.45967841148376465,0.9188152849674225,0.4594133966177194,0.0,5.114142576155175e-05,1
1.87,PINN Vanilla,0.22075006265838346,0.11933414793909163,0.0013618644229675832,0.0025483116001618344,-5.529820919036865e-05,0.4591748118400574,0.9178040325641632,0.45890776408306294,0.0,5.529890180685273e-05,1
1.875,PINN Vanilla,0.22055249079480185,0.12012234610080004,0.0013643694369137155,0.002535516873846233,-5.981326103210449e-05,0.45867055654525757,0.9167926460504532,0.4584020644923413,0.0,5.981401020013658e-05,1
1.8800000000000001,PINN Vanilla,0.2203546309838066,0.12091169300716269,0.0013667658805770204,0.0025223175843595846,-6.408989429473877e-05,0.45816946029663086,0.915786549448967,0.45789900989085985,0.0,6.40906970280985e-05,1
1.885,PINN Vanilla,0.22015646411790263,0.12170226488610082,0.0013690575978130785,0.002508446656826202,-6.836652755737305e-05,0.45766764879226685,0.9147794842720032,0.45739547099557387,0.0,6.836738385606044e-05,1
1.8900000000000001,PINN Vanilla,0.2199580033903604,0.12249400910404962,0.001371252158975255,0.0024945671328788777,-7.264316082000732e-05,0.4571691155433655,0.9137794226408005,0.4568954339170285,0.0,7.264407068402237e-05,1
1.895,PINN Vanilla,0.21975925903360888,0.1232868848394995,0.0013733288775493351,0.002479941454787943,-7.69197940826416e-05,0.456670343875885,0.9127784371376038,0.4563949348967004,0.0,7.692075751198431e-05,1
1.9000000000000001,PINN Vanilla,0.21956022279905724,0.12408092499958621,0.0013753116380434017,0.002465217565202349,-8.095800876617432e-05,0.4561736583709717,0.9117820709943771,0.45589674558528637,0.0,8.095902277462432e-05,1
1.905,PINN Vanilla,0.21936090515779186,0.12487608781069438,0.001377186872866867,0.00245002142850817,-8.511543273925781e-05,0.45567744970321655,0.9107859432697296,0.45539867548465496,0.0,8.51164988199253e-05,1
1.9100000000000001,PINN Vanilla,0.219161311009744,0.12567235372491498,0.0013789549893859004,0.002434499104164045,-8.927285671234131e-05,0.45518261194229126,0.9097934663295746,0.45490243079913306,0.0,8.927397486522627e-05,1
1.915,PINN Vanilla,0.21896144174956703,0.12646971717838287,0.0013806227969076,0.0024186586391254927,-9.344518184661865e-05,0.4546893835067749,0.9088040590286255,0.45440772095243787,0.0,9.344635225835986e-05,1
1.92,PINN Vanilla,0.21876129264886435,0.12726819703468228,0.0013821876575930343,0.002402061144869072,-9.772181510925293e-05,0.4541968107223511,0.9078159630298615,0.45391366676504735,0.0,9.77230390863218e-05,1
1.925,PINN Vanilla,0.21856087335087993,0.1280677548228132,0.0013836537653723836,0.0023855493301789543,-0.00010176002979278564,0.4537060856819153,0.9068315178155899,0.45342143799276635,0.0,0.00010176130434896181,1
1.93,PINN Vanilla,0.21836018736089197,0.12886837655873062,0.0013850167883343266,0.002368684499532453,-0.00010567903518676758,0.45321571826934814,0.9058478623628616,0.4529296041062029,0.0,0.00010568035882894086,1
1.935,PINN Vanilla,0.21815923245640487,0.12967007110891438,0.0013862908921766378,0.0023515049519236553,-0.00010947883129119873,0.452727735042572,0.9048691391944885,0.45244023639270575,0.0,0.00010948020252625895,1
1.94,PINN Vanilla,0.21795801782572233,0.1304728018173146,0.0013874579361670668,0.0023336017886609606,-0.00011375546455383301,0.4522390365600586,0.903889536857605,0.45195042908944755,0.0,0.00011375688935422088,1
1.945,PINN Vanilla,0.2177565528286828,0.13127653134355635,0.0013885284598836294,0.0023160351831469916,-0.00011755526065826416,0.45175355672836304,0.9029157757759094,0.4514635424503645,0.0,0.00011755673305153898,1
1.95,PINN Vanilla,0.2175548145392755,0.13208135114924374,0.0013895114257523602,0.0022976253103045574,-0.00012148916721343994,0.45126718282699585,0.9019406139850616,0.45097595544793334,0.0,0.00012149068887935065,1
1.955,PINN Vanilla,0.21735285836326945,0.1328870401972082,0.0013903663228148253,0.0022789163778313137,-0.00012540817260742188,0.4507843852043152,0.900971844792366,0.4504915647846123,0.0,0.0001254097433593297,1
1.96,PINN Vanilla,0.21715061812548783,0.13369386248836457,0.001391155815022554,0.0022599769872527764,-0.00012920796871185303,0.45030051469802856,0.9000017642974854,0.4500065184619866,0.0,0.0001292095870566478,1
1.965,PINN Vanilla,0.21694815020870278,0.13450159308786358,0.0013918350735269071,0.0022409354270440385,-0.00013312697410583496,0.4498191475868225,0.8990370184183121,0.4495241394806229,0.0,0.00013312864153662684,1
1.97,PINN Vanilla,0.216745433708032,0.13531031539416846,0.0013924214291333946,0.0022212346128414606,-0.00013680756092071533,0.44933849573135376,0.8980730623006821,0.4490421553849768,0.0,0.000136809274451284,1
1.975,PINN Vanilla,0.21654246927232473,0.13612002681874377,0.0013929254474879282,0.0022014244899531965,-0.00014036893844604492,0.4488590955734253,0.8971118777990341,0.44856155711467915,0.0,0.00014037069658328017,1
1.98,PINN Vanilla,0.2163392734062206,0.13693066151756497,0.001393330603470406,0.002181710195827441,-0.00014406442642211914,0.44838041067123413,0.8961524963378906,0.4480818603759254,0.0,0.00014406623084576992,1
1.985,PINN Vanilla,0.21613583727940186,0.13774225471852394,0.0013936492626609423,0.0021608920211936278,-0.0001477450132369995,0.44790297746658325,0.895195484161377,0.4476033482943243,0.0,0.00014774686376042704,1
1.99,PINN Vanilla,0.21593217089309824,0.1385547665224631,0.0013938697299604585,0.0021475071660682077,-0.0001513063907623291,0.4474269151687622,0.8942415118217468,0.44712635615020213,0.0,0.00015130828589242322,1
1.995,PINN Vanilla,0.2157282794157306,0.13936817631035425,0.0013939954685712463,0.002152575341205498,-0.0001548677682876587,0.4469510316848755,0.8932877033948898,0.44664944596349304,0.0,0.0001548697080244194,1
2.0,PINN Vanilla,0.2155241604234363,0.14018249375201616,0.0013940340466429264,0.0021576042077803836,-0.00015854835510253906,0.44647789001464844,0.8923397064208984,0.4461754415396113,0.0,0.00015855034093907654,1
2.005,PINN Vanilla,0.21531980493673694,0.14099775467040568,0.0013939991857875526,0.00216249754157416,-0.00016188621520996094,0.446003794670105,0.891389325261116,0.445700245007903,0.0,0.0001618882428535834,1
2.0100000000000002,PINN Vanilla,0.21511523664236307,0.14181386456908424,0.0013938615803186587,0.0021671217266343024,-0.00016544759273529053,0.44553273916244507,0.8904457986354828,0.4452284757861962,0.0,0.0001654496649855796,1
2.015,PINN Vanilla,0.21491043616433042,0.14263090074709073,0.0013936521801599263,0.0021711775564605684,-0.00016865134239196777,0.44506120681762695,0.8895008116960526,0.4447559763984455,0.0,0.0001686534547695929,1
2.02,PINN Vanilla,0.2147054400022801,0.14344871759183903,0.0013933394807060485,0.0021757554391514944,-0.00017233192920684814,0.44459205865859985,0.8885612487792969,0.4442861890560004,0.0,0.00017233408768425,1
2.025,PINN Vanilla,0.2145002115223262,0.1442674612514748,0.0013929565349746185,0.0021795801102387213,-0.00017555058002471924,0.4441227912902832,0.887620821595192,0.44381596957446817,0.0,0.0001755527788160959,1
2.0300000000000002,PINN Vanilla,0.21429478861876317,0.1450869805495469,0.0013924721951655025,0.002183591173612498,-0.00017875432968139648,0.4436553120613098,0.8866845816373825,0.44334784373230646,0.0,0.0001787565686001092,1
2.035,PINN Vanilla,0.21408914651598657,0.14590737432647466,0.0013919134347348244,0.00218722579458136,-0.00018195807933807373,0.44318848848342896,0.8857496082782745,0.4428803511974276,0.0,0.0001819603583841225,1
2.04,PINN Vanilla,0.2138833008535035,0.14672858018961518,0.0013912772131612044,0.0021906785954756147,-0.00018528103828430176,0.44272303581237793,0.8848178833723068,0.44241448290946245,0.0,0.00018528335895079677,1
2.045,PINN Vanilla,0.21367723873636507,0.14755064958240177,0.0013905620831657077,0.0021939791578101664,-0.000188484787940979,0.4422585368156433,0.8838873356580734,0.44194920322473674,0.0,0.00018848714873481007,1
2.05,PINN Vanilla,0.21347099429255612,0.14837344635379351,0.0013897523565310481,0.0021971801477724817,-0.00019146502017974854,0.44179439544677734,0.8829579949378967,0.44148452704459823,0.0,0.00019146741830133404,1
2.055,PINN Vanilla,0.21326453961409605,0.14919708184059,0.0013888709406696114,0.0022000542972477333,-0.000194549560546875,0.44133251905441284,0.8820334374904633,0.44102224253078687,0.0,0.0001945519973026864,1
2.06,PINN Vanilla,0.21305788877430382,0.15002149989833874,0.0013879093251183076,0.0022025783535306043,-0.00019775331020355225,0.44086986780166626,0.8811070919036865,0.4405590639361055,0.0,0.0001977557870866997,1
2.065,PINN Vanilla,0.2128510481796346,0.1508466749689662,0.0013868655077274327,0.0022052954307082984,-0.0002008378505706787,0.44041019678115845,0.880187138915062,0.4400990816805343,0.0,0.00020084036608805203,1
2.07,PINN Vanilla,0.21264402381889336,0.15167258316058332,0.0013857370068468692,0.002207669844852711,-0.00020357966423034668,0.4399501085281372,0.8792661130428314,0.4396385629764411,0.0,0.00020358221408925409,1
2.075,PINN Vanilla,0.21243678871635438,0.1524993320908287,0.0013845528098179196,0.0022100705195782777,-0.00020654499530792236,0.43949180841445923,0.8783487975597382,0.439179899490153,0.0,0.00020654758230794547,1
2.08,PINN Vanilla,0.21222937931945254,0.15332677635538894,0.0013832788706001206,0.0022118595911679306,-0.00020939111709594727,0.439034104347229,0.8774328231811523,0.4387219065645175,0.0,0.0002093937397439759,1
2.085,PINN Vanilla,0.21202178399364752,0.15415496236939188,0.0013819305048773033,0.00221373463296326,-0.00021225214004516602,0.4385771155357361,0.8765183389186859,0.4382646587062735,0.0,0.00021225479852783892,1
2.09,PINN Vanilla,0.21181400502855713,0.15498388099857857,0.0013805064590423953,0.002215632179378757,-0.00021509826183319092,0.43812161684036255,0.8756071478128433,0.4378090574469651,0.0,0.00021510095596386934,1
2.095,PINN Vanilla,0.21160604167837757,0.15581353521827745,0.0013790168982100617,0.002216871405691434,-0.00021782517433166504,0.4376663565635681,0.8746960312128067,0.43735349344102625,0.0,0.0002178279026172388,1
2.1,PINN Vanilla,0.2113979018710039,0.15664389340074458,0.0013774538961945086,0.002218221188252434,-0.00022067129611968994,0.43721330165863037,0.8737901598215103,0.43690055207230594,0.0,0.0002206740600532692,1
2.105,PINN Vanilla,0.211189584428066,0.15747496024699936,0.0013758180368769897,0.0022194125791594743,-0.00022305548191070557,0.436759352684021,0.8728815168142319,0.43644622487823714,0.0,0.0002230582757064884,1
2.11,PINN Vanilla,0.21098109758323857,0.15830670290941293,0.0013741069605969262,0.002220401015119444,-0.00022590160369873047,0.43630850315093994,0.8719796985387802,0.43599531009282205,0.0,0.0002259044331425188,1
2.115,PINN Vanilla,0.21077243398289544,0.1591391507247264,0.0013723343842746499,0.0022211513688191187,-0.00022827088832855225,0.43585675954818726,0.8710761517286301,0.4355435310292327,0.0,0.00022827374744790538,1
2.12,PINN Vanilla,0.21056362338461077,0.15997218497732502,0.001370464115301239,0.002221791272916218,-0.00023089349269866943,0.4354071021080017,0.87017722427845,0.4350940616745574,0.0,0.0002308963846664465,1
2.125,PINN Vanilla,0.21035461496185132,0.16080600843585877,0.0013685611847545811,0.002222104680517145,-0.0002332627773284912,0.4349578619003296,0.8692789673805237,0.4346449276002083,0.0,0.00023326569897183307,1
2.13,PINN Vanilla,0.21014544739200544,0.16164046679978183,0.0013665844849801948,0.0022224006509969363,-0.00023575127124786377,0.4345093369483948,0.8683818876743317,0.4341963821290986,0.0,0.00023575422405988061,1
2.1350000000000002,PINN Vanilla,0.20993613839537295,0.16247548937528444,0.0013645145182035793,0.002222478055686039,-0.00023812055587768555,0.434062659740448,0.8674889653921127,0.43374991539601154,0.0,0.00023812353836526719,1
2.14,PINN Vanilla,0.20972663811496545,0.16331127506309007,0.0013624132919139614,0.0022226164043281926,-0.00024062395095825195,0.43361520767211914,0.8665948808193207,0.43330286751035907,0.0,0.00024062696480114736,1
2.145,PINN Vanilla,0.20951701199507214,0.16414756277810535,0.0013602116368922916,0.00222221513411186,-0.0002426356077194214,0.4331704378128052,0.8657054007053375,0.4328581218829467,0.0,0.00024263864675855106,1
2.15,PINN Vanilla,0.2093072087393031,0.1649845571634384,0.0013579651619983954,0.0022214412814878237,-0.0002448856830596924,0.4327247738838196,0.8648149818181992,0.4324129068630776,0.0,0.0002448887502812767,1
2.1550000000000002,PINN Vanilla,0.20909724878268438,0.16582217669508245,0.0013556643309527454,0.002221045884867545,-0.00024703145027160645,0.4322822690010071,0.8639302402734756,0.4319705305499706,0.0,0.00024703454436917396,1
2.16,PINN Vanilla,0.2088871496814388,0.1666603513338005,0.0013532772718446717,0.0022202993001475546,-0.00024928152561187744,0.4318384528160095,0.8630438148975372,0.43152731231071106,0.0,0.00024928464789189953,1
2.165,PINN Vanilla,0.20867689746666002,0.16749913680749878,0.0013508378380267117,0.002219302161647174,-0.00025153160095214844,0.4313963055610657,0.862160250544548,0.43108552460084343,0.0,0.00025153475141462516,1
2.17,PINN Vanilla,0.20846648996060077,0.16833854180413715,0.0013483339159860992,0.0022183566364534224,-0.00025331974029541016,0.4309554100036621,0.8612794578075409,0.43064512271632427,0.0,0.00025332291315453956,1
2.1750000000000003,PINN Vanilla,0.20825594306379944,0.16917850288970782,0.001345770318776314,0.002217094167366762,-0.00025545060634613037,0.4305146336555481,0.8603991717100143,0.43020497415471826,0.0,0.00025545380589460425,1
2.18,PINN Vanilla,0.20804524751337206,0.17001905701779302,0.0013431445376409503,0.002215507647364723,-0.0002574622631072998,0.43007564544677734,0.8595223426818848,0.42976655414946086,0.0,0.00025746548785200794,1
2.185,PINN Vanilla,0.2078344140787263,0.17086016122464692,0.0013404559675496911,0.0022138107968184273,-0.0002592504024505615,0.4296358823776245,0.858644112944603,0.4293274337808553,0.0,0.00025925364959192233,1
2.19,PINN Vanilla,0.20762342155665844,0.1717019000988638,0.0013377282800716506,0.0022121091005841143,-0.0002610236406326294,0.4291988015174866,0.8577714711427689,0.42889110741496833,0.0,0.0002610269099840041,1
2.195,PINN Vanilla,0.207412328351069,0.17254404064245402,0.00133490756364173,0.002210163863151815,-0.00026291608810424805,0.4287613034248352,0.8568978160619736,0.42845427440325506,0.0,0.00026291938115874684,1
2.2,PINN Vanilla,0.20720106683992168,0.17338685262846978,0.0013320549629727944,0.002208164594642681,-0.00026470422744750977,0.4283255934715271,0.856027752161026,0.42801923700395567,0.0,0.00026470754289866123,1
2.205,PINN Vanilla,0.20698968352408736,0.1742301505451674,0.0013291364484785643,0.002205687166228487,-0.00026647746562957764,0.4278903007507324,0.8551589101552963,0.42758481055991737,0.0,0.000266480803290743,1
2.21,PINN Vanilla,0.2067781548137899,0.1750740285021932,0.0013261736000358517,0.002203100796360047,-0.0002681463956832886,0.42745494842529297,0.8542896658182144,0.42715018294768337,0.0,0.00026814975424799644,1
2.215,PINN Vanilla,0.20656650520868608,0.17591838876000002,0.0013231414673525543,0.0022008033325313092,-0.00026980042457580566,0.427021861076355,0.853425607085228,0.4267181481699722,0.0,0.00026980380385741725,1
2.22,PINN Vanilla,0.20635472168704053,0.1767632832678266,0.0013200609726916606,0.002197880573743316,-0.00027133524417877197,0.4265878200531006,0.8525592535734177,0.4262849659884779,0.0,0.0002713386426841771,1
2.225,PINN Vanilla,0.20614282108164647,0.17760864487250422,0.0013169201067703379,0.002194912477277433,-0.00027288496494293213,0.42615658044815063,0.8516989648342133,0.4258548162312676,0.0,0.0002728883828587696,1
2.23,PINN Vanilla,0.20593078179402394,0.17845455973955213,0.0013137361416103884,0.0021917251610138466,-0.00027441978454589844,0.42572474479675293,0.8508372604846954,0.42542395866003524,0.0,0.00027442322168552946,1
2.235,PINN Vanilla,0.20571863026291998,0.1793009223935679,0.0013104869923597352,0.002188592300653547,-0.00027595460414886475,0.42529404163360596,0.8499779105186462,0.42499427829528164,0.0,0.00027595806051228933,1
2.24,PINN Vanilla,0.20550634079539143,0.18014783533462517,0.0013071971232250575,0.0021850623092664057,-0.000276908278465271,0.42486417293548584,0.8491198569536209,0.42456524613915875,0.0,0.00027691174677357697,1
2.245,PINN Vanilla,0.20529395978789666,0.18099511346752598,0.0013038405888081404,0.002181605427818145,-0.0002783238887786865,0.4244346022605896,0.8482636213302612,0.4241371229652537,0.0,0.0002783273748176759,1
2.25,PINN Vanilla,0.2050814350938296,0.1818429648272522,0.0013004493697966746,0.002177857470951172,-0.00027973949909210205,0.42400676012039185,0.8474102169275284,0.4237104154193927,0.0,0.0002797430028617748,1
2.255,PINN Vanilla,0.2048687910562282,0.18269129229907582,0.0012970159995262724,0.0021741695474570832,-0.00028093159198760986,0.42357832193374634,0.8465558886528015,0.4232832459317489,0.0,0.0002809351106883844,1
2.2600000000000002,PINN Vanilla,0.2046560488260902,0.1835400115026747,0.0012935076652773787,0.0021698862818689824,-0.0002822279930114746,0.4231523275375366,0.8457067161798477,0.4228586543772801,0.0,0.00028223152794982234,1
2.265,PINN Vanilla,0.20444318523128946,0.18438921488151155,0.001289962858538709,0.0021656030842335805,-0.00028330087661743164,0.4227258563041687,0.8448562175035477,0.42243339971283284,0.0,0.000283304424993771,1
2.27,PINN Vanilla,0.20423020921401433,0.18523886676139525,0.0012863714555451156,0.0021613300951198178,-0.0002844780683517456,0.4223001003265381,0.8440078645944595,0.42200921794542945,0.0,0.0002844816314725479,1
2.275,PINN Vanilla,0.20401712558469973,0.18608894795145578,0.00128273645475571,0.002156983166488602,-0.0002855360507965088,0.42187565565109253,0.8431614339351654,0.4215859973149613,0.0,0.00028553962716866397,1
2.2800000000000002,PINN Vanilla,0.203803938273732,0.18693944277171098,0.0012790397590740853,0.0021520945303370453,-0.00028637051582336426,0.42145079374313354,0.8423150032758713,0.42116277668449315,0.0,0.00028637410264729067,1
2.285,PINN Vanilla,0.20359064032276114,0.1877903789819774,0.001275311077285504,0.002147485187006859,-0.0002875477075576782,0.4210283160209656,0.8414730280637741,0.42074178380552596,0.0,0.00028755130912606766,1
2.29,PINN Vanilla,0.20337724502201193,0.188641703561898,0.0012715215450704047,0.00214248761833985,-0.0002883821725845337,0.4206051826477051,0.8406295776367188,0.42032005330984107,0.0,0.00028838578460469436,1
2.295,PINN Vanilla,0.20316372520184972,0.18949352490269664,0.0012677093643569536,0.0021375878568123396,-0.0002892017364501953,0.4201831817626953,0.8397891968488693,0.41989985765298293,0.0,0.0002892053587354885,1
2.3000000000000003,PINN Vanilla,0.20295013954212238,0.19034560890551233,0.0012638216406575921,0.0021321928885242314,-0.0002899169921875,0.4197622537612915,0.8389503657817841,0.4194804368662121,0.0,0.00028992062343145424,1
2.305,PINN Vanilla,0.20273642098014658,0.19119822311190066,0.0012599238284076303,0.002126956951998271,-0.0002907365560531616,0.41934120655059814,0.8381118327379227,0.4190611650929196,0.0,0.00029074019756224835,1
2.31,PINN Vanilla,0.20252262665941428,0.19205113955217754,0.0012559565587991605,0.0021213844384005975,-0.0002913177013397217,0.41892188787460327,0.837276965379715,0.41864372618541046,0.0,0.00029132135012772053,1
2.315,PINN Vanilla,0.20230871966263436,0.19290450550511276,0.0012519659661740824,0.0021156301906483654,-0.00029227137565612793,0.41850197315216064,0.8364407569169998,0.4182256167172489,0.0,0.00029227503638900817,1
2.32,PINN Vanilla,0.20209472853172053,0.19375820710487787,0.0012479270496769531,0.0021096881373786625,-0.0002927333116531372,0.4180840849876404,0.835608646273613,0.41780955618441434,0.0,0.0002927369781718194,1
2.325,PINN Vanilla,0.20188063529279976,0.19461231605689397,0.0012438569518945493,0.0021037937628569092,-0.0002934485673904419,0.41766583919525146,0.8347756266593933,0.4173930411604709,0.0,0.00029345224286778516,1
2.33,PINN Vanilla,0.20166645236350633,0.19546678282193855,0.0012397358371361706,0.002097723140851382,-0.0002936720848083496,0.41724807024002075,0.8339436203241348,0.4169770327823537,0.0,0.00029367576308527446,1
2.335,PINN Vanilla,0.20145218434545015,0.19632158904223335,0.0012355717964406521,0.0020915184990761837,-0.0002943873405456543,0.41683220863342285,0.8331164568662643,0.41656344587325933,0.0,0.0002943910277812402,1
2.34,PINN Vanilla,0.20123782848661487,0.19717674569674154,0.0012313662601323293,0.002085039419814416,-0.0002948492765426636,0.41641539335250854,0.8322872370481491,0.4161488307711645,0.0,0.00029485296956405146,1
2.345,PINN Vanilla,0.2010233793724645,0.19803227438634918,0.0012271356728114989,0.0020785350386595125,-0.0002949535846710205,0.41600048542022705,0.8314603418111801,0.4157353779742006,0.0,0.00029495727899887976,1
2.35,PINN Vanilla,0.20080885332118759,0.1988881100108646,0.0012228563372704362,0.0020719554631619674,-0.00029531121253967285,0.4155856966972351,0.8306354731321335,0.41532293846888935,0.0,0.00029531491134686264,1
2.355,PINN Vanilla,0.2005942278244235,0.1997443423657077,0.0012185581282486329,0.0020651598406502825,-0.00029553472995758057,0.4151710867881775,0.8298103660345078,0.41491037975279543,0.0,0.00029553843156435194,1
2.36,PINN Vanilla,0.20037953388523888,0.20060084776646459,0.0012142016972072215,0.0020582351471026827,-0.00029577314853668213,0.4147579073905945,0.828988254070282,0.4144993186221587,0.0,0.0002957768531296739,1
2.365,PINN Vanilla,0.2001647473172144,0.20145772270304496,0.0012098267239554804,0.002051319385367595,-0.00029599666595458984,0.41434425115585327,0.828166052699089,0.4140882127874785,0.0,0.0002960003733471632,1
2.37,PINN Vanilla,0.1999498882794285,0.20231488675231424,0.0012054100990405564,0.0020441203805319497,-0.0002961158752441406,0.4139326810836792,0.8273472338914871,0.41367879825577725,0.0,0.0002961195841298241,1
2.375,PINN Vanilla,0.19973494999252403,0.20317236696001034,0.001200960319786411,0.0020367723816475947,-0.00029633939266204834,0.413520872592926,0.8265280872583389,0.41326921980924985,0.0,0.0002963431043473134,1
2.38,PINN Vanilla,0.19951993725201983,0.20403014419476978,0.0011964820394194842,0.002029465583678919,-0.00029622018337249756,0.4131091833114624,0.8257092237472534,0.4128597829255269,0.0,0.0002962238935646525,1
2.3850000000000002,PINN Vanilla,0.199304840981483,0.2048882546663423,0.0011919626256706604,0.0020218440572116747,-0.0002962052822113037,0.4126991629600525,0.8248939663171768,0.41245214910489164,0.0,0.00029620899221681984,1
2.39,PINN Vanilla,0.1990896725917125,0.2057466528521994,0.0011874245620012087,0.0020141204229328913,-0.0002962052822113037,0.41228818893432617,0.8240772485733032,0.4120437851182126,0.0,0.00029620899221681984,1
2.395,PINN Vanilla,0.19887443889935574,0.20660531155783662,0.001182848139664448,0.002006389070101089,-0.00029630959033966064,0.41187959909439087,0.8232647627592087,0.4116375371229258,0.0,0.0002963133016516482,1
2.4,PINN Vanilla,0.19865913281927594,0.20746425904887678,0.001178237914832578,0.001998304993364397,-0.0002960711717605591,0.4114707112312317,0.8224520683288574,0.4112311848182042,0.0,0.00029607488008632626,1
2.4050000000000002,PINN Vanilla,0.1984437522632224,0.20832350365623972,0.0011735964818749703,0.001990342051403554,-0.00029593706130981445,0.41106170415878296,0.8216393440961838,0.4108248176121347,0.0,0.0002959407679558327,1
2.41,PINN Vanilla,0.19822830245928005,0.20918302452287188,0.0011689410002175963,0.0019821206134900127,-0.00029546022415161133,0.41065454483032227,0.8208300322294235,0.4104201566103921,0.0,0.00029546392482518886,1
2.415,PINN Vanilla,0.19801280737012714,0.21004272605146207,0.0011642283411315998,0.0019738417201319025,-0.0002954453229904175,0.4102465510368347,0.8200197070837021,0.4100149889628231,0.0,0.0002954490234773562,1
2.42,PINN Vanilla,0.19779721323822114,0.21090282270370245,0.0011595267440674825,0.0019654863806965184,-0.0002947300672531128,0.40984004735946655,0.8192111700773239,0.40961071539612415,0.0,0.00029473375878139046,1
2.4250000000000003,PINN Vanilla,0.1975815784972948,0.21176308136258995,0.0011547731048831987,0.0019571132739656383,-0.0002943575382232666,0.4094339609146118,0.8184043765068054,0.4092073135582734,0.0,0.000294361225085575,1
2.43,PINN Vanilla,0.197365873792508,0.212623619137062,0.0011499957558337927,0.0019483730784503606,-0.0002939850091934204,0.40902745723724365,0.8175969421863556,0.40880359134144423,0.0,0.0002939886913897595,1
2.435,PINN Vanilla,0.19715010587338572,0.21348440910039393,0.0011451977799485141,0.0019395598641997192,-0.00029362738132476807,0.4086233377456665,0.8167946040630341,0.4084024172550944,0.0,0.0002936310590417766,1
2.44,PINN Vanilla,0.1969342819891415,0.21434542233239087,0.0011403782912169718,0.0019307307605264667,-0.0002930164337158203,0.4082182049751282,0.8159897327423096,0.40799997655417886,0.0,0.0002930201037806392,1
2.445,PINN Vanilla,0.1967184027587926,0.2152066563635299,0.001135534198719986,0.0019217564811079002,-0.0002924203872680664,0.4078139066696167,0.8151866942644119,0.407598452286155,0.0,0.0002924240498673344,1
2.45,PINN Vanilla,0.19650245077527678,0.21606818063798283,0.0011306757288398056,0.0019126854025009465,-0.00029192864894866943,0.4074106812477112,0.814386174082756,0.407198187182023,0.0,0.00029193230538885793,1
2.455,PINN Vanilla,0.19628644923309424,0.21692990262302722,0.001125789429948917,0.0019035677757795744,-0.00029121339321136475,0.4070069193840027,0.8135845959186554,0.4067973930800429,0.0,0.00029121704069289217,1
2.46,PINN Vanilla,0.19607039978792953,0.21779181571343348,0.001120880778959936,0.0018944922340723425,-0.000290602445602417,0.40660446882247925,0.812785416841507,0.4063977985365634,0.0,0.00029060608543175477,1
2.465,PINN Vanilla,0.19585430339441168,0.2186539161007806,0.0011159414346041557,0.001884911989527699,-0.00028964877128601074,0.40620219707489014,0.8119869977235794,0.4059985839774536,0.0,0.0002896523991704671,1
2.47,PINN Vanilla,0.19563812942237588,0.2195163259818184,0.0011110149838227479,0.0018752720684709068,-0.00028893351554870605,0.4057999849319458,0.8111885786056519,0.4055993694183438,0.0,0.0002889371344745013,1
2.475,PINN Vanilla,0.19542193327013316,0.2203788243491315,0.0011060380126609653,0.0018659066712621852,-0.00028808414936065674,0.4053992033004761,0.8103930205106735,0.4052015853886259,0.0,0.000288087757648042,1
2.48,PINN Vanilla,0.19520567769969666,0.22124155976088133,0.001101060691875911,0.0018560910196617764,-0.00028724968433380127,0.4049980640411377,0.8095968216657639,0.40480348097992963,0.0,0.00028725328216941523,1
2.485,PINN Vanilla,0.1949893734282679,0.22210448946159458,0.0010960703374954257,0.0018461478296473988,-0.0002861618995666504,0.40459775924682617,0.8088026791810989,0.4044064047642338,0.0,0.000286165483777634,1
2.49,PINN Vanilla,0.19477301752483758,0.22296762514431337,0.0010910648366710693,0.0018365041179697894,-0.00028520822525024414,0.4041980504989624,0.8080093562602997,0.4040097383356034,0.0,0.0002852117975163463,1
2.495,PINN Vanilla,0.19455661803662955,0.22383093470524063,0.0010860405431775608,0.0018262547319827516,-0.0002843588590621948,0.4037976861000061,0.807215079665184,0.4036125950638423,0.0,0.000284362420689887,1
2.5,PINN Vanilla,0.19434016766968193,0.2246944472430912,0.0010810046517943477,0.0018162656902785401,-0.0002834051847457886,0.4033992886543274,0.8064248561859131,0.40321747837538646,0.0,0.0002834087344285993,1
2.505,PINN Vanilla,0.19412366784848012,0.22555815707498733,0.0010759810939330301,0.0018059279270353779,-0.0002823173999786377,0.4030005931854248,0.8056339621543884,0.4028220264066044,0.0,0.00028232093603681806,1
2.5100000000000002,PINN Vanilla,0.1939071551919938,0.22642191811229023,0.0010709001205361675,0.0017956013967837525,-0.0002810060977935791,0.40260159969329834,0.8048427253961563,0.40242640307232225,0.0,0.0002810096174275475,1
2.515,PINN Vanilla,0.19369057885131558,0.22728593321291013,0.0010658517932007404,0.0017853981490945359,-0.00027967989444732666,0.40220439434051514,0.8040546029806137,0.4020323369288886,0.0,0.0002796833974704443,1
2.52,PINN Vanilla,0.19347397487114618,0.22815005857921122,0.0010607687378745415,0.0017748623276054032,-0.00027860701084136963,0.40180695056915283,0.8032663613557816,0.40163821118006365,0.0,0.00027861050042649564,1
2.525,PINN Vanilla,0.1932573165889975,0.2290144005791942,0.0010556852238200502,0.0017643466540716024,-0.0002772808074951172,0.40140944719314575,0.8024781346321106,0.4012440928819126,0.0,0.0002772842804693925,1
2.5300000000000002,PINN Vanilla,0.19304064304770172,0.22987880345440245,0.0010505991405295964,0.0017536815452354748,-0.0002759695053100586,0.40101373195648193,0.8016933351755142,0.4008516882387623,0.0,0.0002759729618601219,1
2.535,PINN Vanilla,0.19282390737348612,0.2307434542042437,0.00104551829723705,0.0017430038223333055,-0.0002744048833847046,0.40061652660369873,0.8009056597948074,0.40045784561554615,0.0,0.0002744083203376968,1
2.54,PINN Vanilla,0.1926071510479615,0.23160818734093658,0.0010404286657656966,0.00173218638881667,-0.0002732127904891968,0.4002211093902588,0.8001219928264618,0.4000660072236135,0.0,0.00027321621251108724,1
2.545,PINN Vanilla,0.19239036460687686,0.232473040621402,0.0010353194350303078,0.001721381287931617,-0.0002717822790145874,0.39982593059539795,0.7993384748697281,0.39967424333842,0.0,0.0002717856831191557,1
2.5500000000000003,PINN Vanilla,0.19217355334543967,0.23333799292080618,0.0010302257537209401,0.0017102079976085982,-0.00026997923851013184,0.39943015575408936,0.7985535860061646,0.3992817939912262,0.0,0.0002699826200314087,1
2.555,PINN Vanilla,0.19195668063722215,0.23420319035754122,0.0010251369346005353,0.0016992328823046132,-0.0002684295177459717,0.39903563261032104,0.7977718710899353,0.3988909316375766,0.0,0.00026843287985681624,1
2.56,PINN Vanilla,0.19173982849081714,0.23506830576446436,0.001020013583443145,0.0016880962904532726,-0.00026710331439971924,0.39864158630371094,0.7969910949468613,0.3985005386763837,0.0,0.000267106659899713,1
2.565,PINN Vanilla,0.1915228922848587,0.2359337565206841,0.0010149406547523667,0.0016770134022494887,-0.00026519596576690674,0.3982468843460083,0.7962082475423813,0.39810911007151645,0.0,0.0002651992873771377,1
2.57,PINN Vanilla,0.19130596100120575,0.23679918763973445,0.0010098455803009465,0.001665740776665925,-0.0002637505531311035,0.39785391092300415,0.7954300194978714,0.3977199911755632,0.0,0.00026375385663737354,1
2.575,PINN Vanilla,0.19108899716321415,0.23766474863188228,0.0010047619542488812,0.0016541070186490425,-0.00026220083236694336,0.39746034145355225,0.7946501076221466,0.3973300303534575,0.0,0.0002622041164627811,1
2.58,PINN Vanilla,0.19087200447007102,0.2385304247394973,0.0009996806131896078,0.0016428705875886351,-0.0002603977918624878,0.3970670700073242,0.7938706278800964,0.3969402856008953,0.0,0.00026040105337503405,1
2.585,PINN Vanilla,0.19065498141525267,0.2393962219727431,0.0009946195272366757,0.0016314172966680196,-0.00025884807109832764,0.3966749906539917,0.7930943816900253,0.39655215764457297,0.0,0.0002588513132004416,1
2.59,PINN Vanilla,0.19043794636045014,0.24026206707902759,0.0009895515274742186,0.0016197613047242987,-0.00025682151317596436,0.396282434463501,0.7923163026571274,0.3961631132553589,0.0,0.00025682472989520526,1
2.595,PINN Vanilla,0.19022089478609203,0.24112797808884262,0.000984505010665129,0.0016079930825381727,-0.00025513768196105957,0.39589011669158936,0.7915391623973846,0.3957745382586016,0.0,0.00025514087759011923,1
2.6,PINN Vanilla,0.19000380878542755,0.2419940264398301,0.0009794658674249577,0.0015964022577805437,-0.0002531111240386963,0.3954991102218628,0.7907648533582687,0.3953873788898884,0.0,0.0002531142942848829,1
2.605,PINN Vanilla,0.18978668779164584,0.24286021439323957,0.0009744578700070348,0.001584814898221737,-0.0002513080835342407,0.39510756731033325,0.7899893522262573,0.39499962346726186,0.0,0.00025131123119713586,1
2.61,PINN Vanilla,0.1895695889109486,0.24372631412815368,0.0009694319840159945,0.001572854824314962,-0.00024928152561187744,0.39471620321273804,0.7892141044139862,0.39461199470609193,0.0,0.00024928464789189953,1
2.615,PINN Vanilla,0.18935243901726723,0.24459261737554977,0.0009644548243970021,0.0015611641402536458,-0.0002468973398208618,0.394325852394104,0.7884406447410583,0.39422526002579195,0.0,0.0002469004322386804,1
2.62,PINN Vanilla,0.18913527758600002,0.24545896665128095,0.0009594816713745925,0.0015491263353246687,-0.00024521350860595703,0.393934965133667,0.7876665443181992,0.39383820496651356,0.0,0.0002452165799335943,1
2.625,PINN Vanilla,0.18891811179923823,0.24632533330293174,0.0009545335791515231,0.0015371573052184173,-0.0002428293228149414,0.39354467391967773,0.7868936061859131,0.39345173105980064,0.0,0.0002428323642803751,1
2.63,PINN Vanilla,0.1887009150989063,0.2471918232819568,0.0009496180485406013,0.0015250118829117643,-0.00024090707302093506,0.3931553363800049,0.7861227095127106,0.39306627789541426,0.0,0.00024091009040996713,1
2.6350000000000002,PINN Vanilla,0.18848371194737096,0.24805833899757496,0.0009447145676292359,0.0015128500326644645,-0.00023888051509857178,0.3927651047706604,0.7853499799966812,0.3926799082981362,0.0,0.0002388835071047308,1
2.64,PINN Vanilla,0.1882665152246649,0.24892482906585991,0.0009398350199169517,0.001500718693043468,-0.00023637712001800537,0.3923761248588562,0.7845799028873444,0.39229486492081517,0.0,0.00023638008066885065,1
2.645,PINN Vanilla,0.1880492828972824,0.24979146117633652,0.0009349777679094993,0.001488642169638732,-0.00023433566093444824,0.3919872045516968,0.7838097959756851,0.39190980664214636,0.0,0.0002343385960157817,1
2.65,PINN Vanilla,0.187832031089503,0.2506581710023985,0.0009301673465235558,0.001476398155703662,-0.0002320706844329834,0.3915979266166687,0.7830393612384796,0.3915245844486514,0.0,0.0002320735911452235,1
2.6550000000000002,PINN Vanilla,0.1876148070554595,0.25152477002721996,0.0009253708100946933,0.001464161338017661,-0.0002297908067703247,0.3912096619606018,0.7822704464197159,0.3911401222238959,0.0,0.00022979368492683262,1
2.66,PINN Vanilla,0.18739754861748373,0.25239150630395407,0.0009206132273987904,0.0014517012630445303,-0.00022740662097930908,0.39082151651382446,0.7815021723508835,0.39075598037811876,0.0,0.00022740946927361343,1
2.665,PINN Vanilla,0.1871802866369396,0.2532582567134995,0.0009158952931684508,0.0014390270188221477,-0.0002247840166091919,0.39043307304382324,0.7807329893112183,0.3903713840412328,0.0,0.00022478683205507232,1
2.67,PINN Vanilla,0.18696301340221522,0.25412505202075475,0.0009112141145714013,0.001426732386608759,-0.00022262334823608398,0.3900452256202698,0.7799655497074127,0.38998765943319497,0.0,0.00022262613661934243,1
2.6750000000000003,PINN Vanilla,0.1867457614900233,0.25499176226336256,0.0009065429952227277,0.0014141294378983427,-0.00022023916244506836,0.38965827226638794,0.7791994661092758,0.38960461283648357,0.0,0.00022024192096612322,1
2.68,PINN Vanilla,0.1865284738911165,0.2558586148754485,0.0009019552080219398,0.0014049257559444195,-0.00021748244762420654,0.38927048444747925,0.7784317880868912,0.3892207690176631,0.0,0.00021748517161708852,1
2.685,PINN Vanilla,0.18631119369058396,0.2567254379722739,0.0008973930129754344,0.0014188378351456254,-0.0002152174711227417,0.388883113861084,0.7776648551225662,0.38883729773253844,0.0,0.00021522016674653028,1
2.69,PINN Vanilla,0.18609391834523464,0.2575922416997093,0.0008928527184726314,0.0014327588587494944,-0.0002125948667526245,0.3884966969490051,0.7769000828266144,0.38845490679513167,0.0,0.0002125975295279892,1
2.695,PINN Vanilla,0.1858766472062191,0.25845902864629094,0.0008883810272186047,0.0014468098745773206,-0.0002098381519317627,0.3881099224090576,0.7761346250772476,0.38807217312672476,0.0,0.0002098407801789545,1
2.7,PINN Vanilla,0.1856593523879309,0.25932591005955846,0.0008839598534789496,0.0014609144545669472,-0.00020709633827209473,0.38772302865982056,0.7753688246011734,0.38768926809281773,0.0,0.0002070989321777524,1
2.705,PINN Vanilla,0.18544207212773411,0.26019273339440996,0.0008795815169590211,0.0014752434018962535,-0.0002047121524810791,0.38733750581741333,0.7746061533689499,0.38730792770043315,0.0,0.00020471471652453322,1
2.71,PINN Vanilla,0.18522479620065774,0.26105953944260196,0.0008752550167427858,0.001488881922992874,-0.00020171701908111572,0.3869512677192688,0.7738413512706757,0.38692552186167856,0.0,0.0002017195456101766,1
2.715,PINN Vanilla,0.18500752589694255,0.26192632305681535,0.0008709754923005783,0.0015028814210587549,-0.00019921362400054932,0.38656485080718994,0.7730767875909805,0.3865432352337066,0.0,0.00019921611917429643,1
2.72,PINN Vanilla,0.18479023869331176,0.26279317409197706,0.0008667739242212713,0.001516319492960494,-0.00019657611846923828,0.38617992401123047,0.7723148763179779,0.38616227482569176,0.0,0.0001965785806079227,1
2.725,PINN Vanilla,0.18457298487186194,0.2636598919514265,0.0008626117846799453,0.0015300175369375169,-0.00019359588623046875,0.38579416275024414,0.7715518325567245,0.3857807481664593,0.0,0.0001935983110413987,1
2.73,PINN Vanilla,0.1843557004500796,0.2645267318886121,0.0008585278880492323,0.0015439172695277392,-0.00019085407257080078,0.3854084014892578,0.7707885354757309,0.38539909484577023,0.0,0.00019085646304019664,1
2.735,PINN Vanilla,0.18413845005186946,0.265393436091303,0.0008544807101612575,0.0015570429435475264,-0.0001878589391708374,0.3850240111351013,0.7700273245573044,0.38501848461942945,0.0,0.00018786129212584003,1
2.74,PINN Vanilla,0.18392119503713342,0.26626015871127845,0.0008505213662842628,0.001570261627877767,-0.00018511712551116943,0.3846389651298523,0.7692660689353943,0.38463785204106693,0.0,0.00018511944412463795,1
2.745,PINN Vanilla,0.1837039576606588,0.2671268109647301,0.0008466125490177612,0.001583656926794158,-0.00018201768398284912,0.3842536211013794,0.7685030400753021,0.3842563328325084,0.0,0.00018201996377545298,1
2.75,PINN Vanilla,0.1834867150710152,0.26799348401572937,0.0008427917578906915,0.0015964511962456296,-0.00017938017845153809,0.38386958837509155,0.7677437216043472,0.3838766688417549,0.0,0.00017938242520907925,1
2.755,PINN Vanilla,0.1832695010307434,0.2688600431711466,0.0008390210163729827,0.0016096120208584919,-0.000176161527633667,0.38348525762557983,0.7669826447963715,0.3834961256714794,0.0,0.00017616373407723334,1
2.7600000000000002,PINN Vanilla,0.18305229304639903,0.26972657816689466,0.0008353316611205762,0.0016222056521087713,-0.00017341971397399902,0.3831007480621338,0.7662221938371658,0.38311589542950836,0.0,0.00017342188607603128,1
2.765,PINN Vanilla,0.18283507492658016,0.27059315359735964,0.0008317295467929984,0.0016347141070213456,-0.00017042458057403564,0.38271647691726685,0.7654618471860886,0.3827357173422547,0.0,0.00017042671516167464,1
2.77,PINN Vanilla,0.18261789385083918,0.27145958124324854,0.000828200164545635,0.00164696941724507,-0.00016720592975616455,0.38233333826065063,0.7647034227848053,0.3823565003919363,0.0,0.00016720802402982873,1
2.775,PINN Vanilla,0.18240072727352527,0.27232595104874785,0.0008247383012970225,0.001659239745452179,-0.00016410648822784424,0.38194894790649414,0.7639427930116653,0.3819761807418783,0.0,0.0001641085436806438,1
2.7800000000000002,PINN Vanilla,0.1821835725992411,0.273192273368001,0.0008213586636030619,0.0016712536923316479,-0.00016111135482788086,0.38156479597091675,0.7631826400756836,0.3815960995133855,0.0,0.00016111337276628716,1
2.785,PINN Vanilla,0.1819664205725606,0.2740585851248374,0.0008180839657970236,0.0016832108953369063,-0.00015777349472045898,0.3811821937561035,0.7624255418777466,0.38121754567304567,0.0,0.00015777547085178028,1
2.79,PINN Vanilla,0.1817493173139947,0.2749247023249308,0.000814868233818213,0.0016947888132024247,-0.00015465915203094482,0.3807988166809082,0.7616667598485947,0.38083814990655324,0.0,0.00015466108915476273,1
2.795,PINN Vanilla,0.18153219530591974,0.2757908943247873,0.000811768814699049,0.001706428638354629,-0.00015132129192352295,0.38041478395462036,0.7609066963195801,0.380458113382104,0.0,0.00015132318724025585,1
2.8000000000000003,PINN Vanilla,0.18131510188450684,0.27665697228029523,0.0008087430078318545,0.0017176063393948837,-0.00014834105968475342,0.3800323009490967,0.7601501643657684,0.38007984266737294,0.0,0.00014834291767373185,1
2.805,PINN Vanilla,0.1810980243188841,0.277522986980315,0.0008058195711196672,0.001729156252501779,-0.00014486908912658691,0.37964940071105957,0.7593921720981598,0.3797008417865981,0.0,0.0001448709036287314,1
2.81,PINN Vanilla,0.18088098067242103,0.2783888663623862,0.000802985873087597,0.001740281990168402,-0.00014141201972961426,0.3792659044265747,0.7586328685283661,0.3793211852465186,0.0,0.00014141379093156355,1
2.815,PINN Vanilla,0.18066394163502586,0.2792547273569259,0.0008002519547937826,0.0017509480280837875,-0.00013807415962219238,0.37888312339782715,0.75787553191185,0.37894251219539604,0.0,0.00013807588901705668,1
2.82,PINN Vanilla,0.18044693480889956,0.2801204598470195,0.0007976097361737109,0.0017615782924196854,-0.00013495981693267822,0.37850087881088257,0.7571196109056473,0.37856454695829556,0.0,0.0001349615073200391,1
2.825,PINN Vanilla,0.18022995291499644,0.2809860928718748,0.0007950708372631626,0.0017720649400902455,-0.00013150274753570557,0.378118097782135,0.756361797451973,0.37818563548560774,0.0,0.00013150439462287128,1
2.83,PINN Vanilla,0.18001298580292585,0.28185166692571567,0.0007926316365924925,0.0017824589015091319,-0.0001281648874282837,0.3777349591255188,0.7556036859750748,0.37780657499944154,0.0,0.0001281664927083644,1
2.835,PINN Vanilla,0.17979603961065366,0.28271715752158666,0.0007903134486164151,0.0017926500057088846,-0.00012470781803131104,0.37735337018966675,0.7548486590385437,0.377429056802776,0.0,0.00012470938001119656,1
2.84,PINN Vanilla,0.17957913660042518,0.2835824758459264,0.0007880816389247552,0.0018027257357166315,-0.00012135505676269531,0.3769710063934326,0.7540919631719589,0.37705070413063185,0.0,0.00012135657674885707,1
2.845,PINN Vanilla,0.17936224152554978,0.28444776251276893,0.0007859642318329142,0.001812541945742152,-0.00011777877807617188,0.37658852338790894,0.7533344030380249,0.3766719193194006,0.0,0.00011778025326902828,1
2.85,PINN Vanilla,0.17914538180923556,0.28531290811927823,0.0007839707786054496,0.0018222338564064522,-0.00011420249938964844,0.37620657682418823,0.7525783181190491,0.376293872124887,0.0,0.00011420392978919948,1
2.855,PINN Vanilla,0.17892855103011127,0.28617793828303423,0.0007820678326901752,0.0018314680034484387,-0.00011073052883148193,0.37582486867904663,0.7518229186534882,0.3759161676613736,0.0,0.00011073191574419904,1
2.86,PINN Vanilla,0.17871175851072518,0.2870428158124283,0.0007802918127574359,0.0018407522788400354,-0.0001071542501449585,0.37544286251068115,0.7510669529438019,0.37553818007225137,0.0,0.00010715559226437024,1
2.865,PINN Vanilla,0.1784949702647952,0.2879076762931892,0.0007786344110978276,0.0018498992722849328,-0.00010369718074798584,0.3750600218772888,0.7503089159727097,0.3751591568394548,0.0,0.0001036984795672024,1
2.87,PINN Vanilla,0.1782782128280228,0.28877241386312186,0.0007770897802172435,0.0018586917997716057,-9.998679161071777e-05,0.3746790885925293,0.7495551556348801,0.37478227195007213,0.0,9.998804395688003e-05,1
2.875,PINN Vanilla,0.17806151067023285,0.2896369309016917,0.0007756590652738402,0.0018673001361489139,-0.00010825693607330322,0.37429744005203247,0.7487993091344833,0.37440434396634126,0.0,0.00010825829200398412,1
2.88,PINN Vanilla,0.17784480623774104,0.2905014570150143,0.0007743544757512306,0.0018757188623161614,-0.00011944770812988281,0.3739156126976013,0.7480435073375702,0.37402643833463206,0.0,0.00011944920422628172,1
2.8850000000000002,PINN Vanilla,0.177628154459002,0.29136577307013123,0.0007731549292367294,0.0018844621242203041,-0.0001309514045715332,0.37353354692459106,0.7472872883081436,0.37364832408405324,0.0,0.00013095304475306435,1
2.89,PINN Vanilla,0.17741153803882415,0.29222994806491503,0.0007720898321957017,0.0018924663346470694,-0.00014218688011169434,0.3731526732444763,0.7465332001447678,0.3732712752798445,0.0,0.0001421886610188598,1
2.895,PINN Vanilla,0.1771949554706837,0.2930939880095293,0.0007711476047498164,0.0019004978753235091,-0.00015343725681304932,0.37277138233184814,0.7457780539989471,0.3728936974777876,0.0,0.00015343917863248788,1
2.9,PINN Vanilla,0.17697838776641422,0.29395796865584284,0.0007703307126079783,0.001908104625999718,-0.00016488134860992432,0.3723890781402588,0.7450210750102997,0.3725152032428391,0.0,0.00016488341376794002,1
2.9050000000000002,PINN Vanilla,0.17676189418013272,0.2948216536139911,0.0007696283346635512,0.0019160727371125008,-0.00017648935317993164,0.37200814485549927,0.7442673444747925,0.3721383332548043,0.0,0.00017649156372955097,1
2.91,PINN Vanilla,0.17654540295804944,0.29568532914034745,0.0007690571127975091,0.0019233190587349125,-0.00018744170665740967,0.37162697315216064,0.743511900305748,0.3717606064392691,0.0,0.00018744405438652666,1
2.915,PINN Vanilla,0.1763289635917088,0.2965487977920999,0.0007686180187022236,0.001930588099429531,-0.0001987665891647339,0.37124568223953247,0.7427569478750229,0.3713831254959732,0.0,0.00019876907873931783,1
2.92,PINN Vanilla,0.17611255636951467,0.29741213820718576,0.0007683057041622162,0.0019375117455712743,-0.00020992755889892578,0.37086397409439087,0.7420008629560471,0.3710050783014596,0.0,0.0002099301882659502,1
2.9250000000000003,PINN Vanilla,0.1758961937463916,0.29827530069761593,0.0007681146561817834,0.0019447391198867126,-0.00022116303443908691,0.3704831004142761,0.7412465363740921,0.3706279102864682,0.0,0.00022116580453174567,1
2.93,PINN Vanilla,0.17567985259496174,0.29913837752833305,0.0007680706471448382,0.0019515901671632585,-0.00023202598094940186,0.37010228633880615,0.7404919564723969,0.37025061561002015,0.0,0.00023202888710172564,1
2.935,PINN Vanilla,0.17546357878216276,0.3000011857166226,0.0007681476224940913,0.0019579373323756755,-0.00024324655532836914,0.3697209358215332,0.7397365272045135,0.3698728962451589,0.0,0.00024324960201968846,1
2.94,PINN Vanilla,0.1752473269109134,0.3008639063707421,0.0007683402462523767,0.0019644279509199725,-0.00025451183319091797,0.3693391680717468,0.7389804422855377,0.36949484905064534,0.0,0.0002545150209811492,1
2.945,PINN Vanilla,0.17503111930312337,0.30172645043910384,0.00076866552769879,0.0019703545182641613,-0.0002654045820236206,0.3689587116241455,0.7382266074419022,0.36911792690789313,0.0,0.00026540790624679435,1
2.95,PINN Vanilla,0.17481495507874406,0.3025888214325957,0.0007691346846001342,0.001976495133375361,-0.00027669966220855713,0.36857789754867554,0.737472340464592,0.36874078869559734,0.0,0.0002767031279039203,1
2.955,PINN Vanilla,0.174598838384445,0.3034510028083899,0.000769716497041896,0.0019823532395290833,-0.00028727948665618896,0.36819684505462646,0.7367168664932251,0.36836304697871436,0.0,0.0002872830848650805,1
2.96,PINN Vanilla,0.17438275493808214,0.30431305154403127,0.0007704525267469835,0.001988083418510228,-0.0002982020378112793,0.3678152561187744,0.7359606772661209,0.36798494762948336,0.0,0.00029820577282639094,1
2.965,PINN Vanilla,0.17416672669612132,0.30517488004584264,0.000771295008860232,0.0019937070039313665,-0.0003092139959335327,0.3674347400665283,0.7352067232131958,0.3676079658813398,0.0,0.0003092178688746971,1
2.97,PINN Vanilla,0.17395074103210306,0.3060365386861391,0.0007722687731556565,0.0019987101319367817,-0.00032050907611846924,0.3670538663864136,0.7344523370265961,0.36723076806365273,0.0,0.00032051309053182306,1
2.975,PINN Vanilla,0.17373479074156198,0.30689805620659605,0.000773371866530031,0.0020039779374027566,-0.0003310889005661011,0.3666727542877197,0.7336967438459396,0.3668529667413784,0.0,0.0003310930474929832,1
2.98,PINN Vanilla,0.17351889115822566,0.3077593714344549,0.0007746161746733078,0.0020091233026584,-0.00034205615520477295,0.36629146337509155,0.7329413145780563,0.36647524737651715,0.0,0.0003420604394977915,1
2.985,PINN Vanilla,0.17330303590547094,0.30862050980877664,0.0007759873011051009,0.0020138102489438148,-0.00035275518894195557,0.3659108877182007,0.7321866899728775,0.3660979303480474,0.0,0.00035275960724161264,1
2.99,PINN Vanilla,0.17308724438911444,0.3094813939115083,0.0007774701343019062,0.0020183920322996984,-0.0003634244203567505,0.3655298948287964,0.7314314395189285,0.3657203003912731,0.0,0.00036342897228976856,1
2.995,PINN Vanilla,0.1728714938770543,0.31034211443066867,0.0007790852275266681,0.0020230977510470316,-0.00037410855293273926,0.3651490807533264,0.7306764274835587,0.36534278964528155,0.0,0.00037411323868575706,1
3.0,PINN Vanilla,0.17265577836556956,0.3112026953176534,0.0007808352968968076,0.0020272637093185497,-0.0003849714994430542,0.3647676110267639,0.7299202978610992,0.3649647200987462,0.0,0.00038497632125573705,1
3.005,PINN Vanilla,0.17244012787326557,0.312063016815483,0.0007827025827774585,0.002031537544133599,-0.00039523839950561523,0.36438703536987305,0.7291653603315353,0.3645872466061242,0.0,0.00039524334991241223,1
3.0100000000000002,PINN Vanilla,0.17222452309873842,0.31292315592566383,0.0007846835679306235,0.0020352556210250228,-0.0004057884216308594,0.36400628089904785,0.7284103333950043,0.3642097284094587,0.0,0.00040579350417790716,1
3.015,PINN Vanilla,0.17200896990400652,0.31378308926211224,0.0007868092875424999,0.0020391252430494444,-0.0004161745309829712,0.3636249303817749,0.7276539653539658,0.3638315396521407,0.0,0.0004161797436172433,1
3.02,PINN Vanilla,0.17179347038477868,0.31464280846415477,0.0007890374155208463,0.0020427212557037056,-0.0004268437623977661,0.3632439374923706,0.7268985956907272,0.3634538500899751,0.0,0.0004268491086653992,1
3.025,PINN Vanilla,0.1715780139282659,0.31550235587071873,0.0007913952401620805,0.002046293703865998,-0.0004370957612991333,0.3628630042076111,0.7261429280042648,0.3630760115143312,0.0,0.00043710123597424174,1
3.0300000000000002,PINN Vanilla,0.17136262741323943,0.31636162425095815,0.0007938700154454056,0.002049478150852657,-0.00044733285903930664,0.3624824285507202,0.7253878265619278,0.3626984560642961,0.0,0.00044733846193525164,1
3.035,PINN Vanilla,0.1711472852735429,0.3172207155991403,0.0007964578732564982,0.002052780179228053,-0.00045740604400634766,0.3621010184288025,0.7246307879686356,0.3623199320266519,0.0,0.00045741177307010274,1
3.04,PINN Vanilla,0.17093199305795692,0.31807960777882,0.0007991629320931694,0.0020557255790397133,-0.00046753883361816406,0.36171984672546387,0.723874643445015,0.36194185502944265,0.0,0.00046754468959628434,1
3.045,PINN Vanilla,0.1707167565017133,0.31893827790971946,0.0008019934579281279,0.002058779887533113,-0.0004779547452926636,0.3613385558128357,0.7231184244155884,0.36156374077886383,0.0,0.0004779607317312857,1
3.0500000000000003,PINN Vanilla,0.17050158572537047,0.31979668561662833,0.0008049291340862571,0.002061339278700225,-0.0004879087209701538,0.3609580993652344,0.7223631590604782,0.36118610337141566,0.0,0.00048791483208347584,1
3.055,PINN Vanilla,0.17028646419445673,0.3206548968625838,0.0008079678793081142,0.002063813236328871,-0.0004978328943252563,0.36057740449905396,0.7216074019670486,0.36080822009172825,0.0,0.0004978391297400008,1
3.06,PINN Vanilla,0.17007139683873562,0.3215128919806632,0.0008111233085644827,0.00206612641402637,-0.0005074888467788696,0.3601958155632019,0.7208498269319534,0.36042942782982307,0.0,0.0005074952031355385,1
3.065,PINN Vanilla,0.16985638244254692,0.32237067582065204,0.0008143899832229593,0.002068301691809993,-0.0005174577236175537,0.3598141074180603,0.7200922071933746,0.3600506132158961,0.0,0.0005174642048355612,1
3.0700000000000003,PINN Vanilla,0.16964145272492887,0.32322812184182137,0.0008177632039242566,0.002070193696536604,-0.0005272477865219116,0.3594333529472351,0.7193364351987839,0.3596727224855348,0.0,0.0005272543903615926,1
3.075,PINN Vanilla,0.16942654600790194,0.32408547610385396,0.0008212279702060448,0.0020719735772143366,-0.0005372613668441772,0.3590525984764099,0.7185806334018707,0.35929481685382564,0.0,0.0005372680961051132,1
3.08,PINN Vanilla,0.16921172289548814,0.32494249683154025,0.0008248050679549954,0.002073838192938715,-0.0005465447902679443,0.35867130756378174,0.7178231626749039,0.35891607674663784,0.0,0.0005465516358048355,1
3.085,PINN Vanilla,0.16899695058723352,0.3257993148798361,0.0008284734536832694,0.002075288184318458,-0.0005562156438827515,0.3582894802093506,0.7170650064945221,0.3585369939084499,0.0,0.0005562226105482058,1
3.09,PINN Vanilla,0.16878223780158524,0.3266558954671491,0.000832244676895018,0.0020768453514476426,-0.0005655139684677124,0.3579080104827881,0.7163074314594269,0.3581582016465447,0.0,0.0005655210515957607,1
3.095,PINN Vanilla,0.16856758261436935,0.3275122462698274,0.0008361184857059874,0.0020780848830542764,-0.0005749017000198364,0.3575274348258972,0.7155512422323227,0.3577801022973137,0.0,0.0005749089007303113,1
3.1,PINN Vanilla,0.16835299924060745,0.32836831057810606,0.0008400898391254738,0.002079416463937167,-0.0005844086408615112,0.3571462631225586,0.7147939950227737,0.3574014739502347,0.0,0.0005844159606475228,1
3.105,PINN Vanilla,0.16813848268341372,0.3292241083266872,0.000844147898651001,0.0020802961355941285,-0.0005933642387390137,0.35676443576812744,0.7140352427959442,0.3570220930850901,0.0,0.0005933716706949274,1
3.11,PINN Vanilla,0.1679240172212427,0.33007970223549965,0.0008482984791913717,0.002081133644816602,-0.0006027519702911377,0.3563823103904724,0.7132760882377625,0.35664251105174977,0.0,0.000602759519829478,1
3.115,PINN Vanilla,0.1677096107372412,0.33093506085531926,0.0008525280447133954,0.0020814446996663127,-0.0006116479635238647,0.3560013771057129,0.7125190496444702,0.35626398701410555,0.0,0.0006116556244855521,1
3.12,PINN Vanilla,0.16749529489824125,0.33179005785368987,0.0008568549249195388,0.0020822351552290397,-0.0006207078695297241,0.35562020540237427,0.7117613554000854,0.35588513514680903,0.0,0.000620715643967785,1
3.125,PINN Vanilla,0.16728101483545263,0.33264491212554315,0.0008612603373731017,0.002082484339533841,-0.0006296932697296143,0.3552384376525879,0.7110025137662888,0.35550570957762095,0.0,0.0006297011567108549,1
3.13,PINN Vanilla,0.16706680239470037,0.33349949662434386,0.0008657427136354655,0.002082721332202331,-0.0006383359432220459,0.35485655069351196,0.7102433294057846,0.3551261126429328,0.0,0.0006383439384537745,1
3.1350000000000002,PINN Vanilla,0.1668526767655178,0.33435373479488506,0.0008703190873981623,0.002082563225188294,-0.0006472468376159668,0.35447466373443604,0.7094842940568924,0.3547465902149838,0.0,0.0006472549444576812,1
3.14,PINN Vanilla,0.16663859279693904,0.33520780676356554,0.0008749627145275022,0.002083011703686799,-0.000655636191368103,0.35409343242645264,0.7087259143590927,0.3543673956166871,0.0,0.0006556444032874462,1
3.145,PINN Vanilla,0.16642459358896936,0.3360615405861404,0.0008796877926734719,0.002082535131513741,-0.0006642937660217285,0.35371196269989014,0.7079671025276184,0.35398798494884687,0.0,0.0006643020863781985,1
3.15,PINN Vanilla,0.16621064723611953,0.33691506354717077,0.0008844672756753347,0.002081841490926939,-0.000672757625579834,0.353330135345459,0.7072080969810486,0.3536084774222457,0.0,0.0006727660519471266,1
3.1550000000000002,PINN Vanilla,0.16599678420447728,0.33776825410447997,0.0008893314443661227,0.0020812782855584855,-0.0006809234619140625,0.3529478907585144,0.7064473628997803,0.35322810561747026,0.0,0.0006809319905594024,1
3.16,PINN Vanilla,0.16578297427407018,0.33862123281838613,0.0008942694241450339,0.0020807873435731428,-0.0006895214319229126,0.3525657653808594,0.7056872844696045,0.3528480616423471,0.0,0.0006895300682588241,1
3.165,PINN Vanilla,0.16556924779165735,0.3394738786227651,0.0008992777075654348,0.0020801740251417122,-0.0006977319717407227,0.3521842360496521,0.7049282640218735,0.352468546665072,0.0,0.0006977407109145977,1
3.17,PINN Vanilla,0.16535558066031594,0.34032628765048706,0.0009043385197385716,0.002079067702425219,-0.0007055848836898804,0.3518024682998657,0.7041684091091156,0.3520886144500576,0.0,0.0007055937212223885,1
3.1750000000000003,PINN Vanilla,0.16514199845366054,0.34117835787753076,0.0009094738174537393,0.002078118073434443,-0.0007136315107345581,0.35141998529434204,0.7034075558185577,0.3517081830398908,0.0,0.0007136404490520032,1
3.18,PINN Vanilla,0.16492846299399128,0.3420302416109722,0.0009146548275793757,0.0020767322744094097,-0.0007213205099105835,0.35103774070739746,0.7026462256908417,0.3513275132081587,0.0,0.0007213295445336351,1
3.185,PINN Vanilla,0.16471502126695156,0.34288175140510374,0.0009199050821189431,0.0020751416332485118,-0.0007295310497283936,0.3506554961204529,0.7018858790397644,0.3509473351209051,0.0,0.0007295401871894087,1
3.19,PINN Vanilla,0.16450163495313894,0.34373304013231354,0.0009252158776264181,0.0020739947410143844,-0.0007368326187133789,0.3502734899520874,0.701124757528305,0.35056676959860783,0.0,0.0007368418476273926,1
3.1950000000000003,PINN Vanilla,0.16428832306309388,0.34458403195147314,0.0009305703936077616,0.002072509707894077,-0.0007445365190505981,0.3498916029930115,0.7003645151853561,0.3501866436660716,0.0,0.0007445458444568571,1
3.2,PINN Vanilla,0.1640751010797045,0.34543466509475934,0.00093598262235449,0.0020705069241650498,-0.0007522553205490112,0.3495093584060669,0.6996035724878311,0.3498061675518613,0.0,0.0007522647426341541,1
3.205,PINN Vanilla,0.16386193841755453,0.346285061580401,0.0009414476917164569,0.0020686239897277914,-0.0007594376802444458,0.3491264581680298,0.698840543627739,0.3494246483433027,0.0,0.000759447192289477,1
3.21,PINN Vanilla,0.16364884204245186,0.34713519361882905,0.0009469560541768505,0.0020666115777751015,-0.0007666647434234619,0.34874385595321655,0.6980786174535751,0.349043680484614,0.0,0.0007666743459882976,1
3.215,PINN Vanilla,0.16343583323218086,0.34798497632391523,0.0009525200501044569,0.002064496369645008,-0.000774189829826355,0.3483618497848511,0.6973179578781128,0.3486633459332081,0.0,0.0007741995266437707,1
3.22,PINN Vanilla,0.16322290085188979,0.3488344541173172,0.000958120377963597,0.0020623570489131104,-0.0007811188697814941,0.3479795455932617,0.6965558677911758,0.34828229611710626,0.0,0.0007811286533859391,1
3.225,PINN Vanilla,0.1630100378686482,0.3496836550563846,0.0009637526334927263,0.002059671357852011,-0.0007883310317993164,0.34759676456451416,0.6957932263612747,0.3479009706260695,0.0,0.0007883409057369272,1
3.23,PINN Vanilla,0.16279722799409976,0.3505326441222958,0.00096943477234722,0.0020574757709391767,-0.0007946938276290894,0.3472139835357666,0.6950299739837646,0.34751933965740217,0.0,0.0007947037812614558,1
3.235,PINN Vanilla,0.16258454239284909,0.35138113740918725,0.0009751704460656111,0.0020545810073775983,-0.00080128014087677,0.3468305468559265,0.6942651569843292,0.34713692636797366,0.0,0.0008012901770034739,1
3.24,PINN Vanilla,0.16237189485742765,0.3522294788353022,0.0009809219957574995,0.00205192430207618,-0.0008082389831542969,0.34644806385040283,0.6935033202171326,0.3467560032133284,0.0,0.0008082491064413074,1
3.245,PINN Vanilla,0.16215933965252446,0.35307745191572537,0.0009867127587558778,0.0020488430480164466,-0.0008145272731781006,0.34606534242630005,0.692739874124527,0.34637427538590015,0.0,0.0008145374752266731,1
3.25,PINN Vanilla,0.16194686109388437,0.3539251192216189,0.000992536270073082,0.0020459267905145184,-0.0008213669061660767,0.3456825613975525,0.6919770985841751,0.3459928828387982,0.0,0.0008213771938818457,1
3.255,PINN Vanilla,0.16173445328965677,0.35477250425807966,0.00099839601766092,0.0020427552791816295,-0.0008273869752883911,0.34529930353164673,0.6912124305963516,0.3456105440561088,0.0,0.0008273973384062241,1
3.2600000000000002,PINN Vanilla,0.16152213262515264,0.35561954165713594,0.0010042815615513643,0.002039518609131652,-0.0008337348699569702,0.34491628408432007,0.690448448061943,0.3452285480044196,0.0,0.0008337453125829202,1
3.265,PINN Vanilla,0.1613098895466244,0.3564662695327486,0.0010101954011842288,0.0020361505131927804,-0.000839725136756897,0.34453284740448,0.689683735370636,0.34484618686970847,0.0,0.0008397356544116335,1
3.27,PINN Vanilla,0.1610977258962077,0.35731268053585546,0.0010161379930924011,0.0020324059402760386,-0.0008459091186523438,0.34415000677108765,0.6889200657606125,0.3444643472821715,0.0,0.0008459197137621708,1
3.275,PINN Vanilla,0.16088563018106483,0.3581588205162722,0.0010220939497510822,0.0020285763110461374,-0.0008512735366821289,0.34376704692840576,0.6881554573774338,0.3440820383021778,0.0,0.000851284198981914,1
3.2800000000000002,PINN Vanilla,0.1606736281090551,0.35900458691441833,0.0010280853020294425,0.0020249176334715124,-0.0008571743965148926,0.3433837294578552,0.6873904317617416,0.34369952070331444,0.0,0.0008571851327236315,1
3.285,PINN Vanilla,0.16046170765782022,0.35985002769259256,0.0010340898724063726,0.002021051775619065,-0.0008625686168670654,0.34299999475479126,0.6866243034601212,0.3433164517545813,0.0,0.0008625794206390398,1
3.29,PINN Vanilla,0.16024986471798086,0.3606951592448559,0.0010401103778339114,0.0020166903215825815,-0.0008680969476699829,0.3426162004470825,0.6858580708503723,0.34293333065113074,0.0,0.0008681078206849419,1
3.295,PINN Vanilla,0.16003808985511822,0.36154001920911616,0.0010461424498551509,0.002012765893575519,-0.0008736401796340942,0.3422330617904663,0.6850932687520981,0.34255092481237615,0.0,0.0008736511220786765,1
3.3000000000000003,PINN Vanilla,0.1598264412568496,0.3623843754502293,0.0010522152650508571,0.0020085116954864923,-0.0008790194988250732,0.34184974431991577,0.6843280792236328,0.3421683252560997,0.0,0.0008790305086462523,1
3.305,PINN Vanilla,0.15961482356469317,0.36322860839372123,0.0010582762296019658,0.0020041349805526854,-0.0008843690156936646,0.34146618843078613,0.6835621446371078,0.34178535316612746,0.0,0.0008843800925181629,1
3.31,PINN Vanilla,0.15940333221916916,0.36407233728677996,0.0010643715090467786,0.0019994946225953547,-0.0008892267942428589,0.3410823345184326,0.6827952414751053,0.3414018967823506,0.0,0.000889237931911597,1
3.315,PINN Vanilla,0.15919189442236265,0.3649158525512384,0.0010704635964692859,0.0019949295980237203,-0.0008941739797592163,0.34069812297821045,0.6820278316736221,0.3410181870756607,0.0,0.0008941851793920269,1
3.3200000000000003,PINN Vanilla,0.1589805543034881,0.3657589781368983,0.00107656643973973,0.001990130864036821,-0.0008987784385681152,0.34031403064727783,0.6812601983547211,0.34063436560886196,0.0,0.0008987896958723064,1
3.325,PINN Vanilla,0.15876927996451434,0.3666018412985675,0.0010826745820303378,0.001985334604598543,-0.0009033381938934326,0.3399308919906616,0.6804942935705185,0.34025140842023754,0.0,0.0009033495083090881,1
3.33,PINN Vanilla,0.15855811403559014,0.3674442719664584,0.0010887949052101281,0.0019929838375616557,-0.0009079724550247192,0.3395470976829529,0.6797275245189667,0.33986801909252595,0.0,0.0009079838274850329,1
3.335,PINN Vanilla,0.1583470210984901,0.3682864114389302,0.0010949131700626364,0.0020055213527205296,-0.0009122937917709351,0.3391629457473755,0.6789597272872925,0.3394841156683142,0.0,0.0009123052183564927,1
3.34,PINN Vanilla,0.15813601630794868,0.36912819925730406,0.0011010399787414814,0.0020185121927023333,-0.0009166896343231201,0.33877885341644287,0.6781920045614243,0.339100249497472,0.0,0.0009167011159671156,1
3.345,PINN Vanilla,0.15792508673918498,0.369969686984026,0.001107163085226155,0.0020309016583876863,-0.0009206980466842651,0.3383945822715759,0.6774234175682068,0.3387159511875426,0.0,0.0009207095785340903,1
3.35,PINN Vanilla,0.15771426890675608,0.3708107289470036,0.0011132981477231989,0.0020433097006528345,-0.000924915075302124,0.3380098342895508,0.6766543239355087,0.3383313995547001,0.0,0.0009249266599707218,1
3.355,PINN Vanilla,0.15750351487784775,0.3716515163706115,0.001119418922817828,0.0020558371407693454,-0.0009288936853408813,0.33762603998184204,0.6758866459131241,0.33794755573587965,0.0,0.0009289053198420314,1
3.36,PINN Vanilla,0.15729286340442863,0.37249189465677135,0.0011255428994340548,0.0020681699762301956,-0.0009326636791229248,0.337242066860199,0.6751185357570648,0.3375634958475156,0.0,0.0009326753608436842,1
3.365,PINN Vanilla,0.1570822834834322,0.3733319874898965,0.0011316611619397769,0.002080608478211482,-0.000936552882194519,0.33685779571533203,0.6743500679731369,0.3371792571429776,0.0,0.000936564612627998,1
3.37,PINN Vanilla,0.15687181048833573,0.37417165375014705,0.0011377819733747456,0.0020928715376860654,-0.0009398609399795532,0.33647334575653076,0.6735807806253433,0.33679460865137417,0.0,0.0009398727118468396,1
3.375,PINN Vanilla,0.15666140366841602,0.3750110560094831,0.0011438914871284027,0.0021048230137713647,-0.0009430646896362305,0.3360884189605713,0.6728103160858154,0.3364093715565314,0.0,0.000943076501630853,1
3.38,PINN Vanilla,0.15645109693537484,0.37585005897970863,0.0011499884891429044,0.002117114660700116,-0.000946536660194397,0.33570343255996704,0.6720398813486099,0.33602414936303643,0.0,0.0009465485156758534,1
3.3850000000000002,PINN Vanilla,0.1562408844943161,0.37668868577912784,0.0011560807825344093,0.0021290782189300334,-0.000950053334236145,0.33531874418258667,0.6712702065706253,0.33563930715391116,0.0,0.0009500652337643518,1
3.39,PINN Vanilla,0.15603073432787998,0.37752706413860143,0.0011621538654487554,0.002140915717570732,-0.0009529590606689453,0.3349347710609436,0.6705014556646347,0.3352549268865687,0.0,0.0009529709965917126,1
3.395,PINN Vanilla,0.15582071383436163,0.37836492517767534,0.0011682325995614445,0.0021527516072479477,-0.0009556561708450317,0.33455008268356323,0.669731080532074,0.3348697344957694,0.0,0.0009556681405494168,1
3.4,PINN Vanilla,0.15561076378201816,0.37920250519695453,0.0011742911948013726,0.002164690639666997,-0.0009583979845046997,0.3341652750968933,0.6689601540565491,0.3344842664300352,0.0,0.0009584099885506189,1
3.4050000000000002,PINN Vanilla,0.15540090315155797,0.38003972847432355,0.0011803279763536192,0.002176462207960604,-0.0009610205888748169,0.3337802290916443,0.6681892275810242,0.334098798364301,0.0,0.00096103262576916,1
3.41,PINN Vanilla,0.1551911364178042,0.38087657715781037,0.0011863638319132756,0.00218798861561683,-0.0009634643793106079,0.33339518308639526,0.6674181222915649,0.33371324089047977,0.0,0.0009634764468137097,1
3.415,PINN Vanilla,0.1549814692936144,0.3817130284563974,0.00119238530390895,0.0021994625819656763,-0.0009660869836807251,0.3330097198486328,0.6666460037231445,0.3333271767708323,0.0,0.0009660990840322508,1
3.42,PINN Vanilla,0.15477188068765538,0.3825491665123797,0.0011983756519562743,0.002210917217757624,-0.0009685605764389038,0.33262503147125244,0.6658754050731659,0.3329418726199242,0.0,0.0009685727077724658,1
3.4250000000000003,PINN Vanilla,0.15456238658996196,0.3833849275347102,0.0012043493724763054,0.002222509660706168,-0.0009704232215881348,0.33224040269851685,0.6651042997837067,0.332556315146103,0.0,0.0009704353762515432,1
3.43,PINN Vanilla,0.15435299042377387,0.38422029786663037,0.0012103124841668046,0.002233723414482268,-0.0009724646806716919,0.33185523748397827,0.6643327921628952,0.33217055650408606,0.0,0.0009724768609046121,1
3.435,PINN Vanilla,0.15414369265148947,0.3850552756634364,0.0012162507741908435,0.002244916298294229,-0.0009745210409164429,0.3314698338508606,0.6635603457689285,0.33178432846961237,0.0,0.0009745332469055137,1
3.44,PINN Vanilla,0.1539344686392072,0.3858899592002348,0.0012221696256865028,0.0022560885036371423,-0.0009762793779373169,0.33108413219451904,0.6627868860960007,0.3313975937893124,0.0,0.0009762916059497629,1
3.4450000000000003,PINN Vanilla,0.153725350232752,0.3867242214304906,0.0012280703175516188,0.002267159613348481,-0.0009776204824447632,0.33069872856140137,0.6620142012834549,0.33101124654405606,0.0,0.0009776327272546987,1
3.45,PINN Vanilla,0.15351632900454024,0.3875580959754179,0.0012339390100052415,0.002278336182249978,-0.0009791404008865356,0.33031338453292847,0.6612410992383957,0.33062469067993006,0.0,0.0009791526647336258,1
3.455,PINN Vanilla,0.15330739523674752,0.3883916216035497,0.0012397798931583868,0.0022890174018900533,-0.0009808242321014404,0.32992810010910034,0.660469114780426,0.3302386936163478,0.0,0.0009808365170387119,1
3.46,PINN Vanilla,0.1530985528448442,0.3892247826944102,0.001245597786248081,0.0023000975382905797,-0.0009818226099014282,0.32954269647598267,0.6596959680318832,0.32985211540020004,0.0,0.0009818349073434974,1
3.465,PINN Vanilla,0.15288981714018354,0.39005751816450146,0.0012514003734734162,0.0023105731824412043,-0.0009828805923461914,0.32915741205215454,0.658922865986824,0.32946555953607404,0.0,0.0009828929030396135,1
3.47,PINN Vanilla,0.152681168716949,0.3908899054318762,0.0012571717876000532,0.0023211485094336293,-0.0009840577840805054,0.3287721276283264,0.6581501364707947,0.329079189938796,0.0,0.0009840701095183905,1
3.475,PINN Vanilla,0.1524726142202531,0.39172191798635536,0.0012629112275518392,0.002331942921034065,-0.000985175371170044,0.32838618755340576,0.6573760360479355,0.3286921348795176,0.0,0.000985187710605837,1
3.48,PINN Vanilla,0.15226416236854293,0.3925535210463468,0.0012686214274511352,0.0023424797726862567,-0.0009857416152954102,0.32800012826919556,0.6566012650728226,0.32830474453991293,0.0,0.0009857539618234766,1
3.485,PINN Vanilla,0.15205579877526196,0.39338477200594096,0.0012742981791464192,0.002352878466403245,-0.000986337661743164,0.3276141285896301,0.6558262854814529,0.3279172498908735,0.0,0.0009863500157367814,1
3.49,PINN Vanilla,0.15184753781950866,0.3942156135008008,0.0012799544164871749,0.0023631457248570534,-0.0009866952896118164,0.327228844165802,0.6550528556108475,0.32753053011192135,0.0,0.0009867076480847643,1
3.495,PINN Vanilla,0.15163936049074261,0.3950461213720544,0.0012855574174541766,0.0023732621515123453,-0.0009866803884506226,0.32684326171875,0.654278576374054,0.327143385644556,0.0,0.0009866927467369316,1
3.5,PINN Vanilla,0.1514312994700891,0.3958761652407986,0.0012911491280911947,0.0023836051567962604,-0.0009870082139968872,0.32645756006240845,0.6535040438175201,0.326756114515734,0.0,0.0009870205763892492,1
3.505,PINN Vanilla,0.15122331299998976,0.396705911695687,0.0012966930024276904,0.002393631379018067,-0.0009870678186416626,0.3260716199874878,0.6527288854122162,0.32636853045860753,0.0,0.0009870801817805797,1
3.5100000000000002,PINN Vanilla,0.15101544916987777,0.39753516888752527,0.0013022249239747052,0.002403506673924298,-0.0009872913360595703,0.32568496465682983,0.6519530415534973,0.325980603670481,0.0,0.000987303701998069,1
3.515,PINN Vanilla,0.15080766848198046,0.3983640943897212,0.0013077005968339561,0.0024134171910493163,-0.0009869933128356934,0.32529884576797485,0.6511770486831665,0.3255926023756152,0.0,0.0009870056750414166,1
3.52,PINN Vanilla,0.15060000079082653,0.3991925690998671,0.0013131452347539961,0.0024232787693566488,-0.0009866803884506226,0.3249128460884094,0.6504019945859909,0.3252050704732062,0.0,0.0009866927467369316,1
3.525,PINN Vanilla,0.15039240255638645,0.4000207667176519,0.0013185459252868402,0.0024328341970222406,-0.000986441969871521,0.32452714443206787,0.6496271342039108,0.32481763542955805,0.0,0.0009864543251716098,1
3.5300000000000002,PINN Vanilla,0.1501849295946213,0.4008484645694766,0.0013239237694074523,0.002442408750386954,-0.000985860824584961,0.32414090633392334,0.6488510966300964,0.32442961178267055,0.0,0.0009858731726061375,1
3.535,PINN Vanilla,0.14997755037294375,0.4016757884522381,0.0013292595103677645,0.0024518455567456438,-0.0009850263595581055,0.323755145072937,0.6480757594108582,0.3240419383174571,0.0,0.0009850386971275108,1
3.54,PINN Vanilla,0.1497702671809717,0.4025027292316773,0.0013345502884248835,0.0024612925963878388,-0.000984281301498413,0.3233689069747925,0.6472993195056915,0.3236537135023739,0.0,0.0009842936297358798,1
3.545,PINN Vanilla,0.14956308823746364,0.40332925411967224,0.0013398064467408316,0.002470530240695455,-0.0009830594062805176,0.3229823112487793,0.646522045135498,0.3232650714495513,0.0,0.000983071719213605,1
3.5500000000000003,PINN Vanilla,0.14935600859774006,0.40415538284265184,0.0013450204702692879,0.0024799579427434576,-0.0009820908308029175,0.32259607315063477,0.6457459777593613,0.322877032901316,0.0,0.0009821031316044847,1
3.555,PINN Vanilla,0.14914901110831205,0.4049811838331761,0.0013501901684543815,0.0024888765326299828,-0.000981062650680542,0.3222092390060425,0.6449684053659439,0.32248824183501507,0.0,0.0009810749386040339,1
3.56,PINN Vanilla,0.14894212691394895,0.40580653284151896,0.0013553103052692088,0.002497984337483633,-0.000979498028755188,0.3218229413032532,0.6441911458969116,0.3220996072328664,0.0,0.0009795102970816087,1
3.565,PINN Vanilla,0.14873535794628276,0.40663142216157905,0.001360414332672061,0.0025070004488396275,-0.0009784400463104248,0.32143670320510864,0.6434148699045181,0.32171146437519627,0.0,0.0009784523013854928,1
3.5700000000000003,PINN Vanilla,0.14852867844524803,0.4074559545612094,0.0013654604890256646,0.002515702110050158,-0.00097675621509552,0.321050763130188,0.6426385641098022,0.32132330661617825,0.0,0.0009767684490804068,1
3.575,PINN Vanilla,0.14832209729336882,0.4082800946042452,0.001370457359004634,0.002524420749495701,-0.0009746700525283813,0.32066428661346436,0.6418605446815491,0.3209342920296599,0.0,0.00097468226038384,1
3.58,PINN Vanilla,0.14811562760933503,0.4091037899546549,0.0013754177057217938,0.002533118308260418,-0.000973239541053772,0.3202779293060303,0.6410838961601257,0.3205459629051418,0.0,0.0009732517309919085,1
3.585,PINN Vanilla,0.1479092514267316,0.40992711228810663,0.0013803243347765835,0.002541631703996232,-0.000970989465713501,0.319891095161438,0.6403054744005203,0.3201567471504277,0.0,0.0009710016274691828,1
3.59,PINN Vanilla,0.1477029814093082,0.41075001108351905,0.0013851926861727574,0.002549990575402783,-0.0009687244892120361,0.3195043206214905,0.6395267993211746,0.31976740473425697,0.0,0.0009687366225986246,1
3.595,PINN Vanilla,0.1474968105763406,0.411572514189969,0.0013900141779550372,0.0025584237557756823,-0.0009667724370956421,0.3191174864768982,0.6387486755847931,0.3193783379930212,0.0,0.0009667845460325514,1
3.6,PINN Vanilla,0.1472907482578351,0.4123945843860944,0.0013947858775242275,0.002566590187094861,-0.0009642243385314941,0.3187307119369507,0.6379700750112534,0.31898903283022007,0.0,0.0009642364155531733,1
3.605,PINN Vanilla,0.14708477085655755,0.413216315811295,0.0013995020071958246,0.0025746980751530577,-0.0009618848562240601,0.3183445930480957,0.6371929943561554,0.31860048763615845,0.0,0.0009618969039434519,1
3.61,PINN Vanilla,0.14687891388768787,0.4140375667804186,0.0014041740012337533,0.002582740884051679,-0.0009593814611434937,0.3179582953453064,0.6364151388406754,0.3182115550070531,0.0,0.0009593934775075718,1
3.615,PINN Vanilla,0.146673157065361,0.41485841822240554,0.001408802540074642,0.0025908075270875755,-0.0009566843509674072,0.31757164001464844,0.635637104511261,0.31782253296986085,0.0,0.0009566963335498676,1
3.62,PINN Vanilla,0.14646750954059032,0.4156788336299728,0.0014133865988824607,0.002598532077129595,-0.0009536147117614746,0.31718510389328003,0.6348585784435272,0.3174332650604293,0.0,0.0009536266558963479,1
3.625,PINN Vanilla,0.1462619461350374,0.4164989134502171,0.001417903394631988,0.002606423036171805,-0.0009506195783615112,0.3167983293533325,0.6340795308351517,0.3170437363774107,0.0,0.0009506314849819913,1
3.63,PINN Vanilla,0.14605651314074808,0.41731847300448643,0.0014223902772580908,0.002613826228695826,-0.0009474456310272217,0.31641125679016113,0.6333000659942627,0.31665399907552244,0.0,0.0009474574978936433,1
3.6350000000000002,PINN Vanilla,0.145851171887792,0.4181376665635735,0.001426816858046311,0.002621423386175957,-0.0009444653987884521,0.31602418422698975,0.6325206756591797,0.31626429902700376,0.0,0.0009444772283271192,1
3.64,PINN Vanilla,0.14564592888703695,0.4189564681528587,0.0014311842314096183,0.002628850029171563,-0.0009410381317138672,0.3156368136405945,0.6317398846149445,0.315873898615137,0.0,0.0009410499183256166,1
3.645,PINN Vanilla,0.1454408182962998,0.4197747415022883,0.001435527690263202,0.0026359162267783273,-0.0009375512599945068,0.3152506351470947,0.6309621334075928,0.3154850181407491,0.0,0.0009375630029327836,1
3.65,PINN Vanilla,0.14523579388319907,0.42059267105248754,0.001439793781132248,0.002643533352524721,-0.0009340494871139526,0.3148643374443054,0.6301840096712112,0.3150959513995133,0.0,0.0009340611861921178,1
3.6550000000000002,PINN Vanilla,0.1450308620765641,0.4214102311561232,0.0014440017263543663,0.002650307283626807,-0.0009304732084274292,0.31447750329971313,0.6294046193361282,0.3147062513509946,0.0,0.0009304848627122891,1
3.66,PINN Vanilla,0.14482605531886295,0.42222729238639717,0.0014481692667742414,0.002657437981342499,-0.0009264945983886719,0.3140907883644104,0.6286253035068512,0.3143165885558455,0.0,0.0009265062028409796,1
3.665,PINN Vanilla,0.14462135014710603,0.4230439483471502,0.0014522836359809443,0.0026642699651325957,-0.0009225606918334961,0.31370383501052856,0.6278450787067413,0.3139264712695875,0.0,0.0009225722470131679,1
3.67,PINN Vanilla,0.14441674169865218,0.42386021843752536,0.00145634333618281,0.0026711075714467153,-0.0009184330701828003,0.31331688165664673,0.6270651370286942,0.31353649554613394,0.0,0.0009184445736635322,1
3.6750000000000003,PINN Vanilla,0.14421225330970427,0.4246760095594878,0.0014603523316882782,0.0026776629248367254,-0.000914350152015686,0.31292980909347534,0.6262852251529694,0.3131465347240282,0.0,0.0009143616043573942,1
3.68,PINN Vanilla,0.14400786617854694,0.42549139672107383,0.0014642995790034342,0.0026842903513053726,-0.0009100288152694702,0.3125426769256592,0.6255046129226685,0.31275622372024836,0.0,0.0009100402134859344,1
3.685,PINN Vanilla,0.14380359366998538,0.42630632660439344,0.0014681958579231753,0.0026906023624973657,-0.0009058117866516113,0.3121556043624878,0.6247244626283646,0.31236614368736,0.0,0.0009058231320493031,1
3.69,PINN Vanilla,0.1435994089425386,0.427120906291526,0.0014720281934887402,0.0026969641704075523,-0.0009014159440994263,0.31176918745040894,0.6239454448223114,0.3119766299056892,0.0,0.0009014272344386802,1
3.6950000000000003,PINN Vanilla,0.1433953557748933,0.4279349611306775,0.0014758137181222852,0.0027034043026869167,-0.0008966028690338135,0.3113824725151062,0.6231654137372971,0.3115866094781921,0.0,0.0008966140990887438,1
3.7,PINN Vanilla,0.1431913916711454,0.4287486606560768,0.0014795359200203775,0.002709444671946372,-0.0008919090032577515,0.3109956979751587,0.6223855018615723,0.31119664865608637,0.0,0.0008919201745214686,1
3.705,PINN Vanilla,0.14298754976736056,0.42956187267386997,0.0014832080751643378,0.0027155228262621747,-0.0008873492479324341,0.3106088638305664,0.6216053664684296,0.31080657607387185,0.0,0.0008873603620846869,1
3.71,PINN Vanilla,0.14278380441534388,0.43037469950561086,0.0014868105702877219,0.002721188481296724,-0.0008820444345474243,0.3102218508720398,0.6208246052265167,0.3104161905633529,0.0,0.0008820554822562742,1
3.715,PINN Vanilla,0.14258017270891993,0.43118707295676584,0.0014903665352855014,0.002727004490778312,-0.0008771270513534546,0.30983519554138184,0.6200450658798218,0.31002641600809505,0.0,0.0008771380374715096,1
3.72,PINN Vanilla,0.142376645243502,0.4319990305462296,0.0014938622309484905,0.0027327975607920538,-0.0008719265460968018,0.30944812297821045,0.6192641705274582,0.30963596344151084,0.0,0.0008719374670779252,1
3.725,PINN Vanilla,0.142173229529335,0.4328105423124422,0.0014973005256391117,0.0027383276925889988,-0.000866815447807312,0.30906105041503906,0.6184834837913513,0.30924561518436144,0.0,0.0008668263047713365,1
3.73,PINN Vanilla,0.1419699232544269,0.43362161747892297,0.0015006753518759504,0.0027435106589447783,-0.0008611977100372314,0.3086736798286438,0.6177016943693161,0.30885471557734223,0.0,0.0008612084966384388,1
3.735,PINN Vanilla,0.14176674308003606,0.4344321895768285,0.0015040057626821831,0.002748989082839874,-0.0008558183908462524,0.3082868456840515,0.6169210970401764,0.30846441202423636,0.0,0.000855829110070863,1
3.74,PINN Vanilla,0.14156363678497597,0.43524246693867386,0.001507261032171914,0.002754415290678505,-0.0008500516414642334,0.30790024995803833,0.616140827536583,0.3080742723859566,0.0,0.000850062288459639,1
3.745,PINN Vanilla,0.14136067818891296,0.4360521550664255,0.0015104735883384617,0.0027593886048941085,-0.0008444935083389282,0.3075134754180908,0.6153605282306671,0.30768411784632904,0.0,0.0008445040857180718,1
3.75,PINN Vanilla,0.14115779704458123,0.4368615342062923,0.0015136086339690928,0.0027644019390698216,-0.0008391141891479492,0.3071269989013672,0.6145811080932617,0.3072944028964625,0.0,0.000839124699150496,1
3.755,PINN Vanilla,0.14095503431898695,0.4376704409234696,0.00151668377309876,0.002769350451982816,-0.0008329153060913086,0.3067402243614197,0.6138001680374146,0.30690392797785654,0.0,0.0008329257384521261,1
3.7600000000000002,PINN Vanilla,0.14075240438377057,0.4384788178833735,0.0015197137524643049,0.002774026945041988,-0.0008264929056167603,0.3063535690307617,0.6130192428827286,0.30651346050992445,0.0,0.0008265032575362669,1
3.765,PINN Vanilla,0.14054985055783847,0.43928689121098446,0.001522666026360273,0.002778624876273013,-0.0008208006620407104,0.30596667528152466,0.612238809466362,0.30612323891423165,0.0,0.0008208109426642061,1
3.77,PINN Vanilla,0.14034742333211223,0.44009445947655007,0.0015255648701294569,0.0027831375936332725,-0.000814288854598999,0.3055794835090637,0.6114568412303925,0.30573224989912545,0.0,0.0008142990536613512,1
3.775,PINN Vanilla,0.14014511119883816,0.4409015685893923,0.0015284015686274114,0.002787465908434726,-0.0008084625005722046,0.3051924705505371,0.6106761544942856,0.30534190164197605,0.0,0.0008084726266587968,1
3.7800000000000002,PINN Vanilla,0.1399429170666514,0.4417082069457289,0.0015311839706727602,0.002791874508063709,-0.0008015036582946777,0.3048057556152344,0.6098946928977966,0.304951165949783,0.0,0.0008015136972209632,1
3.785,PINN Vanilla,0.13974081447443087,0.44251448011022193,0.0015339021708600951,0.0027959279362333167,-0.0007952600717544556,0.3044189214706421,0.6091138273477554,0.3045607282845466,0.0,0.0007952700324790954,1
3.79,PINN Vanilla,0.13953883174034926,0.44332027510964106,0.0015365502396993136,0.00280007776749773,-0.0007889717817306519,0.304032564163208,0.6083342283964157,0.3041709239265931,0.0,0.0007889816636937298,1
3.795,PINN Vanilla,0.1393369735107646,0.44412557340768855,0.001539150836196287,0.0028040006163132514,-0.000781819224357605,0.3036459684371948,0.6075534075498581,0.30378050861337846,0.0,0.0007818290167340722,1
3.8000000000000003,PINN Vanilla,0.13913521836619,0.44493046045580426,0.0015416870666100145,0.002807638713384554,-0.0007750838994979858,0.3032597303390503,0.6067733615636826,0.30339048073520747,0.0,0.0007750936075137279,1
3.805,PINN Vanilla,0.13893356232403278,0.4457349521422435,0.0015441425286822931,0.0028114895914568908,-0.0007678419351577759,0.3028731346130371,0.6059922128915787,0.30299990150716666,0.0,0.0007678515524670746,1
3.81,PINN Vanilla,0.13873204532954786,0.4465388891084017,0.0015465611300996868,0.0028151836210274506,-0.0007611662149429321,0.3024861812591553,0.6052110344171524,0.302609307377778,0.0,0.0007611757486380609,1
3.815,PINN Vanilla,0.138530607106867,0.4473425118203437,0.0015488911630647832,0.002818595695782612,-0.0007542222738265991,0.30209970474243164,0.6044304221868515,0.30221899637399824,0.0,0.00075423172054806,1
3.8200000000000003,PINN Vanilla,0.1383293056795308,0.448145588797497,0.0015511716260839332,0.0028218342933781226,-0.0007469803094863892,0.3017130494117737,0.6036493927240372,0.3018284767513488,0.0,0.0007469896655014067,1
3.825,PINN Vanilla,0.13812811855409476,0.44894820977577504,0.0015533946907690958,0.0028249867573908877,-0.00073985755443573,0.3013263940811157,0.6028687208890915,0.3014381359448733,0.0,0.0007398668212374144,1
3.83,PINN Vanilla,0.13792703481944832,0.44975041828423673,0.0015555565801429322,0.002828190189067832,-0.0007320046424865723,0.3009396195411682,0.6020871996879578,0.3010473704499846,0.0,0.0007320138109296237,1
3.835,PINN Vanilla,0.13772606238111243,0.45055218278439785,0.0015576426239484813,0.0028313078750309487,-0.0007248818874359131,0.3005529046058655,0.601306289434433,0.3006569104327264,0.0,0.0007248909666656313,1
3.84,PINN Vanilla,0.13752520491590012,0.45135348860788804,0.0015596729320499162,0.0028340571749208426,-0.0007171928882598877,0.3001665472984314,0.6005255281925201,0.30026652492220746,0.0,0.0007172018711839994,1
3.845,PINN Vanilla,0.13732447026221004,0.4521543044840027,0.001561632544463869,0.0028368445023976355,-0.0007095485925674438,0.2997804880142212,0.5997455269098282,0.2998765193960582,0.0,0.0007095574797458653,1
3.85,PINN Vanilla,0.13712385425099857,0.4529546470448291,0.0015635463712138312,0.002839374996603153,-0.0007018744945526123,0.2993946075439453,0.5989662110805511,0.2994868566009091,0.0,0.000701883285612066,1
3.855,PINN Vanilla,0.13692332298548013,0.45375465151905636,0.0015653761489260458,0.0028418523625640887,-0.0006940364837646484,0.29900825023651123,0.5981855392456055,0.29909651579443364,0.0,0.000694045176652108,1
3.86,PINN Vanilla,0.13672294766754955,0.4545540338520543,0.001567164973031755,0.0028443218960904487,-0.0006863176822662354,0.2986219525337219,0.5974051058292389,0.2987062941987408,0.0,0.0006863262784748108,1
3.865,PINN Vanilla,0.13652265671495203,0.4553530796158707,0.0015688707324348,0.002846276805095589,-0.0006781816482543945,0.2982361316680908,0.5966254472732544,0.29831646003809165,0.0,0.0006781901425582003,1
3.87,PINN Vanilla,0.1363224836888614,0.4561516549207145,0.0015705176263518992,0.002848632373456346,-0.0006701052188873291,0.2978493571281433,0.5958438217639923,0.2979256423884855,0.0,0.0006701136120329203,1
3.875,PINN Vanilla,0.13612242885030904,0.4569497587252207,0.001572104591650769,0.0028505957724215616,-0.0006621181964874268,0.29746341705322266,0.5950644165277481,0.2975359348892929,0.0,0.000662126489594636,1
3.88,PINN Vanilla,0.1359224746878202,0.45774746089010687,0.0015736174512568557,0.0028525129569659177,-0.0006538629531860352,0.2970770597457886,0.594283327460289,0.29714538546394775,0.0,0.0006538711428953645,1
3.8850000000000002,PINN Vanilla,0.135722653062136,0.4585446343093313,0.0015750719098018785,0.002854276390508441,-0.0006450861692428589,0.29669058322906494,0.5935020744800568,0.29675475408118956,0.0,0.0006450942490219513,1
3.89,PINN Vanilla,0.13552294652144592,0.45934134860558556,0.0015764699411102675,0.0028559026943576274,-0.0006370991468429565,0.29630452394485474,0.5927223265171051,0.2963648752164969,0.0,0.000637107126583667,1
3.895,PINN Vanilla,0.1353233654995461,0.4601375621540211,0.0015778064052790553,0.0028573138921718644,-0.0006287246942520142,0.29591894149780273,0.5919432640075684,0.2959753390828044,0.0,0.0006287325691017346,1
3.9,PINN Vanilla,0.13512386597163445,0.4609334505882905,0.0015790652667982974,0.00285852756809582,-0.0006200671195983887,0.2955332398414612,0.5911637991666794,0.29558560178091614,0.0,0.0006200748860109824,1
3.9050000000000002,PINN Vanilla,0.13492452199603464,0.4617287184582548,0.0015802758348482388,0.002859944696176113,-0.0006113648414611816,0.2951475977897644,0.5903842896223068,0.2951958421270061,0.0,0.0006113724988767324,1
3.91,PINN Vanilla,0.1347252736623223,0.4625236047720678,0.0015814115828147318,0.0028610387481917687,-0.0006028711795806885,0.2947620153427124,0.5896051079034805,0.29480624638792224,0.0,0.000602878730612139,1
3.915,PINN Vanilla,0.1345261502955053,0.4633179925398053,0.001582488620771887,0.00286221817141534,-0.0005939900875091553,0.2943764328956604,0.5888258963823318,0.29441663574749055,0.0,0.0005939975273038975,1
3.92,PINN Vanilla,0.1343271142399466,0.46411203198581313,0.00158349090214548,0.0028629544499137877,-0.0005852729082107544,0.2939909100532532,0.5880467295646667,0.29402704745908065,0.0,0.0005852802388218147,1
3.9250000000000003,PINN Vanilla,0.13412822587592704,0.46490548222748,0.0015844407829030062,0.002863658565374308,-0.0005766302347183228,0.29360491037368774,0.5872670412063599,0.29363719839708363,0.0,0.0005766374570788952,1
3.93,PINN Vanilla,0.1339294480624142,0.46569849143617503,0.00158532640256919,0.0028643804660212213,-0.0005677640438079834,0.29321998357772827,0.5864891558885574,0.29324825086663053,0.0,0.0005677711551184863,1
3.935,PINN Vanilla,0.1337307850877802,0.46649104250375845,0.001586150681293613,0.0028647462015405703,-0.0005584806203842163,0.29283422231674194,0.5857095420360565,0.2928584390580031,0.0,0.000558487615418764,1
3.94,PINN Vanilla,0.1335322403081425,0.46728312204125083,0.0015869117597662205,0.0028649904544661084,-0.0005495250225067139,0.29244834184646606,0.5849296599626541,0.29246849313724516,0.0,0.0005495319053713594,1
3.9450000000000003,PINN Vanilla,0.13333381052400256,0.46807474281281225,0.0015876086665437682,0.002865588507169739,-0.0005405843257904053,0.2920628786087036,0.5841508656740189,0.29207909111568314,0.0,0.0005405910966717874,1
3.95,PINN Vanilla,0.1331354913649497,0.46886592225386897,0.001588233667733641,0.0028655631305743237,-0.0005309134721755981,0.2916773557662964,0.5833712220191956,0.2916892644057079,0.0,0.0005309201219284171,1
3.955,PINN Vanilla,0.13293729997701473,0.46965659196161436,0.0015887991355527618,0.0028654310219898976,-0.0005220770835876465,0.2912924289703369,0.5825938433408737,0.2913005701981679,0.0,0.0005220836226636735,1
3.96,PINN Vanilla,0.132739213262652,0.470446844081978,0.0015892959511003616,0.002865377601773647,-0.0005120933055877686,0.2909073233604431,0.5818147212266922,0.29091100426177974,0.0,0.000512099719615818,1
3.9650000000000003,PINN Vanilla,0.1325412600546389,0.47123656358875265,0.0015897399633799734,0.0028650877578369344,-0.0005032867193222046,0.2905225157737732,0.581037849187851,0.29052256337715293,0.0,0.0005032930230467397,1
3.97,PINN Vanilla,0.1323434115276561,0.47202586547839215,0.0015901275030193163,0.002864761435913174,-0.0004936158657073975,0.29013770818710327,0.5802598744630814,0.2901335711426563,0.0,0.0004936220483033693,1
3.975,PINN Vanilla,0.132145705218012,0.4728146000026038,0.0015904572814972712,0.00286431212526516,-0.0004843473434448242,0.2897527813911438,0.579482302069664,0.2897447800763554,0.0,0.00048435340995147964,1
3.98,PINN Vanilla,0.13194808730104185,0.47360298189085875,0.0015907057010386345,0.002863628085109149,-0.0004744231700897217,0.28936833143234253,0.5787051469087601,0.28935619762892417,0.0,0.00047442911229495476,1
3.985,PINN Vanilla,0.13175060855853069,0.4743908085530267,0.0015909021619251046,0.002862850974679171,-0.0004649609327316284,0.2889833450317383,0.5779270231723785,0.2889671308876884,0.0,0.00046496675642124105,1
3.99,PINN Vanilla,0.1315532411197881,0.4751781911771407,0.0015910355266302645,0.002862167489241736,-0.0004550814628601074,0.28859859704971313,0.5771493166685104,0.2885782727653222,0.0,0.00045508716280821403,1
3.995,PINN Vanilla,0.13135599510537255,0.4759650893879907,0.0015911010992706105,0.002860927338759721,-0.0004455745220184326,0.28821420669555664,0.576372817158699,0.2881900181475433,0.0,0.00044558010289100247,1
4.0,PINN Vanilla,0.13115885714302072,0.47675155653322,0.0015911092260874405,0.0028596360401825782,-0.00043579936027526855,0.28782927989959717,0.5755952149629593,0.2878012121798946,0.0,0.0004358048187128038,1
4.005,PINN Vanilla,0.13096184149250253,0.4775375357245439,0.0015910591825617768,0.002858392018905302,-0.0004260241985321045,0.28744447231292725,0.57481749355793,0.28741234660685455,0.0,0.0004260295345346051,1
4.01,PINN Vanilla,0.1307649505105582,0.4783230175599237,0.0015909528962471636,0.002856922059120859,-0.0004163086414337158,0.2870604991912842,0.5740418583154678,0.28702452412816276,0.0,0.00041631385574773686,1
4.015,PINN Vanilla,0.13056819303496345,0.47910796678171463,0.0015907800989338396,0.002855385155896041,-0.0004061013460159302,0.28667575120925903,0.5732641816139221,0.2866356809071445,0.0,0.0004061064324823922,1
4.0200000000000005,PINN Vanilla,0.13037153340883562,0.47989252564038126,0.0015905519641592836,0.0028536693614862954,-0.00039640069007873535,0.28629159927368164,0.5724884420633316,0.2862478062737353,0.0,0.0003964056550433566,1
4.025,PINN Vanilla,0.13017499594538062,0.4806765971402084,0.0015902498746728122,0.0028519753861986907,-0.0003863424062728882,0.28590792417526245,0.5717128217220306,0.2858599912457174,0.0,0.00038634724525633807,1
4.03,PINN Vanilla,0.12997857093423215,0.4814602200199755,0.0015898926587811404,0.0028501610064138386,-0.0003763735294342041,0.28552383184432983,0.5709370523691177,0.28547210171096044,0.0,0.00037637824355631533,1
4.035,PINN Vanilla,0.1297822986264248,0.482243233701193,0.0015894844740188749,0.0028480989863687856,-0.0003661811351776123,0.28514009714126587,0.5701617747545242,0.2850844580484427,0.0,0.0003661857216388033,1
4.04,PINN Vanilla,0.12958612612954848,0.4830258491941718,0.001589019363545962,0.002845804407640838,-0.0003562420606613159,0.2847564220428467,0.5693868696689606,0.2846970006527728,0.0,0.00035624652263444576,1
4.045,PINN Vanilla,0.12939006839697068,0.48380800684357167,0.0015884827379256102,0.0028436350784198025,-0.0003460347652435303,0.28437256813049316,0.5686113387346268,0.28430923032879846,0.0,0.000346039099369101,1
4.05,PINN Vanilla,0.12919412039451533,0.4845897267328612,0.001587890696846659,0.002841233551061813,-0.00033596158027648926,0.2839893102645874,0.5678374916315079,0.2839223019309766,0.0,0.0003359657882342499,1
4.055,PINN Vanilla,0.12899833205375108,0.48537080966378465,0.0015872491903358172,0.002838495697565238,-0.000325620174407959,0.2836054563522339,0.5670618265867233,0.283534464550937,0.0,0.00032562425283841166,1
4.0600000000000005,PINN Vanilla,0.1288026453213052,0.4861514872359272,0.0015865509439151012,0.00283574952350394,-0.0003153681755065918,0.28322213888168335,0.5662878006696701,0.28314744674502823,0.0,0.0003153721255295691,1
4.065,PINN Vanilla,0.12860706975838324,0.48693172130557505,0.001585790432465902,0.0028328909006761424,-0.00030496716499328613,0.28283846378326416,0.5655129104852676,0.2827599968000323,0.0,0.0003049709847424004,1
4.07,PINN Vanilla,0.12841162576272083,0.48771143049748855,0.0015849720314250059,0.002829841758582724,-0.0002946704626083374,0.2824555039405823,0.5647395551204681,0.2823733142744497,0.0,0.00029467415339006,1
4.075,PINN Vanilla,0.12821630963513087,0.48849062956929784,0.0015840980432900045,0.002826738917711173,-0.00028412044048309326,0.28207170963287354,0.5639640390872955,0.2819855514011493,0.0,0.00028412399912456504,1
4.08,PINN Vanilla,0.12802108559940192,0.4892694612475205,0.0015831550375735059,0.0028234060286226256,-0.0002738386392593384,0.28168851137161255,0.5631905794143677,0.2815988167208493,0.0,0.0002738420691200573,1
4.085,PINN Vanilla,0.12782600470580854,0.49004772187090745,0.001582179518366221,0.0028202157969057576,-0.00026342272758483887,0.281305730342865,0.5624174624681473,0.2812122534060494,0.0,0.00026342602698505594,1
4.09,PINN Vanilla,0.12763104440124184,0.4908255014133984,0.0015811340651370697,0.00281690017812173,-0.000253140926361084,0.28092288970947266,0.5616448372602463,0.2808259359634887,0.0,0.0002531440969805481,1
4.095,PINN Vanilla,0.1274362144408164,0.49160276095769395,0.0015800387871654131,0.0028130293873927376,-0.00024236738681793213,0.2805402874946594,0.5608718395233154,0.28043943225408013,0.0,0.0002423704224975639,1
4.1,PINN Vanilla,0.12724148866173265,0.49237960487832466,0.0015788896840980185,0.002809123861862488,-0.0002323538064956665,0.28015798330307007,0.5601006746292114,0.28005384497756325,0.0,0.00023235671675404327,1
4.105,PINN Vanilla,0.12704690205710786,0.49315589357286843,0.001577693298665142,0.0028054141740178618,-0.00022116303443908691,0.27977561950683594,0.5593279749155045,0.27966749028163296,0.0,0.00022116580453174567,1
4.11,PINN Vanilla,0.12685242190852658,0.4939317575689947,0.0015764326427568055,0.002801432382386164,-0.0002107173204421997,0.27939343452453613,0.558556854724884,0.27928192535713786,0.0,0.00021071995970107905,1
4.115,PINN Vanilla,0.12665808826565622,0.4947070370915531,0.001575131633847375,0.002797350575944088,-0.00020012259483337402,0.2790113687515259,0.5577854663133621,0.27889622632051225,0.0,0.00020012510139208627,1
4.12,PINN Vanilla,0.12646385066740745,0.4954819334512825,0.0015737670796546017,0.0027930178025185742,-0.00018924474716186523,0.2786291241645813,0.5570138096809387,0.27851039317175613,0.0,0.0001892471174742737,1
4.125,PINN Vanilla,0.12626975099066715,0.4962562795834772,0.0015723616620641923,0.0027885189463640117,-0.0001792311668395996,0.27824723720550537,0.5562435984611511,0.2781252827383699,0.0,0.00017923341173075306,1
4.13,PINN Vanilla,0.1260757638035236,0.4970301769468453,0.001570894786283858,0.002784124953396326,-0.00016851723194122314,0.27786535024642944,0.5554729253053665,0.27773994133409224,0.0,0.0001685193426390993,1
4.135,PINN Vanilla,0.12588190320166975,0.49780356930767494,0.0015693708053587882,0.002779293480688408,-0.0001579076051712036,0.2774832844734192,0.5547019988298416,0.27735447326835805,0.0,0.00015790958298227386,1
4.14,PINN Vanilla,0.12568817843307364,0.4985764197718898,0.0015678196431094615,0.0027747036604151704,-0.00014674663543701172,0.27710145711898804,0.5539309978485107,0.27696896794925424,0.0,0.0001467484734556415,1
4.1450000000000005,PINN Vanilla,0.12549456100056955,0.4993488420267996,0.0015662132857466018,0.0027695221044100674,-0.00013662874698638916,0.2767195701599121,0.553161159157753,0.27658404378271595,0.0,0.00013663045827729255,1
4.15,PINN Vanilla,0.12530106094267754,0.5001207960244798,0.0015645439118225936,0.0027646399415745745,-0.0001258552074432373,0.27633827924728394,0.5523917376995087,0.2761993282350473,0.0,0.0001258567837943083,1
4.155,PINN Vanilla,0.12510769775471053,0.5008922039898388,0.0015628405499253544,0.002759385733388714,-0.00011523067951202393,0.27595657110214233,0.5516219884157181,0.27581444877255246,0.0,0.00011523212278965027,1
4.16,PINN Vanilla,0.12491446975860987,0.5016630726173661,0.0015610838580211875,0.0027541847209216763,-0.000104561448097229,0.27557533979415894,0.5508531481027603,0.2754300238011665,0.0,0.00010456275774149437,1
4.165,PINN Vanilla,0.12472134303521584,0.5024335372250103,0.0015592740522811215,0.0027486003690544297,-9.357929229736328e-05,0.27519428730010986,0.5500843524932861,0.2750456211818023,0.0,9.358046438885344e-05,1
4.17,PINN Vanilla,0.12452835322649508,0.5032034556218135,0.0015574325051449281,0.0027429030207180988,-8.304417133331299e-05,0.274813175201416,0.5493160039186478,0.27466144208265564,0.0,8.304521147119112e-05,1
4.175,PINN Vanilla,0.12433547703353492,0.5039729207570437,0.0015555383627451655,0.0027372260990344358,-7.200241088867188e-05,0.27443283796310425,0.5485488176345825,0.2742778441360744,0.0,7.200331272721971e-05,1
4.18,PINN Vanilla,0.1241427552219745,0.504741769999235,0.0015536153674937704,0.002731460062082372,-6.149709224700928e-05,0.2740524411201477,0.5477820485830307,0.27389445480836283,0.0,6.149786250522264e-05,1
4.1850000000000005,PINN Vanilla,0.12395012019215165,0.5055102730321798,0.001551635785279232,0.002725377153569998,-5.105137825012207e-05,0.27367186546325684,0.5470152199268341,0.27351103567795565,0.0,5.105201767455603e-05,1
4.19,PINN Vanilla,0.12375762632808408,0.50627821289491,0.0015496106111949238,0.002719191383308603,-4.045665264129639e-05,0.2732914686203003,0.5462482422590256,0.27312754204080925,0.0,4.045715936556323e-05,1
4.195,PINN Vanilla,0.1235652569312233,0.507045656205035,0.0015475499570250756,0.002713015768607281,-2.9459595680236816e-05,0.27291131019592285,0.5454820543527603,0.2727444432893804,0.0,2.945996466508969e-05,1
4.2,PINN Vanilla,0.12337301787104572,0.5078125795467179,0.0015454488820687375,0.0027068568389110106,-1.8522143363952637e-05,0.2725311517715454,0.5447155684232712,0.27236119552447324,0.0,1.852237535594663e-05,1
4.205,PINN Vanilla,0.12318090051860064,0.5085790173445116,0.0015433052496248863,0.002700173392506895,-8.195638656616211e-06,0.27215129137039185,0.5439505279064178,0.27197867047493596,0.0,8.195741307940987e-06,1
4.21,PINN Vanilla,0.12298890084654719,0.5093449856651914,0.001541121178041283,0.0026936296736428667,2.682209014892578e-06,0.27177155017852783,0.5431850552558899,0.27159592935585514,0.0,0.0,1
4.215,PINN Vanilla,0.12279702027191271,0.5101104788556323,0.0015388932827927397,0.002686889331697348,1.3515353202819824e-05,0.2713915705680847,0.542419508099556,0.2712131509834047,0.0,0.0,1
4.22,PINN Vanilla,0.12260529959762659,0.5108753341356018,0.0015366437498721612,0.002679863555047488,2.378225326538086e-05,0.27101200819015503,0.5416552424430847,0.2708310133689111,0.0,0.0,1
4.225,PINN Vanilla,0.12241368267957395,0.511639775487844,0.0015343630123681633,0.0026728660205619335,3.5390257835388184e-05,0.2706325650215149,0.5408901125192642,0.2704484436153303,0.0,0.0,1
4.23,PINN Vanilla,0.12222218386702113,0.5124037456670346,0.0015320294251927157,0.002665766780651335,4.538893699645996e-05,0.27025288343429565,0.5401261150836945,0.2700664401129672,0.0,0.0,1
4.235,PINN Vanilla,0.1220308243482559,0.5131671601440857,0.0015296653581831755,0.0026583713030686983,5.599856376647949e-05,0.26987355947494507,0.5393623411655426,0.2696845483707128,0.0,0.0,1
4.24,PINN Vanilla,0.12183959800022859,0.5139300433464457,0.0015272725412178285,0.0026510707807332924,6.666779518127441e-05,0.26949477195739746,0.5385996997356415,0.26930322287967606,0.0,0.0,1
4.245,PINN Vanilla,0.12164846634691781,0.5146925487713216,0.0015248331536351321,0.00264340738620723,7.711350917816162e-05,0.2691155672073364,0.537836566567421,0.2689216515164001,0.0,0.0,1
4.25,PINN Vanilla,0.12145747696315203,0.5154544866224968,0.0015223792982356453,0.0026356407659297344,8.760392665863037e-05,0.2687367796897888,0.5370742380619049,0.26854048248951556,0.0,0.0,1
4.255,PINN Vanilla,0.12126661778182478,0.5162159050407886,0.0015198902903652083,0.0026278582636903823,9.840726852416992e-05,0.2683582901954651,0.5363121777772903,0.26815944757476157,0.0,0.0,1
4.26,PINN Vanilla,0.12107588317211683,0.5169768264899296,0.0015173690039020635,0.0026200052030623845,0.00010886788368225098,0.26798009872436523,0.5355512946844101,0.26777900126324694,0.0,0.0,1
4.265,PINN Vanilla,0.12088529412094896,0.5177371672441697,0.0015148299644746652,0.0026118075023935615,0.00011913478374481201,0.26760196685791016,0.5347906053066254,0.2673986518104932,0.0,0.0,1
4.2700000000000005,PINN Vanilla,0.12069481660474886,0.5184970630380042,0.001512262533676209,0.0026036328186987596,0.0001300722360610962,0.26722395420074463,0.5340297222137451,0.2670182054989786,0.0,0.0,1
4.275,PINN Vanilla,0.12050445981927821,0.5192564771856302,0.0015096575101585053,0.0025954650804708677,0.00014056265354156494,0.26684635877609253,0.5332704782485962,0.2666385787615948,0.0,0.0,1
4.28,PINN Vanilla,0.1203142341759589,0.5200153681514591,0.0015070429286955895,0.0025867129597611296,0.00015114247798919678,0.2664681673049927,0.5325095951557159,0.2662581324500802,0.0,0.0,1
4.285,PINN Vanilla,0.12012413814589305,0.5207737420349149,0.0015044016572054125,0.0025781480566834866,0.00016131997108459473,0.2660907506942749,0.5317510217428207,0.26587884099302256,0.0,0.0,1
4.29,PINN Vanilla,0.11993416835058918,0.5215316123142363,0.001501724730514682,0.002569483395432854,0.0001719743013381958,0.2657133936882019,0.5309919714927673,0.26549931111439967,0.0,0.0,1
4.295,PINN Vanilla,0.11974432875772377,0.5222889631606749,0.0014990378146240236,0.0025608383468931142,0.00018224120140075684,0.26533621549606323,0.5302340239286423,0.26512033258564655,0.0,0.0,1
4.3,PINN Vanilla,0.11955462129147085,0.5230457868978826,0.0014963334731397506,0.0025516170261014465,0.0001928955316543579,0.2649589776992798,0.5294753313064575,0.26474098152319764,0.0,0.0,1
4.305,PINN Vanilla,0.11936505601272449,0.5238020433886754,0.0014936212336711032,0.002542654059458905,0.00020296871662139893,0.26458191871643066,0.5287178158760071,0.2643622190639881,0.0,0.0,1
4.3100000000000005,PINN Vanilla,0.11917558102845191,0.5245579396564236,0.001490879454563444,0.0025333763537865074,0.0002130568027496338,0.2642049193382263,0.5279606431722641,0.26398362797027863,0.0,0.0,1
4.315,PINN Vanilla,0.11898625549581554,0.5253132396980553,0.0014881235994018787,0.002523813267041791,0.00022345781326293945,0.2638280391693115,0.527203157544136,0.2636048804124169,0.0,0.0,1
4.32,PINN Vanilla,0.1187970501494718,0.5260680602654686,0.0014853521083389263,0.0025143220424718032,0.00022242963314056396,0.26345139741897583,0.5264465808868408,0.2632265873456641,0.0,0.0,1
4.325,PINN Vanilla,0.1186079987445035,0.5268222666952866,0.0014825731234595645,0.0025048866454658175,0.00021551549434661865,0.26307499408721924,0.5256905257701874,0.2628485550524984,0.0,0.0,1
4.33,PINN Vanilla,0.11841905177445024,0.5275760564898282,0.001479782321145041,0.0024950451169815993,0.00020810961723327637,0.2626990079879761,0.5249358266592026,0.26247120077065905,0.0,0.0,1
4.335,PINN Vanilla,0.11823025166809381,0.5283292603826437,0.0014769788414350175,0.002485116703020901,0.0002009570598602295,0.2623228430747986,0.5241802930831909,0.26209342925108037,0.0,0.0,1
4.34,PINN Vanilla,0.11804154219182285,0.529082102713517,0.0014741707850905532,0.0024751848817333444,0.00019368529319763184,0.2619466185569763,0.5234249979257584,0.2617157769422844,0.0,0.0,1
4.345,PINN Vanilla,0.11785300071533018,0.5298342748218492,0.0014713620830417923,0.0024649315820516396,0.0001862943172454834,0.26157116889953613,0.5226713120937347,0.26133892930627134,0.0,0.0,1
4.3500000000000005,PINN Vanilla,0.11766457616596729,0.5305859804581491,0.001468541597497015,0.0024546847742914317,0.00017854571342468262,0.2611958980560303,0.521918848156929,0.2609626926255194,0.0,0.0,1
4.355,PINN Vanilla,0.11747627622551389,0.5313371889765315,0.0014657135874974925,0.002444360542486,0.00017115473747253418,0.2608204483985901,0.5211653411388397,0.26058593439759337,0.0,0.0,1
4.36,PINN Vanilla,0.11728811343093296,0.5320878503617208,0.0014628981170075948,0.002433716904136629,0.00016364455223083496,0.2604455351829529,0.5204131901264191,0.26020985418099374,0.0,0.0,1
4.365,PINN Vanilla,0.11710008850565425,0.5328379617276483,0.0014600824566039568,0.0024230638696593754,0.00015541911125183105,0.2600706219673157,0.5196615159511566,0.2598340123859594,0.0,0.0,1
4.37,PINN Vanilla,0.11691218846523248,0.5335875748747865,0.001457260114266061,0.0024124511456740452,0.00014778971672058105,0.25969594717025757,0.5189099162817001,0.25945820784429463,0.0,0.0,1
4.375,PINN Vanilla,0.11672440749985558,0.5343367129809459,0.0014544444016852177,0.0024013227796527946,0.0001398026943206787,0.25932157039642334,0.518159419298172,0.25908295465249964,0.0,0.0,1
4.38,PINN Vanilla,0.11653674894326681,0.5350853627464072,0.0014516395842685125,0.002390344024194163,0.00013181567192077637,0.25894731283187866,0.5174091458320618,0.25870781322081343,0.0,0.0,1
4.385,PINN Vanilla,0.11634924502910914,0.5358333955774645,0.0014488316624656646,0.0023791085816055046,0.00012359023094177246,0.25857287645339966,0.5166587680578232,0.25833261963440984,0.0,0.0,1
4.39,PINN Vanilla,0.11616187162316954,0.5365809077557542,0.0014460410798826575,0.0023677892648621933,0.00011524558067321777,0.25819897651672363,0.5159100145101547,0.2579582381714631,0.0,0.0,1
4.3950000000000005,PINN Vanilla,0.11597461546505537,0.5373279521826201,0.0014432646940503993,0.002356465131734483,0.00010690093040466309,0.25782477855682373,0.515160083770752,0.25758326810527693,0.0,0.0,1
4.4,PINN Vanilla,0.11578748896494284,0.5380744793485934,0.0014404871795948514,0.002344817330384833,9.842216968536377e-05,0.2574511766433716,0.5144120156764984,0.25720922937333035,0.0,0.0,1
4.405,PINN Vanilla,0.1156004947853518,0.5388204786317503,0.0014377377465863296,0.0023332454905762683,8.99583101272583e-05,0.25707781314849854,0.5136642158031464,0.2568353247535143,0.0,0.0,1
4.41,PINN Vanilla,0.11541364826000966,0.5395658888593328,0.0014350019931526322,0.0023214450038357426,8.149445056915283e-05,0.2567041516304016,0.5129158198833466,0.2564611221067415,0.0,0.0,1
4.415,PINN Vanilla,0.11522690605025393,0.5403108829276912,0.0014322856743493018,0.0023093930829164652,7.267296314239502e-05,0.2563313841819763,0.5121702402830124,0.2560883276373389,0.0,0.0,1
4.42,PINN Vanilla,0.11504031807273715,0.5410552616980766,0.00142958670843854,0.0022974874154955693,6.397068500518799e-05,0.2559579610824585,0.5114224553108215,0.25571443046819675,0.0,0.0,1
4.425,PINN Vanilla,0.1148538467836929,0.5417991749485349,0.0014269235388734965,0.002285186911059601,5.5029988288879395e-05,0.255585253238678,0.5106769055128098,0.255341650900142,0.0,0.0,1
4.43,PINN Vanilla,0.11466753134528199,0.5425424664445566,0.0014242721932690393,0.002272923347160595,4.597008228302002e-05,0.2552124857902527,0.5099312216043472,0.25496880427602203,0.0,0.0,1
4.4350000000000005,PINN Vanilla,0.11448133280416867,0.5432852915875592,0.0014216561888423928,0.0022604075437960038,3.6910176277160645e-05,0.25484007596969604,0.5091864615678787,0.25459641959368484,0.0,0.0,1
4.44,PINN Vanilla,0.11429526125107918,0.5440276101213457,0.0014190657411996246,0.002247809608021914,2.7731060981750488e-05,0.2544677257537842,0.5084417164325714,0.2542240423620216,0.0,0.0,1
4.445,PINN Vanilla,0.11410932206325941,0.5447694005937962,0.0014165089333127005,0.0022351600746100472,1.8551945686340332e-05,0.25409555435180664,0.5076977163553238,0.2538520376640542,0.0,0.0,1
4.45,PINN Vanilla,0.11392352064778737,0.5455106414337774,0.0014140004434524353,0.002222420104234249,9.134411811828613e-06,0.25372397899627686,0.5069551318883896,0.25348074078010874,0.0,0.0,1
4.455,PINN Vanilla,0.11373785698974694,0.5462513327007963,0.0014115028661792707,0.0022093514253490112,-4.470348358154297e-08,0.2533520460128784,0.5062116086483002,0.2531089745037066,0.0,4.4704043497859925e-08,1
4.46,PINN Vanilla,0.11355230924454297,0.5469915615422299,0.0014090498357932602,0.0021964161208809195,-1.0073184967041016e-05,0.25298118591308594,0.5054712444543839,0.2527387877701748,0.0,1.0073311134851103e-05,1
4.465,PINN Vanilla,0.11336691216663557,0.5477311893077612,0.0014066412290566126,0.0021833038998798175,-1.9490718841552734e-05,0.25260961055755615,0.5047284662723541,0.2523673940274685,0.0,1.9490962965066927e-05,1
4.47,PINN Vanilla,0.11318165073553484,0.5484702759205105,0.0014042832656851138,0.002169924698973539,-2.9265880584716797e-05,0.2522391080856323,0.5039887875318527,0.2519975500249368,0.0,2.926624714326563e-05,1
4.4750000000000005,PINN Vanilla,0.11299650530676703,0.549208899750635,0.00140196411323118,0.002156402013241479,-3.904104232788086e-05,0.25186794996261597,0.5032479166984558,0.25162710996849175,0.0,3.904153132146433e-05,1
4.48,PINN Vanilla,0.11281149116931138,0.5499469998038967,0.0013996909126128465,0.002142686759053415,-4.9173831939697266e-05,0.25149744749069214,0.5025082379579544,0.25125726596596004,0.0,4.917444784764592e-05,1
4.485,PINN Vanilla,0.11262662614042218,0.5506845049996933,0.0013974742807387349,0.0021292394497309033,-5.894899368286133e-05,0.25112730264663696,0.5017693191766739,0.2508878019477981,0.0,5.894973202584462e-05,1
4.49,PINN Vanilla,0.1124418895837065,0.5514214976653696,0.0013952915498066255,0.0021152772170032544,-6.908178329467773e-05,0.2507569193840027,0.5010306090116501,0.2505184422390709,0.0,6.90826485520262e-05,1
4.495,PINN Vanilla,0.1122572900982829,0.5521579434953858,0.0013931795578987524,0.002101444954849041,-7.933378219604492e-05,0.2503873109817505,0.5002933740615845,0.2501498201470615,0.0,7.933477586086874e-05,1
4.5,PINN Vanilla,0.1120728242683697,0.5528938561167472,0.0013911269073958623,0.0020872961773661623,-8.982419967651367e-05,0.25001704692840576,0.49955543875694275,0.24978084787337798,0.0,8.98253247350332e-05,1
4.505,PINN Vanilla,0.11188847633513124,0.5536292983981492,0.001389127570905611,0.002073090212139545,-0.00010031461715698242,0.2496478110551834,0.4988192617893219,0.2494127547792166,0.0,0.00010031587360919767,1
4.51,PINN Vanilla,0.11170426278083295,0.5543642045848276,0.0013872052701488593,0.002058799599207451,-0.00011105835437774658,0.24927817285060883,0.49808263778686523,0.24904443816483773,0.0,0.00011105974539651667,1
4.515,PINN Vanilla,0.11152021762158897,0.5550984389720409,0.0013853207835639646,0.0020444265972765947,-0.00012154877185821533,0.248909130692482,0.49734677374362946,0.2486765015348286,0.0,0.00012155029427068113,1
4.5200000000000005,PINN Vanilla,0.11133628475803274,0.5558322253640131,0.0013835205407798782,0.002029926595110039,-0.0001319199800491333,0.2485402375459671,0.4966118484735489,0.2483090342972762,0.0,0.00013192163236218463,1
4.525,PINN Vanilla,0.11115247913607368,0.5565655041351575,0.001381796991887367,0.0020152300980430526,-0.00014300644397735596,0.24817122519016266,0.4958769679069519,0.24794158941174552,0.0,0.0001430082351496539,1
4.53,PINN Vanilla,0.11096881739459596,0.5572982089058908,0.001380128801503082,0.0020004073885545696,-0.00015397369861602783,0.24780313670635223,0.49514423310756683,0.2475752174232588,0.0,0.0001539756271544622,1
4.535,PINN Vanilla,0.1107853172315253,0.5580302690716631,0.0013785439940463152,0.0019855910403032626,-0.0001649409532546997,0.24743469059467316,0.4944106489419937,0.24720842074635888,0.0,0.0001649430191592705,1
4.54,PINN Vanilla,0.1106019068483237,0.5587619710673676,0.001377039511685164,0.001970502990284728,-0.0001757889986038208,0.24706627428531647,0.4936772435903549,0.2468417134775459,0.0,0.00017579120038141785,1
4.545,PINN Vanilla,0.11041864322440641,0.5594930875778922,0.0013756255992976435,0.0019554163277733586,-0.00018711388111114502,0.24669821560382843,0.4929451197385788,0.24647564696668978,0.0,0.00018711622473420903,1
4.55,PINN Vanilla,0.11023553014099897,0.5602236035183207,0.00137427747345823,0.0019399870459509416,-0.00019855797290802002,0.24633048474788666,0.4922136664390564,0.24610991573615987,0.0,0.00019856045986966117,1
4.555,PINN Vanilla,0.11005255214504531,0.5609535805374634,0.0013730258728685849,0.0019245257718538966,-0.0002101212739944458,0.24596287310123444,0.4914827346801758,0.24574444527921704,0.0,0.00021012390578777426,1
4.5600000000000005,PINN Vanilla,0.10986969988416503,0.5616830559459419,0.0013718487002901281,0.0019090512808719595,-0.00022134184837341309,0.24559544026851654,0.4907520264387131,0.24537908658238294,0.0,0.0002213446207057371,1
4.565,PINN Vanilla,0.10968699001961642,0.5624119632749136,0.0013707811498076918,0.0018932543906779523,-0.00023278594017028809,0.24522851407527924,0.4900229424238205,0.24501454000900572,0.0,0.00023278885584118925,1
4.57,PINN Vanilla,0.10950439925248678,0.5631403954736464,0.0013698026347082441,0.001915068113775481,-0.000244826078414917,0.24486170709133148,0.4892941117286682,0.2446501200970851,0.0,0.0002448291448899462,1
4.575,PINN Vanilla,0.10932197633597467,0.5638681580449041,0.001368910705857659,0.0019376871091373038,-0.00025662779808044434,0.2444947212934494,0.48856522142887115,0.2442856703824688,0.0,0.0002566310123733812,1
4.58,PINN Vanilla,0.10913966072572244,0.5645954925258698,0.0013681224768489063,0.0019605635736202054,-0.00026854872703552246,0.24412821233272552,0.4878372848033905,0.24392169751098314,0.0,0.0002685520906394772,1
4.585,PINN Vanilla,0.10895749771439873,0.5653222182248322,0.0013674413527244844,0.0019836003954296633,-0.00028070807456970215,0.2437625378370285,0.48711147904396057,0.2435587900858675,0.0,0.0002807115904708951,1
4.59,PINN Vanilla,0.10877545964013827,0.566048445496732,0.001366859312756567,0.002006629336340049,-0.0002926290035247803,0.24339617788791656,0.4863840937614441,0.24319509288931673,0.0,0.00029263266873699105,1
4.595,PINN Vanilla,0.10859356757190014,0.5667740902885341,0.001366379518512216,0.0020295692962772893,-0.00030478835105895996,0.24303047358989716,0.48565836250782013,0.2428322227175707,0.0,0.000304792168568409,1
4.6000000000000005,PINN Vanilla,0.10841182418712028,0.5674991419188083,0.0013660118563824154,0.0020527794008251277,-0.000317305326461792,0.24266554415225983,0.48493465781211853,0.24247036583747728,0.0,0.00031730930074780973,1
4.605,PINN Vanilla,0.10823019931803236,0.5682237207396004,0.0013657623959290924,0.002076182440347407,-0.0003295987844467163,0.24230016767978668,0.4842100441455841,0.24210805446627495,0.0,0.00032960291270972124,1
4.61,PINN Vanilla,0.10804871554757739,0.5689477366579572,0.0013656224953828414,0.0020994722031976998,-0.00034211575984954834,0.24193556606769562,0.483487144112587,0.241746599922573,0.0,0.000342120044889122,1
4.615,PINN Vanilla,0.10786737885710235,0.5696711658117429,0.0013656051161979102,0.0021230673123249777,-0.00035487115383148193,0.24157045781612396,0.48276345431804657,0.2413847504931535,0.0,0.0003548755986338447,1
4.62,PINN Vanilla,0.10768617860398613,0.5703940506588978,0.0013656916081902833,0.0021465190972709824,-0.00036738812923431396,0.24120600521564484,0.48204122483730316,0.24102363122977777,0.0,0.0003673927308132455,1
4.625,PINN Vanilla,0.107505096896394,0.5711164625775575,0.0013659306842441485,0.002170254010904371,-0.0003806203603744507,0.2408415526151657,0.48131972551345825,0.24066287704942396,0.0,0.000380625127688612,1
4.63,PINN Vanilla,0.10732416924204793,0.5718382599123226,0.0013662710810363008,0.002193713933758251,-0.0003933757543563843,0.24047784507274628,0.4805995374917984,0.24030277852837478,0.0,0.0003933806814333347,1
4.635,PINN Vanilla,0.10714336640543645,0.572559559296078,0.0013667558856265266,0.002217564238813946,-0.00040613114833831787,0.24011366069316864,0.47987794876098633,0.23994197964397748,0.0,0.0004061362351780574,1
4.64,PINN Vanilla,0.10696273223236874,0.57328018580925,0.0013673496799973131,0.002241527082197464,-0.00041948258876800537,0.23975010216236115,0.4791586995124817,0.23958235051538504,0.0,0.0004194878428360849,1
4.6450000000000005,PINN Vanilla,0.10678220221826862,0.574000396788017,0.00136808822186255,0.0022655081302619673,-0.0004323720932006836,0.23938654363155365,0.4784391224384308,0.2392225574719664,0.0,0.0004323775087113012,1
4.65,PINN Vanilla,0.10660183200010427,0.5747199702728587,0.0013689512297349496,0.0022896575719817958,-0.0004458427429199219,0.23902328312397003,0.47772085666656494,0.23886342008785244,0.0,0.0004458483271519896,1
4.655,PINN Vanilla,0.10642159070905383,0.5754390294126295,0.001369962293913089,0.0023138580103108652,-0.00045943260192871094,0.23866041004657745,0.4770032614469528,0.2385046179840647,0.0,0.00045943835637533907,1
4.66,PINN Vanilla,0.10624150065956887,0.576157485185495,0.0013711128458712965,0.002337842061523293,-0.00047278404235839844,0.23829717934131622,0.4762854129076004,0.23814568921882037,0.0,0.0004727899640333666,1
4.665,PINN Vanilla,0.10606154959809196,0.5768753864761058,0.0013724003870927406,0.002362438252105664,-0.0004863739013671875,0.23793481290340424,0.47556905448436737,0.2377875055209677,0.0,0.00048637999325671597,1
4.67,PINN Vanilla,0.10588172154950426,0.5775927970160022,0.0013738348683371188,0.002386679634768768,-0.0005002021789550781,0.23757262527942657,0.47485385835170746,0.23742990297568048,0.0,0.0005002084440453873,1
4.675,PINN Vanilla,0.10570203428631192,0.5783096459031015,0.00137541084132489,0.002411365769449919,-0.0005141496658325195,0.23721067607402802,0.47413912415504456,0.23707253140128468,0.0,0.0005141561056167196,1
4.68,PINN Vanilla,0.10552250802725763,0.5790258524762432,0.0013771336185528515,0.0024358422949158354,-0.0005279779434204102,0.23684905469417572,0.47342507541179657,0.236715502557889,0.0,0.000527984556405391,1
4.6850000000000005,PINN Vanilla,0.10534311108313524,0.579741543157143,0.001379012760606478,0.0024606012571523617,-0.0005420595407485962,0.23648713529109955,0.4727109223604202,0.23635842155977593,0.0,0.0005420663301072169,1
4.69,PINN Vanilla,0.10516384123890726,0.5804567267825275,0.0013810392265080373,0.002485046316163836,-0.0005563646554946899,0.23612575232982635,0.47199805080890656,0.23600198131961966,0.0,0.000556371624026532,1
4.695,PINN Vanilla,0.10498472243487775,0.5811713078443452,0.001383222689680498,0.0025100916980754506,-0.0005701929330825806,0.23576469719409943,0.4712853878736496,0.23564564538889823,0.0,0.0005702000748152034,1
4.7,PINN Vanilla,0.10480574952500003,0.5818853068723645,0.0013855557302071772,0.00253505320914027,-0.0005847364664077759,0.23540358245372772,0.47057344019412994,0.23528966709052476,0.0,0.0005847437902998404,1
4.705,PINN Vanilla,0.10462690283496817,0.5825988023557562,0.0013880650357791136,0.0025599030009430257,-0.0005991607904434204,0.23504306375980377,0.4698627144098282,0.23493429974741245,0.0,0.0005991682950018166,1
4.71,PINN Vanilla,0.10444819895891813,0.5833117280934569,0.0013907103522038781,0.002584871895077806,-0.0006138235330581665,0.23468275368213654,0.46915286779403687,0.2345793719940612,0.0,0.0006138312212691146,1
4.715,PINN Vanilla,0.10426964280423937,0.5840240645078036,0.0013935342738612341,0.002609940941907918,-0.0006284862756729126,0.23432226479053497,0.4684431254863739,0.23422449639542736,0.0,0.0006284941475364127,1
4.72,PINN Vanilla,0.10409124734791907,0.5847357598280774,0.00139649638790564,0.0026351411733717967,-0.0006431639194488525,0.23396234214305878,0.46773381531238556,0.23386983686633708,0.0,0.0006431719751515434,1
4.7250000000000005,PINN Vanilla,0.10391296302383249,0.5854470117946229,0.0013996508526991698,0.0026605139175087944,-0.0006579458713531494,0.23360289633274078,0.46702636778354645,0.23351610867148634,0.0,0.0006579541122015024,1
4.73,PINN Vanilla,0.10373483093323055,0.5861576564370758,0.0014029763326936023,0.002685910263286212,-0.0006729662418365479,0.23324327170848846,0.4663188010454178,0.23316232087124428,0.0,0.0006729746708167833,1
4.735,PINN Vanilla,0.1035568301115666,0.5868677773919261,0.0014064554412343002,0.002711202394991674,-0.0006878674030303955,0.23288412392139435,0.4656120240688324,0.23280892795671979,0.0,0.0006878760186494032,1
4.74,PINN Vanilla,0.10337898780305584,0.5875772659704164,0.0014100997420536479,0.0027370503552942294,-0.0007032454013824463,0.23252539336681366,0.46490688621997833,0.23245635461632608,0.0,0.0007032542096126671,1
4.745,PINN Vanilla,0.10320128459442365,0.5882861996203523,0.0014139217239570682,0.0027622025739376665,-0.0007182657718658447,0.23216666281223297,0.46420104801654816,0.2321034310942583,0.0,0.000718274768227948,1
4.75,PINN Vanilla,0.10302371597355668,0.5889945963424728,0.0014179031886909985,0.002788090745191457,-0.0007338821887969971,0.2318085879087448,0.46349774301052094,0.2317517741867563,0.0,0.0007338913807565338,1
4.755,PINN Vanilla,0.10284627765208275,0.5897024732449175,0.0014220859223254218,0.0028136431598483336,-0.0007493942975997925,0.2314501851797104,0.4627937376499176,0.23139976709758026,0.0,0.0007494036838502911,1
4.76,PINN Vanilla,0.10266900627134559,0.5904096841497882,0.0014264081522359026,0.002839247522016225,-0.000764891505241394,0.23109261691570282,0.462091401219368,0.23104859448388282,0.0,0.0007649010855962159,1
4.765,PINN Vanilla,0.10249188132919708,0.5911163108488704,0.001430911956482348,0.0028650566774230113,-0.000780746340751648,0.2307349592447281,0.46138955652713776,0.23069766774242462,0.0,0.0007807561196901236,1
4.7700000000000005,PINN Vanilla,0.10231487082319338,0.5918224810135182,0.0014356105011696604,0.002891227145771752,-0.000796005129814148,0.23037748038768768,0.4606872946023941,0.23034653238209674,0.0,0.0007960150998707264,1
4.775,PINN Vanilla,0.10213800938100787,0.5925280564992206,0.001440492691192132,0.0029176160684302177,-0.000812336802482605,0.2300204187631607,0.4599872827529907,0.22999652207353025,0.0,0.0008123469770952779,1
4.78,PINN Vanilla,0.1019612995756639,0.5932330270410935,0.001445529505145216,0.002943235369110647,-0.0008284300565719604,0.22966350615024567,0.4592874199151993,0.22964658627170292,0.0,0.0008284404327545075,1
4.785,PINN Vanilla,0.10178474942455301,0.5939373606543535,0.0014507356037085596,0.0029695586919203376,-0.0008444041013717651,0.22930686175823212,0.4585880786180496,0.22929691124346266,0.0,0.0008444146776310761,1
4.79,PINN Vanilla,0.10160831346347168,0.5946412387150376,0.0014561495951379807,0.002995919304686623,-0.0008603930473327637,0.22895069420337677,0.4578899145126343,0.2289478248184618,0.0,0.0008604038238554774,1
4.795,PINN Vanilla,0.10143203539652629,0.5953444868688845,0.0014617408979087703,0.0030218952204527916,-0.0008768439292907715,0.2285946160554886,0.45719221234321594,0.2285989693643523,0.0,0.0008768549118626898,1
4.8,PINN Vanilla,0.10125588702487279,0.5960472176130721,0.0014675022215308484,0.003048457551927536,-0.0008930563926696777,0.22823868691921234,0.45649483799934387,0.22825027782506901,0.0,0.0008930675783045803,1
4.805,PINN Vanilla,0.10107990244666377,0.5967492949155727,0.0014734342895592115,0.0030746127091781095,-0.0009098649024963379,0.22788287699222565,0.4557986259460449,0.22790216743835118,0.0,0.0009098762986597756,1
4.8100000000000005,PINN Vanilla,0.1009040507781613,0.5974508419847472,0.0014795630968907733,0.0031012225066528176,-0.0009263157844543457,0.22752781212329865,0.4551040679216385,0.22755488407643806,0.0,0.0009263273866669882,1
4.815,PINN Vanilla,0.10072835152959442,0.598151780985997,0.0014858637360752578,0.0031279900049833165,-0.0009431242942810059,0.22717256844043732,0.4544087201356888,0.22720720582880738,0.0,0.0009431361070221835,1
4.82,PINN Vanilla,0.1005527802535125,0.5988522094505967,0.0014923534275554473,0.0031543798383024957,-0.0009598284959793091,0.22681768238544464,0.4537145495414734,0.22686011618441607,0.0,0.0009598405179425504,1
4.825,PINN Vanilla,0.10037737963972865,0.5995519570707322,0.0014990168299698439,0.0031813467489853475,-0.00097675621509552,0.22646282613277435,0.453020840883255,0.22651325751091617,0.0,0.0009767684490804068,1
4.83,PINN Vanilla,0.10020211039929539,0.6002511805867187,0.0015058673913989538,0.003207938122936349,-0.0009939223527908325,0.22610871493816376,0.45232923328876495,0.22616744938243846,0.0,0.000993934801783585,1
4.835,PINN Vanilla,0.10002697352413181,0.6009498760413691,0.0015129036266030601,0.003234861448127402,-0.0010107308626174927,0.2257545441389084,0.4516368508338928,0.22582125381891713,0.0,0.0010107435221387803,1
4.84,PINN Vanilla,0.099851992380273,0.6016479502176356,0.0015201238060749194,0.003261800145856114,-0.0010281354188919067,0.22540058195590973,0.4509458839893341,0.22547576606941783,0.0,0.0010281482964072804,1
4.845,PINN Vanilla,0.09967716030023238,0.6023454297149565,0.0015275192316809168,0.003288688160739822,-0.00104542076587677,0.22504718601703644,0.4502563625574112,0.22513100103528844,0.0,0.0010454338598931195,1
4.8500000000000005,PINN Vanilla,0.09950246837165382,0.6030423500885098,0.0015351055833714828,0.003316026510304937,-0.0010630637407302856,0.22469379007816315,0.449566513299942,0.22478607208633286,0.0,0.0010630770557269417,1
4.855,PINN Vanilla,0.09932791062810636,0.6037387351409251,0.0015428667344059837,0.0033432557261094953,-0.0010806024074554443,0.22434066236019135,0.4488777369260788,0.22444167958589925,0.0,0.0010806159421259353,1
4.86,PINN Vanilla,0.09915351677495797,0.6044344663648604,0.0015508104025406214,0.003370327645584814,-0.00109824538230896,0.22398792207241058,0.44819019734859467,0.2240979054914007,0.0,0.0010982591379597574,1
4.865,PINN Vanilla,0.09897928007014163,0.6051295706572876,0.0015589182836271234,0.0033974789875444167,-0.0011160075664520264,0.22363515198230743,0.44750240445137024,0.2237540047354456,0.0,0.0011160215445762405,1
4.87,PINN Vanilla,0.09880516801898305,0.6058241776532771,0.0015672349179666973,0.0034247414591353775,-0.0011340081691741943,0.22328312695026398,0.4468171149492264,0.22341135569270842,0.0,0.0011340223727580453,1
4.875,PINN Vanilla,0.09863119599249986,0.6065182260313048,0.0015757219548113305,0.00345223526393168,-0.0011517703533172607,0.22293125092983246,0.4461311548948288,0.223068371369645,0.0,0.0011517847793745283,1
4.88,PINN Vanilla,0.09845738567121036,0.6072116292985658,0.0015843840113660928,0.003479603760881772,-0.0011698901653289795,0.2225797027349472,0.44544701278209686,0.22272629602879937,0.0,0.0011699048183389943,1
4.885,PINN Vanilla,0.09828370437398926,0.6079045178339633,0.0015932388320193441,0.0035070120824464146,-0.0011879056692123413,0.2222277671098709,0.4447619467973709,0.22238375874617095,0.0,0.0011879205478686318,1
4.89,PINN Vanilla,0.09811020077199668,0.6085966974675469,0.0016022466883825063,0.0035350253887500294,-0.0012062638998031616,0.2218763381242752,0.4440782219171524,0.22204189202419497,0.0,0.0012062790083984195,1
4.8950000000000005,PINN Vanilla,0.09793682597778938,0.6092883632321122,0.0016114497819586595,0.003562530514162804,-0.0012245029211044312,0.22152547538280487,0.44339579343795776,0.22170067351084974,0.0,0.0012245182581455463,1
4.9,PINN Vanilla,0.09776359167065587,0.609979468534012,0.001620832312618391,0.003590303278858814,-0.0012429803609848022,0.2211751490831375,0.4427148997783661,0.22136022241691786,0.0,0.0012429959294579952,1
4.905,PINN Vanilla,0.0975904944273564,0.610670027030005,0.001630403932493769,0.003618106216748407,-0.0012615770101547241,0.2208244353532791,0.4420332908630371,0.22101941369063802,0.0,0.0012615928115531048,1
4.91,PINN Vanilla,0.09741758017449288,0.6113598554993503,0.0016401184509695092,0.0036459700753816993,-0.0012805312871932983,0.22047404944896698,0.4413530230522156,0.22067927552501063,0.0,0.0012805473259961974,1
4.915,PINN Vanilla,0.09724479862996885,0.6120491545387083,0.001650011848037731,0.0036737765834715386,-0.001299142837524414,0.2201245278120041,0.44067445397377014,0.2203399867362097,0.0,0.0012991591094391399,1
4.92,PINN Vanilla,0.0970721461840936,0.61273793854867,0.0016601075761805025,0.003701824695059225,-0.0013180971145629883,0.21977479755878448,0.43999573588371277,0.22000062344066962,0.0,0.0013181136238822324,1
4.925,PINN Vanilla,0.09689966275974796,0.6134260482598903,0.0016703616240029426,0.0037299045069771053,-0.0013370513916015625,0.21942563354969025,0.4393180161714554,0.21966175934028193,0.0,0.001337068138325325,1
4.93,PINN Vanilla,0.09672733067392228,0.6141135542174129,0.0016807693403489599,0.003757755346619207,-0.001356363296508789,0.21907640993595123,0.4386414587497711,0.2193234763924597,0.0,0.0013563802851164007,1
4.9350000000000005,PINN Vanilla,0.0965551266053298,0.6148005494597655,0.0016913835917940865,0.0037863251660508745,-0.0013751983642578125,0.2187274545431137,0.43796420097351074,0.2189848432629634,0.0,0.0013752155887768321,1
4.94,PINN Vanilla,0.09638307483734429,0.6154869371102462,0.0017021499157182458,0.0038147528109533924,-0.0013946443796157837,0.2183791548013687,0.4372895807027817,0.2186475289027503,0.0,0.0013946618476984012,1
4.945,PINN Vanilla,0.09621117707785662,0.616172710355352,0.001713094126904465,0.003842723553465599,-0.001414075493812561,0.2180309146642685,0.43661510944366455,0.21831028904927635,0.0,0.0014140932052721378,1
4.95,PINN Vanilla,0.09603944402169418,0.6168578265288698,0.0017241767639789806,0.003871234923588568,-0.0014336258172988892,0.21768303215503693,0.43594153225421906,0.2179734962362374,0.0,0.0014336437736285352,1
4.955,PINN Vanilla,0.09586783576835026,0.6175424448108845,0.00173545933642818,0.003899757862377229,-0.001453295350074768,0.21733565628528595,0.43526920676231384,0.21763732927980742,0.0,0.0014533135527675935,1
4.96,PINN Vanilla,0.0956963904507764,0.6182264130728401,0.00174689656091357,0.00392797429558478,-0.0014728456735610962,0.21698813140392303,0.43459686636924744,0.21730115487270352,0.0,0.001472864121123991,1
4.965,PINN Vanilla,0.09552507745372402,0.6189098534519791,0.0017585170596691052,0.0039569352827645565,-0.0014926344156265259,0.2166408747434616,0.43392494320869446,0.21696518908446927,0.0,0.0014926531110457102,1
4.97,PINN Vanilla,0.09535394428489923,0.6195925764198643,0.0017702703323731147,0.003985460462017226,-0.0015127956867218018,0.21629397571086884,0.4332548975944519,0.21663016208114846,0.0,0.001512814634663245,1
4.9750000000000005,PINN Vanilla,0.09518293016128712,0.620274824465784,0.001782211934442236,0.004013946983608907,-0.0015324652194976807,0.21594752371311188,0.43258509039878845,0.21629525428861032,0.0,0.0015324844138023034,1
4.98,PINN Vanilla,0.09501208723695191,0.6209563895250023,0.0017942931819352396,0.0040429854339289195,-0.0015530884265899658,0.21560128033161163,0.431917205452919,0.2159613076330074,0.0,0.0015531078792026495,1
4.985,PINN Vanilla,0.09484136965241398,0.6216374545504812,0.0018065681701618052,0.004071831597541514,-0.001573115587234497,0.21525512635707855,0.43124836683273315,0.21562688413427383,0.0,0.0015731352906896907,1
4.99,PINN Vanilla,0.09467083567732926,0.6223177870797894,0.0018189677302453367,0.004100784333601282,-0.0015933811664581299,0.21490977704524994,0.43058207631111145,0.21529373470077995,0.0,0.0015934011237420539,1
4.995,PINN Vanilla,0.09450043778907549,0.6229975767008714,0.0018315337243793443,0.0041294873833181145,-0.001613900065422058,0.21456433832645416,0.42991580069065094,0.21496059271795998,0.0,0.0016139202797075716,1
5.0,PINN Vanilla,0.09433016559114685,0.6236768648898092,0.0018442832750059043,0.004158625403335364,-0.0016342848539352417,0.21421898901462555,0.4292495399713516,0.2146274581858139,0.0,0.0016343053235425957,1
0.0,PINN Conservative,0.2506691042540802,2.5629097507844387e-05,0.0001392058440525177,0.0007251091301441193,-0.00027369335293769836,0.9999396800994873,2.0013532172888517,1.0006891422350164,0.0,0.00027369678097868925,2
0.005,PINN Conservative,0.25065053373228413,4.845660921306255e-05,0.00019861661857367705,0.000854838639497757,-0.0002273600548505783,0.9950551986694336,1.9914691913872957,0.9957470673849528,0.0,0.0002273629025616365,2
0.01,PINN Conservative,0.2506343837831173,0.00011288562260704413,0.0003052179639315977,0.0009694583714008331,-0.00025085732340812683,0.9902088642120361,1.9816712699830532,0.9908480453227806,0.0,0.00025086046542519913,2
0.015,PINN Conservative,0.25062062893458104,0.00016775956130626928,0.0004120126656364864,0.00106855109333992,-0.00027318112552165985,0.9854385852813721,1.9720338936895132,0.9860292968213826,0.0,0.0002731845471469429,2
0.02,PINN Conservative,0.25060919332630316,0.00021338106458736249,0.0005107875109910756,0.001152683049440384,-0.00029336847364902496,0.9807112216949463,1.962489789351821,0.9812571848820295,0.0,0.00029337214812318486,2
0.025,PINN Conservative,0.25060004889741316,0.00024986207919292045,0.0006002521981358015,0.0012697697342844982,-0.00031225383281707764,0.9760570526123047,1.953098725527525,0.9765615941577998,0.0,0.00031225774383255157,2
0.03,PINN Conservative,0.2505931228043155,0.00027749320919509947,0.0006807257733076297,0.0014007811296589123,-0.0003295969218015671,0.9714481830596924,1.9438050892204046,0.9719147178023032,0.0,0.00032960105004124215,2
0.035,PINN Conservative,0.25058834495915994,0.0002965540648264516,0.0007529833527111499,0.0015013573843594141,-0.00034539587795734406,0.9669119715690613,1.934660704806447,0.9673424683280867,0.0,0.0003454002040807775,2
0.04,PINN Conservative,0.2505856718135265,0.00030721837924893754,0.000817924828500189,0.0015735767114707366,-0.0003594178706407547,0.9624216556549072,1.9256130773574114,0.9628185979422773,0.0,0.00035942237239127285,2
0.045,PINN Conservative,0.250585052270528,0.0003096899996691347,0.0008765708496682943,0.0016835629239461969,-0.00037237443029880524,0.958003044128418,1.9167131390422583,0.9583685730483209,0.0,0.00037237909433173594,2
0.05,PINN Conservative,0.25058637494715424,0.00030441328026979133,0.0009298813195445374,0.0018013166287833005,-0.00038390234112739563,0.9536296725273132,1.9079060032963753,0.953964950020181,0.0,0.00038390714954874655,2
0.055,PINN Conservative,0.2505896254307455,0.0002914457192779153,0.0009788194329852023,0.0019113332022175078,-0.0003940090537071228,0.9493277072906494,1.899244837462902,0.9496343128623911,0.0,0.00039401398871622106,2
0.06,PINN Conservative,0.2505946744865439,0.0002713028890868195,0.0010242889693893294,0.0020143470840802077,-0.0004028100520372391,0.9450686573982239,1.8906721230596304,0.9453479019736342,0.0,0.0004028150972798622,2
0.065,PINN Conservative,0.25060149327058484,0.00024409986053435724,0.0010671616768544638,0.002110800188263942,-0.0004105363041162491,0.9408824443817139,1.8822479005903006,0.9411357379817874,0.0,0.0004105414461310757,2
0.07,PINN Conservative,0.2506099832267524,0.00021022981586844898,0.0011082063463454723,0.0022015120907817876,-0.0004167221486568451,0.9367358088493347,1.8739036805927753,0.9369635757268632,0.0,0.00041672736815009205,2
0.075,PINN Conservative,0.2506200638893354,0.00017001376702072956,0.001148160435967849,0.0022866071216442116,-0.00042195431888103485,0.9326615333557129,1.865706393495202,0.9328648808420906,0.0,0.00042195960390782074,2
0.08,PINN Conservative,0.2506316590474339,0.0001237557516723605,0.0011876721970553476,0.0024070698275615275,-0.0004259999841451645,0.9286238551139832,1.8575846832245588,0.9288039748440875,0.0,0.0004260053198443771,2
0.085,PINN Conservative,0.2506446976595007,7.17391847585116e-05,0.0012272894424709033,0.0025360921260412783,-0.00042897090315818787,0.9246590733528137,1.8496110551059246,0.9248171108494618,0.0,0.0004289762760685057,2
0.09,PINN Conservative,0.2506590989232809,1.4286420827089237e-05,0.0012675217274819147,0.0026626733707342948,-0.00043075159192085266,0.9207281470298767,1.8417084515094757,0.920865759560724,0.0,0.00043075698713450377,2
0.095,PINN Conservative,0.250674759053641,4.818849709984785e-05,0.0013087417332705079,0.0027859712215054094,-0.00043170154094696045,0.9168674945831299,1.833949789404869,0.9169863799193494,0.0,0.0004317069480588333,2
0.1,PINN Conservative,0.25069160675079943,0.00011540112388062757,0.0013512897473196336,0.0029066978125360347,-0.0004316922277212143,0.9130405783653259,1.8262615893036127,0.9131422317209221,0.0,0.0004316976347164379,2
0.105,PINN Conservative,0.25070957545735484,0.00018708593374424493,0.0013953745470869532,0.003025066813945685,-0.0004306156188249588,0.9092791080474854,1.8187098484486341,0.9093663140002178,0.0,0.0004306210123355311,2
0.11,PINN Conservative,0.25072854956531815,0.00026278171727144104,0.001441185907193135,0.0031407544494641247,-0.0004287008196115494,0.9055526852607727,1.811230981722474,0.9056268338003012,0.0,0.00042870618913903944,2
0.115,PINN Conservative,0.25074847491720953,0.0003422724172500495,0.0014888358201073553,0.003253803776319456,-0.00042594969272613525,0.901886522769928,1.8038787953555584,0.9019506945733499,0.0,0.000425955027795442,2
0.12,PINN Conservative,0.2507692685675201,0.00042522712878067674,0.0015383442010033625,0.0033642927412332463,-0.0004223603755235672,0.8982554078102112,1.7966020312160254,0.8983122669324259,0.0,0.00042236566563625967,2
0.125,PINN Conservative,0.25079083739797603,0.0005112743634799701,0.0015897137910553792,0.0034723790503740533,-0.00041770003736019135,0.894679844379425,1.7894437853246927,0.8947330991578295,0.0,0.00041770526910160774,2
0.13,PINN Conservative,0.2508130898658145,0.000600048918347341,0.001642898882065157,0.003577978798339352,-0.0004126746207475662,0.8911406397819519,1.7823653686791658,0.8911938465060714,0.0,0.00041267978954505666,2
0.135,PINN Conservative,0.25083598543566327,0.0006913890805491055,0.0016978278757563113,0.0036810714797755016,-0.0004063360393047333,0.8876515030860901,1.7753941863775253,0.8877082116978177,0.0,0.0004063411287107559,2
0.14,PINN Conservative,0.25085940244640254,0.0007848094921542935,0.001754435566071119,0.00378226281909301,-0.00039999186992645264,0.8841994404792786,1.7685071527957916,0.8842646517765036,0.0,0.00039999687987101796,2
0.145,PINN Conservative,0.2508832974558896,0.0008801368439861375,0.0018125604144457908,0.003880858275523147,-0.00039281323552131653,0.8807935118675232,1.7617211900651455,0.8808716279136953,0.0,0.0003928181555526533,2
0.15,PINN Conservative,0.2509075922628602,0.0009770591579540068,0.001872062106733746,0.003977635339323778,-0.00038479268550872803,0.8774233460426331,1.7550171315670013,0.8775195566800681,0.0,0.0003847975050817456,2
0.155,PINN Conservative,0.2509322156831324,0.0010752924500923443,0.0019328536553914447,0.004072101471841477,-0.00037593208253383636,0.8740964531898499,1.748410975560546,0.8742164373054053,0.0,0.00037593679112677395,2
0.16,PINN Conservative,0.2509570821096097,0.0011744951972971758,0.0019947662913408493,0.004164276409417619,-0.00036694295704364777,0.870805025100708,1.7418863456696272,0.8709540814990728,0.0,0.00036694755304674594,2
0.165,PINN Conservative,0.2509821732039074,0.001274594239955351,0.0020576407310852543,0.004254923192825815,-0.000357234850525856,0.8675524592399597,1.735447084531188,0.867734410603607,0.0,0.00035723932493379404,1
0.17,PINN Conservative,0.25100736060851925,0.001375077505402951,0.002121394508899268,0.004343753689860997,-0.00034680217504501343,0.8643355369567871,1.7290764190256596,0.8645490379541806,0.0,0.00034680651878248096,1
0.17500000000000002,PINN Conservative,0.251032628481639,0.0014758817939398833,0.002185847035240673,0.00443012374573044,-0.00033588893711566925,0.8611540198326111,1.7227732818573713,0.8613974298962743,0.0,0.00033589314416356594,1
0.18,PINN Conservative,0.2510579000903038,0.0015767009851543722,0.002250901394005038,0.0045155620617309475,-0.00032472796738147736,0.8580084443092346,1.71653906814754,0.8582802839992338,0.0,0.00032473203463693356,1
0.185,PINN Conservative,0.2510831108562895,0.001677277449054314,0.0023164520999931692,0.004598916848065286,-0.00031296350061893463,0.8548942804336548,1.7103643622249365,0.8551928923684781,0.0,0.0003129674205230801,1
0.19,PINN Conservative,0.25110822667491745,0.00177747512757743,0.002382357560568157,0.004680756983234849,-0.00032443925738334656,0.8518160581588745,1.7042570300400257,0.8521391880285007,0.0,0.00032444332102267654,1
0.195,PINN Conservative,0.25113319533245937,0.001877085717962648,0.0024485276238328567,0.0047610784798828715,-0.0003832094371318817,0.8487659692764282,1.698203008621931,0.8491121394057932,0.0,0.00038321423687452975,1
0.2,PINN Conservative,0.2511579588426648,0.0019758778884039372,0.002514877020092939,0.004839906735026399,-0.00043756887316703796,0.8457515835762024,1.6922153737396002,0.846118284466717,0.0,0.0004375743537679274,1
0.20500000000000002,PINN Conservative,0.2511824806658057,0.0020737058663913184,0.0025813038240641547,0.004917400489318949,-0.0004881732165813446,0.8427629470825195,1.6862755939364433,0.8431483573669231,0.0,0.0004881793310075048,1
0.21,PINN Conservative,0.2512067115629787,0.002170373217005384,0.0026477766437267014,0.004993634595896357,-0.0005352310836315155,0.8398094773292542,1.6804018765687943,0.840211461898603,0.0,0.0005352377874629187,1
0.215,PINN Conservative,0.2512306291432874,0.002265790613440822,0.002714143272427906,0.005068338721066289,-0.0005782060325145721,0.8368790745735168,1.674569958820939,0.8372954665019522,0.0,0.0005782132746121947,1
0.22,PINN Conservative,0.25125417231793723,0.002359714346523875,0.00278042592961477,0.005142476296124451,-0.0006171278655529022,0.833983302116394,1.668802523985505,0.8344117129653401,0.0,0.0006171355951509981,1
0.225,PINN Conservative,0.2512773492991611,0.0024521771783434366,0.002846522248693988,0.00521510103527709,-0.0006516389548778534,0.8311086297035217,1.6630731094628572,0.8315469698232254,0.0,0.0006516471167313459,1
0.23,PINN Conservative,0.2513000889484574,0.002542895307171618,0.002912378978051444,0.005287061471741808,-0.0006819777190685272,0.8282686471939087,1.6574086491018534,0.828714704168712,0.0,0.0006819862609185602,1
0.23500000000000001,PINN Conservative,0.2513223677319852,0.002631774846511726,0.0029779790849379355,0.0053578937973584595,-0.0007078163325786591,0.825447142124176,1.6517762746661901,0.8258984816778088,0.0,0.0007078251980603233,1
0.24,PINN Conservative,0.2513441893079125,0.002718830390351373,0.003043239447881949,0.005428079429682504,-0.000729631632566452,0.8226601481437683,1.6462084110826254,0.8231145150169579,0.0,0.0007296407712872789,1
0.245,PINN Conservative,0.25136551579126754,0.002803910799430886,0.003108202313712842,0.005497160054996512,-0.0007473938167095184,0.8198897838592529,1.6406699810177088,0.82034526529976,0.0,0.0007474031779037619,1
0.25,PINN Conservative,0.2513863290459648,0.0028869437211949847,0.0031727691559758735,0.005565663642054502,-0.0007608942687511444,0.8171539306640625,1.6351959388703108,0.8176082099445546,0.0,0.0007609037990401156,1
0.255,PINN Conservative,0.25140659589864855,0.0029677968130237585,0.003236970581398692,0.005633746597449012,-0.0007703714072704315,0.8144328594207764,1.6297469530254602,0.8148836828975395,0.0,0.0007703810562616619,1
0.26,PINN Conservative,0.2514263246174868,0.003046503060154735,0.003300766011689108,0.00570081387068171,-0.0007753781974315643,0.8117460012435913,1.6243622675538063,0.8121913064398075,0.0,0.0007753879091334222,1
0.265,PINN Conservative,0.2514454918522928,0.0031229693087654765,0.003364094816353765,0.005767312963611458,-0.0007771961390972137,0.8090720176696777,1.6189996469765902,0.8095099625674771,0.0,0.0007772058735690019,1
0.27,PINN Conservative,0.2514641084675645,0.0031972389019574296,0.0034270219181029315,0.005833866155699724,-0.0007751397788524628,0.8064320683479309,1.613701332360506,0.8068607720784324,0.0,0.0007751494875681003,1
0.275,PINN Conservative,0.25148212815633975,0.0032691271015711106,0.003489480474747343,0.005900041399699178,-0.0007689110934734344,0.803804337978363,1.6084231454879045,0.8042216455871803,0.0,0.0007689207241740652,1
0.28,PINN Conservative,0.2514995817054022,0.003338756729175644,0.003551504289339616,0.00596576846460041,-0.0007596723735332489,0.8012099862098694,1.603208340704441,0.8016142105374312,0.0,0.0007596818885178408,1
0.28500000000000003,PINN Conservative,0.25151644233852866,0.0034060209630325917,0.0036130676009755716,0.0060310666407871125,-0.0007467679679393768,0.7986263632774353,1.5980115476995707,0.7990157814897784,0.0,0.0007467773212947919,1
0.29,PINN Conservative,0.25153271667193156,0.003470946198026373,0.0036741947508034146,0.006096115238491136,-0.0007309727370738983,0.7960765361785889,1.5928789656609297,0.7964494583273652,0.0,0.0007309818925922147,1
0.295,PINN Conservative,0.25154841798651323,0.0035335854173227416,0.0037348710355355106,0.006161139414415498,-0.0007122568786144257,0.7935367226600647,1.587764073163271,0.793891980046225,0.0,0.000712265799714444,1
0.3,PINN Conservative,0.2515635294485483,0.0035938714640343676,0.003795074865902327,0.006226179478869255,-0.0006902031600475311,0.7910295128822327,1.5827104356139898,0.7913651296228862,0.0,0.0006902118049221665,1
0.305,PINN Conservative,0.2515780731562052,0.0036518924971498615,0.0038548737288881113,0.006291080681198637,-0.0006658844649791718,0.7885322570800781,1.5776749067008495,0.7888473336310242,0.0,0.0006658928052593306,1
0.31,PINN Conservative,0.25159203703119026,0.003707600331221225,0.003914215176070096,0.006356169840391043,-0.0006386153399944305,0.7860656380653381,1.572697328403592,0.7863585133100227,0.0,0.0006386233387256361,1
0.315,PINN Conservative,0.25160545327172085,0.0037611234186262104,0.003973154462906023,0.00642135280785406,-0.0006099455058574677,0.7836106419563293,1.5677419416606426,0.7838807889051511,0.0,0.0006099531454956753,1
0.32,PINN Conservative,0.2516182833402469,0.0038123080166934287,0.004031673845999888,0.006486591864548828,-0.0005786828696727753,0.7811842560768127,1.5628408063203096,0.7814301905413403,0.0,0.0005786901177428386,1
0.325,PINN Conservative,0.2516305720120355,0.003861332752999613,0.00408981020586217,0.006552007308365096,-0.0005456320941448212,0.7787702679634094,1.5579630229622126,0.7789912683148906,0.0,0.0005456389282500875,1
0.33,PINN Conservative,0.25164234682123315,0.0039083074729613955,0.004147583575301953,0.006617806004840077,-0.0005112700164318085,0.7763824462890625,1.5531364809721708,0.7765779670933706,0.0,0.0005112764201480658,1
0.335,PINN Conservative,0.2516535815341888,0.003953127519391335,0.004204964864937261,0.006683806733681109,-0.00047506019473075867,0.7740082740783691,1.548334902152419,0.7741771476133289,0.0,0.00047506614491479924,1
0.34,PINN Conservative,0.2516643001229033,0.003995888526792461,0.004262016328664685,0.006750364764427211,-0.0004379265010356903,0.7716588377952576,1.5435823295265436,0.7718008315371295,0.0,0.0004379319861159103,1
0.34500000000000003,PINN Conservative,0.2516745257520446,0.004036682908873751,0.0043187554383552415,0.006817336010424356,-0.0003996603190898895,0.7693242430686951,1.5388580542057753,0.7694386642906971,0.0,0.00039966532488174217,1
0.35000000000000003,PINN Conservative,0.2516842610804034,0.004075521272682091,0.004375200324283726,0.006885013294929687,-0.0003611855208873749,0.7670121788978577,1.534179212525487,0.7670992141490356,0.0,0.00036119004477791743,1
0.355,PINN Conservative,0.2516935336001747,0.0041125132962710875,0.004431338015606904,0.0069527891874702485,-0.00032181665301322937,0.7647165656089783,1.5295321214944124,0.7647756395308213,0.0,0.00032182068380413545,1
0.36,PINN Conservative,0.2517023507889744,0.004147688811029965,0.004487209614542537,0.007021558397754063,-0.00028203055262565613,0.7624410390853882,1.5249248929321766,0.7624719963966673,0.0,0.0002820340850910401,1
0.365,PINN Conservative,0.25171072943298306,0.004181114784169625,0.004542859894889138,0.0070911470280274475,-0.0002421252429485321,0.7601830959320068,1.520352814346552,0.7601859284709477,0.0,0.00024212827559528383,1
0.37,PINN Conservative,0.2517186796275882,0.004212831490482973,0.004598290765174671,0.007160926784562406,-0.0002026967704296112,0.7579435706138611,1.5158181488513947,0.7579185673247634,0.0,0.00020269930923017137,1
0.375,PINN Conservative,0.25172624422947654,0.004243009903513819,0.004653545818206322,0.007231517119332849,-0.00016288086771965027,0.7557234764099121,1.5113220643252134,0.7556704969046827,0.0,0.00016288290782141078,1
0.38,PINN Conservative,0.2517334123760149,0.00427160668760014,0.004708602344079862,0.007303475244781046,-0.0001245252788066864,0.7535196542739868,1.5068609211593866,0.7534398973836015,0.0,0.00012452683850024699,1
0.385,PINN Conservative,0.2517402106551108,0.0042987279132092205,0.0047635528489341945,0.007376016629280585,-8.569285273551941e-05,0.7513367533683777,1.5024401769042015,0.7512294975708416,0.0,8.569392604843931e-05,1
0.39,PINN Conservative,0.25174666731501816,0.0043244862746352085,0.004818358315592116,0.007449771416470206,-4.811212420463562e-05,0.7491671442985535,1.498047722503543,0.7490332428625119,0.0,4.811272681457175e-05,1
0.395,PINN Conservative,0.2517527937730616,0.004348927320440408,0.004873108274667897,0.007529154311680941,-1.1276453733444214e-05,0.7470210194587708,1.4937034491449594,0.7468610789769563,0.0,1.1276594972335166e-05,1
0.4,PINN Conservative,0.25175860618428514,0.004372115499963767,0.004927770725633837,0.0076375496620254835,2.392008900642395e-05,0.7448859810829163,1.489382965490222,0.7447008100923082,0.0,0.0,1
0.405,PINN Conservative,0.2517641203112535,0.004394113696777335,0.0049823967128081155,0.007745951456842426,5.8103352785110474e-05,0.7427757978439331,1.4851136710494757,0.7425661361352309,0.0,0.0,1
0.41000000000000003,PINN Conservative,0.25176936610917877,0.004415041414957625,0.005037002858443391,0.007854615083921684,9.115412831306458e-05,0.7406743764877319,1.4808627758175135,0.7404406618977719,0.0,0.0,1
0.41500000000000004,PINN Conservative,0.2517743532455436,0.004434937222203058,0.0050916550302599365,0.007963291858560095,0.0001227743923664093,0.7386000752449036,1.476667771115899,0.7383431332755045,0.0,0.0,1
0.42,PINN Conservative,0.2517791156460334,0.004453936462496344,0.00514632531137444,0.008072461339000775,0.00015153363347053528,0.7365337014198303,1.4724920615553856,0.7362552523446244,0.0,0.0,1
0.425,PINN Conservative,0.2517836392336004,0.004471982976509138,0.005201057511741435,0.008181637394740815,0.00017963722348213196,0.7344930171966553,1.4683682546019554,0.7341933230423292,0.0,0.0,1
0.43,PINN Conservative,0.25178798057373847,0.0044893024280450436,0.005255893702665261,0.008291081456428484,0.00020526722073554993,0.7324618697166443,1.4642665702849627,0.7321424551967969,0.0,0.0,1
0.435,PINN Conservative,0.25179214304587144,0.004505908299062792,0.0053108382792188815,0.00840106630999135,0.0002289600670337677,0.7304533123970032,1.4602117501199245,0.7301150197207313,0.0,0.0,1
0.44,PINN Conservative,0.25179612388586375,0.004521789562250351,0.0053659488011821195,0.008511517243024708,0.00025095418095588684,0.7284566760063171,1.4561829343438148,0.7281005866019841,0.0,0.0,1
0.445,PINN Conservative,0.2517999730877451,0.004537145665047183,0.00542121247811519,0.008622049236252705,0.0002703852951526642,0.7264804244041443,1.4521979056298733,0.7261080472885398,0.0,0.0,1
0.45,PINN Conservative,0.2518036958087493,0.004551997181851547,0.005476650997840398,0.008733427744756883,0.0002876110374927521,0.7245181798934937,1.448243085294962,0.7241306123537925,0.0,0.0,1
0.455,PINN Conservative,0.25180730655289685,0.004566401975367776,0.005532311623607725,0.008845172339184748,0.0003026612102985382,0.7225732207298279,1.4443252310156822,0.722171660678363,0.0,0.0,1
0.46,PINN Conservative,0.2518108141421153,0.004580395240015405,0.005588227825375611,0.008957390592295972,0.000314909964799881,0.7206453084945679,1.4404447358101606,0.7202313887737759,0.0,0.0,1
0.465,PINN Conservative,0.2518142609166222,0.0045941458889230255,0.005644389791288286,0.009070553005668891,0.0003251023590564728,0.7187314033508301,1.436594169586897,0.7183060815477498,0.0,0.0,1
0.47000000000000003,PINN Conservative,0.2518176195305866,0.004607544827945379,0.005700840695044501,0.009183917723456808,0.00033291056752204895,0.7168363332748413,1.432784240692854,0.7164010932408277,0.0,0.0,1
0.47500000000000003,PINN Conservative,0.2518209580675111,0.004620863671119499,0.005757564902751116,0.009298127024187391,0.000338185578584671,0.7149532437324524,1.4290007874369621,0.7145093429187863,0.0,0.0,1
0.48,PINN Conservative,0.25182424143173016,0.004633962406915028,0.005814633720107568,0.009413032877305716,0.0003408677875995636,0.7130913734436035,1.425262950360775,0.7126404009722713,0.0,0.0,1
0.485,PINN Conservative,0.25182753069898683,0.004647084692437282,0.005872025787445557,0.00952842637210402,0.00034170225262641907,0.7112381458282471,1.421544224023819,0.7107810145150539,0.0,0.0,1
0.49,PINN Conservative,0.2518308058034282,0.004660150476467933,0.005929804848347285,0.009644656644266725,0.000339556485414505,0.7094088792800903,1.4178769811987877,0.7089473701362174,0.0,0.0,1
0.495,PINN Conservative,0.2518341071042302,0.00467332076891857,0.005987920422743718,0.009761455530069935,0.00033469870686531067,0.7075873017311096,1.4142275787889957,0.7071226460767273,0.0,0.0,1
0.5,PINN Conservative,0.25183741911664026,0.004686533794527751,0.0060464405522724154,0.009878935713515419,0.00032790377736091614,0.705788254737854,1.4106257483363152,0.7053217082937148,0.0,0.0,1
0.505,PINN Conservative,0.2518407789677068,0.004699937668876287,0.006105360231578277,0.009997464831152436,0.0003186948597431183,0.7039986252784729,1.4070455115288496,0.7035315674685414,0.0,0.0,1
0.51,PINN Conservative,0.25184417993121144,0.004713505558219481,0.006164707929561875,0.010116341576412446,0.00030742958188056946,0.7022281289100647,1.403505939990282,0.7017617595324855,0.0,0.0,1
0.515,PINN Conservative,0.25184768077556613,0.004727471914737912,0.006224490284877723,0.010236116837358145,0.0002931244671344757,0.7004700899124146,1.3999943025410175,0.7000059188160201,0.0,0.0,1
0.52,PINN Conservative,0.25185123346913774,0.004741645119826385,0.006284692609444585,0.010356576282638141,0.00027697160840034485,0.6987285614013672,1.3965178783982992,0.6982676849733532,0.0,0.0,1
0.525,PINN Conservative,0.2518548568938155,0.004756100501368647,0.006345360910746409,0.01047794313802275,0.0002589710056781769,0.6970006823539734,1.3930708263069391,0.6965441373403095,0.0,0.0,1
0.53,PINN Conservative,0.25185859293487667,0.004771005157543427,0.006406493344340785,0.010600121628388304,0.00023816898465156555,0.6952870488166809,1.389655640348792,0.6948365229734359,0.0,0.0,1
0.535,PINN Conservative,0.25186242676014686,0.004786299916500996,0.006468104164450094,0.01072294240008373,0.00021569803357124329,0.6935899257659912,1.3862748984247446,0.6931461308393198,0.0,0.0,1
0.54,PINN Conservative,0.25186639428660795,0.004802128066352249,0.006530182637063447,0.010846663666227219,0.00019188597798347473,0.6919035315513611,1.382917646318674,0.6914674837612985,0.0,0.0,1
0.545,PINN Conservative,0.25187047936294504,0.004818425172635317,0.006592773795496437,0.010971117128198205,0.00016557052731513977,0.6902365684509277,1.379601987078786,0.6898096333768461,0.0,0.0,1
0.55,PINN Conservative,0.2518746818605068,0.004835190722105419,0.006655848343828214,0.01109621658488072,0.00013776496052742004,0.6885772943496704,1.3763035386800766,0.6881603885207671,0.0,0.0,1
0.555,PINN Conservative,0.25187904898122,0.004852613023316113,0.006719428287724193,0.011222123472149181,0.00010781362652778625,0.6869398951530457,1.3730508517473936,0.686534024684285,0.0,0.0,1
0.56,PINN Conservative,0.25188355052841827,0.004870571608927469,0.006783531152391427,0.011348994954835434,7.643178105354309e-05,0.6853094100952148,1.3698138799518347,0.6849155185147819,0.0,0.0,1
0.5650000000000001,PINN Conservative,0.2518882053047493,0.004889141490694973,0.006848122435979965,0.011476524222639672,4.421547055244446e-05,0.6836981773376465,1.3666168320924044,0.6833169745633692,0.0,0.0,1
0.5700000000000001,PINN Conservative,0.25189302313990813,0.0049083618834510935,0.006913233524291811,0.011604689810190166,1.101568341255188e-05,0.6820966601371765,1.3634400647133589,0.6817285709791565,0.0,0.0,1
0.5750000000000001,PINN Conservative,0.25189801075545193,0.004928259602345177,0.006978854365787766,0.01173373368737654,-2.465769648551941e-05,0.6805109977722168,1.3602978233247995,0.6801574306064079,0.0,2.4658005326027905e-05,1
0.58,PINN Conservative,0.25190316463864454,0.0049488206335792494,0.007045018403557744,0.011863423542560397,-6.077811121940613e-05,0.6789379119873047,1.3571815248578787,0.6785992618569476,0.0,6.077887247229872e-05,1
0.585,PINN Conservative,0.2519085023811346,0.004970115157718833,0.007111677070241691,0.011993930127892766,-9.838864207267761e-05,0.6773771047592163,1.3540917318314314,0.677054345993716,0.0,9.838987440183154e-05,1
0.59,PINN Conservative,0.25191402429988885,0.004992144439278976,0.0071788775588491885,0.012125095412118508,-0.00013582035899162292,0.6758317947387695,1.3510328587144613,0.6755248902788606,0.0,0.0001358220601573729,1
0.595,PINN Conservative,0.2519197243986441,0.005014884556616422,0.007246579531340858,0.01225705898540172,-0.00017498061060905457,0.6742959022521973,1.347994776442647,0.674005830116787,0.0,0.00017498280226149821,1
0.6,PINN Conservative,0.25192562938929797,0.005038442074847664,0.007314814398028303,0.012389673310175126,-0.00021428987383842468,0.6727777719497681,1.344992708414793,0.6725047773022349,0.0,0.0002142925578439497,1
0.605,PINN Conservative,0.25193170783994673,0.005062691598745128,0.0073835748509386906,0.012523392337631473,-0.000254165381193161,0.6712658405303955,1.3420039489865303,0.6710103788708243,0.0,0.00025416856464404076,1
0.61,PINN Conservative,0.2519379834839338,0.005087727810706122,0.007452836210545709,0.012657499879323159,-0.00029469653964042664,0.6697741746902466,1.3390562441200018,0.6695365079773874,0.0,0.0002947002307487671,1
0.615,PINN Conservative,0.251944453310076,0.005113538697840464,0.0075226331381166075,0.012792275852729823,-0.0003354959189891815,0.6682886481285095,1.33612166531384,0.6680692001963364,0.0,0.00033550012111448056,1
0.62,PINN Conservative,0.25195114111604244,0.0051402191991682935,0.007592922173626148,0.01292798304000628,-0.00037608668208122253,0.6668209433555603,1.3332226257771254,0.666619662272576,0.0,0.0003760913926105374,1
0.625,PINN Conservative,0.25195801639565835,0.005167647612588345,0.007663745617217404,0.013063878579675586,-0.00041676685214042664,0.6653611660003662,1.330339752137661,0.6651782073986804,0.0,0.0004167720721935899,1
0.63,PINN Conservative,0.2519650836601048,0.005195841935119942,0.007735074176584855,0.013200965338663467,-0.0004576258361339569,0.6639161109924316,1.3274870906025171,0.6637518587661502,0.0,0.0004576315679506339,1
0.635,PINN Conservative,0.25197237795284083,0.005224941970020113,0.007806885798967871,0.013338210421591917,-0.0004983358085155487,0.6624820232391357,1.324655957520008,0.6623362744947605,0.0,0.0004983420502293516,1
0.64,PINN Conservative,0.25197983938674845,0.005254708802113918,0.007879236723921112,0.013476727431222357,-0.0005386881530284882,0.6610589623451233,1.3218469843268394,0.6609317703068187,0.0,0.0005386949001600866,1
0.645,PINN Conservative,0.25198752902451904,0.00528538603643823,0.00795204615946731,0.013615598185946376,-0.0005782954394817352,0.6596499085426331,1.3190657440572977,0.6595411327543693,0.0,0.0005783026826991904,1
0.65,PINN Conservative,0.251995403369939,0.005316800148104415,0.008025383140020971,0.013755035851845454,-0.0006174258887767792,0.6582488417625427,1.3162997476756573,0.6581581172413363,0.0,0.0006174336221076505,1
0.655,PINN Conservative,0.25200349579586667,0.005349084275633221,0.008099211319333596,0.013895090229625456,-0.0006558410823345184,0.6568638682365417,1.3135659229010344,0.6567911877332887,0.0,0.0006558492968201448,1
0.66,PINN Conservative,0.2520117624583575,0.005382063506889174,0.008173505537051455,0.014036114081035694,-0.0006939880549907684,0.6554842591285706,1.31084218993783,0.6554293041941509,0.0,0.0006939967472716519,1
0.665,PINN Conservative,0.25202023236358817,0.005415853559843291,0.008248286157937644,0.014177163874311338,-0.0007305555045604706,0.6541233658790588,1.308155132457614,0.6540857586261896,0.0,0.0007305646548529014,1
0.67,PINN Conservative,0.2520289018794939,0.005450439944644844,0.008323557353309207,0.014319180248424296,-0.0007669143378734589,0.6527674794197083,1.3054777421057224,0.6527470466829315,0.0,0.0007669239435644941,1
0.675,PINN Conservative,0.2520377714815247,0.005485824558066072,0.008399303684251617,0.014461755332574794,-0.000801723450422287,0.6514266133308411,1.3028296697884798,0.6514229939406037,0.0,0.0008017334921014943,1
0.68,PINN Conservative,0.2520468080317503,0.005521875198814651,0.008475503950364288,0.014604884709734728,-0.0008360259234905243,0.6500937938690186,1.3001966923475266,0.6501064887309531,0.0,0.0008360363948121855,1
0.685,PINN Conservative,0.2520560604054947,0.005558786851337452,0.008552196758636827,0.014748829198713509,-0.0008684508502483368,0.6487733125686646,1.2975870929658413,0.648801672697343,0.0,0.0008684617276959666,1
0.6900000000000001,PINN Conservative,0.25206548052637634,0.005596367718508335,0.008629321921408068,0.014893095099538817,-0.0009001009166240692,0.6474630832672119,1.2949973326176405,0.6475067763047183,0.0,0.0009001121904924515,1
0.6950000000000001,PINN Conservative,0.2520750787433561,0.005634659086732466,0.008706930488381956,0.015037755202242736,-0.0009305886924266815,0.6461623311042786,1.2924253530800343,0.6462207704287442,0.0,0.0009306003481579919,1
0.7000000000000001,PINN Conservative,0.2520848763509988,0.00567374590908215,0.00878497028911965,0.015183130875305179,-0.000959198921918869,0.6448742151260376,1.2898771110922098,0.6449466334763186,0.0,0.0009592109359966223,1
0.705,PINN Conservative,0.25209483882324685,0.0057134904464349575,0.008863461152416636,0.015329126845957802,-0.0009868256747722626,0.6435925960540771,1.2873413432389498,0.6436787336692954,0.0,0.0009868380348782998,1
0.71,PINN Conservative,0.2521049792825191,0.005753945049698786,0.008942407627729672,0.01547557377011996,-0.0010129623115062714,0.6423255801200867,1.2848331592977047,0.6424246259910255,0.0,0.0010129749989767152,1
0.715,PINN Conservative,0.25211529007686806,0.005795079192001524,0.00902177325770717,0.015622533736311062,-0.0010372214019298553,0.6410636901855469,1.2823334597051144,0.6411747605402166,0.0,0.0010372343932482204,1
0.72,PINN Conservative,0.2521257636289264,0.00583686264400375,0.009101584171768115,0.015769864780380533,-0.0010599009692668915,0.6398174166679382,1.2798641119152308,0.6399400711808411,0.0,0.0010599142446494681,1
0.725,PINN Conservative,0.2521363763806146,0.0058792014225102045,0.009181829318708281,0.015917893406365985,-0.0010811500251293182,0.638576090335846,1.2774029802531004,0.6387094899367961,0.0,0.0010811635666587841,1
0.73,PINN Conservative,0.2521471689083241,0.005922257403997775,0.009262510381184814,0.016066262971839107,-0.001100432127714157,0.6373481750488281,1.2749666925519705,0.6374913308288381,0.0,0.0011004459107541943,1
0.735,PINN Conservative,0.25215810645945946,0.005965891945587815,0.009343593687815137,0.016215271048653057,-0.0011184029281139374,0.636126697063446,1.2725425530225039,0.6362792458827905,0.0,0.001118416936240334,1
0.74,PINN Conservative,0.2521691944886435,0.006010126808089969,0.009425103715128783,0.01636474774949148,-0.001134376972913742,0.6349164247512817,1.2701388150453568,0.6350773618406684,0.0,0.0011343911811169027,1
0.745,PINN Conservative,0.25218042113666267,0.00605491468005941,0.009507034029040358,0.016514376988981477,-0.0011486224830150604,0.6337152123451233,1.2677519340068102,0.6338839063734142,0.0,0.0011486368696448873,1
0.75,PINN Conservative,0.2521917919858589,0.0061002778318314,0.00958936528808629,0.016664930835863928,-0.0011616460978984833,0.6325219869613647,1.2653793171048164,0.6326975830637664,0.0,0.0011616606476505971,1
0.755,PINN Conservative,0.2522033033277224,0.0061462014685837625,0.009672117235738397,0.016815646900942505,-0.0011728815734386444,0.6313404440879822,1.263028858229518,0.6315223389062321,0.0,0.0011728962639163927,1
0.76,PINN Conservative,0.252214921921775,0.006192552979916944,0.009755260311649982,0.01696683603278709,-0.0011816136538982391,0.6301637291908264,1.260685782879591,0.6303507865576234,0.0,0.001181628453746308,1
0.765,PINN Conservative,0.2522266864472696,0.006239486673814888,0.009838808498222463,0.017118504067399898,-0.0011894218623638153,0.6290009021759033,1.258369429036975,0.6291925951300151,0.0,0.0011894367600106008,1
0.77,PINN Conservative,0.25223855582439714,0.006286838665454599,0.009922747192712312,0.017270821610028048,-0.0011954419314861298,0.6278415322303772,1.2560581881552935,0.6280369602148943,0.0,0.0011954569045349794,1
0.775,PINN Conservative,0.25225054738563935,0.006334678101474387,0.010007085552275481,0.017422836333943953,-0.0011991672217845917,0.6266964077949524,1.2537738494575024,0.6268947765601952,0.0,0.0011991822414931343,1
0.78,PINN Conservative,0.25226264977799706,0.006382959689933897,0.010091817023479168,0.01757585857451932,-0.0012011639773845673,0.6255556344985962,1.2514958754181862,0.6257557752745926,0.0,0.0012011790221027054,1
0.785,PINN Conservative,0.25227484755400753,0.006431621804336701,0.010176923958827536,0.01772927673796143,-0.0012022368609905243,0.6244259476661682,1.2492397371679544,0.62462769202028,0.0,0.001202251919146654,1
0.79,PINN Conservative,0.25228715749891906,0.006480731408174543,0.010262427236861967,0.017882941480563325,-0.0012014321982860565,0.6233027577400208,1.2469948269426823,0.6235052228487635,0.0,0.0012014472463636925,1
0.795,PINN Conservative,0.2522995652597364,0.0065302312412472314,0.010348292123938443,0.0180370166906976,-0.001198943704366684,0.622188925743103,1.2447669338434935,0.6223912623468594,0.0,0.001198958721275645,1
0.8,PINN Conservative,0.25231205126097256,0.00658004320861455,0.010434556439958472,0.018191383436113262,-0.0011944584548473358,0.6210834383964539,1.242554321885109,0.6212849425110564,0.0,0.0011944734155780264,1
0.805,PINN Conservative,0.25232464570861624,0.006630287814807571,0.010521171942482085,0.018346420331725594,-0.0011895708739757538,0.6199843287467957,1.2403533346951008,0.6201844351322424,0.0,0.0011895857734889272,1
0.81,PINN Conservative,0.25233728921057674,0.006680728119525923,0.010608182841514048,0.018501519543644734,-0.0011824332177639008,0.618895411491394,1.2381710689514875,0.61909328859387,0.0,0.0011824480278771021,1
0.8150000000000001,PINN Conservative,0.25235002966051373,0.006731555190939986,0.010695555141972632,0.01865716691453423,-0.0011734478175640106,0.6178109645843506,1.2359958868473768,0.6180056839196105,0.0,0.0011734625151340323,1
0.8200000000000001,PINN Conservative,0.25236283591738695,0.006782644794200572,0.010783282668804088,0.018813125233042044,-0.0011640004813671112,0.6167388558387756,1.2338449098169804,0.6169301819337939,0.0,0.001164015060608151,1
0.8250000000000001,PINN Conservative,0.2523757090206604,0.006834001076171565,0.010871393437760444,0.018969470485826284,-0.0011527501046657562,0.615669310092926,1.2316973637789488,0.6158563954656465,0.0,0.0011527645429945232,1
0.8300000000000001,PINN Conservative,0.25238865629319585,0.006885653250861631,0.010959839165868308,0.019125757387056908,-0.0011398158967494965,0.6146126985549927,1.229573993012309,0.6147946967845941,0.0,0.001139830173075809,1
0.835,PINN Conservative,0.2524016478935161,0.006937482267931395,0.011048658178279101,0.01928291307647742,-0.0011257342994213104,0.613559365272522,1.2274566181004047,0.6137359960684587,0.0,0.001125748399373983,1
0.84,PINN Conservative,0.25241469789121124,0.0069895442569572605,0.011137837125189289,0.019440144896626765,-0.0011112354695796967,0.6125165224075317,1.225359559059143,0.6126874534148741,0.0,0.0011112493879328438,1
0.845,PINN Conservative,0.25242778164585367,0.007041740916797678,0.011227359643703394,0.01959786052630766,-0.0010951422154903412,0.6114788055419922,1.2232710272073746,0.6116431744094379,0.0,0.0010951559322736142,1
0.85,PINN Conservative,0.2524409109495349,0.007094119291119164,0.011317229791919839,0.019755749610319312,-0.0010779760777950287,0.6104487776756287,1.2211970333009958,0.6106061644677414,0.0,0.001077989579570436,1
0.855,PINN Conservative,0.25245409780410344,0.00714672726039782,0.011407473821671494,0.019914068281460195,-0.0010601244866847992,0.6094263792037964,1.2191377226263285,0.6095764962338552,0.0,0.0010601377648669574,1
0.86,PINN Conservative,0.25246729717419314,0.00719938515941143,0.01149805156757102,0.020072610975607225,-0.0010412149131298065,0.6084098815917969,1.2170891426503658,0.608552193416523,0.0,0.0010412279544673626,1
0.865,PINN Conservative,0.2524805390569675,0.007252212659598422,0.011588980885068134,0.02023178331062414,-0.0010209940373897552,0.6074023246765137,1.2150573637336493,0.6075362912340314,0.0,0.0010210068254584972,1
0.87,PINN Conservative,0.252493795493172,0.007305098219605821,0.011680248211865777,0.020391097064485025,-0.0010002516210079193,0.6063984036445618,1.2130322102457285,0.6065237018074299,0.0,0.0010002641492754902,1
0.875,PINN Conservative,0.2525070714013832,0.007358061461726163,0.011771864208356334,0.02055054107760393,-0.000979539006948471,0.6054051518440247,1.2110281735658646,0.605521670917102,0.0,0.0009795512757881486,1
0.88,PINN Conservative,0.25252037886362355,0.007411150586284304,0.011863824308292501,0.02071037263217365,-0.0009572915732860565,0.6044145822525024,1.2090281955897808,0.604521669404082,0.0,0.0009573035634740469,1
0.885,PINN Conservative,0.25253369385848295,0.007464269761662251,0.011956123259678384,0.020870640610694963,-0.0009345076978206635,0.6034352779388428,1.2070502080023289,0.6035326632230941,0.0,0.0009345194026379709,1
0.89,PINN Conservative,0.2525470271413853,0.00751746189581878,0.012048750355815305,0.02103100667782265,-0.0009112916886806488,0.6024581789970398,1.2050763051956892,0.6025456994580934,0.0,0.0009113031027147491,1
0.895,PINN Conservative,0.2525603494255452,0.00757061015131546,0.0121417233598408,0.02119190756680392,-0.0008873604238033295,0.6014904975891113,1.2031206376850605,0.601567853455298,0.0,0.0008873715380955614,1
0.9,PINN Conservative,0.2525736634434015,0.007623725429012487,0.012235013512777688,0.021352513616350155,-0.0008635185658931732,0.6005275845527649,1.2011743485927582,0.6005946967203984,0.0,0.0008635293815633694,1
0.905,PINN Conservative,0.25258698021979986,0.007676851711706815,0.01232866039648621,0.021514126231426844,-0.0008390657603740692,0.5995715856552124,1.1992418635636568,0.5996284421035482,0.0,0.00083907626977004,1
0.91,PINN Conservative,0.2526003167441523,0.00773005677738571,0.012422623947526598,0.02167590124611163,-0.0008149109780788422,0.5986219048500061,1.1973215881735086,0.5986682923826381,0.0,0.000814921184933363,1
0.915,PINN Conservative,0.2526136130417088,0.00778310136127332,0.012516940677325032,0.02183785895435733,-0.000789787620306015,0.59767746925354,1.1954110655933619,0.5977130191278063,0.0,0.0007897975124875657,1
0.92,PINN Conservative,0.252626903382157,0.007836122179723003,0.01261155780748821,0.021999915530795056,-0.0007646046578884125,0.5967404246330261,1.1935155000537634,0.5967652244869179,0.0,0.000764614234650438,1
0.925,PINN Conservative,0.25264017314401205,0.00788906090141577,0.01270653964492041,0.022162419468893746,-0.0007399879395961761,0.5958074927330017,1.1916285958141088,0.5958217605502434,0.0,0.0007399972080309498,1
0.93,PINN Conservative,0.25265341450565604,0.007941886322592193,0.012801838344106546,0.02232494458333753,-0.0007149539887905121,0.5948835015296936,1.1897589098662138,0.5948869058672792,0.0,0.0007149629436721482,1
0.935,PINN Conservative,0.252666642953706,0.007994660225951812,0.012897464948694533,0.02248795893658409,-0.0006895922124385834,0.5939610600471497,1.187892584130168,0.5939537313112832,0.0,0.000689600849661029,1
0.9400000000000001,PINN Conservative,0.25267982837912795,0.008047262493757161,0.012993422074083445,0.022651319818163762,-0.0006647668778896332,0.5930497050285339,1.186048485338688,0.5930316703667675,0.0,0.0006647752041718842,1
0.9450000000000001,PINN Conservative,0.2526929817247289,0.00809973678151791,0.013089701337001469,0.02281515290983735,-0.0006397180259227753,0.592139482498169,1.1842061802744865,0.5921105062971245,0.0,0.0006397260384652499,1
0.9500000000000001,PINN Conservative,0.25270609951692746,0.00815206923164074,0.013186316759650702,0.022978540980128775,-0.0006149671971797943,0.5912384390830994,1.182383118197322,0.5911989638415102,0.0,0.0006149748997152682,1
0.9550000000000001,PINN Conservative,0.2527191646684248,0.008204191675626287,0.013283270304622308,0.02314272763076622,-0.0005904994904994965,0.5903404355049133,1.180565819144249,0.590290302934033,0.0,0.0005905068865741062,1
0.96,PINN Conservative,0.252732205659606,0.008256217733838982,0.013380525641834498,0.02330704927652552,-0.0005657784640789032,0.5894493460655212,1.1787624452263117,0.5893886046813306,0.0,0.0005657855505197897,1
0.965,PINN Conservative,0.25274518918753175,0.008308014546694976,0.01347812652450335,0.023471796165094455,-0.0005423985421657562,0.5885634422302246,1.1769706588238478,0.5884927002589324,0.0,0.0005424053357704089,1
0.97,PINN Conservative,0.2527581160334317,0.008359585230851651,0.013576043052407073,0.023636468938188743,-0.0005190782248973846,0.58768230676651,1.1751883402466774,0.5876015298084738,0.0,0.0005190847264123587,1
0.975,PINN Conservative,0.25277098652266256,0.008410931084295376,0.013674294931571613,0.02380186479115834,-0.0004948489367961884,0.5868074893951416,1.173417741432786,0.5867162193130503,0.0,0.0004948551348365186,1
0.98,PINN Conservative,0.2527838014150122,0.008462055138142882,0.013772870007000797,0.02396705253436282,-0.00047252699732780457,0.5859366059303284,1.1716565545648336,0.5858356148495392,0.0,0.00047253291578325387,1
0.985,PINN Conservative,0.25279655779904875,0.008512945777454409,0.013871781971494085,0.024132859462047657,-0.00045060738921165466,0.5850732922554016,1.1699113827198744,0.5849630179978197,0.0,0.00045061303312146986,1
0.99,PINN Conservative,0.2528092539967136,0.008563596307741068,0.01397101773537848,0.02429921894286574,-0.00042865797877311707,0.5842112898826599,1.168168319389224,0.5840914754164593,0.0,0.0004286633477640207,1
0.995,PINN Conservative,0.25282188143592343,0.008613972531317843,0.014070576302222344,0.024465110812503243,-0.00040708109736442566,0.58335942029953,1.1664462462067604,0.5832304280406443,0.0,0.00040708619610238696,1
1.0,PINN Conservative,0.2528344306468337,0.008664036668948829,0.014170477042427973,0.024631541603242768,-0.0003866814076900482,0.5825079679489136,1.1647258177399635,0.5823702030329628,0.0,0.0003866862509195302,1
1.0050000000000001,PINN Conservative,0.2528469073171313,0.008713811411235103,0.014270702031233429,0.02479820668123478,-0.00036643072962760925,0.5816653370857239,1.1630232967436314,0.5815189318726602,0.0,0.0003664353192149996,1
1.01,PINN Conservative,0.2528593090499889,0.008763287196213587,0.014371274090274106,0.024965084668177484,-0.00034653767943382263,0.5808249115943909,1.1613252963870764,0.580669921060557,0.0,0.000346542019858452,1
1.0150000000000001,PINN Conservative,0.2528716269917823,0.008812428703013126,0.014472153737136915,0.02513260135157125,-0.0003273896872997284,0.5799910426139832,1.159641269594431,0.5798278971179189,0.0,0.0003273937878935353,1
1.02,PINN Conservative,0.25288384172271144,0.00886115845779499,0.014573372508590268,0.025299965135938546,-0.00030864402651786804,0.5791612267494202,1.1579655073583126,0.5789900055053016,0.0,0.0003086478923200994,1
1.025,PINN Conservative,0.2528959952399239,0.008909644005035838,0.014674940322761362,0.02546788693536109,-0.0002906285226345062,0.5783364176750183,1.156300600618124,0.5781575417086322,0.0,0.0002906321627904618,1
1.03,PINN Conservative,0.2529080513840517,0.008957741089643744,0.014776829523035205,0.025636120613438895,-0.00027350708842277527,0.5775166153907776,1.1546464767307043,0.5773304694058756,0.0,0.0002735105141307815,1
1.035,PINN Conservative,0.2529200070516185,0.009005437330532046,0.014879063973456405,0.02580434301555093,-0.00025745853781700134,0.5767002105712891,1.153000097721815,0.576507269590887,0.0,0.00025746176251504975,1
1.04,PINN Conservative,0.25293187538741735,0.00905278516786889,0.014981626960474108,0.025973067593574956,-0.0002408139407634735,0.5758904218673706,1.151366112753749,0.5756902668739282,0.0,0.00024081695698601325,1
1.045,PINN Conservative,0.2529436332743253,0.009099692377622386,0.01508454604732432,0.02614180489085627,-0.00022631511092185974,0.5750827193260193,1.1497386749833822,0.5748765377968215,0.0,0.00022631794554487403,1
1.05,PINN Conservative,0.25295529099977443,0.009146200000733008,0.015187791352833864,0.026310984215775518,-0.00021105632185935974,0.5742831826210022,1.1481265667825937,0.5740704736005061,0.0,0.00021105896536427116,1
1.055,PINN Conservative,0.2529668469108768,0.00919230144312782,0.015291384318654658,0.02648048112301174,-0.0001970343291759491,0.5734837055206299,1.146515928208828,0.5732651442269058,0.0,0.00019703679705377578,1
1.06,PINN Conservative,0.25297828184327,0.009237920250017566,0.015395326465243876,0.026650111671884386,-0.00018389150500297546,0.5726931095123291,1.1449235696345568,0.5724689549675323,0.0,0.00018389380826540496,1
1.065,PINN Conservative,0.2529896085809644,0.009283107422254888,0.01549960327465456,0.026820139063779808,-0.00017110630869865417,0.571903645992279,1.1433337088674307,0.571674014627374,0.0,0.00017110845182501702,1
1.07,PINN Conservative,0.25300082115846145,0.009327839160929429,0.015604225526837054,0.026990230558854383,-0.0001592002809047699,0.5711206793785095,1.1417577136307955,0.5708860071392948,0.0,0.00015920227490675366,1
1.075,PINN Conservative,0.25301191537688533,0.009372098714940678,0.01570921620175092,0.02716108170063078,-0.0001478157937526703,0.5703408718109131,1.140188554301858,0.5701014176478748,0.0,0.000147817645162632,1
1.08,PINN Conservative,0.2530228812135644,0.009415846099590328,0.015814530484472393,0.027331808610853492,-0.0001368783414363861,0.5695657730102539,1.1386288963258266,0.5693215788924105,0.0,0.00013688005585348894,1
1.085,PINN Conservative,0.25303373997145373,0.00945916630142289,0.015920235754372982,0.02750291331866969,-0.00012626871466636658,0.5687951445579529,1.137078506872058,0.5685463744561223,0.0,0.00012627029619666352,1
1.09,PINN Conservative,0.25304444905676254,0.009501889395698399,0.016026278540565934,0.027674123090394798,-0.000117521733045578,0.5680272579193115,1.135535454377532,0.5677748385454037,0.0,0.00011752320501891559,1
1.095,PINN Conservative,0.2530550311381991,0.009544105817531668,0.01613265649397456,0.027845806038002685,-0.00010771676898002625,0.5672659873962402,1.1340044550597668,0.567009329298549,0.0,0.00010771811814505164,1
1.1,PINN Conservative,0.2530654947617435,0.009585849660470607,0.01623943109272667,0.02801786225971023,-9.93870198726654e-05,0.5665059089660645,1.1324771884828806,0.5662456864455104,0.0,9.938826470661708e-05,1
1.105,PINN Conservative,0.25307579371738836,0.009626936573149563,0.016346537826913123,0.02819010469819888,-9.099766612052917e-05,0.5657528042793274,1.1309638023376465,0.5654889838952248,0.0,9.099880587685202e-05,1
1.11,PINN Conservative,0.25308595762100516,0.009667484705871074,0.016454018642730033,0.028362519205695824,-8.391961455345154e-05,0.5650005340576172,1.129453158006072,0.5647336522689399,0.0,8.392066565635755e-05,1
1.115,PINN Conservative,0.2530959942177669,0.009707524957423119,0.016561884485592815,0.028535399890747715,-7.663294672966003e-05,0.5642561316490173,1.1279581561684608,0.5639861419875986,0.0,7.663390656620638e-05,1
1.12,PINN Conservative,0.2531058812929733,0.009746968703921593,0.01667008056522747,0.02870878762818349,-7.029995322227478e-05,0.56351238489151,1.1264652945101261,0.5632397018092985,0.0,7.030083373734289e-05,1
1.125,PINN Conservative,0.25311559807132555,0.009785733063867106,0.016778680494498675,0.02888214223195279,-6.451830267906189e-05,0.5627750754356384,1.1249853782355785,0.5624997344039633,0.0,6.451911077828633e-05,1
1.1300000000000001,PINN Conservative,0.2531251696192914,0.009823918038056264,0.016887630388567228,0.02905587727314904,-5.8960169553756714e-05,0.5620401501655579,1.1235104501247406,0.5617622611117215,0.0,5.896090803671908e-05,1
1.135,PINN Conservative,0.2531346018874535,0.00986154736589355,0.016996963896401044,0.02922992956698181,-5.3938478231430054e-05,0.5613102316856384,1.1220460664480925,0.5610300601026097,0.0,5.393915381712615e-05,1
1.1400000000000001,PINN Conservative,0.2531438646754166,0.009898500565162177,0.017106689136010145,0.029404176403770632,-4.9229711294174194e-05,0.5605831146240234,1.1205873563885689,0.5603006959375916,0.0,4.923032790201824e-05,1
1.145,PINN Conservative,0.25315296010592503,0.009934786104391923,0.017216766836281105,0.02957871871785578,-4.455074667930603e-05,0.5598599910736084,1.1191370151937008,0.5595755162573116,0.0,4.455130468257557e-05,1
1.1500000000000001,PINN Conservative,0.2531618960266998,0.009970435291478435,0.0173272429690024,0.029753975001346827,-4.06019389629364e-05,0.559141218662262,1.1176953930407763,0.5588546961526071,0.0,4.060244750693127e-05,1
1.155,PINN Conservative,0.2531706690834882,0.010005434744881374,0.017438094344044044,0.029929173019429378,-3.698095679283142e-05,0.558424711227417,1.1162588614970446,0.5581364213843791,0.0,3.698141998360462e-05,1
1.16,PINN Conservative,0.25317926375517946,0.010039722544291443,0.017549342220648526,0.030104697136444675,-3.411993384361267e-05,0.5577141046524048,1.1148347649723291,0.5574243642035343,0.0,3.412036119974159e-05,1
1.165,PINN Conservative,0.25318769323970525,0.010073351341868831,0.017660981371885365,0.03028049965457219,-3.0841678380966187e-05,0.5570039749145508,1.113410845398903,0.5567123954994423,0.0,3.084206467656519e-05,1
1.17,PINN Conservative,0.25319594691588626,0.010106278765213828,0.017773005358686495,0.03045670493150851,-2.7935951948165894e-05,0.5563014149665833,1.1120024342089891,0.5560081810842287,0.0,2.7936301849204297e-05,1
1.175,PINN Conservative,0.25320401086888694,0.010138449302131472,0.01788542155235711,0.030633385429861243,-2.5507062673568726e-05,0.5555992126464844,1.1105953305959702,0.5553046204656512,0.0,2.5507382152487242e-05,1
1.18,PINN Conservative,0.25321189855300896,0.010169916627551246,0.01799823012409007,0.030810383181911705,-2.2705644369125366e-05,0.554903507232666,1.1092004906386137,0.5546071917517068,0.0,2.2705928759954686e-05,1
1.185,PINN Conservative,0.2532196010363189,0.010200645108193337,0.01811145421054681,0.030987586173244375,-2.084299921989441e-05,0.5542084574699402,1.1078076530247927,0.55391076422207,0.0,2.084326028087719e-05,1
1.19,PINN Conservative,0.25322711943845466,0.010230639210769273,0.01822505648531013,0.031165160898992628,-1.9293278455734253e-05,0.5535189509391785,1.1064262185245752,0.5532200383206476,0.0,1.9293520106284714e-05,1
1.195,PINN Conservative,0.2532344424548942,0.010259853836734504,0.01833906904229795,0.03134302371499467,-1.7132610082626343e-05,0.552832305431366,1.1050498876720667,0.5525318642750415,0.0,1.7132824670554817e-05,1
1.2,PINN Conservative,0.25324156661485286,0.010288275139653635,0.018453502600498706,0.03152126981003717,-1.51805579662323e-05,0.5521489381790161,1.1036800779402256,0.5518469508306081,0.0,1.5180748104481599e-05,1
1.205,PINN Conservative,0.2532485086056921,0.010315969692505868,0.01856833422403579,0.03169981743459657,-1.3407319784164429e-05,0.5514695644378662,1.102318435907364,0.5511661212868151,0.0,1.3407487712399823e-05,1
1.21,PINN Conservative,0.2532552452832535,0.010342845163403712,0.01868357447934406,0.031878672482182124,-1.2170523405075073e-05,0.5507923364639282,1.1009612586349249,0.5504875241511942,0.0,1.2170675842292365e-05,1
1.215,PINN Conservative,0.25326179420189543,0.010368971584145903,0.018799237427173467,0.03205810106968479,-1.0322779417037964e-05,0.5501203536987305,1.0996140744537115,0.5498139236237684,0.0,1.0322908711047487e-05,1
1.22,PINN Conservative,0.25326812807824817,0.010394240109771032,0.018915302183771122,0.032237832928221494,-9.607523679733276e-06,0.5494491457939148,1.0982694551348686,0.5491416055435905,0.0,9.607644015081728e-06,1
1.225,PINN Conservative,0.25327426660899166,0.010418729318709498,0.019031796254792132,0.03241774376812295,-8.266419172286987e-06,0.5487844944000244,1.0969368405640125,0.5484752899125864,0.0,8.266522710145931e-06,1
1.23,PINN Conservative,0.25328018379447104,0.010442335487284233,0.019148710075997766,0.03259800482512079,-7.014721632003784e-06,0.5481197237968445,1.0956044308841228,0.5478090767283487,0.0,7.014809492205853e-06,1
1.235,PINN Conservative,0.2532859065805798,0.010465166114120548,0.01926603581307785,0.03277897790233841,-5.822628736495972e-06,0.5474621653556824,1.094286147505045,0.5471499267829836,0.0,5.822701665596255e-06,1
1.24,PINN Conservative,0.25329139826444536,0.010487074775855258,0.01938379545226338,0.032960027424181165,-4.198402166366577e-06,0.5468046069145203,1.0929673090577126,0.5464904993000151,0.0,4.198454751840678e-06,1
1.245,PINN Conservative,0.25329670374066354,0.010508240576118285,0.019501981071204575,0.03314142758615776,-2.551823854446411e-06,0.5461524724960327,1.0916588138788939,0.5458362435160788,0.0,2.5518558163361708e-06,1
1.25,PINN Conservative,0.2533017652327413,0.010528433019914964,0.01962059653285866,0.03332344499450318,-2.045184373855591e-06,0.5455023050308228,1.0903559885919094,0.5451848227135677,0.0,2.0452099900270914e-06,1
1.2550000000000001,PINN Conservative,0.25330662562999434,0.010547823210960318,0.019739640589090172,0.03350552673954979,-6.966292858123779e-07,0.5448555946350098,1.0890588741749525,0.544536257381835,0.0,6.966380111749838e-07,1
1.26,PINN Conservative,0.2533112648777567,0.010566331142665256,0.019859111527452962,0.03368821637095798,8.456408977508545e-07,0.5442123413085938,1.0877681225538254,0.5438908734878646,0.0,0.0,1
1.2650000000000001,PINN Conservative,0.25331567007921507,0.010583905364158716,0.01997903183325054,0.033871277255190874,2.2836029529571533e-06,0.5435713529586792,1.0864822398871183,0.5432479241015963,0.0,0.0,1
1.27,PINN Conservative,0.2533198650208515,0.010600640769830269,0.0200993846970082,0.0340547234650567,3.773719072341919e-06,0.5429349541664124,1.08520476706326,0.5426091796894195,0.0,0.0,1
1.2750000000000001,PINN Conservative,0.25332382217411314,0.010616427536578675,0.020220171419184963,0.034238360017604025,5.621463060379028e-06,0.5422993302345276,1.083929194137454,0.541971385238167,0.0,0.0,1
1.28,PINN Conservative,0.2533275601262967,0.01063133981703311,0.02034140821453677,0.0344225851778118,7.111579179763794e-06,0.5416699647903442,1.082665903493762,0.5413397320048902,0.0,0.0,1
1.285,PINN Conservative,0.253331074691578,0.010645360912161284,0.02046307785224549,0.03460736819788207,9.242445230484009e-06,0.5410405397415161,1.0814014915376902,0.540707518108401,0.0,0.0,1
1.29,PINN Conservative,0.25333434363288265,0.01065840210881928,0.020585198831232145,0.03479238056365899,1.0784715414047241e-05,0.5404173135757446,1.0801501795649529,0.5400818542856185,0.0,0.0,1
1.295,PINN Conservative,0.25333739951200734,0.010670593309857833,0.020707768865076772,0.034977621286677835,1.2721866369247437e-05,0.5397945046424866,1.078899309039116,0.5394564111890509,0.0,0.0,1
1.3,PINN Conservative,0.2533401865484165,0.010681711983005365,0.020830777941444466,0.035163385820407816,1.4971941709518433e-05,0.5391762852668762,1.0776574183255434,0.538835458054852,0.0,0.0,1
1.305,PINN Conservative,0.25334276699156194,0.010692006467790583,0.02095424577172045,0.03534992844444554,1.6633421182632446e-05,0.5385602712631226,1.0764199309051037,0.5382167065947954,0.0,0.0,1
1.31,PINN Conservative,0.2533451067414265,0.010701340724747448,0.02107816558812758,0.03553645638672559,1.9457191228866577e-05,0.5379472374916077,1.0751872416585684,0.5376003542517398,0.0,0.0,1
1.315,PINN Conservative,0.2533472126071995,0.010709741918626881,0.021202533109967538,0.03572357986748337,2.1357089281082153e-05,0.5373377799987793,1.073962740600109,0.5369880960540013,0.0,0.0,1
1.32,PINN Conservative,0.2533490654002797,0.010717133497940613,0.021327361764643706,0.035911144589486826,2.3987144231796265e-05,0.5367300510406494,1.0727407298982143,0.536377083050141,0.0,0.0,1
1.325,PINN Conservative,0.25335068195532484,0.010723582623295794,0.021452647525102623,0.03609914715017207,2.6416033506393433e-05,0.5361270904541016,1.0715279784053564,0.5357706997087855,0.0,0.0,1
1.33,PINN Conservative,0.25335206378818126,0.010729095342047705,0.02157838913947389,0.03628738402777623,2.8517097234725952e-05,0.5355241298675537,1.0703159105032682,0.5351646581670959,0.0,0.0,1
1.335,PINN Conservative,0.25335320332427846,0.010733641436014404,0.02170459253931128,0.036476383484156466,3.1445175409317017e-05,0.5349280834197998,1.0691167209297419,0.5345650558703384,0.0,0.0,1
1.34,PINN Conservative,0.2533541102497442,0.010737259547277484,0.021831271936981655,0.036665677780333916,3.445520997047424e-05,0.5343311429023743,1.0679154191166162,0.5339643974405534,0.0,0.0,1
1.345,PINN Conservative,0.25335473897731725,0.010739767808870596,0.02195840189314946,0.03685542709358003,3.6630779504776e-05,0.5337401032447815,1.0667266380041838,0.5333699994395265,0.0,0.0,1
1.35,PINN Conservative,0.25335515501281547,0.01074142755135091,0.022085989652728708,0.03704551272471107,3.976002335548401e-05,0.5331498384475708,1.0655384492129087,0.5327758976027878,0.0,0.0,1
1.355,PINN Conservative,0.25335531144797263,0.010742051637701396,0.02221405180610734,0.03723618628103098,4.293397068977356e-05,0.5325634479522705,1.0643576011061668,0.5321854661542871,0.0,0.0,1
1.36,PINN Conservative,0.2533552297078692,0.010741725541677013,0.022342580433385467,0.03742737239153299,4.6465545892715454e-05,0.5319793224334717,1.0631811693310738,0.5315972428992682,0.0,0.0,1
1.365,PINN Conservative,0.2533549078329055,0.01074044144560119,0.022471585101503273,0.037618936852245516,4.8939138650894165e-05,0.5313979387283325,1.0620110351592302,0.5310121684853134,0.0,0.0,1
1.37,PINN Conservative,0.2533543362478922,0.010738161149973318,0.022601059081701503,0.03781105377426222,5.1606446504592896e-05,0.5308200716972351,1.0608473792672157,0.5304303332518436,0.0,0.0,1
1.375,PINN Conservative,0.25335350995034994,0.01073486469777592,0.022730993653318227,0.038003349825745825,5.5167824029922485e-05,0.530243456363678,1.0596855711191893,0.5298494219019395,0.0,0.0,1
1.3800000000000001,PINN Conservative,0.25335244328208695,0.010730609304579725,0.022861408347967037,0.03819655950691028,5.8103352785110474e-05,0.5296716690063477,1.058534163981676,0.5292737111224289,0.0,0.0,1
1.385,PINN Conservative,0.2533511345147027,0.010725388075060169,0.022992292298407026,0.03839017425400246,6.17392361164093e-05,0.5291001796722412,1.057382171973586,0.5286977079039672,0.0,0.0,1
1.3900000000000001,PINN Conservative,0.2533495744701486,0.010719164394079337,0.023123659577011978,0.03858417930723418,6.430968642234802e-05,0.5285342335700989,1.056242210790515,0.5281277201733586,0.0,0.0,1
1.395,PINN Conservative,0.25334776912417795,0.010711962101457665,0.023255498146102904,0.0387784910920608,6.83031976222992e-05,0.5279686450958252,1.0551013052463531,0.5275572602562906,0.0,0.0,1
1.4000000000000001,PINN Conservative,0.2533457116191243,0.0107037538390482,0.023387803949590565,0.03897338663074332,7.070228457450867e-05,0.5274072885513306,1.0539708100259304,0.5269920055662873,0.0,0.0,1
1.405,PINN Conservative,0.25334340950904843,0.010694569743211176,0.023520597283145966,0.03916889707334423,7.38687813282013e-05,0.5268477201461792,1.052842766046524,0.5264279765121433,0.0,0.0,1
1.41,PINN Conservative,0.25334086836976655,0.010684432058247748,0.02365386038518392,0.039365006229812094,7.721409201622009e-05,0.526291012763977,1.051720505580306,0.525866839250813,0.0,0.0,1
1.415,PINN Conservative,0.2533380903007166,0.010673349159708502,0.023787616717673946,0.03956151772398517,7.937848567962646e-05,0.5257376432418823,1.0506056230515242,0.5253093910044057,0.0,0.0,1
1.42,PINN Conservative,0.25333504704245785,0.01066120830867005,0.02392184657988093,0.03975842128592533,8.301809430122375e-05,0.5251854062080383,1.0494917649775743,0.5247524549918299,0.0,0.0,1
1.425,PINN Conservative,0.2533317661021013,0.01064811924269254,0.02405654443807959,0.03995610492702614,8.52048397064209e-05,0.5246376395225525,1.048387823626399,0.5242004774027456,0.0,0.0,1
1.43,PINN Conservative,0.25332823771893886,0.010634043022161905,0.02419174059646059,0.04015386387769301,8.783489465713501e-05,0.524090051651001,1.047284273430705,0.5236486953938514,0.0,0.0,1
1.435,PINN Conservative,0.25332447101321964,0.010619016031629113,0.024327408865905703,0.040352607010841146,9.055435657501221e-05,0.523547887802124,1.0461909994482994,0.5231020515559569,0.0,0.0,1
1.44,PINN Conservative,0.2533204640700921,0.01060303063193743,0.024463564060248355,0.04055147577332388,9.316951036453247e-05,0.5230057835578918,1.0450975932180882,0.5225553415933313,0.0,0.0,1
1.445,PINN Conservative,0.25331621562728324,0.010586081787342948,0.02460020405227084,0.040751245610658654,9.514763951301575e-05,0.522468626499176,1.0440151933580637,0.5220141348847273,0.0,0.0,1
1.45,PINN Conservative,0.2533117266580671,0.010568173380649954,0.024737323281460624,0.04095127779279398,9.809061884880066e-05,0.5219325423240662,1.0429338533431292,0.5214734581053054,0.0,0.0,1
1.455,PINN Conservative,0.25330700203254297,0.010549324840754734,0.024874947866392494,0.041151969045539416,9.879842400550842e-05,0.5213996171951294,1.041860830038786,0.520936939733263,0.0,0.0,1
1.46,PINN Conservative,0.2533020310549511,0.010529493497724442,0.025013040908360217,0.04135311670428876,0.00010099261999130249,0.5208691358566284,1.0407909657806158,0.520402000904091,0.0,0.0,1
1.465,PINN Conservative,0.25329681992944747,0.010508704102575154,0.025151619699087906,0.04155500488637259,0.00010277703404426575,0.5203402042388916,1.0397250894457102,0.5198690560615259,0.0,0.0,1
1.47,PINN Conservative,0.2532913865077797,0.010487027873517657,0.025290687791901474,0.04175730491415483,0.0001038871705532074,0.5198152661323547,1.0386669132858515,0.519339961354707,0.0,0.0,1
1.475,PINN Conservative,0.2532856950286526,0.010464322143541434,0.02543023336442523,0.041960067511584764,0.00010547041893005371,0.5192909240722656,1.0376101788133383,0.5188115875005894,0.0,0.0,1
1.48,PINN Conservative,0.2532797915090968,0.010440770494145858,0.025570286265912436,0.042163535073291375,0.00010688230395317078,0.5187718272209167,1.0365637429058552,0.5182883629934824,0.0,0.0,1
1.485,PINN Conservative,0.2532736525140904,0.010416279433065279,0.025710821462175598,0.042367479980272515,0.00010727345943450928,0.5182527899742126,1.0355184450745583,0.5177657075315956,0.0,0.0,1
1.49,PINN Conservative,0.253267275166695,0.010390837482969243,0.025851831302228102,0.042572096337279625,0.00010783225297927856,0.5177381038665771,1.0344813261181116,0.5172471415583547,0.0,0.0,1
1.495,PINN Conservative,0.25326067262941654,0.010364497154689914,0.02599334459053478,0.04277735375431979,0.00010763108730316162,0.5172246098518372,1.0334477089345455,0.516730326493484,0.0,0.0,1
1.5,PINN Conservative,0.25325384153122155,0.010337244999741651,0.026135342318230597,0.04298275921908126,0.00010864436626434326,0.5167140960693359,1.0324185956269503,0.5162157633948047,0.0,0.0,1
1.5050000000000001,PINN Conservative,0.2532467777039986,0.010309064389755958,0.026277825221335458,0.04318915957172387,0.00010819360613822937,0.5162057280540466,1.031395236030221,0.5157040771875911,0.0,0.0,1
1.51,PINN Conservative,0.25323949835717197,0.010280023980442648,0.026420808517006362,0.04339607308360596,0.00010770559310913086,0.5156993865966797,1.0303757302463055,0.5151943179109193,0.0,0.0,1
1.5150000000000001,PINN Conservative,0.2532319998670671,0.010250109315423644,0.026564269396562343,0.04360335168528101,0.00010671280324459076,0.5151969790458679,1.0293648336082697,0.5146888632611026,0.0,0.0,1
1.52,PINN Conservative,0.2532242650074793,0.010219251672044278,0.026708221200930252,0.04381169139239263,0.00010576657950878143,0.5146946907043457,1.0283541306853294,0.5141835054700469,0.0,0.0,1
1.5250000000000001,PINN Conservative,0.25321632535481176,0.010187577022001935,0.02685266714776059,0.04402007223938181,0.00010452978312969208,0.5141975283622742,1.0273537263274193,0.5136832970260015,0.0,0.0,1
1.53,PINN Conservative,0.25320816974531307,0.010155040828345905,0.026997610051622368,0.04422920838109287,0.00010309554636478424,0.5137004852294922,1.026353519409895,0.5131831873033854,0.0,0.0,1
1.5350000000000001,PINN Conservative,0.2531997887482932,0.01012160546804406,0.0271430438568496,0.0444389116031326,0.00010074861347675323,0.5132073163986206,1.0253623314201832,0.5126875871011572,0.0,0.0,1
1.54,PINN Conservative,0.25319119426584963,0.010087318423623641,0.027288954350911346,0.044649183111441754,9.901262819766998e-05,0.5127161741256714,1.024374233558774,0.5121935319824326,0.0,0.0,1
1.545,PINN Conservative,0.2531823976416592,0.010052224949834078,0.027435364433095702,0.044860370143221584,9.591877460479736e-05,0.5122265219688416,1.0233907010406256,0.5117017595639289,0.0,0.0,1
1.55,PINN Conservative,0.2531733813819599,0.010016255256621507,0.027582266152641585,0.04507183198748582,9.329058229923248e-05,0.5117406845092773,1.0224141012877226,0.5112134535714649,0.0,0.0,1
1.555,PINN Conservative,0.253164163215442,0.009979480071268657,0.027729655552953567,0.0452842772171875,9.075179696083069e-05,0.5112552642822266,1.0214382447302341,0.5107255191813623,0.0,0.0,1
1.56,PINN Conservative,0.2531547364848736,0.009941872835247022,0.027877546824922387,0.04549693935849816,8.655712008476257e-05,0.5107744932174683,1.0204734560102224,0.5102431187793112,0.0,0.0,1
1.565,PINN Conservative,0.25314511453268584,0.009903486777187267,0.028025909337455582,0.04571053676502107,8.32919031381607e-05,0.5102936029434204,1.0195072628557682,0.5097600161512433,0.0,0.0,1
1.57,PINN Conservative,0.2531352759804111,0.009864236609292589,0.02817477558762694,0.04592443186523407,7.88569450378418e-05,0.5098172426223755,1.018551418557763,0.5092820880162104,0.0,0.0,1
1.575,PINN Conservative,0.25312525886404624,0.009824274073325916,0.028324136853915695,0.04613911241731314,7.469020783901215e-05,0.5093417167663574,1.0175966173410416,0.5088046814283517,0.0,0.0,1
1.58,PINN Conservative,0.253115042904252,0.00978351826638092,0.02847398198776562,0.04635451679918351,6.985850632190704e-05,0.5088691711425781,1.0166487991809845,0.508330766412557,0.0,0.0,1
1.585,PINN Conservative,0.2531046300587637,0.00974197699869608,0.028624321775308645,0.046570191792418475,6.464682519435883e-05,0.5083991885185242,1.0157062467187643,0.5078594842786575,0.0,0.0,1
1.59,PINN Conservative,0.25309401349695,0.009699623019978934,0.028775144450533842,0.046786963353780076,5.875155329704285e-05,0.5079305171966553,1.0147669985890388,0.5073898543316988,0.0,0.0,1
1.595,PINN Conservative,0.25308321380392984,0.009656538453020952,0.028926470212609186,0.047004125022564514,5.299225449562073e-05,0.5074652433395386,1.0138342939317226,0.5069234961619237,0.0,0.0,1
1.6,PINN Conservative,0.2530722479541992,0.009612791016303081,0.029078285692454766,0.04722215910509045,4.678964614868164e-05,0.5070004463195801,1.0129030998796225,0.5064578933042169,0.0,0.0,1
1.605,PINN Conservative,0.2530610771892635,0.009568226085712448,0.029230587807974072,0.047440504645210796,4.066340625286102e-05,0.5065406560897827,1.0119818449020386,0.5059972600460122,0.0,0.0,1
1.61,PINN Conservative,0.25304972369119416,0.009522932154962388,0.029383383945999063,0.047659903863518205,3.425590693950653e-05,0.5060808658599854,1.0110609885305166,0.5055368260933348,0.0,0.0,1
1.615,PINN Conservative,0.2530381928083372,0.009476930560879341,0.02953665874426549,0.04787957746562635,2.7546659111976624e-05,0.5056242942810059,1.010146515443921,0.5050795838230963,0.0,0.0,1
1.62,PINN Conservative,0.2530264843495803,0.009430220541034678,0.029690438796822115,0.0481000223592071,2.0273029804229736e-05,0.5051698088645935,1.009237015619874,0.5046248282152773,0.0,0.0,1
1.625,PINN Conservative,0.2530146050355485,0.009382828906859255,0.02984470216358827,0.04832121826166366,1.2136995792388916e-05,0.5047167539596558,1.0083311200141907,0.5041718747392119,0.0,0.0,1
1.6300000000000001,PINN Conservative,0.2530025513301994,0.009334741551576348,0.029999450672372172,0.04854282127333795,4.353001713752747e-06,0.5042675733566284,1.0074328612536192,0.5037227397335285,0.0,0.0,1
1.635,PINN Conservative,0.2529903381496101,0.0092860179817593,0.030154697112262707,0.04876509332785073,-3.857538104057312e-06,0.5038182139396667,1.0065344274044037,0.5032735171824267,0.0,3.857586420169496e-06,1
1.6400000000000001,PINN Conservative,0.2529779366582065,0.00923654316004357,0.030310422365283685,0.04898829450500003,-1.3083219528198242e-05,0.503373920917511,1.005647026002407,0.5028298109240257,0.0,1.3083383397040337e-05,1
1.645,PINN Conservative,0.25296540269991746,0.009186539871603306,0.030466660452595627,0.04921192708059213,-2.1129846572875977e-05,0.5029297471046448,1.0047586802393198,0.5023856324791652,0.0,2.1130111226655123e-05,1
1.6500000000000001,PINN Conservative,0.25295268500818535,0.009135803592344168,0.03062336808750739,0.04943609337507643,-3.0819326639175415e-05,0.5024886727333069,1.003878539428115,0.5019455565616299,0.0,3.081971265481626e-05,1
1.655,PINN Conservative,0.2529398155304509,0.009084461774189789,0.030780573597968555,0.0496615947156937,-4.0085986256599426e-05,0.5020499229431152,1.00300214253366,0.5015073526259161,0.0,4.008648833822681e-05,1
1.6600000000000001,PINN Conservative,0.2529267836613832,0.009032472107966158,0.030938261426051168,0.04988671872501685,-4.9233436584472656e-05,0.5016122460365295,1.002128129824996,0.5010703407980288,0.0,4.9234053238976395e-05,1
1.665,PINN Conservative,0.2529136014690211,0.008979882738210968,0.031096436603269367,0.05011360556829217,-5.906447768211365e-05,0.501177966594696,1.0012615956366062,0.5006370682771133,0.0,5.906521747154743e-05,1
1.67,PINN Conservative,0.2529002710052573,0.008926701850796831,0.031255105508168755,0.05034046293994726,-6.89774751663208e-05,0.5007442235946655,1.0003958586603403,0.5002041943672523,0.0,6.897833911719787e-05,1
1.675,PINN Conservative,0.25288678594567515,0.008872904214936648,0.03141425504551501,0.05056844580760775,-7.919967174530029e-05,0.5003149509429932,0.9995398484170437,0.49977618388479017,0.0,7.920066373037516e-05,1
1.68,PINN Conservative,0.25287316654910436,0.008818570651715254,0.03157390520371658,0.050796605291216546,-8.959881961345673e-05,0.49988603591918945,0.9986841343343258,0.49934832148447217,0.0,8.959994184906482e-05,1
1.685,PINN Conservative,0.25285939579443617,0.008763633256693324,0.03173402797515708,0.051025735694961216,-0.00010073371231555939,0.4994601607322693,0.9978358279913664,0.4989241630004248,0.0,0.00010073497401699011,1
1.69,PINN Conservative,0.25284548545232016,0.008708138987996284,0.03189463898049763,0.05125588283853505,-0.0001115165650844574,0.4990363121032715,0.9969909880310297,0.4985017377293972,0.0,0.00011151796184236973,1
1.695,PINN Conservative,0.25283143852741363,0.008652099832479537,0.03205573715753427,0.051486155209682055,-0.00012194924056529999,0.49861323833465576,0.9961472284048796,0.49807985263222854,0.0,0.00012195076799368279,1
1.7,PINN Conservative,0.252817259276392,0.008595532771830987,0.032217329702100866,0.051717106447759675,-0.00013316795229911804,0.4981943964958191,0.9953131917864084,0.4976628290997903,0.0,0.00013316962024316657,1
1.705,PINN Conservative,0.2528029412583069,0.008538412110369372,0.03237940009356197,0.05194898380434035,-0.00014490261673927307,0.49777543544769287,0.9944789595901966,0.49724570777725685,0.0,0.00014490443166135478,1
1.71,PINN Conservative,0.25278848197098613,0.008480727865866016,0.03254194938477172,0.05218160140164593,-0.00015589408576488495,0.49736088514328003,0.9936528019607067,0.49683262378865184,0.0,0.0001558960383563911,1
1.715,PINN Conservative,0.25277391198586235,0.008422602000763068,0.03270499353730831,0.05241456167107561,-0.00016751140356063843,0.4969465732574463,0.9928281046450138,0.4964202699660906,0.0,0.00016751350166039743,1
1.72,PINN Conservative,0.2527592168884115,0.008363977009395866,0.032868514455580915,0.05264853280691653,-0.00017943978309631348,0.49653512239456177,0.9920095577836037,0.49601099140918836,0.0,0.00017944203060040975,1
1.725,PINN Conservative,0.2527444075207572,0.008304896145604942,0.03303252940753308,0.05288304009628075,-0.0001913905143737793,0.4961262345314026,0.9911955706775188,0.49560399275850453,0.0,0.00019139291156217096,1
1.73,PINN Conservative,0.252729456301208,0.008245249374296796,0.03319701571924122,0.053118301295664694,-0.00020329654216766357,0.4957176446914673,0.9903826043009758,0.4951975044789839,0.0,0.00020329908848043432,1
1.735,PINN Conservative,0.25271440695158326,0.008185211120397115,0.033361997331504904,0.053354138949058105,-0.00021521002054214478,0.49531346559524536,0.9895784687250853,0.49479543165509293,0.0,0.000215212716072614,1
1.74,PINN Conservative,0.25269923225656765,0.008124672810442636,0.03352745300388911,0.053590976517131184,-0.00022743642330169678,0.4949093461036682,0.9887745268642902,0.4943934556899629,0.0,0.00022743927196927868,1
1.745,PINN Conservative,0.25268394419843254,0.00806368224680801,0.033693384617476556,0.053828126537969784,-0.00023953616619110107,0.4945085048675537,0.987977609038353,0.49399499178625017,0.0,0.0002395391664093661,1
1.75,PINN Conservative,0.2526685623358842,0.008002317457487942,0.033859812573117105,0.05406618887150924,-0.00025181472301483154,0.4941098093986511,0.98718480207026,0.4935985833372041,0.0,0.00025181787702344496,1
1.7550000000000001,PINN Conservative,0.25265306363943163,0.007940486568051892,0.034026706335402376,0.05430489276580783,-0.0002638213336467743,0.4937117099761963,0.986392680555582,0.4932025176191582,0.0,0.0002638246380395785,1
1.76,PINN Conservative,0.25263747266373476,0.00787828753747771,0.03419408862242006,0.05454446596361734,-0.0002756938338279724,0.49331724643707275,0.9856078140437603,0.4928100794479753,0.0,0.0002756972869252185,1
1.7650000000000001,PINN Conservative,0.2526217703982531,0.007815644524637084,0.03436194615441181,0.05478427875230313,-0.00028815120458602905,0.49292314052581787,0.9848243687301874,0.4924183518848171,0.0,0.00028815481371328875,1
1.77,PINN Conservative,0.25260597227553316,0.007752619096519023,0.03453028439056231,0.05502520389640117,-0.00030041858553886414,0.49253296852111816,0.9840489532798529,0.4920306393035656,0.0,0.00030042234831649317,1
1.7750000000000001,PINN Conservative,0.2525900728717163,0.007689189615045673,0.03469910289946346,0.05526665267980574,-0.00031290203332901,0.49214327335357666,0.9832742363214493,0.49164327597265395,0.0,0.0003129059524632705,1
1.78,PINN Conservative,0.25257408045683505,0.007625389072892658,0.034868386428986854,0.055508845252591726,-0.0003245919942855835,0.4917560815811157,0.9825042057782412,0.49125825587868893,0.0,0.0003245960598379609,1
1.7850000000000001,PINN Conservative,0.2525580105203035,0.007561279263918323,0.035038167624372216,0.05575178563102687,-0.00033710524439811707,0.4913713335990906,0.9817396495491266,0.49087597297605395,0.0,0.0003371094666804035,1
1.79,PINN Conservative,0.25254183668117447,0.007496754943308161,0.03520840897785865,0.055995104041686145,-0.0003489777445793152,0.49098700284957886,0.980975404381752,0.49049384560623693,0.0,0.0003489821155660435,1
1.795,PINN Conservative,0.2525255939474812,0.00743195577299073,0.03537913297560823,0.0562395617381701,-0.0003604888916015625,0.4906069040298462,0.9802192598581314,0.4901157686090277,0.0,0.00036049340676674245,1
1.8,PINN Conservative,0.25250925601472163,0.00736677681312386,0.03555033110779985,0.05648430232440341,-0.0003727078437805176,0.4902273416519165,0.979465140029788,0.48973870397213687,0.0,0.0003727125119894908,1
1.805,PINN Conservative,0.2524928418953005,0.0073012939122732885,0.03572199738018814,0.056729952653855,-0.00038471072912216187,0.48984986543655396,0.978714732453227,0.4893634954843854,0.0,0.0003847155476686662,1
1.81,PINN Conservative,0.25247634180240686,0.0072354680266889515,0.0358941447030792,0.056976508811965115,-0.000395849347114563,0.4894745349884033,0.9779676347970963,0.4889899419775776,0.0,0.00039585430517354963,1
1.815,PINN Conservative,0.25245977290817445,0.007169367663313432,0.03606676131207968,0.057223272627103666,-0.0004073828458786011,0.48910021781921387,0.9772235527634621,0.48861789630090363,0.0,0.00040738794839599747,1
1.82,PINN Conservative,0.252443139802094,0.007103011131576263,0.036239858180744954,0.05747106391691795,-0.00041862577199935913,0.48872971534729004,0.9764865711331367,0.4882494008703508,0.0,0.00041863101533570925,1
1.825,PINN Conservative,0.2524264251693964,0.007036329355502262,0.03641341656679092,0.05771948140978289,-0.00042958930134773254,0.48835980892181396,0.9757506232708693,0.48788142233030085,0.0,0.0004295946820035594,1
1.83,PINN Conservative,0.2524096411909233,0.006969370929647321,0.03658744987848523,0.05796863449463424,-0.00044069066643714905,0.48799216747283936,0.9750193413347006,0.487515776782521,0.0,0.0004406961861388613,1
1.835,PINN Conservative,0.25239279922806435,0.00690218117942511,0.03676195819457443,0.05821825515027815,-0.00045156851410865784,0.4876265525817871,0.9742920082062483,0.48715210566332895,0.0,0.00045157417005667387,1
1.84,PINN Conservative,0.25237588520843285,0.00683470396410219,0.03693693032798166,0.05846852536823008,-0.00046201422810554504,0.48726171255111694,0.9735656753182411,0.4867889346706235,0.0,0.0004620200148873405,1
1.845,PINN Conservative,0.2523589225092509,0.006767032545356378,0.03711237468828565,0.05871952317713719,-0.00047268345952033997,0.4869009256362915,0.9728477895259857,0.4864299872786944,0.0,0.00047268937993549635,1
1.85,PINN Conservative,0.2523418947284271,0.006699101488271687,0.03728828406858367,0.05897140919614763,-0.0004830695688724518,0.48654037714004517,0.9721299801021814,0.48607107807146915,0.0,0.0004830756193748325,1
1.855,PINN Conservative,0.2523247996099047,0.006630901792478653,0.0374646568824262,0.05922392264509119,-0.0004922337830066681,0.4861823320388794,0.9714163113385439,0.48571423922025836,0.0,0.0004922399482918938,1
1.86,PINN Conservative,0.2523076608823659,0.006562528121778568,0.037641495428669264,0.05947690679791043,-0.0005027912557125092,0.4858262538909912,0.9707076083868742,0.48535988330613017,0.0,0.000502797553231305,1
1.865,PINN Conservative,0.2522904652760954,0.006493927537635803,0.03781879221280633,0.059730688058305864,-0.0005121342837810516,0.4854710102081299,0.969999959692359,0.48500605452718154,0.0,0.0005121406983223577,1
1.87,PINN Conservative,0.2522732360769544,0.006425192937250629,0.0379965768100214,0.05998529821855897,-0.0005209781229496002,0.48511946201324463,0.9692987222224474,0.48465543140068545,0.0,0.0005209846482610177,1
1.875,PINN Conservative,0.25225595412430946,0.006356247880709975,0.038174817137232815,0.06024030589742427,-0.0005297623574733734,0.48476797342300415,0.9685979075729847,0.4843050196870617,0.0,0.0005297689928083472,1
1.8800000000000001,PINN Conservative,0.25223860527399006,0.006287035940904304,0.03835350030020323,0.06049617830155962,-0.0005386583507061005,0.48441916704177856,0.9679025672376156,0.48395734516476796,0.0,0.0005386650974644213,1
1.885,PINN Conservative,0.2522212386455711,0.006217753076701157,0.038532660794870256,0.06075250507457039,-0.0005466751754283905,0.4840725064277649,0.9672107547521591,0.48361143458952394,0.0,0.0005466820225983708,1
1.8900000000000001,PINN Conservative,0.25220383188731077,0.006148310117499446,0.03871228785517888,0.061009775399506444,-0.000554744154214859,0.4837260842323303,0.966519471257925,0.4832657885132039,0.0,0.0005547511024497346,1
1.895,PINN Conservative,0.25218637190382553,0.0060786548202468715,0.038892356574337865,0.06126748290362588,-0.0005626864731311798,0.48338377475738525,0.9658360537141562,0.48292407546137744,0.0,0.000562693520844521,1
1.9000000000000001,PINN Conservative,0.2521688886559209,0.006008906711334455,0.039072905699480076,0.06152595546189368,-0.0005695931613445282,0.4830418825149536,0.9651529062539339,0.48258249745301574,0.0,0.0005696002955649403,1
1.905,PINN Conservative,0.2521513762247112,0.00593904217781066,0.039253908137679136,0.06178511495748998,-0.0005764849483966827,0.4827020764350891,0.9644739162176847,0.4822429981826767,0.0,0.0005764921689375271,1
1.9100000000000001,PINN Conservative,0.2521338184262524,0.0058689966550423975,0.03943535706016444,0.06204465708735285,-0.0005836077034473419,0.4823644161224365,0.9637994524091482,0.4819057620545397,0.0,0.0005836150132015194,1
1.915,PINN Conservative,0.25211624181489123,0.005798876079608347,0.03961727106661155,0.06230501633188801,-0.0005901195108890533,0.4820275902748108,0.9631261620670557,0.48156911266697366,0.0,0.0005901269022043744,1
1.92,PINN Conservative,0.2520986423931188,0.005728664503745823,0.03979964112599129,0.06256604787192838,-0.0005953870713710785,0.4816942811012268,0.962458660826087,0.48123535786622407,0.0,0.0005953945286632055,1
1.925,PINN Conservative,0.25208100206586903,0.00565828973854319,0.039982455465701075,0.06282781072856314,-0.0006015188992023468,0.4813613295555115,0.9617926198989153,0.48090233323151826,0.0,0.0006015264332963286,1
1.93,PINN Conservative,0.2520633575975433,0.005587898452827881,0.040165731331804684,0.06309003631929475,-0.0006069876253604889,0.4810298681259155,0.9611293729394674,0.4805707055981718,0.0,0.0006069952279509002,1
1.935,PINN Conservative,0.25204567994840366,0.00551737479473917,0.04034945693058832,0.06335297472295082,-0.0006112866103649139,0.48070162534713745,0.9604707974940538,0.4802414137510981,0.0,0.0006112942668006111,1
1.94,PINN Conservative,0.2520279849201694,0.005446781804053328,0.040533636036475924,0.06361665033266059,-0.000616077333688736,0.4803737998008728,0.9598142635077238,0.4799131426463509,0.0,0.0006160850501287984,1
1.945,PINN Conservative,0.25201028490437194,0.005376168915857209,0.04071826046996269,0.06388072161339231,-0.0006197132170200348,0.4800485372543335,0.9591614585369825,0.47958673607275126,0.0,0.0006197209789999576,1
1.95,PINN Conservative,0.25199256899735856,0.005305492630844704,0.040903335526442305,0.06414564986022717,-0.000623706728219986,0.4797251224517822,0.9585128296166658,0.4792624175505167,0.0,0.0006237145402190999,1
1.955,PINN Conservative,0.2519748246006377,0.005234702688276624,0.04108885850886957,0.06441082027180425,-0.0006273053586483002,0.4794018864631653,0.9578640442341566,0.478938020796206,0.0,0.0006273132157206775,1
1.96,PINN Conservative,0.2519570881131667,0.005163944299068886,0.04127482814473384,0.06467698541836622,-0.0006299130618572235,0.47908252477645874,0.9572222549468279,0.478617122133299,0.0,0.000629920951591386,1
1.965,PINN Conservative,0.2519393404143992,0.005093141183232906,0.04146124804568959,0.06494385689713508,-0.0006321407854557037,0.4787638783454895,0.9565817546099424,0.47829686795368576,0.0,0.0006321487030923627,1
1.97,PINN Conservative,0.25192157534213067,0.005022268757114969,0.041648106355441104,0.06521114232973513,-0.000634361058473587,0.47844672203063965,0.9559439849108458,0.47797797911006773,0.0,0.0006343690039194231,1
1.975,PINN Conservative,0.2519038196613973,0.004951433797823608,0.04183541835435336,0.06547882883479225,-0.0006360076367855072,0.47813212871551514,0.9553107712417841,0.47766136830999956,0.0,0.0006360156028549276,1
1.98,PINN Conservative,0.2518860435204672,0.004880517214108702,0.04202315233435479,0.06574761258538778,-0.0006373561918735504,0.47781795263290405,0.9546784460544586,0.47734520175636364,0.0,0.0006373641748337797,1
1.985,PINN Conservative,0.25186829284594225,0.004809702226711235,0.042211348022244743,0.0660166090272242,-0.0006381012499332428,0.47750651836395264,0.9540510065853596,0.47703147809243807,0.0,0.0006381092422254107,1
1.99,PINN Conservative,0.2518505251726827,0.0047388194241342494,0.042399969357889165,0.06628624633871294,-0.0006383620202541351,0.47719693183898926,0.953426893800497,0.4767194177914643,0.0,0.0006383700158124816,1
1.995,PINN Conservative,0.25183276787914854,0.0046679780306948864,0.04258903744460947,0.06655647032085316,-0.0006379596889019012,0.476887583732605,0.9528023563325405,0.4764071451462839,0.0,0.0006379676794210008,1
2.0,PINN Conservative,0.2518150192574487,0.004597171232889411,0.04277853969481841,0.06682734104664032,-0.0006380490958690643,0.4765816926956177,0.9521858245134354,0.4760988753756651,0.0,0.0006380570875079965,1
2.005,PINN Conservative,0.25179728415344393,0.004526418362916648,0.04296848805900364,0.06709888922837923,-0.000636804848909378,0.4762767553329468,0.9515697434544563,0.4757908309879322,0.0,0.0006368128249639727,1
2.0100000000000002,PINN Conservative,0.25177955162712373,0.004455675776423524,0.043158867734717506,0.06737077720137305,-0.0006354711949825287,0.4759728014469147,0.9509549420326948,0.4754834264268219,0.0,0.0006354791543329533,1
2.015,PINN Conservative,0.2517618199202556,0.004384936459073064,0.043349668503869385,0.0676432494711017,-0.0006340406835079193,0.4756717383861542,0.9503464233130217,0.47517916325610154,0.0,0.0006340486249410218,1
2.02,PINN Conservative,0.2517441206129717,0.004314326397438846,0.04354092042122047,0.06791653598952721,-0.0006314553320407867,0.475371390581131,0.9497384186834097,0.47487515713363126,0.0,0.0006314632410920622,1
2.025,PINN Conservative,0.25172643593183386,0.00424377468571963,0.04373259551829005,0.06819020231145123,-0.0006284154951572418,0.4750727415084839,0.9491333551704884,0.4745726215879253,0.0,0.0006284233661342077,1
2.0300000000000002,PINN Conservative,0.25170875972768925,0.004173256792330366,0.04392470637918718,0.06846437759198523,-0.0006257109344005585,0.4747764766216278,0.948533158749342,0.4742725196185872,0.0,0.0006257187715025872,1
2.035,PINN Conservative,0.2516911053383076,0.004102825927305039,0.044117236949272026,0.0687394332879615,-0.0006217844784259796,0.4744807779788971,0.9479333497583866,0.47397261136677094,0.0,0.0006217922663486918,1
2.04,PINN Conservative,0.25167346559185255,0.004032453479139571,0.04431019243677908,0.06901436049704573,-0.0006177462637424469,0.4741875231266022,0.9473383110016584,0.4736750882619421,0.0,0.0006177540010860518,1
2.045,PINN Conservative,0.251655853112919,0.003962189812710034,0.04450358307552006,0.06929076752411883,-0.0006133951246738434,0.47389593720436096,0.9467463027685881,0.47337908043792104,0.0,0.0006134028075189268,1
2.05,PINN Conservative,0.25163827031977604,0.0038920445755201583,0.04469739895589913,0.06956721863109372,-0.0006084851920604706,0.47360509634017944,0.9461549855768681,0.4730834181389028,0.0,0.0006084928134080785,1
2.055,PINN Conservative,0.25162071630440735,0.0038220141451067646,0.044891638794961934,0.06984425237740322,-0.0006034485995769501,0.47331690788269043,0.9455692023038864,0.47279052283391027,0.0,0.0006034561578406529,1
2.06,PINN Conservative,0.251603181028293,0.003752058473545847,0.04508630029440929,0.07012159356476783,-0.0005974583327770233,0.47302988171577454,0.9449849110096693,0.4724983735276436,0.0,0.0005974658160119397,1
2.065,PINN Conservative,0.25158568033603607,0.0036822407716956378,0.04528137522816468,0.07039995255603299,-0.0005910135805606842,0.47274380922317505,0.9444019515067339,0.4722068901253582,0.0,0.0005910209830743316,1
2.07,PINN Conservative,0.2515682080878062,0.0036125365451624503,0.0454768774017742,0.07067846595766325,-0.0005847550928592682,0.47246068716049194,0.9438255578279495,0.4719186896762672,0.0,0.0005847624169846312,1
2.075,PINN Conservative,0.251550770266815,0.0035429696635208762,0.045672790603327636,0.07095760094072101,-0.0005775503814220428,0.47217798233032227,0.9432486928999424,0.4716302535996136,0.0,0.0005775576153075595,1
2.08,PINN Conservative,0.25153337000916753,0.0034735526380276906,0.04586913267442274,0.07123730070629913,-0.0005703233182430267,0.471896767616272,0.9426747839897871,0.47134329555039806,0.0,0.0005703304616087387,1
2.085,PINN Conservative,0.2515160044882674,0.0034042741921878955,0.04606588109782055,0.07151767573717621,-0.000562760978937149,0.4716184139251709,0.9421066250652075,0.47105921252998006,0.0,0.0005627680275836841,1
2.09,PINN Conservative,0.25149867170908907,0.0033351263669966725,0.04626304419119832,0.07179821862207639,-0.0005549006164073944,0.471340537071228,0.9415388777852058,0.47077533533442895,0.0,0.0005549075666019771,1
2.095,PINN Conservative,0.2514813824680758,0.0032661522340560003,0.04646061959218566,0.07207946332374746,-0.0005459748208522797,0.4710640013217926,0.9409735817462206,0.47049268377473713,0.0,0.0005459816592502377,1
2.1,PINN Conservative,0.2514641476959154,0.0031973954005271475,0.04665861995966099,0.07236129396898386,-0.0005365125834941864,0.47079017758369446,0.9404125791043043,0.4702121789404674,0.0,0.000536519303376524,1
2.105,PINN Conservative,0.25144694500916953,0.0031287665693578498,0.04685701024859377,0.07264359144740085,-0.0005274675786495209,0.47051680088043213,0.9398530051112175,0.4699323884395594,0.0,0.0005274741852421237,1
2.11,PINN Conservative,0.25142977757657226,0.003060278381975657,0.04705580841127239,0.07292613173939769,-0.0005177520215511322,0.4702453017234802,0.9392968732863665,0.4696543190443261,0.0,0.0005177585064552554,1
2.115,PINN Conservative,0.2514126606759158,0.002991991787989015,0.047255014110929444,0.07320919800164638,-0.000506620854139328,0.4699757397174835,0.9387428387999535,0.4693772983314465,0.0,0.0005066271996242884,1
2.12,PINN Conservative,0.25139560809524897,0.002923961793786868,0.04745464460214955,0.07349297160513396,-0.0004966072738170624,0.46970662474632263,0.9381912965327501,0.4691015237437794,0.0,0.0004966134938807678,1
2.125,PINN Conservative,0.25137858519105016,0.0028560501916325746,0.04765465257371171,0.07377700066427706,-0.000485491007566452,0.46943989396095276,0.9376433026045561,0.4688275233478386,0.0,0.0004854970883976332,1
2.13,PINN Conservative,0.25136163231130837,0.002788417946808267,0.047855080611737204,0.07406130938815758,-0.0004743151366710663,0.46917471289634705,0.9370984621345997,0.46855509970076537,0.0,0.00047432107752316827,1
2.1350000000000002,PINN Conservative,0.25134471730908026,0.0027209368114896972,0.048055898667306744,0.07434694251241739,-0.00046282634139060974,0.46891045570373535,0.9365551602095366,0.468283445335774,0.0,0.0004628321383442183,1
2.14,PINN Conservative,0.2513278707474082,0.0026537287146468067,0.04825713112080321,0.07463213128772661,-0.0004508309066295624,0.4686477482318878,0.9360144473612309,0.46801308552537557,0.0,0.00045083655333895916,1
2.145,PINN Conservative,0.25131107197684777,0.002586711276866624,0.048458750584876545,0.07491813241637729,-0.00043853744864463806,0.4683873951435089,0.9354785028845072,0.46774510993063034,0.0,0.0004385429413770477,1
2.15,PINN Conservative,0.2512943235107579,0.002519894525006618,0.04866075803091105,0.07520463562337931,-0.0004256926476955414,0.46812739968299866,0.9349424876272678,0.467477098945184,0.0,0.0004256979795453293,1
2.1550000000000002,PINN Conservative,0.2512776401104616,0.002453337348259796,0.048863165254952115,0.07549147476402068,-0.00041283294558525085,0.46786946058273315,0.9344105664640665,0.46721113503239625,0.0,0.00041283811636577824,1
2.16,PINN Conservative,0.2512610162905715,0.0023870178630840556,0.04906596849486402,0.07577906405399573,-0.00039925798773765564,0.4676130712032318,0.9338817447423935,0.46694672085978306,0.0,0.00039926298849026143,1
2.165,PINN Conservative,0.2512444572083212,0.0023209566438767695,0.04926915983143404,0.07606668342176462,-0.00038519129157066345,0.4673576056957245,0.9333536829799414,0.46668268667153956,0.0,0.00038519611613626817,1
2.17,PINN Conservative,0.2512279642937897,0.002255159395830845,0.0494727430161929,0.07635509225081569,-0.00037136301398277283,0.46710404753685,0.9328299127519131,0.466420798277384,0.0,0.00037136766534759684,1
2.1750000000000003,PINN Conservative,0.2512115311330637,0.0021896005311197323,0.04967671297265248,0.07664366034911627,-0.0003571026027202606,0.46685221791267395,0.9323092829436064,0.4661604801127563,0.0,0.00035710707547177955,1
2.18,PINN Conservative,0.25119516535944586,0.0021243105022325922,0.04988106282679156,0.07693287297713891,-0.0003429017961025238,0.46660077571868896,0.9317898489534855,0.46590075986471036,0.0,0.0003429060909872927,1
2.185,PINN Conservative,0.2511788688206652,0.002059296680546292,0.05008580195733472,0.07722235448116826,-0.000327523797750473,0.46635159850120544,0.9312734100967646,0.46564253720212156,0.0,0.00032752790002402887,1
2.19,PINN Conservative,0.2511626332457568,0.001994526069665163,0.05029091921018997,0.07751226122635091,-0.00031227990984916687,0.4661039710044861,0.9307604432106018,0.46538605054655535,0.0,0.00031228382119125866,1
2.195,PINN Conservative,0.251146481317413,0.0019300891604929445,0.05049642760352213,0.07780244827825075,-0.0002968721091747284,0.46585723757743835,0.9302490949630737,0.46513037322044326,0.0,0.0002968758275323296,1
2.2,PINN Conservative,0.2511303929231681,0.0018659057158524883,0.050702304605820564,0.07809329105748386,-0.0002814345061779022,0.46561190485954285,0.929740758612752,0.46487620186179646,0.0,0.0002814380311777353,1
2.205,PINN Conservative,0.2511143748153437,0.0018020026736260402,0.05090856122246289,0.07838434378917264,-0.00026534125208854675,0.4653685986995697,0.9292357042431831,0.4646236715140798,0.0,0.0002653445755185057,1
2.21,PINN Conservative,0.2510984398609212,0.0017384313656722498,0.05111520133552754,0.07867599677968062,-0.00024889037013053894,0.4651258885860443,0.92873171903193,0.4643716757522166,0.0,0.0002488934875112933,1
2.215,PINN Conservative,0.2510825777146686,0.0016751505204628087,0.051322209844963974,0.07896830767900315,-0.00023246929049491882,0.4648849368095398,0.9282311592251062,0.4641213927140199,0.0,0.00023247220219974608,1
2.22,PINN Conservative,0.2510667885872755,0.0016121609785280137,0.05152958438676495,0.07926045765407078,-0.00021591410040855408,0.4646456837654114,0.9277338646352291,0.4638727423047451,0.0,0.00021591680475770527,1
2.225,PINN Conservative,0.2510510902848091,0.0015495337758400988,0.0517373447537879,0.07955296461949213,-0.00019895657896995544,0.4644072949886322,0.9272380135953426,0.463624813679506,0.0,0.00019895907092418375,1
2.23,PINN Conservative,0.25103546094775825,0.0014871817055155108,0.05194546388593753,0.07984620184571498,-0.0001823417842388153,0.4641698896884918,0.926744831725955,0.4633782196562321,0.0,0.00018234406809081248,1
2.235,PINN Conservative,0.25101992310126414,0.0014251946299190697,0.05215395566792022,0.08013962077944198,-0.00016441568732261658,0.46393531560897827,0.9262559954077005,0.4631337984357391,0.0,0.00016441774664817065,1
2.24,PINN Conservative,0.25100445807412697,0.0013634980616966602,0.05236280135260114,0.08043355357899734,-0.00014699622988700867,0.46370095014572144,0.9257677309215069,0.46288966313485763,0.0,0.0001469980710318379,1
2.245,PINN Conservative,0.25098907320132785,0.0013021212632064545,0.05257201722293732,0.08072785979039773,-0.00012972578406333923,0.46346762776374817,0.9252821765840054,0.46264688292529466,0.0,0.00012972740889383134,1
2.25,PINN Conservative,0.25097378352200156,0.0012411242319509573,0.052781597630518526,0.08102247038528806,-0.00011144205927848816,0.46323704719543457,0.9248012099415064,0.4624063965919637,0.0,0.00011144345510320664,1
2.255,PINN Conservative,0.2509585717446856,0.0011804379849348363,0.0529915281233383,0.08131742560128213,-9.391829371452332e-05,0.463006854057312,0.924321299418807,0.46216643832514653,0.0,9.391947005204555e-05,1
2.2600000000000002,PINN Conservative,0.2509434476133074,0.0011201013948270798,0.05320182086865992,0.0816129463529939,-7.511302828788757e-05,0.46277767419815063,0.9238428547978401,0.46192721301837586,0.0,7.511396908727914e-05,1
2.265,PINN Conservative,0.2509284171744719,0.001060138584105731,0.053412467165243664,0.08190880096715858,-5.7291239500045776e-05,0.4625505805015564,0.9233694411814213,0.46169050324538624,0.0,5.7291957079465645e-05,1
2.27,PINN Conservative,0.2509134740394366,0.0010005240653606375,0.05362347410138591,0.08220469473791844,-3.836676478385925e-05,0.4623245894908905,0.9228971302509308,0.4614543448222664,0.0,3.836724533203828e-05,1
2.275,PINN Conservative,0.2508986285562302,0.0009412991212778053,0.0538348289737565,0.08250106817189737,-1.9919127225875854e-05,0.4620995819568634,0.922427024692297,0.46121928909888615,0.0,1.991937671525475e-05,1
2.2800000000000002,PINN Conservative,0.2508838724268524,0.0008824306476061866,0.054046540025432625,0.08279779097912188,-1.173466444015503e-06,0.46187546849250793,0.9219587687402964,0.4609851581904058,0.0,1.173481141818823e-06,1
2.285,PINN Conservative,0.2508692087314732,0.0008239309324534804,0.0542585917962401,0.0830949190611667,1.731887459754944e-05,0.46165406703948975,0.9214965458959341,0.4607540438735273,0.0,0.0,1
2.29,PINN Conservative,0.25085464143310787,0.0007658157859721747,0.05447099949400458,0.0833923999479538,3.636255860328674e-05,0.46143314242362976,0.921034125611186,0.4605228308352194,0.0,0.0,1
2.295,PINN Conservative,0.25084016969645617,0.0007080818757947932,0.054683744565680946,0.08368997283185037,5.5495649576187134e-05,0.4612126052379608,0.9205728713423014,0.46029220081214545,0.0,0.0,1
2.3000000000000003,PINN Conservative,0.25082578578566733,0.0006506983403236166,0.054896827530751445,0.08398799200553628,7.471814751625061e-05,0.4609951674938202,0.9201177228242159,0.46006462370270873,0.0,0.0,1
2.305,PINN Conservative,0.250811511217183,0.0005937510177920378,0.05511026059511948,0.08428650456518244,9.365752339363098e-05,0.46077829599380493,0.9196641091257334,0.45983781401268536,0.0,0.0,1
2.31,PINN Conservative,0.2507973355255103,0.0005371981568998398,0.05532403152645182,0.08458531924373949,0.00011296942830085754,0.4605619013309479,0.9192108418792486,0.4596111775508306,0.0,0.0,1
2.315,PINN Conservative,0.2507832498579576,0.00048100444049591556,0.055538136186789044,0.08488421080581937,0.00013243034482002258,0.46034741401672363,0.9187614750117064,0.4593864913028734,0.0,0.0,1
2.32,PINN Conservative,0.25076926688946133,0.0004252204342909045,0.055752574840014814,0.08518379287928957,0.0001514144241809845,0.4601346254348755,0.918316101655364,0.45916380183552574,0.0,0.0,1
2.325,PINN Conservative,0.2507553927523939,0.00036987060292522397,0.055967341936867004,0.08548302313621725,0.0001708008348941803,0.4599222242832184,0.9178713355213404,0.4589414159831402,0.0,0.0,1
2.33,PINN Conservative,0.25074162162295927,0.00031493171280063314,0.05618244988960768,0.08578312237997607,0.0001901872456073761,0.45971065759658813,0.9174277633428574,0.4587196271160022,0.0,0.0,1
2.335,PINN Conservative,0.25072795683303634,0.00026041705619855166,0.05639788845742301,0.08608369400261542,0.0002095438539981842,0.45950207114219666,0.9169907793402672,0.45850113237806944,0.0,0.0,1
2.34,PINN Conservative,0.250714388387921,0.0002062867599949865,0.056613638976022035,0.08638361348636056,0.00022848322987556458,0.4592936336994171,0.9165543876588345,0.4582829338044249,0.0,0.0,1
2.345,PINN Conservative,0.25070093687739337,0.0001526229655767567,0.05682972928714238,0.08668459215988347,0.0002483762800693512,0.4590858221054077,0.9161184169352055,0.4580649457123184,0.0,0.0,1
2.35,PINN Conservative,0.25068758373746314,9.935161329387659e-05,0.05704613255893358,0.08698571481274606,0.00026743486523628235,0.45888033509254456,0.9156878050416708,0.45784963706881915,0.0,0.0,1
2.355,PINN Conservative,0.25067433342617285,4.649048817340449e-05,0.057262851891331706,0.08728706681772813,0.00028701499104499817,0.4586758315563202,0.9152588788419962,0.4576351712828067,0.0,0.0,1
2.36,PINN Conservative,0.25066121860040913,5.830127579746268e-06,0.057479917207423806,0.08758879606096495,0.0003063865005970001,0.4584721624851227,0.9148317091166973,0.45742158374498204,0.0,0.0,1
2.365,PINN Conservative,0.2506481840483121,5.7830497548164954e-05,0.057697274047964785,0.08789058986067477,0.0003256984055042267,0.45826923847198486,0.9144062101840973,0.4572088316139703,0.0,0.0,1
2.37,PINN Conservative,0.2506352827489913,0.00010929926553953677,0.05791495317000416,0.08819294542839784,0.00034495070576667786,0.4580690860748291,0.9139864332973957,0.4569989405417424,0.0,0.0,1
2.375,PINN Conservative,0.25062248642063206,0.00016034925973661487,0.0581329492825297,0.0884951102300737,0.00036424770951271057,0.4578688442707062,0.913566192612052,0.45678881756728884,0.0,0.0,1
2.38,PINN Conservative,0.25060979194670646,0.00021099291329450704,0.058351242513902286,0.08879784379297787,0.0003834553062915802,0.4576698839664459,0.9131490774452686,0.4565802573716893,0.0,0.0,1
2.3850000000000002,PINN Conservative,0.25059721853446076,0.00026115360034176824,0.05856985856505493,0.08910084530638859,0.00040239468216896057,0.4574720859527588,0.9127340838313103,0.4563727579657885,0.0,0.0,1
2.39,PINN Conservative,0.25058477032497095,0.00031081480036572294,0.05878877574639133,0.0894039173068058,0.00042115524411201477,0.457276314496994,0.9123237933963537,0.4561676101788426,0.0,0.0,1
2.395,PINN Conservative,0.25057242205413105,0.00036007730262616186,0.05900799385095844,0.08970752990429859,0.00044000521302223206,0.4570809602737427,0.9119141343981028,0.4559627781142039,0.0,0.0,1
2.4,PINN Conservative,0.25056019214049985,0.0004088676276614054,0.059227506728371286,0.09001108569719238,0.0004588998854160309,0.4568865895271301,0.911506624892354,0.4557590208092776,0.0,0.0,1
2.4050000000000002,PINN Conservative,0.2505480849078751,0.00045716852600390486,0.05944733348643778,0.09031514772294014,0.00047764554619789124,0.45669394731521606,0.9111029673367739,0.45555718950355867,0.0,0.0,1
2.41,PINN Conservative,0.250536085452299,0.0005050394558779396,0.05966745242482716,0.09061920930008771,0.0004954524338245392,0.45650240778923035,0.9107020944356918,0.4553567505425279,0.0,0.0,1
2.415,PINN Conservative,0.250524222391198,0.000552366250202536,0.0598878750030712,0.09092353253511856,0.0005143173038959503,0.45631158351898193,0.9103015940636396,0.45515649784834494,0.0,0.0,1
2.42,PINN Conservative,0.2505124750788565,0.0005992312735146964,0.060108587572635465,0.09122825419060146,0.0005329437553882599,0.4561213552951813,0.9099027588963509,0.4549570777669722,0.0,0.0,1
2.4250000000000003,PINN Conservative,0.2505008213965966,0.0006457227666245214,0.0603295745288056,0.09153299207163199,0.0005511380732059479,0.45593345165252686,0.9095090087503195,0.4547602002280734,0.0,0.0,1
2.43,PINN Conservative,0.25048932278746955,0.0006915956070777446,0.060550874432875955,0.09183841417262437,0.0005684979259967804,0.4557465612888336,0.9091182351112366,0.45456481096128937,0.0,0.0,1
2.435,PINN Conservative,0.25047792045043427,0.0007370843772268259,0.060772447314060896,0.09214338723696952,0.0005868710577487946,0.4555599093437195,0.9087270442396402,0.45436921307563566,0.0,0.0,1
2.44,PINN Conservative,0.25046664984100636,0.0007820476299459501,0.06099430649779757,0.09244902387886211,0.000604826956987381,0.45537474751472473,0.9083387739956379,0.4541750755220696,0.0,0.0,1
2.445,PINN Conservative,0.2504555095934325,0.0008264908138058568,0.06121645990697449,0.09275467843928298,0.000622037798166275,0.45519140362739563,0.9079553596675396,0.45398336595686595,0.0,0.0,1
2.45,PINN Conservative,0.25044448585999946,0.000870469173221864,0.06143888252556279,0.09306030219200534,0.0006393231451511383,0.4550083875656128,0.9075726475566626,0.4537920075046707,0.0,0.0,1
2.455,PINN Conservative,0.2504335802861371,0.0009139761438747517,0.06166157645913725,0.09336640231558693,0.0006568022072315216,0.45482635498046875,0.9071917086839676,0.4536015356826714,0.0,0.0,1
2.46,PINN Conservative,0.25042280649208837,0.000956957388824798,0.06188455707508598,0.09367279403683773,0.0006732232868671417,0.45464569330215454,0.9068145658820868,0.4534129619198523,0.0,0.0,1
2.465,PINN Conservative,0.2504121636565368,0.0009994161846525428,0.062107813779152816,0.09397921375962945,0.0006904490292072296,0.4544665813446045,0.9064395967870951,0.4532254750240908,0.0,0.0,1
2.47,PINN Conservative,0.2504016433910535,0.0010413859963672007,0.06233134056252836,0.09428601405270332,0.0007068999111652374,0.45428794622421265,0.9060664810240269,0.4530389148058976,0.0,0.0,1
2.475,PINN Conservative,0.25039124467015805,0.0010828709150459415,0.06255513294512728,0.09459264674564388,0.0007234849035739899,0.45410993695259094,0.9056943580508232,0.452852850988854,0.0,0.0,1
2.48,PINN Conservative,0.25038096922225095,0.001123864045364647,0.062779184776094,0.09489981724430907,0.0007398314774036407,0.4539334774017334,0.9053259324282408,0.452668635870276,0.0,0.0,1
2.485,PINN Conservative,0.2503708254227096,0.0011643319743818803,0.06300351282282832,0.09520671228454061,0.0007555820047855377,0.4537586271762848,0.9049613159149885,0.4524863253302178,0.0,0.0,1
2.49,PINN Conservative,0.2503608121006219,0.0012042793733640024,0.06322809929553705,0.09551415515349249,0.0007713772356510162,0.4535845220088959,0.9045977927744389,0.45230456148335824,0.0,0.0,1
2.495,PINN Conservative,0.2503509167059734,0.0012437563096539513,0.06345294344938923,0.09582151082761273,0.0007865317165851593,0.4534108340740204,0.9042362160980701,0.45212377088077893,0.0,0.0,1
2.5,PINN Conservative,0.25034115979777977,0.0012826807645980292,0.06367804309515579,0.0961291705758793,0.0008019246160984039,0.4532386362552643,0.9038773849606514,0.4519443530648688,0.0,0.0,1
2.505,PINN Conservative,0.25033152566568273,0.001321115413494295,0.06390340034260938,0.09643725657257085,0.0008172132074832916,0.453067809343338,0.9035212770104408,0.4517662968596168,0.0,0.0,1
2.5100000000000002,PINN Conservative,0.25032203984600643,0.0013589583810890763,0.06412902390523623,0.09674515388414093,0.0008318014442920685,0.4528978168964386,0.9031674191355705,0.4515893657061262,0.0,0.0,1
2.515,PINN Conservative,0.25031266390654566,0.0013963629897883916,0.06435488209785531,0.09705333090578455,0.0008462704718112946,0.4527283012866974,0.9028151128441095,0.4514132103540571,0.0,0.0,1
2.52,PINN Conservative,0.2503034241965508,0.0014332241212300137,0.06458098965106017,0.09736179778533005,0.0008605010807514191,0.4525600075721741,0.9024651292711496,0.4512382163757847,0.0,0.0,1
2.525,PINN Conservative,0.2502943229487723,0.0014695328680234467,0.06480735377393787,0.09767002712415743,0.0008745081722736359,0.45239338278770447,0.9021189454942942,0.451065122319361,0.0,0.0,1
2.5300000000000002,PINN Conservative,0.2502853436884028,0.0015053549551792761,0.0650339514879214,0.09797869703706752,0.0008883662521839142,0.4522276818752289,0.9017743971198797,0.4508928459743996,0.0,0.0,1
2.535,PINN Conservative,0.2502765011282878,0.0015406316869014097,0.06526079532157036,0.09828744760482078,0.0009017176926136017,0.4520622193813324,0.9014313127845526,0.4507213016581505,0.0,0.0,1
2.54,PINN Conservative,0.2502677858321442,0.001575400708535375,0.06548787847369326,0.09859625124916849,0.0009151734411716461,0.45189741253852844,0.9010893125087023,0.4505502993784288,0.0,0.0,1
2.545,PINN Conservative,0.2502592093328963,0.0016096160103427537,0.06571520189797715,0.0989052172231138,0.0009277351200580597,0.4517350196838379,0.9007535055279732,0.45038239378505357,0.0,0.0,1
2.5500000000000003,PINN Conservative,0.2502507595932698,0.0016433256141283423,0.06594275393132662,0.09921417369233154,0.0009406395256519318,0.4515732228755951,0.9004178382456303,0.45021455804174626,0.0,0.0,1
2.555,PINN Conservative,0.2502424400635399,0.0016765157552775729,0.06617053167467245,0.0995233186689603,0.0009529329836368561,0.45141205191612244,0.9000845104455948,0.45004789205424384,0.0,0.0,1
2.56,PINN Conservative,0.25023427014299726,0.0017091090417723192,0.06639855717184409,0.09983272303191248,0.0009650178253650665,0.4512511193752289,0.8997517470270395,0.449881508261016,0.0,0.0,1
2.565,PINN Conservative,0.2502262165837057,0.0017412381137654053,0.0666267942201344,0.10014233194539363,0.0009767599403858185,0.45109236240386963,0.8994234371930361,0.4497173512879549,0.0,0.0,1
2.57,PINN Conservative,0.250218290839348,0.0017728572776466768,0.06685525964913973,0.1004517583686004,0.0009884126484394073,0.4509344696998596,0.8990973010659218,0.44955428118195134,0.0,0.0,1
2.575,PINN Conservative,0.250210520965201,0.0018038546089889317,0.06708395372660032,0.10076154119531136,0.0009993351995944977,0.4507770240306854,0.8987727947533131,0.4493920259934074,0.0,0.0,1
2.58,PINN Conservative,0.2502028690184932,0.0018343814776394561,0.06731285809266319,0.10107129268499293,0.0010101981461048126,0.45062053203582764,0.8984502460807562,0.4492307496371492,0.0,0.0,1
2.585,PINN Conservative,0.2501953493363715,0.0018643806866235357,0.06754197781384494,0.10138103344069752,0.001020539551973343,0.45046523213386536,0.8981303684413433,0.4490708088141905,0.0,0.0,1
2.59,PINN Conservative,0.25018797321683234,0.001893807163430067,0.06777132136806238,0.10169110515022528,0.0010309703648090363,0.4503110945224762,0.8978132046759129,0.44891222494521876,0.0,0.0,1
2.595,PINN Conservative,0.25018073132614027,0.0019226981442980117,0.06800088073471755,0.10200082196389554,0.0010405667126178741,0.4501580595970154,0.897498955950141,0.44875509861433194,0.0,0.0,1
2.6,PINN Conservative,0.25017360659191257,0.0019511217382204204,0.06823063349549786,0.10231126339102603,0.0010504163801670074,0.4500049948692322,0.8971845172345638,0.44859787728735273,0.0,0.0,1
2.605,PINN Conservative,0.2501666494081164,0.001978876902237221,0.06846061619617451,0.10262129612557797,0.0010595209896564484,0.44985294342041016,0.8968722503632307,0.44844174189609676,0.0,0.0,1
2.61,PINN Conservative,0.25015979729596527,0.0020062128907905943,0.06869078515947385,0.10293145604659312,0.00106855109333992,0.4497031271457672,0.8965651262551546,0.44828817791867615,0.0,0.0,1
2.615,PINN Conservative,0.2501530868912095,0.002032983548296777,0.06892116073018466,0.1032419426214328,0.0010769255459308624,0.44955331087112427,0.8962586559355259,0.44813494083957367,0.0,0.0,1
2.62,PINN Conservative,0.2501465198308886,0.0020591823439094206,0.06915174512805239,0.10355235252201866,0.001085568219423294,0.4494045376777649,0.8959538787603378,0.44798255034329487,0.0,0.0,1
2.625,PINN Conservative,0.25014007557742857,0.0020848912107424597,0.06938251735355215,0.10386274953471411,0.001093391329050064,0.4492560029029846,0.8956504035741091,0.44783081084964954,0.0,0.0,1
2.63,PINN Conservative,0.25013376347295513,0.002110072879084726,0.06961348334782376,0.10417322191294603,0.001100841909646988,0.4491088390350342,0.89534991979599,0.44768056707879295,0.0,0.0,1
2.6350000000000002,PINN Conservative,0.25012760344907653,0.0021346478332769556,0.0698446553089322,0.10448396932567441,0.0011082477867603302,0.4489629566669464,0.8950526397675276,0.4475319252028283,0.0,0.0,1
2.64,PINN Conservative,0.2501215710732583,0.0021587135450867683,0.070076015396981,0.10479431735081696,0.001115012913942337,0.44881802797317505,0.8947575502097607,0.4473843785759294,0.0,0.0,1
2.645,PINN Conservative,0.2501156609113868,0.0021822916935034264,0.07030754962169898,0.10510525275840168,0.0011221207678318024,0.4486735165119171,0.8944624736905098,0.44723683846837015,0.0,0.0,1
2.65,PINN Conservative,0.2501098966334123,0.002205287849032412,0.07053927875577325,0.10541583317057979,0.0011283941566944122,0.44852957129478455,0.8941698428243399,0.4470905212026674,0.0,0.0,1
2.6550000000000002,PINN Conservative,0.2501042608415952,0.002227771418653585,0.07077118715162906,0.10572684800137469,0.0011343546211719513,0.4483870565891266,0.8938802611082792,0.4469457285311148,0.0,0.0,1
2.66,PINN Conservative,0.2500987561238749,0.002249732077976341,0.07100326910500837,0.1060376211024816,0.001139659434556961,0.448245644569397,0.8935938999056816,0.44680254613646236,0.0,0.0,1
2.665,PINN Conservative,0.2500933991079485,0.002271103492047634,0.0712355427747902,0.10634857352293353,0.0011453665792942047,0.44810470938682556,0.8933077342808247,0.44665946153190506,0.0,0.0,1
2.67,PINN Conservative,0.2500881605620335,0.0022920022788757567,0.07146797934866357,0.10665930214293623,0.0011501200497150421,0.4479648172855377,0.8930247258394957,0.44651795553888374,0.0,0.0,1
2.6750000000000003,PINN Conservative,0.25008305818592014,0.002312357826472339,0.07170059780789478,0.10697036060527543,0.0011546649038791656,0.44782498478889465,0.8927422780543566,0.44637672987746857,0.0,0.0,1
2.68,PINN Conservative,0.2500780816381057,0.002332211391488613,0.07193337282928881,0.10728124099960948,0.001159030944108963,0.447687029838562,0.8924636486917734,0.44623741345124446,0.0,0.0,1
2.685,PINN Conservative,0.25007325703011557,0.002351458803948249,0.07216632677408974,0.10759228022944514,0.0011628605425357819,0.4475501775741577,0.892187524586916,0.44609934966957254,0.0,0.0,1
2.69,PINN Conservative,0.25006856443593517,0.0023701795571951156,0.07239945010732043,0.10790308835995449,0.001166362315416336,0.4474133253097534,0.891912080347538,0.445961625824898,0.0,0.0,1
2.695,PINN Conservative,0.25006398202868196,0.0023884607279433213,0.07263272215814626,0.10821413857395995,0.0011700578033924103,0.4472772181034088,0.8916375748813152,0.4458243713726802,0.0,0.0,1
2.7,PINN Conservative,0.2500595473092389,0.002406152709227222,0.072866158327946,0.10852513167227285,0.0011729486286640167,0.44714173674583435,0.8913653641939163,0.4456882643242456,0.0,0.0,1
2.705,PINN Conservative,0.25005524764182396,0.002423305910553458,0.07309975323387709,0.1088361075641329,0.0011752583086490631,0.4470082223415375,0.8910976685583591,0.4455544148300075,0.0,0.0,1
2.71,PINN Conservative,0.25005106795840226,0.0024399804447193378,0.0733334994851861,0.10914727184062858,0.0011775977909564972,0.4468750059604645,0.8908305335789919,0.4454208456673756,0.0,0.0,1
2.715,PINN Conservative,0.2500470226996012,0.002456118701922651,0.07356739420451423,0.10945842841867975,0.0011798031628131866,0.44674253463745117,0.8905646707862616,0.4452879126060293,0.0,0.0,1
2.72,PINN Conservative,0.2500431121348425,0.0024717196073258843,0.07380144808634283,0.10976907740606459,0.0011808164417743683,0.4466107189655304,0.8903019037097692,0.4451565274221891,0.0,0.0,1
2.725,PINN Conservative,0.25003932629272835,0.002486822941073843,0.07403564088533347,0.11008022979223098,0.0011825300753116608,0.4464794397354126,0.8900391515344381,0.4450251496890228,0.0,0.0,1
2.73,PINN Conservative,0.25003567325684045,0.002501396454322633,0.07426997685340198,0.11039107411263258,0.0011831559240818024,0.44634974002838135,0.8897806443274021,0.4448958944665884,0.0,0.0,1
2.735,PINN Conservative,0.2500321359818315,0.002515508148209481,0.07450444484299872,0.11070206396227686,0.0011840350925922394,0.4462204873561859,0.8895231373608112,0.4447671393706406,0.0,0.0,1
2.74,PINN Conservative,0.2500287523713183,0.002529006809092208,0.07473906927868382,0.11101298946840846,0.0011839009821414948,0.4460922181606293,0.8892681282013655,0.4446396331939081,0.0,0.0,1
2.745,PINN Conservative,0.2500254810965798,0.0025420573148098352,0.07497382026561633,0.11132367174369734,0.0011840499937534332,0.4459643065929413,0.8890139106661081,0.4445125228342274,0.0,0.0,1
2.75,PINN Conservative,0.2500223389717641,0.0025545925865771437,0.07520870462684684,0.1116346497461847,0.0011835582554340363,0.4458371102809906,0.8887614086270332,0.4443862702333813,0.0,0.0,1
2.755,PINN Conservative,0.25001931509042197,0.0025666561348572756,0.07544371021687994,0.1119458563378938,0.0011828429996967316,0.4457111656665802,0.8885116260498762,0.4442613773805249,0.0,0.0,1
2.7600000000000002,PINN Conservative,0.2500164303443841,0.0025781646132551255,0.07567885737207714,0.11225640766897482,0.0011818744242191315,0.44558611512184143,0.8882643654942513,0.4441377455542288,0.0,0.0,1
2.765,PINN Conservative,0.2500136690652436,0.002589180529707277,0.07591412319488537,0.11256708111793723,0.0011804141104221344,0.445461630821228,0.8880182541906834,0.4440146883611586,0.0,0.0,1
2.77,PINN Conservative,0.25001103219830684,0.002599700112984648,0.07614950777148484,0.11287791456481883,0.0011784322559833527,0.44533732533454895,0.88777313567698,0.443892127569238,0.0,0.0,1
2.775,PINN Conservative,0.25000852542753155,0.0026097006873634586,0.07638502481902663,0.11318861428054064,0.0011762119829654694,0.4452139139175415,0.8875300474464893,0.4437705819316385,0.0,0.0,1
2.7800000000000002,PINN Conservative,0.25000613980700037,0.0026192179419113454,0.07662065379691867,0.11349936660043847,0.0011741109192371368,0.4450915455818176,0.8872890416532755,0.44365007752571883,0.0,0.0,1
2.785,PINN Conservative,0.2500038757469054,0.002628250240197618,0.07685639327024209,0.1138100072283584,0.0011715926229953766,0.44497016072273254,0.8870504200458527,0.44353076522762575,0.0,0.0,1
2.79,PINN Conservative,0.2500017358799343,0.002636787079312056,0.07709224678916926,0.11412050955679576,0.0011687465012073517,0.44484975934028625,0.8868140894919634,0.44341259847064735,0.0,0.0,1
2.795,PINN Conservative,0.24999971309577945,0.0026448568252944904,0.07732820330674914,0.11443080002983044,0.0011652149260044098,0.444729745388031,0.8865791019052267,0.44329510320565557,0.0,0.0,1
2.8000000000000003,PINN Conservative,0.2499978189077881,0.00265241354650795,0.07756427072985908,0.11474118983411127,0.0011617280542850494,0.444610059261322,0.8863447234034538,0.4431779124869602,0.0,0.0,1
2.805,PINN Conservative,0.2499960464946515,0.002659484456053085,0.0778004463769147,0.11505144699337347,0.0011579431593418121,0.4444909393787384,0.8861117754131556,0.44306143703296075,0.0,0.0,1
2.81,PINN Conservative,0.24999438515501665,0.0026661122461768072,0.07803670835642523,0.11536171888047575,0.0011540241539478302,0.44437360763549805,0.8858822975307703,0.4429466966546496,0.0,0.0,1
2.815,PINN Conservative,0.24999284244947012,0.0026722667544847724,0.07827307592516462,0.11567215756923399,0.0011494196951389313,0.4442567229270935,0.8856546394526958,0.44283286618989043,0.0,0.0,1
2.82,PINN Conservative,0.2499914326545623,0.0026778910257478005,0.07850955243520134,0.11598214034122042,0.0011444874107837677,0.4441402852535248,0.8854281976819038,0.44271964388638974,0.0,0.0,1
2.825,PINN Conservative,0.2499901310450307,0.0026830836995499906,0.07874609851540436,0.11629222275337628,0.0011392273008823395,0.4440240263938904,0.8852024469524622,0.4426067671078919,0.0,0.0,1
2.83,PINN Conservative,0.2499889432796621,0.0026878222005850675,0.07898274356157906,0.11660190743070606,0.0011339075863361359,0.4439087510108948,0.8849785979837179,0.44249484122165256,0.0,0.0,1
2.835,PINN Conservative,0.24998786767014303,0.002692113264253107,0.07921947016211481,0.11691173729875068,0.0011283643543720245,0.443794310092926,0.8847565222531557,0.44238380196560934,0.0,0.0,1
2.84,PINN Conservative,0.2499869113650035,0.0026959283720287726,0.07945628595224963,0.11722133889972589,0.0011222995817661285,0.4436810612678528,0.8845375869423151,0.44227433293909396,0.0,0.0,1
2.845,PINN Conservative,0.24998607156375,0.002699278696271394,0.07969318149846556,0.11753110587643384,0.0011166520416736603,0.44356855750083923,0.8843196090310812,0.4421653426183777,0.0,0.0,1
2.85,PINN Conservative,0.2499853549599722,0.0027021375334058306,0.07993016847412326,0.11784057165459558,0.0011093951761722565,0.4434564709663391,0.8841039519757032,0.4420575127401239,0.0,0.0,1
2.855,PINN Conservative,0.24998472712922828,0.00270464221716622,0.08016720577961625,0.11815024086060508,0.0011029727756977081,0.4433441758155823,0.8838872853666544,0.44194917807871226,0.0,0.0,1
2.86,PINN Conservative,0.24998422745555582,0.0027066356278824637,0.08040433567840279,0.1184594662098381,0.0010964013636112213,0.443232923746109,0.8836726117879152,0.4418418399449369,0.0,0.0,1
2.865,PINN Conservative,0.24998382979480027,0.0027082220657022194,0.08064152721889362,0.11876853432904619,0.0010885335505008698,0.4431230425834656,0.8834619726985693,0.44173651908112443,0.0,0.0,1
2.87,PINN Conservative,0.24998355829422625,0.0027093051969207453,0.08087879707876583,0.1190778675147485,0.0010814256966114044,0.44301390647888184,0.8832521867007017,0.4416316247683937,0.0,0.0,1
2.875,PINN Conservative,0.24998337056886805,0.002710054113186246,0.08111611611161444,0.11938670224341952,0.0010736621916294098,0.4429049789905548,0.8830435872077942,0.4415273237155735,0.0,0.0,1
2.88,PINN Conservative,0.24998331263295942,0.0027102852441572667,0.081353512024346,0.11969538087619061,0.0010654963552951813,0.4427966773509979,0.8828361704945564,0.4414236140599954,0.0,0.0,1
2.8850000000000002,PINN Conservative,0.24998334024448293,0.0027101750900509094,0.0815909473699645,0.12000417152111953,0.0010568983852863312,0.4426890015602112,0.8826306723058224,0.44132086367868406,0.0,0.0,1
2.89,PINN Conservative,0.24998348960941946,0.0027095792098164335,0.08182846109735627,0.12031270710220543,0.0010483749210834503,0.44258174300193787,0.8824258092790842,0.4412184308823484,0.0,0.0,1
2.895,PINN Conservative,0.24998373988534772,0.002708580752733537,0.08206601140623014,0.12062109418004277,0.0010396726429462433,0.4424755573272705,0.8822235129773617,0.44111728146459483,0.0,0.0,1
2.9,PINN Conservative,0.24998409214342857,0.0027071754454861662,0.08230362176967461,0.1209295530644865,0.001030314713716507,0.44237056374549866,0.8820243738591671,0.44101771065837725,0.0,0.0,1
2.9050000000000002,PINN Conservative,0.24998454473170642,0.0027053698784274298,0.08254127725356337,0.12123761281817338,0.0010211654007434845,0.4422655701637268,0.8818245511502028,0.44091779805249376,0.0,0.0,1
2.91,PINN Conservative,0.2499850996442743,0.002703156096272553,0.08277898247909019,0.12154562780575454,0.0010117776691913605,0.4421611726284027,0.8816261552274227,0.4408185988486378,0.0,0.0,1
2.915,PINN Conservative,0.24998574674752233,0.0027005745262995025,0.08301671180028947,0.12185354854319488,0.0010022260248661041,0.4420570135116577,0.8814286347478628,0.44071983737187437,0.0,0.0,1
2.92,PINN Conservative,0.2499865141843592,0.002697512894480718,0.0832545089121521,0.12216101545990399,0.0009923018515110016,0.44195348024368286,0.8812321461737156,0.4406215918542797,0.0,0.0,1
2.9250000000000003,PINN Conservative,0.24998735175472692,0.0026941714701899425,0.0834923187813472,0.12246866757117028,0.0009820647537708282,0.44185152649879456,0.8810398411005735,0.44052543811338696,0.0,0.0,1
2.93,PINN Conservative,0.24998830759653579,0.002690358210837232,0.08373017589620813,0.12277605245459086,0.0009713806211948395,0.4417499601840973,0.880848404020071,0.4404297183742499,0.0,0.0,1
2.935,PINN Conservative,0.24998934988819949,0.0026862000662593584,0.08396806289327755,0.1230834056343339,0.0009609945118427277,0.4416486322879791,0.8806571420282125,0.4403340861805313,0.0,0.0,1
2.94,PINN Conservative,0.24999047920958056,0.0026816947231380933,0.08420596459473584,0.12339013817668634,0.0009499825537204742,0.4415481686592102,0.8804679922759533,0.4402395101198404,0.0,0.0,1
2.945,PINN Conservative,0.24999171189285135,0.0026767770254943453,0.08444390923504791,0.12369719817618224,0.0009392686188220978,0.4414478540420532,0.8802788443863392,0.44014493499048374,0.0,0.0,1
2.95,PINN Conservative,0.24999302640292526,0.0026715328859442376,0.08468185881320547,0.12400372468684095,0.0009281672537326813,0.4413479268550873,0.8800910953432322,0.440051059293141,0.0,0.0,1
2.955,PINN Conservative,0.24999443553220313,0.0026659112701620338,0.08491983955592694,0.12431037621525312,0.0009171254932880402,0.44124945998191833,0.8799060862511396,0.43995855358846453,0.0,0.0,1
2.96,PINN Conservative,0.2499959295404864,0.002659951035940863,0.08515783061214999,0.12461649368897112,0.0009055472910404205,0.4411514401435852,0.8797228671610355,0.4398669428959923,0.0,0.0,1
2.965,PINN Conservative,0.2499975251617494,0.002653585424342817,0.08539584657850958,0.12492252373816495,0.0008934028446674347,0.4410538375377655,0.8795402124524117,0.43977561439779467,0.0,0.0,1
2.97,PINN Conservative,0.24999919035252893,0.0026469422703656446,0.08563386169594188,0.12522849020588386,0.0008817501366138458,0.4409569203853607,0.8793590348213911,0.43968502444764895,0.0,0.0,1
2.975,PINN Conservative,0.25000094305313714,0.002639950002477049,0.08587188417376822,0.12553493753324813,0.0008694566786289215,0.4408605396747589,0.8791792076081038,0.4395951097148269,0.0,0.0,1
2.98,PINN Conservative,0.2500027829158429,0.002632610007924312,0.0861099188401547,0.12583996691978103,0.0008574612438678741,0.440763920545578,0.8789987247437239,0.4395048671523526,0.0,0.0,1
2.985,PINN Conservative,0.25000471489278375,0.002624902530525186,0.08634795929107351,0.12614540208080313,0.0008450038731098175,0.44066864252090454,0.8788212668150663,0.43941613707668326,0.0,0.0,1
2.99,PINN Conservative,0.25000671239605204,0.002616933640747397,0.08658598768065202,0.12645054845136292,0.0008326657116413116,0.4405738413333893,0.8786446433514357,0.4393278242387532,0.0,0.0,1
2.995,PINN Conservative,0.2500087837749222,0.0026086700297855083,0.0868240098878739,0.1267557121558006,0.0008195824921131134,0.4404798746109009,0.8784705493599176,0.4392407761527205,0.0,0.0,1
3.0,PINN Conservative,0.2500109540063653,0.0026000120538828063,0.08706204298859799,0.1270603586458019,0.0008071251213550568,0.44038650393486023,0.8782969061285257,0.43915395344957375,0.0,0.0,1
3.005,PINN Conservative,0.2500131856789952,0.0025911089629641554,0.08730005383870654,0.12736474307605306,0.000794190913438797,0.44029346108436584,0.8781243916600943,0.4390676951349761,0.0,0.0,1
3.0100000000000002,PINN Conservative,0.2500154967284626,0.0025818892040936053,0.08753806498288291,0.12766908996830423,0.0007810182869434357,0.44020065665245056,0.8779523484408855,0.4389816724479411,0.0,0.0,1
3.015,PINN Conservative,0.25001788465073094,0.0025723627669377042,0.0877760536864022,0.12797319737782265,0.0007675476372241974,0.44010818004608154,0.8777813836932182,0.43889618900343086,0.0,0.0,1
3.02,PINN Conservative,0.2500203336860325,0.0025625925239099196,0.08801402076201012,0.1282773589341473,0.0007544346153736115,0.4400166869163513,0.8776117861270905,0.43881138915825235,0.0,0.0,1
3.025,PINN Conservative,0.25002286204037155,0.0025525058435189574,0.08825197380953526,0.12858068299203074,0.0007410533726215363,0.43992599844932556,0.8774443063884974,0.43872764824010424,0.0,0.0,1
3.0300000000000002,PINN Conservative,0.2500254615416025,0.00254213532792812,0.088489902359803,0.12888408399028672,0.0007271654903888702,0.43983614444732666,0.8772788811475039,0.4386449345836223,0.0,0.0,1
3.035,PINN Conservative,0.25002811940478253,0.002531531981709653,0.08872780104609278,0.12918725048475493,0.0007133670151233673,0.43974629044532776,0.8771136030554771,0.4385622945025453,0.0,0.0,1
3.04,PINN Conservative,0.2500308456152931,0.002520655968931814,0.08896567148507108,0.12949021000128472,0.0006997771561145782,0.4396570026874542,0.876949006691575,0.4384799952898,0.0,0.0,1
3.045,PINN Conservative,0.2500336345460441,0.0025095297384492617,0.08920350633677247,0.12979288657620106,0.0006854422390460968,0.43956780433654785,0.8767849765717983,0.4383979792026635,0.0,0.0,1
3.0500000000000003,PINN Conservative,0.2500364939263603,0.0024981224546994953,0.08944131265498574,0.1300954779596941,0.0006717033684253693,0.43947893381118774,0.8766213692724705,0.4383161745283994,0.0,0.0,1
3.055,PINN Conservative,0.25003941536594826,0.002486467590130047,0.08967908849107095,0.13039765839017647,0.0006577856838703156,0.439391553401947,0.8764605578035116,0.43823576778682877,0.0,0.0,1
3.06,PINN Conservative,0.2500423881476065,0.0024746079002141894,0.08991680688467275,0.1306992815144803,0.0006434507668018341,0.4393041431903839,0.8763003367930651,0.4381556562782121,0.0,0.0,1
3.065,PINN Conservative,0.25004541523963425,0.0024625315431441477,0.0901544859943433,0.13100119463512186,0.0006291158497333527,0.43921786546707153,0.8761421479284763,0.4380765608552508,0.0,0.0,1
3.0700000000000003,PINN Conservative,0.25004850890770836,0.0024501895859203706,0.09039212691662332,0.13130271792066806,0.0006148405373096466,0.43913164734840393,0.8759843725711107,0.4379976721884907,0.0,0.0,1
3.075,PINN Conservative,0.2500516455340851,0.0024376762497636067,0.09062970577333591,0.13160377361167624,0.0006002373993396759,0.43904560804367065,0.8758266866207123,0.4379188282257741,0.0,0.0,1
3.08,PINN Conservative,0.25005483574646936,0.0024249491362406984,0.0908672343631082,0.13190462705607192,0.0005854852497577667,0.43896007537841797,0.8756702821701765,0.43784062502101423,0.0,0.0,1
3.085,PINN Conservative,0.25005809277262503,0.002411955474177715,0.09110472070059235,0.13220519794743976,0.0005712695419788361,0.4388749599456787,0.8755145315080881,0.4377627487145725,0.0,0.0,1
3.09,PINN Conservative,0.25006139685620776,0.0023987740800316504,0.09134215020002603,0.13250571540008405,0.0005566664040088654,0.43879076838493347,0.8753605373203754,0.43768575065631865,0.0,0.0,1
3.095,PINN Conservative,0.25006474158143976,0.0023854305490678164,0.09157950988893675,0.1328059127383561,0.0005418844521045685,0.43870723247528076,0.875208031386137,0.43760949673412214,0.0,0.0,1
3.1,PINN Conservative,0.25006813161798547,0.0023719062520094767,0.09181680532768213,0.13310562345685845,0.0005272515118122101,0.43862399458885193,0.8750564493238926,0.4375337047537085,0.0,0.0,1
3.105,PINN Conservative,0.25007156434714106,0.0023582116359794716,0.09205402869523714,0.13340523756405287,0.0005126781761646271,0.4385409355163574,0.874904690310359,0.43745782429654206,0.0,0.0,1
3.11,PINN Conservative,0.25007504131831415,0.002344340519732144,0.09229119050610525,0.1337044147077908,0.0004980750381946564,0.4384584128856659,0.8747536707669497,0.43738231357906876,0.0,0.0,1
3.115,PINN Conservative,0.25007856273193946,0.0023302921036481624,0.09252828128105041,0.13400344692032548,0.0004832632839679718,0.4383765459060669,0.8746048901230097,0.4373079223253514,0.0,0.0,1
3.12,PINN Conservative,0.25008212565141424,0.0023160781030843527,0.09276529762441495,0.1343021522607149,0.0004684813320636749,0.43829429149627686,0.8744549434632063,0.4372329480564,0.0,0.0,1
3.125,PINN Conservative,0.2500857240804755,0.002301722439683083,0.09300223531877785,0.13460042022537835,0.00045378878712654114,0.4382137358188629,0.8743080664426088,0.4371595086262754,0.0,0.0,1
3.13,PINN Conservative,0.2500893495188237,0.002287259024753271,0.0932390832274181,0.13489862781021675,0.00043832138180732727,0.4381331503391266,0.8741619009524584,0.43708642496583033,0.0,0.0,1
3.1350000000000002,PINN Conservative,0.2500930136177797,0.0022726413762224644,0.09347585872445342,0.13519621129730613,0.0004235692322254181,0.43805330991744995,0.8740169908851385,0.4370139690246627,0.0,0.0,1
3.14,PINN Conservative,0.25009670806629164,0.0022579026504097105,0.09371253917957233,0.13549415730363498,0.00040854886174201965,0.4379734694957733,0.8738716281950474,0.43694128676927485,0.0,0.0,1
3.145,PINN Conservative,0.2501004321558459,0.0022430456738773527,0.09394912197965123,0.13579130476734402,0.00039391592144966125,0.43789422512054443,0.8737270720303059,0.43686900778161275,0.0,0.0,1
3.15,PINN Conservative,0.25010419800295847,0.002228022108691446,0.09418563546744334,0.13608783496230675,0.00037880614399909973,0.4378149211406708,0.873582873493433,0.4367969076101246,0.0,0.0,1
3.1550000000000002,PINN Conservative,0.250107976453224,0.0022129482641701156,0.09442204025283561,0.1363845131998439,0.00036405399441719055,0.4377364218235016,0.8734402786940336,0.4367256093174167,0.0,0.0,1
3.16,PINN Conservative,0.25011179092581626,0.002197730711272741,0.09465835084723434,0.1366809611290914,0.0003491230309009552,0.4376581013202667,0.8732978627085686,0.4366544004327958,0.0,0.0,1
3.165,PINN Conservative,0.25011561145153904,0.002182489009864098,0.09489455419143472,0.13697673419042708,0.0003338642418384552,0.4375808835029602,0.8731581047177315,0.43658452056213476,0.0,0.0,1
3.17,PINN Conservative,0.2501194643106561,0.0021671183167990354,0.09513066381101692,0.13727237226942973,0.00031943991780281067,0.43750378489494324,0.8730178643018007,0.43651439947590565,0.0,0.0,1
3.1750000000000003,PINN Conservative,0.2501233284687017,0.0021517025475043753,0.09536665257065784,0.13756740839935971,0.0003041215240955353,0.4374273717403412,0.8728794082999229,0.436445170607878,0.0,0.0,1
3.18,PINN Conservative,0.25012722505057033,0.0021361574257946847,0.09560254514839676,0.1378624159237618,0.0002899952232837677,0.4373508095741272,0.8727397006005049,0.4363753158832414,0.0,0.0,1
3.185,PINN Conservative,0.25013111404574906,0.0021206425706164446,0.09583830810262796,0.13815715888997268,0.0002746470272541046,0.4372748136520386,0.8726023472845554,0.43630663836508354,0.0,0.0,1
3.19,PINN Conservative,0.2501350382633798,0.002104987198102272,0.09607397719879657,0.13845138228846765,0.0002601630985736847,0.4371993839740753,0.8724651429802179,0.4362380353536649,0.0,0.0,1
3.1950000000000003,PINN Conservative,0.25013895749531173,0.0020893517156602807,0.09630950977728689,0.13874529716079084,0.00024576857686042786,0.4371238350868225,0.872327134013176,0.4361690300058548,0.0,0.0,1
3.2,PINN Conservative,0.25014290254137983,0.002073613249654233,0.09654493580041998,0.13903937065216052,0.00023110583424568176,0.43704888224601746,0.8721914198249578,0.43610117206182775,0.0,0.0,1
3.205,PINN Conservative,0.25014683573196334,0.002057922080216602,0.09678022656087343,0.13933212871862646,0.00021614506840705872,0.43697473406791687,0.8720568921416998,0.4360339073777113,0.0,0.0,1
3.21,PINN Conservative,0.25015078633799925,0.002042161433135096,0.0970153945921245,0.13962534434864018,0.00020207837224006653,0.4369013011455536,0.8719230219721794,0.4359669714545814,0.0,0.0,1
3.215,PINN Conservative,0.2501547413433457,0.0020263832353335266,0.09725043574612961,0.13991792594678168,0.00018735602498054504,0.4368276000022888,0.871789388358593,0.4359001538108999,0.0,0.0,1
3.22,PINN Conservative,0.25015869794937373,0.002010598651732574,0.09748534456372619,0.14021008602667867,0.00017311051487922668,0.43675461411476135,0.8716563489288092,0.43583363326284086,0.0,0.0,1
3.225,PINN Conservative,0.25016265108275254,0.0019948279220057753,0.09772011845517355,0.14050194617402617,0.00015874579548835754,0.4366815686225891,0.8715236689895391,0.43576729246229007,0.0,0.0,1
3.23,PINN Conservative,0.25016660279723946,0.001979062852841981,0.09795475314839672,0.14079344221400428,0.00014470890164375305,0.4366089999675751,0.8713914919644594,0.4357012031219839,0.0,0.0,1
3.235,PINN Conservative,0.25017054417022355,0.0019633390403296386,0.09818924113159237,0.14108473919073947,0.00013064220547676086,0.4365364611148834,0.8712591677904129,0.4356350402062728,0.0,0.0,1
3.24,PINN Conservative,0.25017449045525836,0.0019475956315586486,0.0984235942083859,0.14137526364961783,0.00011591985821723938,0.43646496534347534,0.8711293414235115,0.435570126209777,0.0,0.0,1
3.245,PINN Conservative,0.2501784088434997,0.001931963514957226,0.09865778367782796,0.14166614977475317,0.00010203197598457336,0.4363936483860016,0.8709993995726109,0.43550515447055826,0.0,0.0,1
3.25,PINN Conservative,0.25018233196945994,0.001916312497580708,0.09889184210068325,0.1419560801379703,8.853152394294739e-05,0.43632304668426514,0.8708703778684139,0.4354406428104539,0.0,0.0,1
3.255,PINN Conservative,0.25018624492079106,0.0019007020711255807,0.09912574636044919,0.14224589785638536,7.476285099983215e-05,0.43625253438949585,0.8707415647804737,0.4353762354597844,0.0,0.0,1
3.2600000000000002,PINN Conservative,0.25019013669408924,0.0018851761328477071,0.0993594898108308,0.14253478913884615,6.066635251045227e-05,0.4361819326877594,0.8706128988415003,0.4353119016845197,0.0,0.0,1
3.265,PINN Conservative,0.2501940100339127,0.0018697237335376087,0.09959307160039164,0.1428242501108153,4.749372601509094e-05,0.4361118972301483,0.870484558865428,0.43524773089274704,0.0,0.0,1
3.27,PINN Conservative,0.2501978692174465,0.0018543278096852258,0.09982649526617858,0.14311242705492513,3.357604146003723e-05,0.4360419511795044,0.8703569024801254,0.43518390190064027,0.0,0.0,1
3.275,PINN Conservative,0.2502017060352547,0.0018390211122213136,0.10005976179926367,0.14340105154521787,2.022460103034973e-05,0.43597257137298584,0.8702298142015934,0.4351203569654765,0.0,0.0,1
3.2800000000000002,PINN Conservative,0.2502055109000286,0.001823841888995986,0.1002928518270278,0.14368870519619073,6.724148988723755e-06,0.435903400182724,0.8701036479324102,0.43505727304076136,0.0,0.0,1
3.285,PINN Conservative,0.2502093083039672,0.0018086924302148054,0.10052578743033597,0.14397598633598072,-6.15045428276062e-06,0.43583500385284424,0.8699780497699976,0.4349944731729893,0.0,6.150531317913894e-06,1
3.29,PINN Conservative,0.25021306733909376,0.0017936960409372983,0.10075854006653251,0.1442633502708415,-1.944229006767273e-05,0.4357670545578003,0.869853638112545,0.43493226656512773,0.0,1.944253358461091e-05,1
3.295,PINN Conservative,0.25021680235001326,0.0017787954944357026,0.10099111933104084,0.1445497958429059,-3.216788172721863e-05,0.43569910526275635,0.8697287794202566,0.43486983643704874,0.0,3.216828463366837e-05,1
3.3000000000000003,PINN Conservative,0.25022050541255986,0.001764022403576455,0.10122352628290639,0.14483611145507222,-4.4714659452438354e-05,0.43563157320022583,0.8696044571697712,0.43480767453323077,0.0,4.471521950873439e-05,1
3.305,PINN Conservative,0.25022417272406594,0.0017493919388174215,0.10145574632705891,0.14512197642691615,-5.7678669691085815e-05,0.4355638325214386,0.8694801367819309,0.434745513560747,0.0,5.7679392123113766e-05,1
3.31,PINN Conservative,0.2502278093681172,0.0017348838195738764,0.10168778706243423,0.1454078131817946,-6.977841258049011e-05,0.4354967474937439,0.8693563751876354,0.43468363198853505,0.0,6.977928656320118e-05,1
3.315,PINN Conservative,0.25023139278135,0.001720588060696588,0.10191963220596979,0.14569277902181998,-8.301064372062683e-05,0.43542954325675964,0.8692330326884985,0.434621959966527,0.0,8.301168343856772e-05,1
3.3200000000000003,PINN Conservative,0.2502349596582465,0.0017063582722950206,0.10215130528159569,0.14597737041869135,-9.472295641899109e-05,0.4353629946708679,0.8691098392009735,0.4345603624512582,0.0,9.472414283500703e-05,1
3.325,PINN Conservative,0.25023846344572975,0.001692380174385433,0.10238276942026152,0.14626140949717842,-0.00010667368769645691,0.4352973699569702,0.8689882550388575,0.4344995696087723,0.0,0.00010667502379676824,1
3.33,PINN Conservative,0.25024193999365907,0.0016785107466374598,0.10261405495435594,0.1465452837643596,-0.0001188032329082489,0.43523141741752625,0.8688665460795164,0.43443871436689235,0.0,0.0001188047209325209,1
3.335,PINN Conservative,0.25024536715352436,0.0016648383488742779,0.10284514233155201,0.1468286914286218,-0.00013075396418571472,0.43516626954078674,0.868746031075716,0.43437845611025994,0.0,0.00013075560189428211,1
3.34,PINN Conservative,0.2502487385859927,0.0016513882713899669,0.10307602245086596,0.14711200896524126,-0.00014246627688407898,0.4351009428501129,0.8686250373721123,0.434317958500728,0.0,0.00014246806129072142,1
3.345,PINN Conservative,0.25025206512945875,0.0016381172752206303,0.10330670282439287,0.1473943444954607,-0.0001538209617137909,0.43503570556640625,0.8685037475079298,0.43425731280905194,0.0,0.00015382288833917784,1
3.35,PINN Conservative,0.2502553319237806,0.0016250846437898688,0.1035371739220935,0.14767670823636955,-0.00016511604189872742,0.43497082591056824,0.8683829922229052,0.43419693441030266,0.0,0.00016511810999630377,1
3.355,PINN Conservative,0.2502585454938096,0.0016122643466914752,0.10376743714209456,0.14795841342843657,-0.00017647072672843933,0.43490660190582275,0.8682637233287096,0.43413729921627653,0.0,0.0001764729370447602,1
3.36,PINN Conservative,0.25026170886750965,0.001599644304090413,0.10399749816165124,0.14823985588465186,-0.00018737837672233582,0.43484175205230713,0.868142755702138,0.4340768146454239,0.0,0.00018738072365823803,1
3.365,PINN Conservative,0.250264804848508,0.0015872931196284964,0.10422733521677023,0.14852084878372007,-0.0001982264220714569,0.4347781240940094,0.8680240530520678,0.4340174625770066,0.0,0.00019822890488038536,1
3.37,PINN Conservative,0.2502678411819779,0.0015751798945166414,0.10445696300479168,0.14880160056424913,-0.00020883604884147644,0.43471458554267883,0.8679050486534834,0.43395795963244244,0.0,0.0002088386645372108,1
3.375,PINN Conservative,0.25027081799097695,0.001563304137826128,0.10468636608361787,0.14908158695500506,-0.00021899864077568054,0.4346517324447632,0.8677870873361826,0.43389897823505247,0.0,0.00021900138375905763,1
3.38,PINN Conservative,0.25027372661672226,0.0015517003931228433,0.10491554935723808,0.1493612565297527,-0.00022993609309196472,0.4345887005329132,0.8676695432513952,0.4338402054565321,0.0,0.00022993897306820068,1
3.3850000000000002,PINN Conservative,0.2502765711881705,0.0015403521882433955,0.10514451532985426,0.14964046214804935,-0.00024003908038139343,0.43452560901641846,0.8675508052110672,0.43378083569276427,0.0,0.00024004208689871703,1
3.39,PINN Conservative,0.2502793398004275,0.0015293070168718318,0.1053732455453825,0.14991935336781062,-0.0002497546374797821,0.4344629645347595,0.8674326948821545,0.43372177978863513,0.0,0.0002497577656855852,1
3.395,PINN Conservative,0.2502820452169941,0.0015185139599769983,0.10560175568831726,0.15019747914367795,-0.00025949999690055847,0.43440064787864685,0.8673153854906559,0.43366312435822896,0.0,0.0002595032471681187,1
3.4,PINN Conservative,0.2502846663698435,0.0015080570668749855,0.10583002408728752,0.15047541012914836,-0.0002689473330974579,0.4343380928039551,0.8671972993761301,0.4336040805614449,0.0,0.0002689507016939998,1
3.4050000000000002,PINN Conservative,0.25028720965890494,0.0014979108055268445,0.10605806211190907,0.1507528816318143,-0.0002785138785839081,0.43427571654319763,0.8670793324708939,0.43354509637005223,0.0,0.0002785173670025418,1
3.41,PINN Conservative,0.25028968282841946,0.001488044280862871,0.1062858652925127,0.15103004802303732,-0.00028760358691215515,0.43421444296836853,0.8669632151722908,0.43348703699355934,0.0,0.00028760718918044,1
3.415,PINN Conservative,0.2502920774992805,0.001478490920701358,0.10651342819719732,0.15130673749820714,-0.00029660388827323914,0.43415316939353943,0.8668472412973642,0.433429049329803,0.0,0.00029660760327134244,1
3.42,PINN Conservative,0.2502943736643673,0.0014693305419531987,0.10674073486468152,0.15158255415644192,-0.0003057233989238739,0.4340922236442566,0.8667313270270824,0.43337109146874225,0.0,0.00030572722814490585,1
3.4250000000000003,PINN Conservative,0.25029659449953484,0.001460470686279508,0.10696780864137517,0.1518586305449154,-0.00031430646777153015,0.43403151631355286,0.8666160684078932,0.4333134614373338,0.0,0.000314310404496495,1
3.43,PINN Conservative,0.2502987182403619,0.0014519981812098788,0.1071946255962268,0.15213366460814276,-0.00032262131571769714,0.4339703917503357,0.8664992302656174,0.43325504163449025,0.0,0.0003226253565870969,1
3.435,PINN Conservative,0.2503007578470551,0.001443861322969797,0.10742119097489818,0.1524085259797507,-0.0003306083381175995,0.43390998244285583,0.8663837295025587,0.4331972905296307,0.0,0.00033061247902538125,1
3.44,PINN Conservative,0.2503027154927005,0.0014360514421951417,0.1076475158159211,0.1526827751192865,-0.0003386847674846649,0.43384939432144165,0.8662674818187952,0.4331391659597411,0.0,0.00033868900955066124,1
3.4450000000000003,PINN Conservative,0.2503045564452121,0.0014287070999435105,0.107873561911416,0.15295657434361998,-0.0003464929759502411,0.43378913402557373,0.866151861846447,0.4330813552494902,0.0,0.00034649731581495413,1
3.45,PINN Conservative,0.2503063136066596,0.0014216970358703804,0.10809936185160317,0.15322983628686382,-0.00035436078906059265,0.4337289333343506,0.8660363014787436,0.433023574341935,0.0,0.00035436522747057746,1
3.455,PINN Conservative,0.250307968560349,0.001415094721998228,0.10832490098745529,0.15350307347495973,-0.00036136433482170105,0.4336693584918976,0.8659216035157442,0.43296622464213264,0.0,0.0003613688609519089,1
3.46,PINN Conservative,0.25030951801355594,0.0014089132944040308,0.10855017154763008,0.1537753729887143,-0.0003686361014842987,0.433610200881958,0.8658071719110012,0.4329090081231266,0.0,0.0003686407186942274,1
3.465,PINN Conservative,0.2503109733584347,0.0014031073049412194,0.10877518109792683,0.15404737745208652,-0.00037599727511405945,0.43355101346969604,0.8656933642923832,0.4328521036010908,0.0,0.0003760019845235417,1
3.47,PINN Conservative,0.25031232429263706,0.0013977178540570262,0.10899992118612026,0.15431907449246277,-0.00038246437907218933,0.4334917664527893,0.8655780628323555,0.43279445214899487,0.0,0.0003824691694828987,1
3.475,PINN Conservative,0.250313556226375,0.0013928031466183806,0.10922438201672367,0.154590026664187,-0.00038905069231987,0.4334329068660736,0.8654640167951584,0.43273742841617635,0.0,0.00038905556522491675,1
3.48,PINN Conservative,0.2503146954455056,0.0013882583171662861,0.10944857426930885,0.1548609064327587,-0.00039510056376457214,0.43337422609329224,0.8653493113815784,0.4326800749910371,0.0,0.00039510551244496047,1
3.485,PINN Conservative,0.25031571322166407,0.001384197975361595,0.10967249142687861,0.15513089352498083,-0.00040129944682121277,0.43331536650657654,0.8652348741889,0.43262285567802833,0.0,0.0004013044731433304,1
3.49,PINN Conservative,0.2503166050035823,0.0013806402781476735,0.10989611736123744,0.15540059112536347,-0.00040711089968681335,0.43325698375701904,0.8651204071938992,0.4325656214636717,0.0,0.0004071159987980522,1
3.495,PINN Conservative,0.25031738316601104,0.001377535857382966,0.11011946460095615,0.1556698245991192,-0.00041292235255241394,0.4331982731819153,0.8650058805942535,0.4325083574466194,0.0,0.00041292752445277396,1
3.5,PINN Conservative,0.250318042671045,0.0013749048114132028,0.1103425270016299,0.15593888456842006,-0.00041807815432548523,0.4331403970718384,0.864891767501831,0.43245130018576833,0.0,0.0004180833908028605,1
3.505,PINN Conservative,0.250318596676529,0.001372694648001572,0.11056530783602195,0.15620679452524588,-0.0004233233630657196,0.43308281898498535,0.8647785782814026,0.4323947048667,0.0,0.0004233286652399427,1
3.5100000000000002,PINN Conservative,0.25031900274342633,0.0013710746745083653,0.11078778699639463,0.15647440132181284,-0.00042883679270744324,0.43302521109580994,0.8646654766052961,0.432338153320341,0.0,0.0004288421639380121,1
3.515,PINN Conservative,0.25031930231326094,0.0013698795630757007,0.11100998696607174,0.156741762710777,-0.00043309852480888367,0.4329674243927002,0.86455088108778,0.43228085484392187,0.0,0.0004331039494181414,1
3.52,PINN Conservative,0.2503194617344303,0.0013692435642529825,0.11123188310548911,0.15700863345666524,-0.0004374794661998749,0.4329102337360382,0.8644377179443836,0.4322242725635329,0.0,0.0004374849456809317,1
3.525,PINN Conservative,0.2503195028944133,0.0013690793595816761,0.11145348636729964,0.15727474727929552,-0.0004416815936565399,0.4328531324863434,0.8643240761011839,0.43216745093024445,0.0,0.00044168712576973053,1
3.5300000000000002,PINN Conservative,0.25031938933924924,0.0013695323794091652,0.11167478148351861,0.15754086585999735,-0.0004461221396923065,0.43279600143432617,0.8642108514904976,0.43211083791582555,0.0,0.0004461277274238513,1
3.535,PINN Conservative,0.2503191538013376,0.0013704720402778002,0.11189577445439541,0.15780604512251045,-0.00044969841837882996,0.4327388107776642,0.8640965260565281,0.4320536744828712,0.0,0.0004497040509036801,1
3.54,PINN Conservative,0.25031878316105605,0.0013719506819391096,0.11211646698195171,0.1580710542881088,-0.00045303627848625183,0.43268150091171265,0.8639818355441093,0.4319963285084058,0.0,0.00045304195281818693,1
3.545,PINN Conservative,0.2503182652627339,0.0013740167985312594,0.11233684659081213,0.15833520755428349,-0.00045679137110710144,0.4326247572898865,0.8638688158243895,0.4319398179407533,0.0,0.00045679709247200715,1
3.5500000000000003,PINN Conservative,0.25031761554171433,0.0013766088119077698,0.11255692440681399,0.15859905634318464,-0.0004595033824443817,0.4325683116912842,0.8637552298605442,0.43188302424749203,0.0,0.000459509137777544,1
3.555,PINN Conservative,0.25031681499864394,0.0013798025185672647,0.1127766777572152,0.15886264792613342,-0.00046245381236076355,0.43251240253448486,0.8636425975710154,0.43182670739736134,0.0,0.00046245960464840277,1
3.56,PINN Conservative,0.2503158660778949,0.0013835881668697923,0.11299611669232351,0.15912544066686704,-0.0004654340445995331,0.4324561357498169,0.86352963373065,0.43177022476973603,0.0,0.00046543987421492674,1
3.565,PINN Conservative,0.25031478023594683,0.001387920052047501,0.11321524638131149,0.15938779620919685,-0.00046760961413383484,0.4324001371860504,0.8634158037602901,0.4317133090716893,0.0,0.0004676154709984893,1
3.5700000000000003,PINN Conservative,0.25031352257663686,0.0013929373897301318,0.11343404290285296,0.15964965015689214,-0.00047014281153678894,0.43234390020370483,0.8633022140711546,0.43165651351575957,0.0,0.00047014870013003466,1
3.575,PINN Conservative,0.25031213079662146,0.0013984897919282816,0.11365252699151032,0.15991114539063309,-0.0004721395671367645,0.43228793144226074,0.8631889801472425,0.4315998958446695,0.0,0.00047214548073960577,1
3.58,PINN Conservative,0.25031057513646177,0.0014046959816958094,0.11387068597134177,0.16017195595659706,-0.0004734508693218231,0.4322320818901062,0.8630747012794018,0.4315427556950711,0.0,0.0004734567993488763,1
3.585,PINN Conservative,0.25030886534008534,0.0014115170863630627,0.11408851550759819,0.16043235662763386,-0.0004749707877635956,0.4321760833263397,0.8629609271883965,0.43148586793705157,0.0,0.0004749767368278035,1
3.59,PINN Conservative,0.2503069881405737,0.0014190060333081934,0.1143060104536647,0.1606922895479442,-0.000476788729429245,0.4321204721927643,0.8628476299345493,0.4314292186005974,0.0,0.0004767947012633832,1
3.595,PINN Conservative,0.2503049560916704,0.0014271127403111862,0.11452317418654465,0.16095145197159683,-0.00047711655497550964,0.43206489086151123,0.8627331368625164,0.43137197134756144,0.0,0.0004771225309157008,1
3.6,PINN Conservative,0.2503027617968656,0.0014358667151942411,0.11474000616722223,0.1612103777283538,-0.0004778914153575897,0.43200987577438354,0.8626203462481499,0.4313155753340204,0.0,0.00047789740100299705,1
3.605,PINN Conservative,0.25030039130776255,0.001445323604042253,0.11495649507590247,0.16146875174957262,-0.0004786960780620575,0.4319545328617096,0.8625065684318542,0.4312586857133324,0.0,0.00047870207378595853,1
3.61,PINN Conservative,0.25029786390525566,0.0014554064871700216,0.11517265234326715,0.16172641842919544,-0.00047893449664115906,0.43189942836761475,0.862392820417881,0.43120181099399224,0.0,0.00047894049535128047,1
3.615,PINN Conservative,0.25029515149118425,0.0014662274600864902,0.11538845618545349,0.16198403929707922,-0.00047902390360832214,0.4318446218967438,0.8622797578573227,0.43114527900565225,0.0,0.0004790299034382762,1
3.62,PINN Conservative,0.25029226508573277,0.0014777425585907177,0.11560391284918899,0.16224073862336574,-0.0004787258803844452,0.4317893981933594,0.8621649909764528,0.4310878948464831,0.0,0.00047873187648162375,1
3.625,PINN Conservative,0.2502892141102685,0.0014899141968430507,0.11581903479525776,0.16249722194015265,-0.00047824904322624207,0.4317343235015869,0.8620507027953863,0.43103075004021346,0.0,0.00047825503335097993,1
3.63,PINN Conservative,0.25028598968413196,0.0015027778035697989,0.11603380525977945,0.16275310111620314,-0.00047762319445610046,0.4316796064376831,0.8619368597865105,0.4309738278228271,0.0,0.0004776291767420099,1
3.6350000000000002,PINN Conservative,0.2502825710087179,0.0015164163532497606,0.11624821591043324,0.16300806955472158,-0.0004766695201396942,0.4316243827342987,0.8618216775357723,0.4309162359761225,0.0,0.0004766754904807222,1
3.64,PINN Conservative,0.2502789798708217,0.0015307429290937573,0.11646228249868593,0.16326311533661642,-0.0004755370318889618,0.4315694570541382,0.8617069069296122,0.43085884995428486,0.0,0.0004755429880454431,1
3.645,PINN Conservative,0.2502751922117429,0.001545853511486348,0.11667597656878147,0.16351750196680007,-0.00047443434596061707,0.4315147399902344,0.8615922257304192,0.4308015086364907,0.0,0.0004744402883058292,1
3.65,PINN Conservative,0.2502712232757125,0.001561687284708798,0.11688932359369161,0.16377092174092003,-0.00047270581126213074,0.431460440158844,0.8614781107753515,0.4307444504443053,0.0,0.0004727117319572453,1
3.6550000000000002,PINN Conservative,0.250267071722148,0.001578249596914784,0.11710230887616885,0.16402431309531876,-0.0004710964858531952,0.43140652775764465,0.8613648898899555,0.430687839292555,0.0,0.00047110238639132236,1
3.66,PINN Conservative,0.25026271920054555,0.0015956136560660759,0.11731492380935814,0.1642769125901019,-0.00046868249773979187,0.43135175108909607,0.8612490128725767,0.430629900058179,0.0,0.0004686883680424379,1
3.665,PINN Conservative,0.2502581777593663,0.001613731395728417,0.117527173246828,0.16452911493171565,-0.0004664771258831024,0.43129780888557434,0.861135371029377,0.4305730784248905,0.0,0.00046648296856321016,1
3.67,PINN Conservative,0.250253437852321,0.0016326409001084976,0.11773905992860495,0.16478093317368125,-0.00046385452151298523,0.43124327063560486,0.8610196430236101,0.43051521369725376,0.0,0.00046386033134466906,1
3.6750000000000003,PINN Conservative,0.2502485078016484,0.0016523089682575882,0.11795057428354844,0.1650319277767634,-0.0004613511264324188,0.43118906021118164,0.8609048072248697,0.4304577950787177,0.0,0.00046135690490878886,1
3.68,PINN Conservative,0.250243373795061,0.0016727907032629778,0.11816171509074638,0.16528241444620811,-0.000458400696516037,0.4311346709728241,0.8607891649007797,0.43039997319245593,0.0,0.0004584064380379301,1
3.685,PINN Conservative,0.250238031670041,0.0016941027111777695,0.11837247265084765,0.1655325572618634,-0.00045491382479667664,0.4310799837112427,0.8606722746044397,0.43034152731225367,0.0,0.00045491952264509704,1
3.69,PINN Conservative,0.2502324811124184,0.0017162462453595342,0.11858285834719108,0.16578221861929904,-0.0004519037902355194,0.431025892496109,0.8605574052780867,0.43028409192970135,0.0,0.0004519094503829078,1
3.6950000000000003,PINN Conservative,0.25022674036175907,0.0017391485404257172,0.11879287025164814,0.1660310305095747,-0.00044779106974601746,0.4309713840484619,0.860440356656909,0.4302255668860887,0.0,0.0004477966783811047,1
3.7,PINN Conservative,0.25022077716670715,0.0017629382607463346,0.1190024903697629,0.166279810302312,-0.00044397637248039246,0.43091756105422974,0.8603248633444309,0.43016781950656613,0.0,0.000443981933335954,1
3.705,PINN Conservative,0.2502146033184217,0.0017875683663749157,0.1192117271256488,0.16652790341539186,-0.00043968483805656433,0.430863618850708,0.8602090068161488,0.4301098905168668,0.0,0.0004396903451601594,1
3.71,PINN Conservative,0.2502082229290788,0.0018130224520929246,0.1194205809752501,0.16677500312458526,-0.0004352740943431854,0.430809885263443,0.8600932098925114,0.43005199132986316,0.0,0.00043527954620170393,1
3.715,PINN Conservative,0.25020162961646186,0.0018393259792755178,0.11962905024514837,0.16702200610280854,-0.0004308633506298065,0.43075594305992126,0.8599769957363605,0.4299938835239899,0.0,0.0004308687472432484,1
3.72,PINN Conservative,0.25019480425070173,0.0018665552651039726,0.11983711398788685,0.16726811715294876,-0.0004257969558238983,0.4307021200656891,0.8598604798316956,0.42993562484196973,0.0,0.00042580228898015765,1
3.725,PINN Conservative,0.2501877732714778,0.0018946048304563441,0.12004480017430492,0.16751433172324798,-0.00042108818888664246,0.43064793944358826,0.8597433660179377,0.42987706720165875,0.0,0.0004210934630650497,1
3.73,PINN Conservative,0.25018051092058896,0.0019235774357478346,0.12025208250516964,0.16775968053044155,-0.00041596218943595886,0.43059399724006653,0.8596264328807592,0.429818599900769,0.0,0.00041596739941062843,1
3.735,PINN Conservative,0.250173030019336,0.00195342193135879,0.12045897077654713,0.1680044606929062,-0.0004107169806957245,0.4305401146411896,0.8595096189528704,0.42976019220527056,0.0,0.0004107221249735462,1
3.74,PINN Conservative,0.25016531761124117,0.0019841900061873105,0.12066545080457053,0.1682488966896158,-0.0004048459231853485,0.4304858446121216,0.8593915235251188,0.42970114375181534,0.0,0.0004048509939274939,1
3.745,PINN Conservative,0.2501573763690792,0.0020158709973986913,0.12087153241806853,0.16849262455494443,-0.00039879605174064636,0.4304315447807312,0.8592729456722736,0.42964185408279204,0.0,0.00039880104670745025,1
3.75,PINN Conservative,0.25014920956040315,0.002048451869334566,0.12107721481655441,0.1687356441870632,-0.0003926865756511688,0.43037793040275574,0.859155559912324,0.4295831604676821,0.0,0.00039269149409607604,1
3.755,PINN Conservative,0.25014080144222584,0.002081995427463989,0.12128248184243885,0.16897851896108723,-0.00038615986704826355,0.43032407760620117,0.8590376395732164,0.4295241995596453,0.0,0.0003861647037453885,1
3.7600000000000002,PINN Conservative,0.2501321714222282,0.002116424246296407,0.12148735175740921,0.1692204802918143,-0.0003794245421886444,0.43027031421661377,0.8589195646345615,0.42946516135086676,0.0,0.00037942929452504425,1
3.765,PINN Conservative,0.25012329292835084,0.00215184433307407,0.12169179818136223,0.1694620900716946,-0.0003729872405529022,0.43021634221076965,0.8588014896959066,0.42940612314208815,0.0,0.00037299191226135243,1
3.77,PINN Conservative,0.2501141797877975,0.0021882005252024874,0.12189583377701217,0.16970319844368675,-0.00036637112498283386,0.4301625192165375,0.8586831763386726,0.4293469657225269,0.0,0.0003663757138236692,1
3.775,PINN Conservative,0.2501048284579997,0.0022255069554933753,0.1220994625243363,0.169943365658549,-0.0003586225211620331,0.43010851740837097,0.8585637304931879,0.429287242051748,0.0,0.0003586270129507068,1
3.7800000000000002,PINN Conservative,0.2500952245113817,0.0022638211816802807,0.1223026673548127,0.17018361959963496,-0.0003513507544994354,0.4300549030303955,0.8584457747638226,0.42922826344836074,0.0,0.0003513551552083882,1
3.785,PINN Conservative,0.2500853768929287,0.0023031075184145036,0.12250544789736663,0.17042278618326942,-0.0003438107669353485,0.43000057339668274,0.858325757086277,0.4291682538579703,0.0,0.00034381507320508254,1
3.79,PINN Conservative,0.2500752716188182,0.0023434217531089676,0.1227078047786355,0.17066192065715757,-0.0003361813724040985,0.42994651198387146,0.8582059498876333,0.4291083495083489,0.0,0.0003361855831147811,1
3.795,PINN Conservative,0.2500649427210127,0.002384628117796655,0.12290975483076189,0.17090020318414553,-0.0003284625709056854,0.4298921823501587,0.8580858744680882,0.429048311046597,0.0,0.0003284666849374839,1
3.8000000000000003,PINN Conservative,0.250054349945681,0.0024268872021242305,0.1231112703467776,0.17113811685056723,-0.00032017752528190613,0.4298378825187683,0.8579656444489956,0.4289881952841033,0.0,0.0003201815355425472,1
3.805,PINN Conservative,0.2500434954426027,0.0024701904297067616,0.1233123519723571,0.17137504980277268,-0.00031177327036857605,0.4297839403152466,0.8578453008085489,0.42892802271022096,0.0,0.00031177717536494957,1
3.81,PINN Conservative,0.2500323840315352,0.0025145185724827486,0.12351299964981716,0.17161187098877684,-0.000303070992231369,0.42973002791404724,0.8577253092080355,0.42886802615850983,0.0,0.00030307478823069953,1
3.815,PINN Conservative,0.2500210214579651,0.00255984870926372,0.12371322650175384,0.17184805830811492,-0.0002941899001598358,0.42967602610588074,0.8576048370450735,0.42880778932256497,0.0,0.000294193584922458,1
3.8200000000000003,PINN Conservative,0.250009399152606,0.002606215026576333,0.12391302343940683,0.17208373708692018,-0.0002853982150554657,0.4296215772628784,0.8574835639446974,0.4287471520128971,0.0,0.0002854017897012122,1
3.825,PINN Conservative,0.24999750797003806,0.002653654009388395,0.1241123699816109,0.17231883213353108,-0.000275980681180954,0.4295673072338104,0.8573617804795504,0.42868625951764755,0.0,0.0002759841378709964,1
3.83,PINN Conservative,0.24998536151465592,0.0027021113839857712,0.12431128952906917,0.172553385713169,-0.0002670399844646454,0.429513156414032,0.8572410754859447,0.4286259062649227,0.0,0.0002670433291714244,1
3.835,PINN Conservative,0.24997294010562787,0.0027516656655734955,0.12450976434716195,0.17278780435052774,-0.00025717541575431824,0.42945900559425354,0.8571194354444742,0.4285650854824096,0.0,0.00025717863690623,1
3.84,PINN Conservative,0.24996024887128784,0.0028022963950472277,0.124707790666012,0.17302120647087926,-0.00024757906794548035,0.42940425872802734,0.8569967579096556,0.42850374594672513,0.0,0.00024758216890202273,1
3.845,PINN Conservative,0.2499472896677551,0.0028539961675581155,0.12490537677890826,0.17325416880004174,-0.00023780390620231628,0.429349422454834,0.8568738382309675,0.4284422853375895,0.0,0.00023780688472382403,1
3.85,PINN Conservative,0.24993406850900557,0.0029067409907992223,0.1251025314873501,0.1734865073273209,-0.0002275519073009491,0.42929479479789734,0.8567510955035686,0.4283809132052066,0.0,0.00022755475741498147,1
3.855,PINN Conservative,0.24992054530435256,0.00296069080356445,0.12529920523054566,0.17371819011769463,-0.00021771714091300964,0.42923980951309204,0.8566276989877224,0.42831921417450564,0.0,0.0002177198678454523,1
3.86,PINN Conservative,0.24990676670662457,0.0030156594878864565,0.12549545408334284,0.17394955531167658,-0.00020707771182060242,0.4291853606700897,0.8565045706927776,0.4282576492559352,0.0,0.00020708030549296163,1
3.865,PINN Conservative,0.24989270166148084,0.0030717709327332306,0.1256912388215473,0.17418023437319158,-0.00019682571291923523,0.4291307032108307,0.8563817646354437,0.42819624545818813,0.0,0.0001968281781841191,1
3.87,PINN Conservative,0.24987835462043828,0.0031290073791112706,0.1258865738479476,0.1744104694403706,-0.00018606707453727722,0.4290761649608612,0.8562588095664978,0.42813476715370197,0.0,0.00018606940504896748,1
3.875,PINN Conservative,0.2498637311397357,0.003187346660821753,0.12608145717308455,0.17464044038777243,-0.00017518922686576843,0.42902156710624695,0.8561356160789728,0.4280731696384331,0.0,0.00017519142113115487,1
3.88,PINN Conservative,0.24984880761934203,0.0032468829284221868,0.12627586560908882,0.1748692547656899,-0.00016416236758232117,0.4289664030075073,0.8560106661170721,0.42801069387497637,0.0,0.0001641644237350161,1
3.8850000000000002,PINN Conservative,0.24983361648494476,0.003307486822059335,0.1264698303380224,0.1750981811161104,-0.00015268847346305847,0.4289112985134125,0.8558858595788479,0.4279482898242561,0.0,0.00015269038590389874,1
3.89,PINN Conservative,0.24981812150818897,0.003369302872043525,0.12666332486793272,0.17532608016881018,-0.0001416616141796112,0.4288560450077057,0.8557612057775259,0.42788596214294344,0.0,0.00014166338850775994,1
3.895,PINN Conservative,0.2498023456113564,0.0034322396316474662,0.1268563589662635,0.17555348524717923,-0.00012983009219169617,0.4288010597229004,0.8556363992393017,0.4278235580922231,0.0,0.0001298317183286597,1
3.9,PINN Conservative,0.24978626464997922,0.0034963934234183134,0.12704892150700683,0.17578055712883164,-0.00011832639575004578,0.4287450313568115,0.8555094711482525,0.42776009325180403,0.0,0.00011832787780187706,1
3.9050000000000002,PINN Conservative,0.24976990050780734,0.0035616769437738353,0.12724102458198297,0.17600680380449268,-0.00010634586215019226,0.4286896288394928,0.8553836811333895,0.4276971974566052,0.0,0.0001063471941444506,1
3.91,PINN Conservative,0.24975323653943066,0.003628156598331757,0.12743265575876012,0.17623289325389224,-9.442493319511414e-05,0.4286336898803711,0.8552572317421436,0.42763397196908565,0.0,9.442611587835462e-05,1
3.915,PINN Conservative,0.24973626162211696,0.003695876760399695,0.1276238023452281,0.1764581342715492,-8.241459727287292e-05,0.42857828736305237,0.8551311679184437,0.4275709392677537,0.0,8.241562952526292e-05,1
3.92,PINN Conservative,0.249719005062229,0.0037647205144369965,0.12781449297357186,0.17668273195102394,-7.031485438346863e-05,0.42852291464805603,0.8550053145736456,0.4275080118071908,0.0,7.03157350851755e-05,1
3.9250000000000003,PINN Conservative,0.2497014350736061,0.0038348146689525164,0.12800470200027356,0.1769069641401883,-5.7738274335861206e-05,0.4284672737121582,0.8548789191991091,0.42744481332836415,0.0,5.773899751444425e-05,1
3.93,PINN Conservative,0.2496835610692252,0.0039061216715792504,0.12819443009189557,0.17713094392887563,-4.4833868741989136e-05,0.428411602973938,0.8547518979758024,0.427381301921233,0.0,4.483443029139535e-05,1
3.935,PINN Conservative,0.2496653861646821,0.0039786290928811386,0.12838369149380227,0.17735373962297415,-3.246590495109558e-05,0.42835527658462524,0.8546241018921137,0.4273174030790583,0.0,3.246631159032077e-05,1
3.94,PINN Conservative,0.24964690186060942,0.004052370840447939,0.12857246056953042,0.1775763552731009,-1.9352883100509644e-05,0.428299218416214,0.8544960990548134,0.42725340085878294,0.0,1.935312549761519e-05,1
3.9450000000000003,PINN Conservative,0.24962809319804619,0.004127406591934956,0.12876074339055005,0.1777982129403255,-6.806105375289917e-06,0.42824310064315796,0.8543684221804142,0.4271895616219995,0.0,6.806190622549173e-06,1
3.95,PINN Conservative,0.24960897176025867,0.004203690136768319,0.1289485327347576,0.1780198295311423,6.24731183052063e-06,0.42818644642829895,0.8542398773133755,0.4271252883834605,0.0,0.0,1
3.955,PINN Conservative,0.2495895414711074,0.004281205821000203,0.129135846917683,0.17824080026295833,1.9330531358718872e-05,0.42812979221343994,0.8541107047349215,0.42706070128528273,0.0,0.0,1
3.96,PINN Conservative,0.2495698078644571,0.0043599315676914815,0.1293226857863538,0.1784611276454119,3.268197178840637e-05,0.42807313799858093,0.8539815042167902,0.42699610021709133,0.0,0.0,1
3.9650000000000003,PINN Conservative,0.24954974797980353,0.004439958976055171,0.12950902113201687,0.17868141890824765,4.615262150764465e-05,0.4280160963535309,0.8538515251129866,0.4269311098511878,0.0,0.0,1
3.97,PINN Conservative,0.24952935952100314,0.004521297206384221,0.12969486423710316,0.1789003010535537,5.98616898059845e-05,0.4279586672782898,0.8537206500768661,0.4268656715135151,0.0,0.0,1
3.975,PINN Conservative,0.24950865790009258,0.004603884773511896,0.1298802158936444,0.17911905505886655,7.309392094612122e-05,0.42790189385414124,0.8535915687680244,0.42680113005071507,0.0,0.0,1
3.98,PINN Conservative,0.24948762495674795,0.004687794126691157,0.13006507010581836,0.1793374667441598,8.671358227729797e-05,0.4278447926044464,0.853461554273963,0.42673612198946104,0.0,0.0,1
3.985,PINN Conservative,0.2494662658444739,0.004773004706400935,0.1302494220501882,0.17955493015171542,0.00010072067379951477,0.42778757214546204,0.8533308003097773,0.4266707441885139,0.0,0.0,1
3.99,PINN Conservative,0.24944459053466805,0.0048594767324967566,0.1304332885148421,0.1797721550093781,0.00011478736996650696,0.42773038148880005,0.8532003983855247,0.426605542409738,0.0,0.0,1
3.995,PINN Conservative,0.24942258662367997,0.0049472596884136515,0.13061665551231763,0.17998872027571322,0.00012873485684394836,0.42767295241355896,0.8530694041401148,0.426540044466674,0.0,0.0,1
4.0,PINN Conservative,0.2494002302793471,0.005036448650780296,0.13079949592571874,0.1802047231176916,0.00014265254139900208,0.4276150166988373,0.8529380150139332,0.42647434908075116,0.0,0.0,1
4.005,PINN Conservative,0.24937754798143563,0.005126937980551478,0.1309818452469934,0.1804202509852397,0.0001570768654346466,0.4275571405887604,0.852805407717824,0.4264080446022357,0.0,0.0,1
4.01,PINN Conservative,0.24935454765411172,0.005218696064859431,0.13116369710670808,0.18063493237032896,0.00017150118947029114,0.42749860882759094,0.8526723198592663,0.42634149983948644,0.0,0.0,1
4.015,PINN Conservative,0.24933119452427008,0.005311861628404954,0.1313450316696475,0.18084960057719554,0.00018592551350593567,0.4274406135082245,0.8525400701910257,0.42627537417714495,0.0,0.0,1
4.0200000000000005,PINN Conservative,0.24930751353345654,0.005406335168757814,0.1315258635859694,0.18106325598449777,0.00019999220967292786,0.4273820221424103,0.8524068631231785,0.4262087698090043,0.0,0.0,1
4.025,PINN Conservative,0.24928348202508194,0.005502207072684643,0.1317061789162389,0.18127656025236222,0.00021477416157722473,0.42732322216033936,0.8522729948163033,0.4261418348172087,0.0,0.0,1
4.03,PINN Conservative,0.24925910233351234,0.005599468027406764,0.13188597297903368,0.18148962465949275,0.00022913888096809387,0.42726415395736694,0.8521388936787844,0.4260747834086331,0.0,0.0,1
4.035,PINN Conservative,0.24923439452366844,0.005698037985424894,0.13206526779464892,0.1817013811286374,0.0002442784607410431,0.4272057116031647,0.8520053848624229,0.42600802816434563,0.0,0.0,1
4.04,PINN Conservative,0.24920933189856878,0.0057980234523483205,0.13224404215592836,0.18191339365517728,0.0002587325870990753,0.4271468222141266,0.8518719039857388,0.4259412868900718,0.0,0.0,1
4.045,PINN Conservative,0.24918392184633276,0.005899394953827715,0.13242229348812684,0.1821241721384823,0.0002735443413257599,0.4270877242088318,0.8517372906208038,0.4258739793645804,0.0,0.0,1
4.05,PINN Conservative,0.24915816537566013,0.0060021484657308746,0.1326000328549301,0.18233495039265782,0.0002881474792957306,0.42702844738960266,0.8516028821468353,0.4258067742858552,0.0,0.0,1
4.055,PINN Conservative,0.24913205319476706,0.006106321056933958,0.13277724506005334,0.18254463065456358,0.00030313804745674133,0.4269687533378601,0.8514677342027426,0.42573919946743705,0.0,0.0,1
4.0600000000000005,PINN Conservative,0.24910559775112,0.0062118630692011454,0.13295394666962984,0.18275428881365222,0.00031821802258491516,0.42690882086753845,0.8513316567987204,0.4256711599132333,0.0,0.0,1
4.065,PINN Conservative,0.24907879102266614,0.0063188065059118625,0.1331301186087452,0.18296323359942224,0.0003333874046802521,0.4268489181995392,0.8511955458670855,0.42560310359501324,0.0,0.0,1
4.07,PINN Conservative,0.24905160809209848,0.006427250772797221,0.13330575211135642,0.18317191321015389,0.0003483183681964874,0.42678889632225037,0.85105967707932,0.4255351683502443,0.0,0.0,1
4.075,PINN Conservative,0.24902406962098064,0.00653711344209563,0.1334808632720949,0.18337962350744044,0.00036354735493659973,0.42672809958457947,0.8509220741689205,0.4254663660332984,0.0,0.0,1
4.08,PINN Conservative,0.2489961872252079,0.006648348173062444,0.1336554538042745,0.1835870255516974,0.00037868693470954895,0.42666754126548767,0.850784920156002,0.4253977881679042,0.0,0.0,1
4.085,PINN Conservative,0.24896794485228435,0.006761019005928385,0.13382951601448786,0.18379371121051352,0.0003935284912586212,0.4266066551208496,0.850647646933794,0.4253291506971187,0.0,0.0,1
4.09,PINN Conservative,0.24893931612685635,0.0068752311631927856,0.13400303149854617,0.1840000135235195,0.0004090555012226105,0.4265454113483429,0.8505089730024338,0.42525981286298503,0.0,0.0,1
4.095,PINN Conservative,0.2489103435644054,0.006990815032524459,0.13417602884168775,0.1842057630382221,0.00042386725544929504,0.4264843463897705,0.8503718432039022,0.42519124710493594,0.0,0.0,1
4.1,PINN Conservative,0.2488809898374481,0.007107919529124321,0.13434847541663097,0.18441087745666904,0.0004393644630908966,0.42642298340797424,0.8502331990748644,0.4251219241721501,0.0,0.0,1
4.105,PINN Conservative,0.24885128320076386,0.007226431932664997,0.13452040148098013,0.18461543832754543,0.0004545636475086212,0.4263615608215332,0.850094847381115,0.42505274745883986,0.0,0.0,1
4.11,PINN Conservative,0.24882119912020229,0.007346450120302955,0.1346917783133489,0.18481952835097265,0.0004698820412158966,0.42629995942115784,0.8499561343342066,0.42498339006668717,0.0,0.0,1
4.115,PINN Conservative,0.24879074188600014,0.007467956976459804,0.13486262075634436,0.1850230188374114,0.00048496201634407043,0.4262382686138153,0.8498176038265228,0.42491412394529,0.0,0.0,1
4.12,PINN Conservative,0.24875990556528768,0.007590976169875346,0.13503290875029403,0.18522584154058516,0.0005004890263080597,0.42617619037628174,0.8496778476983309,0.42484424500596313,0.0,0.0,1
4.125,PINN Conservative,0.2487287040151007,0.007715452418942454,0.13520266529945646,0.1854287136813931,0.0005159564316272736,0.4261138141155243,0.849537793546915,0.424774217053158,0.0,0.0,1
4.13,PINN Conservative,0.2486971225002193,0.007841444508717916,0.13537187603879539,0.18563034729954306,0.0005310364067554474,0.42605066299438477,0.8493966963142157,0.4247036675531787,0.0,0.0,1
4.135,PINN Conservative,0.24866516170118963,0.007968949724213924,0.13554053958254403,0.18583165916432942,0.0005466528236865997,0.4259880483150482,0.8492560163140297,0.42463332667206904,0.0,0.0,1
4.14,PINN Conservative,0.24863282572925538,0.008097951663931437,0.13570865933269452,0.18603254980947476,0.0005617327988147736,0.42592471837997437,0.8491147961467505,0.4245627157040299,0.0,0.0,1
4.1450000000000005,PINN Conservative,0.2486001045701352,0.008228490279096333,0.13587622603323793,0.18623292585829598,0.000577051192522049,0.42586106061935425,0.8489728011190891,0.4244917173009472,0.0,0.0,1
4.15,PINN Conservative,0.24856699678908895,0.008360571293497092,0.13604324220369995,0.18643283716162817,0.0005923397839069366,0.42579758167266846,0.8488310724496841,0.42442085207866065,0.0,0.0,1
4.155,PINN Conservative,0.24853350703993268,0.008494176141082787,0.13620970933174603,0.18663190451444003,0.0006077177822589874,0.42573362588882446,0.8486886601895094,0.42434964505670825,0.0,0.0,1
4.16,PINN Conservative,0.24849963795162505,0.008629294333819721,0.13637562368610956,0.1868304948353186,0.0006227977573871613,0.42566952109336853,0.8485460039228201,0.42427831602997046,0.0,0.0,1
4.165,PINN Conservative,0.24846536771313205,0.008766012885195532,0.13654097576559013,0.18702855061791943,0.000638086348772049,0.4256054162979126,0.848403736948967,0.42420718165208876,0.0,0.0,1
4.17,PINN Conservative,0.2484307142349335,0.008904260342691553,0.1367057767361003,0.18722641770899415,0.0006535239517688751,0.4255412817001343,0.8482609018683434,0.42413576321726393,0.0,0.0,1
4.175,PINN Conservative,0.24839567249683706,0.009044056733989276,0.1368700208816598,0.18742366965371376,0.0006684847176074982,0.4254764914512634,0.848117470741272,0.4240640467554825,0.0,0.0,1
4.18,PINN Conservative,0.2483602505311504,0.009185370014798534,0.1370337170178673,0.18762026353243078,0.0006836839020252228,0.425411581993103,0.847973920404911,0.42399227068830975,0.0,0.0,1
4.1850000000000005,PINN Conservative,0.24832442704703772,0.00932828512331522,0.13719684709720387,0.18781610022663958,0.0006990917026996613,0.4253464341163635,0.8478295616805553,0.423920090422077,0.0,0.0,1
4.19,PINN Conservative,0.24828819507869093,0.00947282984910924,0.1373594048021437,0.1880115331815293,0.0007140226662158966,0.42528092861175537,0.8476850837469101,0.42384785055045293,0.0,0.0,1
4.195,PINN Conservative,0.2482515780089257,0.009618910908187719,0.13752140929379147,0.18820670757227512,0.0007289238274097443,0.42521536350250244,0.8475409932434559,0.4237758043963507,0.0,0.0,1
4.2,PINN Conservative,0.24821455243628127,0.009766621658926705,0.13768283858636063,0.18840112775400056,0.0007440336048603058,0.42514899373054504,0.8473949655890465,0.4237027896546393,0.0,0.0,1
4.205,PINN Conservative,0.2481771491941538,0.00991583909380014,0.1378437240712147,0.1885950158942523,0.0007587559521198273,0.4250830411911011,0.8472502753138542,0.42363044361091196,0.0,0.0,1
4.21,PINN Conservative,0.2481393213649546,0.010066750387016312,0.13800402263830547,0.18878839265195604,0.0007732994854450226,0.42501625418663025,0.847104212269187,0.42355741117385004,0.0,0.0,1
4.215,PINN Conservative,0.24810109616120207,0.010219246976269872,0.13816375615880608,0.1889810870027904,0.000788319855928421,0.4249490797519684,0.8469566609710455,0.42348363460073074,0.0,0.0,1
4.22,PINN Conservative,0.24806247882310067,0.01037330795615744,0.13832293258024655,0.18917329919822737,0.0008029527962207794,0.4248819351196289,0.8468103911727667,0.42341049878556825,0.0,0.0,1
4.225,PINN Conservative,0.24802344087119754,0.01052904694332451,0.13848152376495487,0.18936530623563663,0.0008180327713489532,0.424814373254776,0.8466625958681107,0.42333660020766356,0.0,0.0,1
4.23,PINN Conservative,0.2479839927308985,0.01068642234639491,0.13863953866441026,0.18955665325234078,0.00083203986287117,0.4247470200061798,0.8465164136141539,0.42326350816521036,0.0,0.0,1
4.235,PINN Conservative,0.247944156361466,0.010845346560534666,0.13879699760039618,0.18974705242848933,0.0008467920124530792,0.4246792197227478,0.8463687095791101,0.42318965522268337,0.0,0.0,1
4.24,PINN Conservative,0.24790389934280613,0.011005948923281843,0.1389538792493029,0.18993729379192828,0.0008610673248767853,0.4246114194393158,0.8462217189371586,0.42311615898117017,0.0,0.0,1
4.245,PINN Conservative,0.2478632274800697,0.011168206275421817,0.13911017227508934,0.1901270656908628,0.0008757598698139191,0.42454278469085693,0.8460727576166391,0.42304167738803156,0.0,0.0,1
4.25,PINN Conservative,0.24782213553771362,0.011332139503761838,0.13926588950920785,0.19031592214450618,0.0008897669613361359,0.4244743585586548,0.8459249027073383,0.4229677490074312,0.0,0.0,1
4.255,PINN Conservative,0.24778064865678606,0.011497648309972052,0.13942104064459107,0.19050484280963642,0.0009037740528583527,0.4244057238101959,0.8457768652588129,0.4228937293560754,0.0,0.0,1
4.26,PINN Conservative,0.2477387339230981,0.011664864002745606,0.13957560218490597,0.1906927745346095,0.0009176023304462433,0.4243359863758087,0.8456269204616547,0.4228187560184583,0.0,0.0,1
4.265,PINN Conservative,0.24769639972134963,0.011833753131949697,0.1397295806357521,0.1908802361940059,0.0009317584335803986,0.4242665469646454,0.845477482303977,0.4227440360037543,0.0,0.0,1
4.2700000000000005,PINN Conservative,0.2476536575564975,0.012004269799420332,0.1398829845407036,0.19106774903156287,0.0009452588856220245,0.4241965711116791,0.8453272636979818,0.42266892576000403,0.0,0.0,1
4.275,PINN Conservative,0.2476104912390043,0.012176478592104998,0.14003580171841423,0.19125399239302537,0.0009589977562427521,0.4241265058517456,0.845177348703146,0.4225939673237347,0.0,0.0,1
4.28,PINN Conservative,0.24756689392145836,0.012350406827240234,0.14018802238254344,0.19143977425306746,0.000972796231508255,0.424055814743042,0.8450262378901243,0.42251841097088366,0.0,0.0,1
4.285,PINN Conservative,0.2475228911504388,0.012525952588660738,0.1403396786769229,0.19162501028165482,0.0009860284626483917,0.42398473620414734,0.8448749128729105,0.42244274751459504,0.0,0.0,1
4.29,PINN Conservative,0.24747845474108532,0.012703228317756983,0.1404907399089297,0.19181025247915803,0.000999409705400467,0.4239138960838318,0.8447243962436914,0.4223674882573664,0.0,0.0,1
4.295,PINN Conservative,0.24743359000445367,0.012882212826469647,0.14064120399852637,0.1919945133855961,0.0010124929249286652,0.42384231090545654,0.8445722125470638,0.42229139545599337,0.0,0.0,1
4.3,PINN Conservative,0.24738829786534064,0.013062902425391135,0.14079107959306433,0.1921785296989015,0.0010259337723255157,0.4237707853317261,0.8444203808903694,0.4222154786767916,0.0,0.0,1
4.305,PINN Conservative,0.24734259486847276,0.013245231110573302,0.14094038310889903,0.1923620558119966,0.001038927584886551,0.4236988127231598,0.8442681021988392,0.4221393383773724,0.0,0.0,1
4.3100000000000005,PINN Conservative,0.2472964455732503,0.013429340269636086,0.1410890740132279,0.19254448841214764,0.0010516829788684845,0.42362672090530396,0.8441160619258881,0.4220633172887358,0.0,0.0,1
4.315,PINN Conservative,0.24724988179193721,0.013615102989933637,0.14123718777191388,0.19272705745483568,0.0010647661983966827,0.42355453968048096,0.8439636304974556,0.4219871006199089,0.0,0.0,1
4.32,PINN Conservative,0.24720286739965874,0.013802663388949785,0.14138469296372208,0.19290887545477142,0.0010770447552204132,0.4234810471534729,0.8438092656433582,0.42190991722614135,0.0,0.0,1
4.325,PINN Conservative,0.24715543270588397,0.013991900549326293,0.14153161291486804,0.193090278057256,0.0010889358818531036,0.42340824007987976,0.8436568938195705,0.42183373036001015,0.0,0.0,1
4.33,PINN Conservative,0.24710755396421788,0.014182909205528687,0.14167792498612228,0.19327070919632217,0.001101512461900711,0.4233347475528717,0.8435031808912754,0.42175687293322645,0.0,0.0,1
4.335,PINN Conservative,0.24705925407643253,0.014375597992651498,0.14182365358749036,0.19345151085785892,0.0011135227978229523,0.423260897397995,0.8433489613234997,0.4216797621835296,0.0,0.0,1
4.34,PINN Conservative,0.24701050399253527,0.01457008280346609,0.1419687736432079,0.19363081421835454,0.001125384122133255,0.4231867492198944,0.8431946467608213,0.4216026039357865,0.0,0.0,1
4.345,PINN Conservative,0.24696132127061352,0.01476629359129687,0.1421132927117587,0.19381013193048735,0.0011370964348316193,0.4231119453907013,0.8430392909795046,0.42152492507220357,0.0,0.0,1
4.3500000000000005,PINN Conservative,0.24691170004864896,0.014964253742227143,0.14225721995952934,0.19398847731844615,0.0011484213173389435,0.4230373203754425,0.8428849168121815,0.4214477370217648,0.0,0.0,1
4.355,PINN Conservative,0.24686163489905386,0.015163984909211947,0.14240053961221127,0.1941669777302268,0.00116010382771492,0.42296192049980164,0.8427286371588707,0.421369596216399,0.0,0.0,1
4.36,PINN Conservative,0.24681113970869623,0.015365431691630748,0.1425432624653243,0.1943444538203056,0.0011711306869983673,0.42288634181022644,0.8425727728754282,0.4212916630985687,0.0,0.0,1
4.365,PINN Conservative,0.24676019254721349,0.015568681579023599,0.14268537489450125,0.19452172248872382,0.001182515174150467,0.4228103756904602,0.8424163740128279,0.42121346268781157,0.0,0.0,1
4.37,PINN Conservative,0.2467088108962482,0.01577366482968603,0.14282689267345666,0.19469814974236363,0.0011931248009204865,0.42273399233818054,0.8422594331204891,0.4211349912587907,0.0,0.0,1
4.375,PINN Conservative,0.24665695692396708,0.015980532370885116,0.1429677769952183,0.19487445469633,0.0012034960091114044,0.42265763878822327,0.8421035055071115,0.42105702647559623,0.0,0.0,1
4.38,PINN Conservative,0.2466046816228448,0.01618908077196005,0.1431080799290829,0.19505004405317447,0.0012142844498157501,0.4225808382034302,0.8419462665915489,0.4209784060330971,0.0,0.0,1
4.385,PINN Conservative,0.24655195270889665,0.016399438827451287,0.14324776479045417,0.1952251517553653,0.0012243874371051788,0.422504186630249,0.8417900074273348,0.42090027547240794,0.0,0.0,1
4.39,PINN Conservative,0.24649878251212495,0.016611557347737553,0.14338685589427294,0.1953998111247882,0.0012344308197498322,0.422426700592041,0.8416326195001602,0.42082158052316965,0.0,0.0,1
4.3950000000000005,PINN Conservative,0.24644514807109333,0.016825527935750578,0.14352531820996625,0.1955737804656943,0.0012445338070392609,0.4223487675189972,0.841474512591958,0.4207425260789149,0.0,0.0,1
4.4,PINN Conservative,0.24639107742895922,0.017041238715412774,0.14366317918707366,0.19574751282532904,0.001254100352525711,0.4222705066204071,0.8413161654025316,0.4206633514925432,0.0,0.0,1
4.405,PINN Conservative,0.24633654778836306,0.017258780635083737,0.14380042612591915,0.19592055171377654,0.0012636072933673859,0.4221918284893036,0.8411571644246578,0.4205838500078535,0.0,0.0,1
4.41,PINN Conservative,0.2462815654187186,0.01747812868340661,0.14393705680525254,0.19609300247222677,0.0012727566063404083,0.4221128821372986,0.840998338535428,0.42050443606858223,0.0,0.0,1
4.415,PINN Conservative,0.24622613974418997,0.01769924526338394,0.1440730881322908,0.19626522941649985,0.0012816078960895538,0.42203375697135925,0.8408396933227777,0.4204251124687322,0.0,0.0,1
4.42,PINN Conservative,0.24617022787173232,0.01792230149360771,0.14420847283604007,0.19643646127369704,0.0012905485928058624,0.42195358872413635,0.8406789898872375,0.42034475974454755,0.0,0.0,1
4.425,PINN Conservative,0.24611388441469817,0.01814707949819574,0.14434326701067485,0.19660775636962854,0.001299191266298294,0.4218737781047821,0.8405194170773029,0.4202649723402463,0.0,0.0,1
4.43,PINN Conservative,0.24605709858037328,0.01837362233387371,0.14447745733295247,0.19677821951447982,0.001307506114244461,0.42179322242736816,0.8403590396046638,0.4201847825995535,0.0,0.0,1
4.4350000000000005,PINN Conservative,0.24599982340269172,0.01860211736824626,0.14461099827217563,0.19694819464283514,0.0013153739273548126,0.4217125475406647,0.8401988688856363,0.42010469623696134,0.0,0.0,1
4.44,PINN Conservative,0.24594208611654594,0.018832455949748462,0.14474392157600854,0.19711766892164104,0.0013232119381427765,0.4216310381889343,0.8400374185293913,0.4200239700477466,0.0,0.0,1
4.445,PINN Conservative,0.2458839076016475,0.019064554780333937,0.14487624044317896,0.19728660637008255,0.0013311095535755157,0.42154932022094727,0.8398754876106977,0.41994300357429803,0.0,0.0,1
4.45,PINN Conservative,0.24582526796927173,0.019298493204580984,0.1450079424166314,0.19745494009324446,0.0013379938900470734,0.42146795988082886,0.8397156428545713,0.4198630801951978,0.0,0.0,1
4.455,PINN Conservative,0.24576617018398908,0.019534259395557797,0.14513902127183761,0.19762302394697445,0.0013452060520648956,0.4213854670524597,0.839553439989686,0.41978197774695025,0.0,0.0,1
4.46,PINN Conservative,0.24570659324955627,0.01977193711620536,0.14526947068034488,0.19779048465287127,0.0013519711792469025,0.4213032126426697,0.839392164722085,0.41970133910315405,0.0,0.0,1
4.465,PINN Conservative,0.24564655560597373,0.020011452801522122,0.14539929632883986,0.19795750963506636,0.0013586170971393585,0.42122048139572144,0.8392304088920355,0.41962046017512405,0.0,0.0,1
4.47,PINN Conservative,0.2455860543343517,0.020252818096200338,0.1455284957986817,0.19812424565769665,0.0013646967709064484,0.4211372435092926,0.839068204164505,0.4195393567955423,0.0,0.0,1
4.4750000000000005,PINN Conservative,0.2455250889368661,0.020496034986272057,0.1456570836380228,0.19829012575920973,0.0013708360493183136,0.4210532605648041,0.8389046899974346,0.41945759868799015,0.0,0.0,1
4.48,PINN Conservative,0.24546364901421425,0.020741144958976675,0.145785028800542,0.19845580860003492,0.0013768263161182404,0.42096930742263794,0.8387418612837791,0.4193761833114381,0.0,0.0,1
4.485,PINN Conservative,0.2454017498880043,0.020988086889905402,0.14591236261016927,0.19862033866076745,0.0013821013271808624,0.4208848476409912,0.8385786134749651,0.4192945583846822,0.0,0.0,1
4.49,PINN Conservative,0.24533937889635116,0.021236911292701208,0.14603906490923702,0.19878526567435365,0.001387227326631546,0.4207996726036072,0.8384145591408014,0.4192125301902006,0.0,0.0,1
4.495,PINN Conservative,0.24527653551159856,0.021487620272409108,0.1461651344181625,0.19894904525519685,0.001392710953950882,0.4207146465778351,0.8382505625486374,0.4191305308670804,0.0,0.0,1
4.5,PINN Conservative,0.24521322239719862,0.02174020320338631,0.14629057985590183,0.19911264953281002,0.0013970620930194855,0.42062872648239136,0.8380859103053808,0.4190482037143079,0.0,0.0,1
4.505,PINN Conservative,0.2451494244198586,0.021994720458771454,0.14641538405525903,0.19927540397148988,0.0014011450111865997,0.42054283618927,0.8379219453781843,0.4189662202238698,0.0,0.0,1
4.51,PINN Conservative,0.24508516668333663,0.022251071889000478,0.14653956709328178,0.19943787368026666,0.0014055855572223663,0.42045608162879944,0.8377561308443546,0.41888331191853184,0.0,0.0,1
4.515,PINN Conservative,0.2450204333346393,0.02250932073840404,0.14666311750598085,0.19959978280752397,0.0014092214405536652,0.4203692674636841,0.8375914748758078,0.41880098290309087,0.0,0.0,1
4.5200000000000005,PINN Conservative,0.24495522397662606,0.022769468591344613,0.14678603717320815,0.1997614179273647,0.0014125891029834747,0.42028215527534485,0.8374260142445564,0.41871825155125836,0.0,0.0,1
4.525,PINN Conservative,0.24488953368326236,0.023031535099868335,0.14690831689276657,0.19992242147670589,0.0014157183468341827,0.42019376158714294,0.8372591827064753,0.41863483473742563,0.0,0.0,1
4.53,PINN Conservative,0.24482337278766078,0.023295479040795958,0.14702997047722746,0.20008274886709088,0.00141872838139534,0.42010578513145447,0.8370930664241314,0.4185517755559408,0.0,0.0,1
4.535,PINN Conservative,0.2447567425781975,0.023561295274247242,0.1471509972389582,0.20024281637750885,0.0014210231602191925,0.4200175404548645,0.8369274865835905,0.418468984598717,0.0,0.0,1
4.54,PINN Conservative,0.24468962237186678,0.02382906631352532,0.14727137744323704,0.2004024656416437,0.0014232881367206573,0.4199288785457611,0.8367612175643444,0.4183858490478246,0.0,0.0,1
4.545,PINN Conservative,0.24462201866741712,0.024098766232359643,0.147391112883196,0.20056141764340543,0.0014251060783863068,0.41983938217163086,0.8365940824151039,0.4183022804265108,0.0,0.0,1
4.55,PINN Conservative,0.2445539377911298,0.024370369792524466,0.147510218657546,0.20071967476766495,0.0014266259968280792,0.4197496473789215,0.8364268895238638,0.4182186829338356,0.0,0.0,1
4.555,PINN Conservative,0.24448538908233364,0.02464383973546654,0.14762870664794428,0.20087766218924236,0.0014278478920459747,0.41966012120246887,0.8362605292350054,0.41813550174756536,0.0,0.0,1
4.5600000000000005,PINN Conservative,0.24441636828435315,0.0249191930428741,0.1477465540758496,0.20103507262533596,0.0014286525547504425,0.41956958174705505,0.8360929191112518,0.4180516956360205,0.0,0.0,1
4.565,PINN Conservative,0.24434682625803622,0.02519662575171647,0.14786373435062278,0.20119253671061443,0.0014289803802967072,0.41947847604751587,0.8359247669577599,0.4179676185062119,0.0,0.0,1
4.57,PINN Conservative,0.24427682638365975,0.025475885011122953,0.14798029485404848,0.20134874418800636,0.0014296658337116241,0.41938722133636475,0.8357565570622683,0.41788351250504185,0.0,0.0,1
4.575,PINN Conservative,0.244206338521425,0.025757091061564583,0.14809621327147346,0.20150494180018236,0.001429785043001175,0.4192955493927002,0.8355879578739405,0.4177992118550158,0.0,0.0,1
4.58,PINN Conservative,0.24413535808557058,0.026040262197593367,0.14821148295290698,0.20166020977215024,0.0014290399849414825,0.4192033112049103,0.8354193288832903,0.41771489630364184,0.0,0.0,1
4.585,PINN Conservative,0.24406389727465083,0.026325349753989626,0.14832611909072607,0.2018154172376164,0.0014282651245594025,0.41911056637763977,0.8352500759065151,0.4176302687552977,0.0,0.0,1
4.59,PINN Conservative,0.24399194826798007,0.026612384930793626,0.14844010636728433,0.2019698663336492,0.0014270134270191193,0.4190172255039215,0.8350802194327116,0.41754533945465994,0.0,0.0,1
4.595,PINN Conservative,0.24391952484055562,0.026901312773684537,0.1485534681734286,0.202124055826672,0.0014248378574848175,0.418923944234848,0.8349116519093513,0.4174610546373159,0.0,0.0,1
4.6000000000000005,PINN Conservative,0.2438466026204395,0.027192230512684778,0.14866617156640438,0.20227756618729895,0.0014235861599445343,0.41882967948913574,0.8347404263913631,0.4173754408060121,0.0,0.0,1
4.605,PINN Conservative,0.24377317882858,0.02748514923461314,0.14877822084438524,0.20243047359250899,0.001421470195055008,0.4187353253364563,0.834570124745369,0.417290288916491,0.0,0.0,1
4.61,PINN Conservative,0.24369927968277974,0.02777996434550832,0.14888963827972215,0.20258328298734846,0.0014184601604938507,0.4186403453350067,0.8343996983021498,0.41720507462757594,0.0,0.0,1
4.615,PINN Conservative,0.24362489258081793,0.028076726120987033,0.14900041426120572,0.2027352402928047,0.0014156587421894073,0.41854482889175415,0.8342281151562929,0.4171192819800981,0.0,0.0,1
4.62,PINN Conservative,0.24355001716750552,0.02837543597804938,0.14911054615413544,0.20288666262043667,0.0014123208820819855,0.41844967007637024,0.8340583760291338,0.41703441135351743,0.0,0.0,1
4.625,PINN Conservative,0.2434746354894789,0.02867616554029566,0.14922001640837457,0.20303818068501575,0.001408446580171585,0.4183536171913147,0.8338875081390142,0.41694897633838757,0.0,0.0,1
4.63,PINN Conservative,0.24339876773658098,0.028978834261858776,0.14932884904848948,0.20318848351902682,0.0013940408825874329,0.4182569682598114,0.8337154127657413,0.4168629275739939,0.0,0.0,1
4.635,PINN Conservative,0.2433224094461079,0.02928345994636181,0.1494370321225717,0.20333858314226827,0.0013763289898633957,0.4181600511074066,0.8335436712950468,0.4167770557631057,0.0,0.0,1
4.64,PINN Conservative,0.24324555431322026,0.029590067746489517,0.14954456796123347,0.20348839168454205,0.0013582538813352585,0.4180629551410675,0.833372799679637,0.41669161888530737,0.0,0.0,1
4.6450000000000005,PINN Conservative,0.24316820750633877,0.029898637043214406,0.14965145417634176,0.203637643443428,0.0013400651514530182,0.4179653823375702,0.83320102840662,0.41660573217307134,0.0,0.0,1
4.65,PINN Conservative,0.24309037103540485,0.030209159818025674,0.1497576960810381,0.20378636100079692,0.0013216324150562286,0.417866975069046,0.8330280110239983,0.4165192223982291,0.0,0.0,1
4.655,PINN Conservative,0.2430120284778175,0.03052170158766069,0.14986328407594257,0.2039342924475957,0.0013029668480157852,0.4177683889865875,0.8328558523207903,0.4164331419684712,0.0,0.0,1
4.66,PINN Conservative,0.24293319804331026,0.030836189705750524,0.1499682232714161,0.2040821865941496,0.0012840628623962402,0.4176689088344574,0.8326825015246868,0.4163464654848001,0.0,0.0,1
4.665,PINN Conservative,0.2428538732042348,0.03115265021385964,0.1500725131515983,0.2042291300002921,0.0012649241834878922,0.417569637298584,0.8325096536427736,0.4162600404613736,0.0,0.0,1
4.67,PINN Conservative,0.2427740345939293,0.03147116037383572,0.15017613700546945,0.2043759020656445,0.001245066523551941,0.4174692928791046,0.8323363326489925,0.41617337887905026,0.0,0.0,1
4.675,PINN Conservative,0.24269370939321555,0.0317916117498247,0.15027911910728825,0.2045218917356812,0.001225808635354042,0.41736888885498047,0.8321626204997301,0.41608652171653665,0.0,0.0,1
4.68,PINN Conservative,0.2426128886282086,0.03211404014246897,0.1503814560591187,0.20466795830457568,0.0012058354914188385,0.41726750135421753,0.8319878950715065,0.4159991579081967,0.0,0.0,1
4.6850000000000005,PINN Conservative,0.24253156027095663,0.03243849353638197,0.1504831297883187,0.2048130186009994,0.0011857394129037857,0.4171658158302307,0.831812696531415,0.41591155754095993,0.0,0.0,1
4.69,PINN Conservative,0.24244973911075024,0.032764912930795816,0.15058415756333687,0.2049578525812849,0.0011651739478111267,0.41706421971321106,0.8316396661102772,0.415825041246778,0.0,0.0,1
4.695,PINN Conservative,0.24236741460005828,0.03309334040429658,0.1506845298337636,0.20510194851057062,0.0011443663388490677,0.41696178913116455,0.8314648512750864,0.41573763273439457,0.0,0.0,1
4.7,PINN Conservative,0.24228458430103444,0.033423785682489666,0.15078424446740946,0.2052457080698704,0.0011237990111112595,0.4168586730957031,0.8312889914959669,0.41564970174350274,0.0,0.0,1
4.705,PINN Conservative,0.24220126532428377,0.03375618050389695,0.15088330789904597,0.20538902990554847,0.0011026374995708466,0.416755348443985,0.8311139345169067,0.41556217215766816,0.0,0.0,1
4.71,PINN Conservative,0.24211742524784785,0.034090654213494706,0.15098170381581139,0.20553185661529852,0.0010810010135173798,0.4166512191295624,0.8309376239776611,0.41547401578389037,0.0,0.0,1
4.715,PINN Conservative,0.2420330955427852,0.034427081259850584,0.15107945736829942,0.2056741741267741,0.0010593626648187637,0.41654711961746216,0.8307624477893114,0.4153864265926645,0.0,0.0,1
4.72,PINN Conservative,0.24194827050276407,0.03476548440794807,0.15117655857496662,0.20581612347728664,0.001037605106830597,0.4164421856403351,0.8305860497057438,0.4152982264461775,0.0,0.0,1
4.7250000000000005,PINN Conservative,0.24186292481613353,0.035105964636723934,0.15127298899433872,0.20595723514979797,0.0010151378810405731,0.41633734107017517,0.8304106593132019,0.415210530151514,0.0,0.0,1
4.73,PINN Conservative,0.24177708271312878,0.03544842528146842,0.1513687719760868,0.2060983637717253,0.0009926669299602509,0.4162313938140869,0.8302340507507324,0.4151222247642579,0.0,0.0,1
4.735,PINN Conservative,0.24169072714094464,0.03579293437307147,0.15146388554843274,0.2062384620436096,0.0009699612855911255,0.4161258935928345,0.8300586603581905,0.41503452846959443,0.0,0.0,1
4.74,PINN Conservative,0.2416038809482146,0.03613940075861988,0.1515583597382357,0.2063785220749408,0.0009470153599977493,0.41601914167404175,0.8298811856657267,0.41494579001191695,0.0,0.0,1
4.745,PINN Conservative,0.2415165136278317,0.036487946143933636,0.15165216031808948,0.2065177034506508,0.0009238328784704208,0.41591212153434753,0.8297048415988684,0.41485761687412287,0.0,0.0,1
4.75,PINN Conservative,0.24142864886186532,0.036838476051169265,0.1517453079400647,0.20665657281866592,0.0009000543504953384,0.4158047139644623,0.829527722671628,0.41476905630128513,0.0,0.0,1
4.755,PINN Conservative,0.24134027572055985,0.03719103408376888,0.15183779449496435,0.20679507505271744,0.0008765179663896561,0.4156966507434845,0.8293501827865839,0.41468028524690925,0.0,0.0,1
4.76,PINN Conservative,0.24125140259887,0.03754558675068893,0.15192962343741634,0.20693278851055627,0.0008522681891918182,0.41558805108070374,0.8291724324226379,0.41459140895176433,0.0,0.0,1
4.765,PINN Conservative,0.24116201829016062,0.03790217875996164,0.15202080334835003,0.2070701937037583,0.0008281301707029343,0.41547891497612,0.8289940040558577,0.4145021936509562,0.0,0.0,1
4.7700000000000005,PINN Conservative,0.24107211869064576,0.03826082648333378,0.15211130219328828,0.20720726289664368,0.0008035227656364441,0.4153693616390228,0.828815508633852,0.41441294482211544,0.0,0.0,1
4.775,PINN Conservative,0.24098171252156939,0.0386214951280554,0.15220114408256188,0.20734380879804334,0.0007785558700561523,0.41525983810424805,0.828638356178999,0.41432436748526136,0.0,0.0,1
4.78,PINN Conservative,0.24089080303556867,0.038984171717973894,0.15229033762618355,0.20747961293772357,0.0007534734904766083,0.41514918208122253,0.8284594416618347,0.4142349091062167,0.0,0.0,1
4.785,PINN Conservative,0.2407993908861542,0.03934885364595772,0.15237887571686204,0.20761509025843775,0.0007282700389623642,0.415038138628006,0.828280022367835,0.41414519833559316,0.0,0.0,1
4.79,PINN Conservative,0.24070744682289846,0.03971565760439812,0.1524667255293241,0.20775017090186002,0.0007024724036455154,0.4149266481399536,0.8281008098274469,0.41405559094307015,0.0,0.0,1
4.795,PINN Conservative,0.24061501018136172,0.04008442666702159,0.15255392925958672,0.2078845491636086,0.0006767958402633667,0.414814829826355,0.8279215060174465,0.41396593791516945,0.0,0.0,1
4.8,PINN Conservative,0.24052205371732885,0.04045526952258519,0.15264046815315668,0.2080186134571628,0.0006506405770778656,0.41470205783843994,0.8277413696050644,0.41387586858086367,0.0,0.0,1
4.805,PINN Conservative,0.24042860515046496,0.04082807558555973,0.15272636366284573,0.20815201118971047,0.0006240103393793106,0.4145892858505249,0.8275623340159655,0.4137863496650934,0.0,0.0,1
4.8100000000000005,PINN Conservative,0.2403346126324854,0.041203051700796085,0.1528115598902437,0.20828503455499997,0.0005972590297460556,0.41447556018829346,0.8273812737315893,0.4136958183890048,0.0,0.0,1
4.815,PINN Conservative,0.2402401386748056,0.041579948483681295,0.15289612301791347,0.20841768949359932,0.0005702748894691467,0.4143619239330292,0.827201459556818,0.41360591017552245,0.0,0.0,1
4.82,PINN Conservative,0.2401451327333654,0.0419589675759601,0.15298000400333941,0.20854956221668464,0.000542929396033287,0.4142470061779022,0.827020576223731,0.4135154673761866,0.0,0.0,1
4.825,PINN Conservative,0.24004963350979175,0.042339954580388736,0.15306324341779642,0.20868114163115586,0.000515468418598175,0.41413190960884094,0.8268393911421299,0.41342487370070397,0.0,0.0,1
4.83,PINN Conservative,0.23995360328318988,0.042723059981653405,0.1531457911903467,0.20881230764439077,0.0004875306040048599,0.41401687264442444,0.826659070327878,0.41333471216430845,0.0,0.0,1
4.835,PINN Conservative,0.23985706277292324,0.043108201121404455,0.15322768454857935,0.20894272987068715,0.0004594717174768448,0.4139007329940796,0.8264779169112444,0.41324413432150786,0.0,0.0,1
4.84,PINN Conservative,0.23976000930901403,0.04349538865131846,0.1533089151101868,0.2090728113470375,0.00043105706572532654,0.41378453373908997,0.8262970894575119,0.4131537194621992,0.0,0.0,1
4.845,PINN Conservative,0.2396624519939985,0.043884586257508455,0.15338948617178433,0.209202339692667,0.00040217116475105286,0.41366755962371826,0.8261154517531395,0.41306289947249636,0.0,0.0,1
4.8500000000000005,PINN Conservative,0.23956438515790263,0.04427581655991129,0.15346939746157418,0.20933138708286742,0.0003736410290002823,0.41355055570602417,0.8259341139346361,0.4129722294276061,0.0,0.0,1
4.855,PINN Conservative,0.23946578380417774,0.044669179280387,0.15354862690778825,0.2094601248473977,0.00034439191222190857,0.4134325385093689,0.8257523626089096,0.4128813526265146,0.0,0.0,1
4.86,PINN Conservative,0.2393666760738682,0.045064562152345465,0.15362720005306973,0.20958812971333124,0.00031478889286518097,0.4133140444755554,0.8255699221044779,0.4127901312317545,0.0,0.0,1
4.865,PINN Conservative,0.2392670600633095,0.04546197277031362,0.15370511139154028,0.2097155536802955,0.0002849474549293518,0.4131954312324524,0.8253886438906193,0.4126994909895599,0.0,0.0,1
4.87,PINN Conservative,0.23916691754598757,0.045861483847605244,0.15378234782580505,0.20984293254362926,0.0002546347677707672,0.41307592391967773,0.8252059295773506,0.41260813268866653,0.0,0.0,1
4.875,PINN Conservative,0.23906626570149436,0.04626302684752404,0.15385892442115517,0.20996958470102184,0.0002244357019662857,0.4129558205604553,0.8250230420380831,0.41251668777368894,0.0,0.0,1
4.88,PINN Conservative,0.23896510189900674,0.04666661226554203,0.1539348344588303,0.21009544277606354,0.00019364617764949799,0.41283509135246277,0.8248395826667547,0.4124249569390998,0.0,0.0,1
4.885,PINN Conservative,0.238863411513311,0.04707229844785461,0.15401007063985953,0.21022106050207492,0.00016297027468681335,0.4127143621444702,0.8246569633483887,0.41233364613625273,0.0,0.0,1
4.89,PINN Conservative,0.23876123141135658,0.04747993831652645,0.15408466074362587,0.21034608252082232,0.00013158470392227173,0.4125928282737732,0.8244737721979618,0.4122420494137941,0.0,0.0,1
4.8950000000000005,PINN Conservative,0.23865851643285504,0.047889712035148024,0.15415857561107213,0.21047067146726248,0.00010007806122303009,0.41247084736824036,0.82428995706141,0.41215014069436523,0.0,0.0,1
4.9,PINN Conservative,0.23855527386244563,0.04830159054219638,0.15423180613152757,0.21059488650500505,6.833858788013458e-05,0.4123480021953583,0.8241062257438898,0.4120582738849771,0.0,0.0,1
4.905,PINN Conservative,0.23845151485082833,0.0487155293527885,0.15430437247749348,0.2107183927715727,3.623776137828827e-05,0.4122251272201538,0.8239221405237913,0.4119662301220835,0.0,0.0,1
4.91,PINN Conservative,0.23834727004867745,0.049131406188353405,0.15437629877556652,0.2108418895024102,4.021450877189636e-06,0.41210147738456726,0.8237379621714354,0.4118741397924779,0.0,0.0,1
4.915,PINN Conservative,0.23824247846694974,0.04954946436011422,0.15444753372090023,0.21096408042721576,-2.8915703296661377e-05,0.4119773507118225,0.8235534615814686,0.4117818883420489,0.0,2.891606546919906e-05,1
4.92,PINN Conservative,0.23813718451080737,0.04996952671700007,0.15451811624353962,0.21108635147274943,-6.172806024551392e-05,0.41185247898101807,0.8233682699501514,0.41168929136661697,0.0,6.172883339662824e-05,1
4.925,PINN Conservative,0.23803136516008172,0.050391685096250693,0.1545880250772533,0.21120815673663204,-9.525567293167114e-05,0.41172733902931213,0.8231842406094074,0.41159727554375053,0.0,9.525686602002319e-05,1
4.93,PINN Conservative,0.2379250259896567,0.05081591725728398,0.15465725945955683,0.21132893715552958,-0.0001285448670387268,0.4116012454032898,0.8229982145130634,0.4115042613305793,0.0,0.0001285464770780962,1
4.9350000000000005,PINN Conservative,0.23781817431959723,0.051242193997248844,0.15472583128379572,0.2114495539318401,-0.00016243010759353638,0.4114754796028137,0.8228139169514179,0.4114121113955824,0.0,0.00016243214204947402,1
4.94,PINN Conservative,0.23771079904768053,0.05167055960763208,0.15479373435634586,0.2115694011670592,-0.00019678659737110138,0.4113481640815735,0.822627617046237,0.41131896027627796,0.0,0.00019678906214605846,1
4.945,PINN Conservative,0.23760290861827085,0.05210098040027451,0.15486096647904354,0.21168902223181138,-0.00023102574050426483,0.4112209975719452,0.8224421236664057,0.41122621242469926,0.0,0.00023102863412846102,1
4.95,PINN Conservative,0.2374945067743714,0.05253344144274509,0.15492754561517005,0.21180847599155492,-0.00026586465537548065,0.41109296679496765,0.822256425395608,0.4111333621263542,0.0,0.0002658679853611265,1
4.955,PINN Conservative,0.23738557874160754,0.052968001676305485,0.1549934396531301,0.21192695427252645,-0.0003008190542459488,0.41096460819244385,0.8220702167600393,0.41104025664242755,0.0,0.0003008228220394948,1
4.96,PINN Conservative,0.23727613605476833,0.05340461508377819,0.15505867764590317,0.21204506011722582,-0.0003362484276294708,0.4108358919620514,0.8218843638896942,0.4109473290433406,0.0,0.0003362526391800279,1
4.965,PINN Conservative,0.23716616716694547,0.053843327730689554,0.15512323646224177,0.2121624910368925,-0.00037167593836784363,0.41070669889450073,0.8216984793543816,0.41085438561157156,0.0,0.00037168059365208186,1
4.97,PINN Conservative,0.23705569206568244,0.0542840598782309,0.1551871387734409,0.21227963562437807,-0.00040722452104091644,0.4105766713619232,0.8215115834027529,0.41076093646531053,0.0,0.0004072296215752759,1
4.9750000000000005,PINN Conservative,0.23694468657947604,0.0547269079568051,0.1552503645894036,0.2123960550517324,-0.00044384412467479706,0.41044628620147705,0.8213248047977686,0.4106675459931065,0.0,0.0004438496838739395,1
4.98,PINN Conservative,0.23683315843671887,0.05517184113456826,0.15531291621002313,0.21251187997446122,-0.0004804655909538269,0.41031530499458313,0.8211384750902653,0.4105743799724543,0.0,0.00048047160884108215,1
4.985,PINN Conservative,0.2367211177542403,0.05561881905118693,0.1553748089232492,0.21262726422480677,-0.0005169659852981567,0.4101838171482086,0.8209512196481228,0.4104807510786849,0.0,0.0005169724603570848,1
4.99,PINN Conservative,0.2366085580472757,0.056067867577144055,0.1554360329938488,0.21274281177686905,-0.0005545374006032944,0.4100518822669983,0.8207648266106844,0.4103875533926685,0.0,0.000554544346248557,1
4.995,PINN Conservative,0.236495487546703,0.056518953875968454,0.15549659593242657,0.21285693992639218,-0.0005916319787502289,0.4099191427230835,0.8205771818757057,0.4102937298500432,0.0,0.0005916393890093853,1
5.0,PINN Conservative,0.23638188886317285,0.05697214732116755,0.15555647898670505,0.2129708866842936,-0.0006294436752796173,0.40978631377220154,0.8203903138637543,0.4102002946737957,0.0,0.0006294515591346586,1
