time,method,mass,conservation_error,l2_vs_cn,linf_vs_cn,min_c,max_c,tv,tv_ratio,overshoot_rel,negative_depth_rel,extrema_count
0.0,CN,0.250662679995813,0.0,0.0,0.0,0.0,0.9999874750408879,1.9999749500817758,1.0,0.0,0.0,1
0.005,CN,0.2506625880942879,3.6663425570059495e-07,0.0,0.0,-2.1061286103113857e-06,0.9950340935506172,1.990076498792413,0.9950507123656934,0.0,2.106154989816517e-06,3
0.01,CN,0.2506625494789456,5.206872733168438e-07,0.0,0.0,0.0,0.9901475343930174,1.9802971930872608,0.9901609982696481,0.0,0.0,5
0.015,CN,0.25066248099798305,7.938869477495493e-07,0.0,0.0,-1.5262606741121111e-06,0.9853262915716465,1.9706585033733661,0.9853415930498475,0.0,1.5262797907040833e-06,3
0.02,CN,0.2506624305196136,9.952666243319766e-07,0.0,0.0,0.0,0.9805689061437027,1.9611396638509158,0.9805821136763377,0.0,0.0,5
0.025,CN,0.25066235827571104,1.2834782663028988e-06,0.0,0.0,-1.1145717063895601e-06,0.9758971339902834,1.9517984454652204,0.9759114459835682,0.0,1.1145856665294604e-06,3
0.03,CN,0.2506622947429567,1.5369374343621387e-06,0.0,0.0,0.0,0.9712858688927467,1.9425731569691287,0.9712987439616181,0.0,0.0,5
0.035,CN,0.2506622127284987,1.8641279758662843e-06,0.0,0.0,-7.759463658663899e-07,0.9667337138365112,1.9334701254546827,0.9667471711961323,0.0,7.759560846846233e-07,3
0.04,CN,0.2506621343193648,2.1769353467489224e-06,0.0,0.0,0.0,0.9622394019326751,1.924479565606688,0.9622518349682325,0.0,0.0,5
0.045,CN,0.25066203885676014,2.55777626274062e-06,0.0,0.0,-4.746171140030722e-07,0.9578235242122118,1.9156483809630007,0.9578361873405828,0.0,4.746230586374753e-07,3
0.05,CN,0.2506619433610781,2.938749138440774e-06,0.0,0.0,0.0,0.9534626413139757,1.906925568541039,0.9534747265024833,0.0,0.0,3
0.055,CN,0.250661831257996,3.3859759936584897e-06,0.0,0.0,-1.9242763265794756e-07,0.9491554422064872,1.8983112692682398,0.949167522918535,0.0,1.9243004283636603e-07,2
0.06,CN,0.25066171613526134,3.845249526840337e-06,0.0,0.0,0.0,0.9449008213731593,1.8898016427463187,0.9449126563655448,0.0,0.0,1
0.065,CN,0.2506615842251154,4.3714951806393204e-06,0.0,0.0,0.0,0.940718295035562,1.881436590071124,0.94073007764132,0.0,0.0,1
0.07,CN,0.2506614466191784,4.920463766773619e-06,0.0,0.0,0.0,0.9365859283958547,1.8731718567917095,0.9365976592432412,0.0,0.0,1
0.075,CN,0.2506612915928281,5.538929787782783e-06,0.0,0.0,0.0,0.9325024784102907,1.8650049568205813,0.9325141581119925,0.0,0.0,1
0.08,CN,0.25066112833261583,6.19024418464809e-06,0.0,0.0,0.0,0.9284669759869466,1.8569339519738932,0.9284786051435124,0.0,0.0,1
0.085,CN,0.2506609466599861,6.915013542897683e-06,0.0,0.0,0.0,0.9244979438877186,1.848995887775437,0.924509523331697,0.0,0.0,1
0.09,CN,0.2506607542550916,7.682598468264265e-06,0.0,0.0,0.0,0.920574810791384,1.841149621582768,0.9205863410976655,0.0,0.0,1
0.095,CN,0.2506605421418412,8.528808404310702e-06,0.0,0.0,0.0,0.9166963874869504,1.8333927749739007,0.91670786921553,0.0,0.0,1
0.1,CN,0.2506603167763384,9.42788720941567e-06,0.0,0.0,0.0,0.9128618208742795,1.8257236417485587,0.9128732545744674,0.0,0.0,1
0.105,CN,0.250660070136748,1.0411837394446471e-05,0.0,0.0,0.0,0.9090887138359969,1.8181774276719938,0.9091001002775816,0.0,0.0,1
0.11,CN,0.2506598076627302,1.1458957842542267e-05,0.0,0.0,0.0,0.9053577352072626,1.8107154704145252,0.9053690749179073,0.0,0.0,1
0.115,CN,0.2506595221012704,1.259818391248062e-05,0.0,0.0,0.0,0.9016677384244279,1.8033354768488559,0.9016790319174349,0.0,0.0,1
0.12,CN,0.25065921803286073,1.3811242073665287e-05,0.0,0.0,0.0,0.8980179695307166,1.7960359390614333,0.8980292173099449,0.0,0.0,1
0.125,CN,0.2506588888310619,1.5124568009646301e-05,0.0,0.0,0.0,0.894425178174751,1.788850356349502,0.8944363809538508,0.0,0.0,1
0.13,CN,0.2506585383393022,1.6522828651127515e-05,0.0,0.0,0.0,0.8908711650132582,1.7817423300265165,0.8908823232779309,0.0,0.0,1
0.135,CN,0.25065816044627676,1.803040459116592e-05,0.0,0.0,0.0,0.8873548172562241,1.7747096345124482,0.8873659314782333,0.0,0.0,1
0.14,CN,0.2506577583551273,1.963451713571587e-05,0.0,0.0,0.0,0.8838754661097896,1.7677509322195792,0.8838865367525222,0.0,0.0,1
0.145,CN,0.25065732638087745,2.1357846072746384e-05,0.0,0.0,0.0,0.8804490684462688,1.7608981368925376,0.8804600961729732,0.0,0.0,1
0.15,CN,0.2506568671644663,2.3189855573253752e-05,0.0,0.0,0.0,0.8770584611287416,1.754116922257483,0.877069446387696,0.0,0.0,1
0.155,CN,0.25065637537549024,2.5151810883277293e-05,0.0,0.0,0.0,0.8737025580778457,1.7474051161556914,0.8737135013037252,0.0,0.0,1
0.16,CN,0.2506558531566857,2.7235163716421705e-05,0.0,0.0,0.0,0.8703807639934762,1.7407615279869524,0.8703916656134995,0.0,0.0,1
0.165,CN,0.2506552954735891,2.9459998688268124e-05,0.0,0.0,0.0,0.867108297907559,1.7342165958151177,0.8671191585395649,0.0,0.0,1
0.17,CN,0.25065470402393375,3.181954281894051e-05,0.0,0.0,0.0,0.8638689481340299,1.7277378962680598,0.8638797681928043,0.0,0.0,1
0.17500000000000002,CN,0.2506540740208508,3.4332892963185324e-05,0.0,0.0,0.0,0.8606616496674616,1.7213232993349232,0.8606724295544507,0.0,0.0,1
0.18,CN,0.2506534067618652,3.699487274267074e-05,0.0,0.0,0.0,0.8574858709076584,1.7149717418153168,0.8574966110176501,0.0,0.0,1
0.185,CN,0.25065269766755294,3.982375142648474e-05,0.0,0.0,0.0,0.8543561430509116,1.7087122861018231,0.8543668439606988,0.0,0.0,1
0.19,CN,0.2506519476733971,4.281579697490003e-05,0.0,0.0,0.0,0.8512571304289376,1.7025142608578752,0.8512677925232324,0.0,0.0,1
0.195,CN,0.25065115237388935,4.5988584833719295e-05,0.0,0.0,0.0,0.8481877846026955,1.696375569205391,0.8481984082530778,0.0,0.0,1
0.2,CN,0.2506503123753518,4.9339696126292653e-05,0.0,0.0,0.0,0.8451476294093155,1.690295258818631,0.8451582149814014,0.0,0.0,1
0.20500000000000002,CN,0.2506494234180783,5.288612463144448e-05,0.0,0.0,0.0,0.8421505538058216,1.6843011076116432,0.8421611018391879,0.0,0.0,1
0.21,CN,0.25064848580785204,5.662665044985799e-05,0.0,0.0,0.0,0.8391820307521024,1.6783640615042048,0.8391925416043732,0.0,0.0,1
0.215,CN,0.2506474954071329,6.0577779988467856e-05,0.0,0.0,0.0,0.8362410247660632,1.6724820495321264,0.8362514987818929,0.0,0.0,1
0.22,CN,0.25064645224632465,6.473939195340572e-05,0.0,0.0,0.0,0.8333271081173729,1.6666542162347457,0.8333375456360586,0.0,0.0,1
0.225,CN,0.25064535229015494,6.912758476185151e-05,0.0,0.0,0.0,0.8304535691739735,1.660907138347947,0.8304639707012506,0.0,0.0,1
0.23,CN,0.2506441953159677,7.374324668349205e-05,0.0,0.0,0.0,0.827606629107333,1.655213258214666,0.8276169949763555,0.0,0.0,1
0.23500000000000001,CN,0.25064297737400554,7.860213497987934e-05,0.0,0.0,0.0,0.8247852625001862,1.6495705250003725,0.8247955930312648,0.0,0.0,1
0.24,CN,0.2506416980085252,8.370606780448145e-05,0.0,0.0,0.0,0.8219890840889226,1.6439781681778451,0.8219993795975422,0.0,0.0,1
0.245,CN,0.25064035334119883,8.907051745609101e-05,0.0,0.0,0.0,0.8192308197649508,1.6384616395299016,0.8192410807259899,0.0,0.0,1
0.25,CN,0.2506389427012138,9.46981600914765e-05,0.0,0.0,0.0,0.8164973845667067,1.6329947691334135,0.8165076112911529,0.0,0.0,1
0.255,CN,0.25063746226986083,0.0001006042301653153,0.0,0.0,0.0,0.8137877608246736,1.627575521649347,0.813797953610768,0.0,0.0,1
0.26,CN,0.25063591117763573,0.00010679219649971688,0.0,0.0,0.0,0.8111016006389429,1.6222032012778858,0.8111117597805695,0.0,0.0,1
0.265,CN,0.2506342856555884,0.00011327709503898903,0.0,0.0,0.0,0.8084511023605002,1.6169022047210004,0.8084612283043284,0.0,0.0,1
0.27,CN,0.2506325846505134,0.0001200631274670692,0.0,0.0,0.0,0.80582382585964,1.61164765171928,0.8058339188965252,0.0,0.0,1
0.275,CN,0.25063080443504127,0.00012716516384590567,0.0,0.0,0.0,0.8032187593600308,1.6064375187200617,0.8032288197681561,0.0,0.0,1
0.28,CN,0.2506289437860762,0.00013458808362438895,0.0,0.0,0.0,0.8006355879425241,1.6012711758850484,0.8006456159961278,0.0,0.0,1
0.28500000000000003,CN,0.2506269990111026,0.00014234661781723035,0.0,0.0,0.0,0.7980860144969445,1.5961720289938892,0.7980960106168451,0.0,0.0,1
0.29,CN,0.25062496872993206,0.0001504462725825565,0.0,0.0,0.0,0.7955581993513583,1.5911163987027166,0.7955681638100809,0.0,0.0,1
0.295,CN,0.250622849279435,0.0001589016617018566,0.0,0.0,0.0,0.7930511351411804,1.5861022702823608,0.793061068198633,0.0,0.0,1
0.3,CN,0.25062063913425336,0.00016771887047694787,0.0,0.0,0.0,0.7905645361488861,1.581129072297772,0.7905744380613978,0.0,0.0,1
0.305,CN,0.2506183346562694,0.00017691241290606905,0.0,0.0,0.0,0.7881096393085769,1.5762192786171538,0.788119510473221,0.0,0.0,1
0.31,CN,0.2506159341861143,0.00018648890891732469,0.0,0.0,0.0,0.7856751651389731,1.5713503302779461,0.7856850058115459,0.0,0.0,1
0.315,CN,0.25061343410725895,0.00019646278638232788,0.0,0.0,0.0,0.7832601095075032,1.5665202190150063,0.783269919931224,0.0,0.0,1
0.32,CN,0.25061083263681294,0.00020684115800928847,0.0,0.0,0.0,0.7808642126277359,1.5617284252554717,0.7808739930425704,0.0,0.0,1
0.325,CN,0.25060812617723977,0.00021763837590076514,0.0,0.0,0.0,0.7784982726606716,1.5569965453213432,0.7785080234418337,0.0,0.0,1
0.33,CN,0.250605312832022,0.00022886200607114468,0.0,0.0,0.0,0.7761515336799549,1.5523030673599099,0.7761612550679391,0.0,0.0,1
0.335,CN,0.25060238902073934,0.0002405263323389761,0.0,0.0,0.0,0.7738229938498028,1.5476459876996056,0.7738326860725554,0.0,0.0,1
0.34,CN,0.2505993527426119,0.00025263933666603634,0.0,0.0,0.0,0.7715124164745777,1.5430248329491554,0.7715220797570808,0.0,0.0,1
0.34500000000000003,CN,0.25059620043308434,0.00026521523957918306,0.0,0.0,0.0,0.7692301860248458,1.5384603720496917,0.7692398207221478,0.0,0.0,1
0.35000000000000003,CN,0.2505929299960001,0.00027826240353798204,0.0,0.0,0.0,0.7669660367149984,1.5339320734299968,0.7669756430535676,0.0,0.0,1
0.355,CN,0.25058953788195926,0.0002917949886076061,0.0,0.0,0.0,0.7647189682692637,1.5294379365385273,0.76472854646304,0.0,0.0,1
0.36,CN,0.25058602190788015,0.00030582170402915736,0.0,0.0,0.0,0.7624887646079203,1.5249775292158405,0.762498314868137,0.0,0.0,1
0.365,CN,0.25058237853927845,0.0003203566503632634,0.0,0.0,0.0,0.7602854196920326,1.5205708393840651,0.7602949423550986,0.0,0.0,1
0.37,CN,0.2505786055141999,0.0003354088515070399,0.0,0.0,0.0,0.7580991273294404,1.5161982546588808,0.7581086226089411,0.0,0.0,1
0.375,CN,0.25057469931323995,0.00035099234786171903,0.0,0.0,0.0,0.7559288882289037,1.5118577764578074,0.7559383563259079,0.0,0.0,1
0.38,CN,0.25057065760325603,0.00036711644732472117,0.0,0.0,0.0,0.7537745047632908,1.5075490095265816,0.7537839458763922,0.0,0.0,1
0.385,CN,0.2505664768804341,0.00038379512810003067,0.0,0.0,0.0,0.7516456018399262,1.5032912036798525,0.7516550162882716,0.0,0.0,1
0.39,CN,0.25056215474778565,0.0004010379527938424,0.0,0.0,0.0,0.7495328048716534,1.4990656097433068,0.7495421928569718,0.0,0.0,1
0.395,CN,0.250557687717893,0.00041885883419799283,0.0,0.0,0.0,0.7474351151074602,1.4948702302149204,0.7474444768189709,0.0,0.0,1
0.4,CN,0.2505530733369419,0.00043726756162081845,0.0,0.0,0.0,0.7453523514760942,1.4907047029521885,0.7453616871007489,0.0,0.0,1
0.405,CN,0.25054830813496687,0.0004562779782296633,0.0,0.0,0.0,0.7432937897192605,1.486587579438521,0.7433030995601904,0.0,0.0,1
0.41000000000000003,CN,0.2505433896080454,0.00047590007323620147,0.0,0.0,0.0,0.741250461156723,1.482500922313446,0.7412597454047256,0.0,0.0,1
0.41500000000000004,CN,0.2505383143049287,0.0004961476151391454,0.0,0.0,0.0,0.7392213672400993,1.4784427344801987,0.7392306260734653,0.0,0.0,1
0.42,CN,0.25053307967801536,0.0005170307674034039,0.0,0.0,0.0,0.7372063417862733,1.4744126835725466,0.7372155753812117,0.0,0.0,1
0.425,CN,0.2505276822962108,0.0005385632181241919,0.0,0.0,0.0,0.7352143298325812,1.4704286596651623,0.7352235384773388,0.0,0.0,1
0.43,CN,0.2505221195743895,0.0005607552804662081,0.0,0.0,0.0,0.7332367449631566,1.466473489926313,0.7332459288384343,0.0,0.0,1
0.435,CN,0.25051638810318794,0.0005836205558302244,0.0,0.0,0.0,0.7312725885814481,1.4625451771628961,0.7312817478554393,0.0,0.0,1
0.44,CN,0.250510485265848,0.0006071694835765499,0.0,0.0,0.0,0.7293217079219971,1.4586434158439943,0.7293308427609819,0.0,0.0,1
0.445,CN,0.2505044076764258,0.0006314155716752169,0.0,0.0,0.0,0.7273927344781878,1.4547854689563757,0.7274018451565565,0.0,0.0,1
0.45,CN,0.2504981526921686,0.0006563693631902486,0.0,0.0,0.0,0.7254774423054743,1.4509548846109486,0.7254865289945863,0.0,0.0,1
0.455,CN,0.2504917169523255,0.0006820442655855893,0.0,0.0,0.0,0.7235748325788426,1.4471496651576852,0.7235838954375471,0.0,0.0,1
0.46,CN,0.2504850977935429,0.0007084509041117142,0.0,0.0,0.0,0.7216847646505485,1.4433695293010969,0.721693803835933,0.0,0.0,1
0.465,CN,0.2504782918820979,0.0007356025784059784,0.0,0.0,0.0,0.7198155724426091,1.4396311448852184,0.7198245882161445,0.0,0.0,1
0.47000000000000003,CN,0.2504712965391928,0.0007635099753316783,0.0,0.0,0.0,0.7179593703568933,1.4359187407137866,0.7179683628812822,0.0,0.0,1
0.47500000000000003,CN,0.25046410846001,0.000792186279211212,0.0,0.0,0.0,0.7161151592168531,1.4322303184337062,0.7161241286422835,0.0,0.0,1
0.48,CN,0.2504567249552344,0.000821642218865673,0.0,0.0,0.0,0.7142828093403535,1.428565618680707,0.7142917558153892,0.0,0.0,1
0.485,CN,0.2504491427508537,0.0008518908557222314,0.0,0.0,0.0,0.7124703719643011,1.4249407439286021,0.7124792957383485,0.0,0.0,1
0.49,CN,0.250441359151739,0.0008829429417961186,0.0,0.0,0.0,0.7106702832201752,1.4213405664403505,0.7106791844479022,0.0,0.0,1
0.495,CN,0.25043337091659074,0.000914811408008887,0.0,0.0,0.0,0.7088815435031022,1.4177630870062043,0.7088904223266568,0.0,0.0,1
0.5,CN,0.2504251753489526,0.0009475070116714833,0.0,0.0,0.0,0.7071040330730296,1.4142080661460592,0.7071128896330598,0.0,0.0,1
0.505,CN,0.2504167692421371,0.000981042545623335,0.0,0.0,0.0,0.7053455343729947,1.4106910687459895,0.7053543689076248,0.0,0.0,1
0.51,CN,0.25040814990263527,0.0010154287554173201,0.0,0.0,0.0,0.7035987880136887,1.4071975760273774,0.7036076006701181,0.0,0.0,1
0.515,CN,0.25039931416025235,0.001050678288307758,0.0,0.0,0.0,0.701862793922465,1.40372558784493,0.7018715848353669,0.0,0.0,1
0.52,CN,0.2503902593284948,0.0010868018618597176,0.0,0.0,0.0,0.7001374413899276,1.4002748827798555,0.7001462106925891,0.0,0.0,1
0.525,CN,0.25038098227550937,0.0011238119703672088,0.0,0.0,0.0,0.6984302570437568,1.3968605140875137,0.6984390049637362,0.0,0.0,1
0.53,CN,0.2503714803256853,0.0011617192879792057,0.0,0.0,0.0,0.6967342699641511,1.3934685399283022,0.6967429966416957,0.0,0.0,1
0.535,CN,0.25036175038731945,0.0012005361488138773,0.0,0.0,0.0,0.6950484796011955,1.390096959202391,0.6950571851640203,0.0,0.0,1
0.54,CN,0.250351789799355,0.0012402731689582277,0.0,0.0,0.0,0.6933727834627547,1.386745566925509,0.6933814680372908,0.0,0.0,1
0.545,CN,0.25034159551199875,0.0012809425153341584,0.0,0.0,0.0,0.6917144645012061,1.3834289290024122,0.691723128305105,0.0,0.0,1
0.55,CN,0.2503311648822274,0.001322554732085077,0.0,0.0,0.0,0.690066825385356,1.3801336507707123,0.690075468552384,0.0,0.0,1
0.555,CN,0.2503204949038616,0.0013651218121385345,0.0,0.0,0.0,0.6884288651024245,1.376857730204849,0.6884374877538099,0.0,0.0,1
0.56,CN,0.250309582955205,0.001408654214555928,0.0,0.0,0.0,0.6868004886500756,1.3736009773001512,0.686809090905857,0.0,0.0,1
0.5650000000000001,CN,0.25029842607533376,0.0014531637517212928,0.0,0.0,0.0,0.6851887466741088,1.3703774933482176,0.685197328742635,0.0,0.0,1
0.5700000000000001,CN,0.25028702166699024,0.0014986607851995464,0.0,0.0,0.0,0.6835872015800913,1.3671744031601827,0.6835957635890795,0.0,0.0,1
0.5750000000000001,CN,0.2502753668160805,0.00154515694055045,0.0,0.0,0.0,0.68199485192567,1.36398970385134,0.6820033939902941,0.0,0.0,1
0.58,CN,0.2502634589527201,0.001592662470135308,0.0,0.0,0.0,0.6804116095463552,1.3608232190927103,0.6804201317806847,0.0,0.0,1
0.585,CN,0.2502512952111482,0.0016411888066929785,0.0,0.0,0.0,0.6788443034395334,1.3576886068790666,0.6788528060431721,0.0,0.0,1
0.59,CN,0.25023887305161646,0.0016907460823589874,0.0,0.0,0.0,0.6772867428355817,1.3545734856711635,0.6772952259305933,0.0,0.0,1
0.595,CN,0.25022618965812515,0.0017413455313536293,0.0,0.0,0.0,0.6757379259106062,1.3514758518212124,0.6757463896065061,0.0,0.0,1
0.6,CN,0.2502132425236571,0.0017929971552341746,0.0,0.0,0.0,0.6741977707525358,1.348395541505072,0.6742062151578139,0.0,0.0,1
0.605,CN,0.25020002888332393,0.0018457119843160628,0.0,0.0,0.0,0.6726728947130545,1.345345789426109,0.6726813200190832,0.0,0.0,1
0.61,CN,0.250186546265272,0.0018994998798742577,0.0,0.0,0.0,0.6711573417953972,1.3423146835907944,0.6711657481189498,0.0,0.0,1
0.615,CN,0.250172791956995,0.001954371663249516,0.0,0.0,0.0,0.6696501098534927,1.3393002197069854,0.6696584972987905,0.0,0.0,1
0.62,CN,0.25015876352407695,0.002010337046362265,0.0,0.0,0.0,0.6681511227010029,1.3363022454020057,0.6681594913713126,0.0,0.0,1
0.625,CN,0.2501444583075836,0.0020674066368318554,0.0,0.0,0.0,0.6666667954411503,1.3333335908823005,0.666675145520089,0.0,0.0,1
0.63,CN,0.2501298739126572,0.0021255899887638327,0.0,0.0,0.0,0.6651913955864261,1.3303827911728523,0.6651997271858106,0.0,0.0,1
0.635,CN,0.2501150077350426,0.0021848974916391724,0.0,0.0,0.0,0.6637239207364287,1.3274478414728574,0.6637322339555204,0.0,0.0,1
0.64,CN,0.2500998574214126,0.002245338533880593,0.0,0.0,0.0,0.6622642999558285,1.324528599911657,0.6622725948930006,0.0,0.0,1
0.645,CN,0.250084420423216,0.002306923282742586,0.0,0.0,0.0,0.6608187549366493,1.3216375098732986,0.6608270317682023,0.0,0.0,1
0.65,CN,0.25006869443048424,0.0023696609536715606,0.0,0.0,0.0,0.659381766160926,1.318763532321852,0.659390024994028,0.0,0.0,1
0.655,CN,0.2500526769513117,0.0024335614879384955,0.0,0.0,0.0,0.6579523310478713,1.3159046620957426,0.6579605719771326,0.0,0.0,1
0.66,CN,0.25003636572077725,0.0024986339212769723,0.0,0.0,0.0,0.6565303834845415,1.313060766969083,0.6565386066037447,0.0,0.0,1
0.665,CN,0.2500197583044804,0.002564887965545188,0.0,0.0,0.0,0.655121960070388,1.310243920140776,0.6551301655489247,0.0,0.0,1
0.67,CN,0.2500028524841018,0.002632332470562418,0.0,0.0,0.0,0.6537217443831403,1.3074434887662807,0.653729932323813,0.0,0.0,1
0.675,CN,0.24998564588352346,0.0027009769156734493,0.0,0.0,0.0,0.6523287337396982,1.3046574674793965,0.652336904232751,0.0,0.0,1
0.68,CN,0.24996813633245182,0.0027708299591018694,0.0,0.0,0.0,0.650942866461835,1.30188573292367,0.6509510195967394,0.0,0.0,1
0.685,CN,0.24995032151374807,0.002841900844899652,0.0,0.0,0.0,0.6495700018941047,1.2991400037882093,0.6495781378337211,0.0,0.0,1
0.6900000000000001,CN,0.24993219930644348,0.0029141980345128095,0.0,0.0,0.0,0.6482050174496133,1.2964100348992267,0.6482131362926413,0.0,0.0,1
0.6950000000000001,CN,0.24991376745299546,0.002987730534238448,0.0,0.0,0.0,0.6468469104234588,1.2936938208469175,0.6468550122560387,0.0,0.0,1
0.7000000000000001,CN,0.24989502388293738,0.003062506604048221,0.0,0.0,0.0,0.6454956232209171,1.290991246441834,0.645503708128468,0.0,0.0,1
0.705,CN,0.249875966398862,0.0031385350103339043,0.0,0.0,0.0,0.6441568453227607,1.2883136906455215,0.6441649134619633,0.0,0.0,1
0.71,CN,0.2498565929818664,0.003215823807357528,0.0,0.0,0.0,0.6428256392834044,1.2856512785668088,0.6428336907490969,0.0,0.0,1
0.715,CN,0.24983690149514026,0.0032943815197640047,0.0,0.0,0.0,0.6415010024576558,1.2830020049153117,0.6415090373321185,0.0,0.0,1
0.72,CN,0.24981688997229437,0.0033742159923158266,0.0,0.0,0.0,0.6401828810156162,1.280365762031232,0.6401908993804547,0.0,0.0,1
0.725,CN,0.24979655633750278,0.003455335506365271,0.0,0.0,0.0,0.6388768015501578,1.2777536031003156,0.6388848035561997,0.0,0.0,1
0.73,CN,0.24977589867773164,0.003537747693817663,0.0,0.0,0.0,0.6375780035865063,1.2751560071730126,0.637585989324953,0.0,0.0,1
0.735,CN,0.2497549149784541,0.0036214605914771996,0.0,0.0,0.0,0.6362854846204259,1.2725709692408518,0.6362934541699227,0.0,0.0,1
0.74,CN,0.24973360338073042,0.003706481615444661,0.0,0.0,0.0,0.6349991942972371,1.2699983885944741,0.6350071477357984,0.0,0.0,1
0.745,CN,0.2497119619315764,0.00379281855700441,0.0,0.0,0.0,0.6337245029112006,1.2674490058224013,0.6337324403841045,0.0,0.0,1
0.75,CN,0.2496899888267869,0.0038804786138979448,0.0,0.0,0.0,0.6324568192727913,1.2649136385455826,0.6324647408678105,0.0,0.0,1
0.755,CN,0.24966768217509527,0.003969469331191758,0.0,0.0,0.0,0.6311951410985924,1.2623902821971849,0.6312030468909462,0.0,0.0,1
0.76,CN,0.249645040227576,0.004059797686093466,0.0,0.0,0.0,0.6299394212455659,1.2598788424911318,0.6299473113098828,0.0,0.0,1
0.765,CN,0.24962206115478888,0.004151470977017747,0.0,0.0,0.0,0.6286948799382236,1.2573897598764472,0.6287027544145163,0.0,0.0,1
0.77,CN,0.24959874326354306,0.004244495958822823,0.0,0.0,0.0,0.62745708803671,1.25491417607342,0.6274649470095155,0.0,0.0,1
0.775,CN,0.2495750847862691,0.004338879683094612,0.0,0.0,0.0,0.6262250435558832,1.2524500871117663,0.6262328870971887,0.0,0.0,1
0.78,CN,0.2495510840858794,0.004434628680871686,0.0,0.0,0.0,0.6249987023241045,1.249997404648209,0.6250065305053438,0.0,0.0,1
0.785,CN,0.24952673945665815,0.004531749756979413,0.0,0.0,0.0,0.6237831403884693,1.2475662807769385,0.6237909533446544,0.0,0.0,1
0.79,CN,0.249502049317907,0.004630249217495656,0.0,0.0,0.0,0.6225740838415883,1.2451481676831766,0.6225818816541999,0.0,0.0,1
0.795,CN,0.24947701202568728,0.004730133620790731,0.0,0.0,0.0,0.6213705310706582,1.2427410621413164,0.6213783138086318,0.0,0.0,1
0.8,CN,0.24945162605589744,0.0048314090471536526,0.0,0.0,0.0,0.6201724406561749,1.2403448813123499,0.6201802083879271,0.0,0.0,1
0.805,CN,0.24942588982624256,0.004934081809031514,0.0,0.0,0.0,0.6189847500454453,1.2379695000908906,0.6189925029012349,0.0,0.0,1
0.81,CN,0.24939980186935023,0.005038157760396749,0.0,0.0,0.0,0.6178033341361422,1.2356066682722844,0.6178110721945604,0.0,0.0,1
0.8150000000000001,CN,0.24937336066438198,0.005143642968520648,0.0,0.0,0.0,0.6166271917575141,1.2332543835150283,0.6166349150846127,0.0,0.0,1
0.8200000000000001,CN,0.249346564800756,0.005250543060813685,0.0,0.0,0.0,0.6154562840418,1.2309125680836,0.6154639927031436,0.0,0.0,1
0.8250000000000001,CN,0.24931941281885023,0.005358863860328936,0.0,0.0,0.0,0.6142954151193754,1.2285908302387507,0.614303109240701,0.0,0.0,1
0.8300000000000001,CN,0.24929190336486784,0.005468610767937391,0.0,0.0,0.0,0.6131406026295603,1.2262812052591205,0.6131482822867256,0.0,0.0,1
0.835,CN,0.2492640350401138,0.005579789363628258,0.0,0.0,0.0,0.6119908459080489,1.2239816918160977,0.6119985111643779,0.0,0.0,1
0.84,CN,0.24923580654750616,0.005692404822012856,0.0,0.0,0.0,0.6108461084554322,1.2216922169108644,0.6108537593737918,0.0,0.0,1
0.845,CN,0.24920721654894074,0.005806462481357669,0.0,0.0,0.0,0.609711066091456,1.219422132182912,0.6097187027932783,0.0,0.0,1
0.85,CN,0.24917826380391989,0.005921967290535218,0.0,0.0,0.0,0.6085818734743664,1.2171637469487329,0.6085894960329202,0.0,0.0,1
0.855,CN,0.24914894703454907,0.006038924347610121,0.0,0.0,0.0,0.6074575305043723,1.2149150610087447,0.6074651389804001,0.0,0.0,1
0.86,CN,0.24911926505672724,0.006157338376464847,0.0,0.0,0.0,0.6063380028823754,1.2126760057647508,0.6063455973361898,0.0,0.0,1
0.865,CN,0.24908921665234585,0.0062772142366523155,0.0,0.0,0.0,0.6052278428637999,1.2104556857275999,0.6052354234127314,0.0,0.0,1
0.87,CN,0.24905880069345873,0.006398556428029278,0.0,0.0,0.0,0.6041233367228827,1.2082466734457653,0.6041309034377466,0.0,0.0,1
0.875,CN,0.24902801602127975,0.0065213695734863495,0.0,0.0,0.0,0.6030234849749891,1.2060469699499783,0.6030310379140823,0.0,0.0,1
0.88,CN,0.24899686156372497,0.00664565795002209,0.0,0.0,0.0,0.6019282553671735,1.203856510734347,0.6019357945883889,0.0,0.0,1
0.885,CN,0.24896533622082928,0.00677142594586501,0.0,0.0,0.0,0.6008420810919501,1.2016841621839003,0.6008496067087067,0.0,0.0,1
0.89,CN,0.24893343897603037,0.006898677616514342,0.0,0.0,0.0,0.599761374937611,1.199522749875222,0.5997688870183976,0.0,0.0,1
0.895,CN,0.24890116878764706,0.00702741711767921,0.0,0.0,0.0,0.5986851380767383,1.1973702761534766,0.5986926366775334,0.0,0.0,1
0.9,CN,0.24886852469425308,0.007157648284897763,0.0,0.0,0.0,0.5976133401609357,1.1952266803218714,0.5976208253373376,0.0,0.0,1
0.905,CN,0.24883550571188112,0.007289375043633882,0.0,0.0,0.0,0.596550299590013,1.193100599180026,0.5965577714517085,0.0,0.0,1
0.91,CN,0.24880211093381338,0.007422601011170409,0.0,0.0,0.0,0.5954925508486608,1.1909851016973216,0.5955000094619306,0.0,0.0,1
0.915,CN,0.24876833943319465,0.007557329885126808,0.0,0.0,0.0,0.5944390957988416,1.1888781915976832,0.5944465412174647,0.0,0.0,1
0.92,CN,0.24873419035754837,0.007693565066394512,0.0,0.0,0.0,0.5933899058664865,1.186779811732973,0.5933973381438841,0.0,0.0,1
0.925,CN,0.2486996628365009,0.007831310027263989,0.0,0.0,0.0,0.592349188710119,1.184698377420238,0.5923566079524134,0.0,0.0,1
0.93,CN,0.24866475607131314,0.007970567954245215,0.0,0.0,0.0,0.591313595962578,1.182627191925156,0.5913210022339531,0.0,0.0,1
0.935,CN,0.24862946924743484,0.008111342096925267,0.0,0.0,0.0,0.5902821301960349,1.1805642603920699,0.5902895235481816,0.0,0.0,1
0.9400000000000001,CN,0.24859380161932645,0.00825363542957847,0.0,0.0,0.0,0.5892547644908701,1.1785095289817402,0.5892621449751422,0.0,0.0,1
0.9450000000000001,CN,0.24855775242757844,0.008397450981812328,0.0,0.0,0.0,0.5882355996081138,1.1764711992162276,0.5882429673272275,0.0,0.0,1
0.9500000000000001,CN,0.24852132097928026,0.008542791517941553,0.0,0.0,0.0,0.5872214000368576,1.1744428000737153,0.5872287550530041,0.0,0.0,1
0.9550000000000001,CN,0.24848450656945703,0.008689659850410678,0.0,0.0,0.0,0.5862111690673696,1.1724223381347392,0.586218511430256,0.0,0.0,1
0.96,CN,0.24844730855722802,0.008838058535965436,0.0,0.0,0.0,0.5852048813239882,1.1704097626479764,0.5852122110830039,0.0,0.0,1
0.965,CN,0.24840972629132502,0.00898799017279159,0.0,0.0,0.0,0.5842065343164733,1.1684130686329466,0.584213851571077,0.0,0.0,1
0.97,CN,0.24837175918227056,0.009139457112565367,0.0,0.0,0.0,0.5832130013432318,1.1664260026864637,0.5832203061537198,0.0,0.0,1
0.975,CN,0.2483334066317558,0.009292461742195135,0.0,0.0,0.0,0.5822232864057796,1.1644465728115592,0.5822305788199731,0.0,0.0,1
0.98,CN,0.24829466810105455,0.00944700621088864,0.0,0.0,0.0,0.5812373655704827,1.1624747311409651,0.5812446456359033,0.0,0.0,1
0.985,CN,0.24825554304405253,0.00960309269732798,0.0,0.0,0.0,0.5802591365534238,1.1605182731068475,0.5802664043664125,0.0,0.0,1
0.99,CN,0.2482160309721,0.009760723150944797,0.0,0.0,0.0,0.5792855776505592,1.1585711553011184,0.5792928332696098,0.0,0.0,1
0.995,CN,0.2481761313904955,0.009919899545313368,0.0,0.0,0.0,0.5783156935510853,1.1566313871021705,0.578322937022225,0.0,0.0,1
1.0,CN,0.24813584385997006,0.010080623632864423,0.0,0.0,0.0,0.5773494616692407,1.1546989233384815,0.5773566930382141,0.0,0.0,1
1.0050000000000001,CN,0.24809516793643901,0.010242897185240575,0.0,0.0,0.0,0.5763906832043577,1.1527813664087154,0.5763979025645196,0.0,0.0,1
1.01,CN,0.24805410322929927,0.010406721760723566,0.0,0.0,0.0,0.5754364378650733,1.1508728757301465,0.5754436452732016,0.0,0.0,1
1.0150000000000001,CN,0.24801264934427375,0.01057209893225231,0.0,0.0,0.0,0.5744857309857494,1.1489714619714988,0.5744929264861638,0.0,0.0,1
1.02,CN,0.2479708059386928,0.010739030066881695,0.0,0.0,0.0,0.5735385412414579,1.1470770824829157,0.5735457248782109,0.0,0.0,1
1.025,CN,0.24792857266726642,0.010907516542120408,0.0,0.0,0.0,0.5725985764179781,1.1451971528359561,0.5726057482815626,0.0,0.0,1
1.03,CN,0.24788594923451046,0.011077559536780298,0.0,0.0,0.0,0.5716630142718573,1.1433260285437146,0.5716701744174174,0.0,0.0,1
1.035,CN,0.24784293534329077,0.011249160236255816,0.0,0.0,0.0,0.5707308607187106,1.1414617214374212,0.5707380091889394,0.0,0.0,1
1.04,CN,0.24779953074454708,0.011422319634154281,0.0,0.0,0.0,0.5698020956138928,1.1396041912277857,0.5698092324512309,0.0,0.0,1
1.045,CN,0.24775573518846122,0.011597038727106566,0.0,0.0,0.0,0.5688803362651541,1.1377606725303082,0.5688874615573495,0.0,0.0,1
1.05,CN,0.2477115484716227,0.011773318326603678,0.0,0.0,0.0,0.5679628553268634,1.1359257106537268,0.5679699691275036,0.0,0.0,1
1.055,CN,0.24766697039068195,0.011951159243893353,0.0,0.0,0.0,0.5670486592078695,1.134097318415739,0.5670557615580973,0.0,0.0,1
1.06,CN,0.24762200078709318,0.012130562111482255,0.0,0.0,0.0,0.5661377288691997,1.1322754577383993,0.5661448198099193,0.0,0.0,1
1.065,CN,0.2475766395031216,0.01231152755864155,0.0,0.0,0.0,0.5652335939135635,1.130467187827127,0.5652406735298879,0.0,0.0,1
1.07,CN,0.24753088642429208,0.01249405604206107,0.0,0.0,0.0,0.5643336189536974,1.1286672379073948,0.564340687297731,0.0,0.0,1
1.075,CN,0.24748474143762533,0.012678148012463353,0.0,0.0,0.0,0.5634368107765765,1.126873621553153,0.5634438678879837,0.0,0.0,1
1.08,CN,0.24743820447191478,0.012863803753921677,0.0,0.0,0.0,0.562543151379722,1.125086302759444,0.5625501972979416,0.0,0.0,1
1.085,CN,0.24739127545807355,0.013051023542052956,0.0,0.0,0.0,0.5616560852755886,1.1233121705511773,0.5616631200832024,0.0,0.0,1
1.09,CN,0.24734395436735435,0.013239807491542323,0.0,0.0,0.0,0.5607730663036755,1.121546132607351,0.5607800900513743,0.0,0.0,1
1.095,CN,0.247296241173697,0.013430155706354923,0.0,0.0,0.0,0.5598931014836481,1.1197862029672963,0.5599001142096854,0.0,0.0,1
1.1,CN,0.24724813588999903,0.013622068135037078,0.0,0.0,0.0,0.5590161737853235,1.118032347570647,0.5590231755277397,0.0,0.0,1
1.105,CN,0.247199638532359,0.013815544713364762,0.0,0.0,0.0,0.5581456450909678,1.1162912901819355,0.558152635929911,0.0,0.0,1
1.11,CN,0.24715074915450003,0.01401058522701354,0.0,0.0,0.0,0.5572790559416044,1.1145581118832089,0.5572860359264181,0.0,0.0,1
1.115,CN,0.24710146781381082,0.014207189447035582,0.0,0.0,0.0,0.5564154134102643,1.1128308268205287,0.5564223825778551,0.0,0.0,1
1.12,CN,0.24705179460401813,0.014405356999514927,0.0,0.0,0.0,0.5555547013794362,1.1111094027588724,0.555561659766509,0.0,0.0,1
1.125,CN,0.2470017296229315,0.014605087494247852,0.0,0.0,0.0,0.5547002014092737,1.1094004028185473,0.5547071490936353,0.0,0.0,1
1.1300000000000001,CN,0.24695127300345726,0.014806380401014304,0.0,0.0,0.0,0.5538495384231596,1.1076990768463193,0.5538564754528686,0.0,0.0,1
1.135,CN,0.24690042488295755,0.015009235171818491,0.0,0.0,0.0,0.5530017193304396,1.1060034386608792,0.5530086457411162,0.0,0.0,1
1.1400000000000001,CN,0.24684918543269288,0.01521365112342933,0.0,0.0,0.0,0.552156728870849,1.104313457741698,0.552163644697922,0.0,0.0,1
1.145,CN,0.24679755482871146,0.01541962755351569,0.0,0.0,0.0,0.5513177704404949,1.1026355408809898,0.5513246757595163,0.0,0.0,1
1.1500000000000001,CN,0.2467455332798021,0.015627163629130317,0.0,0.0,0.0,0.5504825512329076,1.1009651024658151,0.5504894460907115,0.0,0.0,1
1.155,CN,0.24669312099983493,0.015836258497054164,0.0,0.0,0.0,0.5496500777348342,1.0993001554696684,0.5496569621658111,0.0,0.0,1
1.16,CN,0.24664031823430235,0.01604691117791377,0.0,0.0,0.0,0.5488203354916869,1.0976406709833737,0.5488272095300458,0.0,0.0,1
1.165,CN,0.24658712523403548,0.01625912067103722,0.0,0.0,0.0,0.547996451744845,1.09599290348969,0.5480033154639645,0.0,0.0,1
1.17,CN,0.24653354228040614,0.016472885853912603,0.0,0.0,0.0,0.5471762140547693,1.0943524281095387,0.5471830675003166,0.0,0.0,1
1.175,CN,0.24647956966034926,0.016688205581834533,0.0,0.0,0.0,0.5463586281803638,1.0927172563607277,0.5463654713855532,0.0,0.0,1
1.18,CN,0.24642520769029505,0.01690507859242835,0.0,0.0,0.0,0.5455436804247003,1.0910873608494005,0.5455505134225744,0.0,0.0,1
1.185,CN,0.24637045669242963,0.01712350360035668,0.0,0.0,0.0,0.5447344237355841,1.0894688474711682,0.5447412465974244,0.0,0.0,1
1.19,CN,0.24631531701742293,0.01734347920664805,0.0,0.0,0.0,0.543928724349299,1.087857448698598,0.543935537119661,0.0,0.0,1
1.195,CN,0.24625978902186457,0.017565003988714873,0.0,0.0,0.0,0.5431255869405708,1.0862511738811416,0.5431323896515436,0.0,0.0,1
1.2,CN,0.24620387308984965,0.017788076414238532,0.0,0.0,0.0,0.5423249985253868,1.0846499970507737,0.542331791208897,0.0,0.0,1
1.205,CN,0.246147569611529,0.018012694926741395,0.0,0.0,0.0,0.5415299394708738,1.0830598789417476,0.541536722196177,0.0,0.0,1
1.21,CN,0.24609087900361268,0.018238857863789995,0.0,0.0,0.0,0.5407383532143546,1.0814767064287092,0.5407451260249481,0.0,0.0,1
1.215,CN,0.24603380168897698,0.018466563538350918,0.0,0.0,0.0,0.5399492429338598,1.0798984858677196,0.5399560058607555,0.0,0.0,1
1.22,CN,0.24597633811614103,0.018695810161090738,0.0,0.0,0.0,0.5391625963165702,1.0783251926331403,0.5391693493906258,0.0,0.0,1
1.225,CN,0.2459184887398776,0.018926595917727516,0.0,0.0,0.0,0.5383813227128584,1.0767626454257169,0.5383880660013716,0.0,0.0,1
1.23,CN,0.2458602540397148,0.019158918895219736,0.0,0.0,0.0,0.537603441507845,1.07520688301569,0.5376101750533058,0.0,0.0,1
1.235,CN,0.24580163450149983,0.019392777155316267,0.0,0.0,0.0,0.5368279539087758,1.0736559078175514,0.5368346777411643,0.0,0.0,1
1.24,CN,0.24574263063497587,0.019628168664435022,0.0,0.0,0.0,0.5360548482350826,1.0721096964701653,0.5360615623842331,0.0,0.0,1
1.245,CN,0.24568324295624974,0.01986509136360634,0.0,0.0,0.0,0.5352869642340258,1.0705739284680515,0.53529366876534,0.0,0.0,1
1.25,CN,0.24562347200449214,0.020103543101849156,0.0,0.0,0.0,0.5345223962130388,1.0690447924260775,0.5345290911680498,0.0,0.0,1
1.2550000000000001,CN,0.24556331832526312,0.020343521702692404,0.0,0.0,0.0,0.5337601428672124,1.0675202857344248,0.533766828274912,0.0,0.0,1
1.26,CN,0.24550278248638002,0.02058502490087138,0.0,0.0,0.0,0.533000193111871,1.066000386223742,0.5330068690011117,0.0,0.0,1
1.2650000000000001,CN,0.24544186506205806,0.020828050405597404,0.0,0.0,0.0,0.5322453183526068,1.0644906367052136,0.5322519847869536,0.0,0.0,1
1.27,CN,0.24538056664798788,0.021072595840407268,0.0,0.0,0.0,0.5314936870286114,1.0629873740572229,0.5315003440486887,0.0,0.0,1
1.2750000000000001,CN,0.24531888784625017,0.021318658803345124,0.0,0.0,0.0,0.530744294708165,1.0614885894163302,0.5307509423420166,0.0,0.0,1
1.28,CN,0.24525682927964337,0.021566236809803165,0.0,0.0,0.0,0.5299971308684969,1.0599942617369935,0.5300037691440346,0.0,0.0,1
1.285,CN,0.24519439157733297,0.021815327349772838,0.0,0.0,0.0,0.5292548996803433,1.0585097993606867,0.5292615286593494,0.0,0.0,1
1.29,CN,0.24513157538846764,0.022065927833524082,0.0,0.0,0.0,0.5285158431671136,1.0570316863342273,0.5285224628893511,0.0,0.0,1
1.295,CN,0.24506838136852632,0.022318035646072685,0.0,0.0,0.0,0.5277789530760111,1.0555579061520222,0.5277855635686147,0.0,0.0,1
1.3,CN,0.24500481019225878,0.022571648095555,0.0,0.0,0.0,0.5270442194143954,1.0540884388287908,0.5270508207043747,0.0,0.0,1
1.305,CN,0.24494086254069566,0.02282676246505024,0.0,0.0,0.0,0.5263142800673405,1.052628560134681,0.5263208722147448,0.0,0.0,1
1.31,CN,0.24487653911344742,0.02308337596351485,0.0,0.0,0.0,0.5255874503468919,1.0511749006937838,0.5255940333906697,0.0,0.0,1
1.315,CN,0.24481184061634412,0.02334148577509265,0.0,0.0,0.0,0.5248627173987216,1.0497254347974432,0.5248692913651352,0.0,0.0,1
1.32,CN,0.24474676777312557,0.023601089012477795,0.0,0.0,0.0,0.5241400717305743,1.0482801434611486,0.524146636645767,0.0,0.0,1
1.325,CN,0.24468132131367898,0.02386218276383991,0.0,0.0,0.0,0.5234220857299766,1.046844171459953,0.5234286416523113,0.0,0.0,1
1.33,CN,0.2446155019851515,0.02412476404849137,0.0,0.0,0.0,0.5227071479637714,1.0454142959275428,0.5227136949314277,0.0,0.0,1
1.335,CN,0.24454931054075546,0.02438882986154797,0.0,0.0,0.0,0.5219942401025585,1.043988480205117,0.5220007781409611,0.0,0.0,1
1.34,CN,0.24448274775033224,0.02465437713178513,0.0,0.0,0.0,0.5212833531266233,1.0425667062532467,0.5212898822610842,0.0,0.0,1
1.345,CN,0.24441581438969767,0.024921402764143674,0.0,0.0,0.0,0.5205769945490264,1.0411539890980528,0.5205835148362642,0.0,0.0,1
1.35,CN,0.2443485112506844,0.02518990359966649,0.0,0.0,0.0,0.5198736264298818,1.0397472528597635,0.5198801379073522,0.0,0.0,1
1.355,CN,0.24428083913100043,0.025459876455957285,0.0,0.0,0.0,0.5191722239909438,1.0383444479818875,0.5191787266832674,0.0,0.0,1
1.36,CN,0.24421279884377636,0.025731318089092327,0.0,0.0,0.0,0.518472778658953,1.036945557317906,0.5184792725906426,0.0,0.0,1
1.365,CN,0.24414439120791168,0.026004225232133443,0.0,0.0,0.0,0.5177777335261723,1.0355554670523446,0.517784218752341,0.0,0.0,1
1.37,CN,0.24407561705715156,0.026278594558916627,0.0,0.0,0.0,0.5170856246680733,1.0341712493361466,0.5170921012254983,0.0,0.0,1
1.375,CN,0.24400647723089686,0.026554422720715003,0.0,0.0,0.0,0.5163954197761625,1.032790839552325,0.5164018876886912,0.0,0.0,1
1.3800000000000001,CN,0.24393697258283423,0.02683170631180958,0.0,0.0,0.0,0.5157071106991763,1.0314142213983526,0.515713569990554,0.0,0.0,1
1.385,CN,0.2438671039721867,0.027110441904394402,0.0,0.0,0.0,0.5150230763880441,1.0300461527760882,0.5150295271118127,0.0,0.0,1
1.3900000000000001,CN,0.24379687227191943,0.02739062601584026,0.0,0.0,0.0,0.5143419277512876,1.0286838555025752,0.5143483699435906,0.0,0.0,1
1.395,CN,0.24372627836040905,0.02767225514192937,0.0,0.0,0.0,0.5136626237534837,1.0273252475069674,0.5136690574374253,0.0,0.0,1
1.4000000000000001,CN,0.2436553231292467,0.027955325725725635,0.0,0.0,0.0,0.5129851566424257,1.0259703132848514,0.5129915818410131,0.0,0.0,1
1.405,CN,0.2435840074753051,0.028239834189222487,0.0,0.0,0.0,0.5123118413277812,1.0246236826555624,0.5123182580930161,0.0,0.0,1
1.41,CN,0.24351233230815914,0.02852577690373888,0.0,0.0,0.0,0.5116413646770634,1.023282729354127,0.5116477730445006,0.0,0.0,1
1.415,CN,0.2434402985425314,0.02881315022005757,0.0,0.0,0.0,0.5109726756080938,1.0219453512161876,0.5109790756001228,0.0,0.0,1
1.42,CN,0.24336790710534859,0.029101950440273965,0.0,0.0,0.0,0.510305766746194,1.020611533492388,0.5103121583851121,0.0,0.0,1
1.425,CN,0.2432951589285473,0.0293921738464966,0.0,0.0,0.0,0.5096428888749174,1.0192857777498348,0.5096492722112134,0.0,0.0,1
1.43,CN,0.24322205495578525,0.029683816674073795,0.0,0.0,0.0,0.5089828062681822,1.0179656125363643,0.5089891813368669,0.0,0.0,1
1.435,CN,0.24314859613558876,0.029976875138930707,0.0,0.0,0.0,0.5083244563460155,1.016648912692031,0.5083308231687911,0.0,0.0,1
1.44,CN,0.24307478342773556,0.030271345412105924,0.0,0.0,0.0,0.5076678320910492,1.0153356641820985,0.5076741906895299,0.0,0.0,1
1.445,CN,0.24300061779672813,0.030567223645789003,0.0,0.0,0.0,0.5070151198850844,1.0140302397701688,0.5070214703082689,0.0,0.0,1
1.45,CN,0.24292610021786445,0.03086450594910165,0.0,0.0,0.0,0.5063651631911051,1.0127303263822103,0.5063715054735067,0.0,0.0,1
1.455,CN,0.24285123167102082,0.031163188412900736,0.0,0.0,0.0,0.5057168863408279,1.0114337726816558,0.5057232205034867,0.0,0.0,1
1.46,CN,0.242776013146426,0.03146326708674275,0.0,0.0,0.0,0.5050702826552084,1.0101405653104167,0.505076608719081,0.0,0.0,1
1.465,CN,0.2427004456387385,0.03176473800251196,0.0,0.0,0.0,0.5044274736417045,1.008854947283409,0.5044337916543197,0.0,0.0,1
1.47,CN,0.24262453015253915,0.03206759715250831,0.0,0.0,0.0,0.5037873840845344,1.0075747681690688,0.5037936940799537,0.0,0.0,1
1.475,CN,0.24254826769668852,0.032371840511958155,0.0,0.0,0.0,0.5031489234886919,1.0062978469773838,0.5031552254873182,0.0,0.0,1
1.48,CN,0.24247165928955122,0.03267746401817209,0.0,0.0,0.0,0.5025120854956051,1.0050241709912102,0.5025183795177617,0.0,0.0,1
1.485,CN,0.24239470595362012,0.03298446359199135,0.0,0.0,0.0,0.5018789260624297,1.0037578521248594,0.5018852121541909,0.0,0.0,1
1.49,CN,0.24231740872048624,0.033292835117960703,0.0,0.0,0.0,0.5012484537909906,1.0024969075819812,0.5012547319860134,0.0,0.0,1
1.495,CN,0.24223976862571622,0.03360257446476459,0.0,0.0,0.0,0.5006195614646779,1.0012391229293558,0.5006258317827514,0.0,0.0,1
1.5,CN,0.24216178671358055,0.03391367746636411,0.0,0.0,0.0,0.49999224302860584,0.9999844860572116,0.49999850548944313,0.0,0.0,1
1.5050000000000001,CN,0.24208346403217185,0.034226139941472125,0.0,0.0,0.0,0.4993684880036337,0.9987369760072675,0.4993747426518671,0.0,0.0,1
1.51,CN,0.2420048016379035,0.034539957675606546,0.0,0.0,0.0,0.4987473916848535,0.9974947833697069,0.49875363855378335,0.0,0.0,1
1.5150000000000001,CN,0.24192580059085741,0.034855126439649935,0.0,0.0,0.0,0.4981278280740005,0.996255656148001,0.4981340671828243,0.0,0.0,1
1.52,CN,0.24184646195906365,0.03517164197277634,0.0,0.0,0.0,0.4975097914040876,0.9950195828081752,0.4975160227719304,0.0,0.0,1
1.5250000000000001,CN,0.24176678681406727,0.03548950000013689,0.0,0.0,0.0,0.49689520365677803,0.9937904073135561,0.496901427326838,0.0,0.0,1
1.53,CN,0.24168677623499965,0.03580869621661776,0.0,0.0,0.0,0.4962832500907806,0.9925665001815613,0.4962894660960513,0.0,0.0,1
1.5350000000000001,CN,0.24160643130435333,0.036129226303695985,0.0,0.0,0.0,0.49567278369217155,0.991345567384343,0.49567899205127963,0.0,0.0,1
1.54,CN,0.2415257531118558,0.036451085913985264,0.0,0.0,0.0,0.4950637989670007,0.9901275979340015,0.4950699996985046,0.0,0.0,1
1.545,CN,0.24144474275044217,0.036774270687302914,0.0,0.0,0.0,0.4944581490308852,0.9889162980617703,0.4944643421765533,0.0,0.0,1
1.55,CN,0.24136340131994122,0.03709877623596421,0.0,0.0,0.0,0.49385511278688277,0.9877102255737655,0.49386129837945203,0.0,0.0,1
1.555,CN,0.24128172992323615,0.03742459816009918,0.0,0.0,0.0,0.49325351978856696,0.9865070395771339,0.4932596978461141,0.0,0.0,1
1.56,CN,0.24119972966977224,0.037751732033658995,0.0,0.0,0.0,0.49265336480103045,0.9853067296020609,0.49265953534156676,0.0,0.0,1
1.565,CN,0.24111740167189688,0.03808017341901694,0.0,0.0,0.0,0.49205643051585485,0.9841128610317097,0.49206259357972004,0.0,0.0,1
1.57,CN,0.24103474704819727,0.03840991785365311,0.0,0.0,0.0,0.49146209358745313,0.9829241871749063,0.49146824920717935,0.0,0.0,1
1.575,CN,0.2409517669200113,0.03874096086407396,0.0,0.0,0.0,0.4908691575282884,0.9817383150565768,0.4908753057214217,0.0,0.0,1
1.58,CN,0.24086846241460355,0.039073297953141795,0.0,0.0,0.0,0.49027761734931863,0.9805552346986373,0.4902837581333426,0.0,0.0,1
1.585,CN,0.24078483466183903,0.039406924613344725,0.0,0.0,0.0,0.48968918352164,0.9793783670432801,0.48969531693546203,0.0,0.0,1
1.59,CN,0.24070088479720514,0.03974183631474078,0.0,0.0,0.0,0.4891033350003803,0.9782066700007606,0.4891094610763816,0.0,0.0,1
1.595,CN,0.24061661395864042,0.040078028517609283,0.0,0.0,0.0,0.48851884644755694,0.9770376928951139,0.48852496520277133,0.0,0.0,1
1.6,CN,0.24053202328941062,0.04041549666097717,0.0,0.0,0.0,0.4879357131075728,0.9758714262151456,0.48794182455897445,0.0,0.0,1
1.605,CN,0.24044711393508456,0.04075423617468332,0.0,0.0,0.0,0.4873555711887417,0.9747111423774834,0.48736167537379854,0.0,0.0,1
1.61,CN,0.2403618870462712,0.04109424246845938,0.0,0.0,0.0,0.48677800695478635,0.9735560139095726,0.48678410390578414,0.0,0.0,1
1.615,CN,0.2402763437757362,0.04143551094343313,0.0,0.0,0.0,0.48620176319824626,0.9724035263964925,0.4862078529317242,0.0,0.0,1
1.62,CN,0.24019048528100664,0.04177803698173684,0.0,0.0,0.0,0.4856268353852638,0.9712536707705276,0.4856329179177042,0.0,0.0,1
1.625,CN,0.24010431272162108,0.04212181595747827,0.0,0.0,0.0,0.48505478316575573,0.9701095663315115,0.4850608585331757,0.0,0.0,1
1.6300000000000001,CN,0.24001782726160908,0.04246684322684857,0.0,0.0,0.0,0.48448530559468767,0.9689706111893753,0.48449137382933505,0.0,0.0,1
1.635,CN,0.2399310300668684,0.042813114138585996,0.0,0.0,0.0,0.48391711035743307,0.9678342207148662,0.48392317147536923,0.0,0.0,1
1.6400000000000001,CN,0.23984392230752455,0.04316062402456222,0.0,0.0,0.0,0.4833501931308391,0.9667003862616783,0.48335624714807124,0.0,0.0,1
1.645,CN,0.23975650515542976,0.043509368209760625,0.0,0.0,0.0,0.4827860344500082,0.9655720689000163,0.48279208140108737,0.0,0.0,1
1.6500000000000001,CN,0.23966877978640894,0.04385934200331573,0.0,0.0,0.0,0.48222445213479714,0.9644489042695943,0.4822304920519927,0.0,0.0,1
1.655,CN,0.23958074737787377,0.04421054070803171,0.0,0.0,0.0,0.4816641152981635,0.9633282305963271,0.4816701481970752,0.0,0.0,1
1.6600000000000001,CN,0.23949240911096042,0.04456295961185426,0.0,0.0,0.0,0.48110501981724235,0.9622100396344847,0.4811110457134183,0.0,0.0,1
1.665,CN,0.23940376616825437,0.044916593996947134,0.0,0.0,0.0,0.4805485642876127,0.9610971285752254,0.4805545832141186,0.0,0.0,1
1.67,CN,0.2393148197358248,0.045271439131576094,0.0,0.0,0.0,0.47999469177486415,0.9599893835497283,0.48000070376405257,0.0,0.0,1
1.675,CN,0.23922557100105404,0.04562749027876821,0.0,0.0,0.0,0.4794420291178676,0.9588840582357352,0.4794480341848921,0.0,0.0,1
1.68,CN,0.2391360211545745,0.045984742688584636,0.0,0.0,0.0,0.4788905723842222,0.9577811447684444,0.4788965705441872,0.0,0.0,1
1.685,CN,0.23904617138819806,0.04634319160638101,0.0,0.0,0.0,0.4783416351295022,0.9566832702590043,0.4783476264139644,0.0,0.0,1
1.69,CN,0.23895602289675966,0.04670283226545282,0.0,0.0,0.0,0.47779529266916243,0.9555905853383249,0.4778012771106219,0.0,0.0,1
1.695,CN,0.2388655768761418,0.04706365989491634,0.0,0.0,0.0,0.47725012562112795,0.9545002512422558,0.4772561032343069,0.0,0.0,1
1.7,CN,0.23877483452502987,0.047425669712705884,0.0,0.0,0.0,0.47670613023418884,0.9534122604683777,0.47671210103376255,0.0,0.0,1
1.705,CN,0.23868379704302708,0.04778885693309429,0.0,0.0,0.0,0.4761645316402461,0.9523290632804922,0.47617049565623454,0.0,0.0,1
1.71,CN,0.2385924656323259,0.04815321676002473,0.0,0.0,0.0,0.47562554494798637,0.9512510898959727,0.475631502213104,0.0,0.0,1
1.715,CN,0.23850084149590922,0.048518744394286835,0.0,0.0,0.0,0.475087700353686,0.950175400707372,0.47509365088223776,0.0,0.0,1
1.72,CN,0.2384089258391413,0.04888543502717024,0.0,0.0,0.0,0.4745509942785691,0.9491019885571382,0.47455693808481497,0.0,0.0,1
1.725,CN,0.23831671986805197,0.04925328384730921,0.0,0.0,0.0,0.4740165597566622,0.9480331195133244,0.4740224968690537,0.0,0.0,1
1.73,CN,0.2382242247908509,0.049622286034641694,0.0,0.0,0.0,0.4734847597882328,0.9469695195764657,0.47349069023976803,0.0,0.0,1
1.735,CN,0.23813144181629015,0.049992436766941775,0.0,0.0,0.0,0.47295406968482695,0.9459081393696539,0.47295999348940704,0.0,0.0,1
1.74,CN,0.2380383721551066,0.05036373121406532,0.0,0.0,0.0,0.4724244860318387,0.9448489720636772,0.472430403203322,0.0,0.0,1
1.745,CN,0.23794501701845852,0.05073616454418703,0.0,0.0,0.0,0.47189704579343617,0.9437940915868723,0.4719029563586694,0.0,0.0,1
1.75,CN,0.23785137761929928,0.05110973191832028,0.0,0.0,0.0,0.47137226853030667,0.9427445370606133,0.47137817252264386,0.0,0.0,1
1.7550000000000001,CN,0.23775745517088584,0.05148442849626723,0.0,0.0,0.0,0.4708485699354345,0.941697139870869,0.47085446736838604,0.0,0.0,1
1.76,CN,0.23766325088808565,0.05186024943140508,0.0,0.0,0.0,0.47032594675056894,0.9406518935011379,0.47033183763760444,0.0,0.0,1
1.7650000000000001,CN,0.2375687659859539,0.052237189876362194,0.0,0.0,0.0,0.46980533559314624,0.9396106711862925,0.4698112199594666,0.0,0.0,1
1.77,CN,0.23747400168097788,0.05261524497805342,0.0,0.0,0.0,0.4692874218388032,0.9385748436776064,0.4692932997181937,0.0,0.0,1
1.7750000000000001,CN,0.23737895918971885,0.05299440988309877,0.0,0.0,0.0,0.4687705565491853,0.9375411130983706,0.46877642795477814,0.0,0.0,1
1.78,CN,0.23728363972999722,0.05337467973309488,0.0,0.0,0.0,0.46825473661501255,0.9365094732300251,0.4682606015599009,0.0,0.0,1
1.7850000000000001,CN,0.23718804451959583,0.05375604966978825,0.0,0.0,0.0,0.4677407937182354,0.9354815874364708,0.46774665222592937,0.0,0.0,1
1.79,CN,0.23709217477738878,0.054138514830571846,0.0,0.0,0.0,0.46722958890456134,0.9344591778091227,0.4672354410093557,0.0,0.0,1
1.795,CN,0.2369960317221038,0.05452207035342271,0.0,0.0,0.0,0.4667194033045466,0.9334388066090932,0.46672524901920714,0.0,0.0,1
1.8,CN,0.2368996165733968,0.05490671137261467,0.0,0.0,0.0,0.46621023395090666,0.9324204679018133,0.466216073288162,0.0,0.0,1
1.805,CN,0.23680293055067092,0.05529243302343044,0.0,0.0,0.0,0.4657028026826762,0.9314056053653524,0.46570863566429604,0.0,0.0,1
1.81,CN,0.23670597487409956,0.055679230438079416,0.0,0.0,0.0,0.4651981566858385,0.930396313371677,0.4652039833467087,0.0,0.0,1
1.815,CN,0.23660875076349908,0.05606709875019554,0.0,0.0,0.0,0.464694501565351,0.9293890031307019,0.46470032191788235,0.0,0.0,1
1.82,CN,0.23651125943930296,0.056456033090950805,0.0,0.0,0.0,0.4641918344893273,0.9283836689786547,0.4641976485458953,0.0,0.0,1
1.825,CN,0.23641350212148596,0.05684602859334722,0.0,0.0,0.0,0.46369076222116073,0.9273815244423215,0.4636965700017404,0.0,0.0,1
1.83,CN,0.23631548003049152,0.05723708038851703,0.0,0.0,0.0,0.4631925291865029,0.9263850583730058,0.463198330726656,0.0,0.0,1
1.835,CN,0.23621719438620475,0.05762918360981989,0.0,0.0,0.0,0.46269525956786817,0.9253905191357362,0.4627010548796616,0.0,0.0,1
1.84,CN,0.2361186464088359,0.058022333389318385,0.0,0.0,0.0,0.4621989506625337,0.9243979013250674,0.4622047397580006,0.0,0.0,1
1.845,CN,0.23601983731793943,0.05841652486169119,0.0,0.0,0.0,0.46170408859382606,0.9234081771876521,0.4617098714910881,0.0,0.0,1
1.85,CN,0.23592076833325581,0.05881175316087508,0.0,0.0,0.0,0.4612121267692723,0.9224242535385445,0.4612179035046554,0.0,0.0,1
1.855,CN,0.23582144067377492,0.05920801342380116,0.0,0.0,0.0,0.4607211017424579,0.9214422034849158,0.46072687232769566,0.0,0.0,1
1.86,CN,0.23572185555853753,0.05960530078719746,0.0,0.0,0.0,0.4602310109339201,0.9204620218678402,0.4602367753807136,0.0,0.0,1
1.865,CN,0.23562201420574136,0.06000361039115541,0.0,0.0,0.0,0.4597422139246181,0.9194844278492362,0.4597479722491724,0.0,0.0,1
1.87,CN,0.23552191783350426,0.06040293737608499,0.0,0.0,0.0,0.4592563855021392,0.9185127710042784,0.45926213774163616,0.0,0.0,1
1.875,CN,0.23542156765901084,0.060803276886119334,0.0,0.0,0.0,0.45877146806794644,0.917542936135893,0.4587772142337963,0.0,0.0,1
1.8800000000000001,CN,0.23532096489923945,0.061204624066214394,0.0,0.0,0.0,0.45828745916025365,0.9165749183205073,0.45829319926383577,0.0,0.0,1
1.885,CN,0.2352201107701469,0.0616069740654015,0.0,0.0,0.0,0.45780458557153914,0.9156091711430783,0.4578103196270736,0.0,0.0,1
1.8900000000000001,CN,0.23511900648736128,0.062010322034023346,0.0,0.0,0.0,0.4573247565362405,0.914649513072481,0.4573304845818606,0.0,0.0,1
1.895,CN,0.2350176532654037,0.06241466312683893,0.0,0.0,0.0,0.45684581345703196,0.9136916269140638,0.4568515355038344,0.0,0.0,1
1.9000000000000001,CN,0.2349160523183477,0.06281999250039264,0.0,0.0,0.0,0.4563677539845147,0.9127355079690294,0.4563734700435668,0.0,0.0,1
1.905,CN,0.23481420485907634,0.06322630531597835,0.0,0.0,0.0,0.45589066552709556,0.9117813310541911,0.45589637561055946,0.0,0.0,1
1.9100000000000001,CN,0.2347121120999105,0.06363359673713265,0.0,0.0,0.0,0.45541670551353813,0.9108334110270763,0.4554224096605979,0.0,0.0,1
1.915,CN,0.23460977525189908,0.06404186193246658,0.0,0.0,0.0,0.45494360717109844,0.9098872143421969,0.4549493053925466,0.0,0.0,1
1.92,CN,0.2345071955254181,0.06445109607327562,0.0,0.0,0.0,0.4544713682577671,0.9089427365155343,0.4544770605643681,0.0,0.0,1
1.925,CN,0.23440437412949222,0.06486129433624639,0.0,0.0,0.0,0.45399998653185714,0.9079999730637143,0.4540056729343473,0.0,0.0,1
1.93,CN,0.2343013122723659,0.06527245190117807,0.0,0.0,0.0,0.4535317120027588,0.9070634240055176,0.4535373925400562,0.0,0.0,1
1.935,CN,0.23419801116085548,0.06568456395356712,0.0,0.0,0.0,0.453064332262921,0.906128664525842,0.4530700069462329,0.0,0.0,1
1.94,CN,0.23409447200089298,0.06609762568243809,0.0,0.0,0.0,0.4525977884885326,0.9051955769770652,0.45260345732832963,0.0,0.0,1
1.945,CN,0.23399069599690772,0.0665116322828103,0.0,0.0,0.0,0.4521320785401621,0.904264157080324,0.4521377415468879,0.0,0.0,1
1.95,CN,0.23388668435234428,0.06692657895363176,0.0,0.0,0.0,0.4516692689621521,0.9033385379243042,0.45167492617213434,0.0,0.0,1
1.955,CN,0.2337824382690719,0.06734246090013495,0.0,0.0,0.0,0.45120748504582914,0.9024149700916583,0.4512131364719143,0.0,0.0,1
1.96,CN,0.23367795894787802,0.06775927333186846,0.0,0.0,0.0,0.4507465143182889,0.9014930286365778,0.4507521599706622,0.0,0.0,1
1.965,CN,0.23357324758790385,0.06817701146494802,0.0,0.0,0.0,0.45028635473790074,0.9005727094758016,0.450291994626722,0.0,0.0,1
1.97,CN,0.23346830538711544,0.0685956705201778,0.0,0.0,0.0,0.44982888222769224,0.8996577644553845,0.4498345163866172,0.0,0.0,1
1.975,CN,0.23336313354176427,0.06901524572520203,0.0,0.0,0.0,0.4493725745879864,0.8987451491759728,0.44937820303160525,0.0,0.0,1
1.98,CN,0.2332577332468355,0.06943573231271694,0.0,0.0,0.0,0.44891705802175236,0.8978341160435047,0.4489226807599734,0.0,0.0,1
1.985,CN,0.23315210569553374,0.06985712552252189,0.0,0.0,0.0,0.44846233058094365,0.8969246611618873,0.4484679476236507,0.0,0.0,1
1.99,CN,0.23304625207970947,0.07027942059981876,0.0,0.0,0.0,0.44801007002543675,0.8960201400508735,0.4480156814035279,0.0,0.0,1
1.995,CN,0.23294017358936836,0.07070261279716893,0.0,0.0,0.0,0.447559122230509,0.895118244461018,0.4475647279604267,0.0,0.0,1
2.0,CN,0.2328338714130776,0.07112669737287257,0.0,0.0,0.0,0.44710894403069035,0.8942178880613807,0.4471145441220739,0.0,0.0,1
2.005,CN,0.23272734673749684,0.07155166959283979,0.0,0.0,0.0,0.4466595335675198,0.8933190671350395,0.4466651280299851,0.0,0.0,1
2.0100000000000002,CN,0.23262060074776583,0.07197752472904433,0.0,0.0,0.0,0.44621236250681967,0.8924247250136395,0.4462179513684157,0.0,0.0,1
2.015,CN,0.23251363462705638,0.0724042580613108,0.0,0.0,0.0,0.4457666611282264,0.8915333222564528,0.4457722444073609,0.0,0.0,1
2.02,CN,0.23240644955694156,0.0728318648758418,0.0,0.0,0.0,0.44532170848008507,0.8906434169601701,0.44532728618613604,0.0,0.0,1
2.025,CN,0.232299046716968,0.07326034046692445,0.0,0.0,0.0,0.444877502789723,0.8897550055794459,0.4448830749320461,0.0,0.0,1
2.0300000000000002,CN,0.23219142728500783,0.07368968013552595,0.0,0.0,0.0,0.4444353013057358,0.8888706026114715,0.4444408679094341,0.0,0.0,1
2.035,CN,0.23208359243685003,0.0741198791909242,0.0,0.0,0.0,0.4439947358119548,0.8879894716239096,0.4440002968975192,0.0,0.0,1
2.04,CN,0.2319755433465358,0.07455093294936975,0.0,0.0,0.0,0.4435548987755237,0.8871097975510474,0.4435604543520782,0.0,0.0,1
2.045,CN,0.23186728118596842,0.0749828367356422,0.0,0.0,0.0,0.4431157885059659,0.8862315770119318,0.4431213385826133,0.0,0.0,1
2.05,CN,0.23175880712523295,0.07541558588177469,0.0,0.0,0.0,0.4426784391163226,0.8853568782326452,0.4426839837151182,0.0,0.0,1
2.055,CN,0.23165012233222337,0.07584917572854162,0.0,0.0,0.0,0.4422429017711983,0.8844858035423966,0.4422484409148381,0.0,0.0,1
2.06,CN,0.23154122797294774,0.07628360162424119,0.0,0.0,0.0,0.4418080731807762,0.8836161463615524,0.44181360687813753,0.0,0.0,1
2.065,CN,0.2314321252111719,0.0767188589261166,0.0,0.0,0.0,0.4413739517333671,0.8827479034667342,0.4413794799933069,0.0,0.0,1
2.07,CN,0.23132281520871,0.07715494299919727,0.0,0.0,0.0,0.44094133929042184,0.8818826785808437,0.44094686213184064,0.0,0.0,1
2.075,CN,0.23121329912508476,0.0775918492176542,0.0,0.0,0.0,0.4405107250562889,0.8810214501125778,0.4405162425042145,0.0,0.0,1
2.08,CN,0.2311035781178044,0.07802957296369482,0.0,0.0,0.0,0.4400808004245475,0.880161600849095,0.4400863124876172,0.0,0.0,1
2.085,CN,0.23099365334203764,0.07846810962886015,0.0,0.0,0.0,0.43965156385906123,0.8793031277181225,0.43965707054589315,0.0,0.0,1
2.09,CN,0.23088352595087863,0.07890745461296728,0.0,0.0,0.0,0.4392235754537383,0.8784471509074766,0.4392290767799658,0.0,0.0,1
2.095,CN,0.2307731970950358,0.0793476033253511,0.0,0.0,0.0,0.4387977818989767,0.8775955637979536,0.4388032778920906,0.0,0.0,1
2.1,CN,0.23066266792308437,0.07978855118385668,0.0,0.0,0.0,0.43837265932545744,0.8767453186509149,0.43837814999386177,0.0,0.0,1
2.105,CN,0.23055193958117,0.08023029361602174,0.0,0.0,0.0,0.43794820626952474,0.8758964125390495,0.4379536916216053,0.0,0.0,1
2.11,CN,0.23044101321324917,0.08067282605811761,0.0,0.0,0.0,0.43752473113978607,0.8750494622795721,0.4375302111877915,0.0,0.0,1
2.115,CN,0.23032988996080586,0.08111614395627925,0.0,0.0,0.0,0.4371036583505995,0.874207316701199,0.4371091331246194,0.0,0.0,1
2.12,CN,0.23021857096308118,0.0815602427655896,0.0,0.0,0.0,0.43668323843437196,0.8733664768687439,0.43668870794258363,0.0,0.0,1
2.125,CN,0.2301070573568028,0.08200511795115863,0.0,0.0,0.0,0.4362634699970174,0.8725269399940347,0.4362689342475807,0.0,0.0,1
2.13,CN,0.22999535027640372,0.08245076498725094,0.0,0.0,0.0,0.435844399440743,0.871688798881486,0.435849858442399,0.0,0.0,1
2.1350000000000002,CN,0.229883450853764,0.08289717935831567,0.0,0.0,0.0,0.43542794993692974,0.8708558998738596,0.43543340372250744,0.0,0.0,1
2.14,CN,0.22977136021841946,0.08334435655815414,0.0,0.0,0.0,0.4350121356932115,0.870024271386423,0.43501758427066756,0.0,0.0,1
2.145,CN,0.2296590794973152,0.08379229209090329,0.0,0.0,0.0,0.43459695538230136,0.8691939107646028,0.4346023987595759,0.0,0.0,1
2.15,CN,0.22954660981500447,0.08424098147024216,0.0,0.0,0.0,0.434182407674436,0.868364815348872,0.43418784585945236,0.0,0.0,1
2.1550000000000002,CN,0.22943395229341326,0.08469042022033087,0.0,0.0,0.0,0.4337702613289248,0.8675405226578496,0.4337756943517604,0.0,0.0,1
2.16,CN,0.22932110805203043,0.08514060387505248,0.0,0.0,0.0,0.43335895810945696,0.8667179162189139,0.433364385980672,0.0,0.0,1
2.165,CN,0.22920807820768246,0.08559152797891133,0.0,0.0,0.0,0.43294827175286854,0.8658965435057371,0.43295369448018933,0.0,0.0,1
2.17,CN,0.22909486387471495,0.08604318808630906,0.0,0.0,0.0,0.4325382009934243,0.8650764019868487,0.4325436185845613,0.0,0.0,1
2.1750000000000003,CN,0.22898146616477777,0.08649557976240171,0.0,0.0,0.0,0.43213020602858043,0.8642604120571609,0.43213561850953314,0.0,0.0,1
2.18,CN,0.22886788618699827,0.08694869858240872,0.0,0.0,0.0,0.4317233214455798,0.8634466428911596,0.4317287288302559,0.0,0.0,1
2.185,CN,0.22875412504777576,0.0874025401324329,0.0,0.0,0.0,0.4313170371159012,0.8626340742318024,0.43132243941181897,0.0,0.0,1
2.19,CN,0.22864018385094728,0.08785710000879893,0.0,0.0,0.0,0.4309113518353518,0.8618227036707036,0.43091674905001437,0.0,0.0,1
2.195,CN,0.22852606369759126,0.08831237381883689,0.0,0.0,0.0,0.43050740606916854,0.8610148121383372,0.43051279822436356,0.0,0.0,1
2.2,CN,0.2284117656861855,0.08876835718025186,0.0,0.0,0.0,0.43010484992266795,0.8602096998453359,0.43011023703580054,0.0,0.0,1
2.205,CN,0.22829729091241996,0.08922504572187058,0.0,0.0,0.0,0.4297028778652497,0.8594057557304993,0.42970825994363554,0.0,0.0,1
2.21,CN,0.22818264046934741,0.08968243508304098,0.0,0.0,0.0,0.4293014887519011,0.8586029775038022,0.42930686580284183,0.0,0.0,1
2.215,CN,0.22806781544720503,0.09014052091434344,0.0,0.0,0.0,0.42890149172915554,0.8578029834583111,0.42890686377008713,0.0,0.0,1
2.22,CN,0.227952816933558,0.09059929887701798,0.0,0.0,0.0,0.428503175937582,0.857006351875164,0.42850854298956215,0.0,0.0,1
2.225,CN,0.22783764601312928,0.09105876464364368,0.0,0.0,0.0,0.42810542850178196,0.8562108570035639,0.4281107905719293,0.0,0.0,1
2.23,CN,0.22772230376793662,0.09151891389759162,0.0,0.0,0.0,0.4277082483336815,0.855416496667363,0.42771360542910114,0.0,0.0,1
2.235,CN,0.22760679127713024,0.09197974233367276,0.0,0.0,0.0,0.42731210125915087,0.8546242025183017,0.4273174533927825,0.0,0.0,1
2.24,CN,0.2274911096171235,0.09244124565761665,0.0,0.0,0.0,0.4269179397929573,0.8538358795859146,0.4269232869896708,0.0,0.0,1
2.245,CN,0.22737525986143808,0.09290341958668874,0.0,0.0,0.0,0.4265243313664196,0.8530486627328391,0.42652967363314187,0.0,0.0,1
2.25,CN,0.22725924308082934,0.09336625984919084,0.0,0.0,0.0,0.4261312749462665,0.8522625498925331,0.4261366122899117,0.0,0.0,1
2.255,CN,0.22714306034313747,0.09382976218505436,0.0,0.0,0.0,0.4257388806212446,0.8514777612424891,0.4257442130501052,0.0,0.0,1
2.2600000000000002,CN,0.22702671271340796,0.09429392234536005,0.0,0.0,0.0,0.42534878943946525,0.8506975788789305,0.4253541169823886,0.0,0.0,1
2.265,CN,0.22691020125374955,0.09475873609290457,0.0,0.0,0.0,0.42495923638528,0.84991847277056,0.42496455904900615,0.0,0.0,1
2.27,CN,0.2267935270234492,0.09522419920174188,0.0,0.0,0.0,0.42457022047818327,0.8491404409563665,0.42457553826944006,0.0,0.0,1
2.275,CN,0.22667669107883665,0.09569030745772365,0.0,0.0,0.0,0.42418174073460974,0.8483634814692195,0.4241870536601127,0.0,0.0,1
2.2800000000000002,CN,0.22655969447339408,0.09615705665806142,0.0,0.0,0.0,0.42379538022972735,0.8475907604594547,0.4238006883160202,0.0,0.0,1
2.285,CN,0.2264425382576273,0.09662444261184093,0.0,0.0,0.0,0.42340980082632923,0.8468196016526585,0.4234151040831953,0.0,0.0,1
2.29,CN,0.22632522347917022,0.0970924611396052,0.0,0.0,0.0,0.4230247441002812,0.8460494882005624,0.4230300425342671,0.0,0.0,1
2.295,CN,0.22620775118266212,0.09756110807384392,0.0,0.0,0.0,0.42264020911877404,0.8452804182375481,0.4226455027364147,0.0,0.0,1
2.3000000000000003,CN,0.22609012240984744,0.09803037925859567,0.0,0.0,0.0,0.42225737468332464,0.8445147493666494,0.4222626635059197,0.0,0.0,1
2.305,CN,0.2259723381994589,0.09850027054991402,0.0,0.0,0.0,0.4218756890670015,0.8437513781340029,0.4218809731089398,0.0,0.0,1
2.31,CN,0.22585439958731268,0.09897077781548771,0.0,0.0,0.0,0.4214945120359206,0.8429890240718412,0.4214997913035724,0.0,0.0,1
2.315,CN,0.22573630760619706,0.09944189693508539,0.0,0.0,0.0,0.42111384270619434,0.8422276854123887,0.42111911720591866,0.0,0.0,1
2.32,CN,0.22561806328596384,0.0999136238001903,0.0,0.0,0.0,0.4207344422623679,0.8414688845247358,0.42073971201005766,0.0,0.0,1
2.325,CN,0.22549966765342133,0.10038595431442755,0.0,0.0,0.0,0.42035657237224455,0.8407131447444891,0.4203618373870701,0.0,0.0,1
2.33,CN,0.2253811217324227,0.10085888439321158,0.0,0.0,0.0,0.41997919734147615,0.8399583946829523,0.41998445762963565,0.0,0.0,1
2.335,CN,0.2252624265437635,0.10133240996415491,0.0,0.0,0.0,0.4196023163333463,0.8392046326666927,0.4196075719010275,0.0,0.0,1
2.34,CN,0.22514358310526583,0.10180652696673242,0.0,0.0,0.0,0.4192262591571355,0.838452518314271,0.41923151001465697,0.0,0.0,1
2.345,CN,0.2250245924316816,0.10228123135266741,0.0,0.0,0.0,0.41885212868251753,0.8377042573650351,0.41885737485401137,0.0,0.0,1
2.35,CN,0.22490545553477242,0.1027565190856126,0.0,0.0,0.0,0.4184784796966586,0.8369569593933173,0.4184837211881556,0.0,0.0,1
2.355,CN,0.22478617342321738,0.1032323861415183,0.0,0.0,0.0,0.4181053114083498,0.8362106228166996,0.4181105482258706,0.0,0.0,1
2.36,CN,0.22466674710268986,0.10370882850832586,0.0,0.0,0.0,0.41773262302315306,0.8354652460463061,0.41773785517270867,0.0,0.0,1
2.365,CN,0.2245471775757696,0.10418584218631828,0.0,0.0,0.0,0.41736204241123476,0.8347240848224695,0.41736726991922524,0.0,0.0,1
2.37,CN,0.22442746584201598,0.10466342318782851,0.0,0.0,0.0,0.41699204520417954,0.8339840904083591,0.41699726807791204,0.0,0.0,1
2.375,CN,0.22430761289788448,0.10514156753757176,0.0,0.0,0.0,0.4166225157128248,0.8332450314256497,0.4166277339581576,0.0,0.0,1
2.38,CN,0.22418761973679696,0.10562027127236595,0.0,0.0,0.0,0.4162534531865982,0.8325069063731965,0.41625866680938006,0.0,0.0,1
2.3850000000000002,CN,0.2240674873490618,0.10609953044144999,0.0,0.0,0.0,0.4158860042512264,0.8317720085024528,0.4158912132716677,0.0,0.0,1
2.39,CN,0.22394721672194157,0.10657934110621362,0.0,0.0,0.0,0.4155195861983187,0.8310391723966375,0.41552479062933145,0.0,0.0,1
2.395,CN,0.22382680883957679,0.107059699340502,0.0,0.0,0.0,0.41515362321254484,0.8303072464250897,0.4151588230598287,0.0,0.0,1
2.4,CN,0.22370626468305072,0.10754060123035686,0.0,0.0,0.0,0.41478811458568954,0.8295762291713791,0.41479330985493545,0.0,0.0,1
2.4050000000000002,CN,0.22358558523031685,0.10802204287430592,0.0,0.0,0.0,0.4144237109897722,0.8288474219795445,0.4144289016948209,0.0,0.0,1
2.41,CN,0.22346477145626115,0.10850402038311466,0.0,0.0,0.0,0.41406080106195764,0.8281216021239153,0.4140659872215173,0.0,0.0,1
2.415,CN,0.2233438243326331,0.10898652988006113,0.0,0.0,0.0,0.4136983338764557,0.8273966677529114,0.4137035154960718,0.0,0.0,1
2.42,CN,0.22322274482810506,0.10946956750069967,0.0,0.0,0.0,0.4133363087659603,0.8266726175319206,0.4133414858511699,0.0,0.0,1
2.4250000000000003,CN,0.22310153390820664,0.10995312939312195,0.0,0.0,0.0,0.41297486533180416,0.8259497306636083,0.41298003788989285,0.0,0.0,1
2.43,CN,0.22298019253538212,0.11043721171772865,0.0,0.0,0.0,0.41261539405169806,0.8252307881033961,0.41262056210736725,0.0,0.0,1
2.435,CN,0.22285872166892784,0.11092181064747883,0.0,0.0,0.0,0.4122563535036734,0.8245127070073468,0.4122615170623181,0.0,0.0,1
2.44,CN,0.222737122265047,0.11140692236767138,0.0,0.0,0.0,0.41189774305995663,0.8237954861199133,0.4119029021269639,0.0,0.0,1
2.445,CN,0.22261539527679017,0.11189254307618236,0.0,0.0,0.0,0.4115395620894725,0.823079124178945,0.4115447166702216,0.0,0.0,1
2.45,CN,0.2224935416541084,0.1123786689832532,0.0,0.0,0.0,0.411183075130639,0.822366150261278,0.41118822524634757,0.0,0.0,1
2.455,CN,0.22237156234379618,0.1128652963117181,0.0,0.0,0.0,0.4108273935580608,0.8216547871161216,0.4108325392188164,0.0,0.0,1
2.46,CN,0.22224945828954254,0.11335242129680037,0.0,0.0,0.0,0.4104721304235853,0.8209442608471706,0.410477271634629,0.0,0.0,1
2.465,CN,0.222127230431877,0.11384004018632789,0.0,0.0,0.0,0.41011728513432216,0.8202345702686444,0.4101224219008875,0.0,0.0,1
2.47,CN,0.2220048797082183,0.11432814924053862,0.0,0.0,0.0,0.4097635598084899,0.8195271196169798,0.40976869214460443,0.0,0.0,1
2.475,CN,0.22188240705282358,0.11481674473228382,0.0,0.0,0.0,0.40941117101004193,0.818822342020084,0.4094162989324459,0.0,0.0,1
2.48,CN,0.22175981339683493,0.11530582294684173,0.0,0.0,0.0,0.40905918927961477,0.8181183785592295,0.4090643127934067,0.0,0.0,1
2.485,CN,0.2216370996682309,0.1157953801821114,0.0,0.0,0.0,0.40870761406124373,0.8174152281224875,0.4087127331715153,0.0,0.0,1
2.49,CN,0.22151426679187175,0.11628541274843197,0.0,0.0,0.0,0.4083565689886287,0.8167131379772574,0.40836168370202003,0.0,0.0,1
2.495,CN,0.221391315689453,0.11677591696876827,0.0,0.0,0.0,0.40800740818528786,0.8160148163705758,0.40801251852539966,0.0,0.0,1
2.5,CN,0.2212682472795491,0.11726688917853618,0.0,0.0,0.0,0.4076586433679697,0.8153172867359394,0.4076637493397617,0.0,0.0,1
2.505,CN,0.2211450624775695,0.11775832572577839,0.0,0.0,0.0,0.40731027401643155,0.8146205480328631,0.407315375624857,0.0,0.0,1
2.5100000000000002,CN,0.22102176219580044,0.11825022297099697,0.0,0.0,0.0,0.4069622996071355,0.813924599214271,0.40696739685714106,0.0,0.0,1
2.515,CN,0.2208983473433634,0.11874257728732006,0.0,0.0,0.0,0.40661583261995543,0.8132316652399109,0.40662092553042184,0.0,0.0,1
2.52,CN,0.22077481882625538,0.11923538506034023,0.0,0.0,0.0,0.4062702216024931,0.8125404432049863,0.4062753101841415,0.0,0.0,1
2.525,CN,0.2206511775473096,0.11972864268827216,0.0,0.0,0.0,0.4059249952837416,0.8118499905674832,0.4059300795413902,0.0,0.0,1
2.5300000000000002,CN,0.22052742440623382,0.12022234658179884,0.0,0.0,0.0,0.4055801531747136,0.8111603063494272,0.4055852331131748,0.0,0.0,1
2.535,CN,0.22040356029957348,0.12071649316421955,0.0,0.0,0.0,0.40523617692216074,0.8104723538443215,0.4052412525522795,0.0,0.0,1
2.54,CN,0.22027958612074894,0.12121107887130052,0.0,0.0,0.0,0.40489365793387483,0.8097873158677497,0.4048987292739035,0.0,0.0,1
2.545,CN,0.22015550276001986,0.1217061001514175,0.0,0.0,0.0,0.4045515131490574,0.8091030262981148,0.40455658020368296,0.0,0.0,1
2.5500000000000003,CN,0.22003131110452157,0.12220155346541049,0.0,0.0,0.0,0.4042097421121723,0.8084194842243446,0.40421480488607603,0.0,0.0,1
2.555,CN,0.21990701203823138,0.12269743528671818,0.0,0.0,0.0,0.4038683443644244,0.8077366887288489,0.40387340286228174,0.0,0.0,1
2.56,CN,0.2197826064420032,0.12319374210123979,0.0,0.0,0.0,0.4035286912184365,0.807057382436873,0.40353374546209875,0.0,0.0,1
2.565,CN,0.2196580951935364,0.12369047040745944,0.0,0.0,0.0,0.40318956777044734,0.8063791355408947,0.4031946177665491,0.0,0.0,1
2.57,CN,0.21953347916740878,0.12418761671631444,0.0,0.0,0.0,0.40285080787227195,0.8057016157445438,0.40285585362536663,0.0,0.0,1
2.575,CN,0.21940875923504682,0.12468517755131407,0.0,0.0,0.0,0.40251241109749375,0.8050248221949874,0.40251745261212957,0.0,0.0,1
2.58,CN,0.21928393626475812,0.12518314944841016,0.0,0.0,0.0,0.40217506509250733,0.8043501301850147,0.4021801023818454,0.0,0.0,1
2.585,CN,0.2191590111217033,0.12568152895610912,0.0,0.0,0.0,0.40183890405383305,0.8036778081076661,0.40184393713271505,0.0,0.0,1
2.59,CN,0.21903398466792678,0.12618031263534932,0.0,0.0,0.0,0.4015030966237415,0.803006193247483,0.40150812549659654,0.0,0.0,1
2.595,CN,0.21890885776233057,0.12667949705960546,0.0,0.0,0.0,0.40116764240718245,0.8023352848143649,0.40117266707843446,0.0,0.0,1
2.6,CN,0.21878363126070427,0.12717907881476898,0.0,0.0,0.0,0.4008325410058973,0.8016650820117946,0.40083756147996547,0.0,0.0,1
2.605,CN,0.21865830601570013,0.12767905449924755,0.0,0.0,0.0,0.40049927153391224,0.8009985430678245,0.4005042878337416,0.0,0.0,1
2.61,CN,0.21853288287686184,0.1281794207238502,0.0,0.0,0.0,0.40016635913342263,0.8003327182668453,0.4001713712634855,0.0,0.0,1
2.615,CN,0.2184073626906014,0.12868017411187962,0.0,0.0,0.0,0.39983379028598,0.79966758057196,0.3998387982505795,0.0,0.0,1
2.62,CN,0.21828174630022687,0.12918131129902147,0.0,0.0,0.0,0.39950156462370834,0.7990031292474167,0.3995065684271429,0.0,0.0,1
2.625,CN,0.21815603454592059,0.1296828289334311,0.0,0.0,0.0,0.39917042426007054,0.7983408485201411,0.39917542391593364,0.0,0.0,1
2.63,CN,0.21803022826476592,0.13018472367562714,0.0,0.0,0.0,0.3988403506533501,0.7976807013067002,0.398845346175003,0.0,0.0,1
2.6350000000000002,CN,0.21790432829072703,0.13068699219857197,0.0,0.0,0.0,0.3985106111823086,0.7970212223646174,0.3985156025739364,0.0,0.0,1
2.64,CN,0.21777833545467473,0.13118963118756868,0.0,0.0,0.0,0.3981812055085198,0.7963624110170395,0.3981861927743033,0.0,0.0,1
2.645,CN,0.21765225058436727,0.13169263734033768,0.0,0.0,0.0,0.39785213329039926,0.7957042665807985,0.39785711643451505,0.0,0.0,1
2.65,CN,0.21752607450447553,0.13219600736691622,0.0,0.0,0.0,0.39752483081252493,0.7950496616250499,0.3975298098571392,0.0,0.0,1
2.6550000000000002,CN,0.21739980803656536,0.13269973798972884,0.0,0.0,0.0,0.3971978658933887,0.7943957317867774,0.39720284084272944,0.0,0.0,1
2.66,CN,0.21727345199912146,0.1332038259434921,0.0,0.0,0.0,0.3968712256197758,0.7937424512395516,0.3968761964779092,0.0,0.0,1
2.665,CN,0.21714700720753116,0.1337082679752792,0.0,0.0,0.0,0.39654490967864675,0.7930898193572935,0.3965498764496352,0.0,0.0,1
2.67,CN,0.2170204744741075,0.13421306084442824,0.0,0.0,0.0,0.39621956351316057,0.7924391270263211,0.39622452620915055,0.0,0.0,1
2.6750000000000003,CN,0.21689385460807412,0.1347182013226019,0.0,0.0,0.0,0.3958953194625361,0.7917906389250722,0.3959002780973317,0.0,0.0,1
2.68,CN,0.21676714841558786,0.13522368619369787,0.0,0.0,0.0,0.3955713911361022,0.7911427822722044,0.39557634571365796,0.0,0.0,1
2.685,CN,0.21664035669972423,0.13572951225390656,0.0,0.0,0.0,0.3952477782485047,0.7904955564970094,0.3952527287727715,0.0,0.0,1
2.69,CN,0.21651348026049988,0.13623567631162137,0.0,0.0,0.0,0.39492448051127677,0.7898489610225535,0.3949294269862019,0.0,0.0,1
2.695,CN,0.21638651989485874,0.13674217518749415,0.0,0.0,0.0,0.39460274108064525,0.7892054821612905,0.3946076835257467,0.0,0.0,1
2.7,CN,0.21625947639669382,0.13724900571434817,0.0,0.0,0.0,0.39428147235777494,0.78856294471555,0.39428641077894844,0.0,0.0,1
2.705,CN,0.2161323505568348,0.13775616473722763,0.0,0.0,0.0,0.3939605104040745,0.787921020808149,0.3939654448051622,0.0,0.0,1
2.71,CN,0.21600514316306862,0.13826364911331546,0.0,0.0,0.0,0.39363985495792675,0.7872797099158535,0.39364478534276787,0.0,0.0,1
2.715,CN,0.21587785500012832,0.13877145571197796,0.0,0.0,0.0,0.39331990399167616,0.7866398079833523,0.39332483036909427,0.0,0.0,1
2.72,CN,0.21575048684971307,0.1392795814146848,0.0,0.0,0.0,0.3930012436131428,0.7860024872262856,0.39300616599930277,0.0,0.0,1
2.725,CN,0.21562303949047779,0.13978802311505045,0.0,0.0,0.0,0.39268288155272674,0.7853657631054536,0.392687799951365,0.0,0.0,1
2.73,CN,0.21549551369805278,0.14029677771875584,0.0,0.0,0.0,0.39236481757486075,0.7847296351497215,0.39236973198971076,0.0,0.0,1
2.735,CN,0.21536791024503382,0.14080584214358802,0.0,0.0,0.0,0.39204705144091667,0.7840941028818333,0.39205196187570895,0.0,0.0,1
2.74,CN,0.2152402299010019,0.14131521331936125,0.0,0.0,0.0,0.391730483168801,0.783460966337602,0.391735389638539,0.0,0.0,1
2.745,CN,0.21511247343251366,0.14182488818795502,0.0,0.0,0.0,0.39141467101615185,0.7828293420323037,0.391419573530306,0.0,0.0,1
2.75,CN,0.21498464160312067,0.14233486370323767,0.0,0.0,0.0,0.3910991487337091,0.7821982974674182,0.39110404729591003,0.0,0.0,1
2.755,CN,0.21485673517336087,0.1428451368310999,0.0,0.0,0.0,0.3907839161081184,0.7815678322162368,0.3907888107219942,0.0,0.0,1
2.7600000000000002,CN,0.21472875490077709,0.1433557045493814,0.0,0.0,0.0,0.3904689731433434,0.7809379462866868,0.39047386381252197,0.0,0.0,1
2.765,CN,0.2146007015399095,0.14386656384790047,0.0,0.0,0.0,0.39015566194495116,0.7803113238899023,0.39016054868987066,0.0,0.0,1
2.77,CN,0.21447257584231355,0.14437771172838312,0.0,0.0,0.0,0.38984263261209084,0.7796852652241817,0.38984751543628166,0.0,0.0,1
2.775,CN,0.2143443785565531,0.14488914520448967,0.0,0.0,0.0,0.38952988495594054,0.7790597699118811,0.3895347638629307,0.0,0.0,1
2.7800000000000002,CN,0.21421611042821803,0.14540086130174523,0.0,0.0,0.0,0.38921741878466287,0.7784348375693257,0.38922229377797796,0.0,0.0,1
2.785,CN,0.21408777219991804,0.14591285705756393,0.0,0.0,0.0,0.38890564123657784,0.7778112824731556,0.3889105123248429,0.0,0.0,1
2.79,CN,0.21395936461129977,0.1464251295211808,0.0,0.0,0.0,0.3885950571123491,0.7771901142246982,0.38859992431051205,0.0,0.0,1
2.795,CN,0.21383088839904119,0.14693767575367433,0.0,0.0,0.0,0.3882847468868127,0.7765694937736254,0.38828961019830405,0.0,0.0,1
2.8000000000000003,CN,0.21370234429686863,0.14745049282789818,0.0,0.0,0.0,0.38797471039194364,0.7759494207838873,0.38797956982019194,0.0,0.0,1
2.805,CN,0.21357373303555166,0.14796357782850184,0.0,0.0,0.0,0.38766494745674984,0.7753298949134997,0.38766980300518145,0.0,0.0,1
2.81,CN,0.21344505534291955,0.14847692785186495,0.0,0.0,0.0,0.38735621378343765,0.7747124275668753,0.3873610654649442,0.0,0.0,1
2.815,CN,0.21331631194385664,0.14899054000611567,0.0,0.0,0.0,0.38704829442855315,0.7740965888571063,0.3870531422533341,0.0,0.0,1
2.82,CN,0.213187503560319,0.14950441141106427,0.0,0.0,0.0,0.3867406412469105,0.773481282493821,0.38674548521829966,0.0,0.0,1
2.825,CN,0.21305863091133007,0.1500185391982207,0.0,0.0,0.0,0.38643325409063245,0.7728665081812649,0.3864380942119618,0.0,0.0,1
2.83,CN,0.21292969471299705,0.15053292051072867,0.0,0.0,0.0,0.3861261328089265,0.772252265617853,0.3861309690835262,0.0,0.0,1
2.835,CN,0.2128006956785068,0.15104755250338278,0.0,0.0,0.0,0.3858203236599513,0.7716406473199026,0.3858251561042559,0.0,0.0,1
2.84,CN,0.21267163451814214,0.1515624323425627,0.0,0.0,0.0,0.3855150083822159,0.7710300167644317,0.3855198370024112,0.0,0.0,1
2.845,CN,0.21254251193927837,0.15207755720624774,0.0,0.0,0.0,0.38520995178716516,0.7704199035743303,0.3852147765864913,0.0,0.0,1
2.85,CN,0.21241332864639903,0.1525929242839535,0.0,0.0,0.0,0.38490515374644724,0.7698103074928945,0.38490997472814253,0.0,0.0,1
2.855,CN,0.21228408534109305,0.15310853077674347,0.0,0.0,0.0,0.3846006341391924,0.7692012682783848,0.3846054513067443,0.0,0.0,1
2.86,CN,0.21215478272207014,0.1536243738971676,0.0,0.0,0.0,0.3842976122901964,0.7685952245803926,0.38430242566236444,0.0,0.0,1
2.865,CN,0.2120254214851587,0.15414045086927047,0.0,0.0,0.0,0.38399484196851286,0.7679896839370257,0.38399965154844756,0.0,0.0,1
2.87,CN,0.2118960023233205,0.15465675892853306,0.0,0.0,0.0,0.38369232306758033,0.7673846461351607,0.3836971288584307,0.0,0.0,1
2.875,CN,0.21176652592664935,0.1551732953218778,0.0,0.0,0.0,0.38339005547796057,0.7667801109559211,0.38339485748287433,0.0,0.0,1
2.88,CN,0.21163699298238525,0.155690057307612,0.0,0.0,0.0,0.3830882568545867,0.7661765137091734,0.3830930550794377,0.0,0.0,1
2.8850000000000002,CN,0.21150740417491373,0.15620704215543094,0.0,0.0,0.0,0.38278772942929506,0.7655754588585901,0.3827925238900052,0.0,0.0,1
2.89,CN,0.21137776018577975,0.15672424714636196,0.0,0.0,0.0,0.3824874464736582,0.7649748929473164,0.38249223717328945,0.0,0.0,1
2.895,CN,0.21124806169368732,0.15724166957276625,0.0,0.0,0.0,0.38218740789939665,0.7643748157987933,0.38219219484100997,0.0,0.0,1
2.9,CN,0.21111830937451315,0.15775930673828423,0.0,0.0,0.0,0.38188761361540285,0.7637752272308056,0.38189239680205794,0.0,0.0,1
2.9050000000000002,CN,0.21098850390130663,0.1582771559578357,0.0,0.0,0.0,0.3815884222714328,0.7631768445428656,0.3815932017106817,0.0,0.0,1
2.91,CN,0.2108586459443036,0.15879521455756507,0.0,0.0,0.0,0.3812903329550877,0.7625806659101754,0.3812951086607333,0.0,0.0,1
2.915,CN,0.21072873617092625,0.15931347987484132,0.0,0.0,0.0,0.3809924812680059,0.7619849625360118,0.3809972532430246,0.0,0.0,1
2.92,CN,0.2105987752457969,0.15983194925820352,0.0,0.0,0.0,0.3806948671396238,0.7613897342792476,0.38069963538699103,0.0,0.0,1
2.9250000000000003,CN,0.21046876383073831,0.1603506200673593,0.0,0.0,0.0,0.3803974904965902,0.7607949809931804,0.3804022550192805,0.0,0.0,1
2.93,CN,0.21033870258478693,0.1608694896731321,0.0,0.0,0.0,0.38010079472911346,0.7602015894582269,0.38010555553565484,0.0,0.0,1
2.935,CN,0.21020859216419394,0.16138855545745695,0.0,0.0,0.0,0.37980508866794177,0.7596101773358835,0.3798098457707304,0.0,0.0,1
2.94,CN,0.2100784332224381,0.1619078148133292,0.0,0.0,0.0,0.37950961360722113,0.7590192272144423,0.37951436700915037,0.0,0.0,1
2.945,CN,0.20994822641022715,0.16242726514479908,0.0,0.0,0.0,0.37921436949354853,0.7584287389870971,0.379219119197511,0.0,0.0,1
2.95,CN,0.20981797237551064,0.1629469038669203,0.0,0.0,0.0,0.3789193562707754,0.7578387125415508,0.378924102279663,0.0,0.0,1
2.955,CN,0.20968767176348116,0.1634667284057454,0.0,0.0,0.0,0.3786250463331653,0.7572500926663306,0.37862978865578684,0.0,0.0,1
2.96,CN,0.20955732521658732,0.16398673619827364,0.0,0.0,0.0,0.37833167009826135,0.7566633401965227,0.3783364087463115,0.0,0.0,1
2.965,CN,0.20942693337453555,0.16450692469244416,0.0,0.0,0.0,0.3780385184410619,0.7560770368821238,0.37804325341735356,0.0,0.0,1
2.97,CN,0.2092964968743023,0.1650272913470871,0.0,0.0,0.0,0.37774559132478946,0.7554911826495789,0.377750322632135,0.0,0.0,1
2.975,CN,0.20916601635013654,0.1655478336319136,0.0,0.0,0.0,0.3774528887099548,0.7549057774199096,0.37745761635116615,0.0,0.0,1
2.98,CN,0.2090354924335717,0.1660685490274684,0.0,0.0,0.0,0.37716085676882144,0.7543217135376429,0.37716558075229883,0.0,0.0,1
2.985,CN,0.20890492575342834,0.16658943502511886,0.0,0.0,0.0,0.37686975832124553,0.7537395166424911,0.3768744786586811,0.0,0.0,1
2.99,CN,0.20877431693582596,0.16711048912700813,0.0,0.0,0.0,0.376578878229354,0.753157756458708,0.3765835949234827,0.0,0.0,1
2.995,CN,0.20864366660418604,0.16763170884604292,0.0,0.0,0.0,0.3762882164724692,0.7525764329449383,0.3762929295260256,0.0,0.0,1
3.0,CN,0.2085129753792436,0.16815309170584727,0.0,0.0,0.0,0.3759977730272373,0.7519955460544746,0.3760024824429559,0.0,0.0,1
3.005,CN,0.20838224387905055,0.16867463524074935,0.0,0.0,0.0,0.3757079131214491,0.7514158262428983,0.3757126189066388,0.0,0.0,1
3.0100000000000002,CN,0.20825147271898686,0.16919633699573686,0.0,0.0,0.0,0.37541904177848034,0.7508380835569607,0.37542374394552297,0.0,0.0,1
3.015,CN,0.20812066251176448,0.16971819452644135,0.0,0.0,0.0,0.37513038276472,0.75026076552944,0.375135081316275,0.0,0.0,1
3.02,CN,0.20798981386743837,0.17024020539909418,0.0,0.0,0.0,0.3748419360750794,0.7496838721501587,0.3748466310138061,0.0,0.0,1
3.025,CN,0.20785892739341005,0.17076236719051244,0.0,0.0,0.0,0.37455370170182767,0.7491074034036553,0.37455839303038546,0.0,0.0,1
3.0300000000000002,CN,0.20772800369443922,0.17128467748805262,0.0,0.0,0.0,0.37426590970350676,0.7485318194070136,0.37427059742743646,0.0,0.0,1
3.035,CN,0.20759704337264723,0.17180713388959665,0.0,0.0,0.0,0.37397921610598506,0.7479584322119701,0.37398390023904415,0.0,0.0,1
3.04,CN,0.2074660470275285,0.17232973400350637,0.0,0.0,0.0,0.3736927290017111,0.747385458003422,0.3736974095464859,0.0,0.0,1
3.045,CN,0.20733501525595419,0.17285247544860902,0.0,0.0,0.0,0.37340644840068715,0.7468128968013743,0.3734111253597643,0.0,0.0,1
3.0500000000000003,CN,0.2072039486521836,0.17337535585415148,0.0,0.0,0.0,0.3731203743103061,0.7462407486206122,0.3731250476862721,0.0,0.0,1
3.055,CN,0.20707284780786803,0.1738983728597854,0.0,0.0,0.0,0.37283454788763903,0.7456690957752781,0.3728392176835959,0.0,0.0,1
3.06,CN,0.20694171331206193,0.17442152411552195,0.0,0.0,0.0,0.37254998396833905,0.7450999679366781,0.3725546502000998,0.0,0.0,1
3.065,CN,0.20681054575122715,0.17494480728171555,0.0,0.0,0.0,0.3722656208919567,0.7445312417839134,0.37227028356203695,0.0,0.0,1
3.0700000000000003,CN,0.2066793457092435,0.17546822002902132,0.0,0.0,0.0,0.37198145868309834,0.7439629173661967,0.37198611779401397,0.0,0.0,1
3.075,CN,0.20654811376741386,0.1759917600383751,0.0,0.0,0.0,0.3716974973637917,0.7433949947275834,0.37170215291805886,0.0,0.0,1
3.08,CN,0.20641685050447423,0.17651542500095282,0.0,0.0,0.0,0.3714137369535212,0.7428274739070424,0.3714183889536563,0.0,0.0,1
3.085,CN,0.20628555649659874,0.17703921261815087,0.0,0.0,0.0,0.37113105489855963,0.7422621097971193,0.3711357033580692,0.0,0.0,1
3.09,CN,0.20615423231741023,0.17756312060154394,0.0,0.0,0.0,0.37084876922501553,0.7416975384500311,0.3708534141488643,0.0,0.0,1
3.095,CN,0.20602287853798495,0.17808714667286604,0.0,0.0,0.0,0.3705666789636757,0.7411333579273514,0.37057132035431123,0.0,0.0,1
3.1,CN,0.20589149572686305,0.17861128856396885,0.0,0.0,0.0,0.37028478415072985,0.7405695683014597,0.37028942201060017,0.0,0.0,1
3.105,CN,0.20576008445005367,0.17913554401680123,0.0,0.0,0.0,0.3700030848198471,0.7400061696396942,0.3700077191514006,0.0,0.0,1
3.11,CN,0.20562864527104516,0.17965991078336857,0.0,0.0,0.0,0.369722145143411,0.7394442902868221,0.36972677595616255,0.0,0.0,1
3.115,CN,0.2054971787508102,0.1801843866257124,0.0,0.0,0.0,0.36944189147460216,0.7388837829492043,0.36944651877714396,0.0,0.0,1
3.12,CN,0.20536568544781625,0.18070896931586852,0.0,0.0,0.0,0.3691618279384792,0.7383236558769584,0.3691664517331927,0.0,0.0,1
3.125,CN,0.20523416591803054,0.18123365663584734,0.0,0.0,0.0,0.3688819545849247,0.7377639091698494,0.36888657487419196,0.0,0.0,1
3.13,CN,0.20510262071493046,0.1817584463775922,0.0,0.0,0.0,0.3686022714613314,0.7372045429226628,0.3686068882475351,0.0,0.0,1
3.1350000000000002,CN,0.20497105038950852,0.18228333634295973,0.0,0.0,0.0,0.3683229775138348,0.7366459550276696,0.36832759080184946,0.0,0.0,1
3.14,CN,0.20483945549028298,0.18280832434367741,0.0,0.0,0.0,0.3680447116498935,0.736089423299787,0.36804932145259595,0.0,0.0,1
3.145,CN,0.20470783656330296,0.18333340820132316,0.0,0.0,0.0,0.3677666308104374,0.735533261620875,0.36777123713014515,0.0,0.0,1
3.15,CN,0.20457619415215855,0.18385858574728497,0.0,0.0,0.0,0.36748873505858776,0.7349774701171756,0.36749333789761895,0.0,0.0,1
3.1550000000000002,CN,0.2044445287979863,0.18438385482273908,0.0,0.0,0.0,0.36721102445500237,0.7344220489100047,0.36721562381567596,0.0,0.0,1
3.16,CN,0.20431284103947922,0.18490921327861007,0.0,0.0,0.0,0.36693349905790423,0.7338669981158085,0.36693809494254004,0.0,0.0,1
3.165,CN,0.20418113141289226,0.1854346589755489,0.0,0.0,0.0,0.3666569601516472,0.7333139203032946,0.36666155257260125,0.0,0.0,1
3.17,CN,0.20404940045205247,0.1859601897838926,0.0,0.0,0.0,0.3663808191462935,0.732761638292587,0.3663854081085493,0.0,0.0,1
3.1750000000000003,CN,0.20391764868836462,0.1864858035836415,0.0,0.0,0.0,0.3661048583000898,0.7322097166001797,0.3661094438059041,0.0,0.0,1
3.18,CN,0.20378587665082046,0.18701149826442273,0.0,0.0,0.0,0.3658290776865143,0.7316581553730286,0.36583365973814436,0.0,0.0,1
3.185,CN,0.20365408486600564,0.18753727172546214,0.0,0.0,0.0,0.3655534773766305,0.731106954753261,0.36555805597633473,0.0,0.0,1
3.19,CN,0.20352227385810825,0.18806312187555066,0.0,0.0,0.0,0.36527837363286,0.73055674726572,0.36528294878685785,0.0,0.0,1
3.1950000000000003,CN,0.20339044414892546,0.18858904663301754,0.0,0.0,0.0,0.36500413073804305,0.7300082614760861,0.36500870245711686,0.0,0.0,1
3.2,CN,0.20325859625787282,0.18911504392569325,0.0,0.0,0.0,0.36473006323618506,0.7294601264723701,0.36473463152253166,0.0,0.0,1
3.205,CN,0.2031267307019904,0.18964111169088524,0.0,0.0,0.0,0.3644561712131447,0.7289123424262894,0.36446073606896195,0.0,0.0,1
3.21,CN,0.20299484799595213,0.19016724787534023,0.0,0.0,0.0,0.3641824547523913,0.7283649095047826,0.3641870161798781,0.0,0.0,1
3.215,CN,0.20286294865207216,0.1906934504352194,0.0,0.0,0.0,0.3639089139350339,0.7278178278700678,0.36391347193639023,0.0,0.0,1
3.22,CN,0.202731033180314,0.1912197173360615,0.0,0.0,0.0,0.3636363094686522,0.7272726189373044,0.363640864055606,0.0,0.0,1
3.225,CN,0.202599102088297,0.19174604655275695,0.0,0.0,0.0,0.36336409485846316,0.7267281897169263,0.36336864603589736,0.0,0.0,1
3.23,CN,0.20246715588130532,0.1922724360695127,0.0,0.0,0.0,0.3630920511309826,0.7261841022619652,0.36309659890103757,0.0,0.0,1
3.235,CN,0.20233519506229444,0.19279888387982524,0.0,0.0,0.0,0.3628201783816564,0.7256403567633128,0.36282472274647365,0.0,0.0,1
3.24,CN,0.20220322013190034,0.19332538798644497,0.0,0.0,0.0,0.3625484767035865,0.725096953407173,0.3625530176653087,0.0,0.0,1
3.245,CN,0.20207123158844595,0.1938519464013498,0.0,0.0,0.0,0.36227710518180467,0.7245542103636093,0.3622816427445671,0.0,0.0,1
3.25,CN,0.20193922992794996,0.19437855714571028,0.0,0.0,0.0,0.36200670409380853,0.7240134081876171,0.36201123826976594,0.0,0.0,1
3.255,CN,0.20180721564413373,0.19490521824986204,0.0,0.0,0.0,0.36173646944608706,0.7234729388921741,0.3617410002373242,0.0,0.0,1
3.2600000000000002,CN,0.20167518922842992,0.19543192775327123,0.0,0.0,0.0,0.3614664013456422,0.7229328026912843,0.361470928754245,0.0,0.0,1
3.265,CN,0.20154315116998917,0.195958683704508,0.0,0.0,0.0,0.3611964998971529,0.7223929997943058,0.3612010239252088,0.0,0.0,1
3.27,CN,0.20141110195568918,0.1964854841612102,0.0,0.0,0.0,0.3609267652030029,0.7218535304060059,0.3609312858526005,0.0,0.0,1
3.275,CN,0.2012790420701409,0.19701232719005865,0.0,0.0,0.0,0.36065764767865666,0.7213152953573133,0.360662164957526,0.0,0.0,1
3.2800000000000002,CN,0.20114697199569795,0.19753921086673987,0.0,0.0,0.0,0.3603891839494122,0.7207783678988244,0.3603936978657422,0.0,0.0,1
3.285,CN,0.20101489221246274,0.19806613327592104,0.0,0.0,0.0,0.36012088248590496,0.7202417649718099,0.360125393041728,0.0,0.0,1
3.29,CN,0.20088280319829552,0.1985930925112146,0.0,0.0,0.0,0.35985274340397827,0.7197054868079565,0.3598572506013282,0.0,0.0,1
3.295,CN,0.20075070542882115,0.1991200866751507,0.0,0.0,0.0,0.3595847668171973,0.7191695336343946,0.35958927065810947,0.0,0.0,1
3.3000000000000003,CN,0.20061859937743756,0.1996471138791437,0.0,0.0,0.0,0.3593169528368712,0.7186339056737425,0.3593214533233822,0.0,0.0,1
3.305,CN,0.2004864855153227,0.2001741722434645,0.0,0.0,0.0,0.35904995809530005,0.7180999161906001,0.35905445523767093,0.0,0.0,1
3.31,CN,0.20035436431144313,0.20070125989720608,0.0,0.0,0.0,0.35878338628346307,0.7175667725669261,0.3587878800869911,0.0,0.0,1
3.315,CN,0.20022223623256072,0.20122837497825688,0.0,0.0,0.0,0.35851697272794514,0.7170339454558903,0.3585214631946125,0.0,0.0,1
3.3200000000000003,CN,0.20009010174324127,0.2017555156332665,0.0,0.0,0.0,0.3582507175530831,0.7165014351061662,0.35825520468487343,0.0,0.0,1
3.325,CN,0.19995796130586152,0.2022826800176174,0.0,0.0,0.0,0.35798462088098276,0.7159692417619655,0.35798910467988143,0.0,0.0,1
3.33,CN,0.19982581538061725,0.2028098662953931,0.0,0.0,0.0,0.3577186828315281,0.7154373656630562,0.35772316329952186,0.0,0.0,1
3.335,CN,0.1996936644255305,0.20333707263934891,0.0,0.0,0.0,0.3574536827412969,0.7149073654825937,0.35745815989013374,0.0,0.0,1
3.34,CN,0.19956150889645785,0.20386429723087904,0.0,0.0,0.0,0.35718895887166313,0.7143779177433263,0.35719343270480286,0.0,0.0,1
3.345,CN,0.19942934924709732,0.20439153825998932,0.0,0.0,0.0,0.3569243894091901,0.7138487788183802,0.3569288599285666,0.0,0.0,1
3.35,CN,0.19929718592899676,0.20491879392526333,0.0,0.0,0.0,0.35665997448637604,0.7133199489727521,0.35666444169392497,0.0,0.0,1
3.355,CN,0.19916501939156067,0.20544606243383548,0.0,0.0,0.0,0.35639571423351624,0.7127914284670325,0.35640017813117486,0.0,0.0,1
3.36,CN,0.1990328500820589,0.20597334200135617,0.0,0.0,0.0,0.3561316087787287,0.7122632175574574,0.35613606936843584,0.0,0.0,1
3.365,CN,0.19890067844563292,0.20650063085196685,0.0,0.0,0.0,0.35586847822274664,0.7117369564454933,0.35587293551671306,0.0,0.0,1
3.37,CN,0.19876850492530465,0.20702792721826466,0.0,0.0,0.0,0.35560555974647906,0.7112111194929581,0.3556100137473611,0.0,0.0,1
3.375,CN,0.19863632996198308,0.20755522934127626,0.0,0.0,0.0,0.35534279198373897,0.7106855839674779,0.35534724269342427,0.0,0.0,1
3.38,CN,0.1985041539944728,0.20808253547042357,0.0,0.0,0.0,0.3550801750748421,0.710160350149684,0.3550846224952201,0.0,0.0,1
3.3850000000000002,CN,0.19837197745948043,0.20860984386349818,0.0,0.0,0.0,0.35481770915794014,0.7096354183158804,0.3548221532909022,0.0,0.0,1
3.39,CN,0.1982398007916234,0.20913715278662642,0.0,0.0,0.0,0.3545553943690384,0.7091107887380768,0.35455983521647727,0.0,0.0,1
3.395,CN,0.1981076244234365,0.20966446051424315,0.0,0.0,0.0,0.35429401117817333,0.7085880223563465,0.35429844875175737,0.0,0.0,1
3.4,CN,0.19797544878537993,0.2101917653290595,0.0,0.0,0.0,0.3540328569340876,0.7080657138681752,0.3540372912366845,0.0,0.0,1
3.4050000000000002,CN,0.19784327430584664,0.21071906552203395,0.0,0.0,0.0,0.35377184986078364,0.7075436997215672,0.3537762808942366,0.0,0.0,1
3.41,CN,0.19771110141117013,0.21124635939234093,0.0,0.0,0.0,0.35351099010606396,0.7070219802121279,0.3535154178722183,0.0,0.0,1
3.415,CN,0.19757893052563122,0.21177364524734382,0.0,0.0,0.0,0.3532502778155968,0.7065005556311936,0.35325470231629946,0.0,0.0,1
3.42,CN,0.19744676207146664,0.21230092140256082,0.0,0.0,0.0,0.3529897131329375,0.705979426265875,0.3529941343700373,0.0,0.0,1
3.4250000000000003,CN,0.19731459646887545,0.21282818618163923,0.0,0.0,0.0,0.3527299580219684,0.7054599160439368,0.35273437600560525,0.0,0.0,1
3.43,CN,0.1971824341360272,0.21335543791632286,0.0,0.0,0.0,0.35247052819881514,0.7049410563976303,0.3524749429330634,0.0,0.0,1
3.435,CN,0.197050275489069,0.21388267494642407,0.0,0.0,0.0,0.3522112421500593,0.7044224843001186,0.3522156536367197,0.0,0.0,1
3.44,CN,0.19691812094213318,0.21440989561979287,0.0,0.0,0.0,0.35195210003065525,0.7039042000613105,0.3519565082715306,0.0,0.0,1
3.4450000000000003,CN,0.1967859709073445,0.21493709829228835,0.0,0.0,0.0,0.3516931019934588,0.7033862039869176,0.3516975069903537,0.0,0.0,1
3.45,CN,0.19665382579482787,0.21546428132774798,0.0,0.0,0.0,0.3514342481892414,0.7028684963784828,0.35143864994396234,0.0,0.0,1
3.455,CN,0.19652168601271536,0.21599144309795934,0.0,0.0,0.0,0.3511760046950041,0.7023520093900082,0.35118040321519534,0.0,0.0,1
3.46,CN,0.19638955196715388,0.2165185819826297,0.0,0.0,0.0,0.3509182607947218,0.7018365215894435,0.35092265608664075,0.0,0.0,1
3.465,CN,0.19625742406231245,0.21704569636935708,0.0,0.0,0.0,0.3506606574143816,0.7013213148287633,0.3506650494797884,0.0,0.0,1
3.47,CN,0.1961253027003897,0.2175727846536001,0.0,0.0,0.0,0.3504031947157675,0.700806389431535,0.3504075835564241,0.0,0.0,1
3.475,CN,0.19599318828162066,0.21809984523865109,0.0,0.0,0.0,0.3501458728585916,0.7002917457171832,0.35015025847626213,0.0,0.0,1
3.48,CN,0.19586108120428497,0.2186268765356032,0.0,0.0,0.0,0.349888692000513,0.699777384001026,0.3498930743969634,0.0,0.0,1
3.485,CN,0.19572898186471346,0.21915387696332428,0.0,0.0,0.0,0.34963184642210654,0.6992636928442131,0.3496362256015363,0.0,0.0,1
3.49,CN,0.19559689065729585,0.21968084494842607,0.0,0.0,0.0,0.3493757512239958,0.6987515024479916,0.34938012719580347,0.0,0.0,1
3.495,CN,0.19546480797448773,0.22020777892523638,0.0,0.0,0.0,0.3491197934289756,0.6982395868579512,0.34912416619488224,0.0,0.0,1
3.5,CN,0.1953327342068182,0.22073467733576851,0.0,0.0,0.0,0.3488639732053356,0.6977279464106712,0.34886834276706424,0.0,0.0,1
3.505,CN,0.19520066974289677,0.22126153862969408,0.0,0.0,0.0,0.3486082907193229,0.6972165814386458,0.3486126570785988,0.0,0.0,1
3.5100000000000002,CN,0.1950686149694209,0.2217883612643123,0.0,0.0,0.0,0.3483527461351573,0.6967054922703146,0.3483571092937076,0.0,0.0,1
3.515,CN,0.19493657027118277,0.22231514370452374,0.0,0.0,0.0,0.34809733961505246,0.6961946792301049,0.34810169957460646,0.0,0.0,1
3.52,CN,0.19480453603107722,0.222841884422798,0.0,0.0,0.0,0.3478427050018686,0.6956854100037371,0.3478470617720945,0.0,0.0,1
3.525,CN,0.19467251263010824,0.2233685818991483,0.0,0.0,0.0,0.3475883569472745,0.695176713894549,0.3475927105317616,0.0,0.0,1
3.5300000000000002,CN,0.19454050044739657,0.22389523462110064,0.0,0.0,0.0,0.3473341434867699,0.6946682869735398,0.3473384938872039,0.0,0.0,1
3.535,CN,0.1944084998601866,0.22442184108366686,0.0,0.0,0.0,0.3470800647928159,0.6941601295856318,0.34708441201088475,0.0,0.0,1
3.54,CN,0.19427651124385378,0.22494839978931472,0.0,0.0,0.0,0.34682612103587246,0.693652242071745,0.34683046507326637,0.0,0.0,1
3.545,CN,0.1941445349719116,0.22547490924794017,0.0,0.0,0.0,0.34657231238441655,0.6931446247688331,0.3465766532428276,0.0,0.0,1
3.5500000000000003,CN,0.19401257141601866,0.22600136797683884,0.0,0.0,0.0,0.34631883642774736,0.6926376728554947,0.34632317411134267,0.0,0.0,1
3.555,CN,0.19388062094598585,0.22652777450067801,0.0,0.0,0.0,0.3460660634729214,0.6921321269458428,0.34607039799050615,0.0,0.0,1
3.56,CN,0.19374868392978342,0.2270541273514679,0.0,0.0,0.0,0.34581342226381334,0.6916268445276268,0.3458177536170377,0.0,0.0,1
3.565,CN,0.19361676073354814,0.22758042506853327,0.0,0.0,0.0,0.3455609129787876,0.6911218259575752,0.3455652411693038,0.0,0.0,1
3.5700000000000003,CN,0.19348485172159005,0.22810666619848644,0.0,0.0,0.0,0.3453085357942249,0.6906170715884499,0.3453128608236876,0.0,0.0,1
3.575,CN,0.19335295725639995,0.22863284929519753,0.0,0.0,0.0,0.34505629088455353,0.6901125817691071,0.34506061275461947,0.0,0.0,1
3.58,CN,0.19322107769865599,0.22915897291976808,0.0,0.0,0.0,0.34480417842225386,0.6896083568445077,0.34480849713458195,0.0,0.0,1
3.585,CN,0.19308921340723084,0.22968503564050236,0.0,0.0,0.0,0.3445526370377032,0.6891052740754064,0.3445569525994463,0.0,0.0,1
3.59,CN,0.19295736473919883,0.23021103603287912,0.0,0.0,0.0,0.3443015347353108,0.6886030694706216,0.3443058471519684,0.0,0.0,1
3.595,CN,0.19282553204984276,0.23073697267952423,0.0,0.0,0.0,0.34405056163910197,0.6881011232782039,0.3440548709122925,0.0,0.0,1
3.6,CN,0.19269371569266072,0.23126284417018347,0.0,0.0,0.0,0.34379971793107217,0.6875994358621442,0.34380402406241606,0.0,0.0,1
3.605,CN,0.19256191601937334,0.23178864910169378,0.0,0.0,0.0,0.3435490037912844,0.6870980075825688,0.34355330678240464,0.0,0.0,1
3.61,CN,0.19243013337993037,0.23231438607795674,0.0,0.0,0.0,0.34329841939787586,0.6865968387957517,0.34330271925039757,0.0,0.0,1
3.615,CN,0.19229836812251783,0.23284005370991032,0.0,0.0,0.0,0.3430479649270842,0.6860959298541685,0.3430522616426346,0.0,0.0,1
3.62,CN,0.19216662059356487,0.23336565061550135,0.0,0.0,0.0,0.3427982143796464,0.6855964287592928,0.3428025079670422,0.0,0.0,1
3.625,CN,0.1920348911377505,0.23389117541965881,0.0,0.0,0.0,0.3425487453830142,0.6850974907660284,0.3425530358457819,0.0,0.0,1
3.63,CN,0.1919031800980106,0.23441662675426547,0.0,0.0,0.0,0.3422994031826002,0.6845988063652004,0.3423036905223279,0.0,0.0,1
3.6350000000000002,CN,0.19177148781554437,0.2349420032581329,0.0,0.0,0.0,0.34205018796379444,0.6841003759275889,0.34205447218207263,0.0,0.0,1
3.64,CN,0.19163981462982188,0.2354673035769705,0.0,0.0,0.0,0.3418010999100853,0.6836021998201706,0.3418053810085067,0.0,0.0,1
3.645,CN,0.1915081608785901,0.23599252636336207,0.0,0.0,0.0,0.34155213920307664,0.6831042784061532,0.34155641718323626,0.0,0.0,1
3.65,CN,0.19137652689788015,0.23651767027673662,0.0,0.0,0.0,0.34130330602250314,0.6826066120450063,0.3413075808859984,0.0,0.0,1
3.6550000000000002,CN,0.1912449130220137,0.23704273398334277,0.0,0.0,0.0,0.34105520685784113,0.6821104137156822,0.3410594786138655,0.0,0.0,1
3.66,CN,0.19111331958361027,0.23756771615622002,0.0,0.0,0.0,0.34080733529177104,0.6816146705835422,0.3408116039431754,0.0,0.0,1
3.665,CN,0.19098174691359326,0.23809261547517413,0.0,0.0,0.0,0.3405595882368494,0.6811191764736988,0.3405638537851931,0.0,0.0,1
3.67,CN,0.19085019534119718,0.23861743062674867,0.0,0.0,0.0,0.3403119658816113,0.6806239317632226,0.34031622832845626,0.0,0.0,1
3.6750000000000003,CN,0.19071866519397415,0.23914216030419896,0.0,0.0,0.0,0.3400644684127246,0.6801289368254492,0.3400687277596351,0.0,0.0,1
3.68,CN,0.19058715679780047,0.23966680320746592,0.0,0.0,0.0,0.3398170960150092,0.6796341920300184,0.3398213522635517,0.0,0.0,1
3.685,CN,0.19045567047688344,0.24019135804314878,0.0,0.0,0.0,0.3395698488714474,0.6791396977428948,0.33957410202319077,0.0,0.0,1
3.69,CN,0.19032420655376808,0.24071582352447835,0.0,0.0,0.0,0.33932326580496047,0.6786465316099208,0.3393275158682223,0.0,0.0,1
3.6950000000000003,CN,0.19019276534934332,0.24124019837129224,0.0,0.0,0.0,0.3390769572181808,0.6781539144363616,0.33908120419639903,0.0,0.0,1
3.7,CN,0.190061347182849,0.24176448131000694,0.0,0.0,0.0,0.33883077097779135,0.6776615419555827,0.3388350148724984,0.0,0.0,1
3.705,CN,0.18992995237188243,0.24228867107359192,0.0,0.0,0.0,0.3385847072752295,0.677169414550459,0.3385889480879601,0.0,0.0,1
3.71,CN,0.18979858123240467,0.242812766401544,0.0,0.0,0.0,0.33833876630009796,0.6766775326001959,0.3383430040323893,0.0,0.0,1
3.715,CN,0.18966723407874736,0.24333676603986074,0.0,0.0,0.0,0.3380929482401814,0.6761858964803626,0.338097182893573,0.0,0.0,1
3.72,CN,0.1895359112236191,0.24386066874101456,0.0,0.0,0.0,0.3378472532814627,0.6756945065629254,0.3378514848574965,0.0,0.0,1
3.725,CN,0.1894046129781119,0.24438447326392718,0.0,0.0,0.0,0.33760205509086516,0.6752041101817303,0.33760628359576317,0.0,0.0,1
3.73,CN,0.18927333965170787,0.24490817837394283,0.0,0.0,0.0,0.3373572764096776,0.6747145528193552,0.33736150184869423,0.0,0.0,1
3.735,CN,0.1891420915522855,0.24543178284280334,0.0,0.0,0.0,0.33711261802595993,0.6742252360519199,0.33711684040060197,0.0,0.0,1
3.74,CN,0.18901086898612618,0.24595528544862214,0.0,0.0,0.0,0.3368680801338042,0.6737361602676084,0.3368722994455807,0.0,0.0,1
3.745,CN,0.1888796722579207,0.24647868497585793,0.0,0.0,0.0,0.3366236629255064,0.6732473258510128,0.33662787917592907,0.0,0.0,1
3.75,CN,0.18874850167077548,0.24700198021529057,0.0,0.0,0.0,0.33637936659156936,0.6727587331831387,0.3363835797821521,0.0,0.0,1
3.755,CN,0.18861735752621914,0.247525169963994,0.0,0.0,0.0,0.33613519132072667,0.6722703826414533,0.3361394014529858,0.0,0.0,1
3.7600000000000002,CN,0.18848624012420873,0.2480482530253121,0.0,0.0,0.0,0.33589125074192777,0.6717825014838554,0.3358954578188028,0.0,0.0,1
3.765,CN,0.18835514976313628,0.2485712282088322,0.0,0.0,0.0,0.3356479702250466,0.6712959404500932,0.33565217425480504,0.0,0.0,1
3.77,CN,0.18822408673983498,0.24909409433036048,0.0,0.0,0.0,0.33540480806816947,0.6708096161363389,0.33540900905229365,0.0,0.0,1
3.775,CN,0.18809305134958548,0.24961685021189695,0.0,0.0,0.0,0.33516176446781,0.67032352893562,0.3351659624077849,0.0,0.0,1
3.7800000000000002,CN,0.18796204388612237,0.2501394946816094,0.0,0.0,0.0,0.3349188396187106,0.6698376792374212,0.3349230345160236,0.0,0.0,1
3.785,CN,0.18783106464164012,0.2506620265738098,0.0,0.0,0.0,0.334676033713852,0.669352067427704,0.3346802255699929,0.0,0.0,1
3.79,CN,0.18770011390679983,0.2511844447289276,0.0,0.0,0.0,0.33443334694447097,0.6688666938889419,0.33443753576093194,0.0,0.0,1
3.795,CN,0.187569191970735,0.2517067479934863,0.0,0.0,0.0,0.3341907795000697,0.6683815590001394,0.3341949652783453,0.0,0.0,1
3.8000000000000003,CN,0.18743829912105803,0.2522289352200776,0.0,0.0,0.0,0.33394872776513895,0.6678974555302779,0.33395291051168846,0.0,0.0,1
3.805,CN,0.18730743564386634,0.2527510052673374,0.0,0.0,0.0,0.33370703148940273,0.6674140629788055,0.33371121120867836,0.0,0.0,1
3.81,CN,0.18717660182374868,0.25327295699992025,0.0,0.0,0.0,0.3334654519420848,0.6669309038841696,0.33346962863554863,0.0,0.0,1
3.815,CN,0.18704579794379098,0.2537947892884759,0.0,0.0,0.0,0.3332239893201355,0.666447978640271,0.33322816298925195,0.0,0.0,1
3.8200000000000003,CN,0.1869150242855828,0.25431650100962383,0.0,0.0,0.0,0.33298264381877357,0.6659652876375471,0.3329868144650096,0.0,0.0,1
3.825,CN,0.1867842811292234,0.2548380910459291,0.0,0.0,0.0,0.3327414156314971,0.6654828312629943,0.3327455832563222,0.0,0.0,1
3.83,CN,0.18665356875332778,0.25535955828587803,0.0,0.0,0.0,0.3325003049500981,0.6650006099001962,0.33250446955498386,0.0,0.0,1
3.835,CN,0.18652288743503276,0.255880901623854,0.0,0.0,0.0,0.33225931196467373,0.6645186239293475,0.3322634735510944,0.0,0.0,1
3.84,CN,0.18639223745000316,0.25640211996011286,0.0,0.0,0.0,0.33201899001456087,0.6640379800291216,0.3320231485909212,0.0,0.0,1
3.845,CN,0.18626161907243777,0.25692321220075903,0.0,0.0,0.0,0.33177884551871445,0.663557691037429,0.3317830010872372,0.0,0.0,1
3.85,CN,0.18613103257507535,0.2574441772577217,0.0,0.0,0.0,0.33153881622488773,0.6630776324497756,0.3315429687870157,0.0,0.0,1
3.855,CN,0.1860004782292007,0.2579650140487303,0.0,0.0,0.0,0.3312989023302977,0.6625978046605954,0.3313030518874763,0.0,0.0,1
3.86,CN,0.18586995630465075,0.25848572149729077,0.0,0.0,0.0,0.3310591040304667,0.6621182080609334,0.33106325058414376,0.0,0.0,1
3.865,CN,0.18573946706982034,0.25900629853266194,0.0,0.0,0.0,0.3308194215192368,0.6616388430384736,0.33082356507086264,0.0,0.0,1
3.87,CN,0.18560901079166828,0.2595267440898316,0.0,0.0,0.0,0.3305798549887776,0.6611597099775552,0.3305839955398049,0.0,0.0,1
3.875,CN,0.18547858773572337,0.2600470571094925,0.0,0.0,0.0,0.3303404046296057,0.6606808092592114,0.3303445421814894,0.0,0.0,1
3.88,CN,0.1853481981660901,0.26056723653801944,0.0,0.0,0.0,0.3301016591095008,0.6602033182190017,0.33010579367106924,0.0,0.0,1
3.8850000000000002,CN,0.18521784234545485,0.26108728132744496,0.0,0.0,0.0,0.32986303543633166,0.6597260708726633,0.3298671670091109,0.0,0.0,1
3.89,CN,0.18508752053509142,0.2616071904354367,0.0,0.0,0.0,0.32962452553929034,0.6592490510785807,0.32962865412470543,0.0,0.0,1
3.895,CN,0.18495723299486713,0.2621269628252733,0.0,0.0,0.0,0.32938612961569286,0.6587722592313857,0.32939025521517135,0.0,0.0,1
3.9,CN,0.1848269799832488,0.26264659746582103,0.0,0.0,0.0,0.32914784786119333,0.6582956957223867,0.32915197047616523,0.0,0.0,1
3.9050000000000002,CN,0.18469676175730806,0.26316609333151153,0.0,0.0,0.0,0.328909680469801,0.6578193609396021,0.32891380010169874,0.0,0.0,1
3.91,CN,0.1845665785727277,0.26368544940231764,0.0,0.0,0.0,0.32867162763388835,0.6573432552677767,0.32867574428414664,0.0,0.0,1
3.915,CN,0.1844364306838072,0.26420466466373066,0.0,0.0,0.0,0.3284336895442084,0.6568673790884167,0.32843780321426447,0.0,0.0,1
3.92,CN,0.1843063183434685,0.26472373810673727,0.0,0.0,0.0,0.32819637262892964,0.6563927452578593,0.3282004833265639,0.0,0.0,1
3.9250000000000003,CN,0.18417624180326175,0.26524266872779706,0.0,0.0,0.0,0.3279592402674564,0.6559184805349128,0.3279633479949803,0.0,0.0,1
3.93,CN,0.18404620131337115,0.26576145552881897,0.0,0.0,0.0,0.3277222203521657,0.6554444407043314,0.32772632511098765,0.0,0.0,1
3.935,CN,0.1839161971226205,0.266280097517139,0.0,0.0,0.0,0.3274853130802967,0.6549706261605934,0.32748941487182764,0.0,0.0,1
3.94,CN,0.183786229478479,0.26679859370549724,0.0,0.0,0.0,0.32724851864746446,0.6544970372949288,0.32725261747311757,0.0,0.0,1
3.9450000000000003,CN,0.1836562986270669,0.26731694311201554,0.0,0.0,0.0,0.3270118372476705,0.654023674495341,0.32701593310886173,0.0,0.0,1
3.95,CN,0.18352640481316118,0.2678351447601742,0.0,0.0,0.0,0.3267752690733161,0.6535505381466322,0.32677936197146346,0.0,0.0,1
3.955,CN,0.183396548280201,0.26835319767879123,0.0,0.0,0.0,0.3265388143152106,0.6530776286304212,0.3265429042517347,0.0,0.0,1
3.96,CN,0.18326672927029358,0.26887110090199773,0.0,0.0,0.0,0.3263027835402819,0.6526055670805639,0.32630687052049323,0.0,0.0,1
3.9650000000000003,CN,0.18313694802421968,0.26938885346921704,0.0,0.0,0.0,0.3260671143695638,0.6521342287391276,0.32607119839799137,0.0,0.0,1
3.97,CN,0.18300720478143911,0.2699064544251421,0.0,0.0,0.0,0.32583155640657213,0.6516631128131443,0.32583563748460886,0.0,0.0,1
3.975,CN,0.18287749978009643,0.270423902819713,0.0,0.0,0.0,0.3255961098483005,0.6511922196966009,0.32560018797734175,0.0,0.0,1
3.98,CN,0.18274783325702637,0.2709411977080954,0.0,0.0,0.0,0.32536077489015164,0.6507215497803033,0.32536485007159527,0.0,0.0,1
3.985,CN,0.1826182054477593,0.2714583381506584,0.0,0.0,0.0,0.325125551725948,0.650251103451896,0.3251296239611942,0.0,0.0,1
3.99,CN,0.182488616586527,0.2719753232129519,0.0,0.0,0.0,0.32489044054794,0.6497808810958801,0.3248945098383915,0.0,0.0,1
3.995,CN,0.18235906690626785,0.27249215196568577,0.0,0.0,0.0,0.3246554415468198,0.6493108830936396,0.32465950789388154,0.0,0.0,1
4.0,CN,0.1822295566386324,0.2730088234847073,0.0,0.0,0.0,0.32442055964499605,0.6488411192899921,0.3244246230501347,0.0,0.0,1
4.005,CN,0.18210008601398875,0.27352533685098035,0.0,0.0,0.0,0.3241863268795273,0.6483726537590546,0.3241903873508734,0.0,0.0,1
4.01,CN,0.1819706552614283,0.27404169115056176,0.0,0.0,0.0,0.32395220417047826,0.6479044083409565,0.3239562617094103,0.0,0.0,1
4.015,CN,0.18184126460877065,0.2745578854745825,0.0,0.0,0.0,0.3237181917144295,0.647436383428859,0.3237222463223284,0.0,0.0,1
4.0200000000000005,CN,0.18171191428256941,0.27507391891922367,0.0,0.0,0.0,0.32348428970640264,0.6469685794128053,0.3234883413846517,0.0,0.0,1
4.025,CN,0.18158260450811733,0.2755897905856969,0.0,0.0,0.0,0.32325049833986635,0.6465009966797327,0.32325454708985146,0.0,0.0,1
4.03,CN,0.1814533355094517,0.2761054995802221,0.0,0.0,0.0,0.32301681780675123,0.6460336356135025,0.32302086362986054,0.0,0.0,1
4.035,CN,0.1813241075093597,0.2766210450140065,0.0,0.0,0.0,0.3227832482974544,0.6455664965949088,0.32278729119507854,0.0,0.0,1
4.04,CN,0.1811949207293838,0.2771364260032229,0.0,0.0,0.0,0.32254979000085704,0.6450995800017141,0.3225538299743889,0.0,0.0,1
4.045,CN,0.18106577538982688,0.27765164166898976,0.0,0.0,0.0,0.32231656117711416,0.6446331223542283,0.322320598229428,0.0,0.0,1
4.05,CN,0.18093667170975766,0.27816669113734843,0.0,0.0,0.0,0.32208384830183057,0.6441676966036611,0.32208788243938863,0.0,0.0,1
4.055,CN,0.18080760990701583,0.27868157353924405,0.0,0.0,0.0,0.3218512446105911,0.6437024892211822,0.321855275834761,0.0,0.0,1
4.0600000000000005,CN,0.18067859019821753,0.2791962880105026,0.0,0.0,0.0,0.3216187502978657,0.6432375005957314,0.3216227786100173,0.0,0.0,1
4.065,CN,0.18054961279876014,0.27971083369181243,0.0,0.0,0.0,0.32138636555660377,0.6427727311132075,0.32139039095810956,0.0,0.0,1
4.07,CN,0.1804206779228279,0.2802252097287015,0.0,0.0,0.0,0.3211540905782415,0.642308181156483,0.32115811307047626,0.0,0.0,1
4.075,CN,0.1802917857833969,0.28073941527151763,0.0,0.0,0.0,0.3209219255527144,0.6418438511054289,0.3209259451370553,0.0,0.0,1
4.08,CN,0.18016293659224028,0.2812534494754078,0.0,0.0,0.0,0.32068987066846455,0.6413797413369291,0.32069388734629106,0.0,0.0,1
4.085,CN,0.18003413055993336,0.2817673115002975,0.0,0.0,0.0,0.32045792611245183,0.6409158522249037,0.3204619398851459,0.0,0.0,1
4.09,CN,0.1799053678958588,0.2822810005108703,0.0,0.0,0.0,0.3202261871295997,0.6404523742591994,0.3202301979997361,0.0,0.0,1
4.095,CN,0.17977664880821165,0.28279451567654745,0.0,0.0,0.0,0.31999496808847283,0.6399899361769457,0.31999897606256394,0.0,0.0,1
4.1,CN,0.17964797350400458,0.28330785617146764,0.0,0.0,0.0,0.31976385743485075,0.6395277148697015,0.3197678625142541,0.0,0.0,1
4.105,CN,0.17951934218907273,0.2838210211744669,0.0,0.0,0.0,0.31953285536099385,0.6390657107219877,0.31953685754706945,0.0,0.0,1
4.11,CN,0.17939075506807886,0.28433400986905843,0.0,0.0,0.0,0.31930196205768124,0.6386039241153625,0.3193059613517914,0.0,0.0,1
4.115,CN,0.1792622123445186,0.28484682144341167,0.0,0.0,0.0,0.31907117771421495,0.6381423554284299,0.31907517411772446,0.0,0.0,1
4.12,CN,0.17913371422072524,0.28535945509033317,0.0,0.0,0.0,0.3188405025184312,0.6376810050368624,0.31884449603270715,0.0,0.0,1
4.125,CN,0.17900526089787455,0.28587191000724715,0.0,0.0,0.0,0.3186099366567113,0.6372198733134226,0.31861392728312304,0.0,0.0,1
4.13,CN,0.17887685257599026,0.28638418539617394,0.0,0.0,0.0,0.3183794803139881,0.6367589606279762,0.31838346805390744,0.0,0.0,1
4.135,CN,0.17874848945394858,0.2868962804637118,0.0,0.0,0.0,0.31814913367375713,0.6362982673475144,0.31815311852855815,0.0,0.0,1
4.14,CN,0.17862017172948347,0.28740819442101595,0.0,0.0,0.0,0.3179193249560615,0.6358386499121231,0.31792330693248166,0.0,0.0,1
4.1450000000000005,CN,0.17849189959919126,0.2879199264837799,0.0,0.0,0.0,0.31768968275680487,0.6353793655136097,0.3176936618569298,0.0,0.0,1
4.15,CN,0.17836367325853572,0.28843147587221574,0.0,0.0,0.0,0.31746014840992975,0.6349202968198595,0.31746412463511037,0.0,0.0,1
4.155,CN,0.1782354929018531,0.28894284181103347,0.0,0.0,0.0,0.3172307221039418,0.6344614442078836,0.31723469545553135,0.0,0.0,1
4.16,CN,0.1781073587223566,0.2894540235294234,0.0,0.0,0.0,0.31700140402590793,0.6340028080518159,0.3170053745052619,0.0,0.0,1
4.165,CN,0.17797927091214177,0.2899650202610349,0.0,0.0,0.0,0.31677219436146176,0.6335443887229235,0.31677616196993813,0.0,0.0,1
4.17,CN,0.17785122966219077,0.29047583124395876,0.0,0.0,0.0,0.31654309329481634,0.6330861865896327,0.31654705803377525,0.0,0.0,1
4.175,CN,0.17772323516237765,0.2909864557207068,0.0,0.0,0.0,0.31631410100877083,0.6326282020175416,0.31631806287957476,0.0,0.0,1
4.18,CN,0.17759528760147286,0.29149689293819336,0.0,0.0,0.0,0.3160852176847204,0.6321704353694408,0.3160891766887342,0.0,0.0,1
4.1850000000000005,CN,0.17746738716714827,0.2920071421477156,0.0,0.0,0.0,0.31585657528321376,0.6317131505664275,0.31586053142345494,0.0,0.0,1
4.19,CN,0.17733953404598174,0.29251720260493513,0.0,0.0,0.0,0.31562837828742774,0.6312567565748555,0.31563233156947507,0.0,0.0,1
4.195,CN,0.17721172842346183,0.29302707356985913,0.0,0.0,0.0,0.315400288483756,0.630800576967512,0.31540423890895214,0.0,0.0,1
4.2,CN,0.17708397048399288,0.2935367543068204,0.0,0.0,0.0,0.31517230605833346,0.6303446121166669,0.31517625362802326,0.0,0.0,1
4.205,CN,0.17695626041089935,0.29404624408445973,0.0,0.0,0.0,0.3149444311958885,0.6298888623917771,0.3149483759114193,0.0,0.0,1
4.21,CN,0.1768285983864306,0.29455554217570673,0.0,0.0,0.0,0.3147166640797499,0.6294333281594998,0.3147206059424711,0.0,0.0,1
4.215,CN,0.17670098459176578,0.29506464785776104,0.0,0.0,0.0,0.31448900489185844,0.6289780097837169,0.3144929439031219,0.0,0.0,1
4.22,CN,0.17657341920701813,0.2955735604120742,0.0,0.0,0.0,0.31426145381277215,0.6285229076255443,0.31426538997393194,0.0,0.0,1
4.225,CN,0.17644590241124003,0.29608227912433016,0.0,0.0,0.0,0.3140340110216777,0.6280680220433554,0.31403794433409016,0.0,0.0,1
4.23,CN,0.1763184343824272,0.2965908032844284,0.0,0.0,0.0,0.3138066766963965,0.627613353392793,0.3138106071614201,0.0,0.0,1
4.235,CN,0.17619101529752362,0.297099132186464,0.0,0.0,0.0,0.3135796185897002,0.6271592371794004,0.3135835462107947,0.0,0.0,1
4.24,CN,0.1760636453324262,0.29760726512870955,0.0,0.0,0.0,0.31335295141123726,0.6267059028224745,0.31335687619329905,0.0,0.0,1
4.245,CN,0.175936324661989,0.29811520141359776,0.0,0.0,0.0,0.31312639101129197,0.6262527820225838,0.31313031295565846,0.0,0.0,1
4.25,CN,0.17580905346002787,0.29862294034770337,0.0,0.0,0.0,0.3128999375721543,0.6257998751443086,0.31290385668016524,0.0,0.0,1
4.255,CN,0.17568183189932535,0.29913048124172337,0.0,0.0,0.0,0.3126735912747475,0.625347182549495,0.31267750754774476,0.0,0.0,1
4.26,CN,0.17555466015163476,0.2996378234104607,0.0,0.0,0.0,0.31244735229863596,0.6248947045972719,0.31245126573796383,0.0,0.0,1
4.265,CN,0.17542753838768493,0.3001449661728055,0.0,0.0,0.0,0.3122212208220338,0.6244424416440676,0.3122251314290387,0.0,0.0,1
4.2700000000000005,CN,0.17530046677718464,0.30065190885171733,0.0,0.0,0.0,0.31199519702181244,0.6239903940436249,0.31199910479784304,0.0,0.0,1
4.275,CN,0.17517344548882702,0.3011586507742075,0.0,0.0,0.0,0.311769281073511,0.623538562147022,0.3117731860199181,0.0,0.0,1
4.28,CN,0.17504647469029413,0.301665191271321,0.0,0.0,0.0,0.31154347315133907,0.6230869463026781,0.3115473752694758,0.0,0.0,1
4.285,CN,0.17491955454826127,0.3021715296781193,0.0,0.0,0.0,0.3113178290927877,0.6226356581855754,0.31132172838470645,0.0,0.0,1
4.29,CN,0.17479268522840158,0.30267766533366164,0.0,0.0,0.0,0.3110926700648227,0.6221853401296454,0.3110965665365985,0.0,0.0,1
4.295,CN,0.17466586689539015,0.3031835975809892,0.0,0.0,0.0,0.31086761745433017,0.6217352349086605,0.31087151110729594,0.0,0.0,1
4.3,CN,0.17453909971290874,0.30368932576710583,0.0,0.0,0.0,0.31064267143972796,0.6212853428794559,0.31064656227521875,0.0,0.0,1
4.305,CN,0.17441238384364993,0.3041948492429616,0.0,0.0,0.0,0.3104178321981044,0.620835664396209,0.31042172021745773,0.0,0.0,1
4.3100000000000005,CN,0.17428571944932153,0.30470016736343536,0.0,0.0,0.0,0.31019309990522836,0.6203861998104567,0.31019698510978355,0.0,0.0,1
4.315,CN,0.17415910669065085,0.3052052794873175,0.0,0.0,0.0,0.3099684747355539,0.6199369494711078,0.3099723571266528,0.0,0.0,1
4.32,CN,0.1740325457273892,0.30571018497729224,0.0,0.0,0.0,0.309743956862231,0.6194879137244619,0.3097478364412174,0.0,0.0,1
4.325,CN,0.17390603671831603,0.30621488319992063,0.0,0.0,0.0,0.3095195464571115,0.619039092914223,0.3095234232253316,0.0,0.0,1
4.33,CN,0.1737795798212433,0.3067193735256238,0.0,0.0,0.0,0.3092952436907587,0.6185904873815176,0.30929911764956075,0.0,0.0,1
4.335,CN,0.17365317519301962,0.3072236553286661,0.0,0.0,0.0,0.3090710487324511,0.6181420974649022,0.3090749198831852,0.0,0.0,1
4.34,CN,0.17352682298953467,0.30772772798713705,0.0,0.0,0.0,0.3088471804045521,0.6176943608091041,0.30885104875130936,0.0,0.0,1
4.345,CN,0.17340052336572337,0.30823159088293556,0.0,0.0,0.0,0.30862361527276083,0.6172472305455217,0.30862748081933894,0.0,0.0,1
4.3500000000000005,CN,0.17327427647556998,0.30873524340175285,0.0,0.0,0.0,0.30840015642044016,0.6168003128408803,0.30840401916817023,0.0,0.0,1
4.355,CN,0.17314808247211252,0.30923868493305523,0.0,0.0,0.0,0.3081768040208138,0.6163536080416276,0.30818066397102917,0.0,0.0,1
4.36,CN,0.17302194150744682,0.30974191487006786,0.0,0.0,0.0,0.3079535582458211,0.6159071164916422,0.30795741539985727,0.0,0.0,1
4.365,CN,0.17289585373273075,0.3102449326097576,0.0,0.0,0.0,0.3077304192661229,0.6154608385322458,0.3077342736253174,0.0,0.0,1
4.37,CN,0.1727698192981883,0.31074773755281715,0.0,0.0,0.0,0.3075073872511107,0.6150147745022214,0.30751123881680337,0.0,0.0,1
4.375,CN,0.1726438383531137,0.31125032910364836,0.0,0.0,0.0,0.30728446236891416,0.6145689247378283,0.3072883111424468,0.0,0.0,1
4.38,CN,0.17251791104587577,0.3117527066703449,0.0,0.0,0.0,0.30706164478640546,0.6141232895728109,0.3070654907691221,0.0,0.0,1
4.385,CN,0.1723920375239218,0.31225486966467686,0.0,0.0,0.0,0.30683893466921147,0.6136778693384229,0.30684277786245806,0.0,0.0,1
4.39,CN,0.17226621793378155,0.31275681750207474,0.0,0.0,0.0,0.30661633218171613,0.6132326643634323,0.3066201725868407,0.0,0.0,1
4.3950000000000005,CN,0.17214045242107162,0.3132585496016119,0.0,0.0,0.0,0.306394051282198,0.612788102564396,0.30639788890322855,0.0,0.0,1
4.4,CN,0.17201474113049933,0.31376006538598955,0.0,0.0,0.0,0.30617206055825685,0.6123441211165137,0.30617589539882784,0.0,0.0,1
4.405,CN,0.17188908420586674,0.31426136428151996,0.0,0.0,0.0,0.30595017601131164,0.6119003520226233,0.3059540080727529,0.0,0.0,1
4.41,CN,0.17176348179007478,0.3147624457181106,0.0,0.0,0.0,0.3057283978094414,0.6114567956188828,0.30573222709308495,0.0,0.0,1
4.415,CN,0.1716379340251272,0.3152633091292481,0.0,0.0,0.0,0.30550672611947766,0.6110134522389552,0.30551055262665755,0.0,0.0,1
4.42,CN,0.17151244105213453,0.31576395395198265,0.0,0.0,0.0,0.3052851611070205,0.610570322214041,0.30528898483907296,0.0,0.0,1
4.425,CN,0.17138700301131815,0.3162643796269115,0.0,0.0,0.0,0.3050637029364356,0.6101274058728712,0.30506752389469877,0.0,0.0,1
4.43,CN,0.1712616200420141,0.316764585598164,0.0,0.0,0.0,0.304842351770871,0.609684703541742,0.3048461699566852,0.0,0.0,1
4.4350000000000005,CN,0.17113629228267727,0.31726457131338465,0.0,0.0,0.0,0.30462110777225604,0.6092422155445121,0.3046249231869635,0.0,0.0,1
4.44,CN,0.17101101987088504,0.31776433622371875,0.0,0.0,0.0,0.30439997110131456,0.6087999422026291,0.30440378374625954,0.0,0.0,1
4.445,CN,0.1708858029433415,0.3182638797837958,0.0,0.0,0.0,0.30417894191756606,0.6083578838351321,0.3041827517940949,0.0,0.0,1
4.45,CN,0.17076064163588103,0.3187632014517144,0.0,0.0,0.0,0.30395807023324783,0.6079161404664957,0.3039618773433332,0.0,0.0,1
4.455,CN,0.17063553608347246,0.3192623006890267,0.0,0.0,0.0,0.3037376357059014,0.6074752714118028,0.30374144005501874,0.0,0.0,1
4.46,CN,0.17051048642022276,0.3197611769607229,0.0,0.0,0.0,0.3035173072848946,0.6070346145697892,0.30352110887437295,0.0,0.0,1
4.465,CN,0.17038549277938095,0.32025982973521616,0.0,0.0,0.0,0.30329708513320064,0.6065941702664013,0.30330088396437094,0.0,0.0,1
4.47,CN,0.17026055529334197,0.3207582584843266,0.0,0.0,0.0,0.30307696941258977,0.6061539388251795,0.30308076548678514,0.0,0.0,1
4.4750000000000005,CN,0.17013567409365057,0.3212564626832663,0.0,0.0,0.0,0.30285696028363257,0.6057139205672651,0.3028607536021881,0.0,0.0,1
4.48,CN,0.1700108493110049,0.3217544418106248,0.0,0.0,0.0,0.30263705790571166,0.6052741158114233,0.3026408484699644,0.0,0.0,1
4.485,CN,0.16988608107526046,0.3222521953483534,0.0,0.0,0.0,0.3024172624370236,0.6048345248740472,0.3024210502483126,0.0,0.0,1
4.49,CN,0.16976136951543383,0.32274972278175,0.0,0.0,0.0,0.3021975740345895,0.6043951480691789,0.3022013590942557,0.0,0.0,1
4.495,CN,0.16963671475970651,0.3232470235994441,0.0,0.0,0.0,0.3019779928542584,0.6039559857085168,0.30198177516364494,0.0,0.0,1
4.5,CN,0.16951211693542856,0.32374409729338227,0.0,0.0,0.0,0.301758519050717,0.603517038101434,0.30176229861116866,0.0,0.0,1
4.505,CN,0.16938757616912242,0.3242409433588126,0.0,0.0,0.0,0.30153915277749255,0.6030783055549851,0.3015429295903562,0.0,0.0,1
4.51,CN,0.16926309258648647,0.32473756129427084,0.0,0.0,0.0,0.301319992654961,0.602639985309922,0.3013237667228187,0.0,0.0,1
4.515,CN,0.169138666312399,0.32523395060156446,0.0,0.0,0.0,0.30110120337364643,0.6022024067472928,0.30110497470114295,0.0,0.0,1
4.5200000000000005,CN,0.1690142974709216,0.3257301107857589,0.0,0.0,0.0,0.30088252031417817,0.6017650406283563,0.3008862889026441,0.0,0.0,1
4.525,CN,0.1688899861853031,0.32622604135516226,0.0,0.0,0.0,0.30066394363329896,0.6013278872665979,0.30066770948406657,0.0,0.0,1
4.53,CN,0.168765732577983,0.3267217418213113,0.0,0.0,0.0,0.3004454734865904,0.6008909469731808,0.3004492366009941,0.0,0.0,1
4.535,CN,0.1686415367705953,0.3272172116989564,0.0,0.0,0.0,0.300227110028481,0.600454220056962,0.30023087040785706,0.0,0.0,1
4.54,CN,0.16851739888397196,0.32771245050604725,0.0,0.0,0.0,0.30000885341225236,0.6000177068245047,0.30001261105793897,0.0,0.0,1
4.545,CN,0.1683933190381467,0.32820745776371857,0.0,0.0,0.0,0.29979070379004447,0.5995814075800889,0.2997944587033817,0.0,0.0,1
4.55,CN,0.16826929735235838,0.32870223299627566,0.0,0.0,0.0,0.29957266131286325,0.5991453226257265,0.2995764134951932,0.0,0.0,1
4.555,CN,0.16814533394505476,0.3291967757311801,0.0,0.0,0.0,0.2993547261305859,0.5987094522611718,0.2993584755832524,0.0,0.0,1
4.5600000000000005,CN,0.16802142893389602,0.3296910854990356,0.0,0.0,0.0,0.2991368983919681,0.5982737967839362,0.29914064511631694,0.0,0.0,1
4.565,CN,0.1678975824357583,0.33018516183357316,0.0,0.0,0.0,0.2989191782446494,0.5978383564892988,0.29892292224202816,0.0,0.0,1
4.57,CN,0.16777379456673716,0.3306790042716386,0.0,0.0,0.0,0.2987015658351591,0.5974031316703182,0.2987053071069172,0.0,0.0,1
4.575,CN,0.16765006544215133,0.3311726123531763,0.0,0.0,0.0,0.2984843784456226,0.5969687568912452,0.29848811699708344,0.0,0.0,1
4.58,CN,0.167526395176546,0.33166598562121685,0.0,0.0,0.0,0.29826732498452413,0.5965346499690483,0.2982710608173652,0.0,0.0,1
4.585,CN,0.16740278388369648,0.3321591236218621,0.0,0.0,0.0,0.29805037802506823,0.5961007560501365,0.29805411114062347,0.0,0.0,1
4.59,CN,0.16727923167661143,0.3326520259042725,0.0,0.0,0.0,0.29783353771676335,0.5956670754335267,0.29783726811636857,0.0,0.0,1
4.595,CN,0.16715573866753672,0.3331446920206516,0.0,0.0,0.0,0.2976168042080052,0.5952336084160104,0.29762053189299803,0.0,0.0,1
4.6000000000000005,CN,0.1670323049679585,0.33363712152623365,0.0,0.0,0.0,0.297400177646084,0.594800355292168,0.2974039026178041,0.0,0.0,1
4.605,CN,0.1669089306886069,0.3341293139792692,0.0,0.0,0.0,0.29718365817718867,0.5943673163543775,0.29718738043697734,0.0,0.0,1
4.61,CN,0.1667856159394593,0.33462126894101174,0.0,0.0,0.0,0.2969672459464159,0.5939344918928318,0.2969709654956162,0.0,0.0,1
4.615,CN,0.16666236082974384,0.33511298597570355,0.0,0.0,0.0,0.29675094109777156,0.5935018821955431,0.29675465793772854,0.0,0.0,1
4.62,CN,0.1665391654679429,0.33560446465056254,0.0,0.0,0.0,0.2965347437741824,0.5930694875483649,0.2965384579062429,0.0,0.0,1
4.625,CN,0.16641602996179616,0.3360957045357692,0.0,0.0,0.0,0.2963186541174962,0.5926373082349924,0.2963223655430086,0.0,0.0,1
4.63,CN,0.16629295441830436,0.33658670520445216,0.0,0.0,0.0,0.2961026722684904,0.5922053445369808,0.2961063809888051,0.0,0.0,1
4.635,CN,0.16616993894373236,0.33707746623267565,0.0,0.0,0.0,0.2958868091978002,0.5917736183956004,0.2958905152144049,0.0,0.0,1
4.64,CN,0.16604698364361276,0.33756798719942527,0.0,0.0,0.0,0.29567137066407423,0.5913427413281485,0.2956750739822863,0.0,0.0,1
4.6450000000000005,CN,0.16592408862274888,0.338058267686596,0.0,0.0,0.0,0.29545603876578896,0.5909120775315779,0.29545973938694403,0.0,0.0,1
4.65,CN,0.16580125398521844,0.33854830727897767,0.0,0.0,0.0,0.295240813646486,0.590481627292972,0.29524451157192155,0.0,0.0,1
4.655,CN,0.1656784798343766,0.33903810556424246,0.0,0.0,0.0,0.2950256954486345,0.590051390897269,0.29502939067968964,0.0,0.0,1
4.66,CN,0.16555576627285945,0.33952766213293156,0.0,0.0,0.0,0.2948106843136358,0.5896213686272715,0.2948143768516515,0.0,0.0,1
4.665,CN,0.16543311340258696,0.3400169765784427,0.0,0.0,0.0,0.2945957803818306,0.5891915607636613,0.2945994702281497,0.0,0.0,1
4.67,CN,0.16531052132476667,0.34050604849701605,0.0,0.0,0.0,0.2943809837925039,0.5887619675850078,0.29438467094847076,0.0,0.0,1
4.675,CN,0.16518799013989666,0.34099487748772206,0.0,0.0,0.0,0.29416629468389094,0.5883325893677819,0.2941699791508518,0.0,0.0,1
4.68,CN,0.16506551994776889,0.34148346315244815,0.0,0.0,0.0,0.2939517131931817,0.5879034263863634,0.2939553949724845,0.0,0.0,1
4.6850000000000005,CN,0.1649431108474723,0.34197180509588637,0.0,0.0,0.0,0.2937372394565289,0.5874744789130579,0.29374091854952333,0.0,0.0,1
4.69,CN,0.16482076293739614,0.3424599029255202,0.0,0.0,0.0,0.29352287360904916,0.5870457472180983,0.29352655001708644,0.0,0.0,1
4.695,CN,0.16469847631523316,0.3429477562516118,0.0,0.0,0.0,0.29330861578483475,0.5866172315696695,0.2933122895092679,0.0,0.0,1
4.7,CN,0.1645762510779828,0.34343536468718905,0.0,0.0,0.0,0.29309446611695367,0.5861889322339073,0.2930981371591374,0.0,0.0,1
4.705,CN,0.16445408732195416,0.343922727848034,0.0,0.0,0.0,0.2928805987570824,0.5857611975141648,0.29288426712055265,0.0,0.0,1
4.71,CN,0.16433198514276953,0.3444098453526688,0.0,0.0,0.0,0.2926669751819139,0.585333950363828,0.29267064086972416,0.0,0.0,1
4.715,CN,0.16420994463536714,0.3448967168223444,0.0,0.0,0.0,0.2924534586581705,0.584906917316341,0.2924571216716615,0.0,0.0,1
4.72,CN,0.16408796589400465,0.345383341881027,0.0,0.0,0.0,0.2922400493214661,0.5844800986429323,0.29224370966198043,0.0,0.0,1
4.7250000000000005,CN,0.1639660490122618,0.3458697201553871,0.0,0.0,0.0,0.29202674730638956,0.584053494612779,0.2920304049752713,0.0,0.0,1
4.73,CN,0.16384419408304407,0.34635585127478535,0.0,0.0,0.0,0.2918135527465112,0.5836271054930224,0.29181720774510644,0.0,0.0,1
4.735,CN,0.16372240119858542,0.34684173487126124,0.0,0.0,0.0,0.29160046577438825,0.5832009315487765,0.2916041181040444,0.0,0.0,1
4.74,CN,0.16360067045045135,0.34732737057952107,0.0,0.0,0.0,0.2913874865215686,0.5827749730431372,0.29139113618363494,0.0,0.0,1
4.745,CN,0.16347900192954218,0.3478127580369248,0.0,0.0,0.0,0.2911746151185982,0.5823492302371964,0.29117826211442555,0.0,0.0,1
4.75,CN,0.16335739572609592,0.3482978968834746,0.0,0.0,0.0,0.29096185169502503,0.5819237033900501,0.2909654960259658,0.0,0.0,1
4.755,CN,0.1632358519296914,0.3487827867618026,0.0,0.0,0.0,0.2907491963794053,0.5814983927588105,0.2907528380468135,0.0,0.0,1
4.76,CN,0.16311437062925124,0.3492674273171584,0.0,0.0,0.0,0.29053664929930684,0.5810732985986137,0.29054028830453826,0.0,0.0,1
4.765,CN,0.16299295191304491,0.34975181819739776,0.0,0.0,0.0,0.2903242105813175,0.580648421162635,0.2903278469257294,0.0,0.0,1
4.7700000000000005,CN,0.16287159586869177,0.3502359590529698,0.0,0.0,0.0,0.29011188035104646,0.5802237607020929,0.29011551403599756,0.0,0.0,1
4.775,CN,0.1627503025831639,0.35071984953690577,0.0,0.0,0.0,0.2898997896082189,0.5797995792164378,0.2899034206367088,0.0,0.0,1
4.78,CN,0.1626290721427892,0.35120348930480705,0.0,0.0,0.0,0.28968796936285574,0.5793759387257115,0.2896915977382725,0.0,0.0,1
4.785,CN,0.16250790463325449,0.3516868780148326,0.0,0.0,0.0,0.2894762565630938,0.5789525131261875,0.2894798822867831,0.0,0.0,1
4.79,CN,0.16238680013960813,0.3521700153276882,0.0,0.0,0.0,0.28926465133688145,0.5785293026737629,0.2892682744101909,0.0,0.0,1
4.795,CN,0.16226575874626312,0.35265290090661455,0.0,0.0,0.0,0.2890531538111905,0.5781063076223809,0.2890567742354688,0.0,0.0,1
4.8,CN,0.16214478053700015,0.35313553441737483,0.0,0.0,0.0,0.28884176411201745,0.5776835282240349,0.2888453818886153,0.0,0.0,1
4.805,CN,0.1620238655949704,0.35361791552824373,0.0,0.0,0.0,0.2886304823643921,0.5772609647287842,0.28863409749466157,0.0,0.0,1
4.8100000000000005,CN,0.1619030140026984,0.3541000439099957,0.0,0.0,0.0,0.2884193086923787,0.5768386173847574,0.28842292117767343,0.0,0.0,1
4.815,CN,0.16178222584208501,0.3545819192358935,0.0,0.0,0.0,0.28820824321908434,0.5764164864381687,0.2882118530607595,0.0,0.0,1
4.82,CN,0.1616615011944102,0.3550635411816767,0.0,0.0,0.0,0.28799728606666264,0.5759945721333253,0.28800089326607503,0.0,0.0,1
4.825,CN,0.16154084014033604,0.35554490942555,0.0,0.0,0.0,0.2877864373563188,0.5755728747126376,0.28779004191482666,0.0,0.0,1
4.83,CN,0.16142024275990938,0.3560260236481725,0.0,0.0,0.0,0.2875756972083137,0.5751513944166273,0.2875792991272767,0.0,0.0,1
4.835,CN,0.161299709132565,0.3565068835326451,0.0,0.0,0.0,0.2873650657419712,0.5747301314839424,0.28736866502275066,0.0,0.0,1
4.84,CN,0.16117923933712802,0.35698748876450087,0.0,0.0,0.0,0.2871545430756795,0.574309086151359,0.2871581397196382,0.0,0.0,1
4.845,CN,0.16105883345181707,0.3574678390316925,0.0,0.0,0.0,0.2869441293268996,0.5738882586537992,0.2869477233354017,0.0,0.0,1
4.8500000000000005,CN,0.160938491554247,0.35794793402458125,0.0,0.0,0.0,0.2867339973913837,0.5734679947827674,0.28673758876795896,0.0,0.0,1
4.855,CN,0.16081821372143146,0.358427773435927,0.0,0.0,0.0,0.2865240774630717,0.5730481549261434,0.28652766621037545,0.0,0.0,1
4.86,CN,0.16069800002978607,0.35890735696087533,0.0,0.0,0.0,0.28631426547174404,0.5726285309434881,0.28631785159112827,0.0,0.0,1
4.865,CN,0.16057785055513082,0.3593866842969481,0.0,0.0,0.0,0.28610456153700053,0.5722091230740011,0.2861081450298187,0.0,0.0,1
4.87,CN,0.1604577653726931,0.3598657551440312,0.0,0.0,0.0,0.2858949657775103,0.5717899315550206,0.2858985466451172,0.0,0.0,1
4.875,CN,0.16033774455711022,0.36034456920436475,0.0,0.0,0.0,0.28568547831101737,0.5713709566220347,0.2856890565547695,0.0,0.0,1
4.88,CN,0.16021778818243246,0.36082312618253065,0.0,0.0,0.0,0.2854760992543441,0.5709521985086883,0.2854796748755993,0.0,0.0,1
4.885,CN,0.1600978963221254,0.36130142578544344,0.0,0.0,0.0,0.2852668287233958,0.5705336574467916,0.2852704017235133,0.0,0.0,1
4.89,CN,0.15997806904907294,0.3617794677223383,0.0,0.0,0.0,0.2850576668331677,0.5701153336663354,0.28506123721350823,0.0,0.0,1
4.8950000000000005,CN,0.15985830643557986,0.3622572517047608,0.0,0.0,0.0,0.2848486136977467,0.5696972273954934,0.2848521814596725,0.0,0.0,1
4.9,CN,0.15973860855337454,0.36273477744655575,0.0,0.0,0.0,0.2846396694303184,0.5692793388606368,0.28464323457519297,0.0,0.0,1
4.905,CN,0.15961897547361162,0.3632120446638572,0.0,0.0,0.0,0.28443083414316994,0.5688616682863399,0.2844343966723583,0.0,0.0,1
4.91,CN,0.15949940726687484,0.36368905307507654,0.0,0.0,0.0,0.2842221079476962,0.5684442158953924,0.28422566786256476,0.0,0.0,1
4.915,CN,0.15937990400317925,0.3641658024008939,0.0,0.0,0.0,0.28401349095440254,0.5680269819088051,0.28401704825631907,0.0,0.0,1
4.92,CN,0.15926046575197444,0.36464229236424545,0.0,0.0,0.0,0.28380498327291215,0.5676099665458243,0.2838085379632458,0.0,0.0,1
4.925,CN,0.15914109258214681,0.36511852269031403,0.0,0.0,0.0,0.2835965908093499,0.5671931816186998,0.28360014288954377,0.0,0.0,1
4.93,CN,0.1590217845620221,0.36559449310651926,0.0,0.0,0.0,0.2833885618886981,0.5667771237773962,0.2833921113633056,0.0,0.0,1
4.9350000000000005,CN,0.15890254175936833,0.36607020334250556,0.0,0.0,0.0,0.28318064135644083,0.5663612827128817,0.28318418822681957,0.0,0.0,1
4.94,CN,0.15878336424139822,0.3665456531301329,0.0,0.0,0.0,0.28297282932415246,0.5659456586483049,0.2829763735916614,0.0,0.0,1
4.945,CN,0.1586642520747717,0.3670208422034665,0.0,0.0,0.0,0.2827651259025242,0.5655302518050483,0.28276866756852365,0.0,0.0,1
4.95,CN,0.15854520532559868,0.36749577029876573,0.0,0.0,0.0,0.2825575312013642,0.5651150624027284,0.28256107026721594,0.0,0.0,1
4.955,CN,0.15842622405944154,0.3679704371544745,0.0,0.0,0.0,0.2823500453296057,0.5647000906592115,0.28235358179667286,0.0,0.0,1
4.96,CN,0.1583073083413175,0.36844484251121135,0.0,0.0,0.0,0.28214266839530894,0.5642853367906178,0.2821462022649559,0.0,0.0,1
4.965,CN,0.15818845823570152,0.3689189861117584,0.0,0.0,0.0,0.2819354005056672,0.5638708010113344,0.2819389317792598,0.0,0.0,1
4.97,CN,0.15806967380652853,0.3693928677010519,0.0,0.0,0.0,0.2817282417670102,0.5634564835340204,0.28173177044591563,0.0,0.0,1
4.9750000000000005,CN,0.15795095511719612,0.36986648702617203,0.0,0.0,0.0,0.281521192284809,0.563042384569618,0.2815247183703956,0.0,0.0,1
4.98,CN,0.15783230223056696,0.3703398438363327,0.0,0.0,0.0,0.28131425216368006,0.5626285043273601,0.2813177756573177,0.0,0.0,1
4.985,CN,0.15771371520897132,0.3708129378828722,0.0,0.0,0.0,0.28110742150739065,0.5622148430147813,0.2811109424104503,0.0,0.0,1
4.99,CN,0.15759519411420975,0.37128576891924164,0.0,0.0,0.0,0.28090070041886106,0.5618014008377221,0.2809042187327151,0.0,0.0,1
4.995,CN,0.1574767390075551,0.3717583367009977,0.0,0.0,0.0,0.2806940890001711,0.5613881780003422,0.28069760472619315,0.0,0.0,1
5.0,CN,0.15735834994975556,0.37223064098579,0.0,0.0,0.0,0.28048758735256263,0.5609751747051253,0.2804911004921276,0.0,0.0,1
0.0,PINN Vanilla,0.2506683465015065,2.2606100332115683e-05,8.644437230348915e-05,0.00027039647102355957,-0.00027039647102355957,1.0001604557037354,2.0007184892892838,1.0003717742602114,0.0001729828294502988,0.00027039985777072207,1
0.005,PINN Vanilla,0.2506834439582772,8.283627408972682e-05,0.00012886110876248914,0.00030373805924466257,-0.00021836161613464355,0.9951480031013489,1.9907272309064865,0.9953760824979777,0.0,0.0002183643511392131,1
0.01,PINN Vanilla,0.2506985638973054,0.00014315613913086088,0.00020883850977246795,0.0005136143592879838,-0.0002930685877799988,0.9901975989341736,1.9808580502867699,0.9904414303818033,0.0,0.00029307225849805333,1
0.015,PINN Vanilla,0.25071368009985623,0.00020346109777527962,0.0002920035629992199,0.0007101010727944557,-0.00036863982677459717,0.9853091835975647,1.9711114913225174,0.9855680898612864,0.0,0.0003686444440311856,1
0.02,PINN Vanilla,0.25072874134039136,0.0002635467895718479,0.0003725684280095289,0.0008926457722906456,-0.0004382580518722534,0.9804893136024475,1.9614993780851364,0.9807619730461793,0.0,0.0004382635411051861,1
0.025,PINN Vanilla,0.25074374919628595,0.0003234195073407613,0.00044912550745675265,0.001061156557999654,-0.0005031228065490723,0.975749671459198,1.9520463049411774,0.976035377273781,0.0,0.0005031291082205809,1
0.03,PINN Vanilla,0.25075865217724125,0.00038287383438916447,0.0005213882114579746,0.0012148922351251645,-0.0005629956722259521,0.9710714221000671,1.942713737487793,0.9713690351013439,0.0,0.0005630027238120479,1
0.035,PINN Vanilla,0.25077344967915605,0.00044190736070048257,0.0005892587998324357,0.001355462997101653,-0.000618472695350647,0.9664546847343445,1.9335031360387802,0.9667636766949117,0.0,0.000618480441792892,1
0.04,PINN Vanilla,0.25078806566359757,0.0005002167366385681,0.0006527862043831842,0.001482547066704143,-0.0006693080067634583,0.9619049429893494,1.9244251027703285,0.9622246032089761,0.0,0.0006693163899238751,1
0.045,PINN Vanilla,0.2508024863928586,0.0005577471566488237,0.0007120683179968731,0.0015977658584608312,-0.000715993344783783,0.9574311375617981,1.915497861802578,0.9577609268177365,0.0,0.0007160023126834735,1
0.05,PINN Vanilla,0.25081670579982474,0.0006144744164321588,0.0007672299611398112,0.001700631687433507,-0.0007582679390907288,0.9530168175697327,1.9066883400082588,0.9533561107504358,0.0,0.0007582774364846164,1
0.055,PINN Vanilla,0.2508306498970236,0.0006701033485056568,0.000818330918647371,0.0017919434109500143,-0.0007962733507156372,0.948660671710968,1.897993877530098,0.9490088250617799,0.0,0.0007962833241317136,1
0.06,PINN Vanilla,0.25084431446320543,0.0007246171125094415,0.0008655540048381221,0.0018728145230932913,-0.0008310675621032715,0.9443674683570862,1.8894250392913818,0.9447243522795754,0.0,0.0008310779713208812,1
0.065,PINN Vanilla,0.2508576400839053,0.0007777786788826705,0.000908971834062933,0.0019425583703632787,-0.0008613467216491699,0.9401465058326721,1.8809989094734192,0.9405112346014675,0.0,0.000861357510116765,1
0.07,PINN Vanilla,0.2508706163365144,0.0008295464674075315,0.0009487355519927953,0.0020019517904812933,-0.0008884146809577942,0.9359816908836365,1.872685082256794,0.9363542689273298,0.0,0.0008884258084547192,1
0.075,PINN Vanilla,0.2508832028394824,0.0008797593789115174,0.0009849768852722637,0.002052408757846458,-0.000912398099899292,0.9318704009056091,1.864477425813675,0.9322503893048457,0.0,0.000912409527791321,1
0.08,PINN Vanilla,0.2508953743398905,0.0009283166687654056,0.0010178393579981424,0.0020927014369089836,-0.0009327009320259094,0.9278170466423035,1.856385238468647,0.9282042449545392,0.0,0.0009327126142132658,1
0.085,PINN Vanilla,0.2509071004835216,0.0009750972410918986,0.0010474496545490844,0.0021246270482115914,-0.000950053334236145,0.9238317608833313,1.8484290838241577,0.9242261178064147,0.0,0.0009500652337643518,2
0.09,PINN Vanilla,0.2509183488987588,0.0010199719517484077,0.001073958935462733,0.0021481514419478542,-0.0009641647338867188,0.9198974967002869,1.8405739068984985,0.9202984801500841,0.0,0.0009641768101618429,1
0.095,PINN Vanilla,0.25092906790139435,0.001062734610456636,0.001097486137200083,0.002163111584841615,-0.0009757876396179199,0.9160129427909851,1.8328183218836784,0.9164206390728731,0.0,0.0009757998614712864,2
0.1,PINN Vanilla,0.2509392635361688,0.0011034093322565312,0.0011182199463013736,0.002170342648822876,-0.0009846985340118408,0.9121808409690857,1.8251678943634033,0.9125953774014894,0.0,0.0009847108674751932,2
0.105,PINN Vanilla,0.25094891596469915,0.0011419169734040295,0.0011363002127798955,0.002198977205873536,-0.0009909793734550476,0.9084121584892273,1.817643828690052,0.9088332974449163,0.0,0.0009909917855866425,2
0.11,PINN Vanilla,0.25095797487505683,0.001178056818225906,0.0011518889326726238,0.0022711903673995866,-0.0009948834776878357,0.9046897292137146,1.8102121502161026,0.9051174116666241,0.0,0.0009948959387187889,2
0.115,PINN Vanilla,0.25096643000125174,0.0012117879113230012,0.0011651220576709973,0.002341327090052621,-0.0009962841868400574,0.901013195514679,1.8028719574213028,0.9014472693008411,0.0,0.0009962966654150551,2
0.12,PINN Vanilla,0.2509742641301305,0.0012430415821084238,0.0011761849632080895,0.0024091592845910635,-0.0009955018758773804,0.8973825573921204,1.7956237122416496,0.8978231013184587,0.0,0.0009955143446538427,4
0.125,PINN Vanilla,0.2509814421865377,0.0012716779008746367,0.0011852530456783227,0.0024748990410129314,-0.0009927302598953247,0.8938112258911133,1.7884941175580025,0.894258259327135,0.0,0.0009927426939569752,4
0.13,PINN Vanilla,0.25098797335504763,0.0012977335087938895,0.0011924706383836137,0.0025381203580609564,-0.0009875819087028503,0.8902819156646729,1.7814476266503334,0.8907349697442425,0.0,0.0009875942782808051,4
0.135,PINN Vanilla,0.2509938284710005,0.001321092055638419,0.0011980210907012881,0.002599407198805909,-0.0009806454181671143,0.8867930173873901,1.7744823098182678,0.8872522677075091,0.0,0.0009806577008647204,2
0.14,PINN Vanilla,0.2509989822740192,0.001341652767024626,0.0012020535201080148,0.0026586779946650954,-0.0009714886546134949,0.8833460807800293,1.7675995081663132,0.8838108237775872,0.0,0.0009715008226215756,2
0.145,PINN Vanilla,0.2510034520518374,0.0013594846110720937,0.0012047521182792763,0.0027160938468491526,-0.0009608566761016846,0.8799529671669006,1.760825328528881,0.8804236915351783,0.0,0.0009608687109430012,2
0.15,PINN Vanilla,0.2510071979076774,0.0013744284225723617,0.0012062789862619888,0.002771227143905174,-0.0009488090872764587,0.8765981197357178,1.7541277259588242,0.8770748483060253,0.0,0.000948820971220328,2
0.155,PINN Vanilla,0.2510102393405812,0.0013865619914939743,0.0012068035201000427,0.002824708427479119,-0.0009347423911094666,0.8732801079750061,1.7475026994943619,0.8737622935841818,0.0,0.0009347540988663347,2
0.16,PINN Vanilla,0.25101255671726214,0.0013958069923093205,0.0012064931085585418,0.0028760148395319076,-0.000919535756111145,0.8699983954429626,1.7409502416849136,0.8704860236443106,0.0,0.000919547273403146,2
0.165,PINN Vanilla,0.2510141344653355,0.0014021013001551562,0.001205475081429523,0.0029257643153640855,-0.0009026452898979187,0.8667672872543335,1.7344985008239746,0.8672601128094398,0.0,0.0009026565956348712,4
0.17,PINN Vanilla,0.2510149892758917,0.0014055115028875377,0.0012039517032427915,0.0029734587748537914,-0.0008847340941429138,0.8635704517364502,1.7281157672405243,0.8640687060454754,0.0,0.000884745175540062,4
0.17500000000000002,PINN Vanilla,0.25101510207499705,0.001405961506475371,0.0012020423904808705,0.0030195649515255187,-0.0008658766746520996,0.8604062795639038,1.7217981740832329,0.8609098699025362,0.0,0.0008658875198578815,2
0.18,PINN Vanilla,0.2510144922759261,0.001403528758724605,0.0011998978042523198,0.0030640397654506137,-0.000845596194267273,0.8572744131088257,1.7155445143580437,0.8577830008760349,0.0,0.0008456067854576857,2
0.185,PINN Vanilla,0.2510131517867068,0.0013981809773184741,0.001197653138611485,0.0031067051596489793,-0.0008244514465332031,0.854189395904541,1.7093840092420578,0.8547027097375214,0.0,0.0008244617728831979,2
0.19,PINN Vanilla,0.2510110753904413,0.001389897349833453,0.001195453749776942,0.0031485857127825324,-0.0008023753762245178,0.8511345386505127,1.7032837942242622,0.8516525640256732,0.0,0.0008023854260691714,2
0.195,PINN Vanilla,0.2510082866731766,0.0013787719710384525,0.001193411198221072,0.0031879875171335432,-0.0007796585559844971,0.8481099605560303,1.6972438767552376,0.8486325674658275,0.0,0.0007796683212983423,4
0.2,PINN Vanilla,0.25100478898357226,0.0013648182001604124,0.0011916532122296496,0.0032254528503219936,-0.0007562413811683655,0.8451138734817505,1.6912604570388794,0.8456408201361354,0.0,0.00075625085317938,2
0.20500000000000002,PINN Vanilla,0.25100057371132245,0.001348001687028588,0.0011902431598212503,0.0032621714798310945,-0.0007320195436477661,0.8421609997749329,1.685363493859768,0.8426923016165058,0.0,0.0007320287122774562,2
0.21,PINN Vanilla,0.25099568206954886,0.0013284868483072144,0.0011893251402391506,0.003297502258005576,-0.0007074028253555298,0.839235782623291,1.679521158337593,0.8397710972674534,0.0,0.000707411685657968,1
0.215,PINN Vanilla,0.2509900779240542,0.0013061295293207667,0.0011889379956148307,0.0033310244189915118,-0.000682346522808075,0.8363372087478638,1.673732154071331,0.8368765588803474,0.0,0.0006823550692774176,1
0.22,PINN Vanilla,0.2509838131790583,0.0012811367980694252,0.0011891867277400406,0.0033631544260606895,-0.0006569549441337585,0.8334645628929138,1.66799446195364,0.8340076768888722,0.0,0.0006569631725706331,1
0.225,PINN Vanilla,0.250976889113615,0.0012535137572423968,0.0011901070138249947,0.0033943016206624725,-0.000631086528301239,0.8306312561035156,1.6623350009322166,0.8311779109354577,0.0,0.0006310944327332049,1
0.23,PINN Vanilla,0.2509693128948992,0.0012232889997479688,0.0011917595526285082,0.003423965178275346,-0.0006047561764717102,0.8278237581253052,1.6567260697484016,0.8283734102172934,0.0,0.0006047637511129654,1
0.23500000000000001,PINN Vanilla,0.25096111393368636,0.0011905798576731163,0.0011941612965937981,0.0034520501751849854,-0.0005784332752227783,0.8250400424003601,1.6511646211147308,0.8255926510715633,0.0,0.0005784405201666421,1
0.24,PINN Vanilla,0.2509522849099116,0.001155357128167091,0.0011973451351872339,0.0034789620338543477,-0.0005514100193977356,0.8222805261611938,1.645650364458561,0.8228354882101263,0.0,0.0005514169258721859,1
0.245,PINN Vanilla,0.25094285874708633,0.001117752157114179,0.0012013299176378673,0.003504759476306343,-0.0005690455436706543,0.8195568323135376,1.6402073428034782,0.8201139432953461,0.0,0.0005690526710320916,1
0.25,PINN Vanilla,0.2509328438877105,0.0010777986252361261,0.001206096548214082,0.003529481141082298,-0.0005993247032165527,0.8168560862541199,1.6348087638616562,0.8174146200155215,0.0,0.0005993322098279754,1
0.255,PINN Vanilla,0.250922273740068,0.0010356298123810437,0.0012116640333339704,0.0035527914529141624,-0.0006290674209594727,0.8141782879829407,1.629455916583538,0.8147381628539458,0.0,0.0006290753001018848,1
0.26,PINN Vanilla,0.2509111497398313,0.0009912514460567912,0.001217996321255729,0.0035749199331721613,-0.0006580352783203125,0.8115217089653015,1.6241445019841194,0.8120824222911945,0.0,0.0006580435202884981,1
0.265,PINN Vanilla,0.2508995043070944,0.0009447928638015431,0.0012250745383580515,0.003595986631542626,-0.0006859302520751953,0.8088986873626709,1.6188988983631134,0.8094595876297946,0.0,0.0006859388434311627,1
0.27,PINN Vanilla,0.2508873306028358,0.000896226781851077,0.0012328650951259155,0.003615539450008173,-0.000713050365447998,0.8062973022460938,1.6136961579322815,0.806858184831915,0.0,0.000713059296486531,1
0.275,PINN Vanilla,0.2508746780850388,0.0008457505091279688,0.0012413187540592538,0.0036341804625258335,-0.0007392764091491699,0.803716242313385,1.608533188700676,0.804276667882718,0.0,0.0007392856686719422,1
0.28,PINN Vanilla,0.25086156868406606,0.0007934515351722722,0.0012504113439663225,0.003651915530769644,-0.0007643997669219971,0.8011549711227417,1.6034087017178535,0.8017143922989098,0.0,0.0007644093411177395,1
0.28500000000000003,PINN Vanilla,0.2508479933906067,0.0007392939180128986,0.0012600810154806796,0.0036685191222016415,-0.0007877647876739502,0.7986246943473816,1.5983444526791573,0.7991822360644084,0.0,0.0007877746545192876,1
0.29,PINN Vanilla,0.25083398969249204,0.0006834272125468286,0.0012702879097296136,0.003684261155155931,-0.0008105635643005371,0.7961149215698242,1.59332125633955,0.7966706064365464,0.0,0.0008105737167031961,1
0.295,PINN Vanilla,0.2508195768277328,0.0006259281673779641,0.0012809585350995831,0.0036986167313243327,-0.0008320510387420654,0.7936239242553711,1.588334545493126,0.7941772197837685,0.0,0.0008320614602778341,1
0.3,PINN Vanilla,0.25080478182426086,0.0005669046084173563,0.0012920555055494758,0.0037121436150405734,-0.000852048397064209,0.791150689125061,1.5833815187215805,0.7917006753793784,0.0,0.0008520590690692102,1
0.305,PINN Vanilla,0.250789624893361,0.0005064371670729706,0.0013035265500819936,0.0037243637884429096,-0.000871121883392334,0.7887064814567566,1.5784864649176598,0.7892531178218597,0.0,0.0008711327942949637,1
0.31,PINN Vanilla,0.25077411918355536,0.00044457829838981063,0.001315288229100299,0.003735959968109638,-0.0008883476257324219,0.7862817645072937,1.5736287906765938,0.78682425027986,0.0,0.0008883587523894725,1
0.315,PINN Vanilla,0.2507582908688305,0.00038143242152805683,0.0013273187892614887,0.0037466221283186073,-0.0009045898914337158,0.7838742733001709,1.5688045993447304,0.7844121244021504,0.0,0.0009046012215270282,1
0.32,PINN Vanilla,0.2507421652505825,0.0003171004745136243,0.0013395364387920755,0.0037562249376483312,-0.0009194910526275635,0.78148353099823,1.564013049006462,0.7820163192256543,0.0,0.0009195025693596482,1
0.325,PINN Vanilla,0.25072573654883135,0.00025155939854872847,0.0013519323976290292,0.0037650158932778094,-0.0009330511093139648,0.779120683670044,1.5592765510082245,0.7796480405639421,0.0,0.0009330627958873323,1
0.33,PINN Vanilla,0.2507090844079718,0.00018512692898512895,0.0013644039837253223,0.003773267289848765,-0.0009450018405914307,0.776775598526001,1.5545739755034447,0.7772967233614004,0.0,0.0009450136768490936,1
0.335,PINN Vanilla,0.2506921591910275,0.000117605042820904,0.0013769282787562374,0.003780255987924518,-0.0009556710720062256,0.7744468450546265,1.5499037504196167,0.774961581571931,0.0,0.0009556830418972495,1
0.34,PINN Vanilla,0.25067501895882943,4.9225369395440516e-05,0.0013894590996903504,0.0037867091802521492,-0.0009652376174926758,0.7721336483955383,1.5452635362744331,0.772641445439729,0.0,0.0009652497072057915,1
0.34500000000000003,PINN Vanilla,0.2506576799922758,1.9947139866560236e-05,0.0014019482247783015,0.0037924576171902997,-0.0009733438491821289,0.7698467969894409,1.5406750440597534,0.7703471705966906,0.0,0.0009733560404267367,1
0.35000000000000003,PINN Vanilla,0.25064017605763655,8.977777695829464e-05,0.001414370810151595,0.003797235239167078,-0.0009799301624298096,0.767576277256012,1.5361181795597076,0.7680687098090394,0.0,0.0009799424361687547,1
0.355,PINN Vanilla,0.2506225031424869,0.00016028254914832334,0.0014266906821839543,0.0038013255644723607,-0.0009848475456237793,0.7653218507766724,1.5315925553441048,0.7658058693592539,0.0,0.0009848598809535194,1
0.36,PINN Vanilla,0.2506046837850197,0.00023137154200316172,0.0014388198682544389,0.0038052138944836,-0.0009888112545013428,0.7630819082260132,1.527095191180706,0.7635571591125506,0.0,0.0009888236394769963,1
0.365,PINN Vanilla,0.2505867419329969,0.0003029492177190148,0.0014508053595975352,0.0038078518892901963,-0.0009915828704833984,0.7608664035797119,1.522646114230156,0.7613325927746731,0.0,0.0009915952901738635,1
0.37,PINN Vanilla,0.250568698916409,0.0003749304818953263,0.0014625553788483302,0.0038102076752836965,-0.0009931325912475586,0.7586669921875,1.518228605389595,0.7591238106894874,0.0,0.0009931450303484561,1
0.375,PINN Vanilla,0.2505505916562763,0.0004471680408849017,0.0014740799734926221,0.0038123514816978815,-0.0009934008121490479,0.7564824819564819,1.513839989900589,0.7569294754610254,0.0,0.0009934132546094432,1
0.38,PINN Vanilla,0.2505323880755746,0.0005197898635750901,0.001485340856195239,0.0038134609677968733,-0.0009926557540893555,0.7543120980262756,1.5094788521528244,0.754748879275265,0.0,0.0009926681872178122,1
0.385,PINN Vanilla,0.2505141481145605,0.0005925568227984646,0.001496320138458128,0.0038143836952005076,-0.0009903907775878906,0.7521641254425049,1.5051618665456772,0.7525903594363187,0.0,0.000990403182347254,1
0.39,PINN Vanilla,0.25049588452648,0.0006654180404350595,0.0015070098126514402,0.003814910285690939,-0.000987321138381958,0.7500326037406921,1.5008776932954788,0.7504482459813361,0.0,0.0009873335046937342,1
0.395,PINN Vanilla,0.2504775975350742,0.0007383726238859136,0.001517383199116854,0.0038150558936389956,-0.0009826719760894775,0.7479143738746643,1.4966186583042145,0.7483187018132502,0.0,0.0009826842841699568,1
0.4,PINN Vanilla,0.2504592985101231,0.0008113752142651508,0.0015274183446705608,0.003815097431536768,-0.0009775161743164062,0.7458103895187378,1.4923882111907005,0.7462034517630729,0.0,0.0009775284178198704,1
0.405,PINN Vanilla,0.25044102043853145,0.0008842942127852537,0.0015371219119863638,0.003814565194568121,-0.0009712278842926025,0.7437269687652588,1.4881987199187279,0.7441086798901545,0.0,0.0009712400490345047,1
0.41000000000000003,PINN Vanilla,0.25042277787093287,0.0009570715707824059,0.001546457092367869,0.0038143341442639367,-0.000963747501373291,0.7416597604751587,1.4840409457683563,0.742029766776667,0.0,0.0009637595724225295,1
0.41500000000000004,PINN Vanilla,0.25040458235237095,0.0010296612301693485,0.0015554388489784233,0.0038137438839161205,-0.0009559988975524902,0.7396054267883301,1.4799087792634964,0.7399636576463047,0.0,0.0009560108715495671,1
0.42,PINN Vanilla,0.2503864366945263,0.001102051973956737,0.0015640773668077503,0.003812842789351529,-0.0009468495845794678,0.737564206123352,1.4758026376366615,0.7379105611179372,0.0,0.0009468614439803384,1
0.425,PINN Vanilla,0.25036836868978,0.001174132926520551,0.00157233808385257,0.003812512441507305,-0.0009374022483825684,0.735542893409729,1.4717362523078918,0.7358773429875783,0.0,0.0009374139894544574,1
0.43,PINN Vanilla,0.2503503913225772,0.0012458522873888156,0.0015802201433514212,0.0038116400834643013,-0.000927269458770752,0.7335371971130371,1.467700906097889,0.7338596446109872,0.0,0.0009272810729282758,1
0.435,PINN Vanilla,0.25033250766190085,0.0013171978130835143,0.0015877497056129843,0.0038113525668279184,-0.0009160935878753662,0.7315438985824585,1.4636896774172783,0.7318540051501297,0.0,0.0009161050620538108,1
0.44,PINN Vanilla,0.2503147262472052,0.0013881354360912878,0.0015949052111601458,0.0038107258459173614,-0.0009045302867889404,0.7295627593994141,1.459703341126442,0.7298608120400493,0.0,0.0009045416161356977,1
0.445,PINN Vanilla,0.25029707734321094,0.0014585444175740693,0.0016016956478009756,0.0038107439798712034,-0.00089225172996521,0.7276010513305664,1.4557553976774216,0.7278868155913143,0.0,0.0008922629055216188,1
0.45,PINN Vanilla,0.25027955428243165,0.0015284513569700038,0.001608115604959868,0.0038107824332926817,-0.0008794665336608887,0.7256540656089783,1.451836995780468,0.7259275901036184,0.0,0.0008794775490812309,1
0.455,PINN Vanilla,0.25026216696168446,0.0015978167716678632,0.0016141840493927345,0.0038115724373156377,-0.0008661448955535889,0.7237191796302795,1.4479428604245186,0.7239804980383951,0.0,0.0008661557441188687,1
0.46,PINN Vanilla,0.25024493214664034,0.0016665737762782355,0.001619915015336829,0.0038128037993163874,-0.0008526444435119629,0.7217959761619568,1.4440723955631256,0.722045241368688,0.0,0.0008526551229825149,1
0.465,PINN Vanilla,0.2502278639218053,0.0017346661817186208,0.0016252651813346778,0.0038144346956167988,-0.0008384585380554199,0.7198914885520935,1.440239630639553,0.7201288349039892,0.0,0.0008384690398458608,1
0.47000000000000003,PINN Vanilla,0.25021095822254813,0.0018021102035309068,0.001630316818689293,0.0038161461527196627,-0.000823974609375,0.7180011868476868,1.4364348351955414,0.7182264133542312,0.0,0.0008239849297525541,1
0.47500000000000003,PINN Vanilla,0.2501942275746448,0.0018688558710693946,0.0016350360739222623,0.0038192875476521747,-0.0008092820644378662,0.7161219120025635,1.4326527267694473,0.7163353354555108,0.0,0.0008092922007895909,1
0.48,PINN Vanilla,0.25017768422792386,0.001934854314560231,0.001639398647886789,0.0038225153653633666,-0.0007943511009216309,0.7142547965049744,1.4288952946662903,0.7144565958727958,0.0,0.0007943610502613056,1
0.485,PINN Vanilla,0.2501613292265106,0.0020001013685435162,0.0016434641269318722,0.0038268256437033986,-0.0007790327072143555,0.7124047875404358,1.4251721799373627,0.7125950151921101,0.0,0.0007790424646893722,1
0.49,PINN Vanilla,0.2501451509284066,0.002064643477900338,0.0016472504539986655,0.0038317030093225693,-0.0007638931274414062,0.7105691432952881,1.4214782118797302,0.7107480080296047,0.0,0.0007639026952914303,1
0.495,PINN Vanilla,0.25012917674563306,0.0021283712844242892,0.0016507343984862542,0.003836902532224677,-0.0007485449314117432,0.7087445855140686,1.417807050049305,0.7089124041235282,0.0,0.0007485543070238318,1
0.5,PINN Vanilla,0.250113417682526,0.0021912408871403474,0.0016539219806067497,0.0038434910565553516,-0.00073280930519104,0.7069306373596191,1.414157211780548,0.7070874621318259,0.0,0.0007328184837125852,1
0.505,PINN Vanilla,0.25009784768815635,0.0022533562142799733,0.001656857085828822,0.003850711639416478,-0.000716865062713623,0.7051336169242859,1.4105414971709251,0.705279582183392,0.0,0.0007168740415316818,1
0.51,PINN Vanilla,0.2500825085722887,0.002314550468916954,0.0016595440869856194,0.0038588753168332657,-0.0007011890411376953,0.7033500671386719,1.4069533497095108,0.7034854859817032,0.0,0.0007011978236117656,1
0.515,PINN Vanilla,0.2500673548856357,0.002375004967581276,0.001661983552253078,0.0038678726416571697,-0.0006849467754364014,0.7015775442123413,1.4033871814608574,0.7017023795240411,0.0,0.0006849553544742098,1
0.52,PINN Vanilla,0.25005243114895886,0.00243454209802718,0.0016641696116163045,0.0038780999258319626,-0.0006691217422485352,0.6998155117034912,1.3998430147767067,0.6999302739864164,0.0,0.0006691301230759674,1
0.525,PINN Vanilla,0.2500377179042355,0.002493239486579788,0.0016661616016193717,0.003889313491510723,-0.0006532669067382812,0.6980696320533752,1.3963316082954407,0.6981745487553966,0.0,0.0006532750889820597,1
0.53,PINN Vanilla,0.25002323248021835,0.0025510280014772,0.0016679324739220648,0.003901528760684815,-0.0006370246410369873,0.6963367462158203,1.3928458020091057,0.696431623782165,0.0,0.0006370326198445039,1
0.535,PINN Vanilla,0.25000895797326284,0.002607975078544087,0.0016695155796011183,0.003913933284878917,-0.0006216466426849365,0.6946142911911011,1.3893825635313988,0.6946999828545798,0.0,0.0006216544288812401,1
0.54,PINN Vanilla,0.24999488631377115,0.002664112910836963,0.0016709012088530174,0.003927580950308911,-0.0006059408187866211,0.692901611328125,1.3859390318393707,0.6929781954432489,0.0,0.0006059484082656586,1
0.545,PINN Vanilla,0.2499810469759119,0.0027193239133662876,0.001672132645127784,0.00394238699004186,-0.000590205192565918,0.6912047266960144,1.3825274258852005,0.6912723711007835,0.0,0.000590212584954412,1
0.55,PINN Vanilla,0.249967413849092,0.002773712252388788,0.0016731935491163643,0.00395791470712039,-0.0005743205547332764,0.689521074295044,1.3791422620415688,0.6895797679791829,0.0,0.000574327748164839,1
0.555,PINN Vanilla,0.24995398381958014,0.0028272903499024283,0.0016741213295790192,0.003974339376928995,-0.0005591511726379395,0.6878468990325928,1.3757777214050293,0.6878974765902822,0.0,0.000559158176071232,1
0.56,PINN Vanilla,0.24994076784323524,0.002880014498328215,0.0016749063637096725,0.0039909831240535106,-0.0005433261394500732,0.6861827373504639,1.372432328760624,0.6862247593173642,0.0,0.0005433329446729896,1
0.5650000000000001,PINN Vanilla,0.2499277839983428,0.0029318125756991457,0.001675586158112237,0.004008843114184861,-0.0005281567573547363,0.6845331192016602,1.3691175132989883,0.6845673308273222,0.0,0.0005281633725793824,1
0.5700000000000001,PINN Vanilla,0.2499149758909438,0.0029829095614938533,0.0016761328080317317,0.004027428537790572,-0.0005129873752593994,0.6828961968421936,1.3658283352851868,0.6829227212217533,0.0,0.0005129938004857752,1
0.5750000000000001,PINN Vanilla,0.24990236607787603,0.0030332154668962336,0.0016765878391076107,0.0040460888278229,-0.0004980266094207764,0.6812686920166016,1.3625585585832596,0.6812878123936236,0.0,0.0004980328472618248,1
0.58,PINN Vanilla,0.24988994873441134,0.0030827535292232435,0.001676967110011214,0.0040662954289676125,-0.0004830360412597656,0.6796509623527527,1.3593090325593948,0.679663029031346,0.0,0.0004830420913422091,1
0.585,PINN Vanilla,0.2498777159028225,0.003131555495232028,0.0016772640171856157,0.0040860600757964445,-0.00046834349632263184,0.6780471801757812,1.3560873419046402,0.6780521635279442,0.0,0.0004683493623792458,1
0.59,PINN Vanilla,0.24986567080871117,0.0031796084966263607,0.0016774989906544063,0.00410687481478135,-0.0004532337188720703,0.6764560341835022,1.3528912290930748,0.6764540871063196,0.0,0.00045323939567696914,1
0.595,PINN Vanilla,0.24985379388218404,0.0032269906060306214,0.0016776835893495894,0.004127831844944377,-0.0004385709762573242,0.6748738288879395,1.3497136905789375,0.6748652979497317,0.0,0.0004385764694096711,1
0.6,PINN Vanilla,0.24984211028666348,0.0032736014358548176,0.0016778240783742477,0.004149099543010175,-0.0004242360591888428,0.6733003258705139,1.3465543687343597,0.6732856172420065,0.0,0.0004242413727946907,1
0.605,PINN Vanilla,0.24983057360704597,0.0033196261556802833,0.0016779316682294495,0.004170662612619239,-0.00040969252586364746,0.6717413067817688,1.3434240445494652,0.6717204355457226,0.0,0.0004096976573100536,1
0.61,PINN Vanilla,0.2498191912230608,0.0033650353246294515,0.001678011129759497,0.004192270604444791,-0.00039580464363098145,0.6701933145523071,1.3403166756033897,0.6701667316126066,0.0,0.0003958096011300518,1
0.615,PINN Vanilla,0.24980796306012748,0.003409829240235458,0.0016780736625852351,0.004214191457321131,-0.00038164854049682617,0.6686545610427856,1.3372278809547424,0.6686223149445273,0.0,0.0003816533206890628,1
0.62,PINN Vanilla,0.24979687127488867,0.003454079087236992,0.0016781350122755509,0.004236152265977927,-0.0003675520420074463,0.6671244502067566,1.3341566696763039,0.6670866900716693,0.0,0.0003675566456394043,1
0.625,PINN Vanilla,0.24978591179525528,0.003497801110928658,0.0016781961128152396,0.004258324607738076,-0.00035390257835388184,0.6656080484390259,1.3311138153076172,0.665565243831274,0.0,0.0003539070110247244,1
0.63,PINN Vanilla,0.24977507041366373,0.0035410519913218965,0.001678281381495436,0.004279801958261727,-0.0003400444984436035,0.6641026139259338,1.3280925676226616,0.6640546010680574,0.0,0.0003400487575403878,1
0.635,PINN Vanilla,0.24976435463290075,0.0035838017966106435,0.0016783771042331367,0.00430168938363068,-0.00032660365104675293,0.6626056432723999,1.3250894993543625,0.6625530481270187,0.0,0.0003266077417953646,1
0.64,PINN Vanilla,0.2497537376040274,0.0036261576386272683,0.0016785019444414534,0.004323153801737922,-0.00031310319900512695,0.6611173152923584,1.322103314101696,0.661059936799527,0.0,0.0003131071206590109,1
0.645,PINN Vanilla,0.24974320644701087,0.0036681709012984206,0.001678680166488385,0.004344542909230822,-0.00029978156089782715,0.6596422791481018,1.319144368171692,0.6595804453039545,0.0,0.0002997853156966487,1
0.65,PINN Vanilla,0.24973276992504662,0.00370980662451189,0.0016788722944472082,0.004365900764141832,-0.00028628110885620117,0.6581774353981018,1.3162059858441353,0.6581112357383865,0.0,0.00028628469456029495,1
0.655,PINN Vanilla,0.24972240368018042,0.0037511619825028267,0.0016791221963086153,0.004386455425843046,-0.000272899866104126,0.6567208766937256,1.3132840692996979,0.656650259167496,0.0,0.0002729032842066022,1
0.66,PINN Vanilla,0.24971209394487298,0.0037922918998387948,0.001679436828684398,0.0044069985347582954,-0.0002601742744445801,0.6552727818489075,1.3103804513812065,0.6551984320241746,0.0,0.00026017753315754475,1
0.665,PINN Vanilla,0.24970185366255024,0.003833144739690799,0.001679805148235872,0.004426970565982236,-0.0002472996711730957,0.6538370847702026,1.3075017258524895,0.6537590512316306,0.0,0.0002473027686301611,1
0.67,PINN Vanilla,0.2496916623944575,0.0038738020409408514,0.0016802536762592713,0.0044462986038284955,-0.00023436546325683594,0.6524118185043335,1.30464356392622,0.652329952369091,0.0,0.00023436839871144696,1
0.675,PINN Vanilla,0.24968147966208998,0.003914425289554068,0.0016807529877574875,0.004465380909710839,-0.00022155046463012695,0.6509944796562195,1.3018017411231995,0.6509090231705006,0.0,0.0002215532395753938,1
0.68,PINN Vanilla,0.2496713345667144,0.0039548983882050325,0.0016813458678670559,0.004483711234378823,-0.00020906329154968262,0.6495848298072815,1.298975870013237,0.6494960699183376,0.0,0.00020906591009165824,1
0.685,PINN Vanilla,0.24966118697662493,0.003995381439330294,0.0016820071910394938,0.0045015438380091866,-0.00019663572311401367,0.6481876373291016,1.2961750999093056,0.6480956673263868,0.0,0.00019663818599925317,1
0.6900000000000001,PINN Vanilla,0.24965105525724163,0.004035801175461211,0.0016827582166431543,0.004519102833751273,-0.0001843869686126709,0.6468002796173096,1.2933944165706635,0.6467053082428751,0.0,0.00018438927808083958,1
0.6950000000000001,PINN Vanilla,0.2496409019654816,0.0040763069729743764,0.0016835794917759639,0.004535926705472322,-0.000172346830368042,0.6454204320907593,1.2906290888786316,0.645322627078834,0.0,0.00017234898903208262,1
0.7000000000000001,PINN Vanilla,0.249630727515266,0.004116897180562465,0.0016845072828631147,0.00455197098556398,-0.0001602768898010254,0.6440486907958984,1.287880539894104,0.6439483353736228,0.0,0.00016027889728766046,1
0.705,PINN Vanilla,0.24962051402594715,0.004157643131730843,0.0016855474831842191,0.004566952596007888,-0.00014847517013549805,0.6426878571510315,1.2851532474160194,0.6425846720547532,0.0,0.00014847702980422543,1
0.71,PINN Vanilla,0.2496102567094642,0.00419856392808995,0.0016866451387229718,0.004582078375505824,-0.00013634562492370605,0.6413373351097107,1.2824469730257988,0.6412315179114426,0.0,0.00013634733266847278,1
0.715,PINN Vanilla,0.2495999426895135,0.004239710938689579,0.0016878620933164787,0.004595636733558249,-0.0001245737075805664,0.6399939656257629,1.279755361378193,0.6398856952312656,0.0,0.00012457526788070298,1
0.72,PINN Vanilla,0.24958955255654955,0.00428116159645849,0.0016891701917438327,0.004609259006837153,-0.00011327862739562988,0.6386577486991882,1.277078539133072,0.6385472673449506,0.0,0.00011328004622357705,1
0.725,PINN Vanilla,0.24957908745538127,0.004322911334267317,0.0016905994588973037,0.004621640312130998,-0.00010225176811218262,0.637333333492279,1.274425946176052,0.6372209542544235,0.0,0.00010225304882743827,1
0.73,PINN Vanilla,0.24956852294974496,0.004365057638760981,0.001692100217803961,0.004633427797358695,-9.101629257202148e-05,0.6360172629356384,1.2717900797724724,0.6359030045453674,0.0,9.101743256164281e-05,1
0.735,PINN Vanilla,0.24955787554428027,0.004407534665915043,0.001693718423722094,0.004644898443692008,-8.01384449005127e-05,0.634708821773529,1.2691693603992462,0.6345926284463472,0.0,8.013944864383023e-05,1
0.74,PINN Vanilla,0.24954708669711279,0.004450575964155638,0.0016954277315385255,0.0046556988513264605,-6.893277168273926e-05,0.6334075331687927,1.2665629759430885,0.6332894198956346,0.0,6.893363507370001e-05,1
0.745,PINN Vanilla,0.24953617711548692,0.004494098923481071,0.0016972335263153665,0.004665037261425489,-5.879998207092285e-05,0.6321171522140503,1.2639799639582634,0.6319978977269597,0.0,5.880071854751842e-05,1
0.75,PINN Vanilla,0.24952513435566503,0.0045381531872513035,0.0016991513417072,0.004674058823726769,-4.83095645904541e-05,0.6308355927467346,1.261413760483265,0.6307147799184624,0.0,4.8310169673353956e-05,1
0.755,PINN Vanilla,0.24951394413177436,0.0045827957478864366,0.0017011663820302103,0.004682299114704004,-3.832578659057617e-05,0.6295608878135681,1.258862018585205,0.6294388929890008,0.0,3.8326266625498574e-05,1
0.76,PINN Vanilla,0.2495025753736257,0.004628150557580709,0.001703290426474195,0.0046901130215901005,-2.8312206268310547e-05,0.6282923221588135,1.2563230097293854,0.6281693726604007,0.0,2.8312560881977953e-05,1
0.765,PINN Vanilla,0.24949104796807928,0.004674138279193698,0.0017054809744739786,0.0046967673887126846,-1.8864870071411133e-05,0.6270350217819214,1.2538063824176788,0.6269110432440229,0.0,1.886510635609689e-05,1
0.77,PINN Vanilla,0.24947933041610876,0.004720884575733395,0.0017077770909088633,0.0047034322440648105,-9.59634780883789e-06,0.6257863640785217,1.2513075843453407,0.6256616285589861,0.0,9.596468004207263e-06,1
0.775,PINN Vanilla,0.24946740987124266,0.0047684406972361825,0.0017101579242742185,0.004709221694716471,-4.172325134277344e-07,0.6245439052581787,1.2488216310739517,0.624418636354865,0.0,4.172377393133593e-07,1
0.78,PINN Vanilla,0.24945528019924423,0.004816831115780464,0.0017126308239479367,0.004714305134960066,8.344650268554688e-06,0.6233079433441162,1.2463489770889282,0.6231822938772142,0.0,0.0,1
0.785,PINN Vanilla,0.24944296502345079,0.0048659615878302075,0.0017151940898288889,0.0047190217542814675,1.65402889251709e-05,0.6220825910568237,1.243897870182991,0.6219567250740465,0.0,0.0,1
0.79,PINN Vanilla,0.2494303931158644,0.0049161162721517585,0.0017178174478682967,0.004723289954820721,2.485513687133789e-05,0.6208652853965759,1.2414632216095924,0.6207393855402193,0.0,0.0,1
0.795,PINN Vanilla,0.24941758842051803,0.004967199645817846,0.0017205446712407018,0.004726282831037744,3.2901763916015625e-05,0.6196543574333191,1.239041119813919,0.6195283194738297,0.0,0.0,1
0.8,PINN Vanilla,0.24940453502568638,0.005019275187465571,0.0017233259385705042,0.004729499818407416,4.0143728256225586e-05,0.6184489727020264,1.2366312742233276,0.6183233815867363,0.0,0.0,1
0.805,PINN Vanilla,0.24939123393074644,0.005072338910155205,0.0017261851018021397,0.004732178903780589,4.729628562927246e-05,0.6172540783882141,1.2342421486973763,0.6171288038617234,0.0,0.0,1
0.81,PINN Vanilla,0.24937766637500225,0.0051264656582790955,0.001729103159157075,0.004734202644058695,5.409121513366699e-05,0.6160670518875122,1.2318694740533829,0.6159424516807142,0.0,0.0,1
0.8150000000000001,PINN Vanilla,0.24936379947596127,0.005181786614079989,0.0017320707249923665,0.004735688402840714,6.008148193359375e-05,0.6148858666419983,1.22950928658247,0.6147623431644468,0.0,0.0,1
0.8200000000000001,PINN Vanilla,0.24934965846043927,0.00523820113706455,0.0017350908799242152,0.004737430452752385,6.595253944396973e-05,0.613710343837738,1.227160431444645,0.6135879008856927,0.0,0.0,1
0.8250000000000001,PINN Vanilla,0.24933521522654667,0.005295821337617915,0.00173816917708811,0.004738714170588416,7.134675979614258e-05,0.6125455498695374,1.224833756685257,0.6124245489350632,0.0,0.0,1
0.8300000000000001,PINN Vanilla,0.2493204608880304,0.005354682666781565,0.001741274190436012,0.004739313824024059,7.62939453125e-05,0.6113872528076172,1.2225202843546867,0.6112677982815233,0.0,0.0,1
0.835,PINN Vanilla,0.24930539093277715,0.005414803125293761,0.0017444222649469175,0.004739949112756589,8.082389831542969e-05,0.610235333442688,1.2202199846506119,0.6101176340237257,0.0,0.0,1
0.84,PINN Vanilla,0.24928999650436598,0.005476218045183019,0.0017476029286148905,0.0047405232900238695,8.514523506164551e-05,0.6090887188911438,1.2179305106401443,0.6089728826805281,0.0,0.0,1
0.845,PINN Vanilla,0.24927426238094008,0.005538988152907713,0.0017507937609044912,0.004740909494180635,8.875131607055664e-05,0.6079517602920532,1.2156608328223228,0.6078380295576284,0.0,0.0,1
0.85,PINN Vanilla,0.24925819209388067,0.005603099360286808,0.0017540158382219158,0.004741204066451184,9.238719940185547e-05,0.60682213306427,1.2134060263633728,0.6067106122072972,0.0,0.0,1
0.855,PINN Vanilla,0.2492417830813516,0.005668561887573908,0.0017572336233597522,0.004741097518606248,9.483098983764648e-05,0.6056973934173584,1.2111618369817734,0.6055885034621313,0.0,0.0,1
0.86,PINN Vanilla,0.24922499758703215,0.005735526360784353,0.0017604423261488842,0.004741274592425931,9.718537330627441e-05,0.6045783162117004,1.208929419517517,0.6044722807493593,0.0,0.0,1
0.865,PINN Vanilla,0.24920784771531906,0.00580394449033348,0.001763680108482745,0.004741655606081058,9.912252426147461e-05,0.6034690141677856,1.2067169696092606,0.6033660419396352,0.0,0.0,1
0.87,PINN Vanilla,0.24919033010636604,0.005873829680076581,0.0017668759894470345,0.004742171800692786,9.98377799987793e-05,0.6023659110069275,1.2045179083943367,0.6022664975604248,0.0,0.0,1
0.875,PINN Vanilla,0.24917239691312607,0.005945372812226435,0.0017700523906653126,0.004742217648029748,0.00010088086128234863,0.6012681722640991,1.2023288905620575,0.6011719749354342,0.0,0.0,1
0.88,PINN Vanilla,0.24915409509513947,0.006018386545211734,0.0017731827350013195,0.0047430626445049,9.85860824584961e-05,0.6001755595207214,1.200151801109314,0.6000834165749134,0.0,0.0,1
0.885,PINN Vanilla,0.2491354026064441,0.006092958829748422,0.0017762926939120034,0.004743869808358364,9.094923734664917e-05,0.5990927219390869,1.1979938223958015,0.5990044137036904,0.0,0.0,1
0.89,PINN Vanilla,0.24911627941974646,0.006169249351727835,0.0017793666674454063,0.004744990271884339,8.320063352584839e-05,0.5980159640312195,1.1958489194512367,0.5979319487988288,0.0,0.0,1
0.895,PINN Vanilla,0.24909676141194154,0.006247114982962791,0.001782373765581592,0.004746696412028073,7.567554712295532e-05,0.596943736076355,1.1937129124999046,0.5968639319462954,0.0,0.0,1
0.9,PINN Vanilla,0.24907681577884638,0.00632668659328582,0.0017853363555768416,0.00474817248463047,6.827712059020996e-05,0.595876932144165,1.191588819026947,0.5958018719075581,0.0,0.0,1
0.905,PINN Vanilla,0.24905644127123944,0.0064079691663728325,0.0017882034020393267,0.004750550625629332,6.074458360671997e-05,0.5948190093040466,1.1894826218485832,0.5947487601281942,0.0,0.0,1
0.91,PINN Vanilla,0.24903562656408912,0.006491007882589647,0.0017910102257291736,0.004752945207415357,5.345791578292847e-05,0.5937670469284058,1.1873889341950417,0.593701903189583,0.0,0.0,1
0.915,PINN Vanilla,0.2490143798686959,0.006575769983567633,0.001793725806006239,0.004755601809497065,4.5806169509887695e-05,0.5927196741104126,1.1853049993515015,0.5926599227170501,0.0,0.0,1
0.92,PINN Vanilla,0.24899267895637572,0.006662344148978055,0.0017963639795424743,0.00475924296887828,3.851205110549927e-05,0.5916770100593567,1.1832304820418358,0.5916226510704323,0.0,0.0,1
0.925,PINN Vanilla,0.24897053229573135,0.006750696593964055,0.0017988719804441762,0.004762956403151081,3.13296914100647e-05,0.5906437635421753,1.181175909936428,0.5905953521508515,0.0,0.0,1
0.93,PINN Vanilla,0.24894792427708795,0.006840889592154999,0.0018012711615705468,0.004766981133700804,2.4139881134033203e-05,0.5896156430244446,1.179131269454956,0.5895730191054359,0.0,0.0,1
0.935,PINN Vanilla,0.2489248386717535,0.006932987886703038,0.0018035717679746582,0.004771735368973046,1.7076730728149414e-05,0.5885923504829407,1.1770971715450287,0.5885559574118161,0.0,0.0,1
0.9400000000000001,PINN Vanilla,0.24890129125720864,0.007026928534530026,0.001805732928969349,0.0047766075853541146,9.998679161071777e-06,0.5875735878944397,1.1750722080469131,0.587543462981307,0.0,0.0,1
0.9450000000000001,PINN Vanilla,0.2488772734082318,0.007122745945311916,0.0018077706114824977,0.004781968580122892,3.166496753692627e-06,0.5865635871887207,1.1730653569102287,0.5865400248449432,0.0,0.0,1
0.9500000000000001,PINN Vanilla,0.2488527723342866,0.0072204911459361285,0.0018096465748924445,0.004787879970962722,-3.6731362342834473e-06,0.5855584740638733,1.1710686460137367,0.5855416568921794,0.0,3.6731822407408237e-06,1
0.9550000000000001,PINN Vanilla,0.24882777825415553,0.007320203157837885,0.0018113763253871748,0.004793671372281899,-1.0631978511810303e-05,0.5845578908920288,1.1690808162093163,0.5845477295410697,0.0,1.0632111678574351e-05,1
0.96,PINN Vanilla,0.24880227715791284,0.007421937872567328,0.0018129567422035034,0.004800252287569293,-1.7002224922180176e-05,0.5835620164871216,1.1671027690172195,0.5835586935573861,0.0,1.700243787701939e-05,1
0.965,PINN Vanilla,0.2487762831076905,0.0075256391903014315,0.0018143438063671193,0.004807158265564007,-2.3849308490753174e-05,0.582574188709259,1.1651420965790749,0.5825783450594889,0.0,2.3849607206108268e-05,1
0.97,PINN Vanilla,0.2487497845920058,0.0076313530352389615,0.0018155666737763457,0.004814036345549208,-3.022700548171997e-05,0.5815917253494263,1.163191594183445,0.5816030816465396,0.0,3.0227384078469618e-05,1
0.975,PINN Vanilla,0.24872278780475987,0.007739054697274919,0.0018166232491465342,0.004821378254114411,-3.672391176223755e-05,0.5806131958961487,1.161248691380024,0.5806316180772876,0.0,3.6724371733491926e-05,1
0.98,PINN Vanilla,0.24869527276586723,0.007848823885464817,0.0018174750909648336,0.004828791633501112,-4.2982399463653564e-05,0.5796388387680054,1.159314937889576,0.5796647292218202,0.0,4.2982937823192317e-05,1
0.985,PINN Vanilla,0.24866724162697196,0.00796065201598563,0.0018181392163332877,0.004836001294253975,-4.9367547035217285e-05,0.5786730051040649,1.1573994308710098,0.5787069637165634,0.0,4.9368165369469975e-05,1
0.99,PINN Vanilla,0.24863869932156663,0.008074519407038055,0.00181859834126289,0.004843770842063569,-5.551427602767944e-05,0.5777116417884827,1.1554916724562645,0.5777530725617429,0.0,5.5514971350425716e-05,1
0.995,PINN Vanilla,0.2486096179453997,0.008190537380544934,0.001818840253566718,0.004851102421966735,-6.131082773208618e-05,0.5767542719841003,1.1535924151539803,0.5768034320163918,0.0,6.131159565731489e-05,1
1.0,PINN Vanilla,0.24858000261841473,0.008308685510874794,0.0018188493899377472,0.004858627802057536,-6.758421659469604e-05,0.5758007764816284,1.1517014428973198,0.5758579340457382,0.0,6.758506309484789e-05,1
1.0050000000000001,PINN Vanilla,0.2485498663698052,0.008428911819035384,0.0018186663799402887,0.004865820973361398,-7.3261559009552e-05,0.5748559236526489,1.1498276367783546,0.5749210192514361,0.0,7.32624766190761e-05,1
1.01,PINN Vanilla,0.24851918370426596,0.00855131801663828,0.0018182314586818367,0.004872638094787371,-7.918477058410645e-05,0.5739153027534485,1.147962212562561,0.573988295461212,0.0,7.918576238254255e-05,1
1.0150000000000001,PINN Vanilla,0.24848795522962724,0.008675901678790272,0.0018175777281959219,0.004878980521655529,-8.475035429000854e-05,0.5729780197143555,1.1461037620902061,0.5730590585863806,0.0,8.475141579802611e-05,1
1.02,PINN Vanilla,0.24845618102792744,0.008802662478205402,0.0018166587764937192,0.004885257854163869,-9.043514728546143e-05,0.5720452070236206,1.1442540735006332,0.5721342027078121,0.0,9.043627999617063e-05,1
1.025,PINN Vanilla,0.2484238586566589,0.00893161015908508,0.0018154950809349843,0.004891309506950742,-9.600818157196045e-05,0.5711199045181274,1.1424198597669601,0.5712170843541057,0.0,9.60093840855705e-05,1
1.03,PINN Vanilla,0.24839098248873148,0.009062767170284187,0.0018141029779288173,0.004896692425699456,-0.00010134279727935791,0.5701990127563477,1.1405941098928452,0.5703041979831838,0.0,0.00010134406660964844,1
1.035,PINN Vanilla,0.24835755332215534,0.009196130328201041,0.0018124210955839238,0.004901619183372133,-0.00010679662227630615,0.5692816972732544,1.1387753933668137,0.5693948283303503,0.0,0.00010679795991638736,1
1.04,PINN Vanilla,0.24832355234402798,0.00933177468550198,0.001810502490430907,0.004905640197408273,-0.00011610984802246094,0.5683678388595581,1.1369635686278343,0.5684889046142031,0.0,0.00011611130231177484,1
1.045,PINN Vanilla,0.24828897767119462,0.009469707754892013,0.0018082819313504955,0.004909349676490107,-0.00012695789337158203,0.5674623250961304,1.135168731212616,0.5675914746663205,0.0,0.0001269594835339222,1
1.05,PINN Vanilla,0.2482538635099495,0.009609793072920678,0.0018058201213826872,0.004912257099058043,-0.00013768672943115234,0.5665602684020996,1.1333799809217453,0.5666970883187328,0.0,0.00013768845397340858,1
1.055,PINN Vanilla,0.2482181743712158,0.009752172220603504,0.0018030746476774802,0.004914227715971539,-0.0001487433910369873,0.5656617879867554,1.1315991878509521,0.5658066806310164,0.0,0.0001487452540652126,1
1.06,PINN Vanilla,0.2481819033712238,0.009896872660224546,0.001800039598126606,0.004915218087707618,-0.00015980005264282227,0.5647667050361633,1.1298250705003738,0.5649196108452144,0.0,0.0001598020541570166,1
1.065,PINN Vanilla,0.2481450599742246,0.010043856634862635,0.0017967221814370823,0.004915709415266992,-0.00016990303993225098,0.5638795495033264,1.1280654966831207,0.5640398129171548,0.0,0.00016990516798753296,1
1.07,PINN Vanilla,0.24810762711249668,0.010193192234915027,0.0017931379553615067,0.004914933209386588,-0.0001804828643798828,0.562995970249176,1.126313678920269,0.5631638930648686,0.0,0.00018048512494869313,1
1.075,PINN Vanilla,0.24806962218564432,0.010344810045962877,0.0017892343622115407,0.004913253143831328,-0.00019118189811706543,0.5621156096458435,1.124568186700344,0.5622911360236599,0.0,0.00019118429269251427,1
1.08,PINN Vanilla,0.24803102562377402,0.010498788140631564,0.0017850609168343055,0.0049110027673181095,-0.00020107626914978027,0.5612385272979736,1.1228282004594803,0.5614211320064632,0.0,0.00020107878765337394,1
1.085,PINN Vanilla,0.24799184374384456,0.010655101317886816,0.001780568483033726,0.004907069895710048,-0.00021156668663024902,0.5603693723678589,1.1211047917604446,0.5605594168639985,0.0,0.00021156933652753841,1
1.09,PINN Vanilla,0.24795207469999136,0.01081375694166718,0.001775796851444816,0.00490229407928694,-0.0002218484878540039,0.5595028400421143,1.1193859428167343,0.559699981627752,0.0,0.00022185126653204618,1
1.095,PINN Vanilla,0.2479117147147178,0.0109747700820128,0.0017707234571265177,0.004896799297420026,-0.0002313554286956787,0.5586402416229248,1.1176747903227806,0.5588443946645835,0.0,0.00023135832644925774,1
1.1,PINN Vanilla,0.24787076175570846,0.01113814884669373,0.0017653437225223472,0.0048895219976367865,-0.0002409815788269043,0.5577806234359741,1.1159691214561462,0.5579915495494161,0.0,0.00024098459714913024,1
1.105,PINN Vanilla,0.24782920212254628,0.011303947892498554,0.0017596609133493308,0.004881599095643702,-0.0002499222755432129,0.556928813457489,1.114278145134449,0.5571460507987303,0.0,0.0002499254058487022,1
1.11,PINN Vanilla,0.24778706236584888,0.01147206129772545,0.0017536923923070213,0.004871931465228588,-0.00025907158851623535,0.5560797452926636,1.112593099474907,0.556303517416263,0.0,0.0002590748334179309,1
1.115,PINN Vanilla,0.2477443044384321,0.011642640848767915,0.001747395705788711,0.004862052587140564,-0.0002683699131011963,0.5552335381507874,1.1109139323234558,0.5554639233246558,0.0,0.00026837327446548574,1
1.12,PINN Vanilla,0.24770096459009266,0.011815541929775082,0.0017408343521271733,0.004850137271518604,-0.0002766251564025879,0.5543903708457947,1.1092394441366196,0.5546266687446583,0.0,0.0002766286211647572,1
1.125,PINN Vanilla,0.2476569995530196,0.01199093715444039,0.0017339362283207089,0.004837456689117309,-0.00028523802757263184,0.5535551309585571,1.1075809374451637,0.553797405012436,0.0,0.00028524160021201154,1
1.1300000000000001,PINN Vanilla,0.2476124437087709,0.012168689360111552,0.001726755877779094,0.004823788318289432,-0.0002929270267486572,0.5527220964431763,1.1059263870120049,0.5529701194341385,0.0,0.0002929306956936435,1
1.135,PINN Vanilla,0.24756726373110088,0.012348931499351273,0.0017192506722966598,0.004808265811682477,-0.00030031800270080566,0.5518922209739685,1.1042770370841026,0.5521454341410379,0.0,0.000300321764218623,1
1.1400000000000001,PINN Vanilla,0.24752148412339564,0.012531565817734878,0.001711447663521621,0.00479178836325217,-0.0003077983856201172,0.5510655641555786,1.1026344448328018,0.5513241277285582,0.0,0.00030780224083059817,1
1.145,PINN Vanilla,0.24747511024052674,0.01271657095240303,0.001703372324284926,0.004774065382146572,-0.0003148019313812256,0.550246000289917,1.10100556910038,0.5505096796614185,0.0,0.0003148058743119296,1
1.1500000000000001,PINN Vanilla,0.24742810931187253,0.012904077639297887,0.0016949728459934223,0.004755367813254668,-0.00032144784927368164,0.5494288206100464,1.0993810966610909,0.5496974332684211,0.0,0.0003214518754452781,1
1.155,PINN Vanilla,0.2473804931397791,0.013094038793843184,0.001686273092565371,0.004734994896275463,-0.00032719969749450684,0.5486144423484802,1.0977609902620316,0.5488873699228812,0.0,0.0003272037957086694,1
1.16,PINN Vanilla,0.2473322777776747,0.0132863903720886,0.001677285566223798,0.004713628742566867,-0.0003331005573272705,0.547804057598114,1.096149131655693,0.548081430525354,0.0,0.0003331047294503869,1
1.165,PINN Vanilla,0.24728343929271324,0.013481227852332054,0.0016680059343314767,0.004690778381785915,-0.0003383159637451172,0.5469992756843567,1.0945474430918694,0.5472805762127746,0.0,0.0003383202011918039,1
1.17,PINN Vanilla,0.24723398127594032,0.013678536908366021,0.0016584304793068737,0.004667025450759102,-0.00034314393997192383,0.5461974143981934,1.0929514467716217,0.5464825680576313,0.0,0.0003431482378895728,1
1.175,PINN Vanilla,0.24718391512696808,0.01387827206229111,0.0016485772015233785,0.004642206254347345,-0.0003477334976196289,0.5453983545303345,1.0913604646921158,0.5456870670542607,0.0,0.00034773785302201975,1
1.18,PINN Vanilla,0.24713323022554945,0.01408047568278809,0.0016384421570350837,0.004615948209773138,-0.000351637601852417,0.5446022152900696,1.0897747501730919,0.5448941998641197,0.0,0.00035164200615416614,1
1.185,PINN Vanilla,0.2470819319265562,0.014285126406996852,0.0016280100488619315,0.004588668226944231,-0.0003555417060852051,0.5438125133514404,1.0882014408707619,0.5441075353600139,0.0,0.0003555461592863126,1
1.19,PINN Vanilla,0.24703001457306595,0.014492246802785793,0.0016173329770587197,0.004559969644377687,-0.00035899877548217773,0.5430253148078918,1.0866331681609154,0.5433233891836918,0.0,0.00035900327198348043,1
1.195,PINN Vanilla,0.24697746402090853,0.014701893297263124,0.0016063563940448247,0.0045302936648581316,-0.0003618001937866211,0.5422405004501343,1.0850681811571121,0.5425408858809684,0.0,0.00036180472537601297,1
1.2,PINN Vanilla,0.24692431293256412,0.014913935585908982,0.0015950994658606081,0.004498883387264438,-0.00036400556564331055,0.541459321975708,1.0835107043385506,0.5417621377178987,0.0,0.00036401012485524074,1
1.205,PINN Vanilla,0.246870549598912,0.015128420381383985,0.0015836148687926475,0.004467033978263521,-0.0003664344549179077,0.5406838059425354,1.0819641798734665,0.5409888658001575,0.0,0.0003664390445519578,1
1.21,PINN Vanilla,0.24681615205602842,0.01534543530711801,0.001571847653690201,0.004433432645070706,-0.00036841630935668945,0.5399105548858643,1.0804212614893913,0.5402173969455041,0.0,0.0003684209238136963,1
1.215,PINN Vanilla,0.24676114792475948,0.015564870171812892,0.0015598183912440568,0.004398986614139025,-0.0003693699836730957,0.5391398072242737,1.0788828060030937,0.5394481595676885,0.0,0.0003693746100749839,1
1.22,PINN Vanilla,0.2467055158117214,0.015786810322771974,0.0015475379095850617,0.0043633543816149895,-0.0003709346055984497,0.5383727550506592,1.0773522332310677,0.5386828635963747,0.0,0.000370939251597409,1
1.225,PINN Vanilla,0.24664927587599247,0.01601117533686128,0.0015350199931365395,0.004326927457953669,-0.000371396541595459,0.5376107096672058,1.0758300945162773,0.5379217847064977,0.0,0.00037140119338022025,1
1.23,PINN Vanilla,0.24659242623068905,0.016237972741661905,0.0015222630058616571,0.004289059471257836,-0.00037120282649993896,0.5368511080741882,1.0743124261498451,0.5371629410187954,0.0,0.00037120747585839617,1
1.235,PINN Vanilla,0.2465349593469211,0.016467232573117125,0.0015092789769763388,0.0042502988609806475,-0.00037117302417755127,0.5360941886901855,1.0728000551462173,0.5364067460456703,0.0,0.00037117767316273095,1
1.24,PINN Vanilla,0.24647686742730923,0.016698985938288356,0.0014960595926350655,0.004210435077389996,-0.0003705024719238281,0.5353401899337769,1.0712932422757149,0.5356533301739161,0.0,0.00037050711251026305,1
1.245,PINN Vanilla,0.24641815701255332,0.01693320674354303,0.00148262266460189,0.004169685328368908,-0.00037032365798950195,0.5345914363861084,1.0697965770959854,0.5349049882110989,0.0,0.0003703282963362716,1
1.25,PINN Vanilla,0.2463588443910097,0.01716983000770273,0.0014689608797818184,0.004127829794227031,-0.00036853551864624023,0.5338452458381653,1.068303905427456,0.5341586430288913,0.0,0.0003685401345963572,1
1.2550000000000001,PINN Vanilla,0.24629890597663126,0.017408949825536923,0.0014550796182367543,0.0040842418754133,-0.0003673285245895386,0.5331011414527893,1.0668158754706383,0.5334146187316086,0.0,0.000367333125421915,1
1.26,PINN Vanilla,0.2462383634163751,0.017650479838130673,0.0014410111385495582,0.004040855068156032,-0.0003654956817626953,0.5323604345321655,1.0653338953852654,0.5326736194079359,0.0,0.00036550025963850275,1
1.2650000000000001,PINN Vanilla,0.24617721167606516,0.01789444012895241,0.001426761064103088,0.003996234976435878,-0.0003632009029388428,0.5316249132156372,1.0638614669442177,0.5319373959662435,0.0,0.00036320545207227926,1
1.27,PINN Vanilla,0.24611544579237665,0.018140850498814944,0.001412316662397539,0.003950228476607934,-0.00036053359508514404,0.5308911800384521,1.0623923689126968,0.5312028377501714,0.0,0.0003605381108102403,1
1.2750000000000001,PINN Vanilla,0.24605307827244055,0.01838966105145542,0.0013976752681597593,0.0039033378709520533,-0.00035771727561950684,0.530159592628479,1.0609272867441177,0.5304702874907199,0.0,0.00035772175606987514,1
1.28,PINN Vanilla,0.24599010900438606,0.01864087223317399,0.0013828712300391832,0.00385581671270957,-0.0003547370433807373,0.5294314622879028,1.05946896225214,0.5297411161118893,0.0,0.0003547414865033511,1
1.285,PINN Vanilla,0.2459265151330539,0.018894575222917848,0.0013679076719658667,0.0038076622042059055,-0.00035122036933898926,0.5287078022956848,1.0580189228057861,0.5290160873077562,0.0,0.0003512247684148528,1
1.29,PINN Vanilla,0.24586233027555324,0.019150635907746353,0.0013527771395733276,0.0037580511971519875,-0.000348016619682312,0.5279865264892578,1.056574210524559,0.5282937221195483,0.0,0.0003480209786308395,1
1.295,PINN Vanilla,0.24579753507827376,0.019409131497439083,0.0013374980604847152,0.003708160328026802,-0.0003442317247390747,0.5272673964500427,1.0551326051354408,0.5275729103968517,0.0,0.00034423603628135405,1
1.3,PINN Vanilla,0.24573216553370997,0.019669918402633282,0.0013220981411097479,0.0036572678444615897,-0.0003403127193450928,0.5265514254570007,1.0536974295973778,0.5268553136399502,0.0,0.00034031698180137497,1
1.305,PINN Vanilla,0.24566617465994736,0.0199331840541603,0.0013065391049167613,0.003605865274431755,-0.0003364980220794678,0.5258399248123169,1.0522712990641594,0.5261422394421158,0.0,0.00033650223675622424,1
1.31,PINN Vanilla,0.24559959916172322,0.020198782021218074,0.0012908637980861362,0.0035530082412753156,-0.0003317147493362427,0.5251302719116211,1.0508473068475723,0.5254302344159885,0.0,0.00033171890410195324,1
1.315,PINN Vanilla,0.2455324157923311,0.020466805044801997,0.0012750826769654746,0.003499912829304744,-0.00032716989517211914,0.5244229435920715,1.049428790807724,0.5247209675125254,0.0,0.0003271739930130042,1
1.32,PINN Vanilla,0.24546466146906218,0.020737105846142054,0.0012591969952148079,0.0034461557898948364,-0.00032204389572143555,0.5237187147140503,1.0480154231190681,0.5240142748169003,0.0,0.0003220479293585829,1
1.325,PINN Vanilla,0.2453963087276892,0.021009793991717318,0.0012432297617490282,0.0033910156481752746,-0.00031732022762298584,0.5230188369750977,1.0466111600399017,0.5233121344830381,0.0,0.00031732420209564237,1
1.33,PINN Vanilla,0.24532736702500518,0.02128483175435978,0.0012271573084764358,0.0033363009237918767,-0.0003125518560409546,0.5223208069801331,1.0452106669545174,0.5226118791696768,0.0,0.00031255577078920395,1
1.335,PINN Vanilla,0.2452578333591496,0.02156223110976736,0.001211017562733692,0.003280429375122143,-0.0003073662519454956,0.5216249227523804,1.0438139364123344,0.5219135051514793,0.0,0.0003073701017434522,1
1.34,PINN Vanilla,0.24518772629690957,0.021841917987132604,0.0011948105084183863,0.0032236710573080862,-0.00030228495597839355,0.5209319591522217,1.0424231514334679,0.5212181039521744,0.0,0.00030228874213252883,1
1.345,PINN Vanilla,0.24511704859030142,0.02212388140749232,0.0011785590605247107,0.003166481012859476,-0.0002966076135635376,0.5202435255050659,1.0410402342677116,0.5205266367086974,0.0,0.0002966113286083006,1
1.35,PINN Vanilla,0.24504578570360774,0.022408179360003118,0.0011622676358498843,0.003108628638343769,-0.00029200315475463867,0.5195565819740295,1.0396617278456688,0.5198373748646995,0.0,0.000292006812128021,1
1.355,PINN Vanilla,0.24497394857031327,0.02269476822634604,0.0011459348916845853,0.0030502277727040283,-0.00028654932975769043,0.5188714265823364,1.038286305963993,0.5191496553102023,0.0,0.0002865529188212821,1
1.36,PINN Vanilla,0.24490155698778154,0.02298356902642099,0.0011295999844650154,0.002991553915579967,-0.0002810359001159668,0.5181899070739746,1.0369173884391785,0.5184651879748696,0.0,0.0002810394201232127,1
1.365,PINN Vanilla,0.24482856715868065,0.023274756486405514,0.0011132234636615417,0.0029317435707132827,-0.00027555227279663086,0.5175121426582336,1.035556010901928,0.5177844906805387,0.0,0.0002755557241208086,1
1.37,PINN Vanilla,0.2447550345745471,0.023568109226968212,0.001096889955722918,0.0028719960085636376,-0.0002698749303817749,0.5168359875679016,1.0341976508498192,0.5171053021476756,0.0,0.00026987831059658034,1
1.375,PINN Vanilla,0.24468093720806375,0.023863715124441968,0.0010805535085553018,0.002812035102219751,-0.00026462972164154053,0.5161616206169128,1.0328435525298119,0.5164282445075528,0.0,0.00026463303615949815,1
1.3800000000000001,PINN Vanilla,0.24460627956761494,0.024161556192965044,0.0010642610265359088,0.002750943794457006,-0.0002593398094177246,0.5154905319213867,1.0314957201480865,0.5157543198758116,0.0,0.00025934305767891805,1
1.385,PINN Vanilla,0.24453106770912808,0.02446160827286825,0.0010480171904429189,0.002689920814575114,-0.00025472044944763184,0.5148234963417053,1.0301557332277298,0.5150843180238874,0.0,0.00025472363985080585,1
1.3900000000000001,PINN Vanilla,0.24445529971961621,0.024763878995869903,0.0010318163630017938,0.0026281750142509164,-0.0002543628215789795,0.5141578316688538,1.0288187265396118,0.5144158063067465,0.0,0.00025436600750282297,1
1.395,PINN Vanilla,0.24437898730820007,0.025068321649309264,0.0010157011750887312,0.002566436574212183,-0.0002537667751312256,0.5134939551353455,1.0274846702814102,0.5137487698230411,0.0,0.00025376995358951816,1
1.4000000000000001,PINN Vanilla,0.2443021232778723,0.025374964945108467,0.0009996688766885145,0.002503928108056469,-0.0002531707286834717,0.5128333568572998,1.0261574238538742,0.5130851382973153,0.0,0.0002531738996762134,1
1.405,PINN Vanilla,0.24422470758015566,0.02568380907666377,0.000983733262042945,0.0024411104403167794,-0.0002527013421058655,0.5121760964393616,1.0248374566435814,0.5124251464257977,0.0,0.00025270450721948584,1
1.41,PINN Vanilla,0.24414677456677616,0.02599471700033552,0.0009679374432395459,0.0023782737666385168,-0.00025186687707901,0.511520504951477,1.0235204473137856,0.5117666335130524,0.0,0.00025187003174085914,1
1.415,PINN Vanilla,0.24406829803018595,0.02630779326917427,0.0009522638174402292,0.002314933530743246,-0.00025115907192230225,0.5108668208122253,1.0222070962190628,0.5111099497407536,0.0,0.00025116221771880965,1
1.42,PINN Vanilla,0.243989282769633,0.02662301873693946,0.0009367438977610072,0.002251073897385686,-0.00025057047605514526,0.5102162957191467,1.020900972187519,0.5104568795453043,0.0,0.0002505736144794212,1
1.425,PINN Vanilla,0.2439097415122602,0.02694034262964712,0.0009214029056851554,0.0021874751129435377,-0.00024975091218948364,0.5095694065093994,1.0196014866232872,0.5098071286250847,0.0,0.0002497540403486271,1
1.43,PINN Vanilla,0.24382968222325271,0.02725973317078717,0.0009062355288939024,0.0021231291233379246,-0.00024868547916412354,0.5089235901832581,1.018304020166397,0.5091583872711807,0.0,0.00024868859397859477,1
1.435,PINN Vanilla,0.24374909571430703,0.02758122701640883,0.0008912933089786036,0.002058637040668332,-0.00024774670600891113,0.5082793235778809,1.0170105397701263,0.5085116389725494,0.0,0.0002477498090651397,1
1.44,PINN Vanilla,0.24366798643414322,0.02790480641867629,0.0008765768846496644,0.0019940971275846375,-0.00024680793285369873,0.5076383948326111,1.015723004937172,0.5078678634928105,0.0,0.00024681102415168466,1
1.445,PINN Vanilla,0.2435863697985271,0.028230409877545735,0.0008620989792861914,0.0019300834399720856,-0.00024574995040893555,0.5070010423660278,1.0144432336091995,0.5072279698141822,0.0,0.0002457530284555686,1
1.45,PINN Vanilla,0.2435042366639033,0.028558073870546877,0.0008478910371873932,0.0018650775995263658,-0.0002449303865432739,0.5063648819923401,1.0131660997867584,0.506589394904837,0.0,0.00024493345432477455,1
1.455,PINN Vanilla,0.24342160809923102,0.02888771434464403,0.0008339797620963773,0.001799825164193275,-0.00024375319480895996,0.5057302117347717,1.0118916481733322,0.5059521611167968,0.0,0.00024375624784599755,1
1.46,PINN Vanilla,0.24333847083293042,0.029219384245811577,0.0008203821115242553,0.001734725100284329,-0.0002427026629447937,0.5050992965698242,1.010624773800373,0.505318715996443,0.0,0.00024270570282379785,1
1.465,PINN Vanilla,0.2432548309694062,0.02955305922098386,0.0008071095645306591,0.0016694147640345935,-0.00024153292179107666,0.5044708847999573,1.0093637257814407,0.5046881840895905,0.0,0.00024153594701893717,1
1.47,PINN Vanilla,0.24317070027744328,0.029888692319474327,0.0007942051019962302,0.0016041658305422646,-0.00024024397134780884,0.5038439035415649,1.0081051513552666,0.504058888994608,0.0,0.00024024698043141555,1
1.475,PINN Vanilla,0.24308607670608107,0.030226291723436764,0.0007816614396002334,0.0015390558110072727,-0.00023919343948364258,0.5032187700271606,1.0068507194519043,0.5034316651869744,0.0,0.00023919643540921582,1
1.48,PINN Vanilla,0.24300096711298605,0.030565830074723997,0.0007695402503374688,0.0014728098752245788,-0.00023767352104187012,0.5025970935821533,1.0056026726961136,0.5028076339931138,0.0,0.0002376764979302886,1
1.485,PINN Vanilla,0.24291537400405921,0.0309072973762316,0.0007578509648951724,0.0014077236188736741,-0.0002363845705986023,0.5019776821136475,1.0043600723147392,0.5021863260205697,0.0,0.00023638753134276697,1
1.49,PINN Vanilla,0.24282930499395808,0.03125066324985337,0.000746608256569755,0.001342341212750009,-0.00023498386144638062,0.5013598203659058,1.0031200423836708,0.5015663032892761,0.0,0.0002349868046465007,1
1.495,PINN Vanilla,0.2427427500478916,0.03159596772863712,0.0007358335587600517,0.0012767852607839525,-0.00023346394300460815,0.5007435083389282,1.0018837675452232,0.5009481581278095,0.0,0.00023346686716757344,1
1.5,PINN Vanilla,0.2426557296232597,0.03194312919931689,0.0007255765544326552,0.0012113570444739763,-0.00023218244314193726,0.5001305341720581,1.0006542578339577,0.5003333955723008,0.0,0.00023218535125396815,1
1.5050000000000001,PINN Vanilla,0.24256823645593287,0.0322921766415939,0.0007158413081538973,0.0011498060016577605,-0.00023090094327926636,0.49951982498168945,0.9994296804070473,0.4997210991898584,0.0,0.00023090383534036282,1
1.51,PINN Vanilla,0.2424802758150153,0.03264308903477121,0.0007066554730123318,0.0011501292054460488,-0.0002295076847076416,0.4989107847213745,0.9982083886861801,0.49911044568101465,0.0,0.00022951055931801285,1
1.5150000000000001,PINN Vanilla,0.2423918734904047,0.032995763491982306,0.0006980493078942906,0.0011506735049104377,-0.00022786855697631836,0.49830323457717896,0.9969904571771622,0.49850147229913894,0.0,0.00022787141105642464,1
1.52,PINN Vanilla,0.2423030009103549,0.033350313998069966,0.0006900507210327073,0.0011512699804337445,-0.00022671371698379517,0.49769914150238037,0.9957795515656471,0.4978960119100148,0.0,0.0002267165565993966,1
1.5250000000000001,PINN Vanilla,0.24221368861180526,0.03370661872820023,0.0006826626118559461,0.0011516822196807053,-0.00022484362125396729,0.4970971345901489,0.9945724159479141,0.4972924365413915,0.0,0.00022484643744640279,1
1.53,PINN Vanilla,0.24212391083469023,0.03406478045022652,0.0006759133650326629,0.0011521136570399326,-0.00022321194410324097,0.49649685621261597,0.9933697059750557,0.49669107402292134,0.0,0.0002232147398587309,1
1.5350000000000001,PINN Vanilla,0.24203369083690335,0.03442470637852342,0.0006698232869106377,0.001152619340610339,-0.00022158771753311157,0.49589747190475464,0.9921686127781868,0.4960905199025711,0.0,0.00022159049294497534,1
1.54,PINN Vanilla,0.2419430303263354,0.03478638969958843,0.0006644094933503095,0.0011527631519308024,-0.00021995604038238525,0.49530166387557983,0.9909754991531372,0.495493955618103,0.0,0.00021995879535730345,1
1.545,PINN Vanilla,0.24185193336015945,0.03514981422763337,0.0006596972713151998,0.001153220429171653,-0.00021833181381225586,0.4947083592414856,0.9897868186235428,0.494899607909125,0.0,0.00021833454844354786,1
1.55,PINN Vanilla,0.2417604208619029,0.035514896489811626,0.0006556897766020266,0.001153214114805512,-0.00021634995937347412,0.49411582946777344,0.9886002242565155,0.4943063032944954,0.0,0.00021635266918180942,1
1.555,PINN Vanilla,0.24166846733998965,0.03588173818285825,0.000652383125698284,0.001153151218693027,-0.00021448731422424316,0.49352508783340454,0.9874164760112762,0.4937144217585837,0.0,0.00021449000070273191,1
1.56,PINN Vanilla,0.2415760890827761,0.03625027432559428,0.0006498176819481953,0.001152860693342861,-0.00021286308765411377,0.49293750524520874,0.9862402081489563,0.493126280460978,0.0,0.00021286575378897635,1
1.565,PINN Vanilla,0.24148328205173436,0.03662052102942471,0.0006479718049735798,0.0011529567799581364,-0.00021100789308547974,0.49235212802886963,0.9850683137774467,0.49254032593616676,0.0,0.00021101053598381514,1
1.57,PINN Vanilla,0.2413900679050086,0.03699239189080427,0.0006468628092874717,0.0011523989288499958,-0.00020914524793624878,0.4917682409286499,0.9838995262980461,0.49195592487686707,0.0,0.00020914786750473766,1
1.575,PINN Vanilla,0.24129644723178384,0.03736588455922357,0.0006464811663270723,0.0011518840096117478,-0.0002075284719467163,0.49118518829345703,0.9827324897050858,0.4913723992717526,0.0,0.0002075310712648984,1
1.58,PINN Vanilla,0.24120241202585568,0.037741030974835686,0.0006468297432527445,0.0011513583564675134,-0.00020567327737808228,0.4906057119369507,0.9815736338496208,0.4907929640866181,0.0,0.0002056758534597372,1
1.585,PINN Vanilla,0.24110795780494287,0.03811784901936624,0.0006479038821266374,0.001150432068101781,-0.00020393729209899902,0.49002814292907715,0.9804178178310394,0.49021504883896255,0.0,0.00020393984643723697,1
1.59,PINN Vanilla,0.2410131270052852,0.03849616939661285,0.0006496847185016217,0.001149599493483755,-0.0002019628882408142,0.4894520044326782,0.9792654290795326,0.48963884724630774,0.0,0.00020196541784941484,1
1.595,PINN Vanilla,0.2409178737897773,0.03887617497027662,0.000652164583871144,0.0011605366532985509,-0.0001999884843826294,0.4888770580291748,0.9781149178743362,0.4890635844385664,0.0,0.0001999909892615927,1
1.6,PINN Vanilla,0.2408222412546953,0.03925769381098952,0.0006553550918947118,0.0011851102635412752,-0.0001980215311050415,0.4883052706718445,0.9769721925258636,0.48849221460794634,0.0,0.00019802401134768686,1
1.605,PINN Vanilla,0.24072621015829965,0.03964080268223142,0.0006591810790767178,0.0012100052914179177,-0.0001959279179573059,0.48773568868637085,0.9758324101567268,0.48792231628542476,0.0,0.00019593037197720373,1
1.61,PINN Vanilla,0.240629799563337,0.04002542553460124,0.0006636749252157931,0.001234648755814978,-0.0001940801739692688,0.48716700077056885,0.9746954068541527,0.4873538075135886,0.0,0.00019408260484595887,1
1.615,PINN Vanilla,0.2405329998675827,0.04041160067545553,0.000668811896835548,0.00126089178086599,-0.00019199401140213013,0.48660004138946533,0.9735618457198143,0.486787019847427,0.0,0.00019199641614939207,1
1.62,PINN Vanilla,0.24043583354210712,0.04079923845814099,0.0006745528202256521,0.0012874392759476827,-0.0001902654767036438,0.48603546619415283,0.9724346175789833,0.48622339871767994,0.0,0.00019026785980080815,1
1.625,PINN Vanilla,0.24033829260307984,0.041188370733551555,0.0006808828757391219,0.0013143770600933455,-0.00018830597400665283,0.4854738712310791,0.9713110625743866,0.4856616141790532,0.0,0.00018830833256081863,1
1.6300000000000001,PINN Vanilla,0.24024037617791044,0.041579000982821364,0.0006877733896890753,0.0013416554796643124,-0.0001859813928604126,0.4849124550819397,0.970189556479454,0.48510085410808995,0.0,0.0001859837222989299,1
1.635,PINN Vanilla,0.24014207695026296,0.04197115839392509,0.0006952104943093952,0.001369374916076839,-0.00018402189016342163,0.48435258865356445,0.9690706059336662,0.48454137182770335,0.0,0.00018402419505894038,1
1.6400000000000001,PINN Vanilla,0.24004341592197423,0.04236475918160669,0.0007031597571565603,0.0013979596200139957,-0.00018487870693206787,0.4837964177131653,0.9679597690701485,0.4839859464392642,0.0,0.00018488102255931604,1
1.645,PINN Vanilla,0.239944419882319,0.04275969647205972,0.0007115899347083125,0.0014261531440223005,-0.00018806755542755127,0.4832414388656616,0.9668510407209396,0.4834315753211842,0.0,0.0001880699109954967,1
1.6500000000000001,PINN Vanilla,0.23984505501282108,0.043156105181563535,0.0007205003535139064,0.0014553885773733385,-0.0001920163631439209,0.48268765211105347,0.965745098888874,0.48287859747912654,0.0,0.000192018768171141,1
1.655,PINN Vanilla,0.23974533018481745,0.04355394991858342,0.0007298294504312564,0.00148503074163496,-0.0001955777406692505,0.4821353554725647,0.964642234146595,0.4823271582012326,0.0,0.00019558019030313718,1
1.6600000000000001,PINN Vanilla,0.23964527525283674,0.043953111580711884,0.0007395883925508989,0.0015151228011235987,-0.00019913911819458008,0.48158591985702515,0.9635446071624756,0.4817783378352203,0.0,0.00019914161243513335,1
1.665,PINN Vanilla,0.23954483989376324,0.04435379092825249,0.0007497393839199367,0.0015452794257371227,-0.00020302832126617432,0.48103833198547363,0.9624511227011681,0.48123158875655664,0.0,0.00020303086421944716,1
1.67,PINN Vanilla,0.2394440947911582,0.04475570597442822,0.0007602542343346941,0.0015759732394501763,-0.00020647048950195312,0.48049163818359375,0.9613589867949486,0.4806855139638825,0.0,0.00020647307556878237,1
1.675,PINN Vanilla,0.23934300092083438,0.04515901240331304,0.0007710889786482536,0.0016069358842316223,-0.00021092593669891357,0.4799462556838989,0.9602707251906395,0.4801413763464265,0.0,0.00021092857857073574,1
1.68,PINN Vanilla,0.23924156685207817,0.04556367602838041,0.0007822707091929063,0.0016382245950921706,-0.00021469593048095703,0.47940391302108765,0.9591871425509453,0.47959957824058025,0.0,0.0002146986195723886,1
1.685,PINN Vanilla,0.23913980826914488,0.0459696342784677,0.0007937483597503722,0.001670677074853695,-0.00021901726722717285,0.4788631796836853,0.9581082835793495,0.4790601419983655,0.0,0.0002190200104438484,1
1.69,PINN Vanilla,0.23903771708006255,0.04637691943589136,0.0008054892122472975,0.0017026193635062692,-0.00022326409816741943,0.47832393646240234,0.9570319727063179,0.47852197982139044,0.0,0.00022326689457614508,1
1.695,PINN Vanilla,0.23893528462604838,0.046785566044217276,0.0008174894656795062,0.0017349698268473296,-0.00022789835929870605,0.47778546810150146,0.9559572413563728,0.4779846074158505,0.0,0.0002279012137520899,1
1.7,PINN Vanilla,0.2388325651606043,0.04719535766316027,0.0008297364345582785,0.0017680290348916564,-0.00023245811462402344,0.4772496819496155,0.9548881649971008,0.4774500625410618,0.0,0.0002324610261888716,1
1.705,PINN Vanilla,0.23872949397405824,0.047606552447113704,0.0008422064437836041,0.001801223625563772,-0.00023667514324188232,0.4767162799835205,0.9538233950734138,0.47691767091103493,0.0,0.00023667810762550306,1
1.71,PINN Vanilla,0.23862612537211841,0.04801893374751929,0.000854866795823507,0.0018349854921191136,-0.00024119019508361816,0.4761834144592285,0.9527599886059761,0.4763859610176714,0.0,0.0002411932160187869,1
1.715,PINN Vanilla,0.238522436794218,0.04843259156806978,0.0008677228845777059,0.0018684310044990785,-0.0002458244562149048,0.4756523370742798,0.951700285077095,0.475856102616776,0.0,0.00024582753519473174,1
1.72,PINN Vanilla,0.23841846299108804,0.04884738727332473,0.0008807245165281915,0.001902593430421179,-0.0002500563859939575,0.47512322664260864,0.9506441131234169,0.4753280100255988,0.0,0.0002500595179791958,1
1.725,PINN Vanilla,0.23831416912622994,0.049263459840887834,0.0008938957451769503,0.0019372137844272802,-0.0002554655075073242,0.47459644079208374,0.9495935291051865,0.4748027114371403,0.0,0.00025546870724243683,1
1.73,PINN Vanilla,0.23820957669744025,0.04968072350690877,0.000907198679554435,0.0019717687278423407,-0.0002591460943222046,0.4740702509880066,0.9485426545143127,0.47427726756054034,0.0,0.000259149340157094,1
1.735,PINN Vanilla,0.23810467357048998,0.05009922667998593,0.0009206438190605544,0.0020064450108224358,-0.0002643465995788574,0.4735453724861145,0.9474959149956703,0.4737538912459522,0.0,0.00026434991055067835,1
1.74,PINN Vanilla,0.23799948745199273,0.05051885882665812,0.0009341988557001205,0.0020416486970890463,-0.0002687722444534302,0.4730231761932373,0.9464537724852562,0.4732328134642672,0.0,0.0002687756108569665,1
1.745,PINN Vanilla,0.2378940072928642,0.050939664026420195,0.0009478181984877622,0.002077039405765438,-0.0002733767032623291,0.47250258922576904,0.9454150274395943,0.4727134344362352,0.0,0.00027338012733724604,1
1.75,PINN Vanilla,0.23778823885443928,0.05136161929485776,0.0009615527423177778,0.0021127425898659763,-0.0002781301736831665,0.4719834327697754,0.9443791657686234,0.4721954971136059,0.0,0.0002781336572958518,1
1.7550000000000001,PINN Vanilla,0.2376821730528269,0.051784760871474385,0.0009753749999300865,0.0021488269408838218,-0.00028248131275177,0.4714648127555847,0.9433439821004868,0.4716778987966399,0.0,0.00028248485086297686,1
1.76,PINN Vanilla,0.2375758439861797,0.052208952724242336,0.0009892471013576271,0.002184758649890761,-0.0002872943878173828,0.4709491729736328,0.9423152282834053,0.4711635154454687,0.0,0.0002872979862129131,1
1.7650000000000001,PINN Vanilla,0.23746923488136884,0.05263426176830363,0.0010031786365690763,0.0022210726304338763,-0.00029203295707702637,0.47043538093566895,0.9412902072072029,0.4706509984881136,0.0,0.0002920366148236863,1
1.77,PINN Vanilla,0.2373623318328812,0.05306074347866209,0.0010171652343863985,0.002257348845939533,-0.0002960711717605591,0.4699220061302185,0.9402652010321617,0.47013848898143235,0.0,0.00029607488008632626,1
1.7750000000000001,PINN Vanilla,0.2372551506704038,0.05348833470396602,0.0010311932786886563,0.0022941643873327644,-0.0003011375665664673,0.4694101810455322,0.9392444491386414,0.46962810664215426,0.0,0.00030114133834941706,1
1.78,PINN Vanilla,0.23714771512541566,0.05391694076925643,0.0010452343933841427,0.002331260655833986,-0.00030584633350372314,0.46890050172805786,0.9382272660732269,0.4691195087392791,0.0,0.000305850164264525,1
1.7850000000000001,PINN Vanilla,0.23704001197481417,0.054346614427111244,0.0010593022325725595,0.00236839275488257,-0.00031006336212158203,0.46839284896850586,0.9372141286730766,0.46861293369437224,0.0,0.00031006724570115644,1
1.79,PINN Vanilla,0.2369320344802615,0.054777382559624874,0.0010734005460652219,0.0024054189229395645,-0.000314563512802124,0.4678860902786255,0.9362028241157532,0.46810727508235705,0.0,0.00031456745274660765,1
1.795,PINN Vanilla,0.23682380486671273,0.05520915650200269,0.0010874850277985512,0.002442643286126381,-0.0003182739019393921,0.4673802852630615,0.9351925179362297,0.4676021156654943,0.0,0.00031827788835693007,1
1.8,PINN Vanilla,0.23671531471404228,0.05564196984570532,0.0011015697063390265,0.002480527830447332,-0.00032286345958709717,0.46687668561935425,0.93418750166893,0.4670996012378718,0.0,0.000322867503489377,1
1.805,PINN Vanilla,0.23660655896197091,0.056075842778338054,0.0011156772967824715,0.0025183014761979566,-0.0003269463777542114,0.4663752317428589,0.9331866353750229,0.466599161822935,0.0,0.0003269504727955149,1
1.81,PINN Vanilla,0.23649755537554665,0.05651070442757155,0.0011297441306765527,0.0025562055656747074,-0.0003315657377243042,0.4658747911453247,0.9321882054209709,0.46609994059318355,0.0,0.0003315698906236271,1
1.815,PINN Vanilla,0.23638831473163538,0.056946511799905924,0.0011437963546991271,0.0025942958687424217,-0.0003357231616973877,0.4653749465942383,0.9311902746558189,0.4656009689610083,0.0,0.00033572736666892804,1
1.82,PINN Vanilla,0.23627879992649478,0.05738341291794403,0.001157840968634427,0.002632668088356896,-0.00033964216709136963,0.4648778438568115,0.9301978200674057,0.4651047354514972,0.0,0.00033964642114890707,1
1.825,PINN Vanilla,0.23616905692401713,0.05782122441217798,0.0011718519557131163,0.0026704265176399483,-0.0003438889980316162,0.46438199281692505,0.9292079657316208,0.4646098020845846,0.0,0.00034389330528120375,1
1.83,PINN Vanilla,0.23605905464282623,0.05826007027943169,0.0011858614466957595,0.002709058869767189,-0.00034737586975097656,0.46388745307922363,0.9282202124595642,0.46411591926269413,0.0,0.0003473802206740369,1
1.835,PINN Vanilla,0.2359488389498598,0.05869976753699022,0.0011997926392131718,0.0027474379801710053,-0.0003506988286972046,0.4633937478065491,0.9272339642047882,0.46362278895886927,0.0,0.0003507032212407111,1
1.84,PINN Vanilla,0.23583836974324407,0.05914047616827738,0.0012137016821940367,0.0027856108236125054,-0.00035452842712402344,0.4629019498825073,0.9262517988681793,0.4631317001396974,0.0,0.00035453286763369445,1
1.845,PINN Vanilla,0.23572766282656288,0.05958213312607836,0.0012275643777061233,0.002824433713893168,-0.0003578588366508484,0.46241241693496704,0.9252739101648331,0.4626427496639396,0.0,0.000357863318874285,1
1.85,PINN Vanilla,0.23561674079021533,0.06002464828768679,0.0012413822966581387,0.002862961425310645,-0.00036162883043289185,0.46192365884780884,0.924297884106636,0.4621547305224213,0.0,0.00036163335987593785,1
1.855,PINN Vanilla,0.23550556896177977,0.060468159976133674,0.00125515283945299,0.0029016371967675453,-0.0003651231527328491,0.4614359140396118,0.9233239740133286,0.4616677693765991,0.0,0.00036512772594268723,1
1.86,PINN Vanilla,0.2353941906500865,0.06091249541408215,0.0012688524945412786,0.002940059099737255,-0.0003679543733596802,0.46095019578933716,0.9223526120185852,0.4611820822960166,0.0,0.00036795898203088504,1
1.865,PINN Vanilla,0.2352825757694077,0.06135777462629138,0.0012825089496009909,0.0029787194752175367,-0.00037156790494918823,0.460466206073761,0.9213864505290985,0.46069899550063087,0.0,0.00037157255888029537,1
1.87,PINN Vanilla,0.23517074135763272,0.06180392964137718,0.0012960888194930174,0.003017098613109531,-0.0003745034337043762,0.4599831700325012,0.920420803129673,0.4602161657534953,0.0,0.00037450812440332153,1
1.875,PINN Vanilla,0.23505868705304656,0.062250961902374446,0.0013096307052958356,0.003055466850749325,-0.0003775879740715027,0.45950114727020264,0.91945780813694,0.4597346622263168,0.0,0.00037759270340467386,1
1.8800000000000001,PINN Vanilla,0.23494642208124306,0.06269883460446705,0.0013230917749762336,0.0030939431025187175,-0.0003802105784416199,0.4590209126472473,0.9184974506497383,0.45925447746842146,0.0,0.00038021534062321495,1
1.885,PINN Vanilla,0.23483394163178728,0.06314756693852513,0.0013364750776233857,0.003131673804173951,-0.0003823116421699524,0.4585425853729248,0.9175408631563187,0.458776177731027,0.0,0.00038231643066761437,1
1.8900000000000001,PINN Vanilla,0.23472124088305732,0.06359717814004841,0.0013497974478708444,0.0031699287454265146,-0.0003848746418952942,0.4580657482147217,0.9165877252817154,0.45829960282464416,0.0,0.000384879462494825,1
1.895,PINN Vanilla,0.23460833962122957,0.06404758927356713,0.0013630463944515297,0.0032078506488312786,-0.00038755685091018677,0.45758873224258423,0.9156339839100838,0.4578227261659677,0.0,0.0003875617051046966,1
1.9000000000000001,PINN Vanilla,0.23449522086807917,0.06449886807243853,0.001376236075487817,0.0032454905623501284,-0.0003898888826370239,0.45711392164230347,0.9146843105554581,0.4573478835412704,0.0,0.00038989376604050164,1
1.905,PINN Vanilla,0.23438190402942258,0.0649509371186104,0.001389326854728899,0.003283236785429633,-0.000392228364944458,0.4566415548324585,0.9137400016188622,0.45687572315918296,0.0,0.000392233277650223,1
1.9100000000000001,PINN Vanilla,0.23426838992191512,0.06540379315409742,0.001402330924218355,0.003320299498543261,-0.0003939121961593628,0.45616966485977173,0.9127956405282021,0.4564035366997368,0.0,0.000393917129955309,1
1.915,PINN Vanilla,0.23415467580472743,0.06585744711323323,0.0014152690564082897,0.003357196319721062,-0.00039605796337127686,0.4556986093521118,0.9118534103035927,0.4559324156866607,0.0,0.0003960629240432063,1
1.92,PINN Vanilla,0.2340407450277884,0.06631196542023021,0.0014281260484033445,0.0033937791959454122,-0.00039764493703842163,0.4552292227745056,0.9109141975641251,0.45546280343505263,0.0,0.00039764991758738035,1
1.925,PINN Vanilla,0.23392664363329949,0.06676716439317196,0.0014408813459551024,0.0034302248223664344,-0.00039899349212646484,0.4547620415687561,0.9099789187312126,0.4549951581613585,0.0,0.00039899848956623246,1
1.93,PINN Vanilla,0.23381232740627872,0.06722322042441951,0.0014535755677376279,0.003466512190746923,-0.00040056556463241577,0.454295814037323,0.909045897424221,0.45452864166476264,0.0,0.0004005705817625739,1
1.935,PINN Vanilla,0.23369783148154602,0.06767999334623863,0.00146616590358689,0.003502280810609104,-0.00040175020694732666,0.4538304805755615,0.9081143885850906,0.4540628814115693,0.0,0.00040175523891526713,1
1.94,PINN Vanilla,0.23358314293432045,0.06813753472107548,0.0014786740008628434,0.0035382423501073013,-0.00040297210216522217,0.4533657431602478,0.9071838706731796,0.4535976166281914,0.0,0.000402977149437542,1
1.945,PINN Vanilla,0.23346828194978358,0.06859576402165896,0.0014910919434004515,0.003573160505466938,-0.0004041418433189392,0.4529041647911072,0.9062597453594208,0.4531355481839236,0.0,0.00040414690524240266,1
1.95,PINN Vanilla,0.23335321412400317,0.06905481849990174,0.0015034146458017188,0.003608330789704378,-0.0004046708345413208,0.4524431824684143,0.9053364098072052,0.4526738746253734,0.0,0.00040467590309046066,1
1.955,PINN Vanilla,0.23323798253461048,0.06951452630081817,0.0015156502413091204,0.003642765588311614,-0.0004050061106681824,0.45198237895965576,0.9044129997491837,0.4522121638134536,0.0,0.0004050111834166946,1
1.96,PINN Vanilla,0.2331225509094345,0.06997503212951948,0.0015277900093039717,0.0036771927393021153,-0.00040574371814727783,0.45152342319488525,0.9034936800599098,0.4517524982115238,0.0,0.0004057488001344093,1
1.965,PINN Vanilla,0.23300696162505072,0.07043616692782981,0.0015398273633451148,0.003711128081953341,-0.0004064813256263733,0.451066792011261,0.9025788977742195,0.4512951013398015,0.0,0.00040648641685212396,1
1.97,PINN Vanilla,0.23289118336888404,0.07089805561492361,0.0015517956941699367,0.0037450058419437604,-0.0004063025116920471,0.45061129331588745,0.9016658291220665,0.45083856129557964,0.0,0.0004063076006781325,1
1.975,PINN Vanilla,0.2327752412335054,0.07136059808586731,0.0015636447826515806,0.0037784938685417324,-0.00040621310472488403,0.45015615224838257,0.9007533192634583,0.4503823006516296,0.0,0.0004062181925911368,1
1.98,PINN Vanilla,0.2326591276079864,0.07182382470389015,0.0015754046696900724,0.0038111854841691994,-0.0004061982035636902,0.4497022032737732,0.8998433873057365,0.44992732897426707,0.0,0.0004062032912433042,1
1.985,PINN Vanilla,0.23254283604112352,0.07228776120558567,0.0015870576364948716,0.0038440805613291773,-0.0004059523344039917,0.4492507576942444,0.8989381194114685,0.44947468935784035,0.0,0.00040595741900406596,1
1.99,PINN Vanilla,0.2324263758442781,0.07275237044397471,0.0015986328421436096,0.003876199059799579,-0.00040584057569503784,0.4487999677658081,0.8980342894792557,0.4490227687314466,0.0,0.00040584565889532133,1
1.995,PINN Vanilla,0.23230974848295477,0.07321764657253636,0.0016101066321377365,0.0039085614828385795,-0.00040537863969802856,0.448350191116333,0.8971323817968369,0.44857180924198803,0.0,0.0004053837171125101,1
2.0,PINN Vanilla,0.2321929606582011,0.07368356285794277,0.0016214672973570616,0.003940245795164443,-0.0004044175148010254,0.44790107011795044,0.8962312862277031,0.4481212558142579,0.0,0.00040442258017730614,1
2.005,PINN Vanilla,0.2320760077385752,0.0741501377769848,0.0016327234303087873,0.00397154930650484,-0.00040403008460998535,0.4474542737007141,0.8953354135155678,0.4476733138477354,0.0,0.000404035145133658,1
2.0100000000000002,PINN Vanilla,0.2319588927818729,0.07461735913081481,0.0016439064764293611,0.004002679691569838,-0.000402107834815979,0.44700896739959717,0.8944405019283295,0.44722585244968055,0.0,0.00040211287126325,1
2.015,PINN Vanilla,0.2318416405450534,0.07508512815339707,0.0016549571993053644,0.004033399166741808,-0.00040106475353240967,0.4465638995170593,0.8935474380850792,0.4467793149351913,0.0,0.0004010697769149666,1
2.02,PINN Vanilla,0.23172421941721996,0.07555357095403818,0.0016659186994015885,0.004063830301041904,-0.00040002167224884033,0.44611984491348267,0.8926563933491707,0.4463337869870177,0.0,0.00040002668256668324,1
2.025,PINN Vanilla,0.23160663984335578,0.07602264586325941,0.0016767694402879387,0.004093827470374178,-0.00039821863174438477,0.44567787647247314,0.8917687609791756,0.4458899652431709,0.0,0.0003982236194789362,1
2.0300000000000002,PINN Vanilla,0.23148890305403713,0.07649234797176879,0.0016875454943292862,0.00412349637340137,-0.0003968924283981323,0.4452369213104248,0.8908835127949715,0.4454473356071508,0.0,0.00039689739952183305,1
2.035,PINN Vanilla,0.23137102270866183,0.07696262278642117,0.001698194810477277,0.004152914880405728,-0.0003951340913772583,0.44479721784591675,0.8900003433227539,0.445005745340142,0.0,0.0003951390404775839,1
2.04,PINN Vanilla,0.2312530038227608,0.0774334502981314,0.0017087421728818727,0.0041816081557880524,-0.00039314478635787964,0.44435757398605347,0.8891171738505363,0.4445641550731332,0.0,0.0003931497105419291,1
2.045,PINN Vanilla,0.23113481107133405,0.07790497143334273,0.0017192105300331971,0.004210774690021291,-0.00039108097553253174,0.4439206123352051,0.8882391825318336,0.44412515391531027,0.0,0.0003910858738671112,1
2.05,PINN Vanilla,0.23101649600061572,0.07837698055221239,0.0017295537317628031,0.004238799678895705,-0.0003886297345161438,0.44348466396331787,0.8873627111315727,0.44368691272622685,0.0,0.00038863460214864524,1
2.055,PINN Vanilla,0.23089802618305366,0.07884960702203243,0.001739803157065064,0.0042670083745568466,-0.0003864467144012451,0.44304943084716797,0.886488176882267,0.4432496401247525,0.0,0.00038645155469116643,1
2.06,PINN Vanilla,0.2307794266627417,0.0793227509312651,0.0017499279837976812,0.00429501867652754,-0.00038436800241470337,0.4426151514053345,0.8856158927083015,0.44281349257503955,0.0,0.0003843728166685159,1
2.065,PINN Vanilla,0.2306606641320793,0.0797965451580897,0.0017599700920835186,0.004322204771060073,-0.00038114190101623535,0.4421824812889099,0.8847453221678734,0.44237820185282695,0.0,0.0003811466748627537,1
2.07,PINN Vanilla,0.23054178675880901,0.08027079754090265,0.0017699036750497377,0.004349079324333482,-0.0003784596920013428,0.4417511224746704,0.883878156542778,0.4419446136096043,0.0,0.0003784644322528821,1
2.075,PINN Vanilla,0.23042275588418748,0.08074566230586695,0.0017797338601863186,0.004376207019962108,-0.0003757178783416748,0.4413209557533264,0.8830130770802498,0.4415120684607299,0.0,0.00037572258425168007,1
2.08,PINN Vanilla,0.23030360431239771,0.08122100858314986,0.0017894642355535425,0.0044025845528413154,-0.00037214159965515137,0.440890908241272,0.8821472898125648,0.44107916940484443,0.0,0.0003721462607718512,1
2.085,PINN Vanilla,0.2301843115636656,0.08169691807527736,0.001799077244165076,0.004429200034971076,-0.00036926567554473877,0.44046252965927124,0.8812858909368515,0.44064846457242735,0.0,0.0003692703006401556,1
2.09,PINN Vanilla,0.2300648920469217,0.0821733332988993,0.00180858776130449,0.004454886655106793,-0.00036579370498657227,0.440036416053772,0.8804284334182739,0.44021973044326107,0.0,0.00036579828659515513,1
2.095,PINN Vanilla,0.22994533595484534,0.08265029337958767,0.0018179974703237919,0.0044801168547176085,-0.0003620237112045288,0.43961066007614136,0.8795713856816292,0.43979120120762755,0.0,0.00036202824559350226,1
2.1,PINN Vanilla,0.22982565519792422,0.08312775080134314,0.0018272936432006824,0.0045054474603455075,-0.00035834312438964844,0.4391852617263794,0.8787149116396904,0.4393629588229398,0.0,0.0003583476126788452,1
2.105,PINN Vanilla,0.22970583396138727,0.08360576865601123,0.0018365065944776302,0.004530185875942255,-0.0003548264503479004,0.43876105546951294,0.8778613433241844,0.4389361693196657,0.0,0.00035483089459034683,1
2.11,PINN Vanilla,0.2295859026367421,0.08408422569894704,0.0018455961413986668,0.004554875939958514,-0.00035099685192108154,0.4383391737937927,0.8770119920372963,0.43851148835711,0.0,0.0003510012481973635,1
2.115,PINN Vanilla,0.22946584930604283,0.08456316947590373,0.0018545748982400228,0.004579040013353269,-0.0003462284803390503,0.4379180073738098,0.876163013279438,0.43808699366140214,0.0,0.0003462328168909251,1
2.12,PINN Vanilla,0.2293456623347493,0.08504264640200836,0.0018634725065774002,0.00460325999789582,-0.00034268200397491455,0.43749791383743286,0.8753177598118782,0.4376643616341734,0.0,0.00034268629610676154,1
2.125,PINN Vanilla,0.22922536082289835,0.08552258027909349,0.0018722405227301116,0.004626769020335791,-0.00033821165561676025,0.4370778203010559,0.8744713440537453,0.43724114845437917,0.0,0.00033821589175697555,1
2.13,PINN Vanilla,0.2291049378829914,0.08600299858431926,0.001880905657234906,0.004650172002743924,-0.0003338754177093506,0.4366603493690491,0.8736303150653839,0.43682062869320565,0.0,0.00033387959953768315,1
2.1350000000000002,PINN Vanilla,0.22898442211660658,0.08648378721383063,0.0018894676376239091,0.004672943226963461,-0.0003289729356765747,0.43624353408813477,0.8727900236845016,0.43640047774039104,0.0,0.0003289770561007512,1
2.14,PINN Vanilla,0.22886375910989393,0.08696516324760903,0.0018979250300768112,0.004695760160814244,-0.00032420456409454346,0.43582749366760254,0.8719514235854149,0.43598117243906587,0.0,0.0003242086247943128,1
2.145,PINN Vanilla,0.22874299368566578,0.08744694786839967,0.0019062917553611266,0.004717983563188172,-0.00031994283199310303,0.4354119896888733,0.8711145147681236,0.43556271278923026,0.0,0.00031994683931418346,1
2.15,PINN Vanilla,0.22862210109814987,0.08792923979760879,0.0019145491372308356,0.004740489744433446,-0.00031460821628570557,0.4349987506866455,0.8702810704708099,0.43514598542108013,0.0,0.0003146121567901055,1
2.1550000000000002,PINN Vanilla,0.22850112037526238,0.088411883336286,0.001922696087775372,0.004762380642951841,-0.0003096163272857666,0.43458646535873413,0.8694497495889664,0.43473031977396315,0.0,0.00030962020526617784,1
2.16,PINN Vanilla,0.22838001120630447,0.0888950393009471,0.0019307299965119497,0.00478383354578632,-0.00030390918254852295,0.43417447805404663,0.8686184361577034,0.4343146578521831,0.0,0.00030391298904628437,1
2.165,PINN Vanilla,0.22825879643897753,0.08937861654239747,0.0019386678970318891,0.004804835920653755,-0.0002987384796142578,0.43376320600509644,0.8677889704704285,0.43389991981396864,0.0,0.00029874222134836526,1
2.17,PINN Vanilla,0.22813747156116815,0.08986263306137593,0.0019465069275992036,0.004825911959263823,-0.00029334425926208496,0.43335407972335815,0.8669638112187386,0.433487335020516,0.0,0.0002933479334329568,1
2.1750000000000003,PINN Vanilla,0.2280160560085251,0.0903470113208164,0.0019542302767056514,0.004846389702582055,-0.0002879202365875244,0.43294596672058105,0.8661405295133591,0.43307568901197685,0.0,0.00028792384282188313,1
2.18,PINN Vanilla,0.22789452022857015,0.09083186921811874,0.0019618650854939298,0.004866986392835948,-0.00028246641159057617,0.4325385093688965,0.8653185367584229,0.4326646874867314,0.0,0.0002824699495151442,1
2.185,PINN Vanilla,0.22777288684899266,0.09131711648181003,0.0019693782242104605,0.00488726344150936,-0.0002770274877548218,0.4321320056915283,0.8644985780119896,0.4322547029784756,0.0,0.00027703095755623796,1
2.19,PINN Vanilla,0.22765115137632425,0.09180277103824598,0.0019767934988440534,0.004906885888559809,-0.00027120113372802734,0.43172645568847656,0.863679900765419,0.4318453592281766,0.0,0.00027120453055368355,1
2.195,PINN Vanilla,0.2275293203997421,0.09228880660039737,0.0019841036666395726,0.0049267234036437235,-0.00026513636112213135,0.43132269382476807,0.862864688038826,0.4314377477595631,0.0,0.0002651396819858072,1
2.2,PINN Vanilla,0.22740738714734715,0.09277525018424876,0.0019913070828598525,0.004945585405471908,-0.00025881826877593994,0.43091899156570435,0.8620495721697807,0.43103018472033006,0.0,0.0002588215105047763,1
2.205,PINN Vanilla,0.22728535102995429,0.09326210414030996,0.0019984095071110056,0.004964601398485119,-0.000253140926361084,0.43051677942276,0.8612379655241966,0.4306243763148043,0.0,0.0002531440969805481,1
2.21,PINN Vanilla,0.22716322272374584,0.0937493258767507,0.0020054028498987585,0.004983090607355051,-0.00024677813053131104,0.4301148056983948,0.8604260310530663,0.43021840399445244,0.0,0.0002467812214560194,1
2.215,PINN Vanilla,0.22704100510752473,0.09423690390880217,0.0020122864422087217,0.005001617759006649,-0.00024047493934631348,0.429715096950531,0.8596189245581627,0.42981484569244943,0.0,0.00024047795132282115,1
2.22,PINN Vanilla,0.2269186801104634,0.09472491032867837,0.002019087963941254,0.005019454506303894,-0.0002339780330657959,0.4293162226676941,0.8588131740689278,0.4294119654017728,0.0,0.00023398096366779883,1
2.225,PINN Vanilla,0.22679627021854826,0.09521325543021956,0.002025768503301208,0.005037678319861155,-0.00022795796394348145,0.42891794443130493,0.8580090925097466,0.42900991958657475,0.0,0.00022796081914342036,1
2.23,PINN Vanilla,0.22667376531122085,0.09570197958863616,0.0020323659967794133,0.005054939269127201,-0.00022129714488983154,0.4285198450088501,0.8572047278285027,0.42860773220857235,0.0,0.00022129991666223925,1
2.235,PINN Vanilla,0.22655118914979236,0.09619098800995578,0.0020388376559671425,0.0050723572507765935,-0.00021409988403320312,0.4281237721443176,0.8564038798213005,0.4282073031896142,0.0,0.0002141025656590838,1
2.24,PINN Vanilla,0.22642849255595598,0.09668047688735237,0.0020452206163275744,0.005089387412388402,-0.00020726025104522705,0.42772918939590454,0.8556066080927849,0.42780866233239595,0.0,0.00020726284700391123,1
2.245,PINN Vanilla,0.22630572646065755,0.09717024303562975,0.00205149009961662,0.0051062374111084385,-0.00020107626914978027,0.42733442783355713,0.854809395968914,0.42741005127787335,0.0,0.00020107878765337394,1
2.25,PINN Vanilla,0.22618286135616722,0.09766040417366746,0.0020576735530467897,0.005122345638188502,-0.00019331276416778564,0.42694079875946045,0.8540128767490387,0.42701178667968787,0.0,0.00019331518543257893,1
2.255,PINN Vanilla,0.22605993104977412,0.09815082542981597,0.002063725797934463,0.005138640606057759,-0.0001869797706604004,0.42654842138290405,0.8532204031944275,0.4266155449394707,0.0,0.00018698211260371545,1
2.2600000000000002,PINN Vanilla,0.22593691362976073,0.09864159421923227,0.002069697085123706,0.005154308845515432,-0.0001799464225769043,0.42615747451782227,0.8524299785494804,0.426220327666917,0.0,0.00017994867642671882,1
2.265,PINN Vanilla,0.22581379564555437,0.0991327642019693,0.0020755563022581067,0.005170080814675515,-0.0001726597547531128,0.4257670044898987,0.8516404926776886,0.42582557978682,0.0,0.00017266191733656763,1
2.27,PINN Vanilla,0.22569060851414283,0.09962421004230582,0.002081326157167011,0.0051855967695746685,-0.00016561150550842285,0.42537713050842285,0.8508523106575012,0.4254314838406907,0.0,0.0001656135798117384,1
2.275,PINN Vanilla,0.22556734033249637,0.10011597922648799,0.0020869793558944386,0.00520021016150618,-0.0001583397388458252,0.42498815059661865,0.8500655815005302,0.4250381143352682,0.0,0.00015834172206941985,1
2.2800000000000002,PINN Vanilla,0.22544400346231414,0.10060802243844237,0.002092535856002437,0.005215145865650805,-0.00015135109424591064,0.4246014356613159,0.8492840230464935,0.4246473302136948,0.0,0.00015135298993592108,1
2.285,PINN Vanilla,0.22532056865316852,0.10110045637056055,0.0020979883997082637,0.005230036340440614,-0.00014369189739227295,0.4242147207260132,0.848501555621624,0.42425609160101235,0.0,0.0001436936971499544,1
2.29,PINN Vanilla,0.22519705789881544,0.10159319328039944,0.0021033632205298912,0.005244170697171452,-0.00013595819473266602,0.42382901906967163,0.8477211594581604,0.4238658886320043,0.0,0.00013595989762482465,1
2.295,PINN Vanilla,0.22507348595871343,0.10208617428620403,0.0021085989070982404,0.005258166873682968,-0.00012862682342529297,0.42344337701797485,0.8469410464167595,0.4234758272258007,0.0,0.0001286284344911756,1
2.3000000000000003,PINN Vanilla,0.22494982979125208,0.10257949131075439,0.00211377404142043,0.005272289331393704,-0.00012122094631195068,0.42306017875671387,0.8461658731102943,0.42308823571800036,0.0,0.00012122246461836349,1
2.305,PINN Vanilla,0.2248260958401768,0.10307311864721051,0.002118813959515376,0.005285291123965502,-0.00011365115642547607,0.4226774573326111,0.8453919589519501,0.4227012737921459,0.0,0.00011365257991939255,1
2.31,PINN Vanilla,0.22470229935344754,0.1035669954649774,0.00212378073034328,0.005298577713233166,-0.00010608136653900146,0.4222950339317322,0.8446181640028954,0.4223143714716828,0.0,0.0001060826952204216,1
2.315,PINN Vanilla,0.22457842371828324,0.10406118803950175,0.0021286262252108727,0.00531122998111247,-9.873509407043457e-05,0.4219135642051697,0.8438462689518929,0.421928419112144,0.0,9.873633073893995e-05,1
2.32,PINN Vanilla,0.22445449148033475,0.10455560642659695,0.0021333718232370655,0.005324455932410627,-9.033083915710449e-05,0.42153340578079224,0.8430766463279724,0.4215436029803775,0.0,9.033197056134229e-05,1
2.325,PINN Vanilla,0.22433047087581548,0.10505037734551212,0.0021380276531156295,0.005336796340174199,-8.301436901092529e-05,0.421154260635376,0.8423100262880325,0.4211602881594051,0.0,8.301540877552588e-05,1
2.33,PINN Vanilla,0.22420638775055832,0.10554539768623152,0.0021425899412929783,0.005348641112476321,-7.550418376922607e-05,0.4207761287689209,0.8415446430444717,0.42077759174436774,0.0,7.550512946788542e-05,1
2.335,PINN Vanilla,0.22408224355142278,0.10604066167661735,0.0021470364024641937,0.005360767863344967,-6.739795207977295e-05,0.42039817571640015,0.8407797366380692,0.4203951337508957,0.0,6.739879624694015e-05,1
2.34,PINN Vanilla,0.22395801982349223,0.10653624294117828,0.002151400583955857,0.0053726058868307225,-5.9232115745544434e-05,0.42002129554748535,0.8400165513157845,0.42001353631026106,0.0,5.92328576346644e-05,1
2.345,PINN Vanilla,0.2238337380906662,0.10703205561192808,0.0021556582077680484,0.005384338788979148,-5.130469799041748e-05,0.41964590549468994,0.8392567113041878,0.41963361154592055,0.0,5.130534058771057e-05,1
2.35,PINN Vanilla,0.2237094077165122,0.10752806233361503,0.002159797579441162,0.005394896012331646,-4.404783248901367e-05,0.4192711114883423,0.8384984955191612,0.41925449890503697,0.0,4.404838419322465e-05,1
2.355,PINN Vanilla,0.22358497654696602,0.10802447117097475,0.0021638707512435192,0.0054060778825749944,-3.5881996154785156e-05,0.41889703273773193,0.8377411589026451,0.4188758258539144,0.0,3.58824455809489e-05,1
2.36,PINN Vanilla,0.22346051873357686,0.1085209863019517,0.0021678306047781784,0.005416503506688708,-2.7611851692199707e-05,0.418523371219635,0.8369844406843185,0.4184974620057594,0.0,2.7612197533844814e-05,1
2.365,PINN Vanilla,0.22333597516393044,0.10901784355109824,0.002171688284404699,0.00542721555616546,-1.9669532775878906e-05,0.4181514382362366,0.8362317383289337,0.4181211061142248,0.0,1.9669779139058366e-05,1
2.37,PINN Vanilla,0.2232113821474878,0.10951489806453722,0.0021754618945397344,0.005437345215216494,-1.1667609214782715e-05,0.41778022050857544,0.8354800492525101,0.4177452568685166,0.0,1.166775535294144e-05,1
2.375,PINN Vanilla,0.22308674693719163,0.11001212090719678,0.0021791023440913258,0.005446920827152146,-3.769993782043457e-06,0.41740989685058594,0.8347303792834282,0.417370417189124,0.0,3.7700410016528535e-06,1
2.38,PINN Vanilla,0.22296202581401942,0.11050968649284479,0.0021826846060973085,0.005456896063366717,5.140900611877441e-06,0.4170396327972412,0.8339799270033836,0.4169951863493508,0.0,0.0,1
2.3850000000000002,PINN Vanilla,0.22283725828320172,0.11100743721832088,0.002186148885541567,0.005466439473820112,1.2636184692382812e-05,0.41667062044143677,0.8332332819700241,0.4166218591567632,0.0,0.0,1
2.39,PINN Vanilla,0.2227124295629061,0.11150543205463917,0.002189528650581162,0.005475646757553715,2.0742416381835938e-05,0.4163029193878174,0.8324886411428452,0.41624953407981735,0.0,0.0,1
2.395,PINN Vanilla,0.2225875519290641,0.11200362202788963,0.0021927977484592063,0.005484607070392583,2.9042363166809082e-05,0.4159359335899353,0.8317452445626259,0.4158778311341435,0.0,0.0,1
2.4,PINN Vanilla,0.22246260789630412,0.11250207689465345,0.0021959907464630967,0.005493176240022463,3.7044286727905273e-05,0.41556936502456665,0.8310030996799469,0.41550675404507864,0.0,0.0,1
2.4050000000000002,PINN Vanilla,0.22233762291145398,0.11300069513671578,0.0021990754392665693,0.005501373612343069,4.5239925384521484e-05,0.4152030348777771,0.8302613571286201,0.41513587812420955,0.0,0.0,1
2.41,PINN Vanilla,0.22221257311624806,0.11349957193484146,0.0022020687843803057,0.0055098459430589775,5.3182244300842285e-05,0.41483932733535767,0.8295247554779053,0.4147675726858415,0.0,0.0,1
2.415,PINN Vanilla,0.2220874838083535,0.11399860636588105,0.0022049588705500655,0.005517747521044086,6.164610385894775e-05,0.4144755005836487,0.8287879899144173,0.4143991852900605,0.0,0.0,1
2.42,PINN Vanilla,0.22196232328364798,0.1144979249110574,0.0022077637468494045,0.005525275115529832,6.940960884094238e-05,0.4141123294830322,0.8280527591705322,0.4140315653136928,0.0,0.0,1
2.4250000000000003,PINN Vanilla,0.22183713459738857,0.11499735580464514,0.002210470233688856,0.00553285726426761,7.748603820800781e-05,0.4137498736381531,0.8273187652230263,0.41366456374326016,0.0,0.0,1
2.43,PINN Vanilla,0.22171187856504032,0.11549705537041355,0.002213076833569776,0.005540562935926335,8.584558963775635e-05,0.41338855028152466,0.8265869915485382,0.413298672323241,0.0,0.0,1
2.435,PINN Vanilla,0.22158658915796917,0.11599688808214091,0.0022155923563753578,0.005547318139528273,9.441375732421875e-05,0.41302812099456787,0.825856439769268,0.41293339185848305,0.0,0.0,1
2.44,PINN Vanilla,0.22146124934574385,0.11649692188145803,0.0022180045596738207,0.00555380098366684,0.00010210275650024414,0.41266846656799316,0.8251286819577217,0.4125695083950844,0.0,0.0,1
2.445,PINN Vanilla,0.22133586015757378,0.11699715266241098,0.002220332875104552,0.005560327022239742,0.0001071542501449585,0.41230881214141846,0.8244002908468246,0.4122053082780443,0.0,0.0,1
2.45,PINN Vanilla,0.22121041415033635,0.11749761011878036,0.0022225622143732405,0.005566828781248145,0.00010815262794494629,0.41195040941238403,0.8236743211746216,0.4118423188955156,0.0,0.0,1
2.455,PINN Vanilla,0.22108492405490354,0.1179982434617052,0.0022247038274688844,0.005572898083387179,0.00010903924703598022,0.4115936756134033,0.8229515627026558,0.4114809351332158,0.0,0.0,1
2.46,PINN Vanilla,0.22095938863324094,0.11849905763023122,0.0022267567655893106,0.005578718559833801,0.00010991841554641724,0.4112367630004883,0.822228766977787,0.4111195327442313,0.0,0.0,1
2.465,PINN Vanilla,0.22083382287227712,0.11899999283512853,0.0022287163826943254,0.0055843546268255495,0.00011079758405685425,0.4108811020851135,0.821508415043354,0.41075935226576904,0.0,0.0,1
2.47,PINN Vanilla,0.22070820509522288,0.11950113555432529,0.002230564012779233,0.005589691880870579,0.00011168420314788818,0.410525381565094,0.820787787437439,0.41039903394983934,0.0,0.0,1
2.475,PINN Vanilla,0.22058254985271153,0.1200024277391589,0.002232334384956116,0.005594794726463015,0.0001125633716583252,0.4101716876029968,0.8200715631246567,0.4100409173080519,0.0,0.0,1
2.48,PINN Vanilla,0.22045685767053483,0.12050386729202253,0.002233998324195756,0.005599399736460342,0.00011344254016876221,0.4098181128501892,0.819355919957161,0.4096830912425472,0.0,0.0,1
2.485,PINN Vanilla,0.2203311093889915,0.12100553064911033,0.0022355906433038004,0.005604145830375912,0.00011420249938964844,0.4094656705856323,0.8186419308185577,0.4093260922018472,0.0,0.0,1
2.49,PINN Vanilla,0.22020532999996906,0.12150731810715773,0.0022370668963857332,0.0056086595084755,0.0001147240400314331,0.40911322832107544,0.817928746342659,0.4089694954975387,0.0,0.0,1
2.495,PINN Vanilla,0.22007951560291322,0.12200924522713401,0.0022384708164734507,0.005612595769137363,0.0001157224178314209,0.40876132249832153,0.8172156512737274,0.4086129434972737,0.0,0.0,1
2.5,PINN Vanilla,0.2199536524340137,0.1225113669187301,0.00223977809128174,0.0056167938739911105,0.00011635571718215942,0.40841144323349,0.8165071979165077,0.4082587123819336,0.0,0.0,1
2.505,PINN Vanilla,0.21982774466977223,0.12301366652010509,0.0022410058910667875,0.005620453949962384,0.000117473304271698,0.4080618619918823,0.8157990649342537,0.40790464145608274,0.0,0.0,1
2.5100000000000002,PINN Vanilla,0.21970182750840206,0.12351600361062162,0.002242123642389691,0.005624027814414373,0.00011799484491348267,0.4077126979827881,0.8150927051901817,0.40755145716042784,0.0,0.0,1
2.515,PINN Vanilla,0.21957585500465618,0.12401856148540372,0.0022431555318379675,0.005627222219419414,0.00011886656284332275,0.4073638319969177,0.8143858015537262,0.4071980009151751,0.0,0.0,1
2.52,PINN Vanilla,0.21944985212804796,0.12452124053044672,0.0022441054408985947,0.005630067033825709,0.00011962652206420898,0.4070165753364563,0.8136825412511826,0.40684636635969484,0.0,0.0,1
2.525,PINN Vanilla,0.2193238132403002,0.12502406323923554,0.0022449630183987144,0.00563308776182514,0.00012014061212539673,0.40667009353637695,0.8129813000559807,0.40649574137053024,0.0,0.0,1
2.5300000000000002,PINN Vanilla,0.21919774227925728,0.12552701390203475,0.0022457312761984334,0.005635559796295653,0.00012101978063583374,0.40632420778274536,0.8122806623578072,0.4061454181336593,0.0,0.0,1
2.535,PINN Vanilla,0.2190716176240652,0.12603017877362305,0.002246414103071652,0.005638178037214586,0.00012189149856567383,0.4059782028198242,0.8115803301334381,0.4057952476356036,0.0,0.0,1
2.54,PINN Vanilla,0.21894548082718618,0.12653339208356268,0.0022470068944381596,0.005640142559189237,0.00012252479791641235,0.40563327074050903,0.8108819499611855,0.40544605317583093,0.0,0.0,1
2.545,PINN Vanilla,0.21881931357913548,0.12703672687617246,0.0022475035201088424,0.005641921406548317,0.00012315809726715088,0.4052901864051819,0.8101876527070999,0.4050989002007113,0.0,0.0,1
2.5500000000000003,PINN Vanilla,0.21869311213224857,0.12754019810247952,0.002247911826973188,0.005643705033520047,0.00012379884719848633,0.4049469828605652,0.8094928115606308,0.4047514752759938,0.0,0.0,1
2.555,PINN Vanilla,0.2185668645089155,0.12804385354626233,0.0022482413047579053,0.00564520266149271,0.00012443214654922485,0.40460437536239624,0.8087993636727333,0.4044047469892874,0.0,0.0,1
2.56,PINN Vanilla,0.21844060719013214,0.12854754766931828,0.0022484833023942953,0.0056468362539994765,0.00012518465518951416,0.4042620062828064,0.8081061691045761,0.40405814536403767,0.0,0.0,1
2.565,PINN Vanilla,0.2183143000069025,0.12905144072285046,0.0022486392985665146,0.005647418440609231,0.0001256987452507019,0.40392112731933594,0.8074166849255562,0.40371339895659303,0.0,0.0,1
2.57,PINN Vanilla,0.21818798374351078,0.12955537000100953,0.002248697685830897,0.005648095410019371,0.0001264438033103943,0.40358132123947144,0.8067287430167198,0.4033694236938987,0.0,0.0,1
2.575,PINN Vanilla,0.2180616341165833,0.13005943238049736,0.002248672798833223,0.005648934314316012,0.0001271963119506836,0.4032413959503174,0.8060405403375626,0.40302531804441094,0.0,0.0,1
2.58,PINN Vanilla,0.21793525705898967,0.13056360419257462,0.0022485638244326514,0.005649697172182194,0.00012771040201187134,0.4029022455215454,0.8053545579314232,0.40268232254533665,0.0,0.0,1
2.585,PINN Vanilla,0.21780883252352207,0.13106796541407642,0.0022483700186966787,0.005649447724987655,0.00012834370136260986,0.4025633931159973,0.8046686798334122,0.4023393792009798,0.0,0.0,1
2.59,PINN Vanilla,0.21768240134667108,0.13157235313088012,0.0022480953444448033,0.005649388468280808,0.00012885034084320068,0.4022260904312134,0.8039864748716354,0.4019982724477433,0.0,0.0,1
2.595,PINN Vanilla,0.217555948530321,0.13207682717684574,0.0022477234513752736,0.005649494293459401,0.0001294836401939392,0.4018898010253906,0.8033062145113945,0.4016581380074528,0.0,0.0,1
2.6,PINN Vanilla,0.21742946105273636,0.13258143950121232,0.0022472807909199558,0.005648756605884098,0.00013034790754318237,0.40155327320098877,0.8026251569390297,0.40131760495610785,0.0,0.0,1
2.605,PINN Vanilla,0.21730296354036072,0.13308609185862652,0.0022467254558710794,0.005647954940775413,0.00013062357902526855,0.4012172818183899,0.8019455373287201,0.40097779089479585,0.0,0.0,1
2.61,PINN Vanilla,0.2171764194488048,0.13359093004019396,0.0022461194001081133,0.005646677146842721,0.00013124942779541016,0.4008822441101074,0.8012676388025284,0.40063883738632117,0.0,0.0,1
2.615,PINN Vanilla,0.21704986569908882,0.13409580675226812,0.002245411994819928,0.005645701492215327,0.00013199448585510254,0.4005483388900757,0.8005917817354202,0.40030090462017304,0.0,0.0,1
2.62,PINN Vanilla,0.21692327843294726,0.13460081717561348,0.0022446240990905697,0.00564428881257506,0.00013214349746704102,0.4002147912979126,0.7999176979064941,0.3999638584842209,0.0,0.0,1
2.625,PINN Vanilla,0.21679668131100763,0.1351058669179275,0.002243756300601835,0.005643043174130391,0.00013265758752822876,0.39988166093826294,0.7992436215281487,0.39962681607360573,0.0,0.0,1
2.63,PINN Vanilla,0.21667004705922263,0.1356110647869805,0.0022428071745375856,0.005641153141364125,0.0001330450177192688,0.39954936504364014,0.7985722050070763,0.3992911036082846,0.0,0.0,1
2.6350000000000002,PINN Vanilla,0.21654340200073963,0.13611630576854633,0.0022417696052379663,0.005639249214034525,0.00013390928506851196,0.3992171287536621,0.7979003712534904,0.3989551825240939,0.0,0.0,1
2.64,PINN Vanilla,0.216416746970859,0.13662158653025663,0.0022406451252296833,0.005637103769824264,0.00013405829668045044,0.39888662099838257,0.7972320392727852,0.39862101234827346,0.0,0.0,1
2.645,PINN Vanilla,0.21629005303239085,0.13712702251486455,0.0022394505191808967,0.005634491399547498,0.00013480335474014282,0.398556649684906,0.7965645864605904,0.3982872817622141,0.0,0.0,1
2.65,PINN Vanilla,0.21616335581984367,0.13763247156116573,0.002238148121443407,0.005631743000487882,0.00013530999422073364,0.39822667837142944,0.7958978787064552,0.39795392370985055,0.0,0.0,1
2.6550000000000002,PINN Vanilla,0.21603663006911167,0.13813803445841918,0.0022367879289715378,0.005629371346845657,0.00013568997383117676,0.39789700508117676,0.795230895280838,0.3976204278200196,0.0,0.0,1
2.66,PINN Vanilla,0.2159098921431316,0.13864364592791348,0.0022353466958569945,0.005626029475306937,0.00013595819473266602,0.3975690007209778,0.7945680469274521,0.39728899949220037,0.0,0.0,1
2.665,PINN Vanilla,0.21578312778586262,0.13914936284305662,0.0022338270126897155,0.005623301485940618,0.00013634562492370605,0.39724111557006836,0.7939056754112244,0.39695780958594645,0.0,0.0,1
2.67,PINN Vanilla,0.21565633993204292,0.1396551734959301,0.0022322192085544442,0.005619284596480367,0.00013708323240280151,0.39691418409347534,0.793244294822216,0.396627115149508,0.0,0.0,1
2.6750000000000003,PINN Vanilla,0.21552955985322847,0.14016095313100208,0.0022305410143503815,0.005615860908922216,0.00013770908117294312,0.3965875506401062,0.7925843670964241,0.3962971471537764,0.0,0.0,1
2.68,PINN Vanilla,0.2154027444867042,0.1406668735437511,0.0022287698446969645,0.0056118428753152705,0.00013785064220428467,0.3962607979774475,0.7919246405363083,0.39596727974214263,0.0,0.0,1
2.685,PINN Vanilla,0.2152759253725156,0.14117280890752654,0.002226907223922103,0.005608039692506811,0.0001382380723953247,0.39593595266342163,0.7912678718566895,0.39563889128928126,0.0,0.0,1
2.69,PINN Vanilla,0.2151490744908114,0.14167887100542773,0.0022250094485316957,0.005603988236178775,0.00013861805200576782,0.39561134576797485,0.7906121090054512,0.39531100575690925,0.0,0.0,1
2.695,PINN Vanilla,0.21502222473154198,0.14218492862545928,0.002223003446070099,0.0055993672609654654,0.00013888627290725708,0.39528757333755493,0.7899583503603935,0.394984122340179,0.0,0.0,1
2.7,PINN Vanilla,0.2148953385136507,0.1426911316944339,0.002220922546057079,0.005594762996311509,0.00013938546180725098,0.39496350288391113,0.7893039435148239,0.39465691481913334,0.0,0.0,1
2.705,PINN Vanilla,0.2147684638408032,0.14319728870532047,0.002218779638211486,0.005589732918432289,0.00013988465070724487,0.3946402370929718,0.7886505499482155,0.39433021394391404,0.0,0.0,1
2.71,PINN Vanilla,0.21464157071676815,0.14370351932583872,0.0022165299507237606,0.0055846689573479935,0.000140264630317688,0.39431849122047424,0.7880007326602936,0.39400530123043465,0.0,0.0,1
2.715,PINN Vanilla,0.21451466213967707,0.14420981159516735,0.00221421131762145,0.005579426590005043,0.00014076381921768188,0.39399704337120056,0.7873517796397209,0.3936808206560424,0.0,0.0,1
2.72,PINN Vanilla,0.21438772268630601,0.1447162270431039,0.0022118330823751534,0.005574189107573874,0.00014078617095947266,0.39367565512657166,0.7867028117179871,0.3933563326309762,0.0,0.0,1
2.725,PINN Vanilla,0.21426079219003935,0.14522260675734291,0.0022093676522121565,0.005568335127152851,0.000141046941280365,0.3933546245098114,0.7860549464821815,0.3930323959557798,0.0,0.0,1
2.73,PINN Vanilla,0.2141338471804295,0.1457290443714783,0.0022068213755073035,0.005562643963575448,0.0001415461301803589,0.3930349051952362,0.7854091376066208,0.3927094874735839,0.0,0.0,1
2.735,PINN Vanilla,0.21400689056611155,0.14623552828172795,0.0022042105566520026,0.005556673024995767,0.000141926109790802,0.3927156627178192,0.7847651317715645,0.3923874805229319,0.0,0.0,1
2.74,PINN Vanilla,0.21387991114511146,0.14674210317752903,0.002201535025893408,0.00555039694057588,0.00014206767082214355,0.39239704608917236,0.7841222733259201,0.3920660472741714,0.0,0.0,1
2.745,PINN Vanilla,0.2137529431759297,0.14724863238715805,0.0021987586656759405,0.005544147955798995,0.00014255940914154053,0.3920787572860718,0.7834799289703369,0.391744871073661,0.0,0.0,1
2.75,PINN Vanilla,0.21362595009926083,0.14775526176122752,0.0021959144806279747,0.005537402969140237,0.00014282017946243286,0.3917607367038727,0.7828383073210716,0.3914240562308356,0.0,0.0,1
2.755,PINN Vanilla,0.21349894837126715,0.14826192564910984,0.0021930082838381077,0.005530616418672418,0.00014320015907287598,0.39144366979599,0.7821985930204391,0.39110419507427147,0.0,0.0,1
2.7600000000000002,PINN Vanilla,0.21337194452891958,0.14876859797204872,0.002190020404015156,0.005524117508464377,0.0001433342695236206,0.3911275565624237,0.781560480594635,0.3907851348651533,0.0,0.0,1
2.765,PINN Vanilla,0.21324493510423004,0.14927529256532313,0.002186948809442964,0.0055166393007094194,0.00014371424913406372,0.3908117711544037,0.7809233292937279,0.39046655522450274,0.0,0.0,1
2.77,PINN Vanilla,0.21311789710406548,0.14978210115831622,0.002183832617614001,0.005509261283288158,0.00014384835958480835,0.3904963731765747,0.7802875861525536,0.3901486796725373,0.0,0.0,1
2.775,PINN Vanilla,0.2129908732406131,0.15028885335395417,0.0021806236693923805,0.005501709942675265,0.00014422833919525146,0.39018112421035767,0.7796517014503479,0.3898307333391697,0.0,0.0,1
2.7800000000000002,PINN Vanilla,0.2128638394766145,0.1507956450470803,0.002177347328162136,0.005493670034405762,0.00014448165893554688,0.38986700773239136,0.7790180891752243,0.38951392323357426,0.0,0.0,1
2.785,PINN Vanilla,0.21273678603830995,0.15130251522937735,0.0021739936955396627,0.005486047165092267,0.00014449656009674072,0.3895537257194519,0.7783865183591843,0.38919813387030533,0.0,0.0,1
2.79,PINN Vanilla,0.21260974952975312,0.1518093178717131,0.0021705741684582736,0.00547780258584965,0.00014474987983703613,0.3892405331134796,0.7777551114559174,0.38888242646444954,0.0,0.0,1
2.795,PINN Vanilla,0.2124826868844999,0.15231622478444276,0.002167085063888879,0.005469449894401013,0.00014501065015792847,0.38892775774002075,0.7771245017647743,0.3885671176696483,0.0,0.0,1
2.8000000000000003,PINN Vanilla,0.21235561499500777,0.1528231685763716,0.0021635322656409412,0.005460985485404274,0.00014526396989822388,0.388615220785141,0.7764947041869164,0.3882522149365754,0.0,0.0,1
2.805,PINN Vanilla,0.21222854558904253,0.15333010246045584,0.00215990947187976,0.005452422437422,0.0001453980803489685,0.38830411434173584,0.7758680358529091,0.38793887684502504,0.0,0.0,1
2.81,PINN Vanilla,0.21210148496864673,0.1538370012951684,0.0021561938786920434,0.0054434319649616925,0.0001457706093788147,0.3879932463169098,0.7752413377165794,0.3876255238521268,0.0,0.0,1
2.815,PINN Vanilla,0.21197440602385004,0.15434397323370672,0.0021524214321140627,0.005434766004173558,0.0001460239291191101,0.38768282532691956,0.7746153697371483,0.3873125359422504,0.0,0.0,1
2.82,PINN Vanilla,0.21184733218780988,0.15485092479124324,0.002148579752449011,0.005425444469467494,0.00014603883028030396,0.38737252354621887,0.7739910557866096,0.38700037505717877,0.0,0.0,1
2.825,PINN Vanilla,0.21172023818896218,0.15535795678679126,0.0021446874135313634,0.005415888840929112,0.00014628469944000244,0.3870626986026764,0.7733668237924576,0.3866882551508137,0.0,0.0,1
2.83,PINN Vanilla,0.211593150838956,0.15586496225728377,0.0021407135302112905,0.0054062821678432516,0.00014641880989074707,0.3867545425891876,0.7727457582950592,0.3863777185126558,0.0,0.0,1
2.835,PINN Vanilla,0.21146605987925907,0.1563719821283673,0.0021366639528180667,0.005396956498867206,0.00014679133892059326,0.3864462077617645,0.7721249908208847,0.38606733088797623,0.0,0.0,1
2.84,PINN Vanilla,0.2113389713434247,0.1568789923296326,0.00213255525829394,0.005386687853945221,0.0001468062400817871,0.38613808155059814,0.7715047001838684,0.385757181684862,0.0,0.0,1
2.845,PINN Vanilla,0.21121186932718553,0.1573860563099638,0.0021283892080319142,0.005376870225524327,0.00014693289995193481,0.38583070039749146,0.7708857730031013,0.3854477142184111,0.0,0.0,1
2.85,PINN Vanilla,0.21108476905239834,0.15789311334290268,0.002124143079361867,0.005366714052428889,0.00014718621969223022,0.3855237662792206,0.7702677473425865,0.38513869751773216,0.0,0.0,1
2.855,PINN Vanilla,0.21095767284597125,0.1584001541454235,0.002119838964444496,0.0053561649892212015,0.00014731287956237793,0.3852175176143646,0.7696509808301926,0.3848303103989991,0.0,0.0,1
2.86,PINN Vanilla,0.21083057694159474,0.1589071937429361,0.0021154676353522185,0.005345838875197295,0.00014756619930267334,0.38491177558898926,0.7690357714891434,0.3845227018756903,0.0,0.0,1
2.865,PINN Vanilla,0.21070347417955165,0.15941426069859624,0.0021110195167008,0.005334734806967972,0.00014757364988327026,0.38460659980773926,0.7684215977787971,0.38421561117421876,0.0,0.0,1
2.87,PINN Vanilla,0.210576374389537,0.1599213157975714,0.002106521643591705,0.00532371965098688,0.0001475885510444641,0.3843016028404236,0.7678081020712852,0.38390885947841036,0.0,0.0,1
2.875,PINN Vanilla,0.21044928259826876,0.16042833898614642,0.0021019436106369436,0.005312615026173417,0.00014771521091461182,0.38399699330329895,0.7671948224306107,0.38360221581737375,0.0,0.0,1
2.88,PINN Vanilla,0.21032216141487028,0.16093547943242506,0.002097323722540859,0.005301476451393533,0.00014784187078475952,0.38369354605674744,0.7665847167372704,0.38329715914988133,0.0,0.0,1
2.8850000000000002,PINN Vanilla,0.2101950681282653,0.1614425085865341,0.0020926301121515466,0.005290094190151584,0.00014809519052505493,0.38339072465896606,0.7659752741456032,0.38299243403737815,0.0,0.0,1
2.89,PINN Vanilla,0.21006796349425455,0.1619495830102691,0.0020878738635720035,0.005278651143620333,0.00014822185039520264,0.3830876648426056,0.7653656303882599,0.3826876083407771,0.0,0.0,1
2.895,PINN Vanilla,0.2099408713375424,0.1624566076567552,0.0020830607294048975,0.005266644747117577,0.00014811009168624878,0.38278499245643616,0.7647571340203285,0.3823833563460676,0.0,0.0,1
2.9,PINN Vanilla,0.20981377397511936,0.16296365307103539,0.0020781709016121403,0.005254764516407023,0.00014823675155639648,0.3824828565120697,0.7641498297452927,0.38207970040527145,0.0,0.0,1
2.9050000000000002,PINN Vanilla,0.20968669438520232,0.16347062758323305,0.002073212102121765,0.00524264901754859,0.0001483634114265442,0.3821818232536316,0.763544462621212,0.3817770130520844,0.0,0.0,1
2.91,PINN Vanilla,0.2095595849855049,0.16397772101931835,0.0020682233480156503,0.005230103183305107,0.00014860928058624268,0.38188090920448303,0.7629393637180328,0.38147445981102784,0.0,0.0,1
2.915,PINN Vanilla,0.2094324995932338,0.16448471867957326,0.0020631590166090338,0.0052177829321801705,0.00014837831258773804,0.3815805912017822,0.762335978448391,0.3811727633974717,0.0,0.0,1
2.92,PINN Vanilla,0.20930541554340967,0.1649917109842364,0.0020580293218151603,0.005205394268338964,0.0001487433910369873,0.3812807500362396,0.7617331594228745,0.38087135010952433,0.0,0.0,1
2.9250000000000003,PINN Vanilla,0.20917832994977154,0.16549870944783004,0.002052853233472837,0.005192702787997772,0.00014863163232803345,0.38098064064979553,0.7611303403973579,0.38056993682157697,0.0,0.0,1
2.93,PINN Vanilla,0.209051237901201,0.1660057336628933,0.002047622979920871,0.005179474074774426,0.00014863163232803345,0.3806816339492798,0.7605297490954399,0.3802696374093801,0.0,0.0,1
2.935,PINN Vanilla,0.20892416570220027,0.1665126786895836,0.002042290080761999,0.005166367769354169,0.00014887750148773193,0.38038334250450134,0.7599305063486099,0.3799700122831726,0.0,0.0,1
2.94,PINN Vanilla,0.20879710319864977,0.16701958503700082,0.0020369313854895856,0.005153149430142612,0.0001486465334892273,0.38008567690849304,0.7593326196074486,0.3796710651682916,0.0,0.0,1
2.945,PINN Vanilla,0.20867003089150749,0.16752653049511373,0.0020315250093148234,0.005140061440091298,0.00014888495206832886,0.3797875940799713,0.7587335333228111,0.3793715182741602,0.0,0.0,1
2.95,PINN Vanilla,0.2085429566713783,0.16803348358494474,0.002026042874036299,0.005126411369963058,0.00014913082122802734,0.3794902265071869,0.7581367492675781,0.379073122509149,0.0,0.0,1
2.955,PINN Vanilla,0.20841590771535495,0.1685403358855164,0.0020205004368733194,0.005112772383443015,0.00014901161193847656,0.37919357419013977,0.7575405985116959,0.3787750433977792,0.0,0.0,1
2.96,PINN Vanilla,0.20828883680659488,0.16904727576488815,0.0020149256939200107,0.005098936810376986,0.00014925748109817505,0.37889760732650757,0.7569463774561882,0.3784779291486815,0.0,0.0,1
2.965,PINN Vanilla,0.20816179325764958,0.1695541064943267,0.002009272233944492,0.0050847406783133264,0.0001488998532295227,0.37860187888145447,0.7563532516360283,0.3781813625241167,0.0,0.0,1
2.97,PINN Vanilla,0.2080347601760615,0.17006089546502703,0.002003567559622387,0.005070843539626363,0.0001491457223892212,0.3783065378665924,0.7557602226734161,0.3778848443289324,0.0,0.0,1
2.975,PINN Vanilla,0.20790772273524985,0.17056770182652362,0.0019978056178636973,0.005056394705110323,0.00014926493167877197,0.37801116704940796,0.7551668584346771,0.3775881584935849,0.0,0.0,1
2.98,PINN Vanilla,0.20778068895633517,0.1710744935791563,0.0019919930208329548,0.0050421736450695365,0.0001490265130996704,0.3777163624763489,0.7545756101608276,0.37729253065393353,0.0,0.0,1
2.985,PINN Vanilla,0.2076536608045106,0.1715812628829342,0.0019861244298545132,0.0050273490240241026,0.00014903396368026733,0.3774227797985077,0.753986544907093,0.37699799433801096,0.0,0.0,1
2.99,PINN Vanilla,0.20752665048858543,0.17208796103172636,0.0019801976926444743,0.005012540852072367,0.00014903396368026733,0.37712934613227844,0.7533985003829002,0.3767039683932516,0.0,0.0,1
2.995,PINN Vanilla,0.20739962661394604,0.17259471327199408,0.001974228998398401,0.004997514548834708,0.00014915317296981812,0.37683600187301636,0.7528098300099373,0.37640962952018775,0.0,0.0,1
3.0,PINN Vanilla,0.20727262468831437,0.17310137794833838,0.001968189634947924,0.00498263156776646,0.00014939159154891968,0.3765430152416229,0.7522215321660042,0.37611547691397185,0.0,0.0,1
3.005,PINN Vanilla,0.20714562781923287,0.1736080224519542,0.001962110786400469,0.004967389082371321,0.00014915317296981812,0.37625032663345337,0.7516347542405128,0.3758220842764954,0.0,0.0,1
3.0100000000000002,PINN Vanilla,0.20701863962385028,0.1741146323524975,0.001955984452522518,0.004952167334356522,0.00014915317296981812,0.37595877051353455,0.7510502710938454,0.37552983904280207,0.0,0.0,1
3.015,PINN Vanilla,0.20689165701453868,0.17462121996782867,0.0019497883820843661,0.00493682426416861,0.00014903396368026733,0.375667542219162,0.7504663988947868,0.3752378992867393,0.0,0.0,1
3.02,PINN Vanilla,0.20676468667370063,0.1751277586390029,0.001943566469214635,0.0049212114711175425,0.00014903396368026733,0.37537646293640137,0.7498831078410149,0.37494625010695926,0.0,0.0,1
3.025,PINN Vanilla,0.2066377277884099,0.17563425160912857,0.0019372630416966293,0.004905144280952511,0.00014903396368026733,0.3750856816768646,0.7492997869849205,0.3746545860258314,0.0,0.0,1
3.0300000000000002,PINN Vanilla,0.2065107701411536,0.17614073964020846,0.0019309270207278151,0.004889433337142118,0.00014879554510116577,0.3747953176498413,0.748718149960041,0.37436376387085607,0.0,0.0,1
3.035,PINN Vanilla,0.2063838180687812,0.17664720543070636,0.0019245426121352878,0.004873299548887877,0.00014878809452056885,0.3745053708553314,0.7481371313333511,0.37407325091884824,0.0,0.0,1
3.04,PINN Vanilla,0.20625688703926476,0.17715358727230546,0.001918107160632628,0.004857394595992548,0.0001490265130996704,0.3742162585258484,0.7475576102733612,0.373783486759569,0.0,0.0,1
3.045,PINN Vanilla,0.20612994169031418,0.17766002624021524,0.0019116187905314271,0.004841036874910581,0.00014890730381011963,0.37392741441726685,0.7469785511493683,0.37349395357118126,0.0,0.0,1
3.0500000000000003,PINN Vanilla,0.20600303172602785,0.17816632404365548,0.001905076354773407,0.004824386442516704,0.00014854222536087036,0.37363865971565247,0.7464007660746574,0.37320505741541327,0.0,0.0,1
3.055,PINN Vanilla,0.20587612262314503,0.17867261841059093,0.001898506319685067,0.004808035711552638,0.00014866143465042114,0.3733504116535187,0.7458233162760735,0.3729163288998084,0.0,0.0,1
3.06,PINN Vanilla,0.20574922773528387,0.17917885606776143,0.001891865519700985,0.0047911688668342,0.00014866143465042114,0.3730623424053192,0.7452462539076805,0.3726277941017254,0.0,0.0,1
3.065,PINN Vanilla,0.20562232950995035,0.17968510703952809,0.0018851913197634382,0.0047746758988518045,0.00014841556549072266,0.372775137424469,0.7446712106466293,0.372340268869958,0.0,0.0,1
3.0700000000000003,PINN Vanilla,0.2054954645661143,0.18019122523725167,0.0018784709687573444,0.004757644350736223,0.00014829635620117188,0.37248823046684265,0.7440969794988632,0.37205314969991915,0.0,0.0,1
3.075,PINN Vanilla,0.2053685828976266,0.18069741015672122,0.001871712917500969,0.004740286158777279,0.00014852732419967651,0.3722018897533417,0.7435236051678658,0.37176645894363036,0.0,0.0,1
3.08,PINN Vanilla,0.20524174347892776,0.1812034265238205,0.0018648817237278056,0.00472340285599121,0.0001484006643295288,0.3719156086444855,0.742950364947319,0.3714798352434069,0.0,0.0,1
3.085,PINN Vanilla,0.20511489167615576,0.18170949229625266,0.0018580215555086467,0.004706080960606984,0.0001484006643295288,0.3716295063495636,0.742377445101738,0.37119337173267264,0.0,0.0,1
3.09,PINN Vanilla,0.2049880628254977,0.18221546650294423,0.0018511148168164507,0.004688490708496973,0.00014815479516983032,0.37134426832199097,0.7418069764971733,0.3709081338577976,0.0,0.0,1
3.095,PINN Vanilla,0.20486123413891644,0.18272144005506366,0.0018441619693097535,0.0046707847102048505,0.00014790892601013184,0.3710593283176422,0.7412368208169937,0.3706230524470748,0.0,0.0,1
3.1,PINN Vanilla,0.20473441937276432,0.18322735807267299,0.0018371760259801248,0.0046533241800208736,0.00014802813529968262,0.370775043964386,0.7406682372093201,0.3703387570824501,0.0,0.0,1
3.105,PINN Vanilla,0.20460762235301513,0.18373320529233608,0.0018301375470389613,0.004635039808264768,0.0001479014754295349,0.3704906702041626,0.7400991395115852,0.37005420466957534,0.0,0.0,1
3.11,PINN Vanilla,0.2044808398615252,0.1842389945525963,0.001823052048759511,0.004617365667855727,0.00014765560626983643,0.37020644545555115,0.739530399441719,0.3697698310728746,0.0,0.0,1
3.115,PINN Vanilla,0.20435405009098956,0.1847448128520646,0.0018159375474080463,0.004599530447388839,0.00014752894639968872,0.3699224889278412,0.738962821662426,0.3694860386287393,0.0,0.0,1
3.12,PINN Vanilla,0.20422730485986063,0.18525045346490354,0.0018087649426047272,0.004580762823008538,0.0001475214958190918,0.3696398437023163,0.7383971512317657,0.3692031998708653,0.0,0.0,1
3.125,PINN Vanilla,0.20410054878474357,0.18575613733902144,0.0018015667641478903,0.004562735248859001,0.00014751404523849487,0.36935725808143616,0.7378323897719383,0.36892081560410017,0.0,0.0,1
3.13,PINN Vanilla,0.2039738054330404,0.186261770454032,0.0017943202730855417,0.004544053216054639,0.00014750659465789795,0.36907482147216797,0.7372675687074661,0.36863840153463945,0.0,0.0,1
3.1350000000000002,PINN Vanilla,0.20384709617948985,0.18676726753701484,0.0017870318175943266,0.004525527809129848,0.00014726072549819946,0.3687926232814789,0.7367037758231163,0.3683565015616789,0.0,0.0,1
3.14,PINN Vanilla,0.2037203668116091,0.1872728448646125,0.0017797157232326193,0.004507018406415431,0.00014701485633850098,0.3685109317302704,0.736140564084053,0.36807489216500106,0.0,0.0,1
3.145,PINN Vanilla,0.2035936789216103,0.18777825671930473,0.0017723452380652932,0.004487962712426852,0.00014699995517730713,0.3682294189929962,0.7355778962373734,0.3677935547179212,0.0,0.0,1
3.15,PINN Vanilla,0.2034669913187459,0.18828366742849564,0.0017649387042031508,0.004469515491547005,0.00014675408601760864,0.3679487109184265,0.7350170239806175,0.36751311507704826,0.0,0.0,1
3.1550000000000002,PINN Vanilla,0.20334033490539907,0.18878895370944082,0.0017574934697693406,0.004450279484449926,0.00014662742614746094,0.36766842007637024,0.7344572395086288,0.3672332193353712,0.0,0.0,1
3.16,PINN Vanilla,0.20321367377111385,0.18929425882421633,0.0017500110431054538,0.004431092593670277,0.00014650076627731323,0.36738836765289307,0.7338970378041267,0.36695311497482447,0.0,0.0,1
3.165,PINN Vanilla,0.20308703106191303,0.18979949043349673,0.0017424974747636303,0.004411719825840793,0.00014648586511611938,0.367108017206192,0.7333372160792351,0.36667320060646263,0.0,0.0,1
3.17,PINN Vanilla,0.20296040404069648,0.19030465945673808,0.0017349399744045076,0.00439252390911421,0.00014635920524597168,0.36682820320129395,0.7327782511711121,0.36639371465185094,0.0,0.0,1
3.1750000000000003,PINN Vanilla,0.20283379005986052,0.19080977645635716,0.0017273458145523764,0.0043733237376629985,0.00014610588550567627,0.3665492534637451,0.7322207093238831,0.3661149402365983,0.0,0.0,1
3.18,PINN Vanilla,0.2027071903872717,0.19131483637429525,0.001719732693569733,0.004353742223311974,0.00014609843492507935,0.3662705719470978,0.7316640093922615,0.36583658678442194,0.0,0.0,1
3.185,PINN Vanilla,0.20258062176995567,0.19181977239954695,0.0017120556865548489,0.004334017581971161,0.00014597177505493164,0.3659924864768982,0.7311089336872101,0.36555904545570245,0.0,0.0,1
3.19,PINN Vanilla,0.2024540344665239,0.19232478297165875,0.00170437222289462,0.0043142730174489385,0.00014559924602508545,0.3657141625881195,0.730553612112999,0.3652813811908633,0.0,0.0,1
3.1950000000000003,PINN Vanilla,0.20232749220218746,0.19282961386367092,0.0016966303114643656,0.004294161443453459,0.00014546513557434082,0.36543622612953186,0.7299985289573669,0.3650038361368068,0.0,0.0,1
3.2,PINN Vanilla,0.2022009417228214,0.1933344775289288,0.0016888830527286634,0.004274169836155001,0.0001454576849937439,0.3651585280895233,0.729444332420826,0.3647267343978484,0.0,0.0,1
3.205,PINN Vanilla,0.20207443809858314,0.19383915426916148,0.001681060622526737,0.004254226697813668,0.0001450851559638977,0.3648815453052521,0.7288914993405342,0.3644503143955533,0.0,0.0,1
3.21,PINN Vanilla,0.20194791826802688,0.19434389566328672,0.0016732291973631508,0.004233947923365539,0.00014495104551315308,0.3646053969860077,0.7283402308821678,0.36417467671401943,0.0,0.0,1
3.215,PINN Vanilla,0.20182143000361916,0.19484851112662507,0.0016653702643134344,0.0042135156397149764,0.00014494359493255615,0.3643288016319275,0.727787971496582,0.3638985435626701,0.0,0.0,1
3.22,PINN Vanilla,0.20169496042532722,0.19535305204310313,0.0016574812009504055,0.004193439787174347,0.00014457106590270996,0.3640528619289398,0.7272379100322723,0.3636235093857234,0.0,0.0,1
3.225,PINN Vanilla,0.20156851557789143,0.1958574942976817,0.001649531660089056,0.004172740177824569,0.0001445561647415161,0.36377638578414917,0.7266861945390701,0.363347648183972,0.0,0.0,1
3.23,PINN Vanilla,0.2014420563811893,0.19636199379758426,0.0016415856569793109,0.004151986332416452,0.0001443028450012207,0.36350107192993164,0.7261365950107574,0.36307284497791675,0.0,0.0,1
3.235,PINN Vanilla,0.20131563741314756,0.19686633280825733,0.0016335988804485966,0.004131568945699299,0.0001440495252609253,0.3632262945175171,0.7255888730287552,0.36279898055677495,0.0,0.0,1
3.24,PINN Vanilla,0.20118922160731423,0.1973706592035366,0.001625585599361344,0.004110770753708803,0.00014403462409973145,0.3629515469074249,0.7250407040119171,0.36252489261541565,0.0,0.0,1
3.245,PINN Vanilla,0.20106283630485888,0.19787486390787257,0.0016175327049363592,0.00409020682560185,0.00014366209506988525,0.36267733573913574,0.7244941890239716,0.3622516316988611,0.0,0.0,1
3.25,PINN Vanilla,0.20093645525721457,0.19837905163795835,0.0016094613655494134,0.00406903014262372,0.00014353543519973755,0.3624028265476227,0.7239465191960335,0.361977793355078,0.0,0.0,1
3.255,PINN Vanilla,0.2008100875669175,0.19888318607990707,0.0016013576734637584,0.00404811344938058,0.00014327466487884521,0.36212867498397827,0.7234002649784088,0.36170466282531694,0.0,0.0,1
3.2600000000000002,PINN Vanilla,0.20068374700523595,0.19938721229427483,0.00159323369308649,0.004026774497022656,0.00014337897300720215,0.3618555963039398,0.7228545695543289,0.3614318116958278,0.0,0.0,1
3.265,PINN Vanilla,0.20055742546901092,0.19989116260800774,0.0015850696832479534,0.004005701931604877,0.00014300644397735596,0.36158260703086853,0.7223110646009445,0.3611600558154043,0.0,0.0,1
3.27,PINN Vanilla,0.20043112031063876,0.20039504758352256,0.0015768826556964144,0.003984243282770916,0.0001429915428161621,0.3613099753856659,0.7217677682638168,0.3608884042444156,0.0,0.0,1
3.275,PINN Vanilla,0.20030482263267935,0.20089890271649058,0.0015686825771832062,0.003962878556539706,0.00014249980449676514,0.3610375225543976,0.7212246507406235,0.36061684208151396,0.0,0.0,1
3.2800000000000002,PINN Vanilla,0.20017855555505243,0.20140263577172252,0.0015604339284613837,0.003941610909918125,0.0001424849033355713,0.3607651889324188,0.7206819802522659,0.36034550343882976,0.0,0.0,1
3.285,PINN Vanilla,0.20005230064521562,0.20190632028446656,0.0015521713301530915,0.003919768204068752,0.00014222413301467896,0.36049267649650574,0.7201391234993935,0.36007407166272165,0.0,0.0,1
3.29,PINN Vanilla,0.1999260636384005,0.20240993337444566,0.001543887885166429,0.003898158621824882,0.00014185160398483276,0.36022117733955383,0.719598077237606,0.35980354514349433,0.0,0.0,1
3.295,PINN Vanilla,0.19979983915363225,0.20291349650865592,0.0015355829754684744,0.0038766038988596874,0.00014183670282363892,0.3599499762058258,0.719057522714138,0.35953326449650624,0.0,0.0,1
3.3000000000000003,PINN Vanilla,0.19967364358740883,0.2034169442744962,0.001527249718109096,0.0038547128232979677,0.0001414567232131958,0.35967934131622314,0.7185186147689819,0.359263807148986,0.0,0.0,1
3.305,PINN Vanilla,0.19954744739098115,0.20392039455448913,0.0015188979756453073,0.0038331728540587084,0.0001412034034729004,0.35940879583358765,0.7179796099662781,0.3589943013720852,0.0,0.0,1
3.31,PINN Vanilla,0.19942129136354955,0.20442368458327884,0.0015105144617873216,0.003810794984671656,0.00014106929302215576,0.3591383695602417,0.7174414098262787,0.3587251979315759,0.0,0.0,1
3.315,PINN Vanilla,0.19929515031558853,0.20492691485259187,0.0015021133010502843,0.003788774382785076,0.0001409277319908142,0.3588675260543823,0.7169017717242241,0.3584553755010337,0.0,0.0,1
3.3200000000000003,PINN Vanilla,0.19916902589532468,0.20543007878695166,0.0014936901178043954,0.0037665180650572894,0.00014079362154006958,0.35859787464141846,0.7163646295666695,0.3581868010583725,0.0,0.0,1
3.325,PINN Vanilla,0.1990429040965614,0.20593323226303112,0.0014852542005890895,0.003744296783214446,0.0001401752233505249,0.35832878947257996,0.7158289402723312,0.3579189530564181,0.0,0.0,1
3.33,PINN Vanilla,0.19891681703734207,0.20643624714830014,0.001476798057220627,0.003722216997515293,0.0001402720808982849,0.35805997252464294,0.7152934148907661,0.35765118701187676,0.0,0.0,1
3.335,PINN Vanilla,0.19879074799301508,0.20693919016450463,0.0014683182204053647,0.003699825587542671,0.0001400187611579895,0.35779067873954773,0.7147572860121727,0.35738311921504184,0.0,0.0,1
3.34,PINN Vanilla,0.19866470196046626,0.20744204137694247,0.0014598190929448036,0.003677342258924854,0.00013940036296844482,0.35752198100090027,0.7142228931188583,0.3571159194217182,0.0,0.0,1
3.345,PINN Vanilla,0.19853865614420063,0.20794489172653474,0.0014513006259389185,0.0036550119860346564,0.00013949722051620483,0.3572533428668976,0.7136876806616783,0.35684830984132915,0.0,0.0,1
3.35,PINN Vanilla,0.19841265135833447,0.2084475783884194,0.0014427671265811192,0.003632427618157824,0.00013924390077590942,0.3569851815700531,0.7131543383002281,0.35658163532051657,0.0,0.0,1
3.355,PINN Vanilla,0.19828664369739452,0.2089502765201958,0.0014342255643543314,0.003609955576922036,0.0001389831304550171,0.3567178249359131,0.7126215845346451,0.35631525510132367,0.0,0.0,1
3.36,PINN Vanilla,0.19816068052365496,0.209452797173616,0.0014256441541352543,0.0035873306201003596,0.00013872236013412476,0.35645008087158203,0.7120891883969307,0.3560490536983048,0.0,0.0,1
3.365,PINN Vanilla,0.198034724994405,0.20995528732991714,0.001417066263849122,0.0035642576916916635,0.00013834238052368164,0.3561832010746002,0.7115579396486282,0.3557834259971775,0.0,0.0,1
3.37,PINN Vanilla,0.19790878124885608,0.21045773047602498,0.0014084789785893505,0.0035416636194910978,0.00013832002878189087,0.3559160828590393,0.7110266163945198,0.35551776104268057,0.0,0.0,1
3.375,PINN Vanilla,0.19778286263316838,0.21096007336843242,0.0013998654410689666,0.0035189254991326857,0.00013794749975204468,0.3556492030620575,0.710495613515377,0.3552522562776729,0.0,0.0,1
3.38,PINN Vanilla,0.1976569747557869,0.21146229363266797,0.0013912291699246728,0.0034958376474004405,0.00013756752014160156,0.35538288950920105,0.7099660634994507,0.354987477953372,0.0,0.0,1
3.3850000000000002,PINN Vanilla,0.19753109565651691,0.2119644788772847,0.0013825972554878895,0.0034727308115417854,0.00013706833124160767,0.35511699318885803,0.7094370946288109,0.35472299020535386,0.0,0.0,1
3.39,PINN Vanilla,0.19740523314392486,0.21246659795059133,0.0013739358558425886,0.003449548297304983,0.00013728439807891846,0.35485148429870605,0.7089087516069412,0.3544588153856402,0.0,0.0,1
3.395,PINN Vanilla,0.19727939421737994,0.21296862292912827,0.0013652740583080328,0.0034265314223824728,0.00013677775859832764,0.3545857071876526,0.7083803564310074,0.35419461448856787,0.0,0.0,1
3.4,PINN Vanilla,0.19715358574200678,0.21347052642499478,0.0013565977391192634,0.0034032360398001116,0.000136643648147583,0.3543204367160797,0.7078528106212616,0.35393083827990873,0.0,0.0,1
3.4050000000000002,PINN Vanilla,0.1970277912504561,0.21397237413344813,0.001347911313064567,0.003379884315583226,0.00013625621795654297,0.35405513644218445,0.7073255777359009,0.3536672185354019,0.0,0.0,1
3.41,PINN Vanilla,0.19690200835988447,0.21447417556066392,0.0013392145898958438,0.0033565083998889356,0.00013611465692520142,0.3537903130054474,0.7067988440394402,0.3534038483884712,0.0,0.0,1
3.415,PINN Vanilla,0.1967762596047557,0.21497584080708543,0.0013305068781849377,0.003333130043978283,0.00013597309589385986,0.3535263240337372,0.7062736451625824,0.3531412456609539,0.0,0.0,1
3.42,PINN Vanilla,0.19665052176073744,0.21547746252444822,0.0013217974550768822,0.003309919599999961,0.00013547390699386597,0.3532622754573822,0.7057493701577187,0.3528791048752194,0.0,0.0,1
3.4250000000000003,PINN Vanilla,0.19652480872961375,0.21597898525262532,0.001313073754077975,0.0032866754239823104,0.00013557076454162598,0.35299819707870483,0.7052236944437027,0.35261626372613675,0.0,0.0,1
3.43,PINN Vanilla,0.19639911577925906,0.21648042787007757,0.0013043416379105045,0.0032630683848779984,0.00013494491577148438,0.35273459553718567,0.704699844121933,0.3523543352846089,0.0,0.0,1
3.435,PINN Vanilla,0.19627344328257534,0.21698178888914038,0.0012956070262371748,0.00323932122757134,0.00013480335474014282,0.35247093439102173,0.7041761949658394,0.3520925074271789,0.0,0.0,1
3.44,PINN Vanilla,0.1961477855826403,0.21748309087768192,0.0012868667304633697,0.003215794385616838,0.0001344233751296997,0.35220757126808167,0.7036529630422592,0.3518308881886185,0.0,0.0,1
3.4450000000000003,PINN Vanilla,0.19602214983544192,0.2179843052874236,0.0012781180548274715,0.003192043618832935,0.00013403594493865967,0.3519448935985565,0.7031306624412537,0.35156973461717794,0.0,0.0,1
3.45,PINN Vanilla,0.19589654620628696,0.2184853915646351,0.0012693676060407178,0.003168369734100507,0.00013377517461776733,0.35168230533599854,0.7026089504361153,0.35130887534735705,0.0,0.0,1
3.455,PINN Vanilla,0.19577095774678258,0.21898641732366106,0.0012606139307396718,0.003144566887851058,0.00013339519500732422,0.35141995549201965,0.7020878195762634,0.3510483066538189,0.0,0.0,1
3.46,PINN Vanilla,0.19564539285095126,0.21948734907717707,0.0012518506547159593,0.0031209837329161383,0.00013300776481628418,0.3511579930782318,0.7015673816204071,0.35078808441661785,0.0,0.0,1
3.465,PINN Vanilla,0.1955198426735592,0.21998822211258123,0.001243091464255281,0.0030968237654727393,0.00013274699449539185,0.3508959412574768,0.7010459825396538,0.3505273816109492,0.0,0.0,1
3.47,PINN Vanilla,0.19539431662665116,0.22048899888122564,0.0012343269773840645,0.00307297838711848,0.0001324787735939026,0.3506343364715576,0.7005267217755318,0.35026774797698756,0.0,0.0,1
3.475,PINN Vanilla,0.1952688182975437,0.22098966507177925,0.0012255625039586412,0.00304955147072572,0.00013209879398345947,0.35037267208099365,0.7000067830085754,0.3500077753373627,0.0,0.0,1
3.48,PINN Vanilla,0.19514334049668758,0.22149024936641062,0.001216795430114189,0.0030254430486690853,0.00013171136379241943,0.350111722946167,0.6994884610176086,0.3497486110958578,0.0,0.0,1
3.485,PINN Vanilla,0.19501788651680685,0.2219907386290437,0.0012080233608822346,0.0030012220725905148,0.0001313239336013794,0.34985125064849854,0.6989717185497284,0.349490236625788,0.0,0.0,1
3.49,PINN Vanilla,0.19489243709751675,0.2224912096975418,0.0011992680116606246,0.002977262075901571,0.00013130158185958862,0.34959056973457336,0.698453463613987,0.3492311059123157,0.0,0.0,1
3.495,PINN Vanilla,0.1947670141729089,0.22299157506748815,0.0011905187089405445,0.0029532578973964774,0.00013091415166854858,0.34932994842529297,0.6979360356926918,0.34897238871124575,0.0,0.0,1
3.5,PINN Vanilla,0.19464163098473092,0.22349178191192176,0.0011817445669950136,0.0029290432225058116,0.00013028830289840698,0.34906941652297974,0.697419248521328,0.3487139918891542,0.0,0.0,1
3.505,PINN Vanilla,0.1945162405510684,0.22399201766167365,0.001172994607099278,0.0029050722173450116,0.0001302659511566162,0.34880968928337097,0.696902722120285,0.3484557254538562,0.0,0.0,1
3.5100000000000002,PINN Vanilla,0.19439089175936458,0.22449208728394812,0.001164250541491641,0.0028807760865077747,0.00012987852096557617,0.348550021648407,0.6963872611522675,0.3481979917417432,0.0,0.0,1
3.515,PINN Vanilla,0.19426556117273308,0.22499208427844924,0.0011555085638867086,0.0028567702891961755,0.00012949109077453613,0.34829074144363403,0.6958731263875961,0.3479409211396088,0.0,0.0,1
3.52,PINN Vanilla,0.194140252676812,0.22549199314371457,0.001146776007378275,0.002832699836312985,0.0001289844512939453,0.3480316996574402,0.6953583508729935,0.3476835301584959,0.0,0.0,1
3.525,PINN Vanilla,0.194014966577381,0.22599181265985918,0.0011380414655602997,0.002807925813830381,0.00012871623039245605,0.3477728068828583,0.6948444098234177,0.3474265564151224,0.0,0.0,1
3.5300000000000002,PINN Vanilla,0.19388970964261004,0.22649151582577537,0.0011293122693519294,0.0027836900126522734,0.00012833625078201294,0.34751346707344055,0.694329671561718,0.3471691840606943,0.0,0.0,1
3.535,PINN Vanilla,0.19376446090795255,0.22699118627795273,0.001120602925761853,0.0027594115177566325,0.00012806802988052368,0.34725484251976013,0.6938167437911034,0.3469127169631471,0.0,0.0,1
3.54,PINN Vanilla,0.19363924172204416,0.22749073884760718,0.0011118989293828787,0.0027350192122872763,0.00012779980897903442,0.34699663519859314,0.6933039352297783,0.3466563094709912,0.0,0.0,1
3.545,PINN Vanilla,0.193514055396254,0.2279901603242796,0.001103201198352671,0.0027107839033510273,0.00012753158807754517,0.3467389941215515,0.6927924230694771,0.346400550187466,0.0,0.0,1
3.5500000000000003,PINN Vanilla,0.19338888423265638,0.22848952131251968,0.0010945192500383962,0.0026862478166619908,0.00012690573930740356,0.3464812934398651,0.6922816708683968,0.3461451708883106,0.0,0.0,1
3.555,PINN Vanilla,0.1932637180584866,0.22898886239581082,0.0010858548190219208,0.0026620552358256055,0.0001266375184059143,0.3462238311767578,0.6917703524231911,0.3458895084635463,0.0,0.0,1
3.56,PINN Vanilla,0.19313858590043104,0.22948806777436043,0.0010772074861819052,0.0026374308435510307,0.00012625008821487427,0.3459661602973938,0.6912588253617287,0.34563374172934724,0.0,0.0,1
3.565,PINN Vanilla,0.19301348403692842,0.22998715229505856,0.0010685632927162608,0.0026130328409839643,0.000125981867313385,0.3457088768482208,0.6907481923699379,0.34537842203558317,0.0,0.0,1
3.5700000000000003,PINN Vanilla,0.19288839735053442,0.2304861762678178,0.0010599426808579526,0.0025884591014117553,0.0001253560185432434,0.34545180201530457,0.6902383640408516,0.3451235046782105,0.0,0.0,1
3.575,PINN Vanilla,0.19276333719611288,0.23098509439325887,0.001051327878311041,0.0025641512932065014,0.0001253187656402588,0.3451954126358032,0.6897295564413071,0.34486909769200114,0.0,0.0,1
3.58,PINN Vanilla,0.1926383036631602,0.23148390631434249,0.0010427371659373131,0.0025397025989234434,0.0001246929168701172,0.34493911266326904,0.689220979809761,0.34461480619123747,0.0,0.0,1
3.585,PINN Vanilla,0.19251328283124736,0.23198266756557834,0.0010341641459965978,0.00251490965067655,0.00012418627738952637,0.3446829617023468,0.688713476061821,0.3443610511389958,0.0,0.0,1
3.59,PINN Vanilla,0.19238828595455465,0.2324813332492565,0.0010256175813489073,0.0024905038910789934,0.0001240372657775879,0.34442681074142456,0.6882050633430481,0.3441068415956452,0.0,0.0,1
3.595,PINN Vanilla,0.19226331541965436,0.23297989384432544,0.0010170888276172987,0.0024658625079512775,0.0001234114170074463,0.34417128562927246,0.6876984983682632,0.34385355593586026,0.0,0.0,1
3.6,PINN Vanilla,0.1921383594316584,0.23347839640560833,0.0010085840331202113,0.002441242664944804,0.00012301653623580933,0.34391531348228455,0.6871905401349068,0.34359957363806415,0.0,0.0,1
3.605,PINN Vanilla,0.1920134420129093,0.2339767450977679,0.0010000891686951915,0.002416818196968179,0.0001226291060447693,0.3436594605445862,0.6866832301020622,0.34334591544458337,0.0,0.0,1
3.61,PINN Vanilla,0.19188853502795622,0.23447505216507905,0.0009916344750907594,0.0023926124511158275,0.00012212246656417847,0.343404620885849,0.6861774548888206,0.34309302467051594,0.0,0.0,1
3.615,PINN Vanilla,0.1917636532847349,0.23497325853239068,0.0009831891069075433,0.0023678828223338,0.00012196600437164307,0.34315013885498047,0.6856726557016373,0.34284062191559006,0.0,0.0,1
3.62,PINN Vanilla,0.19163879382986207,0.23547137598200435,0.0009747820932193609,0.002343222011968793,0.00012145936489105225,0.3428952395915985,0.6851676404476166,0.34258811112589244,0.0,0.0,1
3.625,PINN Vanilla,0.19151395625687456,0.2359694061354743,0.0009664023311267473,0.002318646158976728,0.00012119114398956299,0.34264063835144043,0.6846625953912735,0.34233558543484693,0.0,0.0,1
3.63,PINN Vanilla,0.19138914832586162,0.23646731803450538,0.0009580529819851649,0.0022940302731617457,0.00012055784463882446,0.3423862159252167,0.6841581985354424,0.3420833838481168,0.0,0.0,1
3.6350000000000002,PINN Vanilla,0.19126436322017598,0.23696513887360168,0.0009497238233023163,0.00226973439987177,0.00012017041444778442,0.34213191270828247,0.6836537793278694,0.3418311710853758,0.0,0.0,1
3.64,PINN Vanilla,0.1911395901331195,0.23746291176527648,0.0009414392985087296,0.0022449264816183367,0.00011965632438659668,0.34187766909599304,0.6831500679254532,0.3415793122296458,0.0,0.0,1
3.645,PINN Vanilla,0.19101485377317434,0.23796053813688975,0.000933191063871923,0.0022202660707021094,0.0001189112663269043,0.34162458777427673,0.6826484948396683,0.3413285225456228,0.0,0.0,1
3.65,PINN Vanilla,0.19089012614286338,0.23845812968228072,0.0009249669104336961,0.0021957778853111953,0.0001187548041343689,0.34137076139450073,0.6821450367569923,0.3410767903513494,0.0,0.0,1
3.6550000000000002,PINN Vanilla,0.19076542720735612,0.2389556067519001,0.000916791340763911,0.0021711796743791867,0.00011824816465377808,0.3411174714565277,0.681643046438694,0.34082579204845675,0.0,0.0,1
3.66,PINN Vanilla,0.19064075992003576,0.2394529575634467,0.000908633764406026,0.0021465998979345313,0.00011773407459259033,0.3408650755882263,0.6811428070068359,0.34057566919974924,0.0,0.0,1
3.665,PINN Vanilla,0.19051611634554924,0.23995021377441755,0.0009005329097649989,0.002122183051409099,0.00011758506298065186,0.34061187505722046,0.6806401610374451,0.34032434306720427,0.0,0.0,1
3.67,PINN Vanilla,0.19039147771947137,0.24044745024408248,0.000892473213862194,0.002097597775621962,0.00011707097291946411,0.34035927057266235,0.6801398023962975,0.34007416061310547,0.0,0.0,1
3.6750000000000003,PINN Vanilla,0.19026687799452302,0.2409445315206029,0.0008844391832457857,0.0020729901600086698,0.00011643767356872559,0.34010615944862366,0.6796384304761887,0.3398234715131804,0.0,0.0,1
3.68,PINN Vanilla,0.19014230772882731,0.2414414952716399,0.000876450344799374,0.002048785035286771,0.00011604279279708862,0.33985385298728943,0.6791378632187843,0.3395731847496467,0.0,0.0,1
3.685,PINN Vanilla,0.19001774833322285,0.2419384156572615,0.000868526358623198,0.0020242078854011136,0.0001155361533164978,0.33960217237472534,0.6786395087838173,0.33932400441118965,0.0,0.0,1
3.69,PINN Vanilla,0.18989320553548344,0.2424352698269428,0.0008606304400621026,0.001999678929141935,0.00011502206325531006,0.33935055136680603,0.6781404316425323,0.33907446271504765,0.0,0.0,1
3.6950000000000003,PINN Vanilla,0.1897687016761637,0.2429319686547134,0.0008527922807226571,0.0019752074810995557,0.00011426955461502075,0.33909842371940613,0.6776413396000862,0.3388249135682317,0.0,0.0,1
3.7,PINN Vanilla,0.18964421503372617,0.243428598797021,0.0008449985406059685,0.0019507099408629935,0.00011388212442398071,0.338847279548645,0.6771437749266624,0.3385761281154922,0.0,0.0,1
3.705,PINN Vanilla,0.18951974865105062,0.24392514811452462,0.0008372665959029996,0.001926532361852945,0.00011348724365234375,0.3385958671569824,0.6766452640295029,0.338326869544959,0.0,0.0,1
3.71,PINN Vanilla,0.18939530887119882,0.24442159130205407,0.000829583511489668,0.0019024877269510354,0.000112973153591156,0.33834442496299744,0.6761472299695015,0.3380778493959911,0.0,0.0,1
3.715,PINN Vanilla,0.18927089086881987,0.24491794760998561,0.0008219668010481017,0.001877697401929529,0.00011257827281951904,0.33809322118759155,0.6756490021944046,0.33782873238826233,0.0,0.0,1
3.72,PINN Vanilla,0.18914649558362662,0.2454142132894052,0.0008143896466211218,0.0018535047548632055,0.00011194497346878052,0.3378429710865021,0.6751537844538689,0.33758112041666466,0.0,0.0,1
3.725,PINN Vanilla,0.18902212670734814,0.24591037361243595,0.0008068773397516569,0.0018292563887643276,0.00011143088340759277,0.3375921845436096,0.6746564507484436,0.3373324504493709,0.0,0.0,1
3.73,PINN Vanilla,0.18889778979622326,0.24640640641287898,0.0007994267781211092,0.0018050005529618718,0.00011067837476730347,0.33734196424484253,0.6741617098450661,0.3370850768993385,0.0,0.0,1
3.735,PINN Vanilla,0.18877346451218063,0.24690239282794765,0.0007920364819652095,0.0017808353900548024,0.0001102834939956665,0.33709201216697693,0.6736656129360199,0.33683702533797977,0.0,0.0,1
3.74,PINN Vanilla,0.18864915817155614,0.24739830366966756,0.0007847300986667306,0.001756621198864633,0.00010976940393447876,0.3368421196937561,0.673171229660511,0.33658983060412134,0.0,0.0,1
3.745,PINN Vanilla,0.1885248946624475,0.24789404363826084,0.0007774732770762362,0.0017323601989955306,0.00010925531387329102,0.33659178018569946,0.672675222158432,0.3363418237468061,0.0,0.0,1
3.75,PINN Vanilla,0.18840063586681932,0.2483897648027767,0.0007702889786783426,0.0017083411089466871,0.00010850280523300171,0.336341917514801,0.6721802726387978,0.33609434588733894,0.0,0.0,1
3.755,PINN Vanilla,0.18827639253916323,0.24888542425897564,0.0007631864709632338,0.0016843862317400815,0.0001077502965927124,0.33609288930892944,0.6716871112585068,0.3358477621087417,0.0,0.0,1
3.7600000000000002,PINN Vanilla,0.18815220170864114,0.24938087428178782,0.0007561488427044048,0.001660318563637242,0.00010747462511062622,0.335843563079834,0.6711929067969322,0.3356006567829703,0.0,0.0,1
3.765,PINN Vanilla,0.18802802900861093,0.2498762519743597,0.0007491814383765654,0.0016365074340481123,0.00010660290718078613,0.33559492230415344,0.6707010120153427,0.335354706311656,0.0,0.0,1
3.77,PINN Vanilla,0.18790386445275895,0.2503715971763421,0.0007423128730355765,0.0016123196590162592,0.00010620802640914917,0.3353458642959595,0.6702073439955711,0.33510786921014557,0.0,0.0,1
3.775,PINN Vanilla,0.18777973304043064,0.2508668101547176,0.0007355175489376134,0.0015886049782857792,0.00010569393634796143,0.33509719371795654,0.6697152107954025,0.33486179952804856,0.0,0.0,1
3.7800000000000002,PINN Vanilla,0.18765562078034553,0.25136194672665235,0.0007288066220667264,0.0015649965734922666,0.00010494142770767212,0.3348484933376312,0.6692225858569145,0.3346154839737123,0.0,0.0,1
3.785,PINN Vanilla,0.18753152980550275,0.25185699838270603,0.0007221824032485212,0.0015412521534106938,0.00010454654693603516,0.33459988236427307,0.6687299162149429,0.3343691460673543,0.0,0.0,1
3.79,PINN Vanilla,0.18740746277469297,0.25235195451583226,0.0007156491720264584,0.0015172649561041862,0.00010366737842559814,0.33435189723968506,0.6682390123605728,0.3341236910658554,0.0,0.0,1
3.795,PINN Vanilla,0.187283425825882,0.2528467906390758,0.0007092048479888032,0.0014936354243847705,0.0001031532883644104,0.33410385251045227,0.6677478179335594,0.3338780907762151,0.0,0.0,1
3.8000000000000003,PINN Vanilla,0.18715941436118907,0.2533415250953379,0.0007028478382888211,0.001470236497577354,0.00010263919830322266,0.33385607600212097,0.6672570705413818,0.3336327140067923,0.0,0.0,1
3.805,PINN Vanilla,0.1870354128678938,0.25383621977145543,0.0006965890226996484,0.00144672238897825,0.00010188668966293335,0.33360832929611206,0.6667666956782341,0.3333875235042174,0.0,0.0,1
3.81,PINN Vanilla,0.1869114508089778,0.2543307571270684,0.0006904380297137391,0.0014233702876959575,0.0001012459397315979,0.3333612084388733,0.6662774607539177,0.33314290297819715,0.0,0.0,1
3.815,PINN Vanilla,0.18678750746600978,0.25482521981680784,0.0006843809877054134,0.0014000710584490261,0.0001004934310913086,0.33311378955841064,0.6657876223325729,0.33289798069988324,0.0,0.0,1
3.8200000000000003,PINN Vanilla,0.1866635823355721,0.2553196098490207,0.0006784276826367462,0.0013769505233900692,9.997934103012085e-05,0.33286622166633606,0.6652972772717476,0.3326528050986562,0.0,0.0,1
3.825,PINN Vanilla,0.18653969176195645,0.2558138620193785,0.0006725806721643619,0.0013537167116816073,9.921938180923462e-05,0.3326191306114197,0.6648083552718163,0.3324083410367881,0.0,0.0,1
3.83,PINN Vanilla,0.1864158210379106,0.2563080350013634,0.0006668696853763865,0.0013306092154115323,9.882450103759766e-05,0.33237239718437195,0.6643194556236267,0.33216388815093095,0.0,0.0,1
3.835,PINN Vanilla,0.18629195563144632,0.2568021867692546,0.0006612521898486181,0.0013080424475152563,9.807199239730835e-05,0.33212578296661377,0.6638313606381416,0.33191983760146526,0.0,0.0,1
3.84,PINN Vanilla,0.186168129980057,0.2572961799372499,0.0006557466953176375,0.0012852107965270476,9.707361459732056e-05,0.3318798542022705,0.6633449420332909,0.33167662525281516,0.0,0.0,1
3.845,PINN Vanilla,0.18604432731061368,0.25779008142049176,0.0006503755635366076,0.0012621489120560048,9.655952453613281e-05,0.33163323998451233,0.6628563553094864,0.33143232883111023,0.0,0.0,1
3.85,PINN Vanilla,0.18592055215760395,0.25828387312898143,0.0006451112647050975,0.001239504204571612,9.591877460479736e-05,0.33138713240623474,0.6623697131872177,0.33118900472235135,0.0,0.0,1
3.855,PINN Vanilla,0.1857967952059375,0.2587775922245744,0.0006399713508301095,0.001216937097122589,9.504705667495728e-05,0.33114129304885864,0.6618828848004341,0.33094558748016856,0.0,0.0,1
3.86,PINN Vanilla,0.18567306587511712,0.2592712011288695,0.0006349735934540124,0.0011947074052899298,9.416788816452026e-05,0.33089515566825867,0.6613962426781654,0.33070226337140973,0.0,0.0,1
3.865,PINN Vanilla,0.18554935260518296,0.259764745959461,0.0006300866994425623,0.001172395231035378,9.341537952423096e-05,0.33064907789230347,0.6609088629484177,0.330458570454292,0.0,0.0,1
3.87,PINN Vanilla,0.185425662540936,0.26025819821270035,0.0006253550814333018,0.001150262711375527,9.289383888244629e-05,0.33040401339530945,0.6604234725236893,0.3302158722021421,0.0,0.0,1
3.875,PINN Vanilla,0.18530200054501747,0.26075153848944443,0.0006207535755923035,0.0011282520034136545,9.226053953170776e-05,0.3301587998867035,0.6599383130669594,0.32997328943543797,0.0,0.0,1
3.88,PINN Vanilla,0.18517835497542903,0.261244813234574,0.0006162922960536094,0.0011064368236994582,9.126216173171997e-05,0.329913854598999,0.6594538763165474,0.3297310680264187,0.0,0.0,1
3.8850000000000002,PINN Vanilla,0.18505474181474746,0.26173795868679545,0.0006119601107409242,0.0010845930303002571,9.062886238098145e-05,0.3296685218811035,0.6589682102203369,0.3294882319368014,0.0,0.0,1
3.89,PINN Vanilla,0.18493114921960743,0.2622310220943282,0.0006077804602756481,0.0010656364512424132,8.974969387054443e-05,0.32942354679107666,0.6584835052490234,0.3292458764156517,0.0,0.0,1
3.895,PINN Vanilla,0.1848075822726623,0.26272398318030715,0.0006037643309797782,0.0010605897539634757,8.910894393920898e-05,0.32917913794517517,0.6579998433589935,0.3290040424416761,0.0,0.0,1
3.9,PINN Vanilla,0.18468403548106654,0.2632168638580284,0.0005998766111118227,0.0010551477405044418,8.835643529891968e-05,0.3289341628551483,0.6575147286057472,0.3287614820269936,0.0,0.0,1
3.9050000000000002,PINN Vanilla,0.18456050716676153,0.2637096708219812,0.0005961567444391701,0.0010498287037963572,8.711963891983032e-05,0.3286898136138916,0.6570317074656487,0.32851996843199643,0.0,0.0,1
3.91,PINN Vanilla,0.18443700768523388,0.2642023627597268,0.0005925955868104541,0.0010445977403654993,8.671730756759644e-05,0.3284456133842468,0.6565485820174217,0.3282784026822818,0.0,0.0,1
3.915,PINN Vanilla,0.18431352873195755,0.26469497280155035,0.0005891805701181941,0.0010393316900555727,8.596479892730713e-05,0.32820188999176025,0.6560660004615784,0.3280371088821652,0.0,0.0,1
3.92,PINN Vanilla,0.18419007276062732,0.26518749115862006,0.0005859320808243188,0.0010338576320480797,8.496642112731934e-05,0.32795754075050354,0.6555826961994171,0.3277954537243636,0.0,0.0,1
3.9250000000000003,PINN Vanilla,0.18406665381100085,0.2656798618203737,0.000582837475112438,0.0010284211759786221,8.408725261688232e-05,0.3277139663696289,0.6551005989313126,0.3275544020711492,0.0,0.0,1
3.93,PINN Vanilla,0.1839432384188588,0.26617221828980947,0.0005799176259280259,0.0010231147094380832,8.308887481689453e-05,0.3274705708026886,0.6546194106340408,0.3273138049090437,0.0,0.0,1
3.935,PINN Vanilla,0.1838198612305197,0.26666442234803295,0.0005771621954604212,0.0010177219755953815,8.221715688705444e-05,0.3272269368171692,0.6541373357176781,0.32707276443184025,0.0,0.0,1
3.94,PINN Vanilla,0.18369650151263608,0.2671565567091818,0.0005745736204865175,0.0010120099538647453,8.145719766616821e-05,0.32698342204093933,0.653655581176281,0.3268318841441259,0.0,0.0,1
3.9450000000000003,PINN Vanilla,0.18357317296935394,0.26764856670159154,0.0005721608487149503,0.0010065393112047571,8.05780291557312e-05,0.32674017548561096,0.6531743183732033,0.32659124972865083,0.0,0.0,1
3.95,PINN Vanilla,0.18344985256279195,0.26814054423316525,0.0005699180273991593,0.0010009084471601093,7.946044206619263e-05,0.3264971673488617,0.6526935771107674,0.3263508760867629,0.0,0.0,1
3.955,PINN Vanilla,0.18332656809651815,0.2686323783836493,0.0005678522057682981,0.0009951762181885093,7.881969213485718e-05,0.3262545168399811,0.6522132679820061,0.3261107185144184,0.0,0.0,1
3.96,PINN Vanilla,0.18320329135677238,0.2691241817097281,0.0005659595602264289,0.000989748394636586,7.782131433486938e-05,0.32601192593574524,0.6517338380217552,0.3258710005318351,0.0,0.0,1
3.9650000000000003,PINN Vanilla,0.18308005992088233,0.26961580429946547,0.0005642390458167242,0.000983955999467545,7.683038711547852e-05,0.32576900720596313,0.6512530893087387,0.3256306231646101,0.0,0.0,1
3.97,PINN Vanilla,0.1829568249461529,0.2701074410071377,0.0005627094984437288,0.000978160385744553,7.618963718414307e-05,0.325527161359787,0.6507748067378998,0.32539147888391834,0.0,0.0,1
3.975,PINN Vanilla,0.18283363176627201,0.2705989109773899,0.000561358435241985,0.0009725323482634995,7.507205009460449e-05,0.32528457045555115,0.6502951830625534,0.32515166404257406,0.0,0.0,1
3.98,PINN Vanilla,0.18271045582191842,0.27109031218779606,0.0005601815790174829,0.0009667075203128317,7.431209087371826e-05,0.3250422477722168,0.6498156487941742,0.3249118939052733,0.0,0.0,1
3.985,PINN Vanilla,0.18258729358543982,0.27158165871166096,0.0005591828180281441,0.000961030262033008,7.319450378417969e-05,0.3248001039028168,0.6493363082408905,0.32467222062673345,0.0,0.0,1
3.99,PINN Vanilla,0.1824641717864467,0.27207284391320424,0.0005583459249685154,0.0009549967167463425,7.195770740509033e-05,0.32455819845199585,0.6488586515188217,0.3244333892743461,0.0,0.0,1
3.995,PINN Vanilla,0.18234106468724776,0.2725639704710189,0.0005577136892488584,0.0009490671090661984,7.11977481842041e-05,0.3243165612220764,0.6483804881572723,0.32419430459904564,0.0,0.0,1
4.0,PINN Vanilla,0.18221798768123468,0.273054976974321,0.0005572552079033113,0.0009431681126260139,7.019937038421631e-05,0.32407522201538086,0.6479032337665558,0.32395567441485407,0.0,0.0,1
4.005,PINN Vanilla,0.18209492366712493,0.2735459316473972,0.0005569842230428105,0.0009373919891827454,6.920099258422852e-05,0.32383379340171814,0.6474258899688721,0.323716999526619,0.0,0.0,1
4.01,PINN Vanilla,0.1819718859351433,0.27403678146989047,0.0005568962784309775,0.000931332002689661,6.820261478424072e-05,0.3235927224159241,0.646949365735054,0.32347873442544933,0.0,0.0,1
4.015,PINN Vanilla,0.1818488823535206,0.2745274950520829,0.0005569802161104235,0.0009253346602284274,6.708502769470215e-05,0.32335150241851807,0.646472230553627,0.32324016384664905,0.0,0.0,1
4.0200000000000005,PINN Vanilla,0.18172587199999882,0.27501823565025985,0.0005572513673384398,0.0009192088834497347,6.596744060516357e-05,0.3231103718280792,0.6459958553314209,0.3230019732522186,0.0,0.0,1
4.025,PINN Vanilla,0.18160291239097193,0.2755087738070726,0.000557687021224362,0.0009131990562114001,6.4849853515625e-05,0.322869211435318,0.6455189734697342,0.3227635293348749,0.0,0.0,1
4.03,PINN Vanilla,0.18147995743203213,0.27599929341271096,0.0005583015864404097,0.000907119888477248,6.408244371414185e-05,0.32262828946113586,0.6450420990586281,0.32252508914286815,0.0,0.0,1
4.035,PINN Vanilla,0.18135704221325116,0.27648965447796015,0.0005590961967905527,0.0009008985623240873,6.284564733505249e-05,0.32238754630088806,0.6445666328072548,0.32228735303954653,0.0,0.0,1
4.04,PINN Vanilla,0.18123413491490725,0.27697998394521856,0.0005600585006368107,0.0008948183411699728,6.172806024551392e-05,0.32214775681495667,0.6440923884510994,0.3220502278914861,0.0,0.0,1
4.045,PINN Vanilla,0.1811112492075852,0.2774702272767113,0.0005612084225228018,0.0008885732551009717,6.049126386642456e-05,0.3219069838523865,0.6436164155602455,0.3218122384652513,0.0,0.0,1
4.05,PINN Vanilla,0.1809883913709535,0.27796035942017105,0.0005625244259975656,0.0008823551523554352,5.961209535598755e-05,0.3216675817966461,0.6431431099772453,0.32157558270964753,0.0,0.0,1
4.055,PINN Vanilla,0.18086555343236888,0.27845041218186123,0.0005639966929832696,0.0008760936079335868,5.8494508266448975e-05,0.32142701745033264,0.6426674202084541,0.3213377348462172,0.0,0.0,1
4.0600000000000005,PINN Vanilla,0.1807427512438925,0.2789403223211705,0.0005656497629965928,0.0008788392596858763,5.7250261306762695e-05,0.3211866617202759,0.6421923637390137,0.32110020363642827,0.0,0.0,1
4.065,PINN Vanilla,0.18061996232699584,0.2794301795145058,0.0005674632413204022,0.0008894856895137471,5.589425563812256e-05,0.3209472894668579,0.6417194604873657,0.32086374904902026,0.0,0.0,1
4.07,PINN Vanilla,0.18049719925966107,0.2799199335829488,0.000569422372961934,0.0009002351722397078,5.501508712768555e-05,0.3207074999809265,0.6412447094917297,0.3206263705780466,0.0,0.0,1
4.075,PINN Vanilla,0.18037446054282247,0.2804095905069099,0.0005715601943983659,0.00091097285072686,5.4016709327697754e-05,0.32046785950660706,0.6407709121704102,0.32038946895020365,0.0,0.0,1
4.08,PINN Vanilla,0.18025173375511672,0.2808991998404884,0.0005738439710684732,0.0009213679959053644,5.229562520980835e-05,0.3202284872531891,0.6402982249855995,0.3201531223975674,0.0,0.0,1
4.085,PINN Vanilla,0.1801290304788777,0.28138871537683013,0.000576286525421537,0.0009318383022131824,5.129724740982056e-05,0.31998974084854126,0.6398264244198799,0.3199172191600292,0.0,0.0,1
4.09,PINN Vanilla,0.18000635467059498,0.2818781213318163,0.0005788737561375158,0.0009425927002770854,4.994124174118042e-05,0.3197501003742218,0.6393529698252678,0.31968048889768624,0.0,0.0,1
4.095,PINN Vanilla,0.17988370487222202,0.28236742352221417,0.0005816084030730838,0.0009531979604104138,4.89354133605957e-05,0.3195110261440277,0.6388799995183945,0.3194440007822456,0.0,0.0,1
4.1,PINN Vanilla,0.1797610583964053,0.28285671245752264,0.0005845068560554093,0.0009635798947657884,4.769861698150635e-05,0.31927216053009033,0.6384084671735764,0.3192082316568379,0.0,0.0,1
4.105,PINN Vanilla,0.17963845136615486,0.2833458440276969,0.0005875340616956155,0.0009743341286603188,4.634261131286621e-05,0.31903329491615295,0.637936145067215,0.3189720676457126,0.0,0.0,1
4.11,PINN Vanilla,0.17951585664539726,0.2838349264900708,0.0005906983855901185,0.0009847316534293271,4.521757364273071e-05,0.31879472732543945,0.6374647542834282,0.3187363693017071,0.0,0.0,1
4.115,PINN Vanilla,0.1793932910669256,0.28432389269147634,0.0005939986353205123,0.0009949200806935454,4.3742358684539795e-05,0.3185561001300812,0.6369935944676399,0.31850078644314733,0.0,0.0,1
4.12,PINN Vanilla,0.17927074156798517,0.28481279474479543,0.0005974318029333574,0.001005642149533463,4.250556230545044e-05,0.3183175325393677,0.6365218386054039,0.3182649055576309,0.0,0.0,1
4.125,PINN Vanilla,0.17914822098013158,0.2853015814594975,0.0006010068684253434,0.00101574967196464,4.114210605621338e-05,0.31807953119277954,0.6360515058040619,0.3180297362114734,0.0,0.0,1
4.13,PINN Vanilla,0.17902570094044382,0.28579036598733315,0.0006046888379732613,0.001026320451344452,3.978610038757324e-05,0.31784123182296753,0.6355810165405273,0.31779448863323984,0.0,0.0,1
4.135,PINN Vanilla,0.17890323428912563,0.28627893752626443,0.0006085100938147961,0.0010368207375322375,3.83034348487854e-05,0.31760379672050476,0.6351118609309196,0.3175599078903218,0.0,0.0,1
4.14,PINN Vanilla,0.17878077863468542,0.2867674651939741,0.0006124483471468895,0.0010472334137702557,3.6947429180145264e-05,0.3173655867576599,0.6346411779522896,0.3173245634533273,0.0,0.0,1
4.1450000000000005,PINN Vanilla,0.1786583344693537,0.2872559470267454,0.0006165004816027836,0.0010574857377825889,3.5703182220458984e-05,0.3171280026435852,0.6341715902090073,0.3170897666408657,0.0,0.0,1
4.15,PINN Vanilla,0.17853590361289196,0.2877443757647761,0.0006206686068604022,0.0010678199564215923,3.4227967262268066e-05,0.31689006090164185,0.6337020248174667,0.3168549810044149,0.0,0.0,1
4.155,PINN Vanilla,0.1784135167103809,0.28823262915181047,0.000624951169976195,0.0010780839777331033,3.2864511013031006e-05,0.31665244698524475,0.6332323178648949,0.31662012458656197,0.0,0.0,1
4.16,PINN Vanilla,0.1782911429302888,0.2887208301879365,0.0006293262727508814,0.0010881476853837058,3.150850534439087e-05,0.31641510128974915,0.6327637210488319,0.31638582324391573,0.0,0.0,1
4.165,PINN Vanilla,0.1781687826007694,0.28920897756400954,0.0006338199097519735,0.0010986337762805276,3.0025839805603027e-05,0.3161776661872864,0.6322946548461914,0.31615128720504115,0.0,0.0,1
4.17,PINN Vanilla,0.17804645878953618,0.2896969792531133,0.0006384107459095629,0.0011087532214258886,2.6270747184753418e-05,0.3159402906894684,0.6318255215883255,0.315916717638134,0.0,0.0,1
4.175,PINN Vanilla,0.17792414173155696,0.2901849540006156,0.0006431062684276888,0.0011191374794819256,2.1696090698242188e-05,0.3157035708427429,0.631358377635479,0.31568314273619463,0.0,0.0,1
4.18,PINN Vanilla,0.1778018485877786,0.29067283334420363,0.0006478910716305192,0.0011289352392899743,1.7434358596801758e-05,0.315466970205307,0.6308909133076668,0.3154494076447661,0.0,0.0,1
4.1850000000000005,PINN Vanilla,0.17767957964160658,0.2911606161532523,0.0006527616381990776,0.0011392927551327342,1.30385160446167e-05,0.3152299225330353,0.6304225772619247,0.3152152366889134,0.0,0.0,1
4.19,PINN Vanilla,0.17755733777184388,0.29164829094299255,0.000657721291167304,0.001149328954209057,8.77678394317627e-06,0.3149934411048889,0.6299553513526917,0.3149816208082675,0.0,0.0,1
4.195,PINN Vanilla,0.1774351045422189,0.2921359312635502,0.0006627769151019861,0.001159383592969597,4.395842552185059e-06,0.3147570490837097,0.6294886693358421,0.31474827687721957,0.0,0.0,1
4.2,PINN Vanilla,0.17731289825102944,0.2926234641152355,0.000667913313866158,0.0011693515619921047,0.0,0.31452035903930664,0.6290212869644165,0.3145145827644975,0.0,0.0,1
4.205,PINN Vanilla,0.1771907169703726,0.29311089718927297,0.0006731319625587533,0.0011793629506863593,-4.425644874572754e-06,0.3142837584018707,0.6285538673400879,0.3142808700250907,0.0,4.4257003062881325e-06,1
4.21,PINN Vanilla,0.1770685443447696,0.2935982957346211,0.0006784272375851459,0.001189583345057199,-9.641051292419434e-06,0.31404751539230347,0.6280881986021996,0.3140480327398691,0.0,9.641172047705124e-06,1
4.215,PINN Vanilla,0.1769463874183379,0.29408563164930024,0.0006837824938268162,0.001199630853648971,-1.3366341590881348e-05,0.31381136178970337,0.6276213377714157,0.31381459940073414,0.0,1.3366509005860117e-05,1
4.22,PINN Vanilla,0.17682426919539768,0.2945728131592972,0.0006892293536485139,0.001209427507699569,-1.7777085304260254e-05,0.3135753273963928,0.6271551549434662,0.31358150506726234,0.0,1.777730796431563e-05,1
4.225,PINN Vanilla,0.1767021753714309,0.2950598973314157,0.0006947418384272535,0.0012192594802615461,-2.2470951080322266e-05,0.31333962082862854,0.6266902759671211,0.3133490626677583,0.0,2.2471232531590922e-05,1
4.23,PINN Vanilla,0.17658008145796764,0.29554698186057377,0.0007003193089863054,0.0012290559429386158,-2.682209014892578e-05,0.31310373544692993,0.6262246966362,0.31311627008658016,0.0,2.6822426098715954e-05,1
4.235,PINN Vanilla,0.17645802448789877,0.2960339190068251,0.0007059655969677156,0.0012389760055605409,-3.129243850708008e-05,0.31286829710006714,0.6257596462965012,0.312883742004326,0.0,3.129283044850195e-05,1
4.24,PINN Vanilla,0.17633599630958802,0.2965207412905124,0.000711675406272962,0.0012490407047069038,-3.574788570404053e-05,0.31263262033462524,0.6252943500876427,0.3126510909859523,0.0,3.574833345045532e-05,1
4.245,PINN Vanilla,0.17621396501381717,0.29700757601107347,0.0007174283978789781,0.001258844524800927,-4.0277838706970215e-05,0.3123973309993744,0.6248303800821304,0.3124191030775571,0.0,4.027834319157179e-05,1
4.25,PINN Vanilla,0.17609195352286786,0.2974943317217814,0.0007232537060069174,0.0012685905133593134,-4.48375940322876e-05,0.3121616542339325,0.6243651807308197,0.31218650048856383,0.0,4.483815562835351e-05,1
4.255,PINN Vanilla,0.17596996244084132,0.2979810060126195,0.0007291418616248287,0.0012806496802866968,-4.9233436584472656e-05,0.3119265139102936,0.6239008978009224,0.3119543561160164,0.0,4.9234053238976395e-05,1
4.26,PINN Vanilla,0.17584800525560035,0.2984675450747687,0.0007350628649459623,0.0012978747365307852,-5.379319190979004e-05,0.3116909861564636,0.6234362423419952,0.31172202547662103,0.0,5.3793865675758106e-05,1
4.265,PINN Vanilla,0.17572607975210752,0.29895395774495503,0.0007410505999522473,0.0013148049143138635,-5.842745304107666e-05,0.31145620346069336,0.6229731515049934,0.31149047715798694,0.0,5.842818485170292e-05,1
4.2700000000000005,PINN Vanilla,0.1756041573026815,0.29944035823117043,0.0007470827582140998,0.0013321031887823104,-6.255507469177246e-05,0.31122124195098877,0.6225091889500618,0.3112584929749287,0.0,6.255585820133865e-05,1
4.275,PINN Vanilla,0.1754822533081721,0.29992668509287734,0.0007531522102154114,0.001349116683882684,-6.720423698425293e-05,0.31098657846450806,0.6220461130142212,0.3110269521069685,0.0,6.720507872511608e-05,1
4.28,PINN Vanilla,0.17536035824839297,0.3004129763101466,0.0007592836390733891,0.0013660373810582688,-7.160007953643799e-05,0.31075185537338257,0.6215830221772194,0.31079540378833437,0.0,7.160097633573897e-05,1
4.285,PINN Vanilla,0.1752385061096262,0.30089909629724954,0.0007654474724219455,0.001383120558705389,-7.605552673339844e-05,0.31051746010780334,0.6211205273866653,0.3105641534966569,0.0,7.605647933769235e-05,1
4.29,PINN Vanilla,0.1751166598477939,0.3013851928387624,0.0007716593655174191,0.0014002978722995052,-8.049607276916504e-05,0.3102831244468689,0.6206580176949501,0.3103328957543055,0.0,8.049708099181311e-05,1
4.295,PINN Vanilla,0.17499483032180024,0.3018712226138996,0.00077790488954699,0.0014176702235209337,-8.498132228851318e-05,0.3100484609603882,0.6201952546834946,0.3101015113504975,0.0,8.498238668943172e-05,1
4.3,PINN Vanilla,0.1748730302886204,0.3023571347296637,0.0007841906789348968,0.0014347795107983868,-8.928775787353516e-05,0.30981406569480896,0.6197327226400375,0.3098702424321353,0.0,8.928887621305889e-05,1
4.305,PINN Vanilla,0.1747512546469559,0.30284294953730284,0.0007905119050196061,0.001451983981870228,-9.392201900482178e-05,0.30957990884780884,0.619270883500576,0.3096393199701101,0.0,9.39231953890037e-05,1
4.3100000000000005,PINN Vanilla,0.17462948617246654,0.30332873575203334,0.0007968677846232329,0.0014689986813107708,-9.846687316894531e-05,0.3093460202217102,0.6188094913959503,0.30940862102830247,0.0,9.846810647795279e-05,1
4.315,PINN Vanilla,0.17450772375390455,0.3038144978070948,0.0008032588557442087,0.0014860996132284865,-0.00010307133197784424,0.30911165475845337,0.6183474436402321,0.3091775942568425,0.0,0.00010307262295823237,1
4.32,PINN Vanilla,0.17438600025138815,0.3043001046095053,0.0008096730854028468,0.0015034249656882825,-0.0001074373722076416,0.3088778555393219,0.6178860515356064,0.30894689531503483,0.0,0.00010743871787319002,1
4.325,PINN Vanilla,0.1742642985412607,0.3047856244728112,0.0008161179877379772,0.0015208218024055226,-0.000112190842628479,0.30864447355270386,0.6174260005354881,0.3087168669338796,0.0,0.00011219224783179579,1
4.33,PINN Vanilla,0.17414260240228802,0.3052711221104121,0.0008225949231723485,0.0015376334951795606,-0.00011664628982543945,0.3084108829498291,0.6169653534889221,0.3084865405257678,0.0,0.00011664775083374916,1
4.335,PINN Vanilla,0.17402094019739123,0.30575648437055714,0.0008291036792522203,0.0015551500605203161,-0.00012098252773284912,0.30817732214927673,0.6165045276284218,0.3082561247095689,0.0,0.00012098404305304158,1
4.34,PINN Vanilla,0.17389927567304436,0.3062418558839747,0.0008356310369277201,0.0015718970579522429,-0.00012589991092681885,0.3079439103603363,0.616044819355011,0.3080262676939138,0.0,0.00012590148783780616,1
4.345,PINN Vanilla,0.17377763837799654,0.3067271187681418,0.0008421716381814012,0.0015893658165768432,-0.00013059377670288086,0.3077102303504944,0.6155842319130898,0.3077959710884976,0.0,0.00013059541240508147,1
4.3500000000000005,PINN Vanilla,0.17365602600771385,0.307212282216824,0.0008487587384156798,0.0016063681573609961,-0.00013475120067596436,0.30747726559638977,0.6151245385408401,0.3075661215235164,0.0,0.00013475288845038244,1
4.355,PINN Vanilla,0.17353442907184213,0.30769738409107883,0.0008553510822500191,0.0016234169806900317,-0.0001395195722579956,0.3072440028190613,0.6146648526191711,0.3073362756838722,0.0,0.00013952131975682083,1
4.36,PINN Vanilla,0.17341284369220128,0.3081824398626157,0.0008619610066872094,0.0016407878070494875,-0.00014394521713256836,0.30701062083244324,0.6142045930027962,0.30710614299328215,0.0,0.00014394702006310895,1
4.365,PINN Vanilla,0.17329129115030453,0.3086673646304302,0.000868599068218277,0.001657943325262895,-0.00014816224575042725,0.30677759647369385,0.6137451976537704,0.30687644244177925,0.0,0.00014816410149974042,1
4.37,PINN Vanilla,0.1731697489601654,0.3091522481006826,0.0008752439757347653,0.0016744223076300135,-0.00015313923358917236,0.3065447509288788,0.6132866814732552,0.30664718148003745,0.0,0.00015314115167583547,1
4.375,PINN Vanilla,0.17304821552576366,0.30963709664057604,0.0008819060105982659,0.0016917317638144302,-0.00015780329704284668,0.30631211400032043,0.6128286272287369,0.30641815148918705,0.0,0.00015780527354744553,1
4.38,PINN Vanilla,0.1729267084406124,0.3101218400621069,0.0008885934331830729,0.0017088789363455537,-0.00016242265701293945,0.30607956647872925,0.6123698726296425,0.30618877131666256,0.0,0.00016242469137555773,1
4.385,PINN Vanilla,0.17280522677245677,0.3106064820844361,0.0008952984452797158,0.0017258226589373094,-0.00016680359840393066,0.30584707856178284,0.6119114756584167,0.3059595699603121,0.0,0.000166805687638348,1
4.39,PINN Vanilla,0.17268376196692656,0.3110910568345833,0.0009020126355732935,0.0017428058952391606,-0.0001713186502456665,0.30561429262161255,0.6114529743790627,0.3057303164492442,0.0,0.00017132079603163184,1
4.3950000000000005,PINN Vanilla,0.17256229302591392,0.3115756480829282,0.0009087260582028878,0.0017597601414070935,-0.00017589330673217773,0.30538225173950195,0.6109960302710533,0.30550184153360055,0.0,0.00017589550981624618,1
4.4,PINN Vanilla,0.1724408565833046,0.31206010968132547,0.0009154585865054284,0.001776657712523222,-0.00018076598644256592,0.30515003204345703,0.6105385422706604,0.30527309466835895,0.0,0.0001807682505575129,1
4.405,PINN Vanilla,0.17231943327430133,0.3125445188841845,0.0009222092032261852,0.0017936294345270998,-0.0001853853464126587,0.30491799116134644,0.6100815162062645,0.30504457877400876,0.0,0.0001853876683856251,1
4.41,PINN Vanilla,0.17219804349663975,0.31302879431626557,0.0009289513696835055,0.0018108459341414501,-0.00019006431102752686,0.30468541383743286,0.6096233576536179,0.30481549662844093,0.0,0.00019006669160506778,1
4.415,PINN Vanilla,0.17207666297440413,0.31351303282451753,0.0009357173126897145,0.001827447596309692,-0.00019472837448120117,0.30445337295532227,0.6091660186648369,0.3045868242699385,0.0,0.00019473081347667784,1
4.42,PINN Vanilla,0.1719552991059688,0.3139972048936798,0.0009424868876199604,0.0018440824088816615,-0.00019951164722442627,0.3042215406894684,0.6087096929550171,0.3043586585572624,0.0,0.00019951414613094884,1
4.425,PINN Vanilla,0.17183393746002895,0.3144813680963627,0.000949257841628305,0.0018606875617347418,-0.00020390748977661133,0.303989440202713,0.6082520857453346,0.30412985208662946,0.0,0.00020391004374157174,1
4.43,PINN Vanilla,0.1717126230607639,0.31496534281197286,0.0009560484071535119,0.0018770594467203139,-0.00020836293697357178,0.30375808477401733,0.6077965050935745,0.30390205890764915,0.0,0.00020836554674352512,1
4.4350000000000005,PINN Vanilla,0.17159129870501721,0.31544935724822126,0.0009628230389412162,0.0018940806877777439,-0.00021332502365112305,0.3035268783569336,0.6073414906859398,0.3036745488542777,0.0,0.00021332769557178756,1
4.44,PINN Vanilla,0.17146998818393228,0.31593331649212214,0.0009696122699473885,0.0019103699216997394,-0.00021767616271972656,0.3032950162887573,0.606884554028511,0.30344607766397097,0.0,0.0002176788891389126,1
4.445,PINN Vanilla,0.17134870694683596,0.31641715890974226,0.0009764008190326103,0.001927240803078628,-0.0002227574586868286,0.3030635416507721,0.6064293682575226,0.30321848192784945,0.0,0.000222760248749836,1
4.45,PINN Vanilla,0.1712274511901287,0.3169008996752575,0.0009831993243799193,0.0019435152950732504,-0.0002273768186569214,0.30283233523368835,0.6059740111231804,0.3029908005089779,0.0,0.00022737966657794819,1
4.455,PINN Vanilla,0.17110619605243865,0.3173846379712498,0.000990001827608276,0.0019598631085601115,-0.0002322942018508911,0.3026010990142822,0.6055190116167068,0.3027632979062803,0.0,0.0002322971113627128,1
4.46,PINN Vanilla,0.17098496687618103,0.3178682726960506,0.00099680001221085,0.001976104613621632,-0.0002374500036239624,0.3023696541786194,0.6050641909241676,0.30253588471166976,0.0,0.0002374529777127993,1
4.465,PINN Vanilla,0.17086375280990973,0.31835184714069203,0.001003609549795759,0.0019925049407566453,-0.00024202466011047363,0.30213844776153564,0.6046087890863419,0.30230818094077644,0.0,0.00024202769149741363,1
4.47,PINN Vanilla,0.17074256680077976,0.3188353096534681,0.0010104070367608943,0.0020088134931969537,-0.0002466440200805664,0.30190759897232056,0.6041542664170265,0.3020809167596442,0.0,0.0002466471093255258,1
4.4750000000000005,PINN Vanilla,0.1706213767046446,0.3193187884710455,0.0010172013136564334,0.002024786201865386,-0.00025101006031036377,0.30167630314826965,0.6036988347768784,0.3018531980874031,0.0,0.0002510132042404835,1
4.48,PINN Vanilla,0.1705001987539254,0.319802218835395,0.001024002589166863,0.0020411772781086246,-0.00025619566440582275,0.301445335149765,0.6032445281744003,0.3016260419410426,0.0,0.0002561988732862352,1
4.485,PINN Vanilla,0.17037905523324154,0.32028551184369564,0.0010308145519273345,0.0020571475265261097,-0.00026100873947143555,0.30121463537216187,0.6027907356619835,0.3013991428429323,0.0,0.0002610120086361715,1
4.49,PINN Vanilla,0.17025792630048128,0.3207687466545669,0.0010376060844342824,0.00207290472989044,-0.0002656280994415283,0.3009842336177826,0.6023373454809189,0.30117244491301765,0.0,0.00026563142646428365,1
4.495,PINN Vanilla,0.17013680025398192,0.3212519699509163,0.0010443912818657475,0.002089044104858079,-0.00027048587799072266,0.3007536828517914,0.6018836572766304,0.3009455979696247,0.0,0.0002704892658577178,1
4.5,PINN Vanilla,0.17001569759216273,0.32173509995583455,0.0010511865918183235,0.0021049094921932465,-0.0002757608890533447,0.3005233705043793,0.6014311090111732,0.3007193210027864,0.0,0.00027576434299046525,1
4.505,PINN Vanilla,0.16989459588870154,0.32221822613745527,0.0010579680866644966,0.0021207728228321565,-0.00028082728385925293,0.3002926707267761,0.6009778082370758,0.3004926677769153,0.0,0.00028083080125355605,1
4.51,PINN Vanilla,0.16977352432317444,0.3227012320860437,0.0010647531999152236,0.002136361408784676,-0.0002852827310562134,0.300062894821167,0.6005255058407784,0.30026651374619656,0.0,0.0002852863042555094,1
4.515,PINN Vanilla,0.16965247562399377,0.32318414681105456,0.001071538529589793,0.0021521810658381157,-0.00028993189334869385,0.2998325824737549,0.6000720858573914,0.30003980091493415,0.0,0.0002899355247792869,1
4.5200000000000005,PINN Vanilla,0.16953143503170115,0.3236670291942424,0.0010782998471757985,0.0021676498286740398,-0.0002950429916381836,0.29960209131240845,0.5996193662285805,0.2998134382653458,0.0,0.0002950466870858755,1
4.525,PINN Vanilla,0.16941039986513162,0.324149889931914,0.001085070317668211,0.0021828562878693225,-0.0003001987934112549,0.29937201738357544,0.5991672948002815,0.29958739972007276,0.0,0.000300202553435962,1
4.53,PINN Vanilla,0.16928938457796402,0.3246326713621996,0.0010918304796307592,0.00219875470613648,-0.00030550360679626465,0.29914215207099915,0.5987155437469482,0.29936152136428895,0.0,0.00030550743326437474,1
4.535,PINN Vanilla,0.16916840317266602,0.3251153176233025,0.0010985905614258958,0.002213251119311921,-0.00031013786792755127,0.29891201853752136,0.598263181746006,0.29913533753087457,0.0,0.0003101417524403195,1
4.54,PINN Vanilla,0.16904741124780448,0.3255980058514167,0.00110533224372933,0.002228646221743097,-0.0003149956464767456,0.29868218302726746,0.5978112891316414,0.2989093883936885,0.0,0.00031499959183375366,1
4.545,PINN Vanilla,0.16892643331795243,0.32608063824748806,0.001112068966491876,0.002243955726650565,-0.0003202855587005615,0.2984527051448822,0.5973607748746872,0.2986841284438398,0.0,0.00032028957031433376,1
4.55,PINN Vanilla,0.16880547973113852,0.32656317352883085,0.0011188097066789585,0.0022588659031167746,-0.0003251582384109497,0.2982228100299835,0.5969090089201927,0.2984582426373821,0.0,0.0003251623110556005,1
4.555,PINN Vanilla,0.16868455005106744,0.32704561343601246,0.0011255301155706527,0.002274161761885246,-0.0003302246332168579,0.2979933023452759,0.5964577421545982,0.2982326064285005,0.0,0.0003302287693186913,1
4.5600000000000005,PINN Vanilla,0.1685636264381108,0.32752802913889517,0.0011322508637836646,0.0022889709869295116,-0.0003350973129272461,0.2977640926837921,0.5960073471069336,0.2980074060840431,0.0,0.000335101510059958,1
4.565,PINN Vanilla,0.16844271973998576,0.32801037736132327,0.0011389677733653562,0.002303945797487633,-0.0003400444984436035,0.29753464460372925,0.5955561921000481,0.29778182575521595,0.0,0.0003400487575403878,1
4.57,PINN Vanilla,0.16832180980507197,0.32849273849667776,0.0011456639483423047,0.002318742666724466,-0.00034555792808532715,0.2973051965236664,0.5951060801744461,0.2975567669735629,0.0,0.0003455622562384572,1
4.575,PINN Vanilla,0.16820094228775292,0.328974930410213,0.0011523554478385682,0.002333480007374822,-0.0003506690263748169,0.29707610607147217,0.5946565270423889,0.29733198759218177,0.0,0.00035067341854504587,1
4.58,PINN Vanilla,0.16808006328132535,0.3294571681586867,0.0011590390469776305,0.0023481272241201445,-0.00035569071769714355,0.2968466281890869,0.5942057445645332,0.2971065935302025,0.0,0.0003556951727646388,1
4.585,PINN Vanilla,0.16795920626865374,0.3299393181647173,0.0011657112062965467,0.0023624749112521326,-0.0003609955310821533,0.2966175675392151,0.5937561988830566,0.2968818178741583,0.0,0.0003610000525930515,1
4.59,PINN Vanilla,0.16783836482463776,0.3304214060607614,0.0011723689159919876,0.0023765967886553996,-0.00036601722240448,0.2963886559009552,0.5933065563440323,0.29665699378873367,0.0,0.00036602180681264443,1
4.595,PINN Vanilla,0.16771755763912227,0.33090335728508213,0.0011790332255475029,0.0023906708878583816,-0.0003712475299835205,0.29615944623947144,0.5928563997149467,0.2964319126550589,0.0,0.00037125217990189403,1
4.6000000000000005,PINN Vanilla,0.16759673859905433,0.33138535580225253,0.001185673737587363,0.002405165028583456,-0.0003762245178222656,0.2959304451942444,0.5924068912863731,0.2962071556256995,0.0,0.0003762292300779891,1
4.605,PINN Vanilla,0.1674759272967015,0.3318673234503877,0.0011923031321662157,0.0024193273585840225,-0.0003819465637207031,0.2957017123699188,0.5919584184885025,0.29598291641817726,0.0,0.00038195134764571517,1
4.61,PINN Vanilla,0.16735512927711546,0.3323492381079189,0.0011989179149525294,0.0024332096922585478,-0.0003869384527206421,0.2954731583595276,0.5915096923708916,0.2957585505491985,0.0,0.0003869432991696429,1
4.615,PINN Vanilla,0.16723437362291788,0.33283098375190384,0.0012055395600961438,0.0024472339360368245,-0.00039264559745788574,0.2952447831630707,0.5910621657967567,0.2955347844594699,0.0,0.0003926505153895363,1
4.62,PINN Vanilla,0.16711361933727045,0.3333127239361604,0.0012121482316244307,0.0024609055408705283,-0.0003973543643951416,0.2950159013271332,0.5906126201152802,0.2953100088034257,0.0,0.00039735934130464423,1
4.625,PINN Vanilla,0.16699286027102023,0.333794483192274,0.0012187296583676145,0.002474643205145649,-0.00040334463119506836,0.29478782415390015,0.5901657268404961,0.29508655936733863,0.0,0.0004033496831333575,1
4.63,PINN Vanilla,0.16687211707174718,0.3342761791482698,0.001225299741129942,0.002488567078402504,-0.00040841102600097656,0.2945590317249298,0.5897168442606926,0.2948621152662837,0.0,0.00040841614139644825,1
4.635,PINN Vanilla,0.16675141003277447,0.33475773084545396,0.0012318901351938787,0.002501961142790665,-0.0004138946533203125,0.2943308651447296,0.5892695039510727,0.29463844230997915,0.0,0.0004138998373988524,1
4.64,PINN Vanilla,0.16663069274272768,0.33523932343853086,0.0012384241685813935,0.0025153014767793636,-0.00041934847831726074,0.2941026985645294,0.588822141289711,0.29441475817766366,0.0,0.0004193537307055913,1
4.6450000000000005,PINN Vanilla,0.1665099883961069,0.3357208643947785,0.001244969367654766,0.0025286836483417174,-0.00042466819286346436,0.29387444257736206,0.5883744582533836,0.294190913855859,0.0,0.00042467351188183665,1
4.65,PINN Vanilla,0.16638930203827532,0.3362023335860981,0.0012514980664100164,0.002542056354412653,-0.00042998790740966797,0.29364633560180664,0.5879270732402802,0.29396721854753266,0.0,0.00042999329305808197,1
4.655,PINN Vanilla,0.16626862804214276,0.33668375346134466,0.001258017447216734,0.00255487335122237,-0.000435560941696167,0.2934180796146393,0.5874798893928528,0.2937436238233042,0.0,0.00043556639714748186,1
4.66,PINN Vanilla,0.16614797459663572,0.33716509135140893,0.0012645171196492317,0.0025679167388930058,-0.00044149160385131836,0.2931900918483734,0.5870334729552269,0.29352041280878244,0.0,0.00044149713358486464,1
4.665,PINN Vanilla,0.16602731339103946,0.3376464601997683,0.0012710220538698178,0.0025806344326798347,-0.0004467964172363281,0.2929621636867523,0.5865863189101219,0.2932968329859018,0.0,0.0004468020134132773,1
4.67,PINN Vanilla,0.1659066779417796,0.3381277262951514,0.0012774921513108598,0.002593900774265828,-0.00045193731784820557,0.29273444414138794,0.5861400067806244,0.29307367412609747,0.0,0.0004519429784155312,1
4.675,PINN Vanilla,0.16578604254845503,0.33860899216738494,0.0012839636459019098,0.0026062066872305223,-0.0004578232765197754,0.2925063669681549,0.5856936126947403,0.29285047428758654,0.0,0.0004578290108094161,1
4.68,PINN Vanilla,0.16566543320978847,0.3390901540965105,0.0012904164467284487,0.0026188263083373187,-0.0004632622003555298,0.2922791838645935,0.5852480754256248,0.29262770286282586,0.0,0.0004632680027683224,1
4.6850000000000005,PINN Vanilla,0.16554483679217383,0.3395712644780665,0.0012968620712039587,0.002631332991527513,-0.00046928226947784424,0.2920514643192291,0.5848025307059288,0.2924049277127282,0.0,0.0004692881472927009,1
4.69,PINN Vanilla,0.1654242368357198,0.34005238897755735,0.0013032948917385569,0.002644005358909851,-0.00047451257705688477,0.2918240427970886,0.5843566656112671,0.2921819923731413,0.0,0.0004745185203819505,1
4.695,PINN Vanilla,0.16530366735654073,0.340533391890241,0.0013097185714548729,0.002656160996171192,-0.0004808008670806885,0.29159653186798096,0.5839119255542755,0.2919596195594351,0.0,0.00048080688916731613,1
4.7,PINN Vanilla,0.1651830977393879,0.3410143953533606,0.0013161157217278392,0.002668448605908341,-0.0004864037036895752,0.2913694679737091,0.583467148244381,0.2917372281190441,0.0,0.0004864097959523812,1
4.705,PINN Vanilla,0.16506252910296718,0.3414953949039229,0.0013225033101423912,0.002680186052951228,-0.0004919767379760742,0.2911420464515686,0.5830218717455864,0.29151458708107697,0.0,0.0004919829000417811,1
4.71,PINN Vanilla,0.16494198778161295,0.3419762854830719,0.0013288957552610606,0.002692031049260274,-0.0004977583885192871,0.2909146845340729,0.582576796412468,0.29129204662720765,0.0,0.0004977646230008376,1
4.715,PINN Vanilla,0.16482143908052949,0.3424572055030983,0.0013352505558656953,0.002703894877799151,-0.0005037635564804077,0.2906874716281891,0.5821326076984406,0.2910699494884364,0.0,0.0005037698661773834,1
4.72,PINN Vanilla,0.16470092738996278,0.34293797787243835,0.0013416111938428475,0.002715655921236404,-0.0005095452070236206,0.29045987129211426,0.5816874131560326,0.2908473494291757,0.0,0.0005095515891364401,1
4.7250000000000005,PINN Vanilla,0.16458039998903767,0.3434188129170773,0.0013479509976867638,0.0027270578057379535,-0.0005154609680175781,0.29023277759552,0.5812428966164589,0.2906250883755783,0.0,0.0005154674242259902,1
4.73,PINN Vanilla,0.16445990698085772,0.34389951075443376,0.0013542848636653956,0.002738709410610579,-0.0005215555429458618,0.29000571370124817,0.5807990878820419,0.2904031812289919,0.0,0.0005215620754895318,1
4.735,PINN Vanilla,0.16433939788195942,0.3443802727845066,0.0013605889327928077,0.002749975714807007,-0.0005270391702651978,0.2897788882255554,0.5803547948598862,0.29018103193550315,0.0,0.0005270457714919358,1
4.74,PINN Vanilla,0.1642189231086839,0.3448608978750766,0.0013669030646197892,0.0027611625113661553,-0.00053367018699646,0.28955233097076416,0.5799124166369438,0.28995984005361275,0.0,0.0005336768712774517,1
4.745,PINN Vanilla,0.16409843254301165,0.34534158596823145,0.0013731810542852365,0.002772483246559876,-0.000539436936378479,0.2893253266811371,0.5794684067368507,0.28973783232292843,0.0,0.0005394436928886757,1
4.75,PINN Vanilla,0.163977972409866,0.3458221526530992,0.0013794629543424561,0.0027831589444695937,-0.0005454421043395996,0.2890987694263458,0.5790255218744278,0.28951638711812483,0.0,0.0005454489360652216,1
4.755,PINN Vanilla,0.1638575001387625,0.34630276776144125,0.0013857191549970019,0.002794138401588264,-0.0005518496036529541,0.288871705532074,0.578581914305687,0.2892945805556363,0.0,0.0005518565156332481,1
4.76,PINN Vanilla,0.16373706607146188,0.34678323045857123,0.0013919801056363058,0.002804929186224603,-0.0005577951669692993,0.28864574432373047,0.5781402811408043,0.28907376120744166,0.0,0.0005578021534184635,1
4.765,PINN Vanilla,0.16361664395566816,0.347263645476059,0.0013982311946650707,0.002815649817445365,-0.0005641728639602661,0.2884191572666168,0.5776978358626366,0.2888525357975186,0.0,0.0005641799302908249,1
4.7700000000000005,PINN Vanilla,0.16349620599527137,0.3477441237044048,0.0014044466709639348,0.002825852573326626,-0.0005698949098587036,0.2881929576396942,0.5772552639245987,0.2886312470568672,0.0,0.000569902047858551,1
4.775,PINN Vanilla,0.16337577250596877,0.34822458409565493,0.0014106597681706166,0.0028365202465413797,-0.0005764514207839966,0.28796640038490295,0.5768131762742996,0.2884102004631181,0.0,0.0005764586409049038,1
4.78,PINN Vanilla,0.16325537140319896,0.3487049152832566,0.0014168618745323024,0.002846743185400513,-0.000582471489906311,0.2877398729324341,0.5763706043362617,0.28818891172246675,0.0,0.0005824787854292821,1
4.785,PINN Vanilla,0.16313497401080332,0.3491852316685983,0.0014230510697671305,0.002856930872798452,-0.0005890429019927979,0.2875136733055115,0.5759293660521507,0.2879682898171309,0.0,0.0005890502798234676,1
4.79,PINN Vanilla,0.16301458200311159,0.34966552657206673,0.0014292416547249589,0.0028668898924325836,-0.0005955100059509277,0.2872870862483978,0.5754868909716606,0.28774704950586,0.0,0.0005955174647828247,1
4.795,PINN Vanilla,0.1628942012757033,0.3501457764736886,0.0014354022502413675,0.0028769422055065774,-0.0006019771099090576,0.2870607078075409,0.575045183300972,0.28752619290429576,0.0,0.0006019846497421818,1
4.8,PINN Vanilla,0.16277382086526165,0.35062602511079594,0.0014415645325091993,0.002886616256494834,-0.0006081461906433105,0.28683483600616455,0.5746045559644699,0.2873058764765905,0.0,0.0006081538077448864,1
4.805,PINN Vanilla,0.16265345221241792,0.3511062268418464,0.0014476922373202316,0.0028964084591613926,-0.0006148666143417358,0.28660884499549866,0.574163518846035,0.2870853551553525,0.0,0.0006148743156173981,1
4.8100000000000005,PINN Vanilla,0.16253309415371808,0.3515863863083527,0.0014538214627688516,0.0029060350289740744,-0.0006217062473297119,0.28638309240341187,0.5737233236432076,0.28686525479719077,0.0,0.0006217140342725706,1
4.815,PINN Vanilla,0.16241273824666236,0.3520665371910359,0.0014599454006939915,0.002915152579775926,-0.0006283223628997803,0.28615719079971313,0.5732828378677368,0.2866450091508877,0.0,0.0006283302327102538,1
4.82,PINN Vanilla,0.162292393604974,0.35254664313137923,0.0014660596451111017,0.0029241817550815785,-0.0006346851587295532,0.28593146800994873,0.5728422254323959,0.28642470017385635,0.0,0.0006346931082347825,1
4.825,PINN Vanilla,0.16217207003224482,0.35302666501868685,0.0014721514371408462,0.00293344790889416,-0.0006411224603652954,0.2857055366039276,0.5724015086889267,0.28620433904210757,0.0,0.0006411304904984744,1
4.83,PINN Vanilla,0.1620517463662901,0.3535066872779108,0.0014782424347218207,0.0029423651962548203,-0.0006475746631622314,0.28547990322113037,0.5719615146517754,0.28598433926804373,0.0,0.0006475827741099988,1
4.835,PINN Vanilla,0.16193141779667503,0.3539867290999207,0.0014843173424582809,0.002951402193970415,-0.0006544739007949829,0.28525424003601074,0.5715216770768166,0.285764417726056,0.0,0.0006544820981565019,1
4.84,PINN Vanilla,0.16181109268386085,0.3544667571312822,0.0014903720268727731,0.0029598804053328764,-0.0006613433361053467,0.28502851724624634,0.5710820406675339,0.2855445967681661,0.0,0.0006613516195073398,1
4.845,PINN Vanilla,0.1616908077288557,0.3549466249560703,0.001496420156137831,0.0029684572654523067,-0.0006686896085739136,0.28480324149131775,0.570643424987793,0.28532528618143954,0.0,0.0006686979839888214,1
4.8500000000000005,PINN Vanilla,0.16157050547120091,0.35542656180848403,0.0015024645698364402,0.002976797682981175,-0.000674709677696228,0.28457769751548767,0.5702036619186401,0.2851054018928214,0.0,0.0006747181285131998,1
4.855,PINN Vanilla,0.1614502069015462,0.3559064839478975,0.0015085074470686099,0.0029855449900994813,-0.0006821900606155396,0.2843520939350128,0.5697643980383873,0.28488576720177944,0.0,0.0006821986051251751,1
4.86,PINN Vanilla,0.16132991906028013,0.3563863632872075,0.0015145207396034767,0.0029934471057574963,-0.0006886571645736694,0.2841269075870514,0.569325678050518,0.2846664044603355,0.0,0.0006886657900845322,1
4.865,PINN Vanilla,0.16120965662482264,0.3568661412719458,0.0015205344854853265,0.003001383966223292,-0.0006962716579437256,0.2839013338088989,0.5688870847225189,0.28444710504961973,0.0,0.000696280378827001,1
4.87,PINN Vanilla,0.1610893829389139,0.3573459641395173,0.0015265374364719253,0.0030094162828128157,-0.0007031112909317017,0.2836759686470032,0.5684481412172318,0.284227630548067,0.0,0.0007031200974821735,1
4.875,PINN Vanilla,0.16096910989439642,0.35782578444830637,0.0015325310513097765,0.003017155995552856,-0.0007099062204360962,0.2834506034851074,0.5680093914270401,0.2840082529052752,0.0,0.0007099151120938482,1
4.88,PINN Vanilla,0.1608488529182232,0.3583055406536386,0.0015385163127394738,0.0030247514891604543,-0.00071735680103302,0.2832257151603699,0.5675718858838081,0.28378949739375536,0.0,0.0007173657860101582,1
4.885,PINN Vanilla,0.16072859929443836,0.35878528348486843,0.0015445073824535225,0.0030324405581932945,-0.0007247030735015869,0.2830005884170532,0.5671340450644493,0.28357057424207244,0.0,0.0007247121504916398,1
4.89,PINN Vanilla,0.16060836054198258,0.3592649669880441,0.0015504602625611799,0.0030399543605917623,-0.0007315278053283691,0.28277555108070374,0.5666962191462517,0.2833516585410634,0.0,0.0007315369677989798,1
4.8950000000000005,PINN Vanilla,0.1604881218752942,0.35974465014905704,0.0015564216362581199,0.0030468154408888892,-0.0007390975952148438,0.28255048394203186,0.5662584751844406,0.28313278381876095,0.0,0.0007391068524979507,1
4.9,PINN Vanilla,0.1603678956448853,0.3602242836964639,0.001562381444138715,0.0030541258695436224,-0.0007463842630386353,0.2823258638381958,0.5658220648765564,0.28291457593177394,0.0,0.0007463936115881019,1
4.905,PINN Vanilla,0.16024765211928477,0.36070398624174327,0.0015683233364368796,0.0030609760630790073,-0.0007538795471191406,0.2821011245250702,0.5653855055570602,0.2826962935380478,0.0,0.0007538889895479097,1
4.91,PINN Vanilla,0.16012743443951713,0.3611835856770068,0.001574250045138682,0.0030681402720489914,-0.000761374831199646,0.2818763554096222,0.5649484023451805,0.28247773919472374,0.0,0.0007613843675077177,1
4.915,PINN Vanilla,0.16000722547446763,0.3616631503455546,0.0015801857848662527,0.003074604610465881,-0.000768616795539856,0.28165140748023987,0.5645110532641411,0.28225906191528005,0.0,0.000768626422554371,1
4.92,PINN Vanilla,0.15988701325398424,0.36214272800141223,0.0015861141605456278,0.0030812178402828405,-0.0007761120796203613,0.2814270853996277,0.5640753209590912,0.28204119303395625,0.0,0.0007761218005141788,1
4.925,PINN Vanilla,0.159766806451766,0.36262228404150665,0.0015920346853001838,0.0030876579980760877,-0.0007835328578948975,0.2812022864818573,0.56363844871521,0.2818227541760779,0.0,0.0007835426717348235,1
4.93,PINN Vanilla,0.15964660631703423,0.36310181348216286,0.001597938619660603,0.0030936368735199338,-0.000791400671005249,0.28097787499427795,0.5632030367851257,0.2816050454842433,0.0,0.0007914105833904468,1
4.9350000000000005,PINN Vanilla,0.1595264077857808,0.36358133652586216,0.00160383410320236,0.0031000822322506116,-0.0007989406585693359,0.2807530462741852,0.5627661049365997,0.28138657682366924,0.0,0.0007989506653937526,1
4.94,PINN Vanilla,0.15940621374799563,0.3640608416432063,0.0016097406287297895,0.003106033343185155,-0.0008068084716796875,0.28052857518196106,0.5623308047652245,0.2811689240118891,0.0,0.0008068185770493759,1
4.945,PINN Vanilla,0.15928603456289442,0.3645402875068794,0.0016156287682504704,0.003111891947219725,-0.0008146166801452637,0.2803037464618683,0.561894379556179,0.28095070867422817,0.0,0.0008146268833136688,1
4.95,PINN Vanilla,0.15916584614101234,0.36501977021999843,0.0016215105846738589,0.0031172551252680314,-0.0008225440979003906,0.28007978200912476,0.5614600330591202,0.2807335327055786,0.0,0.0008225544003606226,1
4.955,PINN Vanilla,0.15904566794037223,0.36549921215623765,0.0016274017695694875,0.0031228524492039333,-0.0008303970098495483,0.27985528111457825,0.56102454662323,0.2805157867603745,0.0,0.0008304074106684134,1
4.96,PINN Vanilla,0.1589254974662601,0.3659786232680718,0.001633277984217174,0.003128340609993563,-0.0008382499217987061,0.2796308398246765,0.5605889409780502,0.28029798120977895,0.0,0.000838260420976204,1
4.965,PINN Vanilla,0.1588053211002975,0.3664580578850025,0.0016391488798385056,0.0031337488303196104,-0.00084647536277771,0.27940669655799866,0.5601545423269272,0.2800807791637707,0.0,0.0008464859649798103,1
4.97,PINN Vanilla,0.15868516292822016,0.36693741991878964,0.001645027639193402,0.003138718905349669,-0.0008542239665985107,0.2791827619075775,0.559720553457737,0.27986378201129514,0.0,0.0008542346658527727,1
4.9750000000000005,PINN Vanilla,0.15856499375180677,0.36741682585355184,0.0016508858882002188,0.0031436376909749486,-0.0008625835180282593,0.27895888686180115,0.5592863485217094,0.27964667682404776,0.0,0.0008625943219868724,1
4.98,PINN Vanilla,0.15844483784324415,0.3678961788572165,0.001656746112223394,0.0031483556039366423,-0.0008707195520401001,0.2787347435951233,0.5588522180914879,0.27942960889017,0.0,0.0008707304579034829,1
4.985,PINN Vanilla,0.15832467701610503,0.3683755514831739,0.0016626128910990294,0.003153036583722596,-0.0008789747953414917,0.2785106599330902,0.5584181994199753,0.2792125968363466,0.0,0.0008789858046027544,1
4.99,PINN Vanilla,0.15820453619515457,0.3688548442959392,0.0016684766841007592,0.003157708079121274,-0.000887557864189148,0.2782869040966034,0.557984933257103,0.27899596104155594,0.0,0.0008875689809543435,1
4.995,PINN Vanilla,0.15808438327726537,0.369334185368536,0.0016743324916376346,0.003162147796119008,-0.0008958429098129272,0.27806276082992554,0.5575510710477829,0.2787790272198087,0.0,0.0008958541303492803,1
5.0,PINN Vanilla,0.1579642345768971,0.36981350961564885,0.0016801775637024362,0.003166473787138774,-0.0009042173624038696,0.2778393626213074,0.5571184232831001,0.2785627006279856,0.0,0.0009042286878312126,1
0.0,PINN Conservative,0.25067645692461366,5.496202626134259e-05,0.0001430355395518018,0.0006934702396392822,-0.0006934702396392822,1.0001959800720215,2.0010853558778763,1.000555209852031,0.00020850764268326484,0.0006934789254344684,1
0.005,PINN Conservative,0.2507036468601442,0.000163434238921716,0.00018431041838157616,0.0006387531757354736,-0.0006387531757354736,0.9953915476799011,1.9915162473917007,0.9957705956818463,0.0,0.0006387611761930878,1
0.01,PINN Conservative,0.2507294015781777,0.00026618075880230086,0.00026148104118400465,0.0005971910775866007,-0.0005869567394256592,0.9906213879585266,1.9820142090320587,0.991019516994959,0.0,0.0005869640911269008,1
0.015,PINN Conservative,0.25075378599348247,0.00036346055851235856,0.00034112301198868205,0.0007768232245258799,-0.0005376338958740234,0.9858874678611755,1.9725828170776367,0.9863037619531089,0.0,0.0005376406298009287,1
0.02,PINN Conservative,0.25077686604257815,0.000455536686861685,0.00041543346679056957,0.0009388270217552397,-0.000491410493850708,0.9811951518058777,1.9632336795330048,0.9816291346312769,0.0,0.0004914166488241415,1
0.025,PINN Conservative,0.25079872293604744,0.0005427331273914456,0.00048282715880727697,0.0010830570931504302,-0.00044867396354675293,0.9765635132789612,1.9540053457021713,0.9770149099228843,0.0,0.00044867958324018743,1
0.03,PINN Conservative,0.2508194098198736,0.0006252619020240173,0.0005433726303844595,0.0012118930228699476,-0.0005030184984207153,0.9719724059104919,1.9448561817407608,0.9724402706450092,0.0,0.0005030247987857525,1
0.035,PINN Conservative,0.25083900132664927,0.0007034207519014292,0.0005976458232152908,0.0013255170920754566,-0.000572696328163147,0.9674252867698669,1.9357939511537552,0.9679090985987617,0.0,0.0005727035012510835,1
0.04,PINN Conservative,0.2508575591641861,0.0007774558557196672,0.0006463413910656995,0.001424415590199235,-0.0006386786699295044,0.9629212021827698,1.9268172830343246,0.9634207083221418,0.0,0.0006386866694539248,1
0.045,PINN Conservative,0.2508751406102209,0.0008475957187224191,0.0006902135122258838,0.0015099707865491308,-0.0007012039422988892,0.9584836363792419,1.9179730266332626,0.9589985247339422,0.0,0.0007012127249595981,1
0.05,PINN Conservative,0.2508918224825516,0.0009141467997646755,0.0007299932244376737,0.0015832093184485752,-0.0007602721452713013,0.9540917277336121,1.9092196077108383,0.9546217604539363,0.0,0.0007602816677681037,1
0.055,PINN Conservative,0.2509076606568035,0.0009773320104715325,0.0007663144774517098,0.0016447176203002734,-0.0008155256509780884,0.9497455954551697,1.9005566090345383,0.9502902068632547,0.0,0.0008155358655314586,1
0.06,PINN Conservative,0.2509227015294351,0.0010373364460414829,0.0007997917256320616,0.0016949645711156758,-0.0008679330348968506,0.9454465508460999,1.891987830400467,0.9460057638837459,0.0,0.0008679439058587831,1
0.065,PINN Conservative,0.25093701941234337,0.0010944565682253161,0.0008309248473261961,0.0017340322715698187,-0.0009169876575469971,0.9412121176719666,1.883547991514206,0.9417857915856349,0.0,0.000916999142923768,1
0.07,PINN Conservative,0.25095066946518196,0.0011489124323325161,0.0008601702897713777,0.0018291739946926615,-0.0009623318910598755,0.9370278716087341,1.8752072304487228,0.9376153588183935,0.0,0.0009623439443784305,1
0.075,PINN Conservative,0.2509636944225123,0.00120087452469733,0.0008879066954399214,0.001923583130601425,-0.0010056644678115845,0.9328905940055847,1.8669614642858505,0.9334924240973685,0.0,0.0010056770638756894,1
0.08,PINN Conservative,0.2509761573271351,0.0012505943498542487,0.000914421308925985,0.0020136616450625484,-0.00104542076587677,0.9288018345832825,1.8588116019964218,0.9294174419136689,0.0,0.0010454338598931195,1
0.085,PINN Conservative,0.2509880837601226,0.001298173961576781,0.000939976177159402,0.0020996147475998463,-0.0010825544595718384,0.924773633480072,1.8507832437753677,0.925403212525083,0.0,0.0010825680186920086,1
0.09,PINN Conservative,0.25099953982952955,0.0013438770930007998,0.0009647696657924751,0.0021812080292527916,-0.0011170655488967896,0.9207984805107117,1.842860832810402,0.9214419574280419,0.0,0.0011170795402723564,1
0.095,PINN Conservative,0.25101057868133914,0.001387915766048461,0.0009889629735868864,0.0022587697753361016,-0.0011484771966934204,0.9168708920478821,1.8350328654050827,0.9175279247022824,0.0,0.0011484915815035193,1
0.1,PINN Conservative,0.25102120405948675,0.0014303049168697484,0.0010126570472885118,0.0023322088110050085,-0.001177862286567688,0.9129896759986877,1.8272982388734818,0.9136605629979347,0.0,0.001177877039429446,1
0.105,PINN Conservative,0.2510314988451558,0.0014713751937423312,0.0010359426520699946,0.002401577880048685,-0.0012046098709106445,0.90916508436203,1.8196768164634705,0.9098498040633293,0.0,0.0012046249587889988,1
0.11,PINN Conservative,0.251041482503827,0.001511204252744599,0.0010588827968550977,0.0024668218042883,-0.001228630542755127,0.9053952097892761,1.8121645152568817,0.9060936064138129,0.0,0.0012286459314951822,1
0.115,PINN Conservative,0.25105117571664165,0.0015498745997415833,0.0010814964150029712,0.0025286018349543783,-0.001250624656677246,0.9016708731651306,1.8047434985637665,0.9023830515927078,0.0,0.0012506403208961292,1
0.12,PINN Conservative,0.2510606237762683,0.0015875669264446162,0.0011038601483469523,0.0025864813437857827,-0.001270100474357605,0.8979911208152771,1.7974116951227188,0.8987171039563397,0.0,0.0012701163825133636,1
0.125,PINN Conservative,0.2510698352147032,0.0016243152706140087,0.0011259622979766027,0.0026408084434708066,-0.0012876838445663452,0.8943634629249573,1.7901843339204788,0.8951033780934511,0.0,0.0012876999729558552,1
0.13,PINN Conservative,0.25107889107845205,0.0016604429612178974,0.0011478567861923636,0.0026918497162852426,-0.0013030022382736206,0.890789806842804,1.7830648571252823,0.8915435951097165,0.0,0.0013030185585277884,1
0.135,PINN Conservative,0.25108774623892327,0.0016957699611182002,0.0011695383274918727,0.002739091967038379,-0.0013166368007659912,0.8872588276863098,1.776031494140625,0.8880268695705443,0.0,0.0013166532917946356,1
0.14,PINN Conservative,0.2510964781105578,0.0017306051094325493,0.0011910811630613466,0.00278321039626608,-0.0013280212879180908,0.8837702870368958,1.7690821886062622,0.884552173282934,0.0,0.0013280379215387574,1
0.145,PINN Conservative,0.2511050771918144,0.0017649105004734261,0.0012124631206984553,0.002824064297529856,-0.0013377219438552856,0.8803299069404602,1.762229934334755,0.8811260032345406,0.0,0.001337738698977793,1
0.15,PINN Conservative,0.2511135660059698,0.0017987759891673345,0.0012337672375406315,0.0028617722180934897,-0.0013451725244522095,0.8769407868385315,1.755479320883751,0.8777506542329303,0.0,0.001345189372894103,1
0.155,PINN Conservative,0.25112198536341135,0.0018323643855002018,0.0012550289488815224,0.0028965579976430803,-0.0013515353202819824,0.8735914826393127,1.7488095164299011,0.8744157102359682,0.0,0.0013515522484186318,1
0.16,PINN Conservative,0.25113030939966113,0.0018655725050731834,0.0012762849217068098,0.0029284777927720065,-0.0013557672500610352,0.8702813982963562,1.7422173917293549,0.8711196066021318,0.0,0.0013557842312030958,1
0.165,PINN Conservative,0.25113857632970904,0.0018985528037281114,0.0012976051070497047,0.0029576131384630652,-0.0013585537672042847,0.8670163750648499,1.735715314745903,0.8678685273907717,0.0,0.0013585707832477957,1
0.17,PINN Conservative,0.2511467978850499,0.0019313520833855245,0.0013190395550468925,0.0029841664259664114,-0.001359790563583374,0.8637984395027161,1.7293077409267426,0.8646647003533888,0.0,0.001359807595117903,1
0.17500000000000002,PINN Conservative,0.2511549788462865,0.00196398941590248,0.0013406528048601127,0.003007756414354197,-0.0013599693775177002,0.8606178164482117,1.7229748964309692,0.8614982384456963,0.0,0.0013599864112918945,1
0.18,PINN Conservative,0.25116312914752625,0.0019965044326567733,0.0013625207178751713,0.003029174447822608,-0.0013578683137893677,0.8574729561805725,1.716712698340416,0.858367100183041,0.0,0.0013578853212474953,1
0.185,PINN Conservative,0.25117124855757,0.0020288962112968386,0.0013846913673248693,0.0030483580123182794,-0.0013550519943237305,0.8543695211410522,1.7105337977409363,0.8552776111875777,0.0,0.00135506896650713,1
0.19,PINN Conservative,0.25117936440267125,0.0020612737678656007,0.0014072398869835908,0.003065078306660321,-0.0013508051633834839,0.8513101935386658,1.7044429332017899,0.8522321407736121,0.0,0.0013508220823748333,1
0.195,PINN Conservative,0.2511874411005277,0.0020934951494314476,0.001430219662031245,0.003079591022014827,-0.0013451427221298218,0.8482843041419983,1.69841830432415,0.8492197886052045,0.0,0.0013451595701984378,1
0.2,PINN Conservative,0.25119551956593933,0.0021257235825262962,0.0014536750607863991,0.003091965376224484,-0.0013385117053985596,0.8452909588813782,1.692458689212799,0.8462399437270938,0.0,0.0013385284704129218,1
0.20500000000000002,PINN Conservative,0.2512035828169521,0.002157891318915708,0.0014776727306950366,0.003102588342035556,-0.0013309270143508911,0.8423361778259277,1.6865757256746292,0.8432984251156085,0.0,0.0013309436843661183,1
0.21,PINN Conservative,0.2512116270648824,0.0021899832439300822,0.0015022483853453384,0.0031114121063195097,-0.001321554183959961,0.8394213914871216,1.6807719469070435,0.8403964993853145,0.0,0.0013215707365794003,1
0.215,PINN Conservative,0.2512196900175737,0.002222149790188284,0.0015274085799105014,0.003118386896480703,-0.00131206214427948,0.8365364670753479,1.675028309226036,0.8375246445749467,0.0,0.0013120785780100213,1
0.22,PINN Conservative,0.25122771858870685,0.002254179173793646,0.0015532123962968684,0.0031236491049815573,-0.0013006627559661865,0.8336820006370544,1.6693437695503235,0.834682339137331,0.0,0.0013006790469180672,1
0.225,PINN Conservative,0.2512357331088952,0.002286152502206441,0.001579659393011086,0.0031271795958183746,-0.0012889057397842407,0.8308631777763367,1.6637309938669205,0.8318759161452963,0.0,0.00128892188347813,1
0.23,PINN Conservative,0.2512437427216941,0.0023181062529563814,0.0016067403764421552,0.0031292538774444767,-0.0012763142585754395,0.8280796408653259,1.6581878066062927,0.8291042878004508,0.0,0.0012763302445595662,1
0.23500000000000001,PINN Conservative,0.2512517167745648,0.0023499181400345164,0.001634486908691084,0.0031300811840576093,-0.0012624114751815796,0.8253239393234253,1.652699127793312,0.826359914020791,0.0,0.0012624272870317317,1
0.24,PINN Conservative,0.25125968530848697,0.0023817080096803955,0.001662842643685532,0.003129727220092693,-0.0012481510639190674,0.8225945830345154,1.6472627818584442,0.8236417070079254,0.0,0.0012481666971559144,1
0.245,PINN Conservative,0.25126763648009515,0.002413428613674221,0.001691808684022717,0.003127985158559776,-0.0012326985597610474,0.8198990821838379,1.6418931633234024,0.820956864112857,0.0,0.0012327139994534875,1
0.25,PINN Conservative,0.25127555850568833,0.002445032941822791,0.0017213541631783333,0.0031415325221829243,-0.0012170076370239258,0.81723552942276,1.6365864276885986,0.8183034630617154,0.0,0.0012170228801857386,1
0.255,PINN Conservative,0.2512834619756814,0.0024765632437935823,0.001751434449568107,0.0032274373335768602,-0.0012004822492599487,0.8145968317985535,1.6313286274671555,0.815674530023715,0.0,0.001200497285439363,1
0.26,PINN Conservative,0.251291313619764,0.0025078867901735195,0.0017819952890801422,0.0033143912895757244,-0.001183345913887024,0.8119820356369019,1.6261177211999893,0.8130690442565293,0.0,0.00118336073543185,1
0.265,PINN Conservative,0.251299130979243,0.002539073560693781,0.0018129891324633605,0.003402083216926116,-0.0011657476425170898,0.8093987703323364,1.6209683120250702,0.8104943074205961,0.0,0.0011657622436415259,1
0.27,PINN Conservative,0.25130691107836095,0.0025701116837924362,0.0018443501200863194,0.0034906798171023823,-0.0011471956968307495,0.8068440556526184,1.6158748418092728,0.8079475404145448,0.0,0.001147210065589914,1
0.275,PINN Conservative,0.251314644684066,0.0026009643249003214,0.0018760297149793702,0.003579173121323012,-0.0011284053325653076,0.8043116927146912,1.610824853181839,0.8054225144749813,0.0,0.0011284194659729801,1
0.28,PINN Conservative,0.251322313397377,0.0026315580826591954,0.0019079582146451892,0.0036669855156168385,-0.0011087656021118164,0.8018015623092651,1.6058180034160614,0.8029190582364054,0.0,0.001108779489529587,1
0.28500000000000003,PINN Conservative,0.2513299227670745,0.0026619150935139483,0.0019400616766754013,0.0037550347964239728,-0.0011381804943084717,0.7993202805519104,1.6008678823709488,0.800443966713429,0.0,0.001138194750151179,1
0.29,PINN Conservative,0.25133749532389327,0.002692125242144353,0.0019722651246374184,0.0038415370149285782,-0.0011693239212036133,0.796864926815033,1.595968097448349,0.7979940435669418,0.0,0.0011693385671213547,1
0.295,PINN Conservative,0.2513449843133892,0.0027220020051952174,0.002004502771624518,0.003927834506462516,-0.0011992156505584717,0.7944297790527344,1.5911069810390472,0.7955634549192675,0.0,0.0011992306708735903,1
0.3,PINN Conservative,0.2513524128256498,0.0027516374988423883,0.002036711054263538,0.004012753045200046,-0.00122755765914917,0.7920141816139221,1.5862833112478256,0.7931515898151449,0.0,0.0012275730344512336,1
0.305,PINN Conservative,0.25135976829387996,0.0027809815887974085,0.002068807454860849,0.004096429959538905,-0.001255124807357788,0.7896261811256409,1.5815134644508362,0.7907666365452081,0.0,0.0012551405279415805,1
0.31,PINN Conservative,0.25136705514069674,0.0028100519187599714,0.0021007194049157047,0.004177853391005237,-0.0012811720371246338,0.7872616052627563,1.5767888128757477,0.7884042811692593,0.0,0.001281188083953,1
0.315,PINN Conservative,0.2513742552430661,0.002838776188242353,0.002132402931806013,0.004257654243918302,-0.0013059377670288086,0.784915566444397,1.5720994919538498,0.7860595913411661,0.0,0.0013059541240508146,1
0.32,PINN Conservative,0.2513813669303874,0.0028671477325080503,0.0021637602076129228,0.004335544555796794,-0.0013293921947479248,0.7825872302055359,1.5674442499876022,0.7837319412043195,0.0,0.0013294088455393584,1
0.325,PINN Conservative,0.251388410339365,0.002895246885432337,0.0021947618702776706,0.004410624647177869,-0.0013511180877685547,0.7802845239639282,1.5628383159637451,0.781428945347462,0.0,0.0013511350106793184,1
0.33,PINN Conservative,0.2513953493432598,0.0029229295220934005,0.002225353506352693,0.004483485634339382,-0.001371532678604126,0.7780030965805054,1.5582733750343323,0.7791464462945483,0.0,0.0013715498572100077,1
0.335,PINN Conservative,0.25140219932800534,0.0029502570235214265,0.0022554431165809274,0.004554144627548842,-0.0013901591300964355,0.7757390141487122,1.5537409782409668,0.7768802195134678,0.0,0.0013901765420007827,1
0.34,PINN Conservative,0.2514089786030867,0.002977302434036754,0.0022850148062283837,0.004621476342652614,-0.0014072954654693604,0.7734915614128113,1.5492403656244278,0.7746298850198508,0.0,0.0014073130920082956,1
0.34500000000000003,PINN Conservative,0.2514156325159965,0.0030038477215519814,0.002314009134684716,0.004685625826172546,-0.0014229416847229004,0.7712669372558594,1.5447835475206375,0.7724014480568738,0.0,0.0014229595072325467,1
0.35000000000000003,PINN Conservative,0.2514222064116099,0.003030073786052213,0.0023424214994507307,0.00474678920738783,-0.0014361739158630371,0.7690632343292236,1.540366530418396,0.7701929118439272,0.0,0.0014361919041079132,1
0.355,PINN Conservative,0.25142869305562926,0.0030559517668488512,0.002370189295052653,0.004805096047375806,-0.0014482736587524414,0.766875147819519,1.5359795987606049,0.7679994185416178,0.0,0.0014482917985480005,1
0.36,PINN Conservative,0.251435048124931,0.0030813048401577723,0.002397247778783757,0.00485990688177243,-0.0014584064483642578,0.7647024393081665,1.5316208600997925,0.7658200219143579,0.0,0.0014584247150741822,1
0.365,PINN Conservative,0.2514413349979274,0.003106385849411022,0.0024236081067854913,0.004911586834346643,-0.0014663636684417725,0.7625498175621033,1.5273003578186035,0.7636597437163674,0.0,0.0014663820348168012,1
0.37,PINN Conservative,0.25144751188722814,0.003131028086942418,0.0024492708671086274,0.00495936419916046,-0.001472771167755127,0.7604177594184875,1.5230196863412857,0.761519381169755,0.0,0.001472789614384828,1
0.375,PINN Conservative,0.2514535987654606,0.0031553112320542036,0.0024742005410075254,0.005003564485620088,-0.0014776885509490967,0.75830078125,1.518767073750496,0.7593930482421272,0.0,0.0014777070591695924,1
0.38,PINN Conservative,0.25145957104347133,0.003179137188159221,0.0024983670040165926,0.0050444678034531065,-0.0014801323413848877,0.7561975121498108,1.5145400017499924,0.7572794857695919,0.0,0.001480150880214142,1
0.385,PINN Conservative,0.251465436373208,0.003202536482129804,0.0025218207870200894,0.005081689371003617,-0.001481384038925171,0.7541124820709229,1.5103479772806168,0.7551834472821077,0.0,0.0014814025934320823,1
0.39,PINN Conservative,0.25147123393920573,0.0032256654377358783,0.00254450131630022,0.005115242531990943,-0.0014802813529968262,0.7520477771759033,1.5061941295862198,0.7531064974211972,0.0,0.0014802998936924684,1
0.395,PINN Conservative,0.25147691075209977,0.003248312657873055,0.002566470345997927,0.005144782070961418,-0.0014777779579162598,0.7499970197677612,1.5020671486854553,0.7510429811253577,0.0,0.0014777964672565882,1
0.4,PINN Conservative,0.25148250280438483,0.0032706217319049664,0.0025877156248218726,0.0051715461149833275,-0.0014729797840118408,0.7479596734046936,1.4979645609855652,0.7489916615827192,0.0,0.0014729982332544844,1
0.405,PINN Conservative,0.2514880022129139,0.003292561210606605,0.0026082044655705914,0.005193984371311383,-0.001466900110244751,0.745937168598175,1.4938904941082,0.7469546026299566,0.0,0.0014669184833387755,1
0.41000000000000003,PINN Conservative,0.25149340275768284,0.003314106279737084,0.002628022246716336,0.0052127753607374705,-0.0014581084251403809,0.7439361214637756,1.4898567497730255,0.7449377052008115,0.0,0.0014581266881175297,1
0.41500000000000004,PINN Conservative,0.251498713403254,0.003335292702746991,0.0026471814331430073,0.00522848275495702,-0.001448214054107666,0.7419482469558716,1.4858484864234924,0.7429335484240632,0.0,0.0014482321931566702,1
0.42,PINN Conservative,0.25150394209989674,0.0033561521966405336,0.0026656858928537494,0.005240250512728473,-0.0014362931251525879,0.7399731278419495,1.4818638265132904,0.7409411935147985,0.0,0.001436311114890574,1
0.425,PINN Conservative,0.2515090791969089,0.003376646260664146,0.0026835753060308943,0.005248431802983539,-0.0014232993125915527,0.7380104660987854,1.4779032468795776,0.7389608788945824,0.0,0.0014233171395805295,1
0.43,PINN Conservative,0.2515141352250411,0.0033968169064591503,0.002700902208069906,0.0052534669084892405,-0.001408398151397705,0.7360692620277405,1.4739835560321808,0.7370010089235928,0.0,0.0014084157917479095,1
0.435,PINN Conservative,0.25151909746087947,0.003416613374917993,0.002717678311222105,0.005255379017702094,-0.001391589641571045,0.7341408729553223,1.4700880646705627,0.7350532388470431,0.0,0.0013916070713927142,1
0.44,PINN Conservative,0.25152398727916264,0.0034361209389608457,0.002733981362614708,0.005253758863851404,-0.0013733208179473877,0.7322243452072144,1.4662147164344788,0.7331165404719332,0.0,0.0013733380189499221,1
0.445,PINN Conservative,0.2515288076034418,0.0034553512618763116,0.002749843198032863,0.005249016162078041,-0.0013533830642700195,0.7303203344345093,1.4623649716377258,0.7311916439643067,0.0,0.0013534000155498765,1
0.45,PINN Conservative,0.2515335493199938,0.003474267985147755,0.0027652592681088745,0.0052414648612016945,-0.0013321340084075928,0.7284342050552368,1.4585500359535217,0.7292841522309487,0.0,0.0013321506935405605,1
0.455,PINN Conservative,0.2515382223256357,0.0034929105913866255,0.002780323705004428,0.005230755365802531,-0.0013097524642944336,0.7265626788139343,1.4547631591558456,0.7273906901165751,0.0,0.0013097688690959653,1
0.46,PINN Conservative,0.2515428250094315,0.003511272653883681,0.002795113390565527,0.005217123981110239,-0.0012850165367126465,0.7247024178504944,1.4509968310594559,0.7255075024815321,0.0,0.0012850326316938162,1
0.465,PINN Conservative,0.25154737936513677,0.0035294419150810976,0.002809643420042748,0.005201285193356137,-0.0012601017951965332,0.7228541374206543,1.4472545236349106,0.7236363253328421,0.0,0.0012601175781176755,1
0.47000000000000003,PINN Conservative,0.2515518689701507,0.0035473528582418397,0.0028239849165370996,0.0051824294384126,-0.0012333989143371582,0.7210209965705872,1.443540945649147,0.7217795130834628,0.0,0.0012334143628016205,1
0.47500000000000003,PINN Conservative,0.2515563011631832,0.003565034760600049,0.0028381521771051726,0.005161583809220799,-0.001205146312713623,0.7192039489746094,1.4398582428693771,0.7199381386304381,0.0,0.001205161407310973,1
0.48,PINN Conservative,0.25156067032087315,0.0035824651881770373,0.002852246341539754,0.005138720985176232,-0.001176685094833374,0.7173978090286255,1.4361971467733383,0.7181075676545922,0.0,0.001176699832950669,1
0.485,PINN Conservative,0.251564984445696,0.003599676066250118,0.0028663155684699564,0.005113532152210498,-0.0011462271213531494,0.7156029939651489,1.4325572848320007,0.7162876138890768,0.0,0.0011462414779807937,1
0.49,PINN Conservative,0.25156927451834427,0.0036167909899727487,0.002880425811867179,0.005087021904874173,-0.0011150836944580078,0.7138198614120483,1.428940236568451,0.7144790671053274,0.0,0.001115097661010618,1
0.495,PINN Conservative,0.25157350243569854,0.0036336579498023576,0.0028945886869869517,0.005058498171528786,-0.0010831058025360107,0.7120553851127625,1.4253597855567932,0.7126888191767164,0.0,0.0010831193685618154,1
0.5,PINN Conservative,0.2515777201206238,0.0036504840881222966,0.002908907011331677,0.005028582209101906,-0.0010499358177185059,0.710301399230957,1.4217994809150696,0.7109086445592403,0.0,0.0010499489682864035,1
0.505,PINN Conservative,0.251581885293499,0.003667100733549068,0.0029234013655752757,0.004997963992734389,-0.0010160207748413086,0.7085581421852112,1.4182603508234024,0.7091390573493993,0.0,0.0010160335006193604,1
0.51,PINN Conservative,0.2515860170021549,0.003683583875977544,0.0029381598688078964,0.004966293660554538,-0.000981748104095459,0.7068257331848145,1.414742335677147,0.7073800277444977,0.0,0.0009817604006043344,1
0.515,PINN Conservative,0.2515901161937623,0.0036999372940751253,0.0029532021566741375,0.004933534240566945,-0.0009462237358093262,0.7051094770431519,1.4112559705972672,0.7056368233709943,0.0,0.0009462355873713684,1
0.52,PINN Conservative,0.2515941984183318,0.003716223023444805,0.0029685788998448964,0.004901350661048992,-0.0009104311466217041,0.7034057378768921,1.407794713973999,0.7039061733830398,0.0,0.0009104425498774152,1
0.525,PINN Conservative,0.2515982616323609,0.0037324329116864,0.0029843771097933874,0.004867840532426726,-0.0008744299411773682,0.7017125487327576,1.4043544828891754,0.7021860362959814,0.0,0.0008744408935138054,1
0.53,PINN Conservative,0.2516022970204478,0.0037485317904144846,0.003000581887007801,0.0048356332154464166,-0.0008375048637390137,0.7000290155410767,1.4009327441453934,0.700475145495253,0.0,0.000837515353584573,1
0.535,PINN Conservative,0.2516063220045707,0.0037645891633070446,0.003017285488339929,0.004803335904439265,-0.0008001625537872314,0.6983595490455627,1.3975390940904617,0.6987782992148569,0.0,0.0008001725759160274,1
0.54,PINN Conservative,0.2516103389190959,0.003780614343143311,0.0030344922856019294,0.004771877898611526,-0.0007625222206115723,0.6967042684555054,1.3941743522882462,0.6970959072418584,0.0,0.0007625317712908294,1
0.545,PINN Conservative,0.2516143503668788,0.0037966177138204268,0.0030522964331653815,0.004771775466330119,-0.0007246136665344238,0.6950591802597046,1.3908298313617706,0.6954236258333645,0.0,0.0007246227424046441,1
0.55,PINN Conservative,0.25161833825471763,0.003812527093864188,0.0030706461924306606,0.004828794060079855,-0.0006861984729766846,0.6934237480163574,1.3875038921833038,0.693760635415244,0.0,0.0006862070676921498,1
0.555,PINN Conservative,0.2516223399772181,0.0038284916662550458,0.0030896561093118756,0.0048864224473262885,-0.0006479620933532715,0.6917984485626221,1.384198859333992,0.6921080982926282,0.0,0.000647970209153647,1
0.56,PINN Conservative,0.25162633472645246,0.0038444284193226153,0.003109301066787745,0.004943981565256772,-0.0006097853183746338,0.6901901364326477,1.3809283524751663,0.6904728243814765,0.0,0.0006097929560064746,1
0.5650000000000001,PINN Conservative,0.25163032223393134,0.0038603362819487623,0.0031296232313628002,0.005001906911309195,-0.0005710422992706299,0.6885918378829956,1.3776775300502777,0.6888473928105683,0.0,0.0005710494516416627,1
0.5700000000000001,PINN Conservative,0.2516343341068224,0.0038763413485631074,0.003150655348355047,0.0050596550263377615,-0.0005328059196472168,0.6870027184486389,1.3744458258152008,0.6872315204542946,0.0,0.0005328125931031598,1
0.5750000000000001,PINN Conservative,0.2516383429144596,0.003892334186576513,0.0031723870724172324,0.005117700255041435,-0.0004945695400238037,0.6854236721992493,1.371234491467476,0.6856258331692646,0.0,0.000494575734564657,1
0.58,PINN Conservative,0.2516423630359414,0.003908372160326276,0.0031948617394772587,0.005176364698409541,-0.00045615434646606445,0.6838582754135132,1.3680507689714432,0.6840339519830014,0.0,0.00045616005985216266,1
0.585,PINN Conservative,0.25164638197159506,0.003924405403303361,0.0032180767972505454,0.005234943155895788,-0.0004178285598754883,0.6823046207427979,1.3648909628391266,0.682454029128374,0.0,0.0004178337932266641,1
0.59,PINN Conservative,0.25165043758588274,0.003940584972945507,0.003242039329962506,0.005293636592964446,-0.000380098819732666,0.6807607412338257,1.3617511838674545,0.68088411997949,0.0,0.00038010358051447033,1
0.595,PINN Conservative,0.25165449490806124,0.003956771356090279,0.0032667417342286845,0.005352554097997397,-0.0003426671028137207,0.6792261600494385,1.3586310297250748,0.6793240233681539,0.0,0.00034267139475892895,1
0.6,PINN Conservative,0.2516585690332008,0.003973024773390368,0.003292230294429124,0.005411924647194533,-0.00030553340911865234,0.677702009677887,1.3555321395397186,0.6777745588684964,0.0,0.00030553723596003996,1
0.605,PINN Conservative,0.2516626674491722,0.003989375097146183,0.003318453456790378,0.005471787767579395,-0.0002690255641937256,0.6761924028396606,1.3524633347988129,0.6762401372794759,0.0,0.000269028933770121,1
0.61,PINN Conservative,0.2516667893206751,0.004005818994989142,0.0033454310643163425,0.0055313649609555204,-0.0002327561378479004,0.6746919751167297,1.3494134694337845,0.6747151854970029,0.0,0.000232759053145524,1
0.615,PINN Conservative,0.25167091797899316,0.004022289968323217,0.0033731596529798418,0.005591406847630709,-0.00019693374633789062,0.6732007265090942,1.3463822901248932,0.6731995768596211,0.0,0.00019693621295590558,1
0.62,PINN Conservative,0.25167509237746216,0.004038943418565883,0.0034016192818190436,0.0056516530981179924,-0.0001614093780517578,0.6717182397842407,1.3433697819709778,0.6716933039166563,0.0,0.00016141139972293957,1
0.625,PINN Conservative,0.2516792733762954,0.004055623200467714,0.003430812551634959,0.005712218103315236,-0.00012695789337158203,0.670249879360199,1.3403864651918411,0.6702016268438936,0.0,0.0001269594835339222,1
0.63,PINN Conservative,0.2516834861762054,0.004072429850384827,0.0034607102240935424,0.005773102160652632,-9.226799011230469e-05,0.6687917113304138,1.3374237716197968,0.6687202615038311,0.0,9.226914577958288e-05,1
0.635,PINN Conservative,0.2516877271675013,0.004089348967726083,0.0034913027071237055,0.005834376996769364,-5.9157609939575195e-05,0.6673422455787659,1.3344803005456924,0.6672485075331207,0.0,5.91583508955013e-05,1
0.64,PINN Conservative,0.25169199134583947,0.004106360588036793,0.0035225708640462786,0.005895618280960857,-2.6285648345947266e-05,0.6659014225006104,1.331554725766182,0.6657857018217836,0.0,2.6285977576741636e-05,1
0.645,PINN Conservative,0.2516962867509853,0.004123496785359507,0.003554483358308458,0.0059574328107159236,5.900859832763672e-06,0.6644717454910278,1.3286524713039398,0.6643345564151257,0.0,0.0,1
0.65,PINN Conservative,0.25170060800569316,0.004140736107574972,0.0035870679495775106,0.0060197163074513504,3.75211238861084e-05,0.6630545258522034,1.3257758170366287,0.662896211266256,0.0,0.0,1
0.655,PINN Conservative,0.2517049547221448,0.004158077007511639,0.003620262004772652,0.006081787410355699,6.809830665588379e-05,0.6616454720497131,1.3229165375232697,0.6614665536031727,0.0,0.0,1
0.66,PINN Conservative,0.25170935362249286,0.004175626091196967,0.003654045974372219,0.006144336917730531,9.79006290435791e-05,0.660244882106781,1.3200754523277283,0.6600459932129412,0.0,0.0,1
0.665,PINN Conservative,0.2517137619870919,0.004193212931803245,0.0036883905974737334,0.006207209198045516,0.00012728571891784668,0.6588531732559204,1.3172530084848404,0.6586347536157791,0.0,0.0,1
0.67,PINN Conservative,0.25171820553871727,0.004210940148417427,0.0037233135862367365,0.006270868991767764,0.00015547871589660645,0.6574754118919373,1.3144597709178925,0.6572381173394928,0.0,0.0,1
0.675,PINN Conservative,0.2517226673774533,0.004228740320090811,0.0037587562502901274,0.006334140983334624,0.00018301606178283691,0.6561057567596436,1.3116837590932846,0.6558500940422538,0.0,0.0,1
0.68,PINN Conservative,0.25172718309306047,0.004246755429508946,0.0037946900146688597,0.006397873148633271,0.00020933151245117188,0.654744029045105,1.3089251816272736,0.6544707880334969,0.0,0.0,1
0.685,PINN Conservative,0.25173172430770174,0.004264872265415071,0.0038311259226376363,0.006462014871415955,0.00023514032363891602,0.6533907651901245,1.30618417263031,0.6531002663692874,0.0,0.0,1
0.6900000000000001,PINN Conservative,0.25173628011772464,0.004283047328503742,0.003867984213479317,0.006526435172325873,0.0002600252628326416,0.6520491242408752,1.3034671992063522,0.6517417626421048,0.0,0.0,1
0.6950000000000001,PINN Conservative,0.25174087508245035,0.004301378596348599,0.0039053073247518437,0.006591358348049803,0.00028324127197265625,0.6507180333137512,1.3007738292217255,0.6503950607824057,0.0,0.0,1
0.7000000000000001,PINN Conservative,0.2517455033398605,0.004319842682866115,0.003943032314719574,0.006656363352747108,0.0003064870834350586,0.6493942141532898,1.298095092177391,0.6490556754844924,0.0,0.0,1
0.705,PINN Conservative,0.2517501718557633,0.004338467377626755,0.003981132650625205,0.0067220628734270815,0.00032827258110046387,0.6480785012245178,1.295434147119522,0.6477251862912352,0.0,0.0,1
0.71,PINN Conservative,0.2517548495450535,0.004357128668929741,0.004019602604247714,0.006787775626185211,0.00034934282302856445,0.6467717289924622,1.2927922755479813,0.6464042339605909,0.0,0.0,1
0.715,PINN Conservative,0.2517595814095364,0.0043760060881091285,0.004058417845064618,0.0068536240629641365,0.0003694891929626465,0.6454773545265198,1.2901756465435028,0.6450959030715607,0.0,0.0,1
0.72,PINN Conservative,0.2517643266239085,0.004394936765672231,0.004097552912816316,0.006920122253490313,0.0003883540630340576,0.6441901922225952,1.2875757962465286,0.6437959616413604,0.0,0.0,1
0.725,PINN Conservative,0.25176909946285564,0.00441397764940969,0.004136962557675068,0.006986811905192791,0.000406801700592041,0.6429104804992676,1.284990906715393,0.6425035006877721,0.0,0.0,1
0.73,PINN Conservative,0.25177390489343165,0.004433148555011179,0.004176691067088925,0.007053896839824381,0.00042361021041870117,0.6416382193565369,1.2824233919382095,0.64121972721997,0.0,0.0,1
0.735,PINN Conservative,0.2517787318180751,0.00445240520958581,0.004216656045495626,0.0071210075935653205,0.00043585896492004395,0.6403791904449463,1.2798833549022675,0.6399496927948698,0.0,0.0,1
0.74,PINN Conservative,0.2517835957047579,0.004471809321449952,0.004256867825844915,0.007188674449603805,0.0004420429468154907,0.6391271948814392,1.2773578613996506,0.6386869302275118,0.0,0.0,1
0.745,PINN Conservative,0.2517884824876193,0.004491304775904942,0.0042973232459911775,0.007256852750046339,0.00044798851013183594,0.6378827095031738,1.2748490869998932,0.637432527316288,0.0,0.0,1
0.75,PINN Conservative,0.25179339919213184,0.004510919600547395,0.004337968601681603,0.00732507284815842,0.0004535764455795288,0.636645495891571,1.2723561972379684,0.6361860668234589,0.0,0.0,1
0.755,PINN Conservative,0.25179833060389645,0.004530593098671211,0.004378829832419763,0.007393561659898573,0.0004590451717376709,0.6354184746742249,1.2698851525783539,0.6349505290185911,0.0,0.0,1
0.76,PINN Conservative,0.2518032974115124,0.004550407805894688,0.004419859611940958,0.00746244022851289,0.0004642754793167114,0.634200930595398,1.2674338668584824,0.6337248708073363,0.0,0.0,1
0.765,PINN Conservative,0.2518082931414023,0.004570337896365124,0.004461068002817769,0.007531704525934324,0.0004692673683166504,0.6329901814460754,1.2649976015090942,0.6325067228753892,0.0,0.0,1
0.77,PINN Conservative,0.25181329618017,0.004590297145056626,0.004502438657559475,0.007601060068725851,0.000473901629447937,0.631786584854126,1.2625771313905716,0.6312964726577934,0.0,0.0,1
0.775,PINN Conservative,0.25181833741901155,0.004610408790083421,0.004543940985384886,0.007671090047417672,0.0004787743091583252,0.6305909752845764,1.2601728439331055,0.6300943138720707,0.0,0.0,1
0.78,PINN Conservative,0.251823400047508,0.004630605767537369,0.00458559624788317,0.0077411281917287855,0.00048305094242095947,0.6294068694114685,1.2577937692403793,0.6289047616266145,0.0,0.0,1
0.785,PINN Conservative,0.25182847232670635,0.0046508412457444415,0.004627357635193205,0.007811700478155159,0.00048720836639404297,0.6282288432121277,1.2554279565811157,0.6277218404809436,0.0,0.0,1
0.79,PINN Conservative,0.25183357099244547,0.00467118199108075,0.004669272017609461,0.007882397745116065,0.0004912465810775757,0.6270575523376465,1.2530768364667892,0.6265462656997544,0.0,0.0,1
0.795,PINN Conservative,0.25183870897696414,0.0046916795957451666,0.004711284306526574,0.007953670082338271,0.0004952847957611084,0.6258931159973145,1.250740647315979,0.6253781564938292,0.0,0.0,1
0.8,PINN Conservative,0.25184384697639906,0.004712177259916786,0.004753412615584597,0.008024922121419198,0.000498846173286438,0.6247398257255554,1.2484277933835983,0.624221715043257,0.0,0.0,1
0.805,PINN Conservative,0.2518490130031431,0.004732786736940404,0.004795633118716982,0.008096708740283565,0.0005020499229431152,0.6235936284065247,1.2461309432983398,0.6230732756164709,0.0,0.0,1
0.81,PINN Conservative,0.25185419252893704,0.0047534500674131204,0.0048379697106480145,0.00816865128008043,0.0005057305097579956,0.6224538087844849,1.2438469976186752,0.6219312884732963,0.0,0.0,1
0.8150000000000001,PINN Conservative,0.2518593931609804,0.004774197599688096,0.004880416195159131,0.008241115509353691,0.0005085766315460205,0.6213203072547913,1.2415780425071716,0.6207967967080815,0.0,0.0,1
0.8200000000000001,PINN Conservative,0.25186461785265635,0.004795041116066569,0.00492293634084797,0.00831397271542128,0.000511661171913147,0.6201963424682617,1.239328071475029,0.619671797101436,0.0,0.0,1
0.8250000000000001,PINN Conservative,0.251869862956984,0.004815966067191054,0.004965566180205443,0.008386956110867427,0.0005142837762832642,0.6190804839134216,1.2370965331792831,0.6185560139784252,0.0,0.0,1
0.8300000000000001,PINN Conservative,0.2518751111563977,0.004836903365929775,0.005008280428217041,0.008460181351240825,0.0005173683166503906,0.6179709434509277,1.234878122806549,0.6174467948991346,0.0,0.0,1
0.835,PINN Conservative,0.25188039986787736,0.004858002284523215,0.005051114723836167,0.008533946939096426,0.0005196183919906616,0.6168674826622009,1.2326736599206924,0.6163445496506296,0.0,0.0,1
0.84,PINN Conservative,0.25188568404486944,0.004879083113117923,0.005094023452999236,0.008607720843524902,0.0005221068859100342,0.6157717108726501,1.2304853796958923,0.6152503958339977,0.0,0.0,1
0.845,PINN Conservative,0.2518909901335791,0.004900251356869734,0.005137036153522674,0.008682398093637633,0.0005242377519607544,0.6146853566169739,1.2283170372247696,0.6141662110190659,0.0,0.0,1
0.85,PINN Conservative,0.25189631128752676,0.004921479702261156,0.00518013801648694,0.008756880030619418,0.0005216896533966064,0.6136047840118408,1.2261615097522736,0.613088433783702,0.0,0.0,1
0.855,PINN Conservative,0.2519016426664454,0.004942748839408756,0.005223360030554847,0.008831967850432387,0.0005128085613250732,0.6125299334526062,1.2240190207958221,0.612017175888015,0.0,0.0,1
0.86,PINN Conservative,0.251907011104358,0.004964165820639031,0.00526669438162215,0.00890714022967809,0.0005035102367401123,0.6114614605903625,1.2218897193670273,0.6109525118387439,0.0,0.0,1
0.865,PINN Conservative,0.25191237062245636,0.0049855472169381115,0.0053101343995154045,0.008982984286576401,0.0004928410053253174,0.6104035377502441,1.2197827696800232,0.6098990238003472,0.0,0.0,1
0.87,PINN Conservative,0.25191774432574426,0.005006985203989047,0.005353690745064188,0.009059144564715571,0.00048157572746276855,0.6093509793281555,1.217687502503395,0.6088513770903009,0.0,0.0,1
0.875,PINN Conservative,0.25192313537643,0.005028492397185277,0.005397362070082615,0.00914001902872058,0.0004692375659942627,0.6083039045333862,1.215604156255722,0.6078096909193877,0.0,0.0,1
0.88,PINN Conservative,0.2519285422605318,0.0050500627566096145,0.005441165882484385,0.009221667122422617,0.00045564770698547363,0.607262909412384,1.213534563779831,0.6067748817204992,0.0,0.0,1
0.885,PINN Conservative,0.2519339514193354,0.0050716421907865865,0.0054850986722288515,0.009303270419625698,0.000441133975982666,0.606231153011322,1.2114843875169754,0.6057497807497237,0.0,0.0,1
0.89,PINN Conservative,0.25193938706909214,0.005093327308638344,0.005529163957376752,0.009385264892371847,0.0004260838031768799,0.6052055954933167,1.2094473838806152,0.6047312661746903,0.0,0.0,1
0.895,PINN Conservative,0.2519448260898824,0.005115025874975962,0.005573383671839387,0.009467579771488321,0.0004095137119293213,0.6041858196258545,1.2074234634637833,0.6037192932913553,0.0,0.0,1
0.9,PINN Conservative,0.25195028468802405,0.005136802543691673,0.0056177409214109505,0.009550100256522143,0.000392913818359375,0.6031710505485535,1.2054096907377243,0.6027123943169573,0.0,0.0,1
0.905,PINN Conservative,0.2519557473060485,0.005158595249428992,0.005662265518471199,0.009632931087092456,0.00037541985511779785,0.6021641492843628,1.2034129202365875,0.6017139965614978,0.0,0.0,1
0.91,PINN Conservative,0.25196120615030554,0.005180372900003472,0.005706938756861536,0.009715696729271528,0.0003565549850463867,0.6011648774147034,1.201432541012764,0.6007237945473464,0.0,0.0,1
0.915,PINN Conservative,0.2519666930517038,0.005202262482443027,0.005751791804995063,0.009798772253462706,0.0003368854522705078,0.6001707315444946,1.1994634568691254,0.5997392401440234,0.0,0.0,1
0.92,PINN Conservative,0.2519721729052556,0.005224123948026381,0.00579681831988401,0.00988226198992076,0.00031685829162597656,0.599181592464447,1.197504848241806,0.5987599235644636,0.0,0.0,1
0.925,PINN Conservative,0.2519776658625813,0.005246037690135124,0.005842030722203428,0.009965681848607133,0.00029584765434265137,0.598199188709259,1.1955608278512955,0.5977879011946678,0.0,0.0,1
0.93,PINN Conservative,0.2519831697384755,0.005267994991055629,0.005887439986161205,0.010049369436425537,0.0002738535404205322,0.59722501039505,1.1936343610286713,0.5968246557187455,0.0,0.0,1
0.935,PINN Conservative,0.25198867535209274,0.00528995922449206,0.005933033535603221,0.01013343452749299,0.0002510547637939453,0.5962554812431335,1.1917182207107544,0.5958665735598473,0.0,0.0,1
0.9400000000000001,PINN Conservative,0.25199419951385205,0.005311997454353,0.005978847695177486,0.010217420703536817,0.00022795796394348145,0.5952908992767334,1.1898121684789658,0.5949135355071903,0.0,0.0,1
0.9450000000000001,PINN Conservative,0.25199971157867274,0.00533398742438277,0.006024851553394087,0.010301661143397589,0.00020441412925720215,0.5943320989608765,1.1879181265830994,0.5939665026977099,0.0,0.0,1
0.9500000000000001,PINN Conservative,0.25200524289269105,0.005356054187645681,0.006071085943753061,0.010386090880424526,0.00017976760864257812,0.5933820009231567,1.1860425770282745,0.5930287161745597,0.0,0.0,1
0.9550000000000001,PINN Conservative,0.25201076911286907,0.005378100629414007,0.00611755101749648,0.010470520734789435,0.0001539289951324463,0.5924367308616638,1.1841782480478287,0.5920965400088684,0.0,0.0,1
0.96,PINN Conservative,0.25201629449774676,0.0054001437388141935,0.006164227178611908,0.010555241104239554,0.00012794137001037598,0.59149569272995,1.1823225319385529,0.5911686703327007,0.0,0.0,1
0.965,PINN Conservative,0.25202181304360294,0.005422159564449936,0.0062111525154356145,0.01064004975323124,0.00010150671005249023,0.590559720993042,1.180477499961853,0.590246142789731,0.0,0.0,1
0.97,PINN Conservative,0.2520273599523801,0.00544428854183612,0.006258319627304908,0.010724925484377368,7.471442222595215e-05,0.5896326899528503,1.1786507219076157,0.5893327423223088,0.0,0.0,1
0.975,PINN Conservative,0.2520328931831144,0.00546636295169386,0.006305733936159634,0.010809880531219396,4.6372413635253906e-05,0.5887104868888855,1.1768352687358856,0.588425004367063,0.0,0.0,1
0.98,PINN Conservative,0.25203843067238874,0.005488454350678486,0.006353403172675561,0.010895130080608051,1.7970800399780273e-05,0.5877922773361206,1.1750279664993286,0.5875213419304495,0.0,0.0,1
0.985,PINN Conservative,0.2520439572505526,0.005510502220604618,0.006401333959835809,0.010980769919663347,-1.0192394256591797e-05,0.5868786573410034,1.1732297390699387,0.5866222169542509,0.0,1.0192521917512062e-05,1
0.99,PINN Conservative,0.2520494851114991,0.005532555208095928,0.006449528793463641,0.011065787828387519,-3.999471664428711e-05,0.5859736800193787,1.1714505553245544,0.5857326139393174,0.0,3.999521758275201e-05,1
0.995,PINN Conservative,0.252055003597691,0.005554570795705518,0.0064980002153998545,0.011151720917448149,-6.93202018737793e-05,0.5850734710693359,1.1696802973747253,0.5848474738780598,0.0,6.932107011734812e-05,1
1.0,PINN Conservative,0.252060520554985,0.005576580283891383,0.0065467460002423825,0.011237274578535406,-9.98377799987793e-05,0.5841777324676514,1.1679201871156693,0.5839674077257392,0.0,9.983903047855383e-05,1
1.0050000000000001,PINN Conservative,0.25206602974846076,0.005598558798905433,0.00659576762626547,0.011323040709179888,-0.0001302659511566162,0.5832859873771667,1.1661678403615952,0.583091223374529,0.0,0.00013026758275276381,1
1.01,PINN Conservative,0.252071543275057,0.005620554600579283,0.006645080014352967,0.011408994046475773,-0.00016137957572937012,0.5824015736579895,1.164431095123291,0.5822228398789091,0.0,0.00016138159702727432,1
1.0150000000000001,PINN Conservative,0.25207704091603095,0.005642487027752141,0.006694674715671099,0.01149507597047833,-0.00019216537475585938,0.5815225839614868,1.1627049893140793,0.5813597761644655,0.0,0.0001921677816494672,1
1.02,PINN Conservative,0.25208251938238757,0.005664342959224328,0.006744567178200072,0.011580984269804029,-0.00022369623184204102,0.5806481838226318,1.1609891504049301,0.5805018459643503,0.0,0.00022369903366329107,1
1.025,PINN Conservative,0.25208799223284106,0.005686176486471316,0.006794757441518809,0.011667215421842458,-0.000255584716796875,0.5797774195671082,1.1592801213264465,0.5796473207222147,0.0,0.0002555879180250978,1
1.03,PINN Conservative,0.2520934568123297,0.005707977017323079,0.0068452449836763594,0.011753563204525697,-0.00028759241104125977,0.5789127945899963,1.1575844287872314,0.5787994638332343,0.0,0.0002875960131695655,1
1.035,PINN Conservative,0.2520988953110573,0.005729673500930748,0.006896037927239713,0.0118401951926706,-0.0003199577331542969,0.5780547857284546,1.1559018641710281,0.5779581709879742,0.0,0.0003199617406620161,1
1.04,PINN Conservative,0.2521043288800213,0.005751350317615755,0.006947134641217577,0.011926644990554791,-0.00035259127616882324,0.5772007703781128,1.1542281359434128,0.5771212963923464,0.0,0.00035259569241545384,1
1.045,PINN Conservative,0.2521097249574251,0.005772877564527368,0.0069985407541532565,0.012013203615967083,-0.0003851950168609619,0.5763506889343262,1.152561902999878,0.5762881694856985,0.0,0.00038519984147322635,1
1.05,PINN Conservative,0.25211511099630884,0.005794364763514531,0.00705026843542217,0.012099974194099028,-0.000417858362197876,0.5755050778388977,1.1509046703577042,0.5754595427860961,0.0,0.0004178635959223293,1
1.055,PINN Conservative,0.2521204750563528,0.005815764279565612,0.007102292137575731,0.012186639658482101,-0.0004508495330810547,0.57466721534729,1.149263247847557,0.5746388212515189,0.0,0.00045085518002375,1
1.06,PINN Conservative,0.2521258324563682,0.005837137225931153,0.007154653768000143,0.012273487399599547,-0.0004837214946746826,0.573832631111145,1.147628515958786,0.5738214450695301,0.0,0.0004837275533425096,1
1.065,PINN Conservative,0.25213114781541984,0.005858342453018473,0.007207314355797153,0.012360403368386397,-0.0005162358283996582,0.5730021595954895,1.1460017561912537,0.5730080549980866,0.0,0.0005162422943132864,1
1.07,PINN Conservative,0.252136436236036,0.0058794402112337515,0.007260289509800834,0.012447378287684274,-0.0005492717027664185,0.5721755027770996,1.1443829238414764,0.5721986286851665,0.0,0.0005492785824582049,1
1.075,PINN Conservative,0.2521416986653874,0.005900434279243722,0.007313596567476455,0.012534448472513227,-0.0005818605422973633,0.5713567137718201,1.1427794843912125,0.571396898918402,0.0,0.0005818678301681447,1
1.08,PINN Conservative,0.2521469285254841,0.0059212984146499135,0.0073672161723713995,0.012621721274228614,-0.0006148666143417358,0.5705410242080688,1.1411827951669693,0.5705985443069215,0.0,0.0006148743156173981,1
1.085,PINN Conservative,0.252152125786494,0.00594203249843925,0.007421167433199718,0.012708934962801677,-0.0006477236747741699,0.5697294473648071,1.139594167470932,0.5698042205100298,0.0,0.0006477317875883251,1
1.09,PINN Conservative,0.2521572934316324,0.0059626484319260445,0.007475446856116721,0.012796348911264799,-0.0006804913282394409,0.5689214468002319,1.1380124986171722,0.569013376177857,0.0,0.0006804998514722564,1
1.095,PINN Conservative,0.252162421929526,0.005983108190409701,0.007530044230225483,0.012883876789134385,-0.0007124543190002441,0.5681204199790955,1.1364441961050034,0.5682292151001871,0.0,0.0007124632425732262,1
1.1,PINN Conservative,0.25216749448467185,0.0060033447694886185,0.007584963944352653,0.01297123872363004,-0.0007448345422744751,0.5673237442970276,1.1348850280046463,0.5674496212856279,0.0,0.0007448438714135094,1
1.105,PINN Conservative,0.252172534485479,0.006023451475469852,0.007640187973257646,0.013058812050039004,-0.000776827335357666,0.5665304064750671,1.1333320140838623,0.5666731045993961,0.0,0.0007768370652101445,1
1.11,PINN Conservative,0.2521775350929261,0.006043401024589844,0.007695761818954802,0.013146528940170377,-0.0008087754249572754,0.5657402873039246,1.1317855268716812,0.5658998513083398,0.0,0.0008087855549632817,1
1.115,PINN Conservative,0.2521824888415165,0.006063163633808212,0.007751652524195622,0.013234321270025523,-0.0008397996425628662,0.5649563074111938,1.1302501410245895,0.565132148769351,0.0,0.0008398101611507966,1
1.12,PINN Conservative,0.2521874026224778,0.006082766795161841,0.007807853541329136,0.013322230626432535,-0.0008713603019714355,0.5641772747039795,1.1287255585193634,0.5643698479689516,0.0,0.0008713712158602856,1
1.125,PINN Conservative,0.2521922564035183,0.006102130591322332,0.007864398378893895,0.013410159584960307,-0.0009019672870635986,0.5634016394615173,1.127206802368164,0.5636104603820534,0.0,0.0009019785843084871,1
1.1300000000000001,PINN Conservative,0.25219706904601763,0.006121330268352166,0.007921254989548416,0.013498130067720465,-0.0009325891733169556,0.5626288652420044,1.1256937980651855,0.562853948755287,0.0,0.0009326008541045212,1
1.135,PINN Conservative,0.25220180359539446,0.00614021839871488,0.007978429461867219,0.013586032218643823,-0.0009625256061553955,0.5618617534637451,1.1241914182901382,0.5621027494590228,0.0,0.0009625376619002546,1
1.1400000000000001,PINN Conservative,0.2522065000789421,0.006158954668301144,0.008035934429116744,0.01367426172913802,-0.0009920001029968262,0.5611001253128052,1.122699797153473,0.5613569295493264,0.0,0.000992012527913177,1
1.145,PINN Conservative,0.2522111230858931,0.006177397808504981,0.008093740425000202,0.013762184066853533,-0.0010211318731307983,0.5603411197662354,1.1212123483419418,0.5606131958283264,0.0,0.001021144662925949,1
1.1500000000000001,PINN Conservative,0.2522156861376715,0.006195601762035074,0.008151881105731873,0.013850691543219856,-0.001050025224685669,0.5595855116844177,1.1197321861982346,0.5598731054868714,0.0,0.0010500383763733991,1
1.155,PINN Conservative,0.2522201863331002,0.00621355495486307,0.008210325629155387,0.013939195206391891,-0.0010783672332763672,0.558834433555603,1.1182602792978287,0.5591371428187661,0.0,0.0010783807399510424,1
1.16,PINN Conservative,0.2522246345012515,0.006231300588761723,0.008269101144086369,0.01402766247549253,-0.0011063069105148315,0.5580889582633972,1.1167989522218704,0.5584064701291415,0.0,0.0011063207671372047,1
1.165,PINN Conservative,0.2522289867664839,0.006248663625143944,0.008328181270684647,0.014116218897142874,-0.0011333227157592773,0.5573467016220093,1.11534383893013,0.5576789043705399,0.0,0.0011333369107577448,1
1.17,PINN Conservative,0.25223328839909204,0.006265824666461259,0.008387572582789476,0.014204866026605284,-0.001159965991973877,0.5566076040267944,1.1138939559459686,0.556953953798483,0.0,0.0011599805206824693,1
1.175,PINN Conservative,0.25223750158682,0.006282632863549255,0.008447285384601924,0.014293577004708707,-0.0011855661869049072,0.555871844291687,1.1124497205018997,0.5562318270318403,0.0,0.0011855810362589104,1
1.18,PINN Conservative,0.2522416391649523,0.006299139421814525,0.008507287700200547,0.014382345209894065,-0.0012115687131881714,0.5551425814628601,1.1110195815563202,0.5555167486027224,0.0,0.0012115838882268324,1
1.185,PINN Conservative,0.2522457043777357,0.006315357283936909,0.008567618154581071,0.014471541178993907,-0.0012363791465759277,0.5544160008430481,1.1095932722091675,0.554803584996801,0.0,0.0012363946323681446,1
1.19,PINN Conservative,0.2522496877460031,0.006331248633488698,0.008628255162768538,0.01456044746743379,-0.0012603402137756348,0.5536930561065674,1.108173131942749,0.554093505969881,0.0,0.0012603559996829975,1
1.195,PINN Conservative,0.25225357849288865,0.006346770476970244,0.008689180448237181,0.014649688978499248,-0.0012837052345275879,0.5529723167419434,1.1067572981119156,0.5533855801877229,0.0,0.0012837213130845455,1
1.2,PINN Conservative,0.25225739034118355,0.006361977560429827,0.008750423007368146,0.014738838530836157,-0.0013068020343780518,0.5522585511207581,1.1053544133901596,0.5526841290411979,0.0,0.0013068184022251065,1
1.205,PINN Conservative,0.2522611139459653,0.006376832602998581,0.008811967057992486,0.014828217709225905,-0.0013283491134643555,0.5515475869178772,1.1039560586214066,0.5519849428995436,0.0,0.001328365751191075,1
1.21,PINN Conservative,0.2522647290139108,0.006391254645983022,0.008873803313888368,0.014917701169463254,-0.00135040283203125,0.5508394241333008,1.1025638282299042,0.5512888189848688,0.0,0.0013504197459833526,1
1.215,PINN Conservative,0.25226826546667097,0.006405363059569951,0.008935949439192618,0.01500719347375054,-0.0013709664344787598,0.5501341223716736,1.1011758148670197,0.5505948036109124,0.0,0.0013709836059923681,1
1.22,PINN Conservative,0.25227170305567104,0.00641907706358572,0.008998385502014053,0.015097016519164508,-0.0013912469148635864,0.5494346022605896,1.09979909658432,0.5499064358477845,0.0,0.0013912643403925639,1
1.225,PINN Conservative,0.2522750345988197,0.006432368005614839,0.009061120021491186,0.015186747245381882,-0.001409977674484253,0.5487385988235474,1.098427727818489,0.5492207428765926,0.0,0.0014099953346181672,1
1.23,PINN Conservative,0.25227827335650976,0.006445288787001571,0.00912415259691937,0.015276856760744972,-0.0014283359050750732,0.5480453968048096,1.0970615893602371,0.5485376650919452,0.0,0.0014283537951479551,1
1.235,PINN Conservative,0.2522814084698368,0.006457796086959865,0.009187460505288288,0.015366955366589052,-0.0014461874961853027,0.5473549962043762,1.0957010388374329,0.5478573813100166,0.0,0.0014462056098514338,1
1.24,PINN Conservative,0.2522844351283662,0.006469870714620471,0.009251077401296298,0.015457087042876655,-0.001462504267692566,0.5466688871383667,1.094347044825554,0.5471803758246111,0.0,0.0014625225857281526,1
1.245,PINN Conservative,0.2522873561437782,0.006481523886971628,0.009314975909879251,0.015547477797943715,-0.0014789700508117676,0.5459874868392944,1.0930026322603226,0.5465081611225338,0.0,0.0014789885750831977,1
1.25,PINN Conservative,0.2522901713892862,0.006492755098207759,0.009379161489063256,0.01563772305799163,-0.0014941394329071045,0.5453090667724609,1.0916629880666733,0.5458383306361096,0.0,0.0014941581471768048,1
1.2550000000000001,PINN Conservative,0.2522928682011408,0.006503513827247907,0.009443636998196744,0.0157283572825323,-0.0015087425708770752,0.5446328520774841,1.090326949954033,0.5451703032127733,0.0,0.0015087614680527725,1
1.26,PINN Conservative,0.25229545297088085,0.006513825572658593,0.009508382347830543,0.01581928861999049,-0.0015223324298858643,0.543960452079773,1.088998019695282,0.544505829760895,0.0,0.0015223514972761219,1
1.2650000000000001,PINN Conservative,0.2522979130272989,0.006523639783605813,0.00957342069915158,0.015910328150729902,-0.0015348941087722778,0.5432929396629333,1.087677225470543,0.543845424376975,0.0,0.0015349133334990204,1
1.27,PINN Conservative,0.2523002630328989,0.006533014955051313,0.009638735657322837,0.016001282161099556,-0.0015469789505004883,0.5426282286643982,1.0863619148731232,0.5431877608410564,0.0,0.0015469983265912752,1
1.2750000000000001,PINN Conservative,0.25230249459738724,0.00654191761454734,0.00970433076442938,0.016092397588555796,-0.0015581399202346802,0.5419661402702332,1.0850510597229004,0.5425323250566385,0.0,0.0015581594361179076,1
1.28,PINN Conservative,0.25230459809989425,0.0065503093803540675,0.00977021046500716,0.016183759157374272,-0.0015683770179748535,0.5413063168525696,1.0837434381246567,0.5418785060684606,0.0,0.0015683966620789176,1
1.285,PINN Conservative,0.2523065770680721,0.006558204325775788,0.009836358250365582,0.016275618852329005,-0.0015777051448822021,0.540652871131897,1.082448273897171,0.5412309158436767,0.0,0.0015777249058221378,1
1.29,PINN Conservative,0.2523084349848248,0.006565616345597623,0.009902789950324295,0.016367293014023676,-0.0015863478183746338,0.5400016903877258,1.0811563432216644,0.5405849424151326,0.0,0.0015863676875650572,1
1.295,PINN Conservative,0.2523101572547708,0.006572487212637027,0.009969475233113078,0.016459041551925707,-0.0015943348407745361,0.5393533706665039,1.0798698365688324,0.539941681031894,0.0,0.0015943548100033416,1
1.3,PINN Conservative,0.25231175840616943,0.006578874886297343,0.010036451704266475,0.016551272275262346,-0.001601293683052063,0.5387067198753357,1.0785854160785675,0.5392994627430038,0.0,0.001601313739441175,1
1.305,PINN Conservative,0.25231322948191615,0.0065847436328803684,0.010103702103358998,0.016643503836939938,-0.0016071796417236328,0.5380656719207764,1.0773111134767532,0.5386623034617027,0.0,0.00160719977183506,1
1.31,PINN Conservative,0.25231455348514104,0.006590025644645788,0.010171199933258449,0.01673619649188199,-0.0016118735074996948,0.5374279022216797,1.0760421752929688,0.5380278264230115,0.0,0.0016118936964023352,1
1.315,PINN Conservative,0.2523157453990436,0.006594780695946589,0.010238973348215706,0.01682862444039651,-0.001616448163986206,0.5367922186851501,1.074777066707611,0.5373952642075168,0.0,0.0016164684101869495,1
1.32,PINN Conservative,0.2523168161496505,0.006599052375348244,0.010307028881362094,0.016921650563751,-0.0016201436519622803,0.5361588597297668,1.073516309261322,0.5367648775888056,0.0,0.0016201639444494394,1
1.325,PINN Conservative,0.2523177374709953,0.006602727917893255,0.01037533802510394,0.01701488384116684,-0.0016221106052398682,0.5355298519134521,1.0722622871398926,0.5361378586747046,0.0,0.0016221309223633453,1
1.33,PINN Conservative,0.2523185193344757,0.00660584710372665,0.010443917423143352,0.017108308533727107,-0.00162467360496521,0.5349051356315613,1.0710172206163406,0.5355153176156273,0.0,0.0016246939541905557,1
1.335,PINN Conservative,0.25231916454431413,0.006608421120083838,0.010512758176487964,0.0172019334953325,-0.001625150442123413,0.5342822074890137,1.069773867726326,0.5348936333840505,0.0,0.0016251707973211997,1
1.34,PINN Conservative,0.25231966287553964,0.006610409175208418,0.010581867287987828,0.017295774836284666,-0.0016252696514129639,0.5336618423461914,1.0685351639986038,0.5342742737627354,0.0,0.0016252900081038606,1
1.345,PINN Conservative,0.2523200231062638,0.006611846288719473,0.01065124241266797,0.01738992616299828,-0.0016249120235443115,0.5330445170402527,1.0673020780086517,0.5336577230454869,0.0,0.0016249323757558777,1
1.35,PINN Conservative,0.2523202384720455,0.006612705474385691,0.010720862116795462,0.01748443536992325,-0.0016230791807174683,0.5324321985244751,1.0660775154829025,0.5330454341137184,0.0,0.0016230995099724655,1
1.355,PINN Conservative,0.25232029906860937,0.006612947219841692,0.01079075266056906,0.01757897535866021,-0.0016209185123443604,0.5318216681480408,1.0648563206195831,0.5324348290342551,0.0,0.0016209388145367355,1
1.36,PINN Conservative,0.25232022560692885,0.006612654149965802,0.010860900096433392,0.01767392971105264,-0.0016179680824279785,0.5312134623527527,1.063638985157013,0.5318261536793361,0.0,0.0016179883476658769,1
1.365,PINN Conservative,0.25231999723432774,0.006611743074567137,0.010931315241044537,0.01776893714003358,-0.0016139447689056396,0.5306078195571899,1.0624254792928696,0.5312193931476135,0.0,0.0016139649837510694,1
1.37,PINN Conservative,0.25231962161021193,0.006610244550272185,0.011001983143845356,0.017864821275288878,-0.0016089528799057007,0.5300070643424988,1.0612210035324097,0.5306171477242843,0.0,0.0016089730322271418,1
1.375,PINN Conservative,0.25231908704037664,0.006608111923926311,0.011072894468294554,0.0179603950681384,-0.001603931188583374,0.5294091105461121,1.0600217431783676,0.5300175100368257,0.0,0.0016039512780075488,1
1.3800000000000001,PINN Conservative,0.2523184249529967,0.0066054705758806734,0.011144094839716134,0.01805665997685052,-0.0015977323055267334,0.5288130044937134,1.0588253736495972,0.529419317780107,0.0,0.001597752317309179,1
1.385,PINN Conservative,0.25231760160044747,0.0066021858725125275,0.01121552621724035,0.01815318498592411,-0.0015905499458312988,0.5282195806503296,1.057633250951767,0.5288232489654543,0.0,0.001590569867653856,1
1.3900000000000001,PINN Conservative,0.2523166161996347,0.006598254689726174,0.011287216320940653,0.018250007733460027,-0.001582711935043335,0.5276298522949219,1.0564476251602173,0.5282304286446292,0.0,0.001582731758693898,1
1.395,PINN Conservative,0.25231548119802494,0.006593726685757764,0.011359167260209793,0.018346973020950896,-0.001574695110321045,0.5270435214042664,1.0552689880132675,0.5276411026898709,0.0,0.0015747148335599483,1
1.4000000000000001,PINN Conservative,0.25231420120468606,0.006588620248138499,0.01143137499953618,0.018444596253884837,-0.0015651285648345947,0.5264593958854675,1.0540929585695267,0.5270530806030478,0.0,0.0015651481682514064,1
1.405,PINN Conservative,0.25231276794865326,0.006582902380473376,0.011503825652377104,0.0185425624135373,-0.0015551447868347168,0.5258771777153015,1.0529205650091171,0.5264668764806604,0.0,0.0015551642652035511,1
1.41,PINN Conservative,0.25231116566363276,0.006576510184313487,0.011576538312751058,0.018640591124382544,-0.0015444755554199219,0.5252982378005981,1.0517535656690598,0.5258833695022306,0.0,0.001544494900155395,1
1.415,PINN Conservative,0.2523094311699614,0.006569590551636672,0.011649508113754873,0.018739538805329692,-0.0015330910682678223,0.5247236490249634,1.0505950450897217,0.5253041019572593,0.0,0.0015331102704112735,1
1.42,PINN Conservative,0.25230753242790527,0.006562015662322593,0.01172272809666459,0.018838476279212424,-0.001521080732345581,0.5241509079933167,1.0494393408298492,0.524726242589658,0.0,0.0015210997840581818,1
1.425,PINN Conservative,0.2523054771714502,0.006553816370528878,0.01179620409699007,0.01893795590469871,-0.001508563756942749,0.5235803127288818,1.04828742146492,0.5241502756932317,0.0,0.001508582651878781,1
1.43,PINN Conservative,0.2523032716877229,0.006545017758276946,0.011869925668335548,0.019037924632449243,-0.0014954209327697754,0.5230115652084351,1.0471384674310684,0.5235757914809146,0.0,0.0014954396630904102,1
1.435,PINN Conservative,0.2523008962875014,0.0065355412768896655,0.011943903743705074,0.019138346173702636,-0.0014813542366027832,0.5224480628967285,1.0459995418787003,0.5230063215721432,0.0,0.001481372790736417,1
1.44,PINN Conservative,0.2522983755002748,0.006525484784927379,0.012018124685965418,0.019239189339285423,-0.0014668405055999756,0.5218865275382996,1.0448635071516037,0.5224382970941115,0.0,0.0014668588779474451,1
1.445,PINN Conservative,0.25229570101778787,0.006514815137228072,0.012092610201262005,0.019340241011365944,-0.0014515519142150879,0.5213271975517273,1.0437317043542862,0.5218723886074721,0.0,0.001451570095071177,1
1.45,PINN Conservative,0.25229287780709453,0.006503552149481416,0.012167344744755008,0.01944183971157709,-0.0014355629682540894,0.5207699537277222,1.0426029115915298,0.5213079851569639,0.0,0.0014355809488467758,1
1.455,PINN Conservative,0.2522898899974885,0.006491632506692736,0.012242330767949616,0.01954397011087433,-0.0014195889234542847,0.5202159881591797,1.0414807945489883,0.52074691960837,0.0,0.0014196067039702071,1
1.46,PINN Conservative,0.25228675005135237,0.006479105926604279,0.012317573821349978,0.01964686600127985,-0.001402825117111206,0.5196653604507446,1.0403645634651184,0.5201887970759731,0.0,0.0014028426876585096,1
1.465,PINN Conservative,0.25228346305506844,0.006465992700957803,0.012393072123749188,0.019749774566683087,-0.0013854801654815674,0.5191173553466797,1.0392529964447021,0.5196330066045121,0.0,0.00138549751878134,1
1.47,PINN Conservative,0.25228001184768983,0.006452224367440187,0.012468811484050366,0.01985332461146766,-0.001367613673210144,0.5185705423355103,1.0381433069705963,0.5190781549179645,0.0,0.0013676308027300286,1
1.475,PINN Conservative,0.25227641621539304,0.006437879861521502,0.012544808264499356,0.0199574632861384,-0.001348733901977539,0.5180264115333557,1.0370379537343979,0.5185254713775265,0.0,0.0013487507950260991,1
1.48,PINN Conservative,0.2522726690581253,0.006422930858072663,0.012621059783610493,0.02006201776062433,-0.001329869031906128,0.5174868106842041,1.035941556096077,0.5179772656921122,0.0,0.0013298856886700024,1
1.485,PINN Conservative,0.25226874736783744,0.006407285568203783,0.012697560296604724,0.02016703316844337,-0.001310795545578003,0.5169489979743958,1.034848764538765,0.5174308630697858,0.0,0.0013108119634442487,1
1.49,PINN Conservative,0.25226468872558605,0.006391093918727044,0.012774308031114113,0.02027257368527896,-0.0012902617454528809,0.516413152217865,1.0337583422660828,0.516885645104612,0.0,0.0012902779061308984,1
1.495,PINN Conservative,0.2522604858001192,0.006374326662161794,0.012851316132408789,0.020378487140369383,-0.0012699812650680542,0.515879213809967,1.0326718538999557,0.516342394117352,0.0,0.0012699971717307025,1
1.5,PINN Conservative,0.2522561190066276,0.006356905666376892,0.012928568020006337,0.020485112508947356,-0.0012491345405578613,0.5153490900993347,1.0315926671028137,0.5158027939603111,0.0,0.0012491501861128672,1
1.5050000000000001,PINN Conservative,0.252251618662038,0.006338951878482848,0.013006088492472378,0.020591987961548874,-0.0012278556823730469,0.5148221254348755,1.0305191278457642,0.5152660176086845,0.0,0.0012278710614078859,1
1.51,PINN Conservative,0.252246953569375,0.006320340840481176,0.013083843688040732,0.02069973642950046,-0.0012062937021255493,0.5142968893051147,1.0294488966464996,0.5147308953066673,0.0,0.0012063088110940848,1
1.5150000000000001,PINN Conservative,0.2522421401139494,0.0063011379203430085,0.013161861209111319,0.02080767294770658,-0.0011837482452392578,0.5137727856636047,1.0283799320459366,0.514196406311933,0.0,0.0011837630718233307,1
1.52,PINN Conservative,0.2522371887295573,0.0062813847429167265,0.013240137036120942,0.02091598643676401,-0.0011615008115768433,0.5132519006729126,1.027317464351654,0.5136651658110261,0.0,0.0011615153595092291,1
1.5250000000000001,PINN Conservative,0.25223208048769663,0.006261005794360207,0.013318654465353108,0.021024977874176398,-0.0011387467384338379,0.5127351880073547,1.0262631922960281,0.5131380231807733,0.0,0.0011387610013688185,1
1.53,PINN Conservative,0.2522268330340868,0.0062400714709501745,0.013397434941313999,0.02113447965952231,-0.0011155009269714355,0.5122199058532715,1.0252110660076141,0.5126119534475644,0.0,0.0011155148987499312,1
1.5350000000000001,PINN Conservative,0.2522214426919147,0.006218567104316288,0.01347647231838644,0.02124468874887181,-0.0010915100574493408,0.5117065906524658,1.0241619944572449,0.5120874111025083,0.0,0.001091523728739413,1
1.54,PINN Conservative,0.25221590735801347,0.006196484304031326,0.013555760465090851,0.021354963152542095,-0.0010680705308914185,0.5111948847770691,1.0231169313192368,0.5115648729887358,0.0,0.001068083908598702,1
1.545,PINN Conservative,0.2522102243549473,0.006173812388665674,0.013635300307869077,0.021466349054102662,-0.0010438859462738037,0.5106872320175171,1.0220792293548584,0.5110460155078779,0.0,0.0010438990210663596,1
1.55,PINN Conservative,0.2522044138268785,0.006150631721847433,0.013715098487655808,0.021577882276870075,-0.0010196864604949951,0.5101821422576904,1.0210468769073486,0.5105298328189559,0.0,0.0010196992321861848,1
1.555,PINN Conservative,0.25219845290000253,0.006126851050244897,0.013795162549471402,0.021689666246872463,-0.0009948164224624634,0.5096786618232727,1.0200164914131165,0.5100146336189909,0.0,0.0009948288826535422,1
1.56,PINN Conservative,0.2521923585338994,0.006102538032833364,0.01387547287175101,0.02180217532906925,-0.0009697526693344116,0.5091770887374878,1.0189899504184723,0.5095013566928963,0.0,0.0009697648155990754,1
1.565,PINN Conservative,0.25218611875841684,0.006077644915586573,0.013956036610580001,0.0219152999575008,-0.0009447336196899414,0.5086781978607178,1.0179688185453415,0.5089907843614333,0.0,0.0009447454525881064,1
1.57,PINN Conservative,0.25217974098684554,0.006052201273272467,0.014036856115657598,0.02202874515011427,-0.0009192824363708496,0.5081828832626343,1.0169546455144882,0.5084836914946892,0.0,0.0009192939504899915,1
1.575,PINN Conservative,0.2521732436778309,0.00602628074527544,0.014117939732151318,0.022142772023250712,-0.0008936375379562378,0.5076891779899597,1.0159431546926498,0.5079779397492501,0.0,0.0008936487308700526,1
1.58,PINN Conservative,0.2521666109532088,0.005999819986848211,0.014199286776891439,0.022257284183382853,-0.0008677542209625244,0.5071971416473389,1.0149352252483368,0.507473968714877,0.0,0.0008677650896847917,1
1.585,PINN Conservative,0.25215983128285147,0.005972772999408953,0.014280875395235109,0.022372294356486855,-0.0008415281772613525,0.5067071914672852,1.0139304101467133,0.5069715548713524,0.0,0.0008415387174993804,1
1.59,PINN Conservative,0.25215293649020976,0.005945266740232977,0.01436272812065652,0.022487706376598027,-0.0008153617382049561,0.5062206983566284,1.0129331648349762,0.5064729259701772,0.0,0.0008153719507052998,1
1.595,PINN Conservative,0.2521459129792792,0.005917246969078021,0.014444854932320426,0.022603802012240215,-0.0007891207933425903,0.505736768245697,1.0119408518075943,0.5059767632420684,0.0,0.000789130677172056,1
1.6,PINN Conservative,0.25213875614099196,0.005888695298413106,0.014527229666973023,0.02272024943972839,-0.0007624924182891846,0.5052547454833984,1.0109518617391586,0.505482262014243,0.0,0.0007625019685951641,1
1.605,PINN Conservative,0.2521314800412089,0.005859667842937114,0.01460986436435308,0.022837417172650254,-0.000736042857170105,0.5047737956047058,1.009965181350708,0.5049889156408744,0.0,0.0007360520761922636,1
1.61,PINN Conservative,0.2521240714120793,0.005830111671552957,0.014692758310970746,0.022954739306463412,-0.0007090866565704346,0.5042955279350281,1.0089831203222275,0.5044978789764201,0.0,0.0007090955379630541,1
1.615,PINN Conservative,0.2521165585866919,0.005800139816997114,0.014775921016222587,0.02307298350962289,-0.0006819665431976318,0.5038211345672607,1.0080091208219528,0.5040108731265543,0.0,0.0006819750849076857,1
1.62,PINN Conservative,0.25210891482797826,0.005769645613736474,0.014859342972588311,0.023191424299753738,-0.0006556212902069092,0.5033484697341919,1.0070391148328781,0.5035258640572983,0.0,0.0006556295019396137,1
1.625,PINN Conservative,0.2521011598102443,0.00573870755094185,0.014943035649489903,0.023310352139136736,-0.000628158450126648,0.5028771162033081,1.006070390343666,0.503041495745999,0.0,0.000628166317884095,1
1.6300000000000001,PINN Conservative,0.25209328242847034,0.005707281325968644,0.015026977056734414,0.023430199051284573,-0.0006012618541717529,0.5024073719978333,1.0051060318946838,0.5025593104821571,0.0,0.000601269385046216,1
1.635,PINN Conservative,0.2520852853973826,0.0056753777690137,0.015111184617473513,0.02355014991014498,-0.0005738735198974609,0.5019412040710449,1.0041480958461761,0.5020803364587731,0.0,0.0005738807077298604,1
1.6400000000000001,PINN Conservative,0.2520771809630804,0.005643045734973573,0.015195655009551754,0.02367069090942381,-0.0005467981100082397,0.5014777779579163,1.0031955987215042,0.5016040819313687,0.0,0.00054680495871799,1
1.645,PINN Conservative,0.25206898076756223,0.005610331668730015,0.015280401592246674,0.023791740332466116,-0.000519871711730957,0.5010157823562622,1.0022463500499725,0.5011294516508781,0.0,0.0005198782231844456,1
1.6500000000000001,PINN Conservative,0.25206064781149823,0.005577087964225839,0.015365402290437348,0.0239131234682608,-0.0004922747611999512,0.5005553364753723,1.0012995302677155,0.5006560358302358,0.0,0.0004922809269984335,1
1.655,PINN Conservative,0.25205221968340324,0.005543464578027604,0.015450664832208881,0.024035286117514154,-0.00046506524085998535,0.5000966787338257,1.0003566890954971,0.500184609339529,0.0,0.0004650710658560694,1
1.6600000000000001,PINN Conservative,0.2520436881570606,0.005509428692259477,0.015536211234661248,0.02415792740511613,-0.0004383176565170288,0.4996420741081238,0.9994225203990936,0.4997175191410416,0.0,0.00043832314649651653,1
1.665,PINN Conservative,0.25203505778933194,0.005474998486180219,0.015622013060155105,0.02428077569082837,-0.0004109591245651245,0.49918943643569946,0.9984914362430573,0.49925197123205495,0.0,0.00041096427187582626,1
1.67,PINN Conservative,0.2520263111060327,0.005440104247838076,0.01570807336991857,0.02440444891688065,-0.0003836303949356079,0.49873781204223633,0.9975625276565552,0.49878751112146,0.0,0.00038363519995080126,1
1.675,PINN Conservative,0.252017471100296,0.005404837706616835,0.015794411482779224,0.024528426662874137,-0.0003567337989807129,0.49828845262527466,0.9966384619474411,0.49832547247988784,0.0,0.0003567382671129222,1
1.68,PINN Conservative,0.25200853233521164,0.005369177172370204,0.01588100498662309,0.02465281020365384,-0.00032973289489746094,0.4978410005569458,0.9957180023193359,0.4978652369014035,0.0,0.0003297370248402148,1
1.685,PINN Conservative,0.25199951723710196,0.005333212113232407,0.015967894724272094,0.02477839029007095,-0.00030234456062316895,0.49739670753479004,0.9948038160800934,0.49740813805663786,0.0,0.00030234834752385927,1
1.69,PINN Conservative,0.2519903976220388,0.005296830091531685,0.016055036249695356,0.024903662000982485,-0.000276029109954834,0.49695444107055664,0.9938948750495911,0.4969536618490908,0.0,0.0002760325672514524,1
1.695,PINN Conservative,0.2519811911357416,0.005260101503544983,0.016142449879322868,0.025029955402511128,-0.0002492666244506836,0.4965137243270874,0.9929883480072021,0.49650039265071816,0.0,0.00024926974654406695,1
1.7,PINN Conservative,0.2519718858602646,0.005222978803519815,0.01623012698654111,0.02515635194065663,-0.0002218186855316162,0.4960741400718689,0.9920834004878998,0.49604791322378067,0.0,0.00022182146383638095,1
1.705,PINN Conservative,0.25196251305970585,0.005185586717235193,0.016318085782842474,0.025283465599051258,-0.00019559264183044434,0.4956381320953369,0.9911865890026093,0.49559950186480145,0.0,0.00019559509165096979,1
1.71,PINN Conservative,0.2519530389715243,0.005147790551560729,0.016406311714594366,0.02541101228838044,-0.00016883015632629395,0.4952046275138855,0.9902943819761276,0.4951533927640624,0.0,0.00016883227094358433,1
1.715,PINN Conservative,0.25194348299407865,0.005109667694796275,0.01649480740637744,0.02553903225779869,-0.00014297664165496826,0.4947722554206848,0.9894054532051086,0.4947089228115849,0.0,0.00014297843245398865,1
1.72,PINN Conservative,0.2519338576568736,0.00507126813246328,0.016583579313387893,0.02566749475334895,-0.00011688470840454102,0.4943416714668274,0.9885199815034866,0.49426618141545603,0.0,0.00011688617239907108,1
1.725,PINN Conservative,0.2519241531600465,0.005032552768743237,0.01667263346378634,0.02579645908941791,-9.025633335113525e-05,0.49391287565231323,0.9876375496387482,0.4938249599568061,0.0,9.025746382217919e-05,1
1.73,PINN Conservative,0.2519143694737652,0.004993521484622847,0.016761945379042503,0.025926244975916002,-6.434321403503418e-05,0.4934873580932617,0.9867622703313828,0.49338731482163595,0.0,6.434401994125305e-05,1
1.735,PINN Conservative,0.25190451715115436,0.004954216381003018,0.016851542973668667,0.02605638008704453,-3.9249658584594727e-05,0.4930639863014221,0.9858921021223068,0.4929522252676191,0.0,3.925015019112101e-05,1
1.74,PINN Conservative,0.25189458946506305,0.004914610620418788,0.01694140750055201,0.026186895605027294,-1.3321638107299805e-05,0.4926416277885437,0.985023021697998,0.49251767961279813,0.0,1.3321804962362257e-05,1
1.745,PINN Conservative,0.25188459311281,0.0048747309213218225,0.017031551848557987,0.026317833893446274,1.2278556823730469e-05,0.49222123622894287,0.9841581881046295,0.49208525740004333,0.0,0.0,1
1.75,PINN Conservative,0.25187453247226393,0.004834594748891977,0.017121970374027583,0.026449379381533522,3.7223100662231445e-05,0.4918023347854614,0.9832972288131714,0.4916547723625068,0.0,0.0,1
1.7550000000000001,PINN Conservative,0.2518644133010307,0.0047942250726665655,0.01721266869944196,0.02658140751666732,6.270408630371094e-05,0.4913872480392456,0.9824430048465729,0.49122765502958043,0.0,0.0,1
1.76,PINN Conservative,0.25185422477749614,0.0047535787206258815,0.017303639671105337,0.026713961206045744,8.727610111236572e-05,0.49097347259521484,0.9815927892923355,0.4908025419279375,0.0,0.0,1
1.7650000000000001,PINN Conservative,0.2518439764479498,0.004712693776977723,0.017394888874146558,0.026846860348923196,0.00011189281940460205,0.49056142568588257,0.9807455092668533,0.49037889660905615,0.0,0.0,1
1.77,PINN Conservative,0.25183367435340287,0.004671594341883853,0.017486417329171892,0.02698069547444598,0.0001360774040222168,0.49015098810195923,0.9799021184444427,0.4899571959160669,0.0,0.0,1
1.7750000000000001,PINN Conservative,0.25182331402649033,0.0046302625931260695,0.01757822501363857,0.027114757131136813,0.00016075372695922852,0.4897423982620239,0.9790617078542709,0.48953698535786094,0.0,0.0,1
1.78,PINN Conservative,0.25181291268782335,0.004588767231043647,0.017670318730021242,0.027249141966560975,0.00018459558486938477,0.48933714628219604,0.9782290309667587,0.48912064169941755,0.0,0.0,1
1.7850000000000001,PINN Conservative,0.25180244403289964,0.004547003315793532,0.0177626768664587,0.02738417004668703,0.00020816922187805176,0.4889333248138428,0.9773996025323868,0.4887059222878879,0.0,0.0,1
1.79,PINN Conservative,0.25179192867573796,0.004505053085460666,0.01785532014597303,0.027519531601626346,0.00023177266120910645,0.4885309934616089,0.9765727669000626,0.4882924992936197,0.0,0.0,1
1.795,PINN Conservative,0.25178137249327276,0.004462939985635112,0.017948244173462795,0.027655648494939677,0.0002549886703491211,0.4881301522254944,0.9757496565580368,0.4878809389678305,0.0,0.0,1
1.8,PINN Conservative,0.2517707784388874,0.0044206757986187725,0.018041451871783517,0.02779195908586929,0.0002541095018386841,0.48773157596588135,0.974930927157402,0.4874715691401728,0.0,0.0,1
1.805,PINN Conservative,0.251760132058903,0.004378202862541658,0.01813493525631395,0.02792894304088911,0.0002522021532058716,0.487335741519928,0.9741184264421463,0.4870653136942121,0.0,0.0,1
1.81,PINN Conservative,0.2517494529157549,0.004335599220275102,0.01822870424900382,0.028066287640227283,0.00025087594985961914,0.48694175481796265,0.9733096659183502,0.4866609283674044,0.0,0.0,1
1.815,PINN Conservative,0.2517387351474247,0.004292841485735579,0.018322752178301455,0.028204170812616558,0.0002492070198059082,0.4865485429763794,0.9725023210048676,0.4862572508546187,0.0,0.0,1
1.82,PINN Conservative,0.25172798466813695,0.004249953253279499,0.018417086004268675,0.028342665763274266,0.00024753808975219727,0.4861578345298767,0.9717007577419281,0.4858564642033125,0.0,0.0,1
1.825,PINN Conservative,0.2517172007619201,0.004206931666591691,0.018511703214844046,0.028481602690785868,0.0002461075782775879,0.4857686758041382,0.9709022045135498,0.48545718258813747,0.0,0.0,1
1.83,PINN Conservative,0.25170638678489143,0.004163790114650815,0.018606606896231177,0.028620646972186636,0.00024443864822387695,0.4853823781013489,0.970109760761261,0.4850609557492681,0.0,0.0,1
1.835,PINN Conservative,0.25169554671964367,0.004120544485712576,0.018701783078588517,0.028760529562359805,0.00024253129959106445,0.48499763011932373,0.9693211019039154,0.4846666213815735,0.0,0.0,1
1.84,PINN Conservative,0.2516846687078953,0.004077147472050416,0.018797244161223383,0.02890101731795791,0.00024121999740600586,0.48461413383483887,0.9685345888137817,0.4842733599109228,0.0,0.0,1
1.845,PINN Conservative,0.2516737746016996,0.004033686250795284,0.018892998042190877,0.029041821801216172,0.0002396702766418457,0.4842320680618286,0.9677515029907227,0.4838818120952729,0.0,0.0,1
1.85,PINN Conservative,0.25166285814376205,0.00399013585893906,0.018989033278219082,0.029183084372969403,0.0002381056547164917,0.4838528633117676,0.9669742733240128,0.4834931923944721,0.0,0.0,1
1.855,PINN Conservative,0.2516519250767725,0.003946519206512964,0.01908535552503842,0.02932446952286505,0.00023631751537322998,0.483475923538208,0.9662023335695267,0.48310721768291154,0.0,0.0,1
1.86,PINN Conservative,0.25164097657164297,0.0039028409647831326,0.019181962054457338,0.029466805324351808,0.00023476779460906982,0.48310017585754395,0.9654325991868973,0.4827223456710907,0.0,0.0,1
1.865,PINN Conservative,0.25163001006280816,0.003859090898618549,0.019278849241764824,0.02960948417591458,0.00023333728313446045,0.48272591829299927,0.9646663814783096,0.482339232018314,0.0,0.0,1
1.87,PINN Conservative,0.25161902346201725,0.0038152606770989706,0.019376020452923602,0.02975251067921797,0.00023154914379119873,0.4823532700538635,0.9639035910367966,0.4819578320205381,0.0,0.0,1
1.875,PINN Conservative,0.2516080305517257,0.003771405284298832,0.019473483767450755,0.029896406170592638,0.00022999942302703857,0.4819830656051636,0.963145837187767,0.4815789503505459,0.0,0.0,1
1.8800000000000001,PINN Conservative,0.2515970416538589,0.0037275658987668114,0.019571241735142308,0.030040153367204003,0.0002285689115524292,0.4816151261329651,0.9623929113149643,0.4812024826989026,0.0,0.0,1
1.885,PINN Conservative,0.25158602765223403,0.0036836263636711728,0.019669266925116228,0.030184782494689533,0.00022713840007781982,0.48124873638153076,0.9616434127092361,0.48082772870226004,0.0,0.0,1
1.8900000000000001,PINN Conservative,0.2515750309681749,0.0036397559157077515,0.01976760339226371,0.030329674121759742,0.0002253502607345581,0.4808838367462158,0.9608976393938065,0.48045483737409656,0.0,0.0,1
1.895,PINN Conservative,0.2515640113804792,0.0035957940954004348,0.019866200066428343,0.030474987655826125,0.00022402405738830566,0.48052018880844116,0.9601542055606842,0.4800831158017379,0.0,0.0,1
1.9000000000000001,PINN Conservative,0.25155299041304624,0.003551826770734777,0.019965099117674717,0.03062110930856682,0.00022235512733459473,0.48015862703323364,0.959415465593338,0.47971374119166293,0.0,0.0,1
1.905,PINN Conservative,0.25154199672711863,0.003507968283592651,0.020064281897029534,0.030767290565490435,0.00022080540657043457,0.4798000454902649,0.9586832523345947,0.4793476299767633,0.0,0.0,1
1.9100000000000001,PINN Conservative,0.2515309836055423,0.0034640322593847686,0.020163752734326145,0.03091421009021461,0.00021925568580627441,0.47944241762161255,0.9579529166221619,0.4789824575467771,0.0,0.0,1
1.915,PINN Conservative,0.25151997819557803,0.0034201270000758163,0.020263516361859517,0.03106123445242076,0.00021770596504211426,0.47908616065979004,0.9572256803512573,0.4786188348569655,0.0,0.0,1
1.92,PINN Conservative,0.2515089887905646,0.0033762855913203843,0.020363559411845228,0.031209078037650995,0.00021627545356750488,0.478731632232666,0.9565023183822632,0.4782571493423722,0.0,0.0,1
1.925,PINN Conservative,0.25149800220468976,0.0033324554293073442,0.020463891687914373,0.031357186971822715,0.0002148449420928955,0.47837895154953003,0.955782949924469,0.4778974606083884,0.0,0.0,1
1.93,PINN Conservative,0.2514870344876527,0.003288700543110275,0.020564524050392375,0.03150575587623888,0.000212937593460083,0.47802865505218506,0.9550687074661255,0.4775403349062318,0.0,0.0,1
1.935,PINN Conservative,0.25147607976251896,0.0032449974871391137,0.020665432536276947,0.03165482712411166,0.00021150708198547363,0.4776800870895386,0.9543584585189819,0.47718520598468483,0.0,0.0,1
1.94,PINN Conservative,0.2514651346358809,0.0032013327236479704,0.020766629337672676,0.03180446514129043,0.0002100616693496704,0.4773326516151428,0.9536502510309219,0.47683109780546434,0.0,0.0,1
1.945,PINN Conservative,0.2514542160822345,0.0031577739711182366,0.020868123453883555,0.031954257215933035,0.00020863115787506104,0.47698670625686646,0.9529455751180649,0.4764787554359621,0.0,0.0,1
1.95,PINN Conservative,0.2514433176652925,0.003114295552463334,0.020969901728847305,0.032104684678189055,0.00020720064640045166,0.4766424298286438,0.9522444754838943,0.47612820122819965,0.0,0.0,1
1.955,PINN Conservative,0.2514324293316186,0.003070857360251831,0.02107196102752265,0.032255492804348085,0.00020577013492584229,0.4763011932373047,0.9515500217676163,0.47578097002100395,0.0,0.0,1
1.96,PINN Conservative,0.25142157087484757,0.0030275383597081775,0.021174312687126554,0.03240679001877256,0.00020410120487213135,0.475960910320282,0.9508574455976486,0.4754346775987217,0.0,0.0,1
1.965,PINN Conservative,0.251410748037669,0.002984361460862482,0.021276966411572337,0.032558567653308834,0.00020267069339752197,0.4756220579147339,0.9501685053110123,0.475090203140875,0.0,0.0,1
1.97,PINN Conservative,0.25139994480021605,0.0029412627536551292,0.021379903930747676,0.032710854600615125,0.00020112097263336182,0.47528475522994995,0.9494827836751938,0.47474733802859426,0.0,0.0,1
1.975,PINN Conservative,0.2513891746615385,0.0028982960915347744,0.021483124202630127,0.03286310237181761,0.000199928879737854,0.4749487638473511,0.948799803853035,0.47440584384031415,0.0,0.0,1
1.98,PINN Conservative,0.2513784295818708,0.0028554294004586437,0.021586634845373827,0.03301612547866434,0.00019814074039459229,0.4746159315109253,0.9481238275766373,0.4740678514687746,0.0,0.0,1
1.985,PINN Conservative,0.2513677154978116,0.0028126863640427313,0.02169042567028794,0.03316932689791019,0.00019694864749908447,0.474284291267395,0.9474503546953201,0.4737311108104531,0.0,0.0,1
1.99,PINN Conservative,0.2513570453863483,0.0027701187530066278,0.021794520320459105,0.033323252727116115,0.00019563734531402588,0.4739540219306946,0.946779802441597,0.4733958304842191,0.0,0.0,1
1.995,PINN Conservative,0.2513463908696437,0.0027276133560933547,0.021898890026056373,0.03347750297972818,0.0001939535140991211,0.4736248254776001,0.9461121559143066,0.4730620030393989,0.0,0.0,1
2.0,PINN Conservative,0.2513357960992867,0.002685346312761624,0.022003556118148016,0.03363204642604156,0.00019276142120361328,0.4732972979545593,0.9454474747180939,0.47272965827868796,0.0,0.0,1
2.005,PINN Conservative,0.25132523365206905,0.002643208220175125,0.022108505953490423,0.033787322252048724,0.0001914501190185547,0.4729725122451782,0.944789320230484,0.47240057691315235,0.0,0.0,1
2.0100000000000002,PINN Conservative,0.251314710508715,0.002601226927410637,0.022213742688100464,0.033942469348382354,0.00018990039825439453,0.47264915704727173,0.9441341459751129,0.4720729856824,0.0,0.0,1
2.015,PINN Conservative,0.25130423887057585,0.002559451110845764,0.022319282139054694,0.03409835782629017,0.00018846988677978516,0.47232717275619507,0.9434818029403687,0.4717468100796918,0.0,0.0,1
2.02,PINN Conservative,0.2512938083113135,0.0025178391753851734,0.02242509984707558,0.034254732190873105,0.00018727779388427734,0.47200649976730347,0.9428320825099945,0.4714219457955929,0.0,0.0,1
2.025,PINN Conservative,0.2512834180254597,0.002476387907673802,0.022531198783007276,0.034411532940081535,0.0001857280731201172,0.47168707847595215,0.942186027765274,0.47109891437727736,0.0,0.0,1
2.0300000000000002,PINN Conservative,0.25127308309316876,0.0024351574688580195,0.022637594348617153,0.03456859995049072,0.0001844167709350586,0.47137004137039185,0.9415439963340759,0.47077789464091924,0.0,0.0,1
2.035,PINN Conservative,0.2512628056623556,0.002394156427884,0.02274427896450074,0.03472597250017595,0.00018298625946044922,0.4710550904273987,0.9409076273441315,0.4704597061606493,0.0,0.0,1
2.04,PINN Conservative,0.2512525602563604,0.0023532831475242236,0.022851244841263958,0.03488386449991504,0.00018203258514404297,0.4707408547401428,0.9402719736099243,0.47014187531272733,0.0,0.0,1
2.045,PINN Conservative,0.25124238136115373,0.002312675206977077,0.022958501271329788,0.03504226389336884,0.00018072128295898438,0.470428466796875,0.9396405220031738,0.46982614555484975,0.0,0.0,1
2.05,PINN Conservative,0.25123225682013267,0.002272284108385015,0.02306604614022754,0.03520115181550049,0.000179290771484375,0.47011715173721313,0.9390121400356293,0.469511950635799,0.0,0.0,1
2.055,PINN Conservative,0.2512221797047793,0.002232082210944362,0.023173865740444787,0.03536009849236271,0.00017784535884857178,0.46980780363082886,0.9383874088525772,0.46919958113185767,0.0,0.0,1
2.06,PINN Conservative,0.25121215710023026,0.002192097780277668,0.023281973716666248,0.035519659960192684,0.00017677247524261475,0.4695006012916565,0.9377676993608475,0.4688897225050262,0.0,0.0,1
2.065,PINN Conservative,0.25120220937438914,0.00215241207261155,0.02339037935698931,0.035679446027754025,0.00017546117305755615,0.4691949486732483,0.9371508806943893,0.46858130930893443,0.0,0.0,1
2.07,PINN Conservative,0.2511923295614478,0.002112997298375988,0.0234990785791529,0.03583952802662549,0.00017414987087249756,0.46889007091522217,0.9365363270044327,0.468274028615278,0.0,0.0,1
2.075,PINN Conservative,0.25118248696411927,0.002073730993041975,0.02360803868041912,0.03600029429266516,0.00017295777797698975,0.468586802482605,0.9359249025583267,0.467968312563144,0.0,0.0,1
2.08,PINN Conservative,0.251172713890627,0.0020347420478490892,0.023717296984964314,0.03616152440837295,0.00017176568508148193,0.4682849049568176,0.9353171139955521,0.4676644144754455,0.0,0.0,1
2.085,PINN Conservative,0.2511630111762711,0.0019960337951643653,0.023826836649545415,0.036323136751351626,0.00017045438289642334,0.46798592805862427,0.9347149282693863,0.4673633178411396,0.0,0.0,1
2.09,PINN Conservative,0.25115336562032337,0.0019575535716708004,0.023936659595392297,0.03648465867303757,0.0001693814992904663,0.4676876664161682,0.9341147094964981,0.4670632046957906,0.0,0.0,1
2.095,PINN Conservative,0.2511437980307115,0.0019193843890385582,0.024046771465549177,0.03664695672572471,0.0001681894063949585,0.4673910140991211,0.9335175305604935,0.4667646114879206,0.0,0.0,1
2.1,PINN Conservative,0.25113429574368595,0.0018814757261864604,0.02415716677440239,0.036809223203974506,0.00016699731349945068,0.4670954942703247,0.9329231232404709,0.466467404105399,0.0,0.0,1
2.105,PINN Conservative,0.2511248633683145,0.001843845970645709,0.02426784103522882,0.036971969952659056,0.0001655668020248413,0.46680110692977905,0.932331845164299,0.4661717613643998,0.0,0.0,1
2.11,PINN Conservative,0.25111550100900987,0.0018064955389627366,0.024378801877575976,0.037135320315801856,0.00016449391841888428,0.4665091037750244,0.9317451566457748,0.46587841343096686,0.0,0.0,1
2.115,PINN Conservative,0.2511062046085989,0.0017694082453491465,0.024490033103069766,0.03729906978692171,0.00016354024410247803,0.4662189483642578,0.93116195499897,0.4655868089552303,0.0,0.0,1
2.12,PINN Conservative,0.25109698768104755,0.0017326380027605744,0.02460155637330893,0.03746288610220744,0.00016234815120697021,0.4659297466278076,0.9305815547704697,0.46529660520619004,0.0,0.0,1
2.125,PINN Conservative,0.2510878462512214,0.001696168952695692,0.024713360635700933,0.03762729824564942,0.00016126036643981934,0.4656420350074768,0.930004358291626,0.4650080033520418,0.0,0.0,1
2.13,PINN Conservative,0.25107877982688975,0.0016599991314371829,0.024825437241898566,0.03779184576144118,0.00016006827354431152,0.46535515785217285,0.9294289350509644,0.4647202881280895,0.0,0.0,1
2.1350000000000002,PINN Conservative,0.2510697913241458,0.0016241401725203817,0.02493780513466517,0.037957044132209794,0.0001589953899383545,0.46507006883621216,0.928857296705246,0.4644344653753121,0.0,0.0,1
2.14,PINN Conservative,0.25106088590395226,0.0015886126652197381,0.025050445575156115,0.03812235133507608,0.0001582801342010498,0.4647876024246216,0.9282909631729126,0.4641512950624488,0.0,0.0,1
2.145,PINN Conservative,0.2510520576744586,0.0015533931044386517,0.025163377033159347,0.03828812630996031,0.000157088041305542,0.46450579166412354,0.9277267456054688,0.4638691827452816,0.0,0.0,1
2.15,PINN Conservative,0.2510433116325506,0.0015185014248789857,0.025276577231603457,0.0384544028859633,0.00015613436698913574,0.464225709438324,0.9271657168865204,0.4635886648723325,0.0,0.0,1
2.1550000000000002,PINN Conservative,0.25103463053524316,0.0014838688369421006,0.0253900496743762,0.038620559216934525,0.00015494227409362793,0.46394670009613037,0.9266074597835541,0.4633095328247319,0.0,0.0,1
2.16,PINN Conservative,0.25102604197727907,0.0014496054277890553,0.02550380816737466,0.0387874933511807,0.00015410780906677246,0.46366894245147705,0.9260517656803131,0.46303168229304487,0.0,0.0,1
2.165,PINN Conservative,0.2510175476590912,0.0014157179811694295,0.025617843124218307,0.038954597509688826,0.00015303492546081543,0.46339327096939087,0.9255005121231079,0.4627560520621849,0.0,0.0,1
2.17,PINN Conservative,0.25100912466958475,0.001382115094985615,0.02573215084241487,0.039122152434869106,0.00015208125114440918,0.4631189703941345,0.9249523282051086,0.4624819566701517,0.0,0.0,1
2.1750000000000003,PINN Conservative,0.25100079472656844,0.001348883410809716,0.025846740655812786,0.039290012894345805,0.0001512467861175537,0.462846040725708,0.9244068264961243,0.4622092023994234,0.0,0.0,1
2.18,PINN Conservative,0.25099254710538255,0.0013159801434145257,0.025961591547613926,0.03945777468781281,0.00015017390251159668,0.4625742435455322,0.9238638281822205,0.4619376998419131,0.0,0.0,1
2.185,PINN Conservative,0.25098438095581066,0.0012834019009253647,0.02607672329589865,0.03962624886216204,0.00014969706535339355,0.4623035788536072,0.9233234524726868,0.46166750860301203,0.0,0.0,1
2.19,PINN Conservative,0.2509763186370527,0.0012512378836968148,0.026192132317863197,0.039795155132795246,0.0001487433910369873,0.4620344042778015,0.9227863550186157,0.46139895651237256,0.0,0.0,1
2.195,PINN Conservative,0.25096833558232934,0.0012193900844013033,0.026307814865207807,0.0399642400138171,0.00014790892601013184,0.46176761388778687,0.9222541153430939,0.4611328333414298,0.0,0.0,1
2.2,PINN Conservative,0.25096044433606157,0.001187908548067702,0.02642376791311391,0.04013373224896377,0.00014695525169372559,0.46150195598602295,0.9217248857021332,0.46086821520661814,0.0,0.0,1
2.205,PINN Conservative,0.25095264254150923,0.001156783872657415,0.026539988373794194,0.04030340338494276,0.00014612078666687012,0.46123749017715454,0.9211978614330292,0.46060469977154606,0.0,0.0,1
2.21,PINN Conservative,0.25094492899047005,0.001126011238137957,0.026656474647311537,0.04047332837400969,0.00014540553092956543,0.46097397804260254,0.9206725060939789,0.46034201881195264,0.0,0.0,1
2.215,PINN Conservative,0.25093730941817566,0.0010956135247866114,0.026773240357174183,0.040643665373452986,0.00014443695545196533,0.4607119560241699,0.920150950551033,0.46008123777420784,0.0,0.0,1
2.22,PINN Conservative,0.2509297976369137,0.0010656458356911101,0.026890279175327967,0.040814319692686674,0.0001439601182937622,0.4604513645172119,0.9196321219205856,0.4598218202097898,0.0,0.0,1
2.225,PINN Conservative,0.25092236228563164,0.001035983058279717,0.02700757934492644,0.04098548740641467,0.00014300644397735596,0.46019303798675537,0.9191183894872665,0.4595649507758511,0.0,0.0,1
2.23,PINN Conservative,0.2509150206818953,0.0010066942796850917,0.027125137315197122,0.04115650560905393,0.00014241039752960205,0.45993536710739136,0.918605700135231,0.45930860288908654,0.0,0.0,1
2.235,PINN Conservative,0.2509077780463316,0.0009778003272073949,0.02724297467998951,0.04132800393851349,0.00014181435108184814,0.45967918634414673,0.9180961698293686,0.4590538345451922,0.0,0.0,1
2.24,PINN Conservative,0.2509006427319439,0.0009493345245286986,0.0273610839176589,0.0414999265568915,0.00014133751392364502,0.45942384004592896,0.9175889641046524,0.4588002285064289,0.0,0.0,1
2.245,PINN Conservative,0.25089358981396703,0.0009211974361636241,0.027479440094203306,0.041672008987794995,0.00014038383960723877,0.4591699242591858,0.9170846194028854,0.4585480529970574,0.0,0.0,1
2.25,PINN Conservative,0.25088664235265645,0.0008934810592753843,0.02759807312768818,0.0418446149503931,0.00013978779315948486,0.45891815423965454,0.9165847152471542,0.45829809778851305,0.0,0.0,1
2.255,PINN Conservative,0.2508797892355346,0.0008661410614665537,0.027716961490214524,0.04201717479450984,0.00013919174671173096,0.45866769552230835,0.916087731719017,0.4580496029120563,0.0,0.0,1
2.2600000000000002,PINN Conservative,0.2508730318050485,0.0008391827983289061,0.02783611120573126,0.04219033580227255,0.00013871490955352783,0.4584183692932129,0.9155928045511246,0.4578021362286,0.0,0.0,1
2.265,PINN Conservative,0.25086636782378646,0.000812597343876152,0.02795552324299274,0.04236356588857265,0.0001382380723953247,0.45816993713378906,0.9151003211736679,0.45755589145566594,0.0,0.0,1
2.27,PINN Conservative,0.25085981607108976,0.0007864596168845892,0.028075204834633553,0.04253693804144659,0.00013776123523712158,0.45792269706726074,0.9146099239587784,0.45731068977708017,0.0,0.0,1
2.275,PINN Conservative,0.25085336704541733,0.0007607317116673632,0.02819514187754678,0.04271111109490888,0.0001369267702102661,0.4576767086982727,0.9141224473714828,0.457066948430582,0.0,0.0,1
2.2800000000000002,PINN Conservative,0.2508470073670477,0.0007353602508270188,0.028315334864104574,0.042884954552977084,0.000136449933052063,0.45743316411972046,0.9136402457952499,0.4568258446226502,0.0,0.0,1
2.285,PINN Conservative,0.25084074986380733,0.0007103964100173206,0.02843577977353968,0.043059600418324906,0.00013621151447296143,0.45719051361083984,0.9131593555212021,0.4565853964740231,0.0,0.0,1
2.29,PINN Conservative,0.25083459807080666,0.0006858542922964948,0.028556493291208376,0.04323397942661045,0.00013585388660430908,0.45694905519485474,0.9126811772584915,0.4563463043480487,0.0,0.0,1
2.295,PINN Conservative,0.2508285456188806,0.0006617084883573848,0.028677451421236896,0.04340912630414384,0.0001351386308670044,0.4567084312438965,0.9122052937746048,0.4561083596258574,0.0,0.0,1
2.3000000000000003,PINN Conservative,0.25082258864476514,0.0006379435859970349,0.02879866547972949,0.04358458633619117,0.0001350194215774536,0.4564692974090576,0.9117318540811539,0.4558716368141884,0.0,0.0,1
2.305,PINN Conservative,0.25081673665000154,0.0006145974909034066,0.02892013337940935,0.04375984382761988,0.0001345425844192505,0.4562312960624695,0.9112614542245865,0.4556364339399983,0.0,0.0,1
2.31,PINN Conservative,0.25081099830083065,0.0005917047763956561,0.029041864097573495,0.04393559666329944,0.00013430416584014893,0.45599526166915894,0.9107949584722519,0.4554031831423743,0.0,0.0,1
2.315,PINN Conservative,0.2508053534903803,0.0005691852276122508,0.029163835422548277,0.044111262841735055,0.00013406574726104736,0.4557601809501648,0.9103301018476486,0.4551707519188811,0.0,0.0,1
2.32,PINN Conservative,0.25079982254926386,0.000547119952013463,0.029286063622383764,0.04428774451880957,0.00013370811939239502,0.45552682876586914,0.9098692685365677,0.4549403323773453,0.0,0.0,1
2.325,PINN Conservative,0.2507943860716648,0.0005254315315468342,0.02940853614576673,0.04446400215109453,0.00013346970081329346,0.45529383420944214,0.9094090908765793,0.45471024066546184,0.0,0.0,1
2.33,PINN Conservative,0.25078904537019786,0.000504125202790397,0.029531253680921046,0.04464069490699307,0.00013335049152374268,0.45506179332733154,0.9089509099721909,0.4544811473438831,0.0,0.0,1
2.335,PINN Conservative,0.2507838253845443,0.00048330046073606837,0.029654230224771178,0.04481767727180791,0.00013299286365509033,0.4548317790031433,0.9084975272417068,0.45425445313930546,0.0,0.0,1
2.34,PINN Conservative,0.25077870888663484,0.0004628885752908614,0.029777449200766568,0.044994824461866034,0.0001332312822341919,0.4546034336090088,0.9080464094877243,0.45402889143716313,0.0,0.0,1
2.345,PINN Conservative,0.25077368009525974,0.0004428265884997739,0.029900899434884286,0.0451723222824959,0.00013287365436553955,0.45437610149383545,0.907598689198494,0.45380502848867366,0.0,0.0,1
2.35,PINN Conservative,0.25076877196003367,0.00042324595038419863,0.03002460451083045,0.04535011442656228,0.00013275444507598877,0.45414960384368896,0.9071520417928696,0.4535817019887062,0.0,0.0,1
2.355,PINN Conservative,0.25076396506768206,0.0004040692131384082,0.030148555471762376,0.045527906317685274,0.00013262033462524414,0.453924298286438,0.9067080914974213,0.45335972406071756,0.0,0.0,1
2.36,PINN Conservative,0.25075926547413235,0.00038532053643158934,0.030272744129611413,0.04570607679928196,0.00013262033462524414,0.45369982719421387,0.9062654972076416,0.4531384241440553,0.0,0.0,1
2.365,PINN Conservative,0.25075467784065864,0.0003670185160678284,0.030397176642495725,0.04588439971998565,0.0001322627067565918,0.4534774422645569,0.9058277308940887,0.45291953824574194,0.0,0.0,1
2.37,PINN Conservative,0.25075017740657257,0.00034906437113433274,0.03052183788008408,0.046062935729604015,0.00013250112533569336,0.45325618982315063,0.9053917825222015,0.4527015613296464,0.0,0.0,1
2.375,PINN Conservative,0.2507457955702169,0.0003315833629694063,0.030646749432344283,0.04624186703923516,0.00013250112533569336,0.45303601026535034,0.9049583971500397,0.45248486592946446,0.0,0.0,1
2.38,PINN Conservative,0.2507415166100463,0.0003145127716444218,0.030771891570079143,0.04642072018936788,0.00013273954391479492,0.45281726121902466,0.9045271873474121,0.4522692583276743,0.0,0.0,1
2.3850000000000002,PINN Conservative,0.25073734173426276,0.00029785741719120026,0.030897267704645882,0.04660003498006959,0.00013273954391479492,0.45259881019592285,0.9040980339050293,0.4520546789188845,0.0,0.0,1
2.39,PINN Conservative,0.25073327774459775,0.0002816444346080607,0.031022877076360315,0.04677968277186301,0.00013309717178344727,0.4523816704750061,0.9036708772182465,0.4518410979003996,0.0,0.0,1
2.395,PINN Conservative,0.25072930808420535,0.0002658077715975707,0.031148720350565554,0.04695907059537807,0.00013309717178344727,0.45216625928878784,0.9032471776008606,0.4516292454382632,0.0,0.0,1
2.4,PINN Conservative,0.25072545153242687,0.0002504223469362491,0.0312747961910194,0.047139052044922636,0.00013321638107299805,0.45195257663726807,0.9028274714946747,0.45141938975673646,0.0,0.0,1
2.4050000000000002,PINN Conservative,0.25072170409175365,0.0002354722128625165,0.031401104958424644,0.04731906968242683,0.0001334547996520996,0.4517393708229065,0.9024081528186798,0.4512097277927315,0.0,0.0,1
2.41,PINN Conservative,0.2507180571108609,0.00022092285556375504,0.03152764179734316,0.047499329918629096,0.0001335740089416504,0.4515272378921509,0.9019913673400879,0.45100133244329227,0.0,0.0,1
2.415,PINN Conservative,0.2507145197183878,0.0002068106930624742,0.03165441568465728,0.047679657894502125,0.00013381242752075195,0.4513161778450012,0.9015771150588989,0.4507942037084189,0.0,0.0,1
2.42,PINN Conservative,0.2507110853810926,0.00019310966147981695,0.03178139927911853,0.047860217959298235,0.00013405084609985352,0.45110607147216797,0.9011644423007965,0.4505878647449806,0.0,0.0,1
2.4250000000000003,PINN Conservative,0.25070776166142644,0.00017984993064866555,0.03190862238853231,0.04804128539161606,0.00013440847396850586,0.450897753238678,0.9007555842399597,0.45038343315406487,0.0,0.0,1
2.43,PINN Conservative,0.25070453164455764,0.00016696402011400272,0.032036057265614204,0.04822242022610179,0.00013488531112670898,0.45069074630737305,0.9003494679927826,0.45018037248714976,0.0,0.0,1
2.435,PINN Conservative,0.25070141864431517,0.000154544938651522,0.03216372238677613,0.04840326696677222,0.00013524293899536133,0.4504849314689636,0.8999453186988831,0.4499782953091916,0.0,0.0,1
2.44,PINN Conservative,0.25069840802802695,0.00014253431031122446,0.03229161232023627,0.048584953581849444,0.00013560056686401367,0.4502795934677124,0.8995426595211029,0.4497769631986251,0.0,0.0,1
2.445,PINN Conservative,0.2506954957832684,0.00013091612782543531,0.03241971229580044,0.04876647000627504,0.00013595819473266602,0.45007550716400146,0.8991423845291138,0.44957682319588516,0.0,0.0,1
2.45,PINN Conservative,0.25069269555825013,0.00011974483970907888,0.03254803595270288,0.048948136520212904,0.00013655424118041992,0.44987207651138306,0.8987433612346649,0.4493773090497542,0.0,0.0,1
2.455,PINN Conservative,0.250689991691091,0.00010895796405945986,0.03267657476477525,0.049130135516455675,0.00013715028762817383,0.449670672416687,0.8983481824398041,0.44917971717749366,0.0,0.0,1
2.46,PINN Conservative,0.2506873953390169,9.860001179406147e-05,0.032805327470442965,0.049312116165061814,0.00013774633407592773,0.44947052001953125,0.8979561626911163,0.4489837048481034,0.0,0.0,1
2.465,PINN Conservative,0.25068490225094575,8.865402353926652e-05,0.03293430020184521,0.04949438520446281,0.00013822317123413086,0.44927114248275757,0.8975656032562256,0.4487884226847569,0.0,0.0,1
2.47,PINN Conservative,0.25068251314284923,7.912285561046607e-05,0.03306348107951993,0.0496770296419205,0.00013870000839233398,0.44907253980636597,0.8971762657165527,0.4485937514766715,0.0,0.0,1
2.475,PINN Conservative,0.2506802397387641,7.005328017470801e-05,0.03319288592522877,0.04985940206150308,0.00013953447341918945,0.448874831199646,0.8967888057231903,0.44840001905349963,0.0,0.0,1
2.48,PINN Conservative,0.25067805929167253,6.13545497071922e-05,0.033322492171759824,0.05004233027803834,0.00014013051986694336,0.4486786127090454,0.8964045643806458,0.44820789597589367,0.0,0.0,1
2.485,PINN Conservative,0.25067598471889746,5.3078196900692144e-05,0.033452312004884216,0.05022515374805209,0.00014084577560424805,0.44848352670669556,0.896022379398346,0.44801680109128816,0.0,0.0,1
2.49,PINN Conservative,0.2506739951975949,4.514115057784127e-05,0.03358231962418176,0.05040829261441626,0.00014168024063110352,0.4482898712158203,0.8956436514854431,0.4478274347630312,0.0,0.0,1
2.495,PINN Conservative,0.25067212393095306,3.767587237251315e-05,0.033712546896005585,0.05059143213471634,0.0001423954963684082,0.4480970501899719,0.895265519618988,0.44763836646173094,0.0,0.0,1
2.5,PINN Conservative,0.25067035543608357,3.062059446069412e-05,0.03384298546746576,0.05077472438829217,0.00014322996139526367,0.44790518283843994,0.8948903977870941,0.4474508031965618,0.0,0.0,1
2.505,PINN Conservative,0.2506686918459855,2.398382628246196e-05,0.0339736206495674,0.0509583056877963,0.0001443028450012207,0.4477139115333557,0.8945155739784241,0.4472633889448709,0.0,0.0,1
2.5100000000000002,PINN Conservative,0.2506671149630446,1.769296981784369e-05,0.03410445847931482,0.05114221164777982,0.00014513731002807617,0.4475240111351013,0.8941440284252167,0.4470776138414416,0.0,0.0,1
2.515,PINN Conservative,0.2506656468779714,1.183615430284469e-05,0.03423549196794101,0.05132572328964213,0.0001456141471862793,0.4473351836204529,0.8937750160694122,0.44689310535257815,0.0,0.0,1
2.52,PINN Conservative,0.2506642804459647,6.38487608832093e-06,0.03436673222108616,0.05150966408680541,0.00014704465866088867,0.44714802503585815,0.8934082686901093,0.4467097293661499,0.0,0.0,1
2.525,PINN Conservative,0.2506630102077404,1.3173557683912468e-06,0.03449816047151115,0.05169394053821008,0.00014775991439819336,0.44696134328842163,0.8930434882640839,0.4465273368686786,0.0,0.0,1
2.5300000000000002,PINN Conservative,0.25066184943860714,3.3134458063646073e-06,0.034629792773921086,0.051878111736793964,0.0001488327980041504,0.44677579402923584,0.8926806151866913,0.44634589805746866,0.0,0.0,1
2.535,PINN Conservative,0.25066077449658253,7.601846555262423e-06,0.03476161523360956,0.05206253726579252,0.00014990568161010742,0.4465910792350769,0.8923193216323853,0.44616524901769383,0.0,0.0,1
2.54,PINN Conservative,0.25065980338537186,1.1476022043549249e-05,0.03489362799323464,0.052246951881952164,0.00015085935592651367,0.44640713930130005,0.8919596374034882,0.4459854046507019,0.0,0.0,1
2.545,PINN Conservative,0.2506589259471263,1.4976496248867117e-05,0.03502583849342358,0.052431418151044185,0.00015205144882202148,0.4462246298789978,0.8916027545928955,0.4458069610104063,0.0,0.0,1
2.5500000000000003,PINN Conservative,0.2506581538760507,1.805661601613756e-05,0.03515823661001824,0.052616207238690316,0.00015336275100708008,0.44604361057281494,0.8912486433982849,0.4456299031954591,0.0,0.0,1
2.555,PINN Conservative,0.25065747192791393,2.0777197064760622e-05,0.03529081571274916,0.05280094826174342,0.0001544356346130371,0.44586312770843506,0.8908960521221161,0.4454536053492514,0.0,0.0,1
2.56,PINN Conservative,0.2506568871580206,2.3110092784822374e-05,0.03542359327351257,0.052986244323815546,0.00015562772750854492,0.4456835985183716,0.8905450105667114,0.44527808237313093,0.0,0.0,1
2.565,PINN Conservative,0.2506563995514546,2.5055362683082636e-05,0.035556543074875865,0.05317109286035826,0.0001570582389831543,0.44550520181655884,0.8901961743831635,0.4451036620967501,0.0,0.0,1
2.57,PINN Conservative,0.2506560012176111,2.6644485736710285e-05,0.03568967823840557,0.05335630143511172,0.0001582503318786621,0.44532710313796997,0.8898485600948334,0.44492985277563046,0.0,0.0,1
2.575,PINN Conservative,0.2506557014044579,2.7840567870667513e-05,0.03582299738847536,0.0535416047122203,0.00015944242477416992,0.44515037536621094,0.8895029425621033,0.44475704184481557,0.0,0.0,1
2.58,PINN Conservative,0.2506555079280196,2.8612427639812813e-05,0.03595651128960904,0.053727022097995125,0.00016075372695922852,0.44497543573379517,0.8891609907150269,0.44458606377978405,0.0,0.0,1
2.585,PINN Conservative,0.2506553897181073,2.9084017237056134e-05,0.03609017715387369,0.05391219854495782,0.00016242265701293945,0.4448009133338928,0.8888196349143982,0.44441538374170925,0.0,0.0,1
2.59,PINN Conservative,0.2506553805596358,2.9120554273528217e-05,0.036224043712849215,0.054098010614924474,0.00016373395919799805,0.44462746381759644,0.8884809911251068,0.44424605972628717,0.0,0.0,1
2.595,PINN Conservative,0.2506554487559411,2.884849021807851e-05,0.036358073667689464,0.05428353727805424,0.0001652836799621582,0.44445449113845825,0.8881429433822632,0.44407703373782176,0.0,0.0,1
2.6,PINN Conservative,0.25065561693471233,2.8177553598213706e-05,0.03649228016267553,0.05446957340250902,0.00016695261001586914,0.4442827105522156,0.8878071904182434,0.4439091551531395,0.0,0.0,1
2.605,PINN Conservative,0.2506558697622221,2.7168917171899573e-05,0.03662664915101168,0.05465529539538594,0.00016838312149047852,0.444111704826355,0.8874727189540863,0.443741917326414,0.0,0.0,1
2.61,PINN Conservative,0.25065621563622187,2.5789078738113075e-05,0.03676120102699899,0.05484147453109761,0.0001698136329650879,0.4439423680305481,0.8871420919895172,0.4435766017735589,0.0,0.0,1
2.615,PINN Conservative,0.2506566522894679,2.404708329622007e-05,0.03689591654588875,0.05502720020062757,0.0001716017723083496,0.4437738060951233,0.8868126571178436,0.44341188227461714,0.0,0.0,1
2.62,PINN Conservative,0.25065717241308233,2.1972089067064988e-05,0.03703079833170156,0.05521324656108206,0.00017303228378295898,0.443605899810791,0.8864846527576447,0.4432478780403713,0.0,0.0,1
2.625,PINN Conservative,0.25065779557695855,1.948602342604612e-05,0.03716585812148036,0.05539958657942384,0.00017505884170532227,0.4434393048286438,0.8861587643623352,0.4430849318018216,0.0,0.0,1
2.63,PINN Conservative,0.25065848137344326,1.675008968144863e-05,0.037301059157598605,0.05558594158956298,0.00017660856246948242,0.4432727098464966,0.8858333230018616,0.4429222090834894,0.0,0.0,1
2.6350000000000002,PINN Conservative,0.2506592720746994,1.3595646203264272e-05,0.03743643760643748,0.05577234879137377,0.00017827749252319336,0.4431071877479553,0.8855099081993103,0.4427604996568098,0.0,0.0,1
2.64,PINN Conservative,0.2506601365210416,1.014700222407602e-05,0.037571970906861235,0.05595878583088498,0.00018006563186645508,0.4429433345794678,0.8851898014545441,0.4426004442797396,0.0,0.0,1
2.645,PINN Conservative,0.25066109501325096,6.323169296909823e-06,0.0377076659819498,0.05614534484302314,0.0001818537712097168,0.44278019666671753,0.88487109541893,0.4424410892660176,0.0,0.0,1
2.65,PINN Conservative,0.2506621381541988,2.161636563515757e-06,0.03784351902497207,0.05633164111075917,0.00018364191055297852,0.4426182508468628,0.8845546245574951,0.442282851853383,0.0,0.0,1
2.6550000000000002,PINN Conservative,0.25066326291592156,2.32551614217711e-06,0.037979531618111934,0.05651845219294327,0.0001856684684753418,0.4424564838409424,0.8842384815216064,0.44212477835557457,0.0,0.0,1
2.66,PINN Conservative,0.25066447128225733,7.146203193755755e-06,0.03811569454163316,0.05670500833776965,0.00018745660781860352,0.4422961473464966,0.8839248716831207,0.4419679714723319,0.0,0.0,1
2.665,PINN Conservative,0.25066576062797663,1.2289951434712428e-05,0.03825201192612046,0.056891732568130904,0.00018936395645141602,0.44213569164276123,0.8836112022399902,0.44181113478639356,0.0,0.0,1
2.67,PINN Conservative,0.2506671250164807,1.7733077248609976e-05,0.038388470750860125,0.057078648121826114,0.00019186735153198242,0.4419770836830139,0.88330078125,0.441655922347369,0.0,0.0,1
2.6750000000000003,PINN Conservative,0.250668566073622,2.348206685211494e-05,0.03852508379503818,0.0572653325605787,0.0001938939094543457,0.44181936979293823,0.8829923272132874,0.4415016933973014,0.0,0.0,1
2.68,PINN Conservative,0.25067010666574685,2.9628143822555714e-05,0.03866185487222534,0.05745230062651979,0.00019568204879760742,0.4416627287864685,0.8826866149902344,0.44134883537123437,0.0,0.0,1
2.685,PINN Conservative,0.25067171451446413,3.604253593431547e-05,0.03879875747242583,0.05763919613965701,0.00019806623458862305,0.44150644540786743,0.8823806047439575,0.441195828331689,0.0,0.0,1
2.69,PINN Conservative,0.2506733948254848,4.27460109816805e-05,0.038935801971739875,0.0578262005464652,0.00019997358322143555,0.44135117530822754,0.882076770067215,0.4410439090905355,0.0,0.0,1
2.695,PINN Conservative,0.2506751558026513,4.977129758023234e-05,0.03907299418041106,0.05801328666302086,0.00020200014114379883,0.4411964416503906,0.8817741870880127,0.44089261570599086,0.0,0.0,1
2.7,PINN Conservative,0.25067699180768654,5.7095902245186706e-05,0.03921033023718057,0.058200188872771175,0.00020450353622436523,0.4410424828529358,0.8814728856086731,0.4407419630794031,0.0,0.0,1
2.705,PINN Conservative,0.250678902363276,6.471792076620906e-05,0.03934779360966202,0.05838732009646286,0.00020688772201538086,0.4408900737762451,0.8811746537685394,0.44059284529164205,0.0,0.0,1
2.71,PINN Conservative,0.2506808976869325,7.267811514598755e-05,0.039485415432399085,0.05857486662166278,0.00020879507064819336,0.4407386779785156,0.8808787763118744,0.4404449047103598,0.0,0.0,1
2.715,PINN Conservative,0.2506829526599821,8.087627631458774e-05,0.03962315871083974,0.058761965296437624,0.00021141767501831055,0.44058758020401,0.8805826902389526,0.4402968598196427,0.0,0.0,1
2.72,PINN Conservative,0.2506850787081399,8.935798630762609e-05,0.03976102703922164,0.058949125325579554,0.0002136826515197754,0.4404371380805969,0.8802884519100189,0.44014973881249125,0.0,0.0,1
2.725,PINN Conservative,0.2506872823497316,9.814924949742131e-05,0.03989903818470027,0.05913625985373977,0.00021594762802124023,0.44028788805007935,0.8799960017204285,0.4400035118862098,0.0,0.0,1
2.73,PINN Conservative,0.25068955732000486,0.00010722507312347105,0.040037177535491256,0.05932342877512381,0.00021880865097045898,0.44013911485671997,0.8797044157981873,0.43985771709901544,0.0,0.0,1
2.735,PINN Conservative,0.2506918921783283,0.00011653981564317757,0.04017543973022817,0.0595107252048801,0.00022107362747192383,0.439991295337677,0.879414975643158,0.43971299520886503,0.0,0.0,1
2.74,PINN Conservative,0.25069431374380896,0.00012620046987649799,0.04031384254221536,0.05969850700802537,0.00022345781326293945,0.43984466791152954,0.8791279792785645,0.4395694952292369,0.0,0.0,1
2.745,PINN Conservative,0.2506967931389212,0.00013609183109653206,0.04045235987523406,0.05988547848167797,0.00022584199905395508,0.4396986961364746,0.878842294216156,0.4394266509089134,0.0,0.0,1
2.75,PINN Conservative,0.25069932699263153,0.0001462004508176399,0.04059098924103752,0.0600729737747166,0.00022858381271362305,0.43955332040786743,0.8785570561885834,0.4392840301088074,0.0,0.0,1
2.755,PINN Conservative,0.2507019264845399,0.0001565709292168908,0.040729741243058205,0.060260139406655644,0.00023134052753448486,0.4394088387489319,0.878274068236351,0.43914253436046274,0.0,0.0,1
2.7600000000000002,PINN Conservative,0.2507046144809928,0.00016729448987183465,0.04086863675048222,0.060447504673282415,0.00023408234119415283,0.43926477432250977,0.8779910057783127,0.43900100135874853,0.0,0.0,1
2.765,PINN Conservative,0.25070735717470105,0.00017823626113313028,0.04100763750727759,0.06063486138266294,0.00023670494556427002,0.4391216039657593,0.8777104765176773,0.43886073497160005,0.0,0.0,1
2.77,PINN Conservative,0.2507101534022106,0.00018939160148768585,0.04114674783284914,0.060822266346592935,0.00023968517780303955,0.4389798045158386,0.8774324208498001,0.4387217053963217,0.0,0.0,1
2.775,PINN Conservative,0.2507130079664983,0.0002007796720523663,0.04128597264065523,0.061009710207600765,0.00024230778217315674,0.4388387203216553,0.8771555870771408,0.43858328677630454,0.0,0.0,1
2.7800000000000002,PINN Conservative,0.2507159328600904,0.00021244831611279573,0.04142532110919777,0.06119714667114967,0.00024481117725372314,0.438697874546051,0.8768793791532516,0.4384451810845918,0.0,0.0,1
2.785,PINN Conservative,0.25071892475670166,0.00022438426370294923,0.04156477525997815,0.061384457128411174,0.00024791061878204346,0.4385583996772766,0.8766055852174759,0.4383082824020535,0.0,0.0,1
2.79,PINN Conservative,0.2507219588061472,0.0002364883768705827,0.04170433840689844,0.0615717354689409,0.0002506524324417114,0.4384189248085022,0.8763316124677658,0.43817129431142826,0.0,0.0,1
2.795,PINN Conservative,0.25072504670263174,0.00024880730876966736,0.041843993996745724,0.06175916223350386,0.0002478063106536865,0.4382801651954651,0.8760590106248856,0.43803499168280324,0.0,0.0,1
2.8000000000000003,PINN Conservative,0.2507282108948514,0.0002614306167935719,0.04198378078242272,0.061946650415037,0.00023990869522094727,0.4381428360939026,0.875789150595665,0.4379000599781789,0.0,0.0,1
2.805,PINN Conservative,0.2507314181050381,0.00027422554177683825,0.04212364682937239,0.062133727585361787,0.00023216009140014648,0.4380062222480774,0.8755208104848862,0.437765888242294,0.0,0.0,1
2.81,PINN Conservative,0.2507346772679218,0.00028722772815653456,0.04226362547143629,0.06232136290645568,0.0002243518829345703,0.43787050247192383,0.8752541989088058,0.4376325807845834,0.0,0.0,1
2.815,PINN Conservative,0.2507379815370232,0.00030040986241539107,0.0424036924532451,0.06250849750557019,0.00021708011627197266,0.43773502111434937,0.8749871701002121,0.4374990647080031,0.0,0.0,1
2.82,PINN Conservative,0.2507413533908708,0.00031386162096051757,0.042543875853355895,0.06269575959525714,0.00020945072174072266,0.43760043382644653,0.8747226446866989,0.43736680034464076,0.0,0.0,1
2.825,PINN Conservative,0.250744772096117,0.0003275002896537776,0.04268414609200069,0.06288303231765158,0.00020194053649902344,0.43746644258499146,0.8744591921567917,0.4372350724298004,0.0,0.0,1
2.83,PINN Conservative,0.25074823947252334,0.00034133312829727925,0.04282451156321609,0.06307017875403675,0.0001946091651916504,0.43733280897140503,0.8741961568593979,0.4371035531338297,0.0,0.0,1
2.835,PINN Conservative,0.25075175927894133,0.00035537513254798827,0.04296497461729446,0.06325738568834371,0.00018712878227233887,0.437200665473938,0.8739362508058548,0.4369735984793814,0.0,0.0,1
2.84,PINN Conservative,0.25075532061171846,0.00036958280310023776,0.04310551918827074,0.06344454771204544,0.000179976224899292,0.437069296836853,0.873677209019661,0.4368440759640203,0.0,0.0,1
2.845,PINN Conservative,0.2507589283931601,0.00038397577712297805,0.04324615596700071,0.06363223338527058,0.00017258524894714355,0.43693840503692627,0.8734195977449417,0.4367152687133551,0.0,0.0,1
2.85,PINN Conservative,0.250762585815307,0.00039856678902383167,0.043386891211313144,0.06381892509353604,0.00016546249389648438,0.43680816888809204,0.873163029551506,0.4365869830098641,0.0,0.0,1
2.855,PINN Conservative,0.2507662825413175,0.000413314600746475,0.04352769691726436,0.06400605106376589,0.00015860795974731445,0.43667829036712646,0.8729066699743271,0.4364588016158079,0.0,0.0,1
2.86,PINN Conservative,0.25077002620822314,0.0004282496796569249,0.04366859168223845,0.06419306106156147,0.00015178322792053223,0.43654924631118774,0.8726519495248795,0.4363314397958825,0.0,0.0,1
2.865,PINN Conservative,0.2507738041671905,0.0004433215641807626,0.04380955966365236,0.06437973541091785,0.00014451146125793457,0.4364209771156311,0.87239970266819,0.4362053147878272,0.0,0.0,1
2.87,PINN Conservative,0.25077763190110763,0.00045859202214133734,0.04395062112047295,0.06456718109478238,0.00013813376426696777,0.4362936019897461,0.8721477538347244,0.4360793387932502,0.0,0.0,1
2.875,PINN Conservative,0.25078148848271825,0.0004739775658157356,0.04409174726009484,0.06475382017162334,0.00013139843940734863,0.43616700172424316,0.8718977123498917,0.43595431648493455,0.0,0.0,1
2.88,PINN Conservative,0.250785401849835,0.0004895896510165055,0.04423296916072422,0.06494084698015584,0.0001245737075805664,0.4360407590866089,0.8716485947370529,0.4358297561184017,0.0,0.0,1
2.8850000000000002,PINN Conservative,0.2507893414692478,0.0005053064677874464,0.04437424859210095,0.06512761257793026,0.0001182258129119873,0.43591535091400146,0.8714006692171097,0.4357057918057821,0.0,0.0,1
2.89,PINN Conservative,0.25079330713213144,0.0005211271830359141,0.04451559962989946,0.06531432912079588,0.0001119077205657959,0.4357903003692627,0.8711530715227127,0.4355819914079887,0.0,0.0,1
2.895,PINN Conservative,0.2507973194674209,0.0005371340943540552,0.044657032204084755,0.06550099031123113,0.00010567903518676758,0.4356657862663269,0.8709066957235336,0.43545880196545644,0.0,0.0,1
2.9,PINN Conservative,0.25080136191827046,0.0005532611494451015,0.04479852190264793,0.06568753875657857,9.885430335998535e-05,0.4355424642562866,0.8706633001565933,0.4353371026577074,0.0,0.0,1
2.9050000000000002,PINN Conservative,0.25080543446976383,0.0005695082888016288,0.044940093442356846,0.0658743342853178,9.292364120483398e-05,0.4354199171066284,0.8704206794500351,0.43521579078500205,0.0,0.0,1
2.91,PINN Conservative,0.25080953667441885,0.0005858737272270438,0.04508171610935006,0.06606071674989905,8.681416511535645e-05,0.4352976083755493,0.8701784759759903,0.43509468753116637,0.0,0.0,1
2.915,PINN Conservative,0.25081366802508887,0.0006023554414977138,0.045223403727687635,0.06624716871290398,8.082389831542969e-05,0.4351760745048523,0.8699377030134201,0.4349742995420266,0.0,0.0,1
2.92,PINN Conservative,0.25081783446583067,0.0006189771449833449,0.04536515719578175,0.06643357364288605,7.510185241699219e-05,0.4350548982620239,0.8696968853473663,0.43485388920086515,0.0,0.0,1
2.9250000000000003,PINN Conservative,0.25082202175179047,0.0006356820089059287,0.045506966702801716,0.0666198144979937,6.887316703796387e-05,0.4349343776702881,0.8694584965705872,0.434734693319552,0.0,0.0,1
2.93,PINN Conservative,0.2508262464025238,0.0006525359367958874,0.0456488489738147,0.06680648467637185,6.324052810668945e-05,0.4348143935203552,0.8692203462123871,0.43461561664902154,0.0,0.0,1
2.935,PINN Conservative,0.25083048690904725,0.0006694531201735398,0.045790768179988325,0.06699234718454655,5.754828453063965e-05,0.4346960783004761,0.8689855933189392,0.434498238732144,0.0,0.0,1
2.94,PINN Conservative,0.250834748312995,0.0006864536722614721,0.04593274866736334,0.06717855614182539,5.179643630981445e-05,0.4345777630805969,0.8687507808208466,0.4343808310125708,0.0,0.0,1
2.945,PINN Conservative,0.2508390520786022,0.0007036232230188643,0.04607479211439839,0.0673643388225304,4.661083221435547e-05,0.4344593286514282,0.8685150444507599,0.4342629613512148,0.0,0.0,1
2.95,PINN Conservative,0.2508433471183042,0.0007207579624307253,0.046216860246545255,0.06755053181551257,4.0978193283081055e-05,0.4343424439430237,0.868283212184906,0.4341470437664248,0.0,0.0,1
2.955,PINN Conservative,0.2508476890243209,0.0007380796714972582,0.046359007601464976,0.06773631058894941,3.552436828613281e-05,0.43422597646713257,0.8680517971515656,0.4340313348005045,0.0,0.0,1
2.96,PINN Conservative,0.25085203740391526,0.0007554272064171591,0.04650118162732633,0.06792203281476378,3.0279159545898438e-05,0.4341094493865967,0.8678200542926788,0.43391546191975805,0.0,0.0,1
2.965,PINN Conservative,0.2508564060992068,0.0007728557892903509,0.046643410427736356,0.06810775196050767,2.518296241760254e-05,0.4339938759803772,0.8675895929336548,0.4338002297969684,0.0,0.0,1
2.97,PINN Conservative,0.2508607915005049,0.0007903510195263587,0.04678567963129441,0.06829354369400475,2.0265579223632812e-05,0.43387919664382935,0.8673613369464874,0.43368610037391836,0.0,0.0,1
2.975,PINN Conservative,0.25086519430886517,0.0008079156939340352,0.04692799990227109,0.06847905402528176,1.5348196029663086e-05,0.4337652921676636,0.8671342730522156,0.43357256700478164,0.0,0.0,1
2.98,PINN Conservative,0.250869604560348,0.0008255100621220657,0.04707034187528515,0.06866429689370418,1.049041748046875e-05,0.43365180492401123,0.8669081032276154,0.43345948067607987,0.0,0.0,1
2.985,PINN Conservative,0.25087403133884445,0.0008431703635937875,0.04721273015120811,0.06884951278838625,5.692243576049805e-06,0.43353861570358276,0.866682231426239,0.4333465433608565,0.0,0.0,1
2.99,PINN Conservative,0.2508784737941381,0.0008608932064745217,0.047355159311641346,0.06903500179262184,9.238719940185547e-07,0.4334257245063782,0.8664571642875671,0.4332340083820245,0.0,0.0,1
2.995,PINN Conservative,0.25088290740419794,0.0008785807619571963,0.04749760365892736,0.06922008050265621,-3.5762786865234375e-06,0.433313250541687,0.8662324249744415,0.4331216373180187,0.0,3.576323479828794e-06,1
3.0,PINN Conservative,0.25088737280041845,0.000896395125948615,0.04764010489920897,0.06940495772081551,-8.374452590942383e-06,0.43320202827453613,0.8660106062889099,0.4330107265861005,0.0,8.374557481932426e-06,1
3.005,PINN Conservative,0.2508918347211929,0.0009141956249081823,0.04778262719876209,0.0695898565993967,-1.2576580047607422e-05,0.43309152126312256,0.8657895028591156,0.4329001734865303,0.0,1.2576737570731258e-05,1
3.0100000000000002,PINN Conservative,0.25089630811243085,0.0009320418844232026,0.04792517790148561,0.06977482579326494,-1.6748905181884766e-05,0.43298161029815674,0.8655692040920258,0.4327900227233516,0.0,1.6749114963864852e-05,1
3.015,PINN Conservative,0.2509007780431389,0.0009498743384131315,0.04806775301682856,0.06995924147227212,-2.1070241928100586e-05,0.43287181854248047,0.8653496503829956,0.4326802444938687,0.0,2.1070505835324646e-05,1
3.02,PINN Conservative,0.25090525851951345,0.0009677488635504781,0.048210356214847344,0.07014429773778774,-2.4974346160888672e-05,0.4327622056007385,0.8651302754878998,0.43257055567247277,0.0,2.4974658967471076e-05,1
3.025,PINN Conservative,0.25090973866773436,0.0009856220795433166,0.04835297507966469,0.07032853627440472,-2.8967857360839844e-05,0.432653546333313,0.8649125397205353,0.43246168642520766,0.0,2.896822018661323e-05,1
3.0300000000000002,PINN Conservative,0.2509142135207479,0.0010034741707026387,0.048495619169956886,0.07051273198287722,-3.2961368560791016e-05,0.43254488706588745,0.8646946847438812,0.4323527575725512,0.0,3.296178140575539e-05,1
3.035,PINN Conservative,0.2509187042668417,0.001021389666116222,0.04863829191018062,0.07069693907242053,-3.707408905029297e-05,0.4324377179145813,0.8644803911447525,0.43224560943096074,0.0,3.70745534075585e-05,1
3.04,PINN Conservative,0.2509231832739827,0.001039258329856219,0.048780975932429554,0.07088122582559542,-4.075467586517334e-05,0.4323309063911438,0.8642656803131104,0.43213825267050066,0.0,4.075518632221563e-05,1
3.045,PINN Conservative,0.25092766610709755,0.001057142257032383,0.04892368103836089,0.07106553575981972,-4.394352436065674e-05,0.4322245121002197,0.8640514314174652,0.4320311268809319,0.0,4.39440747583963e-05,1
3.0500000000000003,PINN Conservative,0.2509321379321473,0.0010749822683568902,0.04906638850254385,0.07124958456527986,-4.817545413970947e-05,0.4321185350418091,0.8638392984867096,0.43192505908705936,0.0,4.817605754286038e-05,1
3.055,PINN Conservative,0.25093661381437016,0.0010928384654697947,0.04920912575628569,0.0714330243166893,-5.145370960235596e-05,0.4320129156112671,0.8636269271373749,0.4318188720824041,0.0,5.145435406603677e-05,1
3.06,PINN Conservative,0.2509410729234641,0.0011106277474404605,0.04935186116173111,0.07161666897729063,-5.504488945007324e-05,0.431907594203949,0.8634153455495834,0.4317130799634664,0.0,5.504557889369819e-05,1
3.065,PINN Conservative,0.2509455302650029,0.0011284099778819025,0.04949460253748905,0.07180031186914876,-5.793571472167969e-05,0.4318026900291443,0.8632036596536636,0.4316072356898113,0.0,5.793644037322646e-05,1
3.0700000000000003,PINN Conservative,0.250949973965789,0.0011461377895616894,0.04963735809174751,0.07198380536723481,-6.140768527984619e-05,0.43169891834259033,0.8629948198795319,0.4315028144948742,0.0,6.140845441822692e-05,1
3.075,PINN Conservative,0.2509544154664537,0.0011638568240217545,0.04978012255204257,0.0721669919978909,-6.438791751861572e-05,0.43159550428390503,0.8627866804599762,0.4313987434816112,0.0,6.438872398475091e-05,1
3.08,PINN Conservative,0.2509588312368851,0.0011814732096420409,0.049922871162295275,0.07235029972815249,-6.76959753036499e-05,0.4314926266670227,0.8625794649124146,0.431295134410131,0.0,6.769682320359254e-05,1
3.085,PINN Conservative,0.25096323654368835,0.0011990478514008708,0.05006563676395565,0.07253295560653256,-7.051229476928711e-05,0.43139028549194336,0.8623728305101395,0.43119181591493355,0.0,7.051317794395773e-05,1
3.09,PINN Conservative,0.25096764042600617,0.0012166168102817445,0.05020840346264005,0.07271606421838855,-7.31050968170166e-05,0.43128788471221924,0.8621658533811569,0.43108832605423597,0.0,7.31060124668336e-05,1
3.095,PINN Conservative,0.2509720192045659,0.0012340856195987794,0.05035116357671966,0.07289869590164899,-7.581710815429688e-05,0.4311859607696533,0.8619599491357803,0.43098537264206044,0.0,7.581805777237044e-05,1
3.1,PINN Conservative,0.2509763948880397,0.0012515420813020196,0.05049392830299966,0.07308134647611275,-7.824599742889404e-05,0.4310848116874695,0.8617555499076843,0.4308831717479504,0.0,7.824697746908749e-05,1
3.105,PINN Conservative,0.2509807321253243,0.001268845164811197,0.05063667404309758,0.07326373814301435,-8.110702037811279e-05,0.43098437786102295,0.8615525364875793,0.43078166376651456,0.0,8.110803625295052e-05,1
3.11,PINN Conservative,0.25098505440178337,0.0012860885632267533,0.05077941618464001,0.07344611119151723,-8.337199687957764e-05,0.43088436126708984,0.8613499999046326,0.4306803942066441,0.0,8.337304112350876e-05,1
3.115,PINN Conservative,0.2509893633432694,0.0013032787627653552,0.05092215388289143,0.07362819926207104,-8.545815944671631e-05,0.4307847023010254,0.8611479997634888,0.4305793928710346,0.0,8.545922982007555e-05,1
3.12,PINN Conservative,0.2509936373662185,0.0013203296574146295,0.05106487070927021,0.07381009361381613,-8.80509614944458e-05,0.43068546056747437,0.8609472215175629,0.4304790024906862,0.0,8.805206434295143e-05,1
3.125,PINN Conservative,0.25099789909831993,0.00133733151864707,0.05120758262922195,0.07399206769491262,-8.99285078048706e-05,0.43058645725250244,0.8607460856437683,0.43037843329416386,0.0,8.992963416986155e-05,1
3.13,PINN Conservative,0.25100214129036014,0.0013542554262677639,0.05135028205789232,0.07417377234831263,-9.234249591827393e-05,0.4304879307746887,0.8605467975139618,0.43027878798120717,0.0,9.234365251874598e-05,1
3.1350000000000002,PINN Conservative,0.25100634984664616,0.0013710451465647506,0.05149297091349667,0.07435531663667605,-9.399652481079102e-05,0.43038976192474365,0.8603468537330627,0.4301788148385981,0.0,9.39977021281668e-05,1
3.14,PINN Conservative,0.25101052656456513,0.0013877078500794447,0.05163562201743819,0.07453655337245985,-9.591877460479736e-05,0.4302927851676941,0.8601498156785965,0.43008029457740277,0.0,9.591997599857478e-05,1
3.145,PINN Conservative,0.25101467942421857,0.001404275372829574,0.05177826746762007,0.07471800940317125,-9.794533252716064e-05,0.4301956295967102,0.859952762722969,0.42998176686553347,0.0,9.79465593038111e-05,1
3.15,PINN Conservative,0.25101879773077906,0.0014207050486016732,0.05192088314356997,0.07489908309268645,-9.971857070922852e-05,0.4300994873046875,0.8597573637962341,0.42988406617846886,0.0,9.971981969589287e-05,1
3.1550000000000002,PINN Conservative,0.25102288827851965,0.0014370239826394628,0.052063479730675,0.07507997196553512,-0.0001014024019241333,0.4300028681755066,0.8595608025789261,0.42978578433883885,0.0,0.00010140367200097893,1
3.16,PINN Conservative,0.2510269483154242,0.001453221195980638,0.052206054199959766,0.07526073742271205,-0.00010295212268829346,0.4299071431159973,0.8593660145998001,0.4296883891294048,0.0,0.0001029534121755714,1
3.165,PINN Conservative,0.2510309721808414,0.0014692741058803854,0.05234859508335697,0.07544127201651374,-0.00010399520397186279,0.42981135845184326,0.8591702431440353,0.4295905021754924,0.0,0.0001039965065238548,1
3.17,PINN Conservative,0.25103497045772805,0.0014852249322526902,0.05249112329792148,0.0756218416403508,-0.00010538101196289062,0.4297163486480713,0.8589766025543213,0.4294936806679499,0.0,0.00010538233187228845,1
3.1750000000000003,PINN Conservative,0.2510389171921097,0.0015009701336592554,0.05263360121683742,0.07580199332679055,-0.00010666251182556152,0.4296218752861023,0.8587839305400848,0.42939734345421204,0.0,0.00010666384778589378,1
3.18,PINN Conservative,0.25104283778606595,0.0015166110497953518,0.05277606022054195,0.07598232489129242,-0.0001077502965927124,0.4295281767845154,0.8585924953222275,0.4293016246464092,0.0,0.00010775164617767504,1
3.185,PINN Conservative,0.2510467028549245,0.0015320304527100031,0.052918471847608506,0.07616215264083431,-0.00010885298252105713,0.4294343590736389,0.8584007173776627,0.4292057344731063,0.0,0.00010885434591728891,1
3.19,PINN Conservative,0.2510505419548925,0.0015473462546798196,0.05306085728380503,0.07634190700551652,-0.00010980665683746338,0.429341197013855,0.8582102209329605,0.42911048505776017,0.0,0.00010980803217857659,1
3.1950000000000003,PINN Conservative,0.25105433084734446,0.0015624617575221793,0.05320319926369809,0.07652168682455635,-0.00011055171489715576,0.4292481541633606,0.8580198734998703,0.42901531014915323,0.0,0.0001105530995702076,1
3.2,PINN Conservative,0.2510580811966528,0.0015774234953779772,0.053345507053490976,0.07670099608871422,-0.0001115649938583374,0.42915529012680054,0.8578300327062607,0.42892038856345943,0.0,0.00011156639122282575,1
3.205,PINN Conservative,0.25106179139933904,0.0015922250712899109,0.05348777485136839,0.07688010475248275,-0.00011214613914489746,0.42906302213668823,0.8576407134532928,0.4288257277513527,0.0,0.00011214754378829793,1
3.21,PINN Conservative,0.2510654489482726,0.001606816588996562,0.05362999719047039,0.07705949698868703,-0.00011269748210906982,0.42897123098373413,0.8574526757001877,0.4287317076972028,0.0,0.00011269889365810487,1
3.215,PINN Conservative,0.25106905896712595,0.0016212184890058128,0.05377217185225267,0.07723792920505218,-0.00011335313320159912,0.42888039350509644,0.8572664111852646,0.4286385742732489,0.0,0.00011335455296274014,1
3.22,PINN Conservative,0.2510726276908193,0.001635455645065089,0.05391431168362598,0.07741661128817923,-0.00011394917964935303,0.42878925800323486,0.8570792376995087,0.42854498635818616,0.0,0.00011395060687604495,1
3.225,PINN Conservative,0.251076140486681,0.0016494696812261638,0.05405639513757961,0.07759548534058552,-0.0001141279935836792,0.42869871854782104,0.8568930923938751,0.4284519125396236,0.0,0.00011412942305003639,1
3.23,PINN Conservative,0.2510795973025046,0.001663260389215488,0.05419842396699005,0.07777363842152679,-0.00011418759822845459,0.4286085367202759,0.8567076623439789,0.4283591963534091,0.0,0.00011418902844136687,1
3.235,PINN Conservative,0.2510830017256068,0.001676842080364172,0.05434040350161863,0.07795159508949423,-0.00011467933654785156,0.42851823568344116,0.8565223067998886,0.4282665174205641,0.0,0.00011468077291984333,1
3.24,PINN Conservative,0.25108636418232566,0.0016902563497675483,0.05448233571010828,0.07812977693570794,-0.00011464953422546387,0.4284287095069885,0.8563379794359207,0.4281743525842193,0.0,0.00011465097022417808,1
3.245,PINN Conservative,0.25108966561737245,0.0017034271777776958,0.05462420910984067,0.07830735117623805,-0.00011458992958068848,0.42833930253982544,0.8561539798974991,0.4280823516627007,0.0,0.00011459136483284761,1
3.25,PINN Conservative,0.2510929078355924,0.0017163617646895196,0.05476602417233458,0.07848491553053288,-0.00011458992958068848,0.42825067043304443,0.8559712320566177,0.4279909765977911,0.0,0.00011459136483284761,1
3.255,PINN Conservative,0.2510960998985025,0.001729096260746771,0.0549077866190845,0.07866224888313539,-0.0001141279935836792,0.4281623959541321,0.8557888567447662,0.42789978779972937,0.0,0.00011412942305003639,1
3.2600000000000002,PINN Conservative,0.2510992263082985,0.001741568838619341,0.055049483504970645,0.0788396402452824,-0.00011421740055084229,0.42807406187057495,0.8556070327758789,0.42780887467660256,0.0,0.0001142188311370321,1
3.265,PINN Conservative,0.25110230254041066,0.0017538412363779742,0.055191134662817165,0.07901663765415878,-0.00011377036571502686,0.42798638343811035,0.8554259836673737,0.4277183489885194,0.0,0.00011377179070205351,1
3.27,PINN Conservative,0.2511053073767188,0.0017658288059204871,0.055332707050504915,0.07919363018740577,-0.00011307001113891602,0.4278985857963562,0.8552440851926804,0.427627398612023,0.0,0.00011307142735392037,1
3.275,PINN Conservative,0.2511082555766817,0.0017775904290026766,0.055474215502459324,0.07936999248704385,-0.00011272728443145752,0.4278113842010498,0.8550640940666199,0.4275374019217879,0.0,0.0001127286963537701,1
3.2800000000000002,PINN Conservative,0.2511111285474088,0.0017890519306795313,0.05561565504922151,0.07954612434098574,-0.00011195242404937744,0.42772454023361206,0.854884147644043,0.4274474275835745,0.0,0.00011195382626647386,1
3.285,PINN Conservative,0.25111393738646165,0.0018002575838421597,0.055757019330640534,0.07972237386587877,-0.00011152029037475586,0.42763805389404297,0.8547053784132004,0.42735804184860054,0.0,0.00011152168717932789,1
3.29,PINN Conservative,0.2511166987103504,0.0018112736788141479,0.05589833585382396,0.0798984446607503,-0.00011083483695983887,0.4275522828102112,0.8545277863740921,0.427269244716866,0.0,0.00011083622517902737,1
3.295,PINN Conservative,0.25111937420713054,0.0018219473729602779,0.05603956495188365,0.08007409992152376,-0.00010973215103149414,0.4274665117263794,0.85434989631176,0.42718029857165307,0.0,0.0001097335254394135,1
3.3000000000000003,PINN Conservative,0.25112198443861455,0.0018323606960926094,0.05618072333775691,0.08024977921427873,-0.00010925531387329102,0.4273805618286133,0.8541722595691681,0.42709147908789674,0.0,0.00010925668230876965,1
3.305,PINN Conservative,0.25112452673482466,0.0018425029965345768,0.056321814257711815,0.08042516944050637,-0.00010800361633300781,0.4272953271865845,0.8539948165416718,0.4270027564629013,0.0,0.00010800496909082957,1
3.31,PINN Conservative,0.251126984725366,0.0018523089658211414,0.05646280807606547,0.08060038584537066,-0.00010693073272705078,0.4272100329399109,0.8538176715373993,0.4269141828513842,0.0,0.00010693207204688094,1
3.315,PINN Conservative,0.25112938282785713,0.0018618760162140491,0.056603743321083325,0.08077543001867105,-0.00010579824447631836,0.4271252751350403,0.853641539812088,0.42682611588569347,0.0,0.00010579956961160182,1
3.3200000000000003,PINN Conservative,0.25113171163771125,0.0018711666288180593,0.05674459349586408,0.08094993394978317,-0.00010453164577484131,0.4270411729812622,0.8534669429063797,0.426738816339416,0.0,0.00010453295504582912,1
3.325,PINN Conservative,0.2511339473115789,0.0018800856823751458,0.056885357297879746,0.0811245323056417,-0.00010332465171813965,0.42695748805999756,0.8532926440238953,0.42665166580661695,0.0,0.0001033259458713869,1
3.33,PINN Conservative,0.25113612230684423,0.0018887626631900495,0.05702604409183173,0.08129884248881103,-0.00010176002979278564,0.4268736243247986,0.8531179875135422,0.4265643364576439,0.0,0.00010176130434896181,1
3.335,PINN Conservative,0.2511382144433003,0.001897109084987314,0.05716664672510378,0.08147280646008664,-0.00010040402412414551,0.42679017782211304,0.8529443740844727,0.426477528655845,0.0,0.00010040528169619339,1
3.34,PINN Conservative,0.25114022536917374,0.0019051315232436344,0.05730715835644059,0.08164693187009059,-9.909272193908691e-05,0.4267071485519409,0.8527716398239136,0.4263911604438071,0.0,9.909396308692283e-05,1
3.345,PINN Conservative,0.2511421564119953,0.0019128352740435815,0.05744758046345382,0.08182053645669668,-9.728968143463135e-05,0.426624059677124,0.8525978177785873,0.42630424833257335,0.0,9.729089999917581e-05,1
3.35,PINN Conservative,0.2511439922604117,0.0019201592538894403,0.057587906549342455,0.08199380033646375,-9.563565254211426e-05,0.42654067277908325,0.852424144744873,0.4262174107280787,0.0,9.5636850389755e-05,1
3.355,PINN Conservative,0.2511457551841263,0.0019271923060958976,0.05772814485061842,0.0821670494818259,-9.37730073928833e-05,0.42645877599716187,0.8522528856992722,0.4261317801327586,0.0,9.377418191067751e-05,1
3.36,PINN Conservative,0.25114744258774174,0.001933924076519301,0.05786830269704739,0.08234007794217846,-9.176135063171387e-05,0.4263768196105957,0.8520817160606384,0.42604619424148193,0.0,9.17624999532738e-05,1
3.365,PINN Conservative,0.2511490349535708,0.00194027670080749,0.05800835236825393,0.08251282763978024,-9.006261825561523e-05,0.42629528045654297,0.8519114553928375,0.4259610628413142,0.0,9.006374630035513e-05,1
3.37,PINN Conservative,0.25115054414735305,0.0019462975164400698,0.05814831332896607,0.08268536526615039,-8.799135684967041e-05,0.426213800907135,0.8517409265041351,0.4258757973290159,0.0,8.799245895162095e-05,1
3.375,PINN Conservative,0.25115195736363605,0.0019519354370233046,0.05828816915033069,0.08285784775118532,-8.600950241088867e-05,0.4261319637298584,0.8515695482492447,0.42579010712830445,0.0,8.601057968988249e-05,1
3.38,PINN Conservative,0.2511532869305577,0.0019572396447405955,0.058427928550708996,0.08302981623795208,-8.384883403778076e-05,0.42605090141296387,0.8513997793197632,0.42570522160037594,0.0,8.38498842541526e-05,1
3.3850000000000002,PINN Conservative,0.2511545196175575,0.001962157357260978,0.058567581366486425,0.08320176724072342,-8.162856101989746e-05,0.42596983909606934,0.8512299507856369,0.4256203062697517,0.0,8.162958342709222e-05,1
3.39,PINN Conservative,0.2511556733985085,0.0019667602800056854,0.058707146068571775,0.0833731672141872,-7.946789264678955e-05,0.425889253616333,0.8510611355304718,0.42553589758495386,0.0,7.946888799136232e-05,1
3.395,PINN Conservative,0.2511567212380208,0.0019709405573101763,0.05884659634235245,0.08354459280438326,-7.711350917816162e-05,0.42580896615982056,0.850892961025238,0.4254518092791344,0.0,7.711447503380837e-05,1
3.4,PINN Conservative,0.25115767625478413,0.001974750525205491,0.05898593674649625,0.08371592628939611,-7.46697187423706e-05,0.4257292151451111,0.8507252931594849,0.4253679742962281,0.0,7.467065398925869e-05,1
3.4050000000000002,PINN Conservative,0.25115853823251555,0.0019781893208468244,0.05912517488588311,0.08388684836555926,-7.206201553344727e-05,0.42564958333969116,0.8505580574274063,0.42528435538286535,0.0,7.20629181185502e-05,1
3.41,PINN Conservative,0.2511592984229356,0.0019812220436281726,0.05926429968250135,0.08405737342762509,-6.942451000213623e-05,0.4255697727203369,0.8503901958465576,0.4252004235411981,0.0,6.942537955217647e-05,1
3.415,PINN Conservative,0.251159969683703,0.001983899988216599,0.05940332114529775,0.08422816715930503,-6.708502769470215e-05,0.425490140914917,0.850223109126091,0.4251168791345745,0.0,6.708586794245513e-05,1
3.42,PINN Conservative,0.25116054144677696,0.0019861809942042143,0.059542231679462744,0.08439833695540822,-6.461143493652344e-05,0.42541104555130005,0.8500570803880692,0.425033863725799,0.0,6.461224420224021e-05,1
3.4250000000000003,PINN Conservative,0.2511610018837082,0.001988017872878202,0.05968102007755374,0.08456794387821853,-6.173551082611084e-05,0.425331711769104,0.8498900532722473,0.4249503491218711,0.0,6.173628407054456e-05,1
3.43,PINN Conservative,0.25116136001872347,0.0019894466257155243,0.05981968578327809,0.0847380923917983,-5.860626697540283e-05,0.4252532124519348,0.8497245609760284,0.4248676019373565,0.0,5.860700102569436e-05,1
3.435,PINN Conservative,0.25116163298293753,0.001990535596016448,0.0599582628991248,0.08490748722023178,-5.568563938140869e-05,0.4251750707626343,0.8495595157146454,0.4247850782730595,0.0,5.568633685050084e-05,1
3.44,PINN Conservative,0.25116177038984133,0.001991083770574391,0.060096684590711914,0.08507667990808288,-5.2809715270996094e-05,0.42509686946868896,0.8493948578834534,0.42470274832628424,0.0,5.281037671880519e-05,1
3.4450000000000003,PINN Conservative,0.251161834402187,0.001991339143036089,0.06023502026185837,0.08524561228590094,-4.996359348297119e-05,0.425018846988678,0.8492307215929031,0.4246206791530961,0.0,4.996421928277478e-05,1
3.45,PINN Conservative,0.2511617719784036,0.0019910901080247116,0.060373210353568185,0.08541410696827045,-4.680454730987549e-05,0.42494088411331177,0.8490661531686783,0.42453839391036435,0.0,4.680513354225934e-05,1
3.455,PINN Conservative,0.2511616025615979,0.0019904142323590632,0.060511282280169394,0.08558290071741054,-4.400312900543213e-05,0.424862802028656,0.848901703953743,0.42445616827302396,0.0,4.400368014972679e-05,1
3.46,PINN Conservative,0.25116132154270215,0.001989293128508385,0.0606492287327357,0.08575106446803865,-4.0665268898010254e-05,0.42478519678115845,0.8487376719713211,0.42437415125455324,0.0,4.066577823521991e-05,1
3.465,PINN Conservative,0.25116094505345377,0.0019877911528317724,0.0607870614049328,0.08591933002816876,-3.746151924133301e-05,0.4247080683708191,0.8485748469829559,0.4242927377406697,0.0,3.746198845120662e-05,1
3.47,PINN Conservative,0.25116044150905925,0.001985782300159636,0.06092475428210165,0.08608718199606574,-3.4049153327941895e-05,0.42463117837905884,0.8484122902154922,0.4242114583389167,0.0,3.404957979753664e-05,1
3.475,PINN Conservative,0.2511598358491997,0.0019833660654830065,0.06106232677480355,0.08625451775249254,-3.0606985092163086e-05,0.4245544672012329,0.8482498228549957,0.42413022364120717,0.0,3.0607368448201426e-05,1
3.48,PINN Conservative,0.2511591042305256,0.001980447327543636,0.061199753035677346,0.08642171176127761,-2.720952033996582e-05,0.4244779348373413,0.8480882346630096,0.4240494285332587,0.0,2.7209861142364075e-05,1
3.485,PINN Conservative,0.2511582671477272,0.0019771078483741622,0.06133705979053181,0.08658878867144493,-2.3499131202697754e-05,0.4244009852409363,0.8479250222444534,0.42396782130185334,0.0,2.34994255320417e-05,1
3.49,PINN Conservative,0.2511573053590648,0.001973270864494269,0.06147423104793941,0.08675566963504805,-2.0101666450500488e-05,0.42432498931884766,0.8477642685174942,0.4238874434316442,0.0,2.0101918226204347e-05,1
3.495,PINN Conservative,0.2511562318191514,0.0019689880573632986,0.06161126939399369,0.08692244919325143,-1.6644597053527832e-05,0.42424851655960083,0.8476027399301529,0.4238066781263914,0.0,1.664480552903651e-05,1
3.5,PINN Conservative,0.25115504434278185,0.0019642507092682876,0.06174816853269637,0.0870882207894183,-1.2874603271484375e-05,0.42417216300964355,0.847440779209137,0.42372569675159505,0.0,1.2874764527383657e-05,1
3.505,PINN Conservative,0.25115371869878844,0.001958962151779663,0.061884921441701594,0.08725469908076872,-9.08970832824707e-06,0.4240964651107788,0.8472803384065628,0.42364547534553815,0.0,9.089822177898185e-06,1
3.5100000000000002,PINN Conservative,0.2511522927143433,0.0019532732935692593,0.06202155182877736,0.08742033570995783,-5.319714546203613e-06,0.42402130365371704,0.8471205234527588,0.4235655668677857,0.0,5.319781176245331e-06,1
3.515,PINN Conservative,0.25115073204517846,0.0019470471207505842,0.06215802592904992,0.08758567416209989,-1.8030405044555664e-06,0.42394566535949707,0.8469604849815369,0.42348554662992455,0.0,1.803063087747017e-06,1
3.52,PINN Conservative,0.2511490460884225,0.0019403211224647229,0.062294360363970167,0.08775097661396064,2.175569534301758e-06,0.4238704442977905,0.8468006998300552,0.42340565305351996,0.0,0.0,1
3.525,PINN Conservative,0.25114724330149135,0.0019331290389397375,0.06243055598754268,0.08791586945595525,5.990266799926758e-06,0.4237951636314392,0.8466411978006363,0.42332590103991974,0.0,0.0,1
3.5300000000000002,PINN Conservative,0.2511453058223825,0.001925399611053211,0.06256660017858443,0.08808059514894678,1.0311603546142578e-05,0.42372018098831177,0.8464815467596054,0.4232460745195804,0.0,0.0,1
3.535,PINN Conservative,0.2511432431675531,0.0019171708039989789,0.06270249782827723,0.08824531826892262,1.4185905456542969e-05,0.4236445426940918,0.8463209122419357,0.4231657562547626,0.0,0.0,1
3.54,PINN Conservative,0.2511410543003359,0.001908438482070411,0.06283824945792978,0.08840950370778616,1.8015503883361816e-05,0.4235701560974121,0.8461631834506989,0.4230868908713584,0.0,0.0,1
3.545,PINN Conservative,0.2511387435613094,0.0018992199616805763,0.06297385991030317,0.08857321239778138,2.2277235984802246e-05,0.4234960079193115,0.8460054993629456,0.42300804783997603,0.0,0.0,1
3.5500000000000003,PINN Conservative,0.2511362885166933,0.0018894257449422014,0.06310930476116404,0.0887368628929488,2.6702880859375e-05,0.4234214425086975,0.8458466976881027,0.4229286460080499,0.0,0.0,1
3.555,PINN Conservative,0.25113371017578245,0.0018791396468646037,0.06324459836170611,0.08890048126389949,3.0472874641418457e-05,0.423347532749176,0.845689982175827,0.4228502872704721,0.0,0.0,1
3.56,PINN Conservative,0.251131001028332,0.0018683317058880067,0.06337974699322767,0.08906343825780927,3.521144390106201e-05,0.4232732057571411,0.8455312252044678,0.42277090779056775,0.0,0.0,1
3.565,PINN Conservative,0.25112815480213146,0.0018569768994979744,0.06351473896938428,0.08922616117513427,3.930926322937012e-05,0.4231988191604614,0.8453728556632996,0.4226917220281852,0.0,0.0,1
3.5700000000000003,PINN Conservative,0.2511251705873,0.0018450715977932314,0.06364956804299284,0.08938889214537454,4.342198371887207e-05,0.4231249690055847,0.8452160358428955,0.42261331113588996,0.0,0.0,1
3.575,PINN Conservative,0.25112205517811104,0.0018326429060190488,0.06378424591132228,0.08955115764362087,4.793703556060791e-05,0.4230508804321289,0.8450582176446915,0.4225344010484423,0.0,0.0,1
3.58,PINN Conservative,0.2511187972756358,0.0018196457479447224,0.06391876009320957,0.08971337079949537,5.2362680435180664e-05,0.4229774475097656,0.8449020385742188,0.42245631053512545,0.0,0.0,1
3.585,PINN Conservative,0.25111539797620613,0.001806084497304142,0.06405310767689744,0.08987517527178246,5.653500556945801e-05,0.42290419340133667,0.8447458744049072,0.42237822747248255,0.0,0.0,1
3.59,PINN Conservative,0.2511118628136866,0.0017919812310356598,0.06418729909062133,0.0900367113906615,6.119906902313232e-05,0.42283087968826294,0.8445898145437241,0.42230019656455703,0.0,0.0,1
3.595,PINN Conservative,0.25110818109324984,0.0017772932829262526,0.06432131765508935,0.09019775979299866,6.608664989471436e-05,0.4227578043937683,0.844433531165123,0.4222220538965228,0.0,0.0,1
3.6,PINN Conservative,0.25110437157932103,0.0017620955122454583,0.06445518479303051,0.09035876003345078,7.081031799316406e-05,0.42268437147140503,0.8442768156528473,0.42214369515894495,0.0,0.0,1
3.605,PINN Conservative,0.25110040479773155,0.0017462703340037353,0.06458887439026192,0.09051953456469575,7.49826431274414e-05,0.4226112961769104,0.8441214859485626,0.4220660293340413,0.0,0.0,1
3.61,PINN Conservative,0.251096309432098,0.0017299321793425423,0.0647224061467177,0.09068002504296224,7.931888103485107e-05,0.42253774404525757,0.8439652770757675,0.4219879239193766,0.0,0.0,1
3.615,PINN Conservative,0.25109205697779663,0.0017129673311991024,0.064855759364455,0.09084034310448313,8.474290370941162e-05,0.42246508598327637,0.8438092917203903,0.4219099302648207,0.0,0.0,1
3.62,PINN Conservative,0.25108766408116967,0.0016954421989096348,0.06498895222654236,0.09100007857232267,8.919835090637207e-05,0.42239248752593994,0.8436547517776489,0.4218326593256347,0.0,0.0,1
3.625,PINN Conservative,0.2510831201219702,0.0016773144137940306,0.06512196245748576,0.09115968030487331,9.416043758392334e-05,0.42232006788253784,0.8435000479221344,0.4217553064290355,0.0,0.0,1
3.63,PINN Conservative,0.25107842240784617,0.0016585732349152515,0.06525480051695387,0.0913188954971133,9.898841381072998e-05,0.4222477078437805,0.8433456122875214,0.4216780876445669,0.0,0.0,1
3.6350000000000002,PINN Conservative,0.2510735803135522,0.0016392560621552408,0.06538746371859658,0.09147818872566249,0.00010386109352111816,0.42217516899108887,0.8431908935308456,0.42160072729729386,0.0,0.0,1
3.64,PINN Conservative,0.25106858456874637,0.0016193259121787098,0.06551994916353457,0.09163696517700637,0.00010849535465240479,0.422102689743042,0.843036413192749,0.4215234861608035,0.0,0.0,1
3.645,PINN Conservative,0.2510634396258775,0.0015988005476971006,0.06565226367055223,0.09179510686923331,0.00011332333087921143,0.42203038930892944,0.842881977558136,0.42144626737633484,0.0,0.0,1
3.65,PINN Conservative,0.2510581440753765,0.0015776743453398815,0.06578440229481114,0.09195355181616416,0.00011868774890899658,0.4219580292701721,0.8427271246910095,0.4213688399729965,0.0,0.0,1
3.6550000000000002,PINN Conservative,0.25105269207759906,0.0015559240082831146,0.06591635200907724,0.09211153207456735,0.00012370944023132324,0.42188555002212524,0.842572495341301,0.42129152432976696,0.0,0.0,1
3.66,PINN Conservative,0.25104708961389205,0.0015335733986626308,0.06604812679861184,0.09226923801629805,0.00012832880020141602,0.4218140244483948,0.8424198180437088,0.42121518472482045,0.0,0.0,1
3.665,PINN Conservative,0.2510413300242271,0.0015105959467937755,0.06617971836664249,0.09242639152273002,0.00013375282287597656,0.42174214124679565,0.8422657400369644,0.42113814475652583,0.0,0.0,1
3.67,PINN Conservative,0.25103540376231476,0.0014869535684689723,0.06631111689309213,0.09258357648738619,0.00013884902000427246,0.42167019844055176,0.842112347483635,0.4210614475192313,0.0,0.0,1
3.6750000000000003,PINN Conservative,0.251029333791456,0.0014627378740589346,0.0664423430760336,0.09274019191393301,0.00014363229274749756,0.4215983748435974,0.841959148645401,0.4209848471406977,0.0,0.0,1
3.68,PINN Conservative,0.2510230920321352,0.0014378368424378925,0.06657337271072239,0.09289689464805995,0.00014886260032653809,0.42152655124664307,0.8418057411909103,0.42090814245272934,0.0,0.0,1
3.685,PINN Conservative,0.25101668855270465,0.0014122906405435942,0.06670421232306122,0.09305290536404365,0.00015428662300109863,0.4214545488357544,0.8416514098644257,0.4208309758229781,0.0,0.0,1
3.69,PINN Conservative,0.2510101396564368,0.0013861643090612122,0.06683487703122702,0.09320902727199276,0.00015939772129058838,0.4213826060295105,0.841498002409935,0.4207542711350097,0.0,0.0,1
3.6950000000000003,PINN Conservative,0.2510034284508741,0.001359390456795537,0.06696535226339445,0.09336458361171796,0.00016419589519500732,0.4213111400604248,0.8413457423448563,0.42067814014893284,0.0,0.0,1
3.7,PINN Conservative,0.2509965397961982,0.001331908684574709,0.06709561862962587,0.09351998173317355,0.00016990303993225098,0.4212399125099182,0.8411930501461029,0.4206017930933124,0.0,0.0,1
3.705,PINN Conservative,0.2509894914574571,0.0013037898647279811,0.0672257037377399,0.0936750771682009,0.00017496943473815918,0.4211685061454773,0.8410404026508331,0.4205254683897137,0.0,0.0,1
3.71,PINN Conservative,0.25098227347816915,0.0012749942766170869,0.06735558641982035,0.09382966445069463,0.00018006563186645508,0.4210975170135498,0.8408892750740051,0.4204499036548545,0.0,0.0,1
3.715,PINN Conservative,0.2509748951063022,0.0012455588143175068,0.06748528002053138,0.09398452703021493,0.0001856088638305664,0.42102599143981934,0.840735912322998,0.42037322131890786,0.0,0.0,1
3.72,PINN Conservative,0.25096734716101093,0.0012154468515338471,0.06761477233402294,0.0941384118910133,0.00019083917140960693,0.4209548830986023,0.8405844122171402,0.4202974703172007,0.0,0.0,1
3.725,PINN Conservative,0.25095964237316715,0.0011847091771264875,0.06774407991177005,0.09429254113031155,0.00019606947898864746,0.42088353633880615,0.8404318392276764,0.42022118286697163,0.0,0.0,1
3.73,PINN Conservative,0.2509517485016698,0.0011532171676359355,0.06787317428952563,0.0944458448757472,0.00020173192024230957,0.4208117723464966,0.8402785956859589,0.4201445601364163,0.0,0.0,1
3.735,PINN Conservative,0.25094370093491225,0.0011211120024088054,0.06800207725069915,0.09459924650850093,0.00020703673362731934,0.42074066400527954,0.8401269018650055,0.4200687122759483,0.0,0.0,1
3.74,PINN Conservative,0.2509354727046268,0.001088286093559535,0.06813077468967745,0.09475250874910923,0.00021247565746307373,0.42066967487335205,0.8399751782417297,0.4199928495141324,0.0,0.0,1
3.745,PINN Conservative,0.25092708380581497,0.0010548192096501764,0.0682592810895219,0.09490524483172846,0.00021785497665405273,0.4205988645553589,0.8398241251707077,0.41991732203264276,0.0,0.0,1
3.75,PINN Conservative,0.250918513803451,0.0010206298266749103,0.06838756599279859,0.09505762788408839,0.00022351741790771484,0.4205273389816284,0.8396710008382797,0.41984075890747874,0.0,0.0,1
3.755,PINN Conservative,0.25090976585974323,0.0009857305600273968,0.06851565554749177,0.0952096954264598,0.0002284795045852661,0.42045658826828003,0.8395203649997711,0.4197654400448588,0.0,0.0,1
3.7600000000000002,PINN Conservative,0.25090084251788286,0.0009501315555784042,0.06864353162759788,0.09536176082744557,0.0002340078353881836,0.420385479927063,0.8393684476613998,0.419689480424282,0.0,0.0,1
3.765,PINN Conservative,0.2508917478872491,0.000913849207388771,0.06877120868046672,0.09551342446767935,0.00023937225341796875,0.4203142523765564,0.8392166942358017,0.4196136027611183,0.0,0.0,1
3.77,PINN Conservative,0.2508824799765457,0.000876875571331198,0.06889867632979028,0.09566465607126895,0.00024497509002685547,0.42024320363998413,0.8390649408102036,0.4195377250979546,0.0,0.0,1
3.775,PINN Conservative,0.25087301973794196,0.0008391346575105903,0.06902592446009403,0.09581573848980862,0.00025016069412231445,0.42017215490341187,0.8389138430356979,0.41946217526444324,0.0,0.0,1
3.7800000000000002,PINN Conservative,0.25086340206760066,0.0008007656815566891,0.06915297943595639,0.09596608787032157,0.0002560466527938843,0.4201014041900635,0.8387624025344849,0.41938645406543174,0.0,0.0,1
3.785,PINN Conservative,0.25085358762436805,0.0007616116948811373,0.06927980477942719,0.096116782743564,0.00026148557662963867,0.42003077268600464,0.8386117666959763,0.41931113520281177,0.0,0.0,1
3.79,PINN Conservative,0.25084359966240843,0.0007217654682319249,0.06940643113218538,0.09626668936944094,0.0002671927213668823,0.4199597239494324,0.8384602665901184,0.4192353842011047,0.0,0.0,1
3.795,PINN Conservative,0.25083342631598254,0.0006811796641303326,0.06953283403587261,0.09641647153214283,0.0002727806568145752,0.41988909244537354,0.8383094668388367,0.4191599833810716,0.0,0.0,1
3.8000000000000003,PINN Conservative,0.2508230702998163,0.0006398651127723197,0.06965902336099326,0.096566004330427,0.0002781301736831665,0.4198179841041565,0.8381580859422684,0.41908429198475583,0.0,0.0,1
3.805,PINN Conservative,0.2508125346493315,0.0005978339237457488,0.06978499722888845,0.09671532084838463,0.00028389692306518555,0.41974693536758423,0.8380065262317657,0.41900851118035304,0.0,0.0,1
3.81,PINN Conservative,0.2508017990189988,0.0005550049300842522,0.06991074324018967,0.0968639743964525,0.00028936564922332764,0.4196760058403015,0.8378558605909348,0.4189331774163852,0.0,0.0,1
3.815,PINN Conservative,0.250790898923998,0.0005115198169393558,0.07003629064283588,0.09701314416731865,0.0002948939800262451,0.4196048378944397,0.8377043008804321,0.4188573966119824,0.0,0.0,1
3.8200000000000003,PINN Conservative,0.25077980847747716,0.0004672753106530712,0.0701616096630915,0.09716109464290701,0.0003007948398590088,0.4195341467857361,0.8375534415245056,0.4187819659892537,0.0,0.0,1
3.825,PINN Conservative,0.2507685206539638,0.00042224338362856114,0.0702866971349025,0.09730921922979818,0.00030638277530670166,0.4194631576538086,0.8374019414186478,0.41870621498754657,0.0,0.0,1
3.83,PINN Conservative,0.25075705237574764,0.00037649154607389065,0.07041157856954917,0.09745693979938069,0.00031188130378723145,0.41939282417297363,0.8372530341148376,0.4186317604031009,0.0,0.0,1
3.835,PINN Conservative,0.2507453985639043,0.00032999953600079234,0.0705362320883314,0.09760424081004654,0.0003173649311065674,0.4193219542503357,0.8371017575263977,0.41855612116150254,0.0,0.0,1
3.84,PINN Conservative,0.25073355421408994,0.0002827473889536906,0.07066066185578943,0.09775124169705457,0.0003229081630706787,0.41925084590911865,0.8369507789611816,0.41848063093338245,0.0,0.0,1
3.845,PINN Conservative,0.2507215121964196,0.0002347066607904227,0.0707848595493811,0.09789827490483827,0.00032858550548553467,0.41917967796325684,0.836799293756485,0.41840488738234927,0.0,0.0,1
3.85,PINN Conservative,0.2507092770006325,0.00018589526298966235,0.0709088306584674,0.09804480860969961,0.00033445656299591064,0.41910862922668457,0.8366478681564331,0.41832917363401173,0.0,0.0,1
3.855,PINN Conservative,0.2506968560996834,0.00013634300834484023,0.07103258183267996,0.098191044778976,0.0003396719694137573,0.419037401676178,0.8364973366260529,0.41825390692610914,0.0,0.0,1
3.86,PINN Conservative,0.25068423069931484,8.597491857267765e-05,0.07115609757973469,0.09833674603061904,0.0003453940153121948,0.4189665913581848,0.8363466560840607,0.41817856571146744,0.0,0.0,1
3.865,PINN Conservative,0.25067143056455915,3.490973904176424e-05,0.07127939459511796,0.0984823708225756,0.0003510415554046631,0.41889578104019165,0.8361960500478745,0.4181032617501953,0.0,0.0,1
3.87,PINN Conservative,0.25065841649596515,1.7008913524364123e-05,0.07140245049839712,0.09862790327798676,0.0003565847873687744,0.4188249707221985,0.8360460251569748,0.41802824836520586,0.0,0.0,1
3.875,PINN Conservative,0.2506452152828077,6.967416531882704e-05,0.07152527533742384,0.09877266495885356,0.000362202525138855,0.41875386238098145,0.8358952105045319,0.4179528400944989,0.0,0.0,1
3.88,PINN Conservative,0.2506318202277681,0.00012311273479328924,0.0716478782318562,0.09891739465084487,0.00036756694316864014,0.41868293285369873,0.8357447683811188,0.41787761809063984,0.0,0.0,1
3.8850000000000002,PINN Conservative,0.2506182247752303,0.00017735077508707964,0.07177023986739073,0.0990621056256904,0.00037328898906707764,0.4186115264892578,0.8355933725833893,0.4178019192436501,0.0,0.0,1
3.89,PINN Conservative,0.25060442195938637,0.00023241607576999628,0.07189235712689865,0.09920598876868891,0.00037904083728790283,0.4185402989387512,0.8354425430297852,0.41772650352226925,0.0,0.0,1
3.895,PINN Conservative,0.2505904291947563,0.0002882391629175441,0.07201424923519568,0.09934970073890853,0.0003844946622848511,0.4184688329696655,0.8352912813425064,0.41765087173134474,0.0,0.0,1
3.9,PINN Conservative,0.25057624148445445,0.00034483997123136535,0.07213591084058542,0.09949316573745082,0.000389978289604187,0.4183974266052246,0.835140123963356,0.4175752920951377,0.0,0.0,1
3.9050000000000002,PINN Conservative,0.25056184699257333,0.0004022657191782098,0.07225732640057896,0.09963641023110886,0.00039552152156829834,0.41832637786865234,0.8349895030260086,0.41749998068319166,0.0,0.0,1
3.91,PINN Conservative,0.25054724982103427,0.00046050004245006514,0.07237850946883155,0.09977918804976105,0.00040112435817718506,0.41825515031814575,0.834838941693306,0.41742469907394125,0.0,0.0,1
3.915,PINN Conservative,0.25053244126630614,0.0005195776631328765,0.07249943825266404,0.09992196877360898,0.0004067420959472656,0.4181838631629944,0.8346880078315735,0.41734923119784295,0.0,0.0,1
3.92,PINN Conservative,0.2505174377584481,0.000579433034735452,0.07262013437950715,0.10006421850018549,0.0004121512174606323,0.41811275482177734,0.8345378786325455,0.41727416565813613,0.0,0.0,1
3.9250000000000003,PINN Conservative,0.2505022338307178,0.0006400879664171631,0.07274059187423197,0.10020601213909625,0.00041775405406951904,0.4180411100387573,0.8343866020441055,0.41719852641653776,0.0,0.0,1
3.93,PINN Conservative,0.2504868172146417,0.000701591402334815,0.07286080606151346,0.1003476716920314,0.0004232078790664673,0.41796964406967163,0.8342358320951462,0.41712314049785254,0.0,0.0,1
3.935,PINN Conservative,0.2504712028486712,0.000763883746655037,0.07298077764699165,0.10048898780499599,0.00042894482612609863,0.4178977608680725,0.8340839445590973,0.4170471957786236,0.0,0.0,1
3.94,PINN Conservative,0.2504553757868968,0.0008270246249646902,0.07310049911932366,0.10063019986917904,0.0004343688488006592,0.4178261160850525,0.8339328467845917,0.4169716459451122,0.0,0.0,1
3.9450000000000003,PINN Conservative,0.2504393430100428,0.0008909861881869957,0.0732199809317543,0.10077095122514151,0.0004398226737976074,0.4177543520927429,0.8337814658880234,0.4168959545487964,0.0,0.0,1
3.95,PINN Conservative,0.2504231022732394,0.000955777392061733,0.0733392125451582,0.10091124637386106,0.00044517219066619873,0.41768306493759155,0.8336313962936401,0.41682091881178523,0.0,0.0,1
3.955,PINN Conservative,0.25040665455348976,0.0010213943389079827,0.07345819762746152,0.10105146928297071,0.00045068562030792236,0.41761118173599243,0.8334800899028778,0.41674526466883904,0.0,0.0,1
3.96,PINN Conservative,0.2503899916693255,0.0010878696680815191,0.07357693252117227,0.10119111474013909,0.0004561692476272583,0.4175395369529724,0.8333294093608856,0.4166699234541973,0.0,0.0,1
3.9650000000000003,PINN Conservative,0.2503731283503729,0.0011551446168409508,0.07369542868441709,0.10133074789390178,0.0004614293575286865,0.4174676537513733,0.8331778794527054,0.4165941575511424,0.0,0.0,1
3.97,PINN Conservative,0.2503560401640974,0.0012233166569538983,0.07381365490876901,0.1014699832549581,0.00046712160110473633,0.41739559173583984,0.8330263942480087,0.41651841400010914,0.0,0.0,1
3.975,PINN Conservative,0.25033875589107013,0.0012922709704861817,0.07393165600136664,0.10160906084738658,0.0004722476005554199,0.41732341051101685,0.8328751176595688,0.41644277475851077,0.0,0.0,1
3.98,PINN Conservative,0.25032124355867935,0.0013621351097791608,0.07404937720016165,0.10174754438896655,0.00047738850116729736,0.4172510504722595,0.8327233493328094,0.41636688964467317,0.0,0.0,1
3.985,PINN Conservative,0.2503035215882806,0.0014328355842136793,0.07416685672888504,0.10188567463400955,0.00048322975635528564,0.41717851161956787,0.832570880651474,0.41629065434916146,0.0,0.0,1
3.99,PINN Conservative,0.250285602546669,0.0015043222595015014,0.07428409755060861,0.10202364954634313,0.0004883259534835815,0.4171065092086792,0.8324199914932251,0.4162152088250849,0.0,0.0,1
3.995,PINN Conservative,0.2502674484351376,0.001576746728639432,0.07440106296080855,0.1021612113536513,0.0004937797784805298,0.4170345664024353,0.8322688490152359,0.4161396366395518,0.0,0.0,1
4.0,PINN Conservative,0.25024908512562244,0.0016500057774753564,0.07451777890936283,0.10229889380804136,0.0004989504814147949,0.416962206363678,0.8321174085140228,0.41606391544054033,0.0,0.0,1
4.005,PINN Conservative,0.25023050149072995,0.001724143797913017,0.07463423585877318,0.10243588690885241,0.0005043596029281616,0.41688966751098633,0.8319656103849411,0.41598801542535485,0.0,0.0,1
4.01,PINN Conservative,0.2502117014086402,0.0017991453182433627,0.07475043758978045,0.1025724570731737,0.0005095601081848145,0.416817307472229,0.8318142592906952,0.4159123389303869,0.0,0.0,1
4.015,PINN Conservative,0.25019268758662117,0.0018749995380232605,0.07486638428747688,0.10270897818703367,0.0005145370960235596,0.416744589805603,0.8316621780395508,0.415836297352397,0.0,0.0,1
4.0200000000000005,PINN Conservative,0.2501734554603532,0.0019517246662645185,0.07498207196078349,0.10284522958568121,0.000519976019859314,0.4166715145111084,0.8315095156431198,0.41575996519812447,0.0,0.0,1
4.025,PINN Conservative,0.2501539983847239,0.0020293472131454747,0.07509749430553861,0.1029809768506953,0.0005248188972473145,0.4165983200073242,0.8313572108745575,0.41568381186002584,0.0,0.0,1
4.03,PINN Conservative,0.25013433711545485,0.002107784375268628,0.07521266763628977,0.10311639796480593,0.0005304515361785889,0.41652560234069824,0.8312048316001892,0.41560762126855766,0.0,0.0,1
4.035,PINN Conservative,0.2501144443113763,0.0021871452281841063,0.07532756957129343,0.10325167096367127,0.0005353540182113647,0.41645270586013794,0.8310531824827194,0.4155317957601114,0.0,0.0,1
4.04,PINN Conservative,0.25009433711106116,0.002267361398838153,0.07544221754294445,0.10338649872079037,0.0005402415990829468,0.4163799285888672,0.8309017866849899,0.4154560969131217,0.0,0.0,1
4.045,PINN Conservative,0.25007399371466243,0.002348519856088611,0.0755565872827057,0.10352114678823177,0.0005454123020172119,0.416306734085083,0.8307492583990097,0.41537983181491434,0.0,0.0,1
4.05,PINN Conservative,0.25005343773433036,0.0024305264010294624,0.07567070538004257,0.10365550274181151,0.0005504190921783447,0.4162336587905884,0.8305971473455429,0.4153037753355766,0.0,0.0,1
4.055,PINN Conservative,0.2500326611004673,0.0025134132267165582,0.07578455912415515,0.1037895350274115,0.0005555450916290283,0.41616010665893555,0.8304443210363388,0.4152273612238909,0.0,0.0,1
4.0600000000000005,PINN Conservative,0.25001164105859724,0.0025972711104286323,0.07589812988276254,0.10392292056586849,0.0005602091550827026,0.4160866141319275,0.8302917182445526,0.415151058872314,0.0,0.0,1
4.065,PINN Conservative,0.24999041737498226,0.0026819414076397663,0.0760114474451445,0.1040564208562853,0.000565454363822937,0.41601264476776123,0.8301380574703217,0.415074227522889,0.0,0.0,1
4.07,PINN Conservative,0.24996896858538714,0.0027675097483096938,0.07612450735747228,0.10418948061865368,0.0005703568458557129,0.41593873500823975,0.8299843817949295,0.41499738872279013,0.0,0.0,1
4.075,PINN Conservative,0.24994728010188827,0.0028540343298678024,0.07623728126370515,0.10432216032886643,0.0005752444267272949,0.4158649444580078,0.829831674695015,0.4149210342164958,0.0,0.0,1
4.08,PINN Conservative,0.24992537205373205,0.002941434848192198,0.07634978999484214,0.10445483677743622,0.0005799531936645508,0.4157913327217102,0.8296796232461929,0.41484500753985376,0.0,0.0,1
4.085,PINN Conservative,0.24990323643098483,0.0030297432583136852,0.07646203116478417,0.10458680659581066,0.0005850791931152344,0.41571730375289917,0.8295258432626724,0.4147681165850374,0.0,0.0,1
4.09,PINN Conservative,0.24988087247292678,0.0031189625950670485,0.07657400239725537,0.10471865259230351,0.0005896836519241333,0.4156436324119568,0.8293735235929489,0.4146919557962649,0.0,0.0,1
4.095,PINN Conservative,0.24985828839831642,0.00320906007033039,0.07668571217515165,0.1048499105513363,0.000594213604927063,0.4155692458152771,0.8292202204465866,0.41461530326301393,0.0,0.0,1
4.1,PINN Conservative,0.24983546797846173,0.0033001004272557475,0.07679714081203101,0.10498114986720192,0.0005989819765090942,0.4154950976371765,0.8290667980909348,0.4145385911243716,0.0,0.0,1
4.105,PINN Conservative,0.24981242395915068,0.0033920328174760926,0.0769082985031794,0.10511200403590076,0.0006038844585418701,0.4154204726219177,0.8289126455783844,0.41446151390270736,0.0,0.0,1
4.11,PINN Conservative,0.24978913662132918,0.003484935908681743,0.07701917538659939,0.10524276944551464,0.0006085038185119629,0.4153456687927246,0.8287586569786072,0.4143845186384562,0.0,0.0,1
4.115,PINN Conservative,0.24976562975614042,0.0035787147878876668,0.07712978571125485,0.10537290374993774,0.0006129294633865356,0.41527074575424194,0.8286042660474777,0.41430732220600935,0.0,0.0,1
4.12,PINN Conservative,0.24974188503918346,0.0036734425589198556,0.07724011624619834,0.10550295495248735,0.0006174147129058838,0.4151960015296936,0.8284505307674408,0.41423045360321475,0.0,0.0,1
4.125,PINN Conservative,0.24971792274886542,0.003769038322590922,0.07735018608817312,0.10563245482808087,0.0006222724914550781,0.4151213765144348,0.8282968997955322,0.4141536371551376,0.0,0.0,1
4.13,PINN Conservative,0.24969369617549028,0.0038656884237369955,0.07745994795567504,0.10576176183703861,0.0006265640258789062,0.4150462746620178,0.828142523765564,0.41407644817336464,0.0,0.0,1
4.135,PINN Conservative,0.2496692689510437,0.003963139007314103,0.07756946538143562,0.10589108338851883,0.000630795955657959,0.41497141122817993,0.8279892802238464,0.4139998254428093,0.0,0.0,1
4.14,PINN Conservative,0.24964459130057584,0.004061588646758871,0.07767868799096923,0.10601973686002686,0.0006352514028549194,0.4148961901664734,0.8278347253799438,0.41392254705294934,0.0,0.0,1
4.1450000000000005,PINN Conservative,0.24961968583685978,0.004160947130105786,0.07778763969931414,0.10614819973676054,0.000639602541923523,0.4148205518722534,0.8276796936988831,0.413845030241524,0.0,0.0,1
4.15,PINN Conservative,0.24959454868917347,0.004261229899310743,0.07789630967576085,0.10627614645879319,0.0006441175937652588,0.41474515199661255,0.8275249749422073,0.413767669894251,0.0,0.0,1
4.155,PINN Conservative,0.24956916237587445,0.00436250669607777,0.07800469351943087,0.10640407465343377,0.0006482601165771484,0.4146689176559448,0.8273695558309555,0.4136899593653039,0.0,0.0,1
4.16,PINN Conservative,0.24954355137424544,0.004464679870119629,0.07811280238941695,0.10653152305189617,0.0006523877382278442,0.4145932197570801,0.8272148668766022,0.41361261391937865,0.0,0.0,1
4.165,PINN Conservative,0.24951770218523653,0.0045678032748855315,0.07822063080073033,0.10665861678338057,0.0006568282842636108,0.41451698541641235,0.8270587921142578,0.4135345755607792,0.0,0.0,1
4.17,PINN Conservative,0.24949161260872632,0.004671885687595087,0.07832817323701471,0.10678552361525745,0.0006606131792068481,0.4144413471221924,0.8269048035144806,0.41345758029652807,0.0,0.0,1
4.175,PINN Conservative,0.24946528540418908,0.00477691609953228,0.07843543639276848,0.10691182711654623,0.0006651431322097778,0.41436541080474854,0.8267491161823273,0.4133797356554505,0.0,0.0,1
4.18,PINN Conservative,0.24943872479287474,0.004882877670336458,0.07854241824786155,0.10703843078527858,0.0006690174341201782,0.4142889380455017,0.8265939652919769,0.41330215923863384,0.0,0.0,1
4.1850000000000005,PINN Conservative,0.24941193143854867,0.0049897677519653355,0.07864911837656705,0.10716402018680432,0.0006730109453201294,0.4142122268676758,0.8264376074075699,0.41322397931723004,0.0,0.0,1
4.19,PINN Conservative,0.2493848874270021,0.005097657811813993,0.07875552590731527,0.10729002176144248,0.0006770044565200806,0.4141356945037842,0.8262820988893509,0.4131462240842394,0.0,0.0,1
4.195,PINN Conservative,0.2493575943990035,0.005206541304159335,0.07886164331894842,0.10741516749959173,0.0006808042526245117,0.4140591621398926,0.8261264264583588,0.41306838689383574,0.0,0.0,1
4.2,PINN Conservative,0.24933007285670117,0.005316336437215458,0.07896748624805397,0.10754027590867216,0.0006847530603408813,0.41398197412490845,0.8259697705507278,0.41299005795895355,0.0,0.0,1
4.205,PINN Conservative,0.24930231632651748,0.005427069036835617,0.07907304630974898,0.10766484502548657,0.0006883442401885986,0.4139047861099243,0.8258134722709656,0.4129119078402454,0.0,0.0,1
4.21,PINN Conservative,0.24927431784264437,0.005538766892589721,0.07917831380264066,0.10778930026638134,0.0006920844316482544,0.4138275384902954,0.8256571441888809,0.41283374282018936,0.0,0.0,1
4.215,PINN Conservative,0.24924606323480844,0.005651486535722866,0.07928328345653364,0.10791338177063481,0.0006959140300750732,0.4137502908706665,0.8255007266998291,0.41275553309608987,0.0,0.0,1
4.22,PINN Conservative,0.2492175793370327,0.005765120913908779,0.07938797636763902,0.10803718751360047,0.0007000118494033813,0.4136731028556824,0.8253441601991653,0.4126772488652512,0.0,0.0,1
4.225,PINN Conservative,0.2491888473326857,0.005879745094690211,0.07949237680840296,0.10816058740061874,0.000703170895576477,0.41359537839889526,0.8251875787973404,0.4125989571837386,0.0,0.0,1
4.23,PINN Conservative,0.2491598741950335,0.005995331258744209,0.07959648811415088,0.10828390534216198,0.0007067620754241943,0.41351765394210815,0.8250304311513901,0.4125203823766172,0.0,0.0,1
4.235,PINN Conservative,0.2491306604983451,0.006111877115067494,0.07970031389016044,0.10840690108624573,0.000710412859916687,0.41343969106674194,0.8248731195926666,0.4124417256120827,0.0,0.0,1
4.24,PINN Conservative,0.24910119910527756,0.006229411137555498,0.07980384700918641,0.1085295623037269,0.0007137656211853027,0.41336172819137573,0.8247159868478775,0.41236315825563524,0.0,0.0,1
4.245,PINN Conservative,0.24907148739060125,0.006347943799365394,0.07990707840943685,0.10865180921808021,0.0007169991731643677,0.4132830500602722,0.824557900428772,0.4122841140560571,0.0,0.0,1
4.25,PINN Conservative,0.24904154308953205,0.006467404347180895,0.08001003151278854,0.10877355920647114,0.0007205605506896973,0.41320472955703735,0.8243999630212784,0.41220514436321815,0.0,0.0,1
4.255,PINN Conservative,0.2490113365414503,0.006587911109824046,0.08011268202745563,0.10889532808719737,0.0007239878177642822,0.4131258726119995,0.8242414444684982,0.41212588409409645,0.0,0.0,1
4.26,PINN Conservative,0.24898088948653863,0.006709377356463489,0.08021503953665107,0.10901650600592444,0.0007269680500030518,0.41304707527160645,0.8240838497877121,0.4120470857667575,0.0,0.0,1
4.265,PINN Conservative,0.24895021250775387,0.006831760867185019,0.08031711712621438,0.10913771880122408,0.0007300525903701782,0.41296863555908203,0.8239262700080872,0.41196829489009257,0.0,0.0,1
4.2700000000000005,PINN Conservative,0.24891927157406574,0.006955197406236826,0.08041889097960513,0.10925823977713855,0.0007333755493164062,0.41288965940475464,0.8237679749727249,0.4118891463810796,0.0,0.0,1
4.275,PINN Conservative,0.24888808242193572,0.007079624194183635,0.08052036316920308,0.10937844201834862,0.0007361769676208496,0.41281038522720337,0.8236095905303955,0.41180995316802316,0.0,0.0,1
4.28,PINN Conservative,0.24885665347894748,0.007205007609811235,0.08062155130599531,0.10949896023762418,0.0007394701242446899,0.4127310514450073,0.8234504908323288,0.4117304023226187,0.0,0.0,1
4.285,PINN Conservative,0.24882497173828166,0.007331399542851851,0.0807224378027556,0.1096187718216094,0.0007421672344207764,0.41265153884887695,0.8232918679714203,0.4116510898987796,0.0,0.0,1
4.29,PINN Conservative,0.24879304318128526,0.00745877613116943,0.0808230321408238,0.10973788976461324,0.0007453411817550659,0.41257166862487793,0.8231322914361954,0.4115713006318098,0.0,0.0,1
4.295,PINN Conservative,0.24876086848663975,0.007587134667214928,0.08092333050894884,0.10985751974311697,0.0007479935884475708,0.4124913811683655,0.8229725211858749,0.4114914145060791,0.0,0.0,1
4.3,PINN Conservative,0.2487284313585307,0.00771654016192036,0.08102332217284572,0.10997627739675891,0.0007507055997848511,0.412411630153656,0.8228138834238052,0.4114120946315661,0.0,0.0,1
4.305,PINN Conservative,0.24869575916050193,0.00784688345047579,0.08112302438840965,0.11009496488293069,0.0007534623146057129,0.41233110427856445,0.8226534128189087,0.41133185832416136,0.0,0.0,1
4.3100000000000005,PINN Conservative,0.2486628289814587,0.007978255934978824,0.08122242389758394,0.11021351454076972,0.0007564723491668701,0.41225093603134155,0.8224937617778778,0.411252031803822,0.0,0.0,1
4.315,PINN Conservative,0.2486296518294661,0.008110613699577695,0.0813215299923856,0.11033131754810266,0.0007587522268295288,0.4121703505516052,0.822333887219429,0.4111720935233739,0.0,0.0,1
4.32,PINN Conservative,0.24859621560012735,0.008244005033857289,0.08142032760748277,0.11044896380916708,0.0007610470056533813,0.41208988428115845,0.8221749365329742,0.41109261718470863,0.0,0.0,1
4.325,PINN Conservative,0.24856254480055745,0.008378332168516738,0.08151884254329388,0.11056628719390527,0.0007636547088623047,0.4120088219642639,0.8220141381025314,0.41101221696247775,0.0,0.0,1
4.33,PINN Conservative,0.24852860478070884,0.008513733337327236,0.08161703647750711,0.11068332705894063,0.0007660239934921265,0.41192781925201416,0.8218538165092468,0.41093205516181214,0.0,0.0,1
4.335,PINN Conservative,0.24849442030126984,0.008650109759376103,0.08171494187889772,0.11079993106544084,0.0007682442665100098,0.41184675693511963,0.8216932862997055,0.41085178905171177,0.0,0.0,1
4.34,PINN Conservative,0.24845997857916224,0.008787512431796932,0.08181254169066243,0.11091673018302428,0.0007704645395278931,0.4117649793624878,0.8215318024158478,0.4107710460984807,0.0,0.0,1
4.345,PINN Conservative,0.24842529380703351,0.008925884734085046,0.08190984498112223,0.11103265221949044,0.0007726997137069702,0.4116830825805664,0.8213703036308289,0.4106902956945757,0.0,0.0,1
4.3500000000000005,PINN Conservative,0.2483903488761431,0.009065294920280235,0.08200684229980341,0.11114844592152445,0.0007748305797576904,0.4116014838218689,0.821209505200386,0.41060989547234483,0.0,0.0,1
4.355,PINN Conservative,0.2483551514160645,0.009205712552770197,0.08210354068112741,0.11126406725082177,0.000777021050453186,0.4115191698074341,0.8210472166538239,0.4105287501827223,0.0,0.0,1
4.36,PINN Conservative,0.24831969102283374,0.009347179137390456,0.08219992103521004,0.11137929038767214,0.0007788538932800293,0.4114369750022888,0.8208855092525482,0.4104478954693825,0.0,0.0,1
4.365,PINN Conservative,0.24828399233781062,0.009489596369280415,0.08229601879298276,0.1114941160115725,0.0007806569337844849,0.41135507822036743,0.8207244426012039,0.4103673611350211,0.0,0.0,1
4.37,PINN Conservative,0.248248027937787,0.009633073651276384,0.08239180326921348,0.11160883363030683,0.000782698392868042,0.4112725257873535,0.8205624222755432,0.41028634995752905,0.0,0.0,1
4.375,PINN Conservative,0.24821180522859515,0.0097775814383648,0.08248727520650163,0.11172313548923618,0.0007845163345336914,0.4111899733543396,0.8204002678394318,0.4102052717239718,0.0,0.0,1
4.38,PINN Conservative,0.24817533494981084,0.009923076885812026,0.08258245508654133,0.11183716008482153,0.000786319375038147,0.4111068844795227,0.8202375322580338,0.41012390291413175,0.0,0.0,1
4.385,PINN Conservative,0.2481386071151203,0.010069599833269298,0.08267732333864028,0.1119509090874542,0.0007877945899963379,0.41102373600006104,0.820075124502182,0.4100426980191179,0.0,0.0,1
4.39,PINN Conservative,0.24810161762260224,0.010217166645044736,0.08277188314947456,0.11206432748167483,0.0007892102003097534,0.4109404683113098,0.8199126571416855,0.40996146332140837,0.0,0.0,1
4.3950000000000005,PINN Conservative,0.24806438067982026,0.01036572064112668,0.0828661440376699,0.11217777474575474,0.0007903724908828735,0.4108567237854004,0.8197491317987442,0.4098796996258508,0.0,0.0,1
4.4,PINN Conservative,0.24802688615875795,0.010515302226478476,0.08296009841259386,0.11229023317292769,0.0007922351360321045,0.41077297925949097,0.819585382938385,0.40979782417018445,0.0,0.0,1
4.405,PINN Conservative,0.2479891257586183,0.010665944516508536,0.08305373843077307,0.11240270351543485,0.0007933676242828369,0.41068899631500244,0.8194217532873154,0.40971600831990945,0.0,0.0,1
4.41,PINN Conservative,0.24795111579758983,0.01081758241102526,0.0831470795358636,0.11251509877586457,0.0007949024438858032,0.41060495376586914,0.8192579746246338,0.4096341179628953,0.0,0.0,1
4.415,PINN Conservative,0.247912838025852,0.010970288716321505,0.08324009720603501,0.11262694544070134,0.0007961243391036987,0.41052085161209106,0.8190943896770477,0.409552324464642,0.0,0.0,1
4.42,PINN Conservative,0.24787432287220246,0.011123942038986841,0.08333283464579244,0.112738620716547,0.0007973313331604004,0.4104364514350891,0.8189304620027542,0.40947035960088873,0.0,0.0,1
4.425,PINN Conservative,0.2478355264162516,0.01127871759612808,0.08342523831578227,0.11284990653637933,0.0007985681295394897,0.4103516936302185,0.8187656700611115,0.4093879625980482,0.0,0.0,1
4.43,PINN Conservative,0.2477964833751694,0.011434476886194051,0.08351734326507151,0.11296092274976566,0.0007992535829544067,0.4102671146392822,0.8186019062995911,0.409306079691708,0.0,0.0,1
4.4350000000000005,PINN Conservative,0.24775719176511746,0.011591227823559784,0.08360914832683015,0.11307172112512709,0.0008002817630767822,0.4101821184158325,0.8184375613927841,0.409223906209085,0.0,0.0,1
4.44,PINN Conservative,0.2477176147732172,0.011749117270448849,0.08370062043796242,0.11318192560491497,0.00080108642578125,0.41009682416915894,0.8182726055383682,0.40914142724883146,0.0,0.0,1
4.445,PINN Conservative,0.2476777921582724,0.011907986612089375,0.08379179800900025,0.1132926052021081,0.0008016973733901978,0.41001129150390625,0.8181069940328598,0.4090586204589256,0.0,0.0,1
4.45,PINN Conservative,0.24763771830438014,0.012067858252705893,0.08388267074036625,0.11340224299370344,0.0008025467395782471,0.409925639629364,0.8179417550563812,0.40897599993586764,0.0,0.0,1
4.455,PINN Conservative,0.24759737496917789,0.012228804968838214,0.08397322606175846,0.11351172298538864,0.0008031129837036133,0.409839391708374,0.8177759647369385,0.40889310373787474,0.0,0.0,1
4.46,PINN Conservative,0.24755676461381834,0.012390816941901864,0.08406345714915832,0.11362111695303162,0.0008034259080886841,0.4097532033920288,0.8176095932722092,0.40880991696359914,0.0,0.0,1
4.465,PINN Conservative,0.24751589922336967,0.012553846358364486,0.08415339127617691,0.11372982869051773,0.0008043944835662842,0.4096671938896179,0.8174436390399933,0.4087269388081932,0.0,0.0,1
4.47,PINN Conservative,0.24747478420490976,0.012717871647093528,0.0842430213893356,0.11383852035323944,0.0008042454719543457,0.40958070755004883,0.8172779679298401,0.40864410221559166,0.0,0.0,1
4.4750000000000005,PINN Conservative,0.24743339500657552,0.012882990755909136,0.08433232399778058,0.1139469289181057,0.0008044391870498657,0.4094942808151245,0.817112073302269,0.4085611538628814,0.0,0.0,1
4.48,PINN Conservative,0.2473917470143006,0.013049142303780573,0.08442131864872285,0.1140548097150979,0.0008048415184020996,0.40940743684768677,0.8169453740119934,0.40847780317377963,0.0,0.0,1
4.485,PINN Conservative,0.24734985057238462,0.013216285022898908,0.0845100130119322,0.11416267564762356,0.0008049756288528442,0.4093204140663147,0.8167785704135895,0.4083944003299605,0.0,0.0,1
4.49,PINN Conservative,0.24730767665414122,0.01338453471305665,0.08459837935964748,0.11426992441790629,0.000805199146270752,0.4092329740524292,0.8166110962629318,0.4083106622058151,0.0,0.0,1
4.495,PINN Conservative,0.2472652426144263,0.01355382213835512,0.08468643396277667,0.1143769075973286,0.0008048266172409058,0.409145712852478,0.8164445757865906,0.4082274009248003,0.0,0.0,1
4.5,PINN Conservative,0.24722256663593803,0.01372407476028111,0.08477419366325266,0.11448389130901909,0.0008050501346588135,0.4090580940246582,0.8162769824266434,0.40814360319526355,0.0,0.0,1
4.505,PINN Conservative,0.24717960280699058,0.01389547574006862,0.0848616178847149,0.11459033567405413,0.0008048564195632935,0.40896934270858765,0.8161075413227081,0.4080588815821612,0.0,0.0,1
4.51,PINN Conservative,0.24713638093736437,0.01406790615383,0.08494873247423025,0.11469668284804702,0.0008043199777603149,0.40888118743896484,0.8159401118755341,0.40797516581003757,0.0,0.0,1
4.515,PINN Conservative,0.2470929071650252,0.014241341514610102,0.08503553769646954,0.11480270439169438,0.0008041709661483765,0.40879297256469727,0.8157720565795898,0.4078911371096094,0.0,0.0,1
4.5200000000000005,PINN Conservative,0.24704915388031407,0.014415891969076854,0.08512202203613536,0.11490829602685448,0.000803723931312561,0.4087045192718506,0.8156037032604218,0.40780695939570294,0.0,0.0,1
4.525,PINN Conservative,0.24700515908193776,0.014591405924233785,0.08520820330464576,0.11501353614803078,0.0008031725883483887,0.4086158871650696,0.815435454249382,0.40772283383651386,0.0,0.0,1
4.53,PINN Conservative,0.24696089363133944,0.014767999626172435,0.08529406919479954,0.11511846000218401,0.000802159309387207,0.4085270166397095,0.8152672946453094,0.4076387529813683,0.0,0.0,1
4.535,PINN Conservative,0.2469163640170126,0.014945647189533567,0.08537961198804325,0.11522348540173899,0.0008019357919692993,0.40843796730041504,0.815097764134407,0.40755398666422243,0.0,0.0,1
4.54,PINN Conservative,0.24687154966968672,0.015124430673882505,0.08546482405664658,0.1153276286905307,0.0008009076118469238,0.40834861993789673,0.8149291574954987,0.40746968228885944,0.0,0.0,1
4.545,PINN Conservative,0.24682649073598384,0.015304189917275387,0.08554973560400272,0.11543189745806914,0.0007999837398529053,0.40825873613357544,0.8147590160369873,0.407384610494083,0.0,0.0,1
4.55,PINN Conservative,0.24678117514879733,0.015484973060530972,0.08563434006609803,0.11553591387189915,0.0007990449666976929,0.4081689119338989,0.8145894855260849,0.4072998441769371,0.0,0.0,1
4.555,PINN Conservative,0.24673559081864666,0.01566682833372694,0.08571862391976329,0.11563943835445561,0.0007982850074768066,0.4080786108970642,0.8144187033176422,0.4072144520031823,0.0,0.0,1
4.5600000000000005,PINN Conservative,0.24668973039936376,0.015849785043850925,0.0858025839767609,0.11574259068096332,0.0007967650890350342,0.40798813104629517,0.8142485618591309,0.4071293802084059,0.0,0.0,1
4.565,PINN Conservative,0.24664361827873496,0.016033745897654807,0.08588623494820069,0.11584543101980554,0.0007955878973007202,0.4078975319862366,0.814078077673912,0.40704413704812936,0.0,0.0,1
4.57,PINN Conservative,0.24659723431259778,0.016218791258767025,0.08596956053619145,0.11594819145642338,0.000794336199760437,0.40780699253082275,0.8139075338840485,0.4069588640851572,0.0,0.0,1
4.575,PINN Conservative,0.2465505941628336,0.016404858645284102,0.08605258307901743,0.11605078914458267,0.0007928311824798584,0.4077160954475403,0.8137366622686386,0.40687342720735886,0.0,0.0,1
4.58,PINN Conservative,0.24650367197988032,0.016592051182099124,0.08613526609206021,0.11615290606863404,0.0007911771535873413,0.4076250195503235,0.8135662972927094,0.4067882436524737,0.0,0.0,1
4.585,PINN Conservative,0.24645649809558115,0.01678024786259405,0.0862176463715293,0.11625448535169264,0.0007898062467575073,0.4075336456298828,0.8133948147296906,0.4067025012970448,0.0,0.0,1
4.59,PINN Conservative,0.24640905363364024,0.016969523992338222,0.08629970536009883,0.11635589978482197,0.0007878392934799194,0.40744251012802124,0.8132245242595673,0.4066173549955292,0.0,0.0,1
4.595,PINN Conservative,0.2463613491173502,0.017159837589443484,0.08638144682225032,0.1164575326732542,0.0007865726947784424,0.4073503613471985,0.813051626086235,0.4065309048260783,0.0,0.0,1
4.6000000000000005,PINN Conservative,0.24631337766294123,0.01735121611619411,0.08646287243916,0.11655824530459791,0.0007845014333724976,0.4072582721710205,0.812879890203476,0.4064450358091928,0.0,0.0,1
4.605,PINN Conservative,0.2462651316035498,0.017543690158968422,0.08654396892640362,0.11665885806216231,0.0007827877998352051,0.4071657061576843,0.8127068430185318,0.4063585111330027,0.0,0.0,1
4.61,PINN Conservative,0.24621662651156043,0.01773719759290384,0.08662475523319174,0.11675904522394603,0.0007807612419128418,0.40707308053970337,0.8125340938568115,0.4062721354702909,0.0,0.0,1
4.615,PINN Conservative,0.24616785388480913,0.017931772336747268,0.08670522728420826,0.1168591649543177,0.00077839195728302,0.4069804549217224,0.8123617023229599,0.40618593862375313,0.0,0.0,1
4.62,PINN Conservative,0.2461188312571447,0.01812734444052135,0.08678538799940486,0.11695864216805157,0.0007761567831039429,0.4068872332572937,0.8121882230043411,0.40609919787801946,0.0,0.0,1
4.625,PINN Conservative,0.24606951600587643,0.018324083944260404,0.08686520351763037,0.11705819054510741,0.0007736533880233765,0.4067937731742859,0.8120148926973343,0.4060125316390249,0.0,0.0,1
4.63,PINN Conservative,0.24601995454237863,0.018521805693260403,0.08694471826839346,0.11715717193541741,0.0007710754871368408,0.4067004323005676,0.8118418753147125,0.40592602186418264,0.0,0.0,1
4.635,PINN Conservative,0.24597011980142913,0.01872061766219941,0.08702391185675812,0.11725602878153862,0.0007685869932174683,0.40660691261291504,0.8116685301065445,0.4058393481745142,0.0,0.0,1
4.64,PINN Conservative,0.2459200087103161,0.01892053210943129,0.0871027740999014,0.11735487304671116,0.0007655024528503418,0.40651315450668335,0.8114946484565735,0.4057524062605848,0.0,0.0,1
4.6450000000000005,PINN Conservative,0.24586964658162258,0.019121448052300677,0.08718133425683298,0.11745283449010457,0.0007540583610534668,0.4064190983772278,0.8113207966089249,0.4056654792480032,0.0,0.0,1
4.65,PINN Conservative,0.24581901230164116,0.019323449722362877,0.08725956250311712,0.11755085161486378,0.0007421523332595825,0.4063248634338379,0.8111468404531479,0.4055785000807042,0.0,0.0,1
4.655,PINN Conservative,0.24576811634145818,0.019526495346002717,0.08733747887357966,0.11764856158714926,0.0007307082414627075,0.40623021125793457,0.8109720945358276,0.4054911260276876,0.0,0.0,1
4.66,PINN Conservative,0.24571694557492557,0.019730637289005398,0.0874150722595143,0.11774615000705801,0.000719025731086731,0.4061354398727417,0.8107971251010895,0.4054036402145623,0.0,0.0,1
4.665,PINN Conservative,0.24566551846068901,0.01993580191198564,0.08749234975055237,0.11784328636594615,0.0007067471742630005,0.4060403108596802,0.8106222152709961,0.4053161842041327,0.0,0.0,1
4.67,PINN Conservative,0.24561380618088716,0.020142104181644294,0.08756929121566427,0.11793960920430624,0.0006948262453079224,0.4059446454048157,0.8104458153247833,0.40522798312631136,0.0,0.0,1
4.675,PINN Conservative,0.24556183696419626,0.020349431481790324,0.08764592343280138,0.11803636220167607,0.0006825476884841919,0.4058490991592407,0.810270145535469,0.40514014713151203,0.0,0.0,1
4.68,PINN Conservative,0.24550960962478824,0.020557788543196075,0.0877222401099094,0.11813237178445474,0.0006701499223709106,0.40575307607650757,0.8100941777229309,0.4050521621232343,0.0,0.0,1
4.6850000000000005,PINN Conservative,0.2454571025268929,0.020767261680147357,0.08779822980226532,0.11822833651028486,0.0006575137376785278,0.4056575298309326,0.809919148683548,0.4049646465074133,0.0,0.0,1
4.69,PINN Conservative,0.24540433542685466,0.02097777207618684,0.08787389655680614,0.11832394106253213,0.0006450116634368896,0.40556102991104126,0.8097423017024994,0.40487622190937456,0.0,0.0,1
4.695,PINN Conservative,0.24535129418423227,0.021189376143546542,0.0879492422718625,0.11841936196927333,0.0006321370601654053,0.4054645895957947,0.8095658719539642,0.4047880059302055,0.0,0.0,1
4.7,PINN Conservative,0.24529799514704637,0.021402008663021683,0.08802427425195342,0.11851418915053735,0.0006193816661834717,0.4053681492805481,0.809389740228653,0.40469993896451467,0.0,0.0,1
4.705,PINN Conservative,0.24524442146758774,0.02161573684728718,0.08809898176140141,0.11860890268646906,0.0006063878536224365,0.40527135133743286,0.8092131167650223,0.40461162612658463,0.0,0.0,1
4.71,PINN Conservative,0.24519057223597565,0.0218305643262441,0.0881733531010326,0.1187036037728853,0.0005931556224822998,0.4051738381385803,0.809034988284111,0.40452256077058907,0.0,0.0,1
4.715,PINN Conservative,0.24513647260817442,0.022046390742055715,0.08824742362543701,0.11879753401288379,0.0005798041820526123,0.40507668256759644,0.8088582307100296,0.40443418087659383,0.0,0.0,1
4.72,PINN Conservative,0.24508209862896393,0.02226331166227964,0.08832116770397636,0.11889165278482827,0.0005664527416229248,0.4049791693687439,0.8086807280778885,0.4043454284489027,0.0,0.0,1
4.7250000000000005,PINN Conservative,0.2450274621939158,0.022481279630423304,0.08839458926616373,0.11898474217019805,0.0005527585744857788,0.4048808217048645,0.808502197265625,0.4042561619247114,0.0,0.0,1
4.73,PINN Conservative,0.24497255185494074,0.022700340317782022,0.08846768944350086,0.1190780160603892,0.0005391687154769897,0.4047825336456299,0.8083233088254929,0.4041667165843461,0.0,0.0,1
4.735,PINN Conservative,0.2449173762931957,0.02292045909152988,0.08854047134640336,0.11917112118535805,0.0005251020193099976,0.4046841263771057,0.8081451952457428,0.40407765867902445,0.0,0.0,1
4.74,PINN Conservative,0.24486193430793657,0.02314164074194576,0.0886129229102232,0.11926371652738277,0.0005110353231430054,0.4045851230621338,0.8079660832881927,0.4039881015785504,0.0,0.0,1
4.745,PINN Conservative,0.2448062284647285,0.02336387503389942,0.08868506709811733,0.11935595661058696,0.0004969686269760132,0.40448665618896484,0.807787612080574,0.4038988648570548,0.0,0.0,1
4.75,PINN Conservative,0.24475024639068543,0.02358721132809365,0.08875687621147296,0.11944802594885667,0.0004827827215194702,0.40438753366470337,0.8076083660125732,0.4038092407005155,0.0,0.0,1
4.755,PINN Conservative,0.24469400233811922,0.02381159276599718,0.08882836677203484,0.1195398654023091,0.0004683583974838257,0.4042883515357971,0.8074291944503784,0.40371965379734576,0.0,0.0,1
4.76,PINN Conservative,0.24463749561343226,0.024037022114665695,0.08889954281866734,0.1196312518281284,0.00045381486415863037,0.4041885733604431,0.8072493672370911,0.40362973906452376,0.0,0.0,1
4.765,PINN Conservative,0.24458071778158286,0.02426353302506668,0.08897039567632173,0.11972248918045636,0.00043904781341552734,0.40408915281295776,0.8070704191923141,0.40354026392146275,0.0,0.0,1
4.7700000000000005,PINN Conservative,0.2445236668289006,0.024491133530587576,0.08904091645572994,0.11981347174643159,0.00042438507080078125,0.40398889780044556,0.8068897575139999,0.40344993195090145,0.0,0.0,1
4.775,PINN Conservative,0.2444663530623949,0.024719782512185685,0.0891111219119645,0.11990404674022515,0.00040924549102783203,0.4038883447647095,0.8067089915275574,0.40335954782562267,0.0,0.0,1
4.78,PINN Conservative,0.24440876677169934,0.024949518708641063,0.08918100039865659,0.11999433504996476,0.0003942251205444336,0.4037882089614868,0.8065295219421387,0.40326981190897465,0.0,0.0,1
4.785,PINN Conservative,0.24435092616934437,0.02518026946242675,0.08925057184452632,0.12008447953287177,0.0003788471221923828,0.4036870002746582,0.806347593665123,0.4031788466311304,0.0,0.0,1
4.79,PINN Conservative,0.24429280775505025,0.025412128526149734,0.0893198062589035,0.12017434442986663,0.00036346912384033203,0.4035857319831848,0.8061661720275879,0.4030881346761993,0.0,0.0,1
4.795,PINN Conservative,0.24423441338586854,0.025645088491241776,0.08938871515225319,0.12026362623082104,0.0003478527069091797,0.4034844636917114,0.8059852719306946,0.4029976834948553,0.0,0.0,1
4.8,PINN Conservative,0.24417578039674073,0.02587900041274836,0.08945732610330236,0.12035269309964042,0.0003323554992675781,0.40338271856307983,0.8058028966188431,0.4029064946967936,0.0,0.0,1
4.805,PINN Conservative,0.2441168557386379,0.026114075925799694,0.08952559628632689,0.12044137320231868,0.0003163963556289673,0.40328091382980347,0.8056213855743408,0.40281573803781906,0.0,0.0,1
4.8100000000000005,PINN Conservative,0.24405766306845872,0.026350220652969148,0.08959354240186292,0.12053003792133199,0.0003004223108291626,0.40317898988723755,0.8054391890764236,0.4027246386478443,0.0,0.0,1
4.815,PINN Conservative,0.24399821050054912,0.026587402222681036,0.08966116986899701,0.12061823491663587,0.00028420984745025635,0.40307652950286865,0.8052570521831512,0.40263356906056524,0.0,0.0,1
4.82,PINN Conservative,0.24393848995039533,0.026825652887497973,0.08972847675600339,0.12070638800064765,0.0002681165933609009,0.40297430753707886,0.8050751239061356,0.40254260378272105,0.0,0.0,1
4.825,PINN Conservative,0.2438785195783213,0.027064900198166767,0.08979547894409673,0.12079384195448134,0.00025166571140289307,0.40287142992019653,0.8048919588327408,0.40245102009894174,0.0,0.0,1
4.83,PINN Conservative,0.24381825810408328,0.027305308839130082,0.08986213651498512,0.12088116792663794,0.00023521482944488525,0.40276867151260376,0.8047095686197281,0.40235982385020613,0.0,0.0,1
4.835,PINN Conservative,0.2437577377389501,0.027546750305941944,0.08992847836274709,0.1209684384732001,0.00021816790103912354,0.402665376663208,0.804526150226593,0.40226811350497027,0.0,0.0,1
4.84,PINN Conservative,0.2436969483325312,0.027789265092825734,0.0899944959418765,0.1210551902675917,0.000201493501663208,0.4025617241859436,0.8043428212404251,0.4021764478637779,0.0,0.0,1
4.845,PINN Conservative,0.24363589846157097,0.028032818983501632,0.09006020372693198,0.1211419127751111,0.00018480420112609863,0.40245795249938965,0.8041585683822632,0.4020843202808027,0.0,0.0,1
4.8500000000000005,PINN Conservative,0.2435745867537903,0.02827741745257449,0.0901255864603561,0.12122776643565847,0.00016751885414123535,0.4023538827896118,0.8039746433496475,0.4019923566126537,0.0,0.0,1
4.855,PINN Conservative,0.2435129888139449,0.028523157823045365,0.09019063241483902,0.12131367026840145,0.00015023350715637207,0.40224963426589966,0.8037902861833572,0.4019001768749611,0.0,0.0,1
4.86,PINN Conservative,0.24345113756181716,0.028769908763906483,0.09025537336162302,0.1213992808542525,0.00013270974159240723,0.4021446704864502,0.8036049902439117,0.4018075277448118,0.0,0.0,1
4.865,PINN Conservative,0.24338902037840585,0.029017720617718755,0.09031978886339452,0.12148455417083348,0.00011518597602844238,0.40203964710235596,0.8034200072288513,0.40171503507881473,0.0,0.0,1
4.87,PINN Conservative,0.2433266292910676,0.02926662519074608,0.09038387735792554,0.12156973505646762,9.73045825958252e-05,0.40193498134613037,0.8032361567020416,0.4016231086640353,0.0,0.0,1
4.875,PINN Conservative,0.2432639763594509,0.029516574371923524,0.09044764488067503,0.12165442516513963,7.978081703186035e-05,0.4018297791481018,0.8030506819486618,0.401530370125799,0.0,0.0,1
4.88,PINN Conservative,0.24320106089741617,0.02976757089855362,0.09051109837943849,0.12173889222231121,6.155669689178467e-05,0.4017241597175598,0.8028651922941208,0.40143762413688877,0.0,0.0,1
4.885,PINN Conservative,0.24313787074090243,0.030019663298247075,0.0905742197494104,0.1218229646341849,4.367530345916748e-05,0.4016185402870178,0.8026795834302902,0.4013448185425872,0.0,0.0,1
4.89,PINN Conservative,0.24307442815961303,0.030272762727689313,0.09063703301549692,0.12190669441058333,2.5197863578796387e-05,0.4015123248100281,0.8024933189153671,0.40125168511863335,0.0,0.0,1
4.8950000000000005,PINN Conservative,0.2430107172753837,0.030526932531628165,0.09069952472434857,0.12199046357334825,6.720423698425293e-06,0.4014059901237488,0.8023070394992828,0.40115854424400554,0.0,0.0,1
4.9,PINN Conservative,0.24294672559599975,0.030782222546819178,0.09076167959240157,0.12207342230938767,-1.1876225471496582e-05,0.40129977464675903,0.8021212965250015,0.4010656715936387,0.0,1.187637422259812e-05,1
4.905,PINN Conservative,0.24288248601141157,0.031038501561267,0.09082352993627042,0.12215652477166672,-3.0472874641418457e-05,0.40119272470474243,0.8019338846206665,0.4009719644677933,0.0,3.0473256317707847e-05,1
4.91,PINN Conservative,0.24281797153097728,0.03129587725211723,0.09088504990142786,0.12223890706531876,-4.9307942390441895e-05,0.4010857343673706,0.8017469048500061,0.40087847341149146,0.0,4.93085599781395e-05,1
4.915,PINN Conservative,0.24275320732557737,0.031554249202026145,0.09094626764928249,0.12232152907992522,-6.860494613647461e-05,0.4009782671928406,0.8015598356723785,0.4007849376511461,0.0,6.860580542138236e-05,1
4.92,PINN Conservative,0.24268815116779702,0.031813785874104494,0.09100713578460949,0.122403640626572,-8.791685104370117e-05,0.40087074041366577,0.8013724982738495,0.40069126777867026,0.0,8.791795221245786e-05,1
4.925,PINN Conservative,0.2426228440097264,0.03207432389305377,0.09106770186337042,0.12248547832102874,-0.00010710954666137695,0.4007629156112671,0.801184669137001,0.40059735203395513,0.0,0.00010711088822087238,1
4.93,PINN Conservative,0.24255727529078275,0.03233590538952839,0.0911279444065262,0.12256669272433218,-0.00012630224227905273,0.4006543755531311,0.8009958118200302,0.40050292219273986,0.0,0.0001263038242292869,1
4.9350000000000005,PINN Conservative,0.2424914483297933,0.03259851712331559,0.0911878724684228,0.1226480537798596,-0.00014632940292358398,0.40054643154144287,0.8008086532354355,0.40040934172835096,0.0,0.00014633123571632816,1
4.94,PINN Conservative,0.24242534203542485,0.03286224323671053,0.0912474689803769,0.12272910833001577,-0.0001658797264099121,0.40043795108795166,0.8006201535463333,0.4003150907033097,0.0,0.00016588180407272555,1
4.945,PINN Conservative,0.24235897414289317,0.033127012976397266,0.09130675076776065,0.12280933435729291,-0.00018602609634399414,0.400329053401947,0.8004318624734879,0.4002209439877032,0.0,0.00018602842634242775,1
4.95,PINN Conservative,0.24229233353226273,0.03339287070452638,0.09136570512552722,0.12288964888612208,-0.0002060532569885254,0.40022003650665283,0.8002428412437439,0.4001264321890748,0.0,0.00020605583782946902,1
4.955,PINN Conservative,0.24222543918424183,0.033659740698982754,0.09142434428453153,0.1229696946652869,-0.00022630393505096436,0.40011066198349,0.800053671002388,0.4000318458837072,0.0,0.00022630676953399955,1
4.96,PINN Conservative,0.24215828619144103,0.033927642537429234,0.09148267447174387,0.12304951752038307,-0.0002469271421432495,0.4000011086463928,0.7998648583889008,0.3999374383945137,0.0,0.0002469302349343456,1
4.965,PINN Conservative,0.24209086248675388,0.03419662436068381,0.0915406733816649,0.12312874062174017,-0.0002673119306564331,0.39989161491394043,0.7996756881475449,0.3998428520891461,0.0,0.00026731527876936974,1
4.97,PINN Conservative,0.24202318950458332,0.03446660065780027,0.09159836939468362,0.12320791811077403,-0.00028805434703826904,0.3997815251350403,0.7994859218597412,0.3997479677568219,0.0,0.0002880579549523767,1
4.9750000000000005,PINN Conservative,0.241955228172265,0.03473772730624851,0.0916557210237043,0.12328694817967839,-0.00030891597270965576,0.3996710181236267,0.799295961856842,0.3996529865657368,0.0,0.0003089198419180447,1
4.98,PINN Conservative,0.24188701372157345,0.03500986375150111,0.09171276704735112,0.12336538919344514,-0.0003301352262496948,0.39956051111221313,0.7991054505109787,0.39955772969971676,0.0,0.00033013936123169556,1
4.985,PINN Conservative,0.241818542550276,0.035283024364395725,0.09176949439349784,0.12344358278652484,-0.0003511160612106323,0.39944928884506226,0.7989141345024109,0.39946207049730525,0.0,0.00035112045898002446,1
4.99,PINN Conservative,0.24174978679514025,0.03555732030321232,0.09182588875719194,0.12352151568872327,-0.0003725588321685791,0.39933788776397705,0.7987227588891983,0.3993663814921981,0.0,0.0003725634985111646,1
4.995,PINN Conservative,0.24168078793031914,0.03583258610992224,0.09188197771998645,0.12359899149689246,-0.00039377808570861816,0.39922642707824707,0.7985316962003708,0.39927084895124315,0.0,0.00039378301782481544,1
5.0,PINN Conservative,0.24161152171718703,0.036108918482708106,0.09193774750278556,0.12367662036772559,-0.00041559338569641113,0.399114727973938,0.7983404695987701,0.39917523445287517,0.0,0.0004155985910517711,1
