time,method,mass,conservation_error,l2_vs_cn,linf_vs_cn,min_c,max_c,tv,tv_ratio,overshoot_rel,negative_depth_rel,extrema_count
0.0,CN,0.25066267990416874,0.0,0.0,0.0,3.7266531720786777e-06,1.0,1.9999923558199433,1.0,0.0,0.0,1
0.1,CN,0.25066261999844963,2.3898938258549366e-07,0.0,0.0,6.330714792246988e-05,0.9121801377141526,1.8242336715966392,0.912120322004307,0.0,0.0,2
0.2,CN,0.25066243800152493,9.650524916491438e-07,0.0,0.0,0.00024492233481671495,0.8443712183179177,1.6882516705264805,0.8441290616005093,0.0,0.0,2
0.30000000000000004,CN,0.25066268372623784,1.5247858624640595e-08,0.0,0.0,0.0006721692787811269,0.789843484075479,1.5783406742194879,0.7891733534013486,0.0,0.0,2
0.4,CN,0.25066268372622985,1.5247826734748648e-08,0.0,0.0,0.0014695989093884865,0.7447203011780239,1.4864965537707193,0.7432511176580451,0.0,0.0,2
0.5,CN,0.2506626837262225,1.5247797502347696e-08,0.0,0.0,0.002753760131299992,0.7065601958446327,1.4076044205497884,0.7038049002805855,0.0,0.0,2
0.6000000000000001,CN,0.25066268372621475,1.524776649828608e-08,0.0,0.0,0.004602047857559294,0.673731843889646,1.3382454300875228,0.6691252725007931,0.0,0.0,2
0.7000000000000001,CN,0.25066268372620704,1.5247735715682046e-08,0.0,0.0,0.007051555384937553,0.645095789217368,1.276067973278304,0.6380364252718108,0.0,0.0,2
0.8,CN,0.2506626837262004,1.5247709140772093e-08,0.0,0.0,0.010100523205806873,0.6198278789239853,1.2194261574662841,0.6097154091203274,0.0,0.0,2
0.9,CN,0.25066268372619227,1.524767680796498e-08,0.0,0.0,0.013716178223926538,0.5973148654425309,1.167160665927734,0.5835825634689635,0.0,0.0,2
1.0,CN,0.250662683726185,1.524764779702161e-08,0.0,0.0,0.017846678884922067,0.5770895425814363,1.1184397381368139,0.5592220064652614,0.0,0.0,2
1.1,CN,0.2506626837261782,1.5247620779196487e-08,0.0,0.0,0.022426669214437558,0.5587887904902603,1.0726694416547338,0.5363367707547902,0.0,0.0,2
1.2000000000000002,CN,0.25066268372617106,1.5247592211168286e-08,0.0,0.0,0.027387461988396616,0.5421255159395756,1.0294118857727526,0.5147079101463472,0.0,0.0,2
1.3,CN,0.2506626837261633,1.524756120710667e-08,0.0,0.0,0.03265863041961206,0.5268693462007061,0.9883486739690291,0.4941762257705393,0.0,0.0,2
1.4000000000000001,CN,0.2506626837261567,1.52475348536543e-08,0.0,0.0,0.038174190606860656,0.5128330171175022,0.949236093626425,0.47461986085304997,0.0,0.0,2
1.5,CN,0.2506626837261498,1.524750739291401e-08,0.0,0.0,0.04387208906348453,0.4998625684299087,0.911891728833532,0.4559476070895685,0.0,0.0,2
1.6,CN,0.25066268372614353,1.5247482368207134e-08,0.0,0.0,0.049697153117306256,0.48783014607099257,0.8761690051994878,0.4380861770045526,0.0,0.0,2
1.7000000000000002,CN,0.25066268372613704,1.5247456457669928e-08,0.0,0.0,0.05560006367338214,0.47662862725228794,0.8419536377167909,0.4209784278758468,0.0,0.0,2
1.8,CN,0.250662683726131,1.5247432318793386e-08,0.0,0.0,0.0615382213119428,0.4661675439486277,0.8091486402727018,0.4045758664617358,0.0,0.0,2
1.9000000000000001,CN,0.25066268372612394,1.5247404193680347e-08,0.0,0.0,0.06747492686036627,0.456369946916287,0.7776747827708815,0.38883887756263735,0.0,0.0,2
2.0,CN,0.25066268372611733,1.5247377840227976e-08,0.0,0.0,0.07337909451738875,0.4471699616016066,0.7474612204920739,0.3737320386835353,0.0,0.0,2
2.1,CN,0.25066268372611006,1.5247348829284605e-08,0.0,0.0,0.07922478762938429,0.43851086038960907,0.7184476068351788,0.3592251764085541,0.0,0.0,2
2.2,CN,0.2506626837261036,1.5247323140204984e-08,0.0,0.0,0.08499042852950597,0.4303435254227003,0.6905775892909787,0.34529011437539237,0.0,0.0,2
2.3000000000000003,CN,0.2506626837260975,1.5247298779870858e-08,0.0,0.0,0.09065859184649394,0.422625210650179,0.6638017390912101,0.3319021381054575,0.0,0.0,2
2.4000000000000004,CN,0.25066268372609213,1.5247277298485308e-08,0.0,0.0,0.09621511688572203,0.4153185359136244,0.6380723487800251,0.31903739377965395,0.0,0.0,2
2.5,CN,0.2506626837260858,1.524725205232085e-08,0.0,0.0,0.10164901533947274,0.40839066301840393,0.613346916059025,0.3066746301675584,0.0,0.0,2
2.6,CN,0.25066268372607936,1.5247226363241225e-08,0.0,0.0,0.10695170218121929,0.4018126160597419,0.5895833992175918,0.2947928263335179,0.0,0.0,2
2.7,CN,0.2506626837260729,1.5247200674161604e-08,0.0,0.0,0.11211691471365333,0.3955587172230548,0.5667441549704688,0.2833731605629657,0.0,0.0,2
2.8000000000000003,CN,0.2506626837260665,1.524717498508198e-08,0.0,0.0,0.11714014369314234,0.3896061158535121,0.5447912517502632,0.2723966669997163,0.0,0.0,2
2.9000000000000004,CN,0.25066268372606026,1.5247150181832688e-08,0.0,0.0,0.12201851800615575,0.3839343934743598,0.5236907738811478,0.26184638774104146,0.0,0.0,2
3.0,CN,0.2506626837260539,1.5247124714210644e-08,0.0,0.0,0.1267504348968561,0.37852523110056085,0.5034080525434931,0.25170498831087246,0.0,0.0,2
3.1,CN,0.25066268372604766,1.5247099910961352e-08,0.0,0.0,0.13133540820187778,0.3733621279789839,0.4839122311203733,0.24195704034177784,0.0,0.0,2
3.2,CN,0.2506626837260414,1.5247074886254478e-08,0.0,0.0,0.13577385581974574,0.3684301630226427,0.4651714079695649,0.2325865929516801,0.0,0.0,2
3.3000000000000003,CN,0.2506626837260355,1.5247051411750684e-08,0.0,0.0,0.14006693151503927,0.3637157918646942,0.4471573535865158,0.22357953133435515,0.0,0.0,2
3.4000000000000004,CN,0.25066268372602885,1.5247024836840727e-08,0.0,0.0,0.14421641682737235,0.35920667375669174,0.42984061223112097,0.21492112756345902,0.0,0.0,2
3.5,CN,0.2506626837260234,1.5247003133997596e-08,0.0,0.0,0.14822456067103254,0.3548915235646628,0.4131952770278663,0.20659842815172527,0.0,0.0,2
3.6,CN,0.2506626837260171,1.5246977887833138e-08,0.0,0.0,0.15209402933710742,0.3507599849384413,0.3971941036003411,0.1985978108588831,0.0,0.0,2
3.7,CN,0.2506626837260109,1.524695330604143e-08,0.0,0.0,0.15582777191593744,0.3468025213926279,0.3818132765222534,0.190907367926274,0.0,0.0,2
3.8000000000000003,CN,0.25066268372600514,1.52469302744528e-08,0.0,0.0,0.1594289957382283,0.34301032257599734,0.3670275728553255,0.18351448783655677,0.0,0.0,2
3.9000000000000004,CN,0.2506626837259989,1.524690547120351e-08,0.0,0.0,0.16290106592753079,0.33937522344691295,0.35281508242914394,0.1764082154626532,0.0,0.0,2
4.0,CN,0.25066268372599265,1.5246880446496635e-08,0.0,0.0,0.16624748771197828,0.33588963443568215,0.3391524390107029,0.16957686764340632,0.0,0.0,2
4.1000000000000005,CN,0.25066268372598666,1.5246856529077675e-08,0.0,0.0,0.16947183974202257,0.3325464809750616,0.326019480645814,0.16301036336319133,0.0,0.0,2
4.2,CN,0.2506626837259807,1.5246832833116295e-08,0.0,0.0,0.17257775561167593,0.3293391510309316,0.31339454980868986,0.1566978738177259,0.0,0.0,2
4.3,CN,0.2506626837259749,1.5246809580070085e-08,0.0,0.0,0.17556888503633342,0.3262614494739314,0.3012590954918264,0.15063012346780608,0.0,0.0,2
4.4,CN,0.25066268372596895,1.524678588410871e-08,0.0,0.0,0.17844887360966682,0.32330755830881613,0.28959303408253567,0.14479707046870702,0.0,0.0,2
4.5,CN,0.2506626837259632,1.524676285252008e-08,0.0,0.0,0.18122134374611887,0.3204720019255355,0.2783793023066804,0.13919018315075127,0.0,0.0,2
4.6000000000000005,CN,0.25066268372595707,1.5246738492185954e-08,0.0,0.0,0.18388987467985227,0.317749616661024,0.26759926728230743,0.13380014503735385,0.0,0.0,2
4.7,CN,0.2506626837259518,1.524671745371557e-08,0.0,0.0,0.18645799542232988,0.31513552406564105,0.2572372408682103,0.1286191120279307,0.0,0.0,2
4.800000000000001,CN,0.25066268372594613,1.524669486504211e-08,0.0,0.0,0.18892916746780597,0.312625107357812,0.24727592833342957,0.1236384367239509,0.0,0.0,2
4.9,CN,0.25066268372594075,1.524667338365656e-08,0.0,0.0,0.1913067837625508,0.3102139906256921,0.23770091268622237,0.11885091060199146,0.0,0.0,2
5.0,CN,0.2506626837259363,1.5246655667049924e-08,0.0,0.0,0.19359415574979885,0.3078980203992989,0.22849613443626848,0.1142485038862017,0.0,0.0,2
5.1000000000000005,CN,0.2506626837259307,1.5246633299834046e-08,0.0,0.0,0.19579451449352567,0.30567324927101486,0.21964835126916288,0.10982459539407237,0.0,0.0,2
5.2,CN,0.2506626837259261,1.5246614918854658e-08,0.0,0.0,0.19791100252018928,0.3035359212889762,0.21114264472962885,0.10557172586945515,0.0,0.0,2
5.300000000000001,CN,0.2506626837259205,1.524659255163878e-08,0.0,0.0,0.19994667512601547,0.30148245888744735,0.20296685760889846,0.10148381668473302,0.0,0.0,2
5.4,CN,0.2506626837259146,1.5246569077134985e-08,0.0,0.0,0.2019044965100132,0.2995094511521403,0.1951071260348903,0.0975539358773707,0.0,0.0,2
5.5,CN,0.2506626837259088,1.5246545824088775e-08,0.0,0.0,0.20378734061696388,0.29761364324714107,0.18755229484821792,0.09377650584635686,0.0,0.0,2
5.6000000000000005,CN,0.2506626837259034,1.5246524342703225e-08,0.0,0.0,0.20559799052047553,0.2957919268547824,0.1802894751952654,0.09014508214025226,0.0,0.0,2
5.7,CN,0.25066268372589884,1.5246506183181422e-08,0.0,0.0,0.20733913888445968,0.29404133150079836,0.1733084371043975,0.08665454975368928,0.0,0.0,2
5.800000000000001,CN,0.2506626837258936,1.5246485366168623e-08,0.0,0.0,0.20901338943072809,0.2923590166549212,0.16659719332505407,0.08329891503847958,0.0,0.0,2
5.9,CN,0.25066268372588907,1.524646720664682e-08,0.0,0.0,0.21062325736569726,0.2907422645125731,0.1601463680710974,0.08007349008363668,0.0,0.0,2
6.0,CN,0.25066268372588385,1.524644638963402e-08,0.0,0.0,0.2121711719254835,0.289188473376293,0.15394480782885078,0.07697269811100729,0.0,0.0,2
6.1000000000000005,CN,0.2506626837258796,1.5246429337400133e-08,0.0,0.0,0.21365947709091349,0.28769515156673264,0.14798392548337366,0.07399224554671072,0.0,0.0,2
6.2,CN,0.2506626837258744,1.524640874184492e-08,0.0,0.0,0.21509043449307752,0.28625991180274196,0.14225333846022548,0.071126941083685,0.0,0.0,2
6.300000000000001,CN,0.25066268372586936,1.5246388589204867e-08,0.0,0.0,0.2164662245906778,0.284880465998231,0.136745187891039,0.06837285527272785,0.0,0.0,2
6.4,CN,0.25066268372586353,1.5246365336158657e-08,0.0,0.0,0.2177889495196177,0.28355462043038643,0.13144980402011097,0.06572515321750821,0.0,0.0,2
6.5,CN,0.2506626837258581,1.5246343633315526e-08,0.0,0.0,0.21906063474567963,0.28228027124021804,0.12636000048715676,0.06318024172415027,0.0,0.0,2
6.6000000000000005,CN,0.2506626837258528,1.5246322594845143e-08,0.0,0.0,0.22028323168125713,0.28105540023099557,0.1214667665783484,0.06073361541852008,0.0,0.0,2
6.7,CN,0.25066268372584793,1.5246303106577845e-08,0.0,0.0,0.2214586197122138,0.27987807093529155,0.11676353700111308,0.058381991641784634,0.0,0.0,2
6.800000000000001,CN,0.2506626837258424,1.5246280960819548e-08,0.0,0.0,0.22258860855795568,0.2787464249243558,0.11224191035094455,0.056121169675635275,0.0,0.0,2
6.9,CN,0.2506626837258377,1.524626235838258e-08,0.0,0.0,0.22367494052014603,0.27765867833759056,0.10789589490202203,0.053948153645711115,0.0,0.0,2
7.0,CN,0.25066268372583167,1.5246238219506033e-08,0.0,0.0,0.2247192926356968,0.2766131186120241,0.10371765259033769,0.051859024505029286,0.0,0.0,2
7.1000000000000005,CN,0.2506626837258267,1.5246218288323566e-08,0.0,0.0,0.22572327899637715,0.275608101394667,0.09970172137196132,0.04985105122118643,0.0,0.0,2
7.2,CN,0.25066268372582157,1.5246197914225933e-08,0.0,0.0,0.22668845276069377,0.27464204762224953,0.09584078404995428,0.047920575181729694,0.0,0.0,2
7.300000000000001,CN,0.2506626837258165,1.5246177761585885e-08,0.0,0.0,0.22761630842643005,0.27371344075493914,0.09212986770521223,0.04606510991760338,0.0,0.0,2
7.4,CN,0.2506626837258115,1.5246157830403417e-08,0.0,0.0,0.2285082837526257,0.27282082415215364,0.0885621367719136,0.0442812376328336,0.0,0.0,2
7.5,CN,0.2506626837258067,1.52461385635937e-08,0.0,0.0,0.22936576191103814,0.2719627985796738,0.08513306996926809,0.04256669767838478,0.0,0.0,2
7.6000000000000005,CN,0.25066268372580247,1.5246121732817395e-08,0.0,0.0,0.23019007334430258,0.2711380198387983,0.08183627711875466,0.04091829495278444,0.0,0.0,2
7.7,CN,0.25066268372579725,1.5246100915804596e-08,0.0,0.0,0.2309824977626637,0.2703451965089712,0.07866765392982125,0.03933397730291305,0.0,0.0,2
7.800000000000001,CN,0.25066268372579303,1.524608408502829e-08,0.0,0.0,0.23174426594209363,0.2695830877963792,0.07562122212875869,0.03781075558049121,0.0,0.0,2
7.9,CN,0.2506626837257886,1.5246066368421653e-08,0.0,0.0,0.23247656156175972,0.2688505014816136,0.07269326239417934,0.0363467701177173,0.0,0.0,2
8.0,CN,0.250662683725783,1.5246044001205775e-08,0.0,0.0,0.23318052293222025,0.2681462919603686,0.0698781774211939,0.034939222251449915,0.0,0.0,2
8.1,CN,0.25066268372577805,1.524602429148089e-08,0.0,0.0,0.23385724468550892,0.2674693583715096,0.06717260326846108,0.03358643000458975,0.0,0.0,2
8.200000000000001,CN,0.2506626837257727,1.5246003031552924e-08,0.0,0.0,0.23450777941889167,0.26681864280741524,0.06457129501292269,0.032285770905584384,0.0,0.0,2
8.3,CN,0.2506626837257683,1.5245985314946287e-08,0.0,0.0,0.23513313925548654,0.2661931286020657,0.06207121675451038,0.031035726998597878,0.0,0.0,2
8.4,CN,0.25066268372576334,1.5245965605221404e-08,0.0,0.0,0.23573429739101848,0.26559183869255865,0.059667449532535166,0.029833838793885344,0.0,0.0,2
8.5,CN,0.2506626837257579,1.5245943902378273e-08,0.0,0.0,0.2363121895421198,0.2650138340501956,0.05735726023103399,0.028678739728242135,0.0,0.0,2
8.6,CN,0.25066268372575384,1.5245927735974715e-08,0.0,0.0,0.2368677153889072,0.2644582121775159,0.05513603143382878,0.02756812108475509,0.0,0.0,2
8.700000000000001,CN,0.2506626837257487,1.52459071404195e-08,0.0,0.0,0.23740173992428198,0.2639241056680049,0.05300130947572751,0.026500756026139105,0.0,0.0,2
8.8,CN,0.25066268372574474,1.524589141693111e-08,0.0,0.0,0.2379150947910536,0.26341068082535546,0.05094875591662046,0.025474475324048344,0.0,0.0,2
8.9,CN,0.2506626837257404,1.524587414323964e-08,0.0,0.0,0.2384085795412808,0.26291713633945746,0.0489761749862799,0.024488181089172705,0.0,0.0,2
9.0,CN,0.25066268372573564,1.5245855097887505e-08,0.0,0.0,0.23888296287150537,0.26244270201638686,0.047079486361590706,0.02353983315215691,0.0,0.0,2
9.1,CN,0.2506626837257303,1.524583383795954e-08,0.0,0.0,0.2393389837978014,0.26198663755995466,0.04525673225314805,0.02262845261455712,0.0,0.0,2
9.200000000000001,CN,0.25066268372572476,1.5245811692201243e-08,0.0,0.0,0.23977735279572274,0.26154823140247085,0.04350407117601304,0.021752118726562603,0.0,0.0,2
9.3,CN,0.2506626837257204,1.524579441850977e-08,0.0,0.0,0.24019875289478368,0.26112679958246243,0.04181976492385028,0.020909962381683855,0.0,0.0,2
9.4,CN,0.25066268372571543,1.5245774487327304e-08,0.0,0.0,0.24060384073098126,0.26072168466733026,0.04020019303199937,0.020100173340671778,0.0,0.0,2
9.5,CN,0.25066268372571093,1.5245756549263085e-08,0.0,0.0,0.24099324756385504,0.26033225471897303,0.03864381987977866,0.019321983790250904,0.0,0.0,2
9.600000000000001,CN,0.2506626837257061,1.5245737282453365e-08,0.0,0.0,0.24136758024934557,0.2599579023005512,0.03714722955535779,0.01857368576797806,0.0,0.0,2
9.700000000000001,CN,0.2506626837257019,1.524572045167706e-08,0.0,0.0,0.24172742218272558,0.25959804352255805,0.03570907332009671,0.01785460490195571,0.0,0.0,2
9.8,CN,0.25066268372569694,1.5245700741952177e-08,0.0,0.0,0.24207333419885438,0.25925211712670876,0.03432612459559348,0.01716312789681673,0.0,0.0,2
9.9,CN,0.2506626837256918,1.524568014639696e-08,0.0,0.0,0.24240585544476528,0.25891958360583395,0.03299720701694664,0.01649866656786229,0.0,0.0,2
10.0,CN,0.25066268372568695,1.5245660879587243e-08,0.0,0.0,0.2427255042133432,0.2585999243585426,0.031719269273148526,0.015859695253757345,0.0,0.0,2
10.100000000000001,CN,0.2506626837256817,1.5245639841116863e-08,0.0,0.0,0.2430327787498831,0.25829264087698917,0.030491293969180294,0.015245705255048177,0.0,0.0,2
10.200000000000001,CN,0.2506626837256768,1.524562035284956e-08,0.0,0.0,0.24332815802430066,0.2579972539665927,0.029310392061119184,0.014655252044252293,0.0,0.0,2
10.3,CN,0.2506626837256719,1.524560086458226e-08,0.0,0.0,0.24361210247621434,0.2577133029962621,0.028175692740649322,0.014087900215547596,0.0,0.0,2
10.4,CN,0.25066268372566736,1.5245582705060457e-08,0.0,0.0,0.24388505473009459,0.25744034517795555,0.02708445721541633,0.013542280367522919,0.0,0.0,2
10.5,CN,0.2506626837256627,1.5245564102623487e-08,0.0,0.0,0.24414744028353388,0.25717795487440365,0.026035949823643018,0.01301802466788378,0.0,0.0,2
10.600000000000001,CN,0.25066268372565786,1.5245544835813767e-08,0.0,0.0,0.2443996681691881,0.25692572293388044,0.025027570918968678,0.012513833288481768,0.0,0.0,2
10.700000000000001,CN,0.2506626837256531,1.5245525790461635e-08,0.0,0.0,0.24464213159072537,0.25668325605083775,0.02405870941768387,0.012029400686294345,0.0,0.0,2
10.8,CN,0.2506626837256482,1.5245506302194334e-08,0.0,0.0,0.2448752085351729,0.25645017615154797,0.023126894554475252,0.011563491473943081,0.0,0.0,2
10.9,CN,0.25066268372564315,1.5245486149554282e-08,0.0,0.0,0.24509926236066681,0.2562261198035953,0.02223163006061671,0.011115857516116523,0.0,0.0,2
11.0,CN,0.25066268372563816,1.5245466218371815e-08,0.0,0.0,0.24531464236265255,0.25601073764836263,0.021370564563840427,0.010685323122187168,0.0,0.0,2
11.100000000000001,CN,0.2506626837256334,1.524544717301968e-08,0.0,0.0,0.24552168431721344,0.2558036938556398,0.020543307591433413,0.010271693055052307,0.0,0.0,2
11.200000000000001,CN,0.25066268372562833,1.524542702037963e-08,0.0,0.0,0.2457207110043916,0.2556046655993504,0.019747618394238914,0.009873846935851372,0.0,0.0,2
11.3,CN,0.25066268372562356,1.5245407975027496e-08,0.0,0.0,0.24591203271054557,0.2554133425537022,0.018983203964147766,0.009491638259969829,0.0,0.0,2
11.4,CN,0.2506626837256188,1.524538892967536e-08,0.0,0.0,0.2460959477119061,0.2552294264088921,0.018247926068554354,0.009123997907018596,0.0,0.0,2
11.5,CN,0.25066268372561396,1.5245369662865644e-08,0.0,0.0,0.24627274273908065,0.25505263040561144,0.017541581467958756,0.00877082425685931,0.0,0.0,2
11.600000000000001,CN,0.2506626837256091,1.5245350396055924e-08,0.0,0.0,0.24644269342381722,0.25488267888761784,0.016862126952885054,0.008431095700849333,0.0,0.0,2
11.700000000000001,CN,0.25066268372560396,1.524532980050071e-08,0.0,0.0,0.24660606472846267,0.2547193068716677,0.016209441943466296,0.008104751948824753,0.0,0.0,2
11.8,CN,0.2506626837255997,1.524531274826682e-08,0.0,0.0,0.24676311135878487,0.25456225963413287,0.015581571326536953,0.007790815440466484,0.0,0.0,2
11.9,CN,0.25066268372559464,1.524529259562677e-08,0.0,0.0,0.24691407816092945,0.254411292313649,0.014978470615255118,0.007489263932268554,0.0,0.0,2
12.0,CN,0.25066268372559003,1.5245274214647387e-08,0.0,0.0,0.24705920050292496,0.2542661695291614,0.01439826638961958,0.007199160710650155,0.0,0.0,2
12.100000000000001,CN,0.250662683725585,1.5245254062007335e-08,0.0,0.0,0.247198704641562,0.2541266650128026,0.013840984190301747,0.006920518545995799,0.0,0.0,2
12.200000000000001,CN,0.25066268372558,1.5245234130824868e-08,0.0,0.0,0.24733280807493885,0.2539925612569691,0.013304826371285827,0.006652438611862196,0.0,0.0,2
12.3,CN,0.25066268372557576,1.5245217300048562e-08,0.0,0.0,0.24746171988154653,0.25386364917510856,0.012789882898311122,0.006394965891290926,0.0,0.0,2
12.4,CN,0.25066268372557116,1.5245198919069177e-08,0.0,0.0,0.2475856410460656,0.25373972777560816,0.012294426427283622,0.006147236708933938,0.0,0.0,2
12.5,CN,0.2506626837255667,1.524518120246254e-08,0.0,0.0,0.24770476477271383,0.2536206038483763,0.011818606174383767,0.005909325673166613,0.0,0.0,2
12.600000000000001,CN,0.2506626837255623,1.5245163485855902e-08,0.0,0.0,0.247819276786343,0.2535060916635108,0.011360760038722134,0.005680401730367878,0.0,0.0,2
12.700000000000001,CN,0.2506626837255574,1.52451439975886e-08,0.0,0.0,0.24792935562199223,0.2533960126816864,0.01092109170760297,0.005460566724579112,0.0,0.0,2
12.8,CN,0.25066268372555245,1.524512428786372e-08,0.0,0.0,0.24803517290316682,0.25329019527572816,0.010497999646511935,0.005249019885482531,0.0,0.0,2
12.9,CN,0.25066268372554734,1.5245103913766086e-08,0.0,0.0,0.2481368936093841,0.253188474462988,0.010091737599793399,0.005045888085735236,0.0,0.0,2
13.0,CN,0.25066268372554296,1.524508641861703e-08,0.0,0.0,0.24823467633336127,0.253090691648078,0.009700760275440035,0.004850398676380432,0.0,0.0,2
13.100000000000001,CN,0.2506626837255383,1.524506781618006e-08,0.0,0.0,0.2483286735282343,0.2529966943755737,0.009325367398227341,0.004662701520378657,0.0,0.0,2
13.200000000000001,CN,0.2506626837255329,1.5245046334794514e-08,0.0,0.0,0.24841903174524627,0.25290633609229307,0.008964065920970515,0.0044820500912842185,0.0,0.0,2
13.3,CN,0.25066268372552775,1.5245025739239296e-08,0.0,0.0,0.24850589186218744,0.2528194759187788,0.00861719778406178,0.004308615359946694,0.0,0.0,2
13.4,CN,0.25066268372552286,1.5245006250971998e-08,0.0,0.0,0.24858938930304073,0.25273597842963025,0.008283318488901098,0.004141675074305551,0.0,0.0,2
13.5,CN,0.25066268372551836,1.5244988312907776e-08,0.0,0.0,0.24866965424909485,0.2526557134423495,0.007962808714773562,0.003981419574730836,0.0,0.0,2
13.600000000000001,CN,0.2506626837255141,1.524497126067389e-08,0.0,0.0,0.24874681184190012,0.2525785558143515,0.0076542690940057945,0.0038271491747115948,0.0,0.0,2
13.700000000000001,CN,0.2506626837255094,1.524495265823692e-08,0.0,0.0,0.24882098237836567,0.25250438524783975,0.00735811583422874,0.003679071978858694,0.0,0.0,2
13.8,CN,0.25066268372550476,1.524493405579995e-08,0.0,0.0,0.24889228149830897,0.25243308610225007,0.007072991538484175,0.003536509286098965,0.0,0.0,2
13.9,CN,0.2506626837255001,1.524491545336298e-08,0.0,0.0,0.24896082036473693,0.25236454721392515,0.006799344978135169,0.0033996854829715685,0.0,0.0,2
14.0,CN,0.2506626837254949,1.5244894636350182e-08,0.0,0.0,0.24902670583715317,0.25229866172281185,0.0065358578046708915,0.0032679413927016563,0.0,0.0,2
14.100000000000001,CN,0.2506626837254901,1.5244875590998047e-08,0.0,0.0,0.24909004063817158,0.2522353269058333,0.006283008615787761,0.003141516315052062,0.0,0.0,2
14.200000000000001,CN,0.250662683725485,1.5244855216900414e-08,0.0,0.0,0.24915092351364396,0.2521744440167333,0.006039515409038826,0.0030197692463493375,0.0,0.0,2
14.3,CN,0.25066268372548056,1.5244837500293776e-08,0.0,0.0,0.249209449386634,0.25211591813211237,0.005805884080989643,0.002902953135843055,0.0,0.0,2
14.4,CN,0.2506626837254759,1.5244818897856807e-08,0.0,0.0,0.2492657095053888,0.2520596580034257,0.005580866476105867,0.0027904439033807514,0.0,0.0,2
14.5,CN,0.25066268372547185,1.5244802731453252e-08,0.0,0.0,0.24931979158561596,0.25200557591472045,0.005364993456311529,0.002682506980938947,0.0,0.0,2
14.600000000000001,CN,0.2506626837254671,1.5244783686101117e-08,0.0,0.0,0.2493717799472303,0.25195358754586594,0.005157048401674552,0.00257853405622658,0.0,0.0,2
14.700000000000001,CN,0.250662683725462,1.5244763533461068e-08,0.0,0.0,0.2494217556458251,0.25190361184108995,0.004957584985129604,0.0024788019667690816,0.0,0.0,2
14.8,CN,0.2506626837254573,1.5244744709566514e-08,0.0,0.0,0.24946979659903487,0.2518555708825999,0.004765415984606142,0.0023827170992623365,0.0,0.0,2
14.9,CN,0.2506626837254521,1.5244723892553715e-08,0.0,0.0,0.24951597770802622,0.25180938976910466,0.004581115895290311,0.002290566702397308,0.0,0.0,2
15.0,CN,0.2506626837254472,1.5244704404286414e-08,0.0,0.0,0.24956037097425554,0.2517649964990215,0.004403524915688628,0.002201770873210813,0.0,0.0,2
15.100000000000001,CN,0.2506626837254426,1.524468602330703e-08,0.0,0.0,0.24960304561176058,0.25172232185823185,0.004233236527405038,0.0021166263536389987,0.0,0.0,2
15.200000000000001,CN,0.25066268372543793,1.524466742087006e-08,0.0,0.0,0.24964406815503384,0.25168129931215116,0.004069116520483251,0.0020345660365361858,0.0,0.0,2
15.3,CN,0.25066268372543327,1.524464881843309e-08,0.0,0.0,0.24968350256278027,0.251641864902008,0.003911775668463513,0.001955895309839717,0.0,0.0,2
15.4,CN,0.25066268372542844,1.5244629551623374e-08,0.0,0.0,0.24972141031762737,0.2516039571451131,0.003760103660945535,0.0018800590162275862,0.0,0.0,2
15.5,CN,0.2506626837254237,1.524461072772882e-08,0.0,0.0,0.24975785052198587,0.2515675169390046,0.0036147269994148967,0.0018073704076398609,0.0,0.0,2
15.600000000000001,CN,0.2506626837254187,1.5244590796546353e-08,0.0,0.0,0.24979287999019661,0.2515324874692999,0.003474557707705883,0.0017372854939145042,0.0,0.0,2
15.700000000000001,CN,0.2506626837254142,1.5244572858482134e-08,0.0,0.0,0.24982655333709672,0.25149881412111835,0.0033402365719270577,0.0016701246693303737,0.0,0.0,2
15.8,CN,0.2506626837254097,1.524455469896033e-08,0.0,0.0,0.24985892306319787,0.2514664443939299,0.003210696501904753,0.0016053543867613701,0.0,0.0,2
15.9,CN,0.25066268372540496,1.5244535875065776e-08,0.0,0.0,0.24989003963650683,0.2514353278196841,0.003086591236389935,0.0015433015168323059,0.0,0.0,2
16.0,CN,0.25066268372540024,1.5244517051171226e-08,0.0,0.0,0.24991995157123886,0.25140541588415444,0.002966873231167122,0.0014834422854335277,0.0,0.0,2
16.1,CN,0.2506626837253957,1.5244498891649422e-08,0.0,0.0,0.24994870550343337,0.25137666195127184,0.0028522079486600904,0.001426109425048658,0.0,0.0,2
16.2,CN,0.2506626837253911,1.5244480510670038e-08,0.0,0.0,0.24997634626369092,0.2513490211904343,0.002741566150550101,0.0013707883145513986,0.0,0.0,2
16.3,CN,0.25066268372538597,1.5244460136572405e-08,0.0,0.0,0.2500029169470361,0.25132245050658647,0.0026356238890093975,0.0013178169813198423,0.0,0.0,2
16.400000000000002,CN,0.2506626837253818,1.524444352725368e-08,0.0,0.0,0.2500284589801395,0.25129690847305697,0.0025333690840315115,0.0012666893834166171,0.0,0.0,2
16.5,CN,0.25066268372537687,1.5244423817528798e-08,0.0,0.0,0.25005301218587983,0.25127235526694597,0.002435487331475028,0.0012177483200812252,0.0,0.0,2
16.6,CN,0.250662683725372,1.5244404329261497e-08,0.0,0.0,0.2500766148454543,0.2512487526070558,0.0023409826474889983,0.0011704957974848149,0.0,0.0,2
16.7,CN,0.25066268372536726,1.5244385505366943e-08,0.0,0.0,0.2500993037580445,0.25122606369419526,0.0022505492067080857,0.001125278904271322,0.0,0.0,2
16.8,CN,0.2506626837253625,1.524436646001481e-08,0.0,0.0,0.25012111429820305,0.2512042531538028,0.002163206138254492,0.0010816072031273518,0.0,0.0,2
16.900000000000002,CN,0.25066268372535766,1.524434719320509e-08,0.0,0.0,0.25014208047100384,0.25118328698080217,0.002079655305560646,0.001039831627110416,0.0,0.0,2
17.0,CN,0.2506626837253534,1.5244330140971204e-08,0.0,0.0,0.2501622349650532,0.251163132486583,0.0019989300405687804,0.0009994688403442786,0.0,0.0,2
17.1,CN,0.25066268372534845,1.5244310431246318e-08,0.0,0.0,0.2501816092034597,0.2511437582480272,0.0019217390748162977,0.0009608732099520631,0.0,0.0,2
17.2,CN,0.2506626837253437,1.5244291607351767e-08,0.0,0.0,0.2502002333928343,0.2511251340585256,0.0018471291003306356,0.0009235680801256673,0.0,0.0,2
17.3,CN,0.2506626837253389,1.5244272340542047e-08,0.0,0.0,0.25021813657036296,0.2511072308808841,0.0017758149600349826,0.0008879108736927877,0.0,0.0,2
17.400000000000002,CN,0.250662683725334,1.5244252852274746e-08,0.0,0.0,0.250235346649115,0.25109002080203746,0.001706855925723838,0.000853431224752893,0.0,0.0,2
17.5,CN,0.25066268372532885,1.5244232256719532e-08,0.0,0.0,0.2502518904615149,0.25107347698954985,0.0016409722540314253,0.0008204892629995431,0.0,0.0,2
17.6,CN,0.25066268372532485,1.5244216311773558e-08,0.0,0.0,0.250267793801233,0.2510575736497647,0.0015772350738919583,0.0007886205511247237,0.0,0.0,2
17.7,CN,0.2506626837253202,1.524419770933659e-08,0.0,0.0,0.25028308146334105,0.25104228598759165,0.0015163694125417404,0.0007581876041321515,0.0,0.0,2
17.8,CN,0.25066268372531514,1.524417755669654e-08,0.0,0.0,0.25029777728302516,0.25102759016785414,0.0014574575867096762,0.0007287315786325381,0.0,0.0,2
17.900000000000002,CN,0.25066268372531036,1.5244158511344405e-08,0.0,0.0,0.2503119041727067,0.25101346327812224,0.0014012288015597396,0.0007006170786014196,0.0,0.0,2
18.0,CN,0.25066268372530587,1.5244140573280183e-08,0.0,0.0,0.25032548415779315,0.2509998832929926,0.0013467759415337066,0.0006733905445261388,0.0,0.0,2
18.1,CN,0.250662683725301,1.5244121085012885e-08,0.0,0.0,0.25033853841099724,0.2509868290397521,0.0012948318436318829,0.0006474183963073382,0.0,0.0,2
18.2,CN,0.250662683725296,1.5244101153830418e-08,0.0,0.0,0.2503510872853645,0.25097428016534973,0.0012444993854661135,0.0006222520710364926,0.0,0.0,2
18.3,CN,0.25066268372529094,1.5244081001190366e-08,0.0,0.0,0.25036315034599094,0.25096221710469246,0.001196514532764592,0.0005982595529841679,0.0,0.0,2
18.400000000000002,CN,0.250662683725286,1.5244061291465483e-08,0.0,0.0,0.25037474640054164,0.25095062105011245,0.0011499896239198781,0.000574997009650276,0.0,0.0,2
18.5,CN,0.2506626837252816,1.5244043796316427e-08,0.0,0.0,0.2503858935285634,0.25093947392206944,0.001105663289987624,0.0005528337579742057,0.0,0.0,2
18.6,CN,0.25066268372527717,1.524402607970979e-08,0.0,0.0,0.2503966091096767,0.2509287583409364,0.0010626568366650102,0.0005313304491253165,0.0,0.0,2
18.7,CN,0.250662683725273,1.524400947039107e-08,0.0,0.0,0.25040690985066894,0.25091845759992293,0.0010217111336298657,0.0005108575193583635,0.0,0.0,2
18.8,CN,0.2506626837252688,1.5243992639614763e-08,0.0,0.0,0.25041681181155195,0.25090855563902037,0.0009819559964070468,0.0004909798747728069,0.0,0.0,2
18.900000000000002,CN,0.25066268372526385,1.524397292988988e-08,0.0,0.0,0.2504263304305892,0.25089903701996397,0.0009441341404777259,0.000472068874528601,0.0,0.0,2
19.0,CN,0.2506626837252591,1.5243953884537745e-08,0.0,0.0,0.2504354805483753,0.2508898869021649,0.000907383467004641,0.0004536934675595988,0.0,0.0,2
19.1,CN,0.2506626837252541,1.5243933953355278e-08,0.0,0.0,0.2504442764309644,0.2508810910195551,0.0008724481757156899,0.0004362257551519538,0.0,0.0,2
19.200000000000003,CN,0.2506626837252498,1.5243916901121388e-08,0.0,0.0,0.2504527317921274,0.2508726356583796,0.0008384738599831465,0.0004192385323589873,0.0,0.0,2
19.3,CN,0.25066268372524525,1.5243898741599585e-08,0.0,0.0,0.2504608598147187,0.2508645076357748,0.0008062058711496012,0.00040310447627639977,0.0,0.0,2
19.400000000000002,CN,0.2506626837252411,1.5243882132280864e-08,0.0,0.0,0.250468673171232,0.2508566942792491,0.0007747971298256995,0.00038740004559070096,0.0,0.0,2
19.5,CN,0.2506626837252359,1.524386153672565e-08,0.0,0.0,0.2504761840435653,0.2508491834069021,0.0007449938330186812,0.00037249834023153237,0.0,0.0,2
19.6,CN,0.2506626837252316,1.5243844263034178e-08,0.0,0.0,0.2504834041420116,0.2508419633084413,0.0007159558898833795,0.000357979313170853,0.0,0.0,2
19.700000000000003,CN,0.2504120767403986,0.000999762564837865,0.0,0.0,0.25049034472351134,0.25083502272692826,0.0006884300617694405,0.00034421634651058585,0.0,0.0,2
19.8,CN,0.25066268372522216,1.5243806615245073e-08,0.0,0.0,0.2504970166092102,0.2508283508412164,0.0006615829320660849,0.00033079273035263856,0.0,0.0,2
19.900000000000002,CN,0.25041207060972726,0.000999787022692388,0.0,0.0,0.25050343020132404,0.2508219372490935,0.0006361615678706078,0.0003180819996733431,0.0,0.0,2
20.0,CN,0.2506626837252131,1.5243770517659047e-08,0.0,0.0,0.2505095954993612,0.2508157719510464,0.0006113389349747256,0.0003056706357880518,0.0,0.0,2
20.1,CN,0.2504120650814736,0.0009998090772464793,0.0,0.0,0.25051552211570965,0.250809845334687,0.0005878621686433161,0.0002939322077570183,0.0,0.0,2
20.200000000000003,CN,0.25041206261888227,0.0009998189015703637,0.0,0.0,0.25052121929062926,0.2508041481597559,0.0005649103460468874,0.0002824562525966702,0.0,0.0,2
20.3,CN,0.2504120601003097,0.0009998289492271337,0.0,0.0,0.25052669590665205,0.2507986715437215,0.0005432304524388698,0.00027161626436125047,0.0,0.0,2
20.400000000000002,CN,0.2504120578911126,0.0009998377626536231,0.0,0.0,0.2505319605024402,0.250793406947922,0.0005220074245622652,0.00026100470986463155,0.0,0.0,2
20.5,CN,0.2504120556157563,0.0009998468400172465,0.0,0.0,0.25053702128608696,0.250788346164267,0.0005019878973846481,0.00025099490801745917,0.0,0.0,2
20.6,CN,0.2504120536364178,0.000999854736440149,0.0,0.0,0.25054188614791606,0.2507834813024262,0.000482362433265604,0.0002411821384526484,0.0,0.0,2
20.700000000000003,CN,0.25041205158177277,0.00099986293329263,0.0,0.0,0.2505465626727952,0.25077880477753706,0.0004638771331217373,0.00023193945305433934,0.0,0.0,2
20.8,CN,0.2504120498108336,0.0009998699983219108,0.0,0.0,0.25055105815194867,0.25077430929837136,0.0004457279673676928,0.00022286483549331182,0.0,0.0,2
20.900000000000002,CN,0.2504120479563826,0.000999877396515301,0.0,0.0,0.25055537959433544,0.25076998785597404,0.00042866033438782036,0.00021433098638623603,0.0,0.0,2
21.0,CN,0.2504120463742839,0.0009998837081797675,0.0,0.0,0.2505595337375649,0.2507658337127358,0.00041187541036663555,0.00020593849229877566,0.0,0.0,2
21.1,CN,0.2504120447013255,0.0009998903823220193,0.0,0.0,0.25056352705841267,0.25076184039187904,0.0003961177367495794,0.00019805962537650887,0.0,0.0,2
21.200000000000003,CN,0.25041204329024425,0.0009998960117250577,0.0,0.0,0.250567365782909,0.25075800166736795,0.0003805935072471178,0.00019029748095766331,0.0,0.0,2
21.3,CN,0.25041204178174137,0.0009999020297843824,0.0,0.0,0.2505710558960639,0.250754311554206,0.00036604626496111736,0.00018302383201412197,0.0,0.0,2
21.400000000000002,CN,0.2504120405254464,0.0009999070416790827,0.0,0.0,0.25057460315117014,0.250750764299091,0.0003516870459449595,0.00017584419506482424,0.0,0.0,2
21.5,CN,0.25041203916588106,0.0009999124655632832,0.0,0.0,0.2505780130787974,0.2507473543714525,0.00033825826554489957,0.00016912977920169236,0.0,0.0,2
21.6,CN,0.2504120380495917,0.0009999169189160487,0.0,0.0,0.2505812909954053,0.25074407645483743,0.00032497563901767723,0.00016248844055428697,0.0,0.0,2
21.700000000000003,CN,0.25041203682483604,0.0009999218049871871,0.0,0.0,0.2505844420116288,0.25074092543860166,0.00031258033562225895,0.00015629076516850455,0.0,0.0,2
21.8,CN,0.2504120358351009,0.0009999257534613977,0.0,0.0,0.25058747104026113,0.25073789640995875,0.0003002925978089488,0.00015014687277933964,0.0,0.0,2
21.900000000000002,CN,0.250412034732298,0.0009999301530110435,0.0,0.0,0.25059038280389284,0.2507349846463158,0.00028885224063623927,0.00014442667232986378,0.0,0.0,2
22.0,CN,0.2504120338568808,0.000999933645422373,0.0,0.0,0.25059318184229373,0.2507321856079072,0.00027748389210430213,0.0001387424763383864,0.0,0.0,2
22.1,CN,0.25041203286433455,0.0009999376051114171,0.0,0.0,0.25059587251947574,0.2507294949307164,0.00026692591435134583,0.00013346346728506037,0.0,0.0,2
22.200000000000003,CN,0.2504120320921056,0.0009999406858610036,0.0,0.0,0.25059845903050787,0.25072690841967915,0.0002564071888175312,0.00012820408441631826,0.0,0.0,2
22.3,CN,0.2504120311991793,0.000999944248123598,0.0,0.0,0.2506009454080437,0.25072442204213075,0.00024666453474242456,0.00012333273876004327,0.0,0.0,2
22.400000000000002,CN,0.2504120305200224,0.0009999469575692071,0.0,0.0,0.2506033355286323,0.25072203192153636,0.00023693096370991373,0.00011846593464242437,0.0,0.0,2
22.5,CN,0.25041202971704757,0.0009999501609772835,0.0,0.0,0.25060563311873313,0.25071973433142203,0.00022794167007644806,0.00011397127064668109,0.0,0.0,2
22.6,CN,0.25041202912177124,0.00099995253578764,0.0,0.0,0.25060784176055173,0.2507175256895962,0.00021893368048520045,0.00010946725863631789,0.0,0.0,2
22.700000000000003,CN,0.2504120283999647,0.0009999554153808817,0.0,0.0,0.25060996489760395,0.25071540255253527,0.00021064048985375283,0.0001053206474718729,0.0,0.0,2
22.8,CN,0.25041202788022154,0.000999957488857227,0.0,0.0,0.2506120058401009,0.25071336161002733,0.00020230303232526836,0.00010115190277431313,0.0,0.0,2
22.900000000000002,CN,0.25041202723160505,0.0009999600764641818,0.0,0.0,0.25061396777009903,0.25071139968001943,0.0001946530356432552,9.732688981376265e-05,0.0,0.0,2
23.0,CN,0.250412026779817,0.0009999618788387977,0.0,0.0,0.25061585374646617,0.2507095137036422,0.00018693524096113912,9.346797772359519e-05,0.0,0.0,2
23.1,CN,0.2504120261971491,0.000999964203348829,0.0,0.0,0.25061766670965396,0.25070770074044496,0.00017987954736586875,8.99401174421604e-05,0.0,0.0,2
23.200000000000003,CN,0.250412025806441,0.0009999657620494587,0.0,0.0,0.2506194094862705,0.2507059579638216,0.00017273440899950865,8.636753460424711e-05,0.0,0.0,2
23.3,CN,0.2504120252831511,0.0009999678496753932,0.0,0.0,0.25062108479350353,0.25070428265657746,0.00016622784065672969,8.311423799846511e-05,0.0,0.0,2
23.400000000000002,CN,0.2504120249472876,0.0009999691895777026,0.0,0.0,0.2506226952433402,0.25070267220673165,0.00015961192143154612,7.980626574250556e-05,0.0,0.0,2
23.5,CN,0.2504120244774174,0.00099997106408969,0.0,0.0,0.25062424334666034,0.2507011241034033,0.0001536127315493463,7.680665933663991e-05,0.0,0.0,2
23.6,CN,0.25041202419074726,0.0009999722077387255,0.0,0.0,0.25062573151712175,0.2506996359329318,0.00014748589258739564,7.374322814695478e-05,0.0,0.0,2
23.700000000000003,CN,0.2504120237688958,0.0009999738906834815,0.0,0.0,0.25062716207495267,0.2506982053750919,0.00014195550487750008,7.097802372314675e-05,0.0,0.0,2
23.8,CN,0.25041202352629865,0.0009999748585067117,0.0,0.0,0.2506285372505529,0.25069683019948047,0.0001362806551408191,6.814058800987152e-05,0.0,0.0,2
23.900000000000002,CN,0.2504120231475736,0.0009999763694019575,0.0,0.0,0.2506298591879773,0.25069550826204723,0.0001311834229927311,6.55919621947502e-05,0.0,0.0,2
24.0,CN,0.2504120229444154,0.0009999771798864401,0.0,0.0,0.25063112994826814,0.2506942375017475,0.00012592628782787108,6.296338456565983e-05,0.0,0.0,2
24.1,CN,0.25041202260438655,0.0009999785364060408,0.0,0.0,0.2506323515126907,0.250693015937318,0.00012122927188989996,6.061486762043108e-05,0.0,0.0,2
24.200000000000003,CN,0.25041202243647254,0.0009999792062864398,0.0,0.0,0.2506335257857918,0.250691841664202,0.00011635817910715662,5.817931192014626e-05,0.0,0.0,2
24.3,CN,0.2504120221311308,0.0009999804244245048,0.0,0.0,0.25063465459840517,0.2506907128515794,0.00011203094163542149,5.601568491470149e-05,0.0,0.0,2
24.400000000000002,CN,0.2504120219946687,0.0009999809688296948,0.0,0.0,0.2506357397104676,0.2506896277395087,0.00010751662393765349,5.375851743872018e-05,0.0,0.0,2
24.5,CN,0.2504120217203893,0.0009999820630469615,0.0,0.0,0.25063678281379553,0.25068858463617155,0.00010353103886007187,5.176571728326777e-05,0.0,0.0,2
24.6,CN,0.2504120216119518,0.0009999824956501767,0.0,0.0,0.2506377855346999,0.2506875819152533,9.934645116155272e-05,4.967341543704217e-05,0.0,0.0,2
24.700000000000003,CN,0.2504120213654587,0.0009999834790159646,0.0,0.0,0.2506387494365374,0.25068661801341,9.567652850478447e-05,4.7838447095243855e-05,0.0,0.0,2
24.8,CN,0.25041202128195095,0.0009999838121639078,0.0,0.0,0.2506396760221403,0.2506856914277957,9.179667922587509e-05,4.58985150411942e-05,0.0,0.0,2
24.900000000000002,CN,0.25041202106028404,0.0009999846964874421,0.0,0.0,0.2506405667361551,0.2506848007137709,8.841840287221459e-05,4.420937040830109e-05,0.0,0.0,2
25.0,CN,0.250412020998914,0.0009999849413185444,0.0,0.0,0.2506414229673064,0.25068394448260656,8.482019798378149e-05,4.2410261087726744e-05,0.0,0.0,2
25.1,CN,0.25041202079940383,0.0009999857372494992,0.0,0.0,0.2506422460505581,0.25068312139934906,8.17113758216359e-05,4.085584406553215e-05,0.0,0.0,2
25.200000000000003,CN,0.2504120207576532,0.0009999859038106263,0.0,0.0,0.25064303726918746,0.25068233018071495,7.837347471872924e-05,3.918688713517518e-05,0.0,0.0,2
25.3,CN,0.2504120205778884,0.0009999866209686758,0.0,0.0,0.250643797856786,0.2506815695931023,7.551360009871999e-05,3.775694435980053e-05,0.0,0.0,2
25.400000000000002,CN,0.250412020553487,0.0009999867183163357,0.0,0.0,0.2506445289992054,0.2506808384506736,7.241628247228737e-05,3.620827962744819e-05,0.0,0.0,2
25.5,CN,0.2504120203912982,0.0009999873653564854,0.0,0.0,0.25064523183636833,0.2506801356134991,6.978640621979615e-05,3.489333647537147e-05,0.0,0.0,2
25.6,CN,0.250412020382203,0.0009999874016409817,0.0,0.0,0.250645907464087,0.2506794599857719,6.691144902531976e-05,3.345585238393967e-05,0.0,0.0,2
25.700000000000003,CN,0.25041202023563486,0.000999987986363632,0.0,0.0,0.2506465569357345,0.2506788105141161,6.44940611360667e-05,3.224715381955841e-05,0.0,0.0,2
25.8,CN,0.25041202024000914,0.0009999879689127744,0.0,0.0,0.2506471812639111,0.2506781861859291,6.182462486886697e-05,3.0912430584526176e-05,0.0,0.0,2
25.900000000000002,CN,0.2504120201073016,0.0009999884983394594,0.0,0.0,0.2506477814220166,0.250677586027816,5.960354525347267e-05,2.9801886532229675e-05,0.0,0.0,2
26.0,CN,0.2504120201234929,0.0009999884337455974,0.0,0.0,0.25064835834575877,0.2506770091040622,5.712406890184818e-05,2.85621436180084e-05,0.0,0.0,2
26.1,CN,0.2504120200030653,0.000999988914182543,0.0,0.0,0.25064891293463104,0.25067645451517895,5.508434638629156e-05,2.754227846221365e-05,0.0,0.0,2
26.200000000000003,CN,0.2504120200295914,0.000999988808358594,0.0,0.0,0.2506494460532998,0.25067592139650047,5.2789344104409164e-05,2.639477293540302e-05,0.0,0.0,3
26.3,CN,0.25041201992002343,0.0009999892454717928,0.0,0.0,0.25064995853295613,0.2506754089168359,5.090826930415071e-05,2.5454231940441436e-05,0.0,0.0,2
26.400000000000002,CN,0.25041201995555584,0.0009999891037179012,0.0,0.0,0.2506504511726114,0.25067491627717026,4.878767935601047e-05,2.439393291381298e-05,0.0,0.0,3
26.5,CN,0.2504120198555725,0.0009999895025940122,0.0,0.0,0.25065092474034745,0.25067444270942557,4.704925983634034e-05,2.352471983176726e-05,0.0,0.0,2
26.6,CN,0.25041201989891904,0.000999989329666201,0.0,0.0,0.2506513799745082,0.25067398747525305,4.508984939799454e-05,2.25450108680585e-05,0.0,0.0,3
26.700000000000003,CN,0.2504120198073777,0.0009999896948634857,0.0,0.0,0.25065181758485783,0.2506735498648937,4.348324223646394e-05,2.1741704216982854e-05,0.0,0.0,2
26.8,CN,0.25041201985747363,0.0009999894950095329,0.0,0.0,0.25065223825368027,0.25067312919606577,4.167278077621406e-05,2.0836470026971346e-05,0.0,0.0,3
26.900000000000002,CN,0.2504120197733505,0.000999989830612555,0.0,0.0,0.2506526426368407,0.2506727248128925,4.018796896709809e-05,2.009406128486031e-05,0.0,0.0,2
27.0,CN,0.2504120198292421,0.0009999896076371016,0.0,0.0,0.2506530313648199,0.2506723360849056,3.85151524788796e-05,1.925764984391124e-05,0.0,0.0,3
27.1,CN,0.25041201975162375,0.0009999899172897242,0.0,0.0,0.2506534050436861,0.2506719624060277,3.714288190276305e-05,1.8571511933372096e-05,0.0,0.0,2
27.200000000000003,CN,0.25041201981246275,0.0009999896745770853,0.0,0.0,0.2506537642560549,0.2506716031936559,3.559726279872555e-05,1.7798699427594375e-05,0.0,0.0,3
27.3,CN,0.2504120197405296,0.000999989961548908,0.0,0.0,0.25065410956196454,0.2506712578877324,3.432898395705486e-05,1.716455758301181e-05,0.0,0.0,2
27.400000000000002,CN,0.2504120198055567,0.0009999897021281802,0.0,0.0,0.2506544414998014,0.2506709259498892,3.290090632168674e-05,1.6450516036196674e-05,0.0,0.0,3
27.5,CN,0.2504120197385817,0.000999989969320076,0.0,0.0,0.2506547605870809,0.25067060686259823,3.172872059392651e-05,1.5864420932208305e-05,0.0,0.0,2
27.6,CN,0.25041201980712413,0.000999989695875104,0.0,0.0,0.2506550673213053,0.2506703001283686,3.040926029779234e-05,1.5204688262583562e-05,0.0,0.0,3
27.700000000000003,CN,0.25041201974445626,0.0009999899458838844,0.0,0.0,0.2506553621806991,0.2506700052689627,2.9325870299967693e-05,1.4662991193256273e-05,0.0,0.0,2
27.8,CN,0.25041201981591504,0.0009999896608044168,0.0,0.0,0.2506556456249876,0.25066972182466685,2.81067796115142e-05,1.405344351928344e-05,0.0,0.0,3
27.900000000000002,CN,0.25041201975697697,0.0009999898959334621,0.0,0.0,0.25065591809608917,0.25066944935355284,2.710544331308018e-05,1.3552773456460375e-05,0.0,0.0,2
28.0,CN,0.2504120198308211,0.0009999896013377408,0.0,0.0,0.25065618001881945,0.2506691874308141,2.597909972157364e-05,1.2989599508205573e-05,0.0,0.0,3
28.1,CN,0.2504120197750984,0.0009999898236392986,0.0,0.0,0.25065643180154185,0.2506689356480813,2.505358811355496e-05,1.2526841935495127e-05,0.0,0.0,2
28.200000000000003,CN,0.2504120198508586,0.0009999895213997473,0.0,0.0,0.25065667383681667,0.25066869361279837,2.4012947039409038e-05,1.200651940970263e-05,0.0,0.0,3
28.3,CN,0.25041201979789873,0.0009999897326791398,0.0,0.0,0.25065690650200256,0.25066846094760487,2.3157504991044853e-05,1.1578796750726027e-05,0.0,0.0,2
28.400000000000002,CN,0.2504120198751602,0.000999989424450268,0.0,0.0,0.25065713015985025,0.2506682372897469,2.2196056015277854e-05,1.1098070425463234e-05,0.0,0.0,3
28.5,CN,0.2504120198245591,0.0009999896263197063,0.0,0.0,0.2506573451590648,0.2506680222905219,2.1405366163573802e-05,1.0702723988561534e-05,0.0,0.0,2
28.6,CN,0.25041201990295736,0.0009999893135556048,0.0,0.0,0.250657551834861,0.2506678156147166,2.051709260703083e-05,1.0258585512752808e-05,0.0,0.0,3
28.700000000000003,CN,0.25041201985436023,0.0009999895074302028,0.0,0.0,0.25065775050946604,0.25066761694010214,1.978624194864942e-05,9.893158786868259e-06,0.0,0.0,2
28.8,CN,0.25041201993357376,0.0009999891914137754,0.0,0.0,0.25065794149263326,0.250667425956925,1.8965583494123806e-05,9.482827991284209e-06,0.0,0.0,3
28.900000000000002,CN,0.2504120198866674,0.0009999893785432184,0.0,0.0,0.2506581250821319,0.2506672423674187,1.8290032634316056e-05,9.145051270367297e-06,0.0,0.0,2
29.0,CN,0.25041201996641604,0.0009999890603919397,0.0,0.0,0.25065830156419355,0.2506670658853475,1.7531850748986333e-05,8.765958878777186e-06,0.0,0.0,3
29.1,CN,0.25041201992092577,0.0009999892418719998,0.0,0.0,0.25065847121397794,0.2506668962355549,1.6907405379351648e-05,8.453735000612072e-06,0.0,0.0,2
29.200000000000003,CN,0.2504120200009628,0.000999988922570249,0.0,0.0,0.25065863429598506,0.25066673315353727,1.6206951390096425e-05,8.10350666738024e-06,0.0,0.0,3
29.3,CN,0.2504120199566465,0.0009999890993667025,0.0,0.0,0.250658791064479,0.25066657638503503,1.5629736018485385e-05,7.814897878485946e-06,0.0,0.0,2
29.400000000000002,CN,0.2504120200367602,0.0009999887797591189,0.0,0.0,0.2506589417638801,0.2506664256856259,1.4982621596937307e-05,7.491339431042392e-06,0.0,0.0,3
29.5,CN,0.25041201999340745,0.0009999889527117333,0.0,0.0,0.25065908662914443,0.25066628082035075,1.4449055243059838e-05,7.22455523443044e-06,0.0,0.0,2
29.6,CN,0.2504120200734129,0.000999988633535992,0.0,0.0,0.2506592258861331,0.2506661415633528,1.3851225085625973e-05,6.925639013228799e-06,0.0,0.0,3
29.700000000000003,CN,0.250412020030841,0.0009999888033733625,0.0,0.0,0.25065935975196374,0.25066600769751174,1.3357998882634892e-05,6.67902496915218e-06,0.0,0.0,2
29.8,CN,0.25041202011057784,0.0009999884852692543,0.0,0.0,0.25065948843534913,0.25066587901411574,1.2805705482843432e-05,6.402877213794868e-06,0.0,0.0,3
29.900000000000002,CN,0.2504120200686268,0.0009999886526298432,0.0,0.0,0.25065961213691956,0.25066575531253565,1.2349761926933045e-05,6.1749045645076844e-06,0.0,0.0,2
30.0,CN,0.25041202014795977,0.000999988336136839,0.0,0.0,0.2506597310495388,0.25066563639990647,1.1839542280733806e-05,5.919793766351627e-06,0.0,0.0,3
30.1,CN,0.25041202010649216,0.0009999885015687538,0.0,0.0,0.2506598453586067,0.2506655220908267,1.1418056106715646e-05,5.709049873860418e-06,0.0,0.0,2
30.200000000000003,CN,0.25041202018530456,0.0009999881871525786,0.0,0.0,0.2506599552423492,0.25066541220708044,1.0946710094605905e-05,5.4733759670386575e-06,0.0,0.0,3
30.3,CN,0.250412020144202,0.0009999883511281884,0.0,0.0,0.25066006087207937,0.2506653065773414,1.0557070588723683e-05,5.2785554694760654e-06,0.0,0.0,2
30.400000000000002,CN,0.25041202022239517,0.0009999880391823727,0.0,0.0,0.2506601624124846,0.25066520503692385,1.0121641124183345e-05,5.060839905077409e-06,0.0,0.0,3
30.5,CN,0.2504120201815577,0.0009999882021003012,0.0,0.0,0.2506602600218872,0.2506651074275147,9.761435811161956e-06,4.880736560195516e-06,0.0,0.0,2
30.6,CN,0.25041202025905007,0.0009999878929503874,0.0,0.0,0.2506603538524617,0.25066501359692983,9.359190351165836e-06,4.679613061485337e-06,0.0,0.0,3
30.700000000000003,CN,0.25041202021839004,0.0009999880551605374,0.0,0.0,0.2506604440505062,0.2506649233988783,9.026189907279658e-06,4.513112203160977e-06,0.0,0.0,2
30.8,CN,0.2504120202951141,0.0009999877490755966,0.0,0.0,0.25066053075664707,0.2506648366927279,8.65460346866076e-06,4.327318273730404e-06,0.0,0.0,3
30.900000000000002,CN,0.2504120202545608,0.0009999879108601051,0.0,0.0,0.250660614106068,0.25066475334329635,8.346747766174722e-06,4.173389834159031e-06,0.0,0.0,2
31.0,CN,0.25041202033046006,0.000999987608065581,0.0,0.0,0.25066069422872406,0.25066467322063335,8.003487180885394e-06,4.001758885525429e-06,0.0,0.0,3
31.1,CN,0.2504120202899524,0.0009999877696678298,0.0,0.0,0.25066077124953445,0.2506645961998158,7.718872426953904e-06,3.8594509646459995e-06,0.0,0.0,2
31.200000000000003,CN,0.2504120203649819,0.0009999874703433248,0.0,0.0,0.2506608452885767,0.2506645221607605,7.401781787041983e-06,3.700905038713236e-06,0.0,0.0,3
31.3,CN,0.25041202032446963,0.0009999876319639546,0.0,0.0,0.2506609164612958,0.25066445098803886,7.138648668136849e-06,3.569337976399512e-06,0.0,0.0,2
31.400000000000002,CN,0.25041202039859495,0.0009999873362465505,0.0,0.0,0.25066098487864863,0.2506643825706738,6.8457358842199945e-06,3.4228810246694297e-06,0.0,0.0,3
31.5,CN,0.2504120203580381,0.000999987498045011,0.0,0.0,0.250661050647315,0.2506643168020025,6.602458515692078e-06,3.3012418754896924e-06,0.0,0.0,2
31.6,CN,0.2504120204312331,0.0009999872060390146,0.0,0.0,0.25066111386982637,0.25066425357947814,6.3322585656111485e-06,3.1661413840829866e-06,0.0,0.0,5
31.700000000000003,CN,0.25041202039059884,0.000999987368146408,0.0,0.0,0.2506611746447613,0.25066419280453556,6.10793873950799e-06,3.0539810423444836e-06,0.0,0.0,4
31.8,CN,0.2504120204628446,0.0009999870799273364,0.0,0.0,0.25066123306687094,0.25066413438241797,5.85891208965128e-06,2.9294672415131725e-06,0.0,0.0,5
31.900000000000002,CN,0.2504120204221074,0.0009999872424453124,0.0,0.0,0.2506612892272423,0.2506640782220369,5.651787554794563e-06,2.825904578258991e-06,0.0,0.0,4
32.0,CN,0.2504120204933914,0.0009999869580632147,0.0,0.0,0.25066134321343414,0.250664024235834,5.4226199571183464e-06,2.711320341469614e-06,0.0,0.0,5
32.1,CN,0.25041202045253275,0.0009999871210657398,0.0,0.0,0.25066139510962226,0.2506639723396364,5.2311947902894396e-06,2.6156073922316518e-06,0.0,0.0,4
32.2,CN,0.2504120205228473,0.0009999868405511775,0.0,0.0,0.2506614449967124,0.25066392245253516,5.019549178753024e-06,2.5097841819976077e-06,0.0,0.0,5
32.300000000000004,CN,0.2504120204818529,0.0009999870040951664,0.0,0.0,0.2506614929524881,0.2506638744967527,4.843088330097611e-06,2.421553420443987e-06,0.0,0.0,5
32.4,CN,0.2504120205511972,0.0009999867274512397,0.0,0.0,0.2506615390517136,0.2506638283975156,4.647799622004012e-06,2.323908693190249e-06,0.0,0.0,5
32.5,CN,0.25041202051005695,0.0009999868915772192,0.0,0.0,0.2506615833662694,0.2506637840829527,4.484619118949595e-06,2.242318129816562e-06,0.0,0.0,5
32.6,CN,0.2504120205784336,0.0009999866187937409,0.0,0.0,0.25066162596524433,0.25066374148396925,4.3042097076506636e-06,2.1521130793952724e-06,0.0,0.0,5
32.7,CN,0.2504120205371435,0.0009999867835174345,0.0,0.0,0.25066166691505204,0.2506637005341535,4.15330652275836e-06,2.076661198565239e-06,0.0,0.0,5
32.800000000000004,CN,0.25041202060455714,0.0009999865145758023,0.0,0.0,0.2506617062795414,0.25066366116965616,3.986642317599376e-06,1.9933287774817315e-06,0.0,0.0,5
32.9,CN,0.2504120205631147,0.000999986679907397,0.0,0.0,0.25066174412008047,0.25066362332910663,3.84708935952105e-06,1.9235520317495643e-06,0.0,0.0,5
33.0,CN,0.2504120206295742,0.0009999864147721778,0.0,0.0,0.2506617804956715,0.25066358695350544,3.693122593073639e-06,1.846568354287313e-06,0.0,0.0,5
33.1,CN,0.2504120205879814,0.0009999865807034795,0.0,0.0,0.2506618154630291,0.2506635519861364,3.5640629263422596e-06,1.782038274281848e-06,0.0,0.0,5
33.2,CN,0.25041202065349855,0.0009999863193277244,0.0,0.0,0.25066184907666955,0.2506635183724861,3.421825578664439e-06,1.7109193286199248e-06,0.0,0.0,5
33.300000000000004,CN,0.25041202061175893,0.0009999864858447813,0.0,0.0,0.2506618813890005,0.25066348606014643,3.3024671479142675e-06,1.6512398851446331e-06,0.0,0.0,5
33.4,CN,0.2504120206763479,0.0009999862281720184,0.0,0.0,0.25066191245039876,0.2506634549987375,3.171064925977518e-06,1.5855385230597376e-06,0.0,0.0,5
33.5,CN,0.2504120206344681,0.0009999863952482558,0.0,0.0,0.250661942309298,0.25066342513983403,3.0606755841988686e-06,1.5303436412106054e-06,0.0,0.0,5
33.6,CN,0.2504120206981429,0.0009999861412224563,0.0,0.0,0.2506619710122436,0.25066339643687496,2.939282278013877e-06,1.4696467561291504e-06,0.0,0.0,5
33.7,CN,0.25041202065612933,0.0009999863088324065,0.0,0.0,0.25066199860399146,0.25066336884511875,2.8371852722197666e-06,1.4185980581193755e-06,0.0,0.0,5
33.800000000000004,CN,0.25041202071890784,0.0009999860583822613,0.0,0.0,0.25066202512755875,0.2506633423215419,2.725037613948711e-06,1.3625240146638053e-06,0.0,0.0,5
33.9,CN,0.25041202067677015,0.0009999862264873905,0.0,0.0,0.2506620506243021,0.250663316824788,2.630607355225134e-06,1.315308704840852e-06,0.0,0.0,5
34.0,CN,0.2504120207386701,0.0009999859795422545,0.0,0.0,0.2506620751339711,0.25066329231511153,2.527138396879458e-06,1.2635740279334214e-06,0.0,0.0,5
34.1,CN,0.2504120206964175,0.0009999861481058009,0.0,0.0,0.2506620986947779,0.2506632687542938,2.439815681209989e-06,1.2199125032204087e-06,0.0,0.0,5
34.2,CN,0.2504120207574566,0.0009999859045948076,0.0,0.0,0.2506621213434554,0.25066324610560514,2.3445022350188083e-06,1.172255597975836e-06,0.0,0.0,5
34.300000000000004,CN,0.2504120207151008,0.0009999860735700437,0.0,0.0,0.25066214311532087,0.2506632243337295,2.263724364959252e-06,1.131866508575322e-06,0.0,0.0,5
34.4,CN,0.2504120207753001,0.000999985833409482,0.0,0.0,0.2506621640443139,0.250663203404729,2.1756649948301288e-06,1.0878366552246967e-06,0.0,0.0,5
34.5,CN,0.2504120207328522,0.0009999860027523379,0.0,0.0,0.2506621841630689,0.25066318328596104,2.1009389318260574e-06,1.050473480917245e-06,0.0,0.0,5
34.6,CN,0.2504120207922308,0.0009999857658658051,0.0,0.0,0.25066220350294993,0.25066316394607036,2.0195800133349096e-06,1.0097938661905215e-06,0.0,0.0,5
34.7,CN,0.25041202074970365,0.0009999859355246808,0.0,0.0,0.25066222209411376,0.25066314535489975,1.950449967313972e-06,9.752287110689178e-07,0.0,0.0,5
34.800000000000004,CN,0.2504120208082814,0.0009999857018331167,0.0,0.0,0.2506622399655414,0.25066312748346237,1.8752801054788826e-06,9.376436364978345e-07,0.0,0.0,5
34.9,CN,0.25041202076568714,0.0009999858717597346,0.0,0.0,0.25066225714510276,0.25066311030389343,1.8113246645357073e-06,9.056657938040532e-07,0.0,0.0,5
35.0,CN,0.2504120208234844,0.000999985641181864,0.0,0.0,0.2506622736595761,0.25066309378940776,1.741871442750842e-06,8.7093905018288e-07,0.0,0.0,5
35.1,CN,0.2504120207808363,0.0009999858113232958,0.0,0.0,0.25066228953471525,0.25066307791426323,1.6827010296815992e-06,8.413537305705036e-07,0.0,0.0,5
35.2,CN,0.2504120208378737,0.000999985583776958,0.0,0.0,0.2506623047952677,0.25066306265370314,1.6185280783953537e-06,8.092671322895134e-07,0.0,0.0,5
35.300000000000004,CN,0.2504120207951834,0.0009999857540866977,0.0,0.0,0.2506623194650255,0.2506630479839343,1.5637825024894525e-06,7.818942397149031e-07,0.0,0.0,5
35.4,CN,0.25041202085148023,0.000999985529494604,0.0,0.0,0.25066233356686113,0.250663033882088,1.50448672742165e-06,7.522462388636734e-07,0.0,0.0,5
35.5,CN,0.250412020808762,0.0009999856999157368,0.0,0.0,0.2506623471227636,0.2506630203261772,1.4538329869973055e-06,7.269192718495531e-07,0.0,0.0,5
35.6,CN,0.25041202086433967,0.0009999854781928476,0.0,0.0,0.2506623601538655,0.2506630072950641,1.3990420331122522e-06,6.99523690198647e-07,0.0,0.0,5
35.7,CN,0.25041202082160585,0.00099998564867621,0.0,0.0,0.2506623726804856,0.2506629947684362,1.3521722379561396e-06,6.7608870304996e-07,0.0,0.0,5
35.800000000000004,CN,0.250412020876484,0.0009999854297439079,0.0,0.0,0.2506623847221498,0.2506629827267586,1.3015421767570423e-06,6.507735756937156e-07,0.0,0.0,5
35.9,CN,0.2504120208337465,0.0009999856002421079,0.0,0.0,0.2506623962976403,0.25066297115126357,1.258171665352581e-06,6.290882371081685e-07,0.0,0.0,5
36.0,CN,0.250412020887944,0.0009999853840250972,0.0,0.0,0.2506624074250006,0.25066296002389327,1.211384777100033e-06,6.056947035697033e-07,0.0,0.0,5
36.1,CN,0.2504120208452152,0.0009999855544885283,0.0,0.0,0.2506624181215786,0.25066294932731,1.171250350318065e-06,5.856274134797299e-07,0.0,0.0,5
36.2,CN,0.2504120208987515,0.0009999853409095203,0.0,0.0,0.2506624284040512,0.25066293904482595,1.1280131897439816e-06,5.640087505642122e-07,0.0,0.0,5
36.300000000000004,CN,0.2504120208560433,0.0009999855112905692,0.0,0.0,0.25066243828844986,0.2506629291604197,1.0908714975221834e-06,5.45437833473596e-07,0.0,0.0,5
36.4,CN,0.2504120209089363,0.0009999853002780332,0.0,0.0,0.25066244779018754,0.2506629196586734,1.0509130047298143e-06,5.254585107146413e-07,0.0,0.0,5
36.5,CN,0.25041202086626013,0.000999985470531301,0.0,0.0,0.2506624569240762,0.2506629105247739,1.01666773089093e-06,5.083358083506892e-07,0.0,0.0,7
36.6,CN,0.2504120209185291,0.0009999852620081698,0.0,0.0,0.25066246570435946,0.2506629017444836,9.796632063352462e-07,4.898334753552648e-07,0.0,0.0,7
36.7,CN,0.25041202087589676,0.0009999854320867077,0.0,0.0,0.2506624741447226,0.2506628933041075,9.482782606373696e-07,4.7414094252805327e-07,0.0,0.0,7
36.800000000000004,CN,0.2504120209275592,0.0009999852259832218,0.0,0.0,0.25066248225832954,0.25066288519049423,9.140453982592334e-07,4.570244459181941e-07,0.0,0.0,7
36.9,CN,0.25041202088498127,0.0009999853958447312,0.0,0.0,0.25066249005782815,0.2506628773909884,8.850220972744793e-07,4.425127399607705e-07,0.0,0.0,7
37.0,CN,0.25041202093605436,0.0009999851920924608,0.0,0.0,0.25066249755537917,0.25066286989343023,8.533770022300935e-07,4.266901319631453e-07,0.0,0.0,7
37.1,CN,0.25041202089354087,0.000999985361696858,0.0,0.0,0.2506625047626684,0.2506628666581925,8.265102309223948e-07,4.132566949654904e-07,0.0,0.0,7
37.2,CN,0.2504120209440414,0.0009999851602287006,0.0,0.0,0.25066251169094045,0.2506628557578507,7.972556509416862e-07,3.986293490681032e-07,0.0,0.0,7
37.300000000000004,CN,0.25041202090160225,0.0009999853295365661,0.0,0.0,0.25066251835099074,0.25066285850370984,7.72383171920854e-07,3.861930620250784e-07,0.0,0.0,7
37.4,CN,0.2504120209515464,0.0009999851302880784,0.0,0.0,0.2506625247532068,0.2506628426955642,7.453368738863375e-07,3.726698613209296e-07,0.0,0.0,7
37.5,CN,0.25041202090919135,0.0009999852992604356,0.0,0.0,0.25066253090756657,0.2506628508189387,7.223086990193472e-07,3.611557298793875e-07,0.0,0.0,7
37.6,CN,0.25041202095859455,0.000999985102170052,0.0,0.0,0.250662536823669,0.2506628306250783,6.973023414236224e-07,3.486525032930674e-07,0.0,0.0,7
37.7,CN,0.2504120209163331,0.0009999852707690319,0.0,0.0,0.2506625425107378,0.2506628435793416,6.759941655332113e-07,3.379983746268229e-07,0.0,0.0,7
37.800000000000004,CN,0.25041202096521076,0.000999985075775187,0.0,0.0,0.2506625479776378,0.25066281947109326,6.5285786832181e-07,3.2643018180644785e-07,0.0,0.0,7
37.9,CN,0.2504120209230516,0.0009999852439660205,0.0,0.0,0.2506625532328959,0.2506628367613406,6.332112776341603e-07,3.166068489169603e-07,0.0,0.0,7
38.0,CN,0.2504120209714185,0.000999985051009807,0.0,0.0,0.2506625582846997,0.2506628091640135,6.117559607221601e-07,3.0587914945872707e-07,0.0,0.0,7
38.1,CN,0.25041202092936937,0.0009999852187617115,0.0,0.0,0.25066256314092966,0.25066283034232245,5.936191875832719e-07,2.9681072822896064e-07,0.0,0.0,7
38.2,CN,0.2504120209772397,0.0009999850277866576,0.0,0.0,0.25066256780915613,0.2506627996395382,5.737755944812406e-07,2.8688889375580036e-07,0.0,0.0,7
38.300000000000004,CN,0.25041202093530907,0.0009999851950657501,0.0,0.0,0.2506625722966612,0.25066282430062625,5.569763180668375e-07,2.7848922344430265e-07,0.0,0.0,7
38.400000000000006,CN,0.25041202098269577,0.0009999850060200346,0.0,0.0,0.25066257661043384,0.2506627908382442,5.386217125646908e-07,2.6931188561661794e-07,0.0,0.0,7
38.5,CN,0.25041202094088943,0.0009999851728032837,0.0,0.0,0.2506625807572077,0.2506628186155254,5.23059402957049e-07,2.615307010724092e-07,0.0,0.0,7
38.6,CN,0.250412020987805,0.0009999849856370787,0.0,0.0,0.25066258474344066,0.25066278270521797,5.060803956458138e-07,2.530411649690203e-07,0.0,0.0,7
38.7,CN,0.25041202094613124,0.0009999851518914871,0.0,0.0,0.25066258857535517,0.25066281326723583,4.916621086370476e-07,2.458319939105364e-07,0.0,0.0,7
38.800000000000004,CN,0.2504120209925891,0.0009999849665514214,0.0,0.0,0.25066259225891935,0.250662775189719,4.7595394409016833e-07,2.3797788161797248e-07,0.0,0.0,7
38.900000000000006,CN,0.25041202095105475,0.0009999851322495283,0.0,0.0,0.25066259579987843,0.2506628082368712,4.626882100788876e-07,2.3134498926082037e-07,0.0,0.0,7
39.0,CN,0.25041202099706733,0.0009999849486857738,0.0,0.0,0.2506625992037535,0.2506627682448644,4.4815894745253715e-07,2.2408033018146411e-07,0.0,0.0,7
39.1,CN,0.2504120209556776,0.0009999851138069837,0.0,0.0,0.2506626024758549,0.2506628035064439,4.3587498671504576e-07,2.1793832633742677e-07,0.0,0.0,7
39.2,CN,0.25041202100125637,0.0009999849319739201,0.0,0.0,0.25066260562127796,0.25066276182732494,4.224311646039425e-07,2.112163895900277e-07,0.0,0.0,7
39.300000000000004,CN,0.25041202096001736,0.0009999850964938727,0.0,0.0,0.25066260864493095,0.2506627990588216,4.110453744599063e-07,2.0552347275916897e-07,0.0,0.0,7
39.400000000000006,CN,0.25041202100517285,0.0009999849163494232,0.0,0.0,0.2506626115515263,0.25066275623808143,3.9860439149386195e-07,1.9930295750077747e-07,0.0,0.0,7
39.5,CN,0.25041202096408965,0.0009999850802477443,0.0,0.0,0.2506626143455963,0.25066279487770965,3.8804932572800155e-07,1.9402540444656435e-07,0.0,0.0,7
39.6,CN,0.2504120210088323,0.0009999849017502751,0.0,0.0,0.2506626170314983,0.2506627523005254,3.7653486056887786e-07,1.8826814986225719e-07,0.0,0.0,7
39.7,CN,0.2504120209679097,0.0009999850650079193,0.0,0.0,0.2506626196134181,0.2506627909476323,3.667481408009543e-07,1.833747712753619e-07,0.0,0.0,7
39.800000000000004,CN,0.2504120210122502,0.0009999848881149102,0.0,0.0,0.25066262209538087,0.2506627486094999,3.5608969273237534e-07,1.780455268722205e-07,0.0,0.0,7
39.900000000000006,CN,0.25041202097149323,0.000999985050711725,0.0,0.0,0.25066262448125787,0.25066278725390034,3.470136529792889e-07,1.7350748965089047e-07,0.0,0.0,7
40.0,CN,0.25041202101544124,0.000999984875384421,0.0,0.0,0.25066262677477164,0.2506627451503422,3.371460752799038e-07,1.685736819437407e-07,0.0,0.0,7
40.1,CN,0.25041202097485427,0.000999985037303133,0.0,0.0,0.2506626289794909,0.2506627837825759,3.28727398246631e-07,1.6436432733857204e-07,0.0,0.0,7
40.2,CN,0.25041202101841853,0.000999984863506765,0.0,0.0,0.25066263109886,0.250662741909177,3.1959051660646054e-07,1.5979586905742797e-07,0.0,0.0,7
40.300000000000004,CN,0.2504120209780051,0.0009999850247332004,0.0,0.0,0.25066263313617776,0.2506627805204536,3.117798894058943e-07,1.5589054053062763e-07,0.0,0.0,7
40.400000000000006,CN,0.2504120210211956,0.0009999848524279065,0.0,0.0,0.2506626350946247,0.25066273887285534,3.0331810813022386e-07,1.516596337218857e-07,0.0,0.0,7
40.5,CN,0.2504120209809591,0.0009999850129483352,0.0,0.0,0.25066263697724983,0.25066277745502685,2.960699452270177e-07,1.4803553841866407e-07,0.0,0.0,7
40.6,CN,0.2504120210237845,0.0009999848420995678,0.0,0.0,0.25066263878699296,0.25066273602894606,2.8825187181613643e-07,1.4412648677247612e-07,0.0,0.0,9
40.7,CN,0.25041202098372817,0.0009999850019013665,0.0,0.0,0.2506626405266746,0.25066277457446307,2.8150404518534344e-07,1.4075256056162992e-07,0.0,0.0,7
40.800000000000004,CN,0.25041202102619536,0.000999984832481665,0.0,0.0,0.2506626421990043,0.2506627333657007,2.743023609919071e-07,1.3715170470211646e-07,0.0,0.0,9
40.900000000000006,CN,0.25041202098632287,0.0009999849915499962,0.0,0.0,0.2506626438065944,0.2506627718675743,2.679988549414425e-07,1.339999396305543e-07,0.0,0.0,9
41.0,CN,0.25041202102844123,0.000999984823521934,0.0,0.0,0.25066264535194527,0.25066273087201857,2.613730121225899e-07,1.3068700555879574e-07,0.0,0.0,9
41.1,CN,0.25041202098875515,0.0009999849818466107,0.0,0.0,0.250662646837473,0.25066276932378484,2.554960845113641e-07,1.277485305220667e-07,0.0,0.0,9
41.2,CN,0.250412021030532,0.0009999848151809557,0.0,0.0,0.2506626482654894,0.25066272853742616,2.493762791266896e-07,1.2468861613446116e-07,0.0,0.0,9
41.300000000000004,CN,0.2504120209910343,0.0009999849727540054,0.0,0.0,0.25066264963822166,0.25066276693310957,2.4390339981028575e-07,1.2195216601730054e-07,0.0,0.0,9
41.400000000000006,CN,0.25041202103247595,0.0009999848074257326,0.0,0.0,0.25066265095780754,0.25066272635203196,2.382559865510281e-07,1.1912844859516952e-07,0.0,0.0,9
41.5,CN,0.2504120209931686,0.0009999849642394042,0.0,0.0,0.25066265222631123,0.25066276468612186,2.3315564523507248e-07,1.1657826819017261e-07,0.0,0.0,9
41.6,CN,0.25041202103428273,0.0009999848002177313,0.0,0.0,0.2506626534457054,0.2506627243065216,2.2794236193002249e-07,1.1397161657479046e-07,0.0,0.0,9
41.7,CN,0.2504120209951684,0.0009999849562613947,0.0,0.0,0.25066265461789106,0.25066276257393805,2.2318627912465416e-07,1.1159356608298324e-07,0.0,0.0,9
41.800000000000004,CN,0.25041202103596094,0.0009999847935226254,0.0,0.0,0.25066265460482967,0.25066272239211024,2.1836761449067765e-07,1.0918422455727477e-07,0.0,0.0,9
41.900000000000006,CN,0.2504120209970413,0.0009999849487896373,0.0,0.0,0.2506626568278778,0.25066276058817516,2.1394116128670149e-07,1.0697098949610303e-07,0.0,0.0,9
42.0,CN,0.25041202103751936,0.0009999847873054253,0.0,0.0,0.25066265314712355,0.25066272060052225,2.0948057050107494e-07,1.0474068557886738e-07,0.0,0.0,9
42.1,CN,0.25041202099879645,0.0009999849417875915,0.0,0.0,0.25066265887006256,0.2506627587209379,2.0535107858599133e-07,1.0267593172965049e-07,0.0,0.0,9
42.2,CN,0.2504120210389662,0.000999984781533355,0.0,0.0,0.2506626518009256,0.2506627189239738,2.012207855894843e-07,1.0061077733819097e-07,0.0,0.0,9
42.300000000000004,CN,0.25041202100044124,0.0009999849352258033,0.0,0.0,0.2506626607571883,0.25066275696479,1.9736666850844742e-07,9.868371143225314e-08,0.0,0.0,9
42.400000000000006,CN,0.2504120210403086,0.0009999847761780676,0.0,0.0,0.2506626505590545,0.250662717355134,1.9354104485724832e-07,9.677089229568663e-08,0.0,0.0,9
42.5,CN,0.2504120210019817,0.0009999849290803554,0.0,0.0,0.2506626625010265,0.25066275531272736,1.8994232137137246e-07,9.497152367539984e-08,0.0,0.0,9
42.6,CN,0.2504120210415514,0.0009999847712198538,0.0,0.0,0.2506626494147511,0.2506627158871052,1.863977135974082e-07,9.319921301448681e-08,0.0,0.0,9
42.7,CN,0.2504120210034242,0.0009999849233255586,0.0,0.0,0.2506626641124542,0.25066275375817554,1.8307864702027388e-07,9.153967338300977e-08,0.0,0.0,8
42.800000000000004,CN,0.25041202104270277,0.000999984766626602,0.0,0.0,0.25066264836167806,0.25066271451342254,1.7990904133124985e-07,8.995486448121547e-08,0.0,0.0,9
42.900000000000006,CN,0.25041202100477616,0.0009999849179319592,0.0,0.0,0.25066266560152733,0.2506627522949371,1.7689984432855965e-07,8.845026022913745e-08,0.0,0.0,8
43.0,CN,0.2504120210437677,0.0009999847623781597,0.0,0.0,0.2506626473938583,0.2506627132939188,1.7403944219118728e-07,8.702005369407313e-08,0.0,0.0,8
43.1,CN,0.25041202100604176,0.0009999849128829478,0.0,0.0,0.2506626669775368,0.2506627509171945,1.713159356597771e-07,8.565829522360457e-08,0.0,0.0,8
43.2,CN,0.25041202104475196,0.0009999847584514954,0.0,0.0,0.2506626465056808,0.2506627121932353,1.6866563046225025e-07,8.433313755996926e-08,0.0,0.0,8
43.300000000000004,CN,0.2504120210072286,0.0009999849081481847,0.0,0.0,0.2506626682490662,0.2506627496194759,1.6613651698804688e-07,8.30685759895994e-08,0.0,0.0,8
43.400000000000006,CN,0.2504120210456614,0.0009999847548233557,0.0,0.0,0.2506626456918806,0.25066271116825883,1.6368018751489188e-07,8.184040655884776e-08,0.0,0.0,8
43.5,CN,0.2504120210083407,0.0009999849037115034,0.0,0.0,0.25066266942404963,0.2506627483966443,1.6133093827530587e-07,8.066577744951655e-08,0.0,0.0,8
43.6,CN,0.2504120210465022,0.0009999847514691592,0.0,0.0,0.2506626449475198,0.2506627102140069,1.590537053175467e-07,7.952715661872565e-08,0.0,0.0,8
43.7,CN,0.2504120210093834,0.000999984899551644,0.0,0.0,0.25066267050981933,0.2506627472438836,1.5687087545623868e-07,7.843573751656957e-08,0.0,0.0,8
43.800000000000004,CN,0.2504120210472766,0.0009999847483796046,0.0,0.0,0.2506626442679559,0.25066270932579565,1.5475899467487508e-07,7.737979308997311e-08,0.0,0.0,8
43.900000000000006,CN,0.2504120210103605,0.0009999848956537692,0.0,0.0,0.25066267151314703,0.250662746156668,1.5273013903582822e-07,7.63653613932004e-08,0.0,0.0,8
44.0,CN,0.2504120210479898,0.0009999847455343174,0.0,0.0,0.2506626436488383,0.2506627084992361,1.5077092341275744e-07,7.538574983750146e-08,0.0,0.0,8
44.1,CN,0.25041202101127674,0.0009999848919983903,0.0,0.0,0.250662672440288,0.2506627451307507,1.4889143007401628e-07,7.444599957632078e-08,0.0,0.0,10
44.2,CN,0.25041202104864624,0.0009999847429155815,0.0,0.0,0.25066264308608627,0.25066270773247995,1.4706628387317622e-07,7.353342298795086e-08,0.0,0.0,8
44.300000000000004,CN,0.25041202101213533,0.000999984888573106,0.0,0.0,0.250662673297035,0.25066274416215395,1.453273381635256e-07,7.266394680990933e-08,0.0,0.0,10
44.400000000000006,CN,0.2504120210492491,0.0009999847405105522,0.0,0.0,0.25066264257588033,0.2506627070220864,1.4362360062358803e-07,7.181207478400897e-08,0.0,0.0,8
44.5,CN,0.250412021012941,0.0009999848853588706,0.0,0.0,0.2506626740887274,0.2506627432471464,1.4201567050120545e-07,7.100810664997908e-08,0.0,0.0,10
44.6,CN,0.25041202104980353,0.0009999847382986338,0.0,0.0,0.250662642114636,0.2506627063612646,1.4042301677008595e-07,7.021177674077473e-08,0.0,0.0,8
44.7,CN,0.25041202101369675,0.000999984882343947,0.0,0.0,0.250662674820312,0.2506627423822298,1.3893776573681293e-07,6.946914838574578e-08,0.0,0.0,10
44.800000000000004,CN,0.2504120210503109,0.0009999847362745116,0.0,0.0,0.2506626416990028,0.2506627057466808,1.374462108572061e-07,6.872336809550296e-08,0.0,0.0,8
44.900000000000006,CN,0.2504120210144061,0.0009999848795139406,0.0,0.0,0.2506626754963424,0.2506627415641344,1.3607618509769992e-07,6.803835259755896e-08,0.0,0.0,10
45.0,CN,0.2504120210507751,0.0009999847344226832,0.0,0.0,0.25066264132583804,0.2506627051752075,1.3468110665604272e-07,6.734081071066248e-08,0.0,0.0,10
45.1,CN,0.2504120210150725,0.0009999848768555638,0.0,0.0,0.2506626761210434,0.25066274078978784,1.3341437388181276e-07,6.670744190275489e-08,0.0,0.0,10
45.2,CN,0.2504120210512004,0.0009999847327258752,0.0,0.0,0.2506626409922061,0.2506627046439225,1.3212011307217608e-07,6.606030902453643e-08,0.0,0.0,10
45.300000000000004,CN,0.2504120210156978,0.0009999848743608441,0.0,0.0,0.2506626764773172,0.2506627400563242,1.3094593648288466e-07,6.547321848597782e-08,0.0,0.0,10
45.400000000000006,CN,0.25041202105158744,0.000999984731181873,0.0,0.0,0.2506626406953511,0.25066270415008174,1.297358890317568e-07,6.486819244794992e-08,0.0,0.0,10
45.5,CN,0.2504120210162857,0.0009999848720156084,0.0,0.0,0.25066267598163744,0.25066273936104977,1.2864716364413553e-07,6.43238276735281e-08,0.0,0.0,10
45.6,CN,0.25041202105194,0.000999984729775396,0.0,0.0,0.2506626404327055,0.25066270369112786,1.2751390465748358e-07,6.375719601448491e-08,0.0,0.0,10
45.7,CN,0.2504120210168371,0.0009999848698156487,0.0,0.0,0.2506626755206606,0.2506627387014552,1.2650512359879684e-07,6.325280355730816e-08,0.0,0.0,10
45.800000000000004,CN,0.2504120210522601,0.00099998472849825,0.0,0.0,0.25066264020186924,0.25066270326466983,1.2544551208915067e-07,6.272299577751205e-08,0.0,0.0,10
45.900000000000006,CN,0.2504120210173562,0.0009999848677447987,0.0,0.0,0.25066267509205165,0.25066273807518663,1.2450658298801542e-07,6.225352943260178e-08,0.0,0.0,10
46.0,CN,0.25041202105255006,0.0009999847273415771,0.0,0.0,0.25066264000058885,0.25066270286846193,1.235163256119165e-07,6.175839885211867e-08,0.0,0.0,10
46.1,CN,0.25041202101784454,0.0009999848657966364,0.0,0.0,0.25066267469363424,0.25066273748004986,1.2264062931865993e-07,6.132054903198896e-08,0.0,0.0,10
46.2,CN,0.25041202105281224,0.0009999847262956328,0.0,0.0,0.2506626398267687,0.2506627025004152,1.2171618396505934e-07,6.085832458852523e-08,0.0,0.0,12
46.300000000000004,CN,0.2504120210183045,0.000999984863961639,0.0,0.0,0.25066267432336165,0.25066273691398167,1.2089723150365828e-07,6.044884679276369e-08,0.0,0.0,10
46.400000000000006,CN,0.2504120210530487,0.0009999847253522236,0.0,0.0,0.2506626396784479,0.2506627021585742,1.200361405828687e-07,6.00182996867791e-08,0.0,0.0,12
46.5,CN,0.25041202101873694,0.0009999848622364845,0.0,0.0,0.25066267397933234,0.25066273637506453,1.1926726678490596e-07,5.963386131843968e-08,0.0,0.0,10
46.6,CN,0.25041202105326066,0.0009999847245066985,0.0,0.0,0.2506626395537943,0.2506627018411118,1.1846503783496942e-07,5.923274531036991e-08,0.0,0.0,12
46.7,CN,0.2504120210191446,0.0009999848606100999,0.0,0.0,0.2506626736597646,0.25066273586150256,1.1774314351287174e-07,5.8871796769743256e-08,0.0,0.0,10
46.800000000000004,CN,0.2504120210534502,0.0009999847237506423,0.0,0.0,0.25066263945109746,0.2506627015463212,1.169952778545813e-07,5.849786251138764e-08,0.0,0.0,12
46.900000000000006,CN,0.25041202101952903,0.000999984859076506,0.0,0.0,0.2506626733629948,0.25066273537161843,1.1631663787703417e-07,5.815854122569757e-08,0.0,0.0,10
47.0,CN,0.25041202105361937,0.0009999847230756397,0.0,0.0,0.2506626393687649,0.2506627012726133,1.1561772728096997e-07,5.7809084592010754e-08,0.0,0.0,12
47.1,CN,0.2504120210198917,0.0009999848576297237,0.0,0.0,0.2506626730874743,0.2506627349038502,1.1497904373047874e-07,5.7489741596207454e-08,0.0,0.0,10
47.2,CN,0.2504120210537685,0.0009999847224808046,0.0,0.0,0.2506626393053077,0.2506627010185015,1.1432564100966047e-07,5.7163038987111536e-08,0.0,0.0,12
47.300000000000004,CN,0.25041202102023397,0.0009999848562642162,0.0,0.0,0.25066267283174753,0.2506627344567307,1.1372342684223824e-07,5.686193075253764e-08,0.0,0.0,10
47.400000000000006,CN,0.2504120210539004,0.0009999847219544,0.0,0.0,0.2506626392593332,0.2506627007825949,1.1311235276201259e-07,5.655639254463028e-08,0.0,0.0,10
47.5,CN,0.25041202102055815,0.000999984854970904,0.0,0.0,0.25066267259446146,0.2506627340288951,1.1254345005928812e-07,5.627194010606522e-08,0.0,0.0,10
47.6,CN,0.25041202105401567,0.000999984721494654,0.0,0.0,0.25066263922954996,0.2506627005636033,1.1197229354831251e-07,5.5986360759067436e-08,0.0,0.0,10
47.7,CN,0.2504120210208641,0.0009999848537504512,0.0,0.0,0.250662672374356,0.2506627336190727,1.1143536154945011e-07,5.5717893733531093e-08,0.0,0.0,10
47.800000000000004,CN,0.2504120210541161,0.0009999847210940371,0.0,0.0,0.250662639214751,0.25066270036032046,1.1089937573816044e-07,5.5449899803589337e-08,0.0,0.0,10
47.900000000000006,CN,0.25041202102115334,0.0009999848525964357,0.0,0.0,0.25066267217024824,0.25066273322607024,1.1039240860322153e-07,5.519641526727916e-08,0.0,0.0,10
48.0,CN,0.25041202105420124,0.0009999847207543212,0.0,0.0,0.25066263921381204,0.2506627001716223,1.098886734385296e-07,5.494454672226894e-08,0.0,0.0,10
48.1,CN,0.2504120210214278,0.0009999848515015494,0.0,0.0,0.2506626719810457,0.25066273284878593,1.0940923328428553e-07,5.470482572891169e-08,0.0,0.0,10
48.2,CN,0.25041202105427324,0.0009999847204670907,0.0,0.0,0.2506626392256879,0.25066269999646384,1.0893736274164567e-07,5.446888955582246e-08,0.0,0.0,10
48.300000000000004,CN,0.2504120210216872,0.0009999848504666782,0.0,0.0,0.2506626718057122,0.2506627324861744,1.0848140913344295e-07,5.4240911880369905e-08,0.0,0.0,10
48.400000000000006,CN,0.250412021054333,0.000999984720228581,0.0,0.0,0.25066263924939836,0.250662699833864,1.0803933520042719e-07,5.401987406903561e-08,0.0,0.0,10
48.5,CN,0.25041202102193283,0.0009999848494867283,0.0,0.0,0.25066267164330236,0.25066273213728113,1.076052286164142e-07,5.380281994742872e-08,0.0,0.0,12
48.6,CN,0.25041202105438154,0.000999984720035027,0.0,0.0,0.2506626392840362,0.25066269968291477,1.0719016546589799e-07,5.359528757896322e-08,0.0,0.0,10
48.7,CN,0.25041202102216764,0.0009999848485499627,0.0,0.0,0.25066267149292154,0.25066273180120346,1.0677756245858205e-07,5.3388985286799315e-08,0.0,0.0,12
48.800000000000004,CN,0.2504120210544202,0.0009999847198808925,0.0,0.0,0.2506626393287561,0.25066269954276943,1.063862389849568e-07,5.319332280214706e-08,0.0,0.0,10
48.900000000000006,CN,0.25041202102239035,0.000999984847661475,0.0,0.0,0.25066267135373776,0.25066273147710155,1.05994412802346e-07,5.2997408962041326e-08,0.0,0.0,12
49.0,CN,0.25041202105445015,0.0009999847197613054,0.0,0.0,0.25066263938277317,0.25066269941264185,1.0562421010051892e-07,5.281230690365105e-08,0.0,0.0,10
49.1,CN,0.2504120210226027,0.0009999848468143998,0.0,0.0,0.25066267122498015,0.250662731164197,1.0525177029929722e-07,5.2626086291288256e-08,0.0,0.0,12
49.2,CN,0.2504120210544696,0.0009999847196837952,0.0,0.0,0.2506626394453472,0.2506626992917901,1.0490096863380316e-07,5.2450684788140887e-08,0.0,0.0,10
49.300000000000004,CN,0.2504120210228039,0.000999984846011616,0.0,0.0,0.2506626711059258,0.25066273086175955,1.0454653204261533e-07,5.2273465815200106e-08,0.0,0.0,12
49.400000000000006,CN,0.25041202105448096,0.0009999847196383964,0.0,0.0,0.2506626395158038,0.25066269917953754,1.0421363660917393e-07,5.210701746229882e-08,0.0,0.0,10
49.5,CN,0.250412021022996,0.0009999848452453728,0.0,0.0,0.25066267099590256,0.2506627305691103,1.03875933576969e-07,5.193816530082819e-08,0.0,0.0,12
49.6,CN,0.25041202105448446,0.0009999847196244447,0.0,0.0,0.2506626395935043,0.2506626990752439,1.035595497689279e-07,5.1779972792181624e-08,0.0,0.0,10
49.7,CN,0.25041202102317883,0.0009999848445158914,0.0,0.0,0.2506626708942857,0.25066273028561775,1.0323818550039832e-07,5.16192900437729e-08,0.0,0.0,12
49.800000000000004,CN,0.2504120210544816,0.000999984719635739,0.0,0.0,0.2506626396778653,0.25066269897832283,1.0293623742274605e-07,5.14683154279082e-08,0.0,0.0,10
49.900000000000006,CN,0.25041202102335447,0.0009999848438151998,0.0,0.0,0.2506626708004968,0.25066273001069705,1.0263015226552596e-07,5.1315272264353405e-08,0.0,0.0,12
50.0,CN,0.2504120210544724,0.000999984719672501,0.0,0.0,0.25066263976833636,0.2506626988882219,1.0234142172604876e-07,5.117090644283564e-08,0.0,0.0,10
50.1,CN,0.2504120210235221,0.0009999848431463977,0.0,0.0,0.2506626707139894,0.2506627297437958,1.0204947942238363e-07,5.102493473308605e-08,0.0,0.0,12
50.2,CN,0.25041202105445687,0.0009999847197345092,0.0,0.0,0.25066263986441123,0.25066269880443187,1.0177296938529423e-07,5.088667918611621e-08,0.0,0.0,10
50.300000000000004,CN,0.2504120210236823,0.0009999848425072712,0.0,0.0,0.25066267063426156,0.250662729484406,1.0149414070292906e-07,5.074726431207742e-08,0.0,0.0,12
50.400000000000006,CN,0.25041202105443594,0.0009999847198179986,0.0,0.0,0.25066263996561544,0.2506626987264757,1.0122892907249437e-07,5.061465799002677e-08,0.0,0.0,10
50.5,CN,0.2504120210238361,0.0009999848418938337,0.0,0.0,0.25066267056084435,0.2506627292320528,1.0096224506428442e-07,5.0481315476274707e-08,0.0,0.0,12
50.6,CN,0.25041202105440974,0.0009999847199225265,0.0,0.0,0.25066264007150724,0.2506626986539086,1.0070747025192617e-07,5.035392758320759e-08,0.0,0.0,10
50.7,CN,0.25041202102398363,0.0009999848413051995,0.0,0.0,0.2506626704932973,0.25066272898629033,1.004520479019888e-07,5.0226215920113436e-08,0.0,0.0,12
50.800000000000004,CN,0.25041202105437904,0.0009999847200449926,0.0,0.0,0.25066264018168205,0.25066269858632306,1.0020691226797496e-07,5.010364763463949e-08,0.0,0.0,10
50.900000000000006,CN,0.25041202102412574,0.000999984840738268,0.0,0.0,0.25066267043121765,0.2506627287467104,9.996193117700614e-08,4.99811566209834e-08,0.0,0.0,12
51.0,CN,0.25041202105434496,0.0009999847201809676,0.0,0.0,0.2506626402957626,0.2506626985233387,9.972570541583181e-08,4.986304328895644e-08,0.0,0.0,10
51.1,CN,0.2504120210242621,0.0009999848401943683,0.0,0.0,0.25066267037422324,0.2506627285129257,9.949038992651538e-08,4.9745385094598016e-08,0.0,0.0,12
51.2,CN,0.25041202105430554,0.0009999847203382025,0.0,0.0,0.25066264041339653,0.25066269846460043,9.926252153569237e-08,4.9631450463718094e-08,0.0,0.0,10
51.300000000000004,CN,0.2504120210243932,0.0009999848396712854,0.0,0.0,0.2506626703219665,0.2506627282845837,9.903609432537763e-08,4.951823642584648e-08,0.0,0.0,12
51.400000000000006,CN,0.2504120210542631,0.0009999847205076175,0.0,0.0,0.2506626405342588,0.25066269840977945,9.881637952346978e-08,4.940837860500607e-08,0.0,0.0,12
51.5,CN,0.25041202102451926,0.0009999848391683552,0.0,0.0,0.25066267027411687,0.2506627280613484,9.859773075771017e-08,4.929905380427704e-08,0.0,0.0,12
51.6,CN,0.25041202105421756,0.0009999847206892127,0.0,0.0,0.25066264065804794,0.25066269835857125,9.838565545594591e-08,4.919301574810791e-08,0.0,0.0,12
51.7,CN,0.2504120210246409,0.0009999848386831416,0.0,0.0,0.25066267023037486,0.25066272784291604,9.817408114232151e-08,4.9087228186966126e-08,0.0,0.0,12
51.800000000000004,CN,0.25041202105416904,0.0009999847208827667,0.0,0.0,0.25066264078448725,0.2506626983106959,9.796910499515477e-08,4.898473972166261e-08,0.0,0.0,12
51.900000000000006,CN,0.25041202102475874,0.0009999848382129873,0.0,0.0,0.25066267019045274,0.25066272762899394,9.776403364636366e-08,4.8882203655364984e-08,0.0,0.0,12
52.0,CN,0.25041202105411736,0.0009999847210889437,0.0,0.0,0.2506626409133128,0.25066269826588594,9.756580210407151e-08,4.878308750538806e-08,0.0,0.0,12
52.1,CN,0.2504120210248725,0.0009999848377592207,0.0,0.0,0.25066267015409033,0.25066272741931733,9.7366573859059e-08,4.868347300214621e-08,0.0,0.0,12
52.2,CN,0.25041202105406346,0.000999984721303979,0.0,0.0,0.25066264104428326,0.2506626982238969,9.71745771627397e-08,4.8587474287070824e-08,0.0,0.0,12
52.300000000000004,CN,0.25041202102498245,0.000999984837320513,0.0,0.0,0.250662670121043,0.25066272721363714,9.69808179873688e-08,4.8490594329101453e-08,0.0,0.0,12
52.400000000000006,CN,0.25041202105400723,0.0009999847215283156,0.0,0.0,0.2506626411771794,0.2506626981845059,9.679451684618812e-08,4.8397443402479886e-08,0.0,0.0,12
52.5,CN,0.25041202102508897,0.0009999848368955361,0.0,0.0,0.25066267009108323,0.2506627270117214,9.660611405282182e-08,4.8303241645749146e-08,0.0,0.0,12
52.6,CN,0.2504120210539489,0.0009999847217610673,0.0,0.0,0.2506626413117962,0.2506626981475047,9.642494319672679e-08,4.821265587147464e-08,0.0,0.0,12
52.7,CN,0.25041202102519244,0.0009999848364827392,0.0,0.0,0.250662670064003,0.25066272681335766,9.624138103125901e-08,4.812087443794385e-08,0.0,0.0,12
52.800000000000004,CN,0.2504120210538885,0.0009999847220020133,0.0,0.0,0.25066264144794337,0.2506626981126993,9.606506778947477e-08,4.80327174801079e-08,0.0,0.0,12
52.900000000000006,CN,0.25041202102529264,0.0009999848360830082,0.0,0.0,0.25066267003960024,0.2506627266183397,9.588587429609774e-08,4.7943120390971244e-08,0.0,0.0,12
53.0,CN,0.2504120210538271,0.0009999847222469454,0.0,0.0,0.2506626415854385,0.2506626980799041,9.571404663288874e-08,4.785720623099509e-08,0.0,0.0,12
53.1,CN,0.25041202102539084,0.0009999848356912497,0.0,0.0,0.2506626700177005,0.25066272642648907,9.553902513559365e-08,4.776969514787231e-08,0.0,0.0,12
53.2,CN,0.25041202105376387,0.0009999847224991855,0.0,0.0,0.25066264172412756,0.2506626980489614,9.540193968149424e-08,4.770115215884513e-08,0.0,0.0,12
53.300000000000004,CN,0.2504120210254857,0.0009999848353127788,0.0,0.0,0.2506626699981295,0.2506627262376272,9.526730271325334e-08,4.763383341742639e-08,0.0,0.0,12
53.400000000000006,CN,0.2504120210536987,0.0009999847227591767,0.0,0.0,0.25066264186385423,0.25066269801971147,9.513862664345396e-08,4.756949513662e-08,0.0,0.0,12
53.5,CN,0.2504120210255777,0.0009999848349458234,0.0,0.0,0.2506626699807287,0.2506627260515916,9.500725478561733e-08,4.750380895664319e-08,0.0,0.0,12
53.6,CN,0.25041202105363336,0.0009999847230198324,0.0,0.0,0.2506626420044814,0.2506626979920138,9.488138680291414e-08,4.744087472475129e-08,0.0,0.0,12
53.7,CN,0.2504120210256684,0.0009999848345839618,0.0,0.0,0.2506626699653574,0.2506627258682378,9.475315959628361e-08,4.737676087638712e-08,0.0,0.0,12
53.800000000000004,CN,0.25041202105356597,0.0009999847232886818,0.0,0.0,0.2506626421458795,0.25066269796573537,9.462970584905861e-08,4.7315033766848055e-08,0.0,0.0,12
53.900000000000006,CN,0.25041202102575555,0.0009999848342362734,0.0,0.0,0.2506626699518752,0.25066272568742126,9.45044055233879e-08,4.725238336455723e-08,0.0,0.0,14
54.0,CN,0.2504120210534979,0.0009999847235601887,0.0,0.0,0.2506626422879279,0.25066269794075197,9.438314840792827e-08,4.719175457509872e-08,0.0,0.0,12
54.1,CN,0.2504120210258409,0.0009999848338956717,0.0,0.0,0.25066266994015585,0.250662725509012,9.42605594689283e-08,4.713045987132486e-08,0.0,0.0,14
54.2,CN,0.2504120210534285,0.0009999847238370107,0.0,0.0,0.25066264243051883,0.25066269791695234,9.414141638464102e-08,4.707088810149255e-08,0.0,0.0,12
54.300000000000004,CN,0.25041202102592486,0.0009999848335608278,0.0,0.0,0.25066266993008535,0.2506627253328923,9.402117689960576e-08,4.7010768129190976e-08,0.0,0.0,14
54.400000000000006,CN,0.25041202105335914,0.0009999847241138327,0.0,0.0,0.2506626425735579,0.250662697894239,9.390414384968793e-08,4.6952251380575774e-08,0.0,0.0,12
54.5,CN,0.2504120210260066,0.0009999848332346208,0.0,0.0,0.2506626699215599,0.25066272515895455,9.378694304507107e-08,4.689365075429047e-08,0.0,0.0,14
54.6,CN,0.25041202105328875,0.000999984724394641,0.0,0.0,0.25066264271693883,0.2506626978725017,9.367205078270047e-08,4.683620440354005e-08,0.0,0.0,12
54.7,CN,0.25041202102608673,0.0009999848329150574,0.0,0.0,0.2506626699144688,0.25066272498708436,9.355789054588115e-08,4.6779124066964206e-08,0.0,0.0,14
54.800000000000004,CN,0.2504120210532173,0.000999984724679657,0.0,0.0,0.2506626428605877,0.25066269785166356,9.34447815237327e-08,4.6722569339732725e-08,0.0,0.0,12
54.900000000000006,CN,0.2504120210261646,0.0009999848326043524,0.0,0.0,0.25066266990872416,0.2506627248171904,9.333235384545446e-08,4.666635528573843e-08,0.0,0.0,14
55.0,CN,0.2504120210531461,0.000999984724963787,0.0,0.0,0.2506626430044169,0.2506626978316332,9.322069199901861e-08,4.661052414912887e-08,0.0,0.0,12
55.1,CN,0.25041202102624166,0.0009999848322969694,0.0,0.0,0.25066266990423314,0.25066272464917605,9.31098568246469e-08,4.6555106350131196e-08,0.0,0.0,14
55.2,CN,0.25041202105307425,0.000999984725250353,0.0,0.0,0.25066264314835857,0.25066269781233963,9.299952780095211e-08,4.649994162743927e-08,0.0,0.0,12
55.300000000000004,CN,0.25041202102631743,0.0009999848319946797,0.0,0.0,0.25066266990092184,0.25066272448296384,9.289013253033218e-08,4.644524378306922e-08,0.0,0.0,14
55.400000000000006,CN,0.2504120210530024,0.0009999847255369192,0.0,0.0,0.25066264329234333,0.2506626977937101,9.278488000141749e-08,4.6392617317468787e-08,0.0,0.0,12
55.5,CN,0.2504120210263916,0.0009999848316988125,0.0,0.0,0.2506626698987119,0.2506627243184719,9.268336337298066e-08,4.634185880924678e-08,0.0,0.0,14
55.6,CN,0.25041202105293014,0.0009999847258252569,0.0,0.0,0.2506626434363108,0.2506626977756806,9.258252220423202e-08,4.629143803215971e-08,0.0,0.0,12
55.7,CN,0.2504120210264641,0.0009999848314095887,0.0,0.0,0.25066266989753533,0.25066272415562907,9.24820856562647e-08,4.624121956623655e-08,0.0,0.0,14
55.800000000000004,CN,0.2504120210528569,0.0009999847261173596,0.0,0.0,0.2506626435802051,0.2506626977581921,9.238209897066696e-08,4.6191226032357895e-08,0.0,0.0,12
55.900000000000006,CN,0.2504120210265351,0.0009999848311263446,0.0,0.0,0.25066266989732294,0.2506627239943625,9.228263281313431e-08,4.614149276350654e-08,0.0,0.0,14
56.0,CN,0.25041202105278354,0.0009999847264101265,0.0,0.0,0.25066264372397445,0.25066269774118954,9.21834113487563e-08,4.6091881841700126e-08,0.0,0.0,12
56.1,CN,0.25041202102660487,0.0009999848308479724,0.0,0.0,0.2506626698980172,0.25066272383461125,9.208480977740408e-08,4.6042580867591253e-08,0.0,0.0,14
56.2,CN,0.25041202105271027,0.0009999847267024504,0.0,0.0,0.25066264386756854,0.25066269772461924,9.198628986295532e-08,4.5993320722090164e-08,0.0,0.0,14
56.300000000000004,CN,0.250412021026674,0.0009999848305722577,0.0,0.0,0.25066266989956265,0.2506627236763166,9.18884365819217e-08,4.5944393894570614e-08,0.0,0.0,14
56.400000000000006,CN,0.25041202105263716,0.00099998472699411,0.0,0.0,0.2506626440109468,0.25066269770843735,9.179053073182786e-08,4.589544078242049e-08,0.0,0.0,14
56.5,CN,0.2504120210267421,0.0009999848303005293,0.0,0.0,0.2506626699019095,0.25066272351942537,9.169335518643962e-08,4.5846852824018817e-08,0.0,0.0,14
56.6,CN,0.2504120210525647,0.0009999847272831122,0.0,0.0,0.25066264415406964,0.2506626976926011,9.15959798564181e-08,4.579816497291871e-08,0.0,0.0,14
56.7,CN,0.2504120210268086,0.000999984830035223,0.0,0.0,0.25066266990500774,0.2506627233638844,9.149942181707615e-08,4.5749885768720274e-08,0.0,0.0,14
56.800000000000004,CN,0.2504120210524908,0.0009999847275780937,0.0,0.0,0.250662644296898,0.25066269767706817,9.140250201156164e-08,4.5701425680744193e-08,0.0,0.0,14
56.900000000000006,CN,0.25041202102687476,0.0009999848297712456,0.0,0.0,0.2506626699088092,0.250662723209642,9.130648448429923e-08,4.565341673361848e-08,0.0,0.0,14
57.0,CN,0.2504120210524181,0.0009999847278679818,0.0,0.0,0.2506626444394005,0.2506626976618038,9.120999483469561e-08,4.5605171724419894e-08,0.0,0.0,14
57.1,CN,0.2504120210269398,0.0009999848295116974,0.0,0.0,0.25066266991327535,0.25066272305665666,9.111442017539773e-08,4.555738421212278e-08,0.0,0.0,14
57.2,CN,0.25041202105234484,0.0009999847281603057,0.0,0.0,0.2506626445815484,0.2506626976467763,9.101834491653804e-08,4.550934639908809e-08,0.0,0.0,14
57.300000000000004,CN,0.25041202102700355,0.0009999848292574641,0.0,0.0,0.25066266991836783,0.2506627229048868,9.092313640879368e-08,4.546174196326747e-08,0.0,0.0,14
57.400000000000006,CN,0.2504120210522722,0.0009999847284499722,0.0,0.0,0.25066264472330996,0.2506626976319506,9.08274220834393e-08,4.54138846176752e-08,0.0,0.0,14
57.5,CN,0.25041202102706683,0.0009999848290050024,0.0,0.0,0.25066266992405084,0.25066272275429335,9.073251766578139e-08,4.536643222747893e-08,0.0,0.0,14
57.6,CN,0.2504120210521992,0.0009999847287414105,0.0,0.0,0.2506626448646661,0.25066269761730453,9.063713757306857e-08,4.5318741998846177e-08,0.0,0.0,14
57.7,CN,0.25041202102712923,0.0009999848287560841,0.0,0.0,0.2506626699302919,0.2506627226048406,9.054248278905774e-08,4.527141442595052e-08,0.0,0.0,14
57.800000000000004,CN,0.2504120210521266,0.0009999847290308554,0.0,0.0,0.2506626450055893,0.25066269760280746,9.044737803165503e-08,4.5223861865499e-08,0.0,0.0,14
57.900000000000006,CN,0.2504120210271903,0.0009999848285124806,0.0,0.0,0.2506626699370548,0.25066272245648963,9.035292902748182e-08,4.5176637182915403e-08,0.0,0.0,14
58.0,CN,0.2504120210520533,0.000999984729323401,0.0,0.0,0.2506626451460619,0.2506626975884385,9.025819175390026e-08,4.512926836507674e-08,0.0,0.0,14
58.1,CN,0.2504120210272504,0.000999984828272642,0.0,0.0,0.25066266994431485,0.2506627223092122,9.016392410465812e-08,4.508213436030526e-08,0.0,0.0,14
58.2,CN,0.2504120210519803,0.0009999847296146176,0.0,0.0,0.250662645286056,0.25066269757416687,9.006946444234387e-08,4.5034904348630776e-08,0.0,0.0,14
58.300000000000004,CN,0.25041202102731,0.0009999848280350181,0.0,0.0,0.2506626699520405,0.25066272216297397,8.997534894916726e-08,4.4987846422182836e-08,0.0,0.0,14
58.400000000000006,CN,0.2504120210519084,0.0009999847299014051,0.0,0.0,0.2506626454255667,0.25066269755998466,8.988109828633739e-08,4.4940720910649954e-08,0.0,0.0,14
58.5,CN,0.2504120210273688,0.0009999848278002732,0.0,0.0,0.2506626699602126,0.2506627220177527,8.978710097640175e-08,4.4893722076048354e-08,0.0,0.0,14
58.6,CN,0.250412021051836,0.0009999847301901859,0.0,0.0,0.2506626455645741,0.2506626975458688,8.969314774232018e-08,4.4846745279458026e-08,0.0,0.0,14
58.7,CN,0.2504120210274272,0.0009999848275672998,0.0,0.0,0.2506626699688074,0.2506627218735215,8.959925523743806e-08,4.479979884758348e-08,0.0,0.0,14
58.800000000000004,CN,0.2504120210517641,0.000999984730477195,0.0,0.0,0.2506626457030648,0.25066269753180265,8.950540275609598e-08,4.4752872427555434e-08,0.0,0.0,14
58.900000000000006,CN,0.2504120210274853,0.000999984827335655,0.0,0.0,0.2506626699778023,0.25066272173025506,8.941158363695578e-08,4.4705962688692093e-08,0.0,0.0,14
59.0,CN,0.25041202105169313,0.0009999847307602177,0.0,0.0,0.2506626458410277,0.2506626975177726,8.931778860965522e-08,4.465906499579461e-08,0.0,0.0,14
59.1,CN,0.25041202102754234,0.0009999848271079967,0.0,0.0,0.2506626699871744,0.2506627215879274,8.922402533473317e-08,4.4612183179147056e-08,0.0,0.0,14
59.2,CN,0.2504120210516222,0.0009999847310432405,0.0,0.0,0.2506626459784509,0.2506626975037635,8.913027932377915e-08,4.4565309994516516e-08,0.0,0.0,14
59.300000000000004,CN,0.2504120210275991,0.000999984826881667,0.0,0.0,0.2506626699969038,0.25066272144651564,8.903658482717347e-08,4.4518462567158594e-08,0.0,0.0,14
59.400000000000006,CN,0.25041202105155114,0.0009999847313267062,0.0,0.0,0.25066264611532224,0.2506626974897604,8.894283459737196e-08,4.447158727309624e-08,0.0,0.0,14
59.5,CN,0.2504120210276546,0.0009999848266602095,0.0,0.0,0.2506626700069783,0.25066272130600475,8.884919150409232e-08,4.442476554749957e-08,0.0,0.0,14
59.6,CN,0.2504120210514801,0.000999984731610172,0.0,0.0,0.2506626462516372,0.2506626974757558,8.875543189290624e-08,4.437788556272701e-08,0.0,0.0,14
59.7,CN,0.25041202102770954,0.0009999848264409664,0.0,0.0,0.2506626700173768,0.25066272116637067,8.866181211431012e-08,4.433107549451666e-08,0.0,0.0,14
59.800000000000004,CN,0.2504120210514095,0.000999984731891866,0.0,0.0,0.2506626463873876,0.25066269746173864,8.85680659923338e-08,4.428420225437475e-08,0.0,0.0,14
59.900000000000006,CN,0.2504120210277635,0.0009999848262257098,0.0,0.0,0.2506626700280867,0.250662721027598,8.847441063108974e-08,4.4237374394772425e-08,0.0,0.0,14
60.0,CN,0.2504120210513383,0.0009999847321757746,0.0,0.0,0.25066264652256753,0.2506626974476999,8.838067311334186e-08,4.419050545676118e-08,0.0,0.0,14
60.1,CN,0.25041202102781746,0.000999984826010453,0.0,0.0,0.2506626700390964,0.2506627208896723,8.82869618523685e-08,4.414364964718739e-08,0.0,0.0,14
60.2,CN,0.2504120210512688,0.0009999847324530396,0.0,0.0,0.25066264665716903,0.2506626974336292,8.81932143426134e-08,4.409677571315344e-08,0.0,0.0,14
60.300000000000004,CN,0.25041202102787097,0.000999984825796968,0.0,0.0,0.25066267005038734,0.25066272075257207,8.809945645227302e-08,4.404989658880701e-08,0.0,0.0,14
60.400000000000006,CN,0.2504120210511994,0.0009999847327298616,0.0,0.0,0.2506626467911899,0.25066269741952113,8.800568312983259e-08,4.400300974838107e-08,0.0,0.0,14
60.5,CN,0.25041202102792437,0.0009999848255839256,0.0,0.0,0.25066267006195003,0.25066272061628514,8.791186556500463e-08,4.395610078667682e-08,0.0,0.0,14
60.6,CN,0.2504120210511308,0.0009999847330035832,0.0,0.0,0.2506626469246235,0.2506626974053664,8.781806637436773e-08,4.390920101210321e-08,0.0,0.0,14
60.7,CN,0.2504120210279771,0.000999984825373541,0.0,0.0,0.2506626700737715,0.25066272048079585,8.772418658153924e-08,4.386226093627977e-08,0.0,0.0,14
60.800000000000004,CN,0.25041202105106186,0.0009999847332786333,0.0,0.0,0.2506626470574661,0.2506626973911587,8.763034553549431e-08,4.381534023392215e-08,0.0,0.0,12
60.900000000000006,CN,0.2504120210280291,0.000999984825166035,0.0,0.0,0.2506626700858391,0.25066272034608866,8.753637925629221e-08,4.376835691474663e-08,0.0,0.0,12
61.0,CN,0.2504120210509929,0.0009999847335536837,0.0,0.0,0.2506626471897138,0.25066269737689106,8.744250662440223e-08,4.372142041940613e-08,0.0,0.0,12
61.1,CN,0.2504120210280798,0.0009999848249638444,0.0,0.0,0.2506626700981435,0.2506627202121516,8.734844425539734e-08,4.367438905514557e-08,0.0,0.0,12
61.2,CN,0.2504120210509249,0.0009999847338249693,0.0,0.0,0.25066264732137,0.2506626973625643,8.725452910196552e-08,4.3627431298952886e-08,0.0,0.0,12
61.300000000000004,CN,0.2504120210281305,0.0009999848247616537,0.0,0.0,0.2506626701106753,0.2506627200789722,8.716037458444958e-08,4.358035386026072e-08,0.0,0.0,12
61.400000000000006,CN,0.2504120210508561,0.0009999847340995767,0.0,0.0,0.2506626474524292,0.25066269734817015,8.706641801969894e-08,4.353337539832948e-08,0.0,0.0,12
61.5,CN,0.2504120210281805,0.0009999848245621204,0.0,0.0,0.25066267012342863,0.25066271994654266,8.697217851461048e-08,4.3486255465688624e-08,0.0,0.0,12
61.6,CN,0.25041202105078886,0.0009999847343677617,0.0,0.0,0.25066264758288953,0.250662697333704,8.68781414031794e-08,4.343923673026325e-08,0.0,0.0,12
61.7,CN,0.25041202102823046,0.0009999848243628085,0.0,0.0,0.250662670136389,0.250662719814845,8.678383206506268e-08,4.3392081880974807e-08,0.0,0.0,12
61.800000000000004,CN,0.250412021050721,0.0009999847346383829,0.0,0.0,0.25066264771275276,0.250662697319165,8.668973072722963e-08,4.33450310322257e-08,0.0,0.0,12
61.900000000000006,CN,0.25041202102827986,0.0009999848241657114,0.0,0.0,0.2506626701495529,0.25066271968387366,8.659534728172602e-08,4.3297839129102194e-08,0.0,0.0,12
62.0,CN,0.25041202105065463,0.0009999847349032463,0.0,0.0,0.2506626478420163,0.25066269730454793,8.65011525741366e-08,4.325074159529647e-08,0.0,0.0,12
62.1,CN,0.25041202102832927,0.000999984823968614,0.0,0.0,0.25066267016291377,0.2506627195536191,8.640668913706406e-08,4.320350969623563e-08,0.0,0.0,12
62.2,CN,0.25041202105058824,0.0009999847351681095,0.0,0.0,0.25066264797067894,0.2506626972898488,8.631241238399312e-08,4.3156371139532355e-08,0.0,0.0,12
62.300000000000004,CN,0.2504120210283777,0.000999984823775503,0.0,0.0,0.25066267017645955,0.2506627194240666,8.621787178642037e-08,4.3109100660073954e-08,0.0,0.0,12
62.400000000000006,CN,0.25041202105052174,0.0009999847354334158,0.0,0.0,0.2506626480987448,0.2506626972750692,8.612350943515423e-08,4.3061919304109494e-08,0.0,0.0,12
62.5,CN,0.2504120210284258,0.0009999848235834993,0.0,0.0,0.2506626701901911,0.25066271929521466,8.602889306486006e-08,4.301461093814557e-08,0.0,0.0,12
62.6,CN,0.2504120210504559,0.0009999847356960644,0.0,0.0,0.2506626482262158,0.2506626972602084,8.593444833504549e-08,4.2967388392749466e-08,0.0,0.0,12
62.7,CN,0.25041202102847404,0.0009999848233910526,0.0,0.0,0.25066267020409655,0.2506627191670487,8.583975019682555e-08,4.29200391426664e-08,0.0,0.0,12
62.800000000000004,CN,0.2504120210503908,0.000999984735955834,0.0,0.0,0.2506626483530887,0.25066269724526064,8.574523602256079e-08,4.287278187491249e-08,0.0,0.0,12
62.900000000000006,CN,0.2504120210285215,0.0009999848232017064,0.0,0.0,0.25066267021817085,0.25066271903956117,8.56504477897424e-08,4.282538757735802e-08,0.0,0.0,12
63.0,CN,0.2504120210503264,0.0009999847362127249,0.0,0.0,0.2506626484793652,0.25066269723022516,8.555585556679901e-08,4.277809128511564e-08,0.0,0.0,12
63.1,CN,0.25041202102856835,0.0009999848230147963,0.0,0.0,0.25066267023241007,0.2506627189127458,8.54609939482387e-08,4.273066029454996e-08,0.0,0.0,12
63.2,CN,0.2504120210502614,0.0009999847364720517,0.0,0.0,0.250662648605048,0.2506626972151021,8.53663247868397e-08,4.268332553293275e-08,0.0,0.0,12
63.300000000000004,CN,0.25041202102861504,0.0009999848228285503,0.0,0.0,0.2506626702468079,0.2506627187865934,8.527141198699795e-08,4.263586895162854e-08,0.0,0.0,12
63.400000000000006,CN,0.2504120210501971,0.0009999847367284996,0.0,0.0,0.250662648730138,0.25066269719988954,8.517666949536817e-08,4.25884975247558e-08,0.0,0.0,12
63.5,CN,0.25041202102866156,0.000999984822642969,0.0,0.0,0.25066267026135997,0.25066271866109746,8.508168014564887e-08,4.254100266836653e-08,0.0,0.0,12
63.6,CN,0.25041202105013327,0.0009999847369831759,0.0,0.0,0.25066264885463607,0.25066269718458617,8.498788606203789e-08,4.249410544731564e-08,0.0,0.0,12
63.7,CN,0.25041202102870724,0.0009999848224607093,0.0,0.0,0.2506626702760578,0.2506627185362466,8.48939522013481e-08,4.2447138337458224e-08,0.0,0.0,12
63.800000000000004,CN,0.2504120210500696,0.0009999847372371877,0.0,0.0,0.25066264897854745,0.25066269716919465,8.480013546918741e-08,4.2400229792089195e-08,0.0,0.0,12
63.900000000000006,CN,0.25041202102875204,0.0009999848222819931,0.0,0.0,0.25066267029090017,0.25066271841203736,8.470613582778341e-08,4.2353229791748965e-08,0.0,0.0,12
64.0,CN,0.25041202105000565,0.0009999847374923068,0.0,0.0,0.2506626491018685,0.2506626971537087,8.461221784328288e-08,4.230627062001651e-08,0.0,0.0,12
64.10000000000001,CN,0.2504120210287969,0.0009999848221030553,0.0,0.0,0.2506626703058842,0.25066271828846454,8.451813304777289e-08,4.225922804246055e-08,0.0,0.0,12
64.2,CN,0.2504120210499424,0.000999984737744547,0.0,0.0,0.25066264922460874,0.2506626971381356,8.442411425502172e-08,4.2212218466410134e-08,0.0,0.0,12
64.3,CN,0.2504120210288414,0.0009999848219254463,0.0,0.0,0.2506626703210023,0.250662718165518,8.432994252904891e-08,4.2165132423456635e-08,0.0,0.0,12
64.4,CN,0.25041202104987964,0.0009999847379950156,0.0,0.0,0.2506626493467639,0.25066269712246886,8.423584002548168e-08,4.211808099183821e-08,0.0,0.0,12
64.5,CN,0.2504120210288858,0.0009999848217482803,0.0,0.0,0.25066267033625345,0.25066271804319434,8.414158569891583e-08,4.207095364843034e-08,0.0,0.0,12
64.60000000000001,CN,0.25041202104981763,0.0009999847382423837,0.0,0.0,0.2506626494683418,0.25066269710671346,8.404739659795268e-08,4.2023858917948465e-08,0.0,0.0,12
64.7,CN,0.2504120210289297,0.0009999848215733289,0.0,0.0,0.25066267035163275,0.25066271792148614,8.395306710928807e-08,4.197669399334757e-08,0.0,0.0,12
64.8,CN,0.2504120210497558,0.0009999847384890874,0.0,0.0,0.2506626495893432,0.25066269709086775,8.385879590733225e-08,4.192955821221246e-08,0.0,0.0,12
64.9,CN,0.25041202102897403,0.0009999848213963843,0.0,0.0,0.25066267036713974,0.2506627178003906,8.376438126456165e-08,4.188235071039584e-08,0.0,0.0,12
65.0,CN,0.25041202104969407,0.0009999847387353483,0.0,0.0,0.2506626497097728,0.2506626970749344,8.367003800913153e-08,4.183517890238588e-08,0.0,0.0,12
65.10000000000001,CN,0.25041202102901683,0.0009999848212256404,0.0,0.0,0.2506626703827677,0.25066271767989873,8.357570507877554e-08,4.178801225693272e-08,0.0,0.0,12
65.2,CN,0.25041202104963295,0.000999984738979173,0.0,0.0,0.2506626498296301,0.25066269705891026,8.348148322623317e-08,4.174090115059865e-08,0.0,0.0,12
65.3,CN,0.2504120210290599,0.0009999848210537894,0.0,0.0,0.2506626703985119,0.2506627175600034,8.338711793287601e-08,4.1693718323583055e-08,0.0,0.0,12
65.4,CN,0.25041202104957205,0.000999984739222112,0.0,0.0,0.25066264994891563,0.2506626970427937,8.329281669938737e-08,4.1646567526624146e-08,0.0,0.0,12
65.5,CN,0.2504120210291024,0.0009999848208841527,0.0,0.0,0.25066267041437584,0.2506627174407058,8.319838590287176e-08,4.1599351947904146e-08,0.0,0.0,12
65.60000000000001,CN,0.2504120210495116,0.0009999847394632792,0.0,0.0,0.2506626500676428,0.25066269702659577,8.310400828603903e-08,4.155216295912722e-08,0.0,0.0,12
65.7,CN,0.2504120210291441,0.000999984820717838,0.0,0.0,0.25066267043034696,0.2506627173219911,8.300951315209915e-08,4.150491521157213e-08,0.0,0.0,12
65.8,CN,0.2504120210494514,0.0009999847397033394,0.0,0.0,0.2506626501858017,0.25066269701030414,8.291507186397595e-08,4.1457694387028294e-08,0.0,0.0,12
65.9,CN,0.25041202102918597,0.0009999848205508592,0.0,0.0,0.25066267044643065,0.2506627172038624,8.282051627839238e-08,4.141041641353583e-08,0.0,0.0,12
66.0,CN,0.25041202104939136,0.0009999847399429565,0.0,0.0,0.250662650303405,0.2506626969939292,8.27260083768877e-08,4.1363162282173955e-08,0.0,0.0,12
66.10000000000001,CN,0.25041202102922755,0.0009999848203849874,0.0,0.0,0.25066267046262225,0.25066271708631266,8.263139450459533e-08,4.131585516521571e-08,0.0,0.0,12
66.2,CN,0.25041202104933213,0.0009999847401792516,0.0,0.0,0.2506626504204498,0.25066269697746607,8.253682182157718e-08,4.1268568642973285e-08,0.0,0.0,12
66.3,CN,0.2504120210292681,0.0009999848202233233,0.0,0.0,0.2506626704789136,0.25066271696933173,8.244215293773394e-08,4.1221234020134474e-08,0.0,0.0,12
66.4,CN,0.2504120210492723,0.000999984740417983,0.0,0.0,0.2506626505369405,0.25066269696091675,8.234752407743073e-08,4.117391940914217e-08,0.0,0.0,12
66.5,CN,0.2504120210293096,0.000999984820057673,0.0,0.0,0.2506626704953084,0.2506627168529207,8.225281999951761e-08,4.112656718920116e-08,0.0,0.0,12
66.60000000000001,CN,0.2504120210492142,0.000999984740649849,0.0,0.0,0.2506626506528835,0.25066269694428506,8.215813024348151e-08,4.107922213022603e-08,0.0,0.0,12
66.7,CN,0.25041202102935095,0.0009999848198926871,0.0,0.0,0.25066267051180385,0.2506627167370746,8.206336910010492e-08,4.103184137744423e-08,0.0,0.0,12
66.8,CN,0.2504120210491557,0.000999984740883044,0.0,0.0,0.25066265076827804,0.25066269692756826,8.196864598186693e-08,4.09844796373044e-08,0.0,0.0,12
66.9,CN,0.25041202102939075,0.000999984819733902,0.0,0.0,0.2506626705283965,0.250662716621788,8.187384326063807e-08,4.0937078095517017e-08,0.0,0.0,12
67.0,CN,0.25041202104909643,0.0009999847411195607,0.0,0.0,0.25066265088313056,0.25066269691077064,8.17790719587208e-08,4.088969226344546e-08,0.0,0.0,12
67.10000000000001,CN,0.25041202102942983,0.000999984819577996,0.0,0.0,0.2506626705450821,0.25066271650705424,8.168423859533647e-08,4.084227540052178e-08,0.0,0.0,12
67.2,CN,0.25041202104903815,0.000999984741352091,0.0,0.0,0.2506626509974422,0.25066269689389103,8.158942876868025e-08,4.079487030600713e-08,0.0,0.0,12
67.3,CN,0.250412021029469,0.0009999848194216468,0.0,0.0,0.25066267056186237,0.2506627163928729,8.149456076633754e-08,4.074743612353806e-08,0.0,0.0,12
67.4,CN,0.25041202104898047,0.0009999847415821854,0.0,0.0,0.25066265111121805,0.25066269687693243,8.139970764098337e-08,4.070000937959169e-08,0.0,0.0,12
67.5,CN,0.25041202102950844,0.000999984819264412,0.0,0.0,0.25066267057873404,0.2506627162792386,8.13048168235575e-08,4.065256378953744e-08,0.0,0.0,12
67.60000000000001,CN,0.25041202104892346,0.0009999847418096224,0.0,0.0,0.2506626512244581,0.25066269685989256,8.120993616467231e-08,4.0605123278772944e-08,0.0,0.0,12
67.7,CN,0.2504120210295473,0.0009999848191093916,0.0,0.0,0.2506626705956942,0.25066271616614627,8.11150183133158e-08,4.05576641717017e-08,0.0,0.0,12
67.8,CN,0.25041202104886606,0.0009999847420386096,0.0,0.0,0.250662651337173,0.2506626968427802,8.102011117561148e-08,4.0510210421477034e-08,0.0,0.0,12
67.9,CN,0.2504120210295864,0.0009999848189534855,0.0,0.0,0.25066267061274267,0.2506627160535936,8.092517944646715e-08,4.046274437548537e-08,0.0,0.0,12
68.0,CN,0.25041202104880966,0.0009999847422636104,0.0,0.0,0.250662651449358,0.250662696825588,8.083024949367967e-08,4.041527921767553e-08,0.0,0.0,12
68.10000000000001,CN,0.25041202102962423,0.0009999848188024516,0.0,0.0,0.25066267062987346,0.2506627159415724,8.073529894625509e-08,4.036780376250777e-08,0.0,0.0,12
68.2,CN,0.2504120210487525,0.0009999847424917118,0.0,0.0,0.25066265156101725,0.25066269680831826,8.064034945354237e-08,4.032032883469796e-08,0.0,0.0,12
68.3,CN,0.25041202102966154,0.000999984818653632,0.0,0.0,0.2506626706470874,0.25066271583008143,8.054538608304185e-08,4.0272846967967735e-08,0.0,0.0,12
68.4,CN,0.2504120210486954,0.0009999847427193701,0.0,0.0,0.25066265167215884,0.250662696790977,8.045042393378665e-08,4.02253657118625e-08,0.0,0.0,12
68.5,CN,0.25041202102969873,0.0009999848185052555,0.0,0.0,0.2506626706643823,0.2506627157191163,8.03554432993181e-08,4.0177875213115264e-08,0.0,0.0,12
68.60000000000001,CN,0.2504120210486388,0.000999984742945257,0.0,0.0,0.2506626517827816,0.25066269677356096,8.02604788741057e-08,4.0130392819027075e-08,0.0,0.0,12
68.7,CN,0.2504120210297352,0.0009999848183597578,0.0,0.0,0.25066267068175085,0.25066271560866776,8.016549690736952e-08,4.0082901654143475e-08,0.0,0.0,12
68.8,CN,0.2504120210485835,0.0009999847431658286,0.0,0.0,0.2506626518928877,0.2506626967560701,8.007052065828191e-08,4.0035413348095095e-08,0.0,0.0,12
68.9,CN,0.2504120210297722,0.0009999848182120456,0.0,0.0,0.2506626706992003,0.2506627154987409,7.997553330696405e-08,3.998791949091037e-08,0.0,0.0,12
69.0,CN,0.25041202104852744,0.0009999847433895008,0.0,0.0,0.25066265200248494,0.2506626967385101,7.988057026953044e-08,3.9940437790714226e-08,0.0,0.0,12
69.10000000000001,CN,0.2504120210298087,0.0009999848180665479,0.0,0.0,0.25066267071672677,0.25066271538932994,7.978557858834279e-08,3.989294176858633e-08,0.0,0.0,12
69.2,CN,0.2504120210484722,0.000999984743609851,0.0,0.0,0.25066265211157274,0.25066269672087865,7.969063386958908e-08,3.984546922776515e-08,0.0,0.0,12
69.3,CN,0.2504120210298443,0.0009999848179245937,0.0,0.0,0.2506626707343269,0.2506627152804293,7.959568631976666e-08,3.9797995271404204e-08,0.0,0.0,12
69.4,CN,0.2504120210484173,0.0009999847438288726,0.0,0.0,0.2506626522201554,0.25066269670317753,7.950076313933963e-08,3.9750533499787525e-08,0.0,0.0,12
69.5,CN,0.25041202102988114,0.0009999848177775458,0.0,0.0,0.25066267075199816,0.2506627151720344,7.940583546250934e-08,3.9703069479960625e-08,0.0,0.0,12
69.60000000000001,CN,0.25041202104836346,0.0009999847440436865,0.0,0.0,0.25066265232824014,0.2506626966854123,7.931092343982371e-08,3.9655613287235967e-08,0.0,0.0,12
69.7,CN,0.2504120210299172,0.0009999848176335984,0.0,0.0,0.2506626707697432,0.250662715064146,7.921600625460101e-08,3.9608154513232915e-08,0.0,0.0,12
69.8,CN,0.25041202104830884,0.0009999847442616007,0.0,0.0,0.2506626524358251,0.25066269666757895,7.912110894237045e-08,3.9560705675763906e-08,0.0,0.0,12
69.9,CN,0.25041202102995236,0.0009999848174934158,0.0,0.0,0.25066267078755566,0.2506627149567559,7.902621274036292e-08,3.951325739340853e-08,0.0,0.0,12
70.0,CN,0.25041202104825444,0.0009999847444786291,0.0,0.0,0.2506626525429167,0.2506626966496822,7.89313348570353e-08,3.946581827042812e-08,0.0,0.0,12
70.10000000000001,CN,0.2504120210299876,0.0009999848173527903,0.0,0.0,0.2506626708054401,0.2506627148498663,7.883646030437674e-08,3.941838081278861e-08,0.0,0.0,12
70.2,CN,0.25041202104820026,0.0009999847446947718,0.0,0.0,0.2506626526495156,0.25066269663172047,7.874160451448731e-08,3.9370952736569515e-08,0.0,0.0,12
70.3,CN,0.2504120210300219,0.0009999848172159295,0.0,0.0,0.25066267082338767,0.25066271474346663,7.86467547198022e-08,3.932352765796404e-08,0.0,0.0,12
70.4,CN,0.2504120210481468,0.0009999847449080354,0.0,0.0,0.2506626527556245,0.25066269661369434,7.8551923243797e-08,3.927611173873353e-08,0.0,0.0,12
70.5,CN,0.250412021030056,0.0009999848170799545,0.0,0.0,0.2506626708413985,0.2506627146375549,7.845710514597926e-08,3.922870250862231e-08,0.0,0.0,12
70.60000000000001,CN,0.250412021048093,0.0009999847451226279,0.0,0.0,0.25066265286124817,0.2506626965956068,7.836230336843997e-08,3.918130143868151e-08,0.0,0.0,12
70.7,CN,0.2504120210300903,0.0009999848169430937,0.0,0.0,0.2506626708594755,0.2506627145321323,7.826751730055648e-08,3.913390822359863e-08,0.0,0.0,12
70.8,CN,0.25041202104804094,0.0009999847453303551,0.0,0.0,0.2506626529663904,0.25066269657745976,7.817274660926188e-08,3.9086522696839584e-08,0.0,0.0,12
70.9,CN,0.25041202103012516,0.0009999848168040183,0.0,0.0,0.25066267087761307,0.250662714427191,7.807799556891482e-08,3.9039146995591856e-08,0.0,0.0,12
71.0,CN,0.25041202104798854,0.000999984745539411,0.0,0.0,0.25066265307105373,0.2506626965592538,7.798326534524946e-08,3.899178170272477e-08,0.0,0.0,12
71.10000000000001,CN,0.25041202103015936,0.0009999848166676005,0.0,0.0,0.2506626708958142,0.25066271432273235,7.789282785441998e-08,3.8946562784479244e-08,0.0,0.0,12
71.2,CN,0.25041202104793653,0.0009999847457469167,0.0,0.0,0.2506626531752405,0.25066269654098927,7.780325617101624e-08,3.8901776771601204e-08,0.0,0.0,12
71.3,CN,0.2504120210301932,0.0009999848165325113,0.0,0.0,0.2506626709140747,0.2506627142187499,7.771366478115382e-08,3.885698090545616e-08,0.0,0.0,12
71.4,CN,0.25041202104788457,0.000999984745954201,0.0,0.0,0.25066265327895343,0.25066269652266693,7.762406367683994e-08,3.881218018206682e-08,0.0,0.0,12
71.5,CN,0.25041202103022664,0.000999984816399194,0.0,0.0,0.25066267093239464,0.2506627141152422,7.75344488612717e-08,3.87673726030241e-08,0.0,0.0,12
71.60000000000001,CN,0.2504120210478321,0.0009999847461634784,0.0,0.0,0.25066265338219845,0.2506626965042909,7.744482394267393e-08,3.872255997244731e-08,0.0,0.0,12
71.7,CN,0.2504120210302584,0.00099998481627252,0.0,0.0,0.25066267095076805,0.25066271401220125,7.735518969820276e-08,3.867774267891599e-08,0.0,0.0,12
71.8,CN,0.25041202104778004,0.0009999847463712057,0.0,0.0,0.2506626534849728,0.2506626964858565,7.726555045772798e-08,3.863292288737332e-08,0.0,0.0,12
71.9,CN,0.2504120210302907,0.0009999848161436318,0.0,0.0,0.2506626709691973,0.2506627139096275,7.71759000595118e-08,3.858809751693864e-08,0.0,0.0,12
72.0,CN,0.25041202104772803,0.0009999847465787114,0.0,0.0,0.2506626535872833,0.2506626964673689,7.7086253102987e-08,3.8543273867356207e-08,0.0,0.0,12
72.10000000000001,CN,0.2504120210303228,0.0009999848160156292,0.0,0.0,0.25066267098768064,0.2506627138075173,7.699659160254058e-08,3.849844294578518e-08,0.0,0.0,12
72.2,CN,0.25041202104767646,0.0009999847467844455,0.0,0.0,0.25066265368913443,0.2506626964488303,7.690692604978011e-08,3.8453609998049385e-08,0.0,0.0,12
72.3,CN,0.25041202103035437,0.00099998481588962,0.0,0.0,0.25066267100621836,0.25066271370586923,7.681725561203834e-08,3.84087746078136e-08,0.0,0.0,12
72.4,CN,0.2504120210476252,0.000999984746988851,0.0,0.0,0.25066265379052416,0.2506626964302372,7.672759000376672e-08,3.836394163232212e-08,0.0,0.0,12
72.5,CN,0.25041202103038623,0.0009999848157625033,0.0,0.0,0.25066267102480927,0.2506627136046801,7.663791179446378e-08,3.8319102356290896e-08,0.0,0.0,12
72.60000000000001,CN,0.25041202104757443,0.0009999847471914847,0.0,0.0,0.25066265389145975,0.250662696411595,7.654823602765148e-08,3.827426430150967e-08,0.0,0.0,12
72.7,CN,0.2504120210304175,0.0009999848156378227,0.0,0.0,0.2506626710434506,0.25066271350394553,7.645856314741906e-08,3.8229427690023894e-08,0.0,0.0,12
72.8,CN,0.2504120210475238,0.000999984747393454,0.0,0.0,0.25066265399194204,0.2506626963929025,7.636889148843196e-08,3.818459168916311e-08,0.0,0.0,12
72.9,CN,0.25041202103044846,0.0009999848155142494,0.0,0.0,0.2506626710621387,0.2506627134036598,7.62792193298445e-08,3.8139755438501195e-08,0.0,0.0,12
73.0,CN,0.25041202104747345,0.0009999847475943159,0.0,0.0,0.2506626540919749,0.25066269637416194,7.618955355503942e-08,3.809492237974267e-08,0.0,0.0,12
73.10000000000001,CN,0.25041202103048,0.0009999848153884614,0.0,0.0,0.2506626710808805,0.2506627133038282,7.60998807858293e-08,3.805008582376826e-08,0.0,0.0,12
73.2,CN,0.2504120210474238,0.000999984747792299,0.0,0.0,0.2506626541915623,0.2506626963553754,7.601034801574258e-08,3.8005319267623085e-08,0.0,0.0,12
73.3,CN,0.25041202103051086,0.000999984815265331,0.0,0.0,0.2506626710996682,0.2506627132044413,7.592086309626822e-08,3.7960576636875545e-08,0.0,0.0,12
73.4,CN,0.25041202104737365,0.0009999847479924967,0.0,0.0,0.25066265429070655,0.25066269633654337,7.583138433853165e-08,3.791583708700867e-08,0.0,0.0,12
73.5,CN,0.2504120210305413,0.0009999848151439723,0.0,0.0,0.25066267111850044,0.25066271310549554,7.57419086339084e-08,3.787109906370429e-08,0.0,0.0,12
73.60000000000001,CN,0.2504120210473241,0.0009999847481902582,0.0,0.0,0.2506626543894067,0.2506626963176632,7.565245246921037e-08,3.7826370810399874e-08,0.0,0.0,12
73.7,CN,0.25041202103057125,0.0009999848150243852,0.0,0.0,0.2506626711373819,0.25066271300699416,7.556299203015371e-08,3.778164041990796e-08,0.0,0.0,12
73.8,CN,0.25041202104727506,0.0009999847483858054,0.0,0.0,0.2506626544876668,0.2506626962987372,7.547354102799275e-08,3.773691474788193e-08,0.0,0.0,12
73.9,CN,0.25041202103060145,0.0009999848149039121,0.0,0.0,0.2506626711563034,0.2506627129089261,7.538410001783902e-08,3.769219407187862e-08,0.0,0.0,12
74.0,CN,0.25041202104722604,0.0009999847485813523,0.0,0.0,0.25066265458549386,0.25066269627977067,7.529466333755508e-08,3.764747556081847e-08,0.0,0.0,12
74.10000000000001,CN,0.25041202103063165,0.0009999848147834393,0.0,0.0,0.2506626711752722,0.250662712811297,7.520524375470572e-08,3.760276559850829e-08,0.0,0.0,12
74.2,CN,0.2504120210471774,0.0009999847487753492,0.0,0.0,0.2506626546828878,0.2506626962607617,7.511583460795279e-08,3.755806085426627e-08,0.0,0.0,12
74.3,CN,0.25041202103066107,0.0009999848146660668,0.0,0.0,0.2506626711942811,0.2506627127140978,7.502643445400636e-08,3.751336060644469e-08,0.0,0.0,12
74.4,CN,0.2504120210471284,0.0009999847489708964,0.0,0.0,0.25066265477984845,0.2506626962417085,7.493705067584955e-08,3.74686685465492e-08,0.0,0.0,12
74.5,CN,0.2504120210306905,0.0009999848145486943,0.0,0.0,0.25066267121333063,0.25066271261732725,7.484768199672587e-08,3.742398403619914e-08,0.0,0.0,12
74.60000000000001,CN,0.2504120210470803,0.0009999847491626785,0.0,0.0,0.2506626548763828,0.2506626962226161,7.475833579961844e-08,3.737931076690017e-08,0.0,0.0,12
74.7,CN,0.2504120210307191,0.0009999848144346436,0.0,0.0,0.2506626712324192,0.2506627125209821,7.466899060171173e-08,3.733463799720347e-08,0.0,0.0,12
74.8,CN,0.2504120210470319,0.0009999847493557894,0.0,0.0,0.2506626549724933,0.2506626962034855,7.45796782108954e-08,3.728998163111465e-08,0.0,0.0,12
74.9,CN,0.25041202103074806,0.0009999848143190427,0.0,0.0,0.2506626712515514,0.2506627124250655,7.449037381368484e-08,3.724532926184399e-08,0.0,0.0,12
75.0,CN,0.2504120210469837,0.0009999847495482362,0.0,0.0,0.2506626550681801,0.250662696184315,7.440109883738444e-08,3.720069160308464e-08,0.0,0.0,12
75.10000000000001,CN,0.2504120210307759,0.000999984814207871,0.0,0.0,0.25066267127071984,0.25066271232956805,7.431265891533201e-08,3.715647147304511e-08,0.0,0.0,12
75.2,CN,0.2504120210469355,0.0009999847497404613,0.0,0.0,0.2506626551634482,0.25066269616510806,7.422431191894674e-08,3.711229780601674e-08,0.0,0.0,12
75.3,CN,0.2504120210308045,0.0009999848140938203,0.0,0.0,0.25066267128992653,0.25066271223449016,7.41359752476356e-08,3.7068129301545175e-08,0.0,0.0,12
75.4,CN,0.2504120210468882,0.0009999847499291433,0.0,0.0,0.25066265525829906,0.25066269614586434,7.4047658227272e-08,3.7023970622584924e-08,0.0,0.0,12
75.5,CN,0.25041202103083215,0.0009999848139835344,0.0,0.0,0.2506626713091661,0.25066271213982466,7.395935003318144e-08,3.6979816356778065e-08,0.0,0.0,12
75.60000000000001,CN,0.2504120210468408,0.000999984750118268,0.0,0.0,0.25066265535273263,0.2506626961265821,7.387106248923914e-08,3.69356724160848e-08,0.0,0.0,12
75.7,CN,0.25041202103086,0.0009999848138723627,0.0,0.0,0.25066267132844217,0.2506627120455738,7.37827892116627e-08,3.6891535608601733e-08,0.0,0.0,12
75.8,CN,0.25041202104679433,0.000999984750303628,0.0,0.0,0.2506626554467559,0.25066269610726666,7.369454418926225e-08,3.6847412928760646e-08,0.0,0.0,12
75.9,CN,0.250412021030889,0.000999984813756762,0.0,0.0,0.2506626713477562,0.25066271195173717,7.3606333750309e-08,3.680330754070926e-08,0.0,0.0,12
76.0,CN,0.25041202104674776,0.000999984750489431,0.0,0.0,0.250662655540369,0.2506626960879166,7.351814557132741e-08,3.6759213282686245e-08,0.0,0.0,12
76.10000000000001,CN,0.2504120210309166,0.0009999848136466975,0.0,0.0,0.2506626713671015,0.2506627118583065,7.342996904968757e-08,3.671512485335638e-08,0.0,0.0,12
76.2,CN,0.25041202104670124,0.0009999847506750124,0.0,0.0,0.25066265563357554,0.25066269606853386,7.334182183793558e-08,3.667105107902645e-08,0.0,0.0,12
76.3,CN,0.25041202103094395,0.000999984813537519,0.0,0.0,0.2506626713864832,0.2506627117652852,7.325368150956635e-08,3.6626980746401054e-08,0.0,0.0,12
76.4,CN,0.25041202104665516,0.0009999847508588222,0.0,0.0,0.25066265572637914,0.2506626960491205,7.316557720793426e-08,3.658292842721308e-08,0.0,0.0,12
76.5,CN,0.25041202103097093,0.0009999848134298905,0.0,0.0,0.25066267140589316,0.25066271167266385,7.307748400853242e-08,3.653888165916145e-08,0.0,0.0,12
76.60000000000001,CN,0.2504120210466091,0.000999984751042632,0.0,0.0,0.2506626558187781,0.25066269602967306,7.298941673283821e-08,3.649484785301317e-08,0.0,0.0,12
76.7,CN,0.2504120210309978,0.0009999848133227052,0.0,0.0,0.25066267142533544,0.25066271158044434,7.290136877502462e-08,3.6450823705842124e-08,0.0,0.0,12
76.80000000000001,CN,0.2504120210465632,0.0009999847512257773,0.0,0.0,0.250662655910779,0.25066269601019664,7.28133573990597e-08,3.6406817849665315e-08,0.0,0.0,12
76.9,CN,0.2504120210310244,0.0009999848132166268,0.0,0.0,0.2506626714448065,0.2506627114886221,7.27253537391448e-08,3.636281585152827e-08,0.0,0.0,12
77.0,CN,0.2504120210465177,0.0009999847514071511,0.0,0.0,0.25066265600238175,0.25066269599068947,7.263738621698934e-08,3.6318831922340004e-08,0.0,0.0,12
77.10000000000001,CN,0.25041202103105087,0.0009999848131109917,0.0,0.0,0.25066267146430987,0.25066271139719876,7.254943779066991e-08,3.627485754110624e-08,0.0,0.0,12
77.2,CN,0.25041202104647264,0.0009999847515869747,0.0,0.0,0.25066265609359245,0.25066269597115615,7.246152283757468e-08,3.6230899896548554e-08,0.0,0.0,12
77.30000000000001,CN,0.25041202103107774,0.0009999848130038062,0.0,0.0,0.25066267148384225,0.25066271130616935,7.23736198748881e-08,3.618694824721811e-08,0.0,0.0,12
77.4,CN,0.2504120210464281,0.0009999847517645837,0.0,0.0,0.25066265618440836,0.25066269595159224,7.228576598405922e-08,3.614302113391028e-08,0.0,0.0,12
77.5,CN,0.2504120210311046,0.0009999848128966207,0.0,0.0,0.25066267150340016,0.2506627112155291,7.219792030888073e-08,3.609909812844335e-08,0.0,0.0,12
77.60000000000001,CN,0.2504120210463836,0.0009999847519421927,0.0,0.0,0.25066265627483303,0.2506626959319999,7.211012514884985e-08,3.605520038064677e-08,0.0,0.0,12
77.7,CN,0.2504120210311306,0.0009999848127929785,0.0,0.0,0.2506626715229852,0.25066271112527805,7.202234064696e-08,3.601130796194107e-08,0.0,0.0,12
77.80000000000001,CN,0.2504120210463392,0.0009999847521193587,0.0,0.0,0.25066265636487134,0.25066269591238244,7.193459872212316e-08,3.596743683184324e-08,0.0,0.0,12
77.9,CN,0.2504120210311571,0.0009999848126871218,0.0,0.0,0.25066267154259786,0.25066271103541476,7.184687300654247e-08,3.592357380640446e-08,0.0,0.0,12
78.0,CN,0.250412021046295,0.000999984752295639,0.0,0.0,0.2506626564545241,0.25066269589273893,7.175919658486407e-08,3.5879735428011035e-08,0.0,0.0,12
78.10000000000001,CN,0.2504120210311827,0.0009999848125850298,0.0,0.0,0.25066267156223493,0.25066271094593495,7.167153981413321e-08,3.583590687512893e-08,0.0,0.0,12
78.2,CN,0.25041202104625065,0.0009999847524725836,0.0,0.0,0.25066265654379594,0.2506626958730726,7.158392739681219e-08,3.57921004990365e-08,0.0,0.0,12
78.30000000000001,CN,0.25041202103120785,0.0009999848124847095,0.0,0.0,0.25066267158189576,0.25066271085683606,7.149633424186064e-08,3.574830375416563e-08,0.0,0.0,12
78.4,CN,0.2504120210462063,0.0009999847526495282,0.0,0.0,0.2506626566326836,0.2506626958533787,7.140878754974267e-08,3.570453024080033e-08,0.0,0.0,12
78.5,CN,0.2504120210312324,0.0009999848123868253,0.0,0.0,0.2506626716015782,0.2506627107681146,7.132126433884167e-08,3.56607684680884e-08,0.0,0.0,12
78.60000000000001,CN,0.25041202104616167,0.00099998475282758,0.0,0.0,0.25066265672119087,0.25066269583365947,7.123379236473326e-08,3.5617032313870677e-08,0.0,0.0,12
78.7,CN,0.2504120210312569,0.0009999848122889412,0.0,0.0,0.25066267162128814,0.25066271067977497,7.114634387184182e-08,3.557330790030631e-08,0.0,0.0,12
78.80000000000001,CN,0.25041202104611826,0.0009999847530007598,0.0,0.0,0.25066265680932653,0.25066269581392203,7.105894411774116e-08,3.552960785623048e-08,0.0,0.0,12
78.9,CN,0.2504120210312817,0.000999984812190171,0.0,0.0,0.2506626716410174,0.25066271059180745,7.097157245228303e-08,3.548592185652959e-08,0.0,0.0,12
79.0,CN,0.2504120210460743,0.0009999847531761542,0.0,0.0,0.25066265689708694,0.25066269579416134,7.088424569534624e-08,3.544225831117519e-08,0.0,0.0,12
79.10000000000001,CN,0.25041202103130583,0.000999984812093837,0.0,0.0,0.2506626716607709,0.25066271050421524,7.079695424350163e-08,3.5398612418434356e-08,0.0,0.0,12
79.2,CN,0.2504120210460308,0.000999984753349777,0.0,0.0,0.250662656984475,0.2506626957743789,7.070969659794812e-08,3.535498342890368e-08,0.0,0.0,12
79.30000000000001,CN,0.2504120210313303,0.000999984811996174,0.0,0.0,0.25066267168054407,0.25066271041699273,7.062248030820228e-08,3.531137511735587e-08,0.0,0.0,12
79.4,CN,0.2504120210459885,0.0009999847535185277,0.0,0.0,0.250662657071495,0.25066269575457756,7.053531214662456e-08,3.526779086998409e-08,0.0,0.0,12
79.5,CN,0.25041202103135407,0.0009999848119013903,0.0,0.0,0.2506626717003374,0.25066271033013854,7.044817390555735e-08,3.5224221582924745e-08,0.0,0.0,12
79.60000000000001,CN,0.2504120210459445,0.0009999847536939221,0.0,0.0,0.2506626571581475,0.25066269573475597,7.03610831820356e-08,3.518067605472894e-08,0.0,0.0,12
79.7,CN,0.25041202103137783,0.0009999848118066065,0.0,0.0,0.2506626717201507,0.2506627102436511,7.027403176040892e-08,3.5137150177555775e-08,0.0,0.0,12
79.80000000000001,CN,0.25041202104590243,0.000999984753861787,0.0,0.0,0.2506626572444309,0.2506626957149115,7.018702019578882e-08,3.5093644228962074e-08,0.0,0.0,12
79.9,CN,0.2504120210314023,0.0009999848117089438,0.0,0.0,0.2506626717399812,0.2506627101575263,7.010005165231092e-08,3.505015979102169e-08,0.0,0.0,12
80.0,CN,0.2504120210458599,0.0009999847540314234,0.0,0.0,0.2506626573303532,0.2506626956950506,7.001313462318137e-08,3.5006701110353925e-08,0.0,0.0,12
80.10000000000001,CN,0.2504120210314255,0.0009999848116163744,0.0,0.0,0.2506626717598318,0.2506627100717655,6.992625650736883e-08,3.4963261886419034e-08,0.0,0.0,12
80.2,CN,0.250412021045817,0.0009999847542026103,0.0,0.0,0.2506626574159152,0.2506626956751727,6.983942635319096e-08,3.4919846643393126e-08,0.0,0.0,12
80.30000000000001,CN,0.25041202103144844,0.0009999848115249124,0.0,0.0,0.2506626717796994,0.25066270998636414,6.975264327246933e-08,3.4876454937185304e-08,0.0,0.0,12
80.4,CN,0.2504120210457747,0.000999984754371361,0.0,0.0,0.25066265750111827,0.25066269565527755,6.966590432311293e-08,3.483308529674443e-08,0.0,0.0,12
80.5,CN,0.2504120210314712,0.0009999848114341148,0.0,0.0,0.25066267179958296,0.2506627099013198,6.957920711814225e-08,3.47897365285762e-08,0.0,0.0,12
80.60000000000001,CN,0.25041202104573224,0.000999984754540776,0.0,0.0,0.2506626575859653,0.25066269563536653,6.949256703414619e-08,3.4746416321004436e-08,0.0,0.0,12
80.7,CN,0.2504120210314939,0.0009999848113435386,0.0,0.0,0.2506626718194848,0.25066270981663336,6.940597246929414e-08,3.4703118873091665e-08,0.0,0.0,12
80.80000000000001,CN,0.2504120210456901,0.0009999847547088622,0.0,0.0,0.25066265767045726,0.25066269561543925,6.931942153620696e-08,3.4659843241144715e-08,0.0,0.0,12
80.9,CN,0.25041202103151616,0.0009999848112547342,0.0,0.0,0.25066267183939867,0.25066270973229693,6.923291911986595e-08,3.461659186766357e-08,0.0,0.0,12
81.0,CN,0.25041202104564814,0.000999984754876284,0.0,0.0,0.250662657754595,0.2506626955954955,6.914646460964846e-08,3.457336444733573e-08,0.0,0.0,12
81.10000000000001,CN,0.25041202103153826,0.000999984811166594,0.0,0.0,0.25066267185933183,0.25066270964831666,6.906006416729227e-08,3.453016406104187e-08,0.0,0.0,12
81.2,CN,0.2504120210456061,0.0009999847550439275,0.0,0.0,0.2506626578383822,0.2506626955755371,6.8973712519238e-08,3.448698807199222e-08,0.0,0.0,12
81.30000000000001,CN,0.25041202103156046,0.000999984811078011,0.0,0.0,0.250662671879275,0.2506627095646818,6.888740711197272e-08,3.444383520342543e-08,0.0,0.0,12
81.4,CN,0.25041202104556465,0.0009999847552093564,0.0,0.0,0.2506626579218229,0.25066269555556697,6.880115827057054e-08,3.440071061789829e-08,0.0,0.0,12
81.5,CN,0.25041202103158283,0.0009999848109887635,0.0,0.0,0.250662671899235,0.25066270948139774,6.871494856452998e-08,3.435760560012675e-08,0.0,0.0,12
81.60000000000001,CN,0.2504120210455235,0.0009999847553734565,0.0,0.0,0.250662658004915,0.2506626955355815,6.862879969871116e-08,3.431453100258235e-08,0.0,0.0,12
81.7,CN,0.25041202103160426,0.000999984810903281,0.0,0.0,0.2506626719192046,0.2506627093984558,6.85426960744806e-08,3.4271479025918547e-08,0.0,0.0,12
81.80000000000001,CN,0.2504120210454821,0.0009999847555386637,0.0,0.0,0.25066265808766486,0.2506626955155856,6.84566539566056e-08,3.4228457802550056e-08,0.0,0.0,12
81.9,CN,0.25041202103162596,0.0009999848108166911,0.0,0.0,0.25066267193918895,0.25066270931586004,6.837065458231706e-08,3.4185457951056476e-08,0.0,0.0,12
82.0,CN,0.25041202104544136,0.0009999847557012136,0.0,0.0,0.25066265817007366,0.2506626954955793,6.828471937891933e-08,3.414249018513095e-08,0.0,0.0,12
82.10000000000001,CN,0.2504120210316473,0.0009999848107316513,0.0,0.0,0.25066267195918496,0.25066270923360556,6.819882808484223e-08,3.409954437394964e-08,0.0,0.0,12
82.2,CN,0.2504120210454008,0.000999984755863099,0.0,0.0,0.2506626582521378,0.2506626954755574,6.811299835263185e-08,3.405662934381934e-08,0.0,0.0,12
82.30000000000001,CN,0.25041202103166926,0.000999984810643954,0.0,0.0,0.2506626719791933,0.25066270915169203,6.802721563836656e-08,3.401373782275144e-08,0.0,0.0,12
82.4,CN,0.2504120210453608,0.0009999847560225486,0.0,0.0,0.25066265833386564,0.2506626954555271,6.794149282063344e-08,3.397087625006409e-08,0.0,0.0,12
82.5,CN,0.25041202103169063,0.000999984810558693,0.0,0.0,0.25066267199920994,0.25066270907011384,6.785582074009255e-08,3.392804004606982e-08,0.0,0.0,12
82.60000000000001,CN,0.2504120210453207,0.0009999847561826625,0.0,0.0,0.2506626584152538,0.2506626954354835,6.777020855608384e-08,3.38852337904561e-08,0.0,0.0,12
82.7,CN,0.2504120210317121,0.0009999848104729888,0.0,0.0,0.2506626720192377,0.2506627089888724,6.768465349304975e-08,3.3842456095438854e-08,0.0,0.0,12
82.80000000000001,CN,0.25041202104528104,0.0009999847563407832,0.0,0.0,0.2506626584963082,0.2506626954154311,6.759915954779316e-08,3.3799708959427156e-08,0.0,0.0,12
82.9,CN,0.25041202103173377,0.0009999848103866204,0.0,0.0,0.25066267203927356,0.2506627089079637,6.751376890878902e-08,3.3757013476739104e-08,0.0,0.0,12
83.0,CN,0.25041202104524135,0.0009999847564991253,0.0,0.0,0.25066265857703257,0.25066269539537256,6.742853236874069e-08,3.3714395043823457e-08,0.0,0.0,12
83.10000000000001,CN,0.25041202103175464,0.0009999848103033524,0.0,0.0,0.25066267205931997,0.2506627088273886,6.7343349285931e-08,3.367180333962928e-08,0.0,0.0,12
83.2,CN,0.2504120210452014,0.0009999847566585748,0.0,0.0,0.2506626586574249,0.25066269537530445,6.725823242792472e-08,3.362924474796337e-08,0.0,0.0,12
83.30000000000001,CN,0.2504120210317749,0.0009999848102225204,0.0,0.0,0.2506626720793755,0.25066270874714447,6.717316219928549e-08,3.35867094710701e-08,0.0,0.0,12
83.4,CN,0.2504120210451615,0.0009999847568175812,0.0,0.0,0.2506626587374868,0.25066269535522706,6.708816790990113e-08,3.354421216394939e-08,0.0,0.0,12
83.5,CN,0.2504120210317947,0.0009999848101434601,0.0,0.0,0.2506626720994373,0.25066270866722695,6.70032466731918e-08,3.3501751383305796e-08,0.0,0.0,12
83.60000000000001,CN,0.250412021045122,0.0009999847569752592,0.0,0.0,0.250662658817224,0.2506626953351447,6.691837933781031e-08,3.3459317553429133e-08,0.0,0.0,12
83.7,CN,0.25041202103181465,0.0009999848100639567,0.0,0.0,0.25066267211950743,0.2506627085876369,6.683357117731603e-08,3.341691331110916e-08,0.0,0.0,12
83.80000000000001,CN,0.25041202104508276,0.0009999847571318297,0.0,0.0,0.25066265889663086,0.2506626953150504,6.674882480073308e-08,3.337453996086292e-08,0.0,0.0,12
83.9,CN,0.250412021031835,0.0009999848099826818,0.0,0.0,0.2506626721395849,0.2506627085083721,6.66641295499204e-08,3.3332192173599534e-08,0.0,0.0,12
84.0,CN,0.2504120210450426,0.0009999847572919435,0.0,0.0,0.2506626589757169,0.25066269529495266,6.657950363253562e-08,3.3289879053182585e-08,0.0,0.0,12
84.10000000000001,CN,0.25041202103185345,0.000999984809909158,0.0,0.0,0.2506626721596653,0.25066270842942673,6.649493117238947e-08,3.3247592661487114e-08,0.0,0.0,12
84.2,CN,0.2504120210450034,0.000999984757448514,0.0,0.0,0.25066265905447954,0.2506626952748473,6.641042493704674e-08,3.320533938231991e-08,0.0,0.0,12
84.30000000000001,CN,0.25041202103187354,0.0009999848098289903,0.0,0.0,0.25066267217975374,0.25066270835080456,6.632597526756712e-08,3.3163114386192364e-08,0.0,0.0,12
84.4,CN,0.25041202104496435,0.0009999847576041988,0.0,0.0,0.25066265913292496,0.2506626952547393,6.624159298862509e-08,3.3120923085462396e-08,0.0,0.0,12
84.5,CN,0.25041202103189264,0.0009999848097528088,0.0,0.0,0.2506626721998465,0.25066270827250087,6.615726322323212e-08,3.307875804160732e-08,0.0,0.0,12
84.60000000000001,CN,0.2504120210449257,0.000999984757758333,0.0,0.0,0.250662659211051,0.2506626952346253,6.607300390149007e-08,3.3036628219712327e-08,0.0,0.0,12
84.7,CN,0.25041202103191207,0.0009999848096752988,0.0,0.0,0.25066267221994437,0.25066270819451475,6.598879664920787e-08,3.299452443264676e-08,0.0,0.0,12
84.80000000000001,CN,0.25041202104488713,0.0009999847579122462,0.0,0.0,0.25066265928885934,0.25066269521450557,6.590466411493523e-08,3.295245800472876e-08,0.0,0.0,12
84.9,CN,0.2504120210319314,0.0009999848095982315,0.0,0.0,0.2506626722400438,0.2506627081168417,6.582058603710195e-08,3.291041880513452e-08,0.0,0.0,12
85.0,CN,0.2504120210448491,0.0009999847580639445,0.0,0.0,0.2506626593663508,0.25066269519437984,6.573657762576346e-08,3.2868414438920807e-08,0.0,0.0,12
85.10000000000001,CN,0.2504120210319508,0.0009999848095207213,0.0,0.0,0.25066267226014965,0.25066270803948526,6.565262933300176e-08,3.282644013211037e-08,0.0,0.0,12
85.2,CN,0.2504120210448111,0.000999984758215643,0.0,0.0,0.2506626594435346,0.25066269517425593,6.556874876384455e-08,3.2784499687231613e-08,0.0,0.0,12
85.30000000000001,CN,0.2504120210319699,0.0009999848094445398,0.0,0.0,0.25066267228025946,0.2506627079624418,6.548492631486269e-08,3.27425883025516e-08,0.0,0.0,12
85.4,CN,0.25041202104477317,0.0009999847583668986,0.0,0.0,0.2506626595204057,0.25066269515412765,6.54011767520224e-08,3.2700713361081656e-08,0.0,0.0,12
85.5,CN,0.2504120210319886,0.0009999848093699088,0.0,0.0,0.2506626723003692,0.2506627078857057,6.531748319993369e-08,3.265886642509455e-08,0.0,0.0,12
85.60000000000001,CN,0.2504120210447355,0.0009999847585172683,0.0,0.0,0.25066265959696477,0.2506626951339944,6.523386431034339e-08,3.261705682049933e-08,0.0,0.0,12
85.7,CN,0.250412021032007,0.0009999848092966063,0.0,0.0,0.25066267232048406,0.25066270780928135,6.515030170906044e-08,3.257527536016535e-08,0.0,0.0,12
85.80000000000001,CN,0.25041202104469795,0.0009999847586669736,0.0,0.0,0.2506626596732186,0.25066269511386186,6.506681404783166e-08,3.2533531370001665e-08,0.0,0.0,12
85.9,CN,0.25041202103202537,0.0009999848092233038,0.0,0.0,0.2506626723405996,0.250662707733163,6.498339272242859e-08,3.249182054787761e-08,0.0,0.0,12
86.0,CN,0.2504120210446597,0.000999984758819558,0.0,0.0,0.2506626597491632,0.2506626950937246,6.490003429115987e-08,3.245014117294093e-08,0.0,0.0,12
86.10000000000001,CN,0.2504120210320433,0.000999984809151773,0.0,0.0,0.2506626723607127,0.2506627076573462,6.481674791336545e-08,3.2408497824879096e-08,0.0,0.0,12
86.2,CN,0.25041202104462246,0.0009999847589681559,0.0,0.0,0.2506626598248054,0.2506626950735884,6.473352182068126e-08,3.236688461948758e-08,0.0,0.0,12
86.30000000000001,CN,0.25041202103206206,0.0009999848090769202,0.0,0.0,0.250662672380831,0.2506627075818372,6.465036367364618e-08,3.2325305387050476e-08,0.0,0.0,12
86.4,CN,0.25041202104458554,0.0009999847591154252,0.0,0.0,0.2506626599001441,0.2506626950534507,6.456727752457425e-08,3.228376215373253e-08,0.0,0.0,12
86.5,CN,0.2504120210320805,0.0009999848090033964,0.0,0.0,0.2506626724009488,0.2506627075066291,6.448425804439495e-08,3.224225225498831e-08,0.0,0.0,12
86.60000000000001,CN,0.25041202104454896,0.0009999847592613658,0.0,0.0,0.25066265997518195,0.25066269503331307,6.440130739804317e-08,3.22007767732894e-08,0.0,0.0,12
86.7,CN,0.2504120210320979,0.0009999848089338587,0.0,0.0,0.2506626724210672,0.25066270743172214,6.431843085907829e-08,3.2159338345425554e-08,0.0,0.0,12
86.80000000000001,CN,0.2504120210445119,0.0009999847594092993,0.0,0.0,0.2506626600499237,0.2506626950131791,6.423562437518626e-08,3.2117934945232014e-08,0.0,0.0,12
86.9,CN,0.2504120210321156,0.0009999848088634352,0.0,0.0,0.25066267244118634,0.2506627073571149,6.415288578143219e-08,3.20765654902372e-08,0.0,0.0,12
87.0,CN,0.25041202104447446,0.0009999847595585619,0.0,0.0,0.25066266012436433,0.25066269499304245,6.407021435617111e-08,3.203522961961724e-08,0.0,0.0,12
87.10000000000001,CN,0.2504120210321329,0.0009999848087943405,0.0,0.0,0.25066267246130114,0.2506627072828013,6.398761892567606e-08,3.199393174652553e-08,0.0,0.0,12
87.2,CN,0.2504120210444377,0.0009999847597051668,0.0,0.0,0.2506626601985107,0.25066269497290894,6.390509199594163e-08,3.195266812394503e-08,0.0,0.0,12
87.30000000000001,CN,0.2504120210321504,0.0009999848087245812,0.0,0.0,0.2506626724814178,0.25066270720878636,6.382437672813879e-08,3.191231033579251e-08,0.0,0.0,12
87.4,CN,0.2504120210444017,0.0009999847598488928,0.0,0.0,0.2506626602723619,0.2506626949527765,6.376081773673548e-08,3.1880530718626295e-08,0.0,0.0,12
87.5,CN,0.2504120210321674,0.0009999848086565937,0.0,0.0,0.2506626725015312,0.25066270713506367,6.369822813656612e-08,3.184923579892962e-08,0.0,0.0,12
87.60000000000001,CN,0.25041202104436494,0.0009999847599954977,0.0,0.0,0.25066266034591833,0.2506626949326442,6.363561932953843e-08,3.181793127576707e-08,0.0,0.0,12
87.7,CN,0.2504120210321848,0.0009999848085872776,0.0,0.0,0.25066267252164093,0.25066270706163196,6.35729994202805e-08,3.1786621201468176e-08,0.0,0.0,12
87.80000000000001,CN,0.25041202104432914,0.000999984760138338,0.0,0.0,0.2506626604191831,0.25066269491251425,6.35103584167851e-08,3.175530058001024e-08,0.0,0.0,12
87.9,CN,0.25041202103220117,0.0009999848085219475,0.0,0.0,0.2506626725417498,0.2506627069884925,6.344771896760193e-08,3.17239807357114e-08,0.0,0.0,12
88.0,CN,0.2504120210442925,0.0009999847602844998,0.0,0.0,0.25066266049215774,0.25066269489238685,6.338505437186726e-08,3.1692648318088736e-08,0.0,0.0,12
88.10000000000001,CN,0.25041202103221816,0.0009999848084541816,0.0,0.0,0.2506626725618531,0.2506627069156396,6.33223817825268e-08,3.166131190364791e-08,0.0,0.0,12
88.2,CN,0.25041202104425714,0.0009999847604255682,0.0,0.0,0.2506626605648451,0.2506626948722635,6.325968926468306e-08,3.162996552491736e-08,0.0,0.0,12
88.30000000000001,CN,0.2504120210322352,0.0009999848083861941,0.0,0.0,0.25066267258195657,0.2506627068430777,6.319700046608645e-08,3.159862100581748e-08,0.0,0.0,12
88.4,CN,0.2504120210442218,0.0009999847605666368,0.0,0.0,0.25066266063724735,0.2506626948521455,6.313429462556641e-08,3.156726796572332e-08,0.0,0.0,12
88.5,CN,0.2504120210322526,0.0009999848083168778,0.0,0.0,0.25066267260205727,0.25066270677080277,6.30715807914406e-08,3.1535910928811e-08,0.0,0.0,12
88.60000000000001,CN,0.2504120210441865,0.0009999847607074838,0.0,0.0,0.2506626607093648,0.2506626948320319,6.300885607712914e-08,3.150454845178505e-08,0.0,0.0,12
88.7,CN,0.25041202103226873,0.0009999848082524337,0.0,0.0,0.2506626726221508,0.2506627066988095,6.29461253121022e-08,3.147318294938981e-08,0.0,0.0,12
88.80000000000001,CN,0.2504120210441505,0.0009999847608509883,0.0,0.0,0.25066266078119476,0.2506626948119189,6.288338344484501e-08,3.144181189585822e-08,0.0,0.0,12
88.9,CN,0.2504120210322852,0.0009999848081866608,0.0,0.0,0.2506626726422398,0.25066270662709916,6.282064141105437e-08,3.14104407590596e-08,0.0,0.0,12
89.0,CN,0.25041202104411553,0.0009999847609905065,0.0,0.0,0.2506626608527455,0.2506626947918136,6.275788655418779e-08,3.1379063210698496e-08,0.0,0.0,12
89.10000000000001,CN,0.25041202103230153,0.0009999848081215523,0.0,0.0,0.2506626726623262,0.25066270655567263,6.269512825562984e-08,3.134768394148513e-08,0.0,0.0,12
89.2,CN,0.25041202104408067,0.0009999847611295819,0.0,0.0,0.25066266092401485,0.2506626947717127,6.263235430292724e-08,3.131629684516952e-08,0.0,0.0,12
89.30000000000001,CN,0.2504120210323175,0.0009999848080577726,0.0,0.0,0.2506626726824068,0.25066270648452543,6.256958562378401e-08,3.128491238564367e-08,0.0,0.0,12
89.4,CN,0.2504120210440458,0.0009999847612686573,0.0,0.0,0.2506626609950045,0.2506626947516169,6.250680367747563e-08,3.12535212925099e-08,0.0,0.0,12
89.5,CN,0.2504120210323333,0.0009999848079948785,0.0,0.0,0.2506626727024812,0.2506627064136564,6.244402506183633e-08,3.122213186471703e-08,0.0,0.0,12
89.60000000000001,CN,0.250412021044011,0.0009999847614075112,0.0,0.0,0.2506626610657188,0.25066269473152925,6.238123367863224e-08,3.119073605311737e-08,0.0,0.0,12
89.7,CN,0.25041202103234955,0.0009999848079299916,0.0,0.0,0.25066267272255033,0.25066270634306487,6.231845189885732e-08,3.115934504325064e-08,0.0,0.0,12
89.80000000000001,CN,0.25041202104397564,0.0009999847615485796,0.0,0.0,0.2506626611361536,0.25066269471144464,6.225565374329278e-08,3.112794584545781e-08,0.0,0.0,12
89.9,CN,0.25041202103236404,0.000999984807872191,0.0,0.0,0.25066267274260895,0.2506627062727449,6.219285519915019e-08,3.109654645337521e-08,0.0,0.0,12
90.0,CN,0.25041202104394045,0.0009999847616889838,0.0,0.0,0.2506626612063112,0.25066269469136415,6.213041697789023e-08,3.1065327223422525e-08,0.0,0.0,12
90.10000000000001,CN,0.2504120210323788,0.0009999848078132833,0.0,0.0,0.2506626727626606,0.25066270620269876,6.206833402799816e-08,3.103428562983272e-08,0.0,0.0,12
90.2,CN,0.2504120210439055,0.000999984761828502,0.0,0.0,0.25066266127619874,0.250662694671294,6.200624347307837e-08,3.100324023371453e-08,0.0,0.0,12
90.30000000000001,CN,0.25041202103239396,0.0009999848077528253,0.0,0.0,0.2506626727827085,0.2506627061329287,6.194414292615136e-08,3.0972189841573626e-08,0.0,0.0,12
90.4,CN,0.25041202104387084,0.0009999847619666916,0.0,0.0,0.2506626613458123,0.250662694651229,6.188203766077649e-08,3.0941137090199784e-08,0.0,0.0,12
90.5,CN,0.25041202103240934,0.0009999848076914816,0.0,0.0,0.25066267280274707,0.2506627060634277,6.181993283949083e-08,3.091008456087139e-08,0.0,0.0,12
90.60000000000001,CN,0.25041202104383675,0.0009999847621026665,0.0,0.0,0.25066266141515925,0.25066269463117524,6.175782102380012e-08,3.087902853432711e-08,0.0,0.0,12
90.7,CN,0.2504120210324244,0.0009999848076314667,0.0,0.0,0.25066267282278143,0.25066270599420015,6.169570621050724e-08,3.084797100897601e-08,0.0,0.0,12
90.80000000000001,CN,0.25041202104380333,0.000999984762235984,0.0,0.0,0.25066266148423577,0.25066269461112817,6.163357818556037e-08,3.0816906877772667e-08,0.0,0.0,12
90.9,CN,0.2504120210324403,0.0009999848075679084,0.0,0.0,0.2506626728428065,0.2506627059252397,6.157145832075273e-08,3.078584682665453e-08,0.0,0.0,12
91.0,CN,0.2504120210437699,0.0009999847623693016,0.0,0.0,0.250662661553045,0.25066269459108975,6.150933096193967e-08,3.0754783028519374e-08,0.0,0.0,12
91.10000000000001,CN,0.250412021032455,0.000999984807509222,0.0,0.0,0.25066267286282257,0.2506627058565457,6.144720726686259e-08,3.07237210622592e-08,0.0,0.0,12
91.2,CN,0.2504120210437357,0.0009999847625057194,0.0,0.0,0.250662661621587,0.2506626945710591,6.138507258057757e-08,3.0692653600374055e-08,0.0,0.0,12
91.30000000000001,CN,0.2504120210324695,0.0009999848074514217,0.0,0.0,0.2506626728828306,0.25066270578811833,6.13229403367832e-08,3.066158735973891e-08,0.0,0.0,12
91.4,CN,0.2504120210437019,0.000999984762640587,0.0,0.0,0.2506626616898641,0.25066269455103735,6.126080365209674e-08,3.063051889864922e-08,0.0,0.0,12
91.5,CN,0.25041202103248417,0.000999984807392957,0.0,0.0,0.2506626729028287,0.2506627057199539,6.119867246301425e-08,3.059945318537202e-08,0.0,0.0,12
91.60000000000001,CN,0.2504120210436682,0.0009999847627750118,0.0,0.0,0.2506626617578784,0.25066269453102535,6.113653772121808e-08,3.056838569573119e-08,0.0,0.0,12
91.7,CN,0.25041202103249793,0.0009999848073380354,0.0,0.0,0.2506626729228181,0.25066270565205306,6.107440092550931e-08,3.053731717913014e-08,0.0,0.0,12
91.80000000000001,CN,0.25041202104363414,0.0009999847629109868,0.0,0.0,0.2506626618256283,0.25066269451102086,6.101227006949372e-08,3.050625163238703e-08,0.0,0.0,12
91.9,CN,0.25041202103251253,0.000999984807279792,0.0,0.0,0.25066267294279515,0.2506627055844113,6.095013216356193e-08,3.047518256067234e-08,0.0,0.0,12
92.0,CN,0.25041202104360105,0.0009999847630429754,0.0,0.0,0.2506626618931202,0.250662694491029,6.08880058039496e-08,3.044411926213945e-08,0.0,0.0,12
92.10000000000001,CN,0.2504120210325266,0.0009999848072237633,0.0,0.0,0.2506626729627649,0.25066270551703224,6.08258722278876e-08,3.041305235536794e-08,0.0,0.0,12
92.2,CN,0.2504120210435682,0.0009999847631740784,0.0,0.0,0.2506626619603512,0.2506626944710458,6.076377367936203e-08,3.038200296243158e-08,0.0,0.0,12
92.30000000000001,CN,0.2504120210325407,0.000999984807167513,0.0,0.0,0.2506626729827231,0.2506627054499106,6.07016680254091e-08,3.0350950016767966e-08,0.0,0.0,12
92.4,CN,0.25041202104353455,0.0009999847633082816,0.0,0.0,0.25066266202732346,0.25066269445107253,6.063956481394683e-08,3.031989829235434e-08,0.0,0.0,12
92.5,CN,0.25041202103255444,0.0009999848071125916,0.0,0.0,0.25066267300267087,0.2506627053830465,6.057747276022596e-08,3.028885214683274e-08,0.0,0.0,12
92.60000000000001,CN,0.25041202104350124,0.0009999847634411562,0.0,0.0,0.25066266209404003,0.25066269443111083,6.051538015139357e-08,3.025780572375432e-08,0.0,0.0,12
92.7,CN,0.2504120210325682,0.00099998480705767,0.0,0.0,0.2506626730226066,0.25066270531643753,6.04532905956745e-08,3.0226760827238396e-08,0.0,0.0,12
92.80000000000001,CN,0.25041202104346844,0.0009999847635720376,0.0,0.0,0.2506626621604996,0.250662694411159,6.039121036582884e-08,3.0195720593677e-08,0.0,0.0,12
92.9,CN,0.2504120210325814,0.000999984807004963,0.0,0.0,0.2506626730425336,0.250662705250086,6.032913241194038e-08,3.016468149809855e-08,0.0,0.0,12
93.0,CN,0.25041202104343485,0.0009999847637060194,0.0,0.0,0.2506626622267085,0.25066269439122185,6.026705828832135e-08,3.013364431766214e-08,0.0,0.0,12
93.10000000000001,CN,0.25041202103259474,0.0009999848069518133,0.0,0.0,0.25066267306244827,0.25066270518398687,6.020498349856851e-08,3.010260680415755e-08,0.0,0.0,12
93.2,CN,0.25041202104340265,0.0009999847638344648,0.0,0.0,0.25066266229266404,0.2506626943712958,6.014292236455887e-08,3.0071576118550655e-08,0.0,0.0,12
93.30000000000001,CN,0.2504120210326086,0.000999984806896449,0.0,0.0,0.25066267308235185,0.25066270511814087,6.008086739228702e-08,3.004054851382443e-08,0.0,0.0,12
93.4,CN,0.2504120210433707,0.0009999847639620245,0.0,0.0,0.2506626623583671,0.25066269435138083,6.001881908135331e-08,3.000952423978001e-08,0.0,0.0,12
93.5,CN,0.250412021032622,0.0009999848068430776,0.0,0.0,0.25066267310224405,0.2506627050525463,5.995677454517789e-08,2.9978501853121946e-08,0.0,0.0,12
93.60000000000001,CN,0.2504120210433378,0.0009999847640931273,0.0,0.0,0.2506626624238186,0.2506626943314768,5.989473972345394e-08,2.994748432370818e-08,0.0,0.0,12
93.7,CN,0.2504120210326348,0.000999984806791921,0.0,0.0,0.25066267312212176,0.25066270498719934,5.983271095244547e-08,2.991646981966371e-08,0.0,0.0,12
93.80000000000001,CN,0.25041202104330595,0.000999984764220244,0.0,0.0,0.25066266248902236,0.25066269431158633,5.97706913962881e-08,2.9885459923062416e-08,0.0,0.0,12
93.9,CN,0.25041202103264804,0.000999984806739214,0.0,0.0,0.25066267314198776,0.2506627049221015,5.970867839044658e-08,2.9854453301631555e-08,0.0,0.0,12
94.0,CN,0.25041202104327315,0.0009999847643511253,0.0,0.0,0.2506626625539756,0.250662694291706,5.964668242652849e-08,2.982345520119498e-08,0.0,0.0,12
94.10000000000001,CN,0.2504120210326598,0.000999984806692265,0.0,0.0,0.250662673161837,0.25066270485724684,5.958469478928308e-08,2.9792461264110658e-08,0.0,0.0,12
94.2,CN,0.2504120210432406,0.0009999847644808996,0.0,0.0,0.2506626626186823,0.2506626942718384,5.952271397990927e-08,2.9761470740975183e-08,0.0,0.0,12
94.30000000000001,CN,0.2504120210326722,0.00099998480664288,0.0,0.0,0.2506626731816772,0.2506627047926422,5.946074171925275e-08,2.973048449221469e-08,0.0,0.0,12
94.4,CN,0.25041202104320837,0.0009999847646095664,0.0,0.0,0.2506626626831462,0.2506626942519865,5.9398785279274335e-08,2.9699506153823485e-08,0.0,0.0,12
94.5,CN,0.25041202103268523,0.0009999848065908375,0.0,0.0,0.25066267320150476,0.25066270472828295,5.9338615354675994e-08,2.9669421076536442e-08,0.0,0.0,12
94.60000000000001,CN,0.25041202104317684,0.0009999847647353542,0.0,0.0,0.250662662747366,0.2506626942321482,5.9280260700234066e-08,2.964024363779668e-08,0.0,0.0,12
94.7,CN,0.25041202103269855,0.0009999848065376878,0.0,0.0,0.2506626732213163,0.25066270466416485,5.922190832174934e-08,2.9611067337039867e-08,0.0,0.0,12
94.80000000000001,CN,0.2504120210431454,0.0009999847648606993,0.0,0.0,0.250662662811343,0.2506626942123237,5.9163661136896195e-08,2.9581943633299878e-08,0.0,0.0,12
94.9,CN,0.2504120210327106,0.0009999848064896314,0.0,0.0,0.2506626732411122,0.2506627046002871,5.910538514175556e-08,2.9552805524361087e-08,0.0,0.0,12
95.0,CN,0.25041202104311366,0.0009999847649873731,0.0,0.0,0.25066266287507466,0.2506626941925094,5.9047120248845175e-08,2.9523672966558635e-08,0.0,0.0,12
95.10000000000001,CN,0.25041202103272303,0.0009999848064400248,0.0,0.0,0.25066267326089725,0.25066270453665357,5.8988835427431496e-08,2.949453044446645e-08,0.0,0.0,12
95.2,CN,0.25041202104308186,0.0009999847651142682,0.0,0.0,0.2506626629385715,0.2506626941727149,5.893056020944698e-08,2.9465392724107203e-08,0.0,0.0,12
95.30000000000001,CN,0.2504120210327355,0.000999984806390197,0.0,0.0,0.2506626732806671,0.250662704473259,5.887225829059872e-08,2.9436241653265055e-08,0.0,0.0,12
95.4,CN,0.25041202104305144,0.000999984765235627,0.0,0.0,0.2506626630018277,0.25066269415293324,5.881397419083001e-08,2.9407099491996737e-08,0.0,0.0,12
95.5,CN,0.25041202103274807,0.0009999848063401474,0.0,0.0,0.2506626733004211,0.2506627044101017,5.875566555513245e-08,2.9377945062717104e-08,0.0,0.0,12
95.60000000000001,CN,0.25041202104302074,0.000999984765358093,0.0,0.0,0.2506626630648467,0.2506626941331673,5.869736563468564e-08,2.93487949910795e-08,0.0,0.0,12
95.7,CN,0.25041202103276133,0.000999984806287219,0.0,0.0,0.25066267332016434,0.250662704347186,5.8639047617603524e-08,2.931963587108966e-08,0.0,0.0,12
95.80000000000001,CN,0.25041202104298965,0.0009999847654821093,0.0,0.0,0.25066266312762836,0.25066269411341563,5.858073914843942e-08,2.929048152507707e-08,0.0,0.0,12
95.9,CN,0.25041202103277266,0.0009999848062420419,0.0,0.0,0.2506626733398909,0.2506627042845048,5.8522412582640015e-08,2.926131813071225e-08,0.0,0.0,12
96.0,CN,0.2504120210429582,0.0009999847656076758,0.0,0.0,0.2506626631901741,0.25066269409367903,5.846409861787194e-08,2.9232161036887178e-08,0.0,0.0,12
96.10000000000001,CN,0.25041202103278415,0.0009999848061962,0.0,0.0,0.25066267335960146,0.250662704222058,5.8405762171087616e-08,2.920299270201101e-08,0.0,0.0,12
96.2,CN,0.25041202104292787,0.0009999847657285916,0.0,0.0,0.2506626632524838,0.2506626940739561,5.8347436604488934e-08,2.9173829807248464e-08,0.0,0.0,12
96.30000000000001,CN,0.25041202103279736,0.000999984806143493,0.0,0.0,0.2506626733792955,0.25066270415984404,5.828909827032547e-08,2.914466052867912e-08,0.0,0.0,12
96.4,CN,0.25041202104289884,0.000999984765844414,0.0,0.0,0.2506626633145626,0.2506626940542513,5.8230771815548366e-08,2.911549718982566e-08,0.0,0.0,12
96.5,CN,0.25041202103281,0.000999984806093001,0.0,0.0,0.2506626733989743,0.25066270409786334,5.817243026173813e-08,2.9086326301426784e-08,0.0,0.0,12
96.60000000000001,CN,0.2504120210428685,0.0009999847659653298,0.0,0.0,0.2506626633764126,0.25066269403456565,5.811409670153367e-08,2.9057159409846068e-08,0.0,0.0,12
96.7,CN,0.2504120210328213,0.000999984806048045,0.0,0.0,0.2506626734186374,0.2506627040361144,5.805575198358781e-08,2.902798693937333e-08,0.0,0.0,12
96.80000000000001,CN,0.25041202104283755,0.000999984766088903,0.0,0.0,0.2506626634380267,0.2506626940148912,5.799741870093911e-08,2.8998820186571023e-08,0.0,0.0,12
96.9,CN,0.25041202103283267,0.0009999848060026461,0.0,0.0,0.2506626734382847,0.25066270397459645,5.793907498219397e-08,2.8969648215700557e-08,0.0,0.0,12
97.0,CN,0.2504120210428077,0.0009999847662080473,0.0,0.0,0.25066266349941463,0.2506626939952366,5.7880746917593484e-08,2.894048407193233e-08,0.0,0.0,12
97.10000000000001,CN,0.2504120210328444,0.0009999848059559185,0.0,0.0,0.25066267345791476,0.25066270391330675,5.782239814733359e-08,2.8911309575294828e-08,0.0,0.0,12
97.2,CN,0.25041202104277693,0.0009999847663307347,0.0,0.0,0.2506626635605712,0.2506626939755961,5.7764066807575176e-08,2.888214379394138e-08,0.0,0.0,12
97.30000000000001,CN,0.2504120210328558,0.0009999848059102983,0.0,0.0,0.2506626734775301,0.250662703852247,5.770572364394155e-08,2.885297210062773e-08,0.0,0.0,12
97.4,CN,0.25041202104274735,0.0009999847664487716,0.0,0.0,0.2506626636215008,0.2506626939559726,5.764739535729646e-08,2.8823807845836777e-08,0.0,0.0,12
97.5,CN,0.2504120210328676,0.0009999848058633493,0.0,0.0,0.2506626734971281,0.2506627037914139,5.758905224917399e-08,2.879463618027881e-08,0.0,0.0,12
97.60000000000001,CN,0.2504120210427175,0.000999984766567916,0.0,0.0,0.2506626636822052,0.25066269393636753,5.753072424008465e-08,2.8765472064266264e-08,0.0,0.0,12
97.7,CN,0.25041202103287885,0.0009999848058183933,0.0,0.0,0.2506626735167065,0.25066270373080424,5.74723911239694e-08,2.8736305394731003e-08,0.0,0.0,12
97.80000000000001,CN,0.2504120210426884,0.0009999847666839596,0.0,0.0,0.25066266374268426,0.25066269391677976,5.7414064391636543e-08,2.8707141917099134e-08,0.0,0.0,12
97.9,CN,0.2504120210328902,0.0009999848057732161,0.0,0.0,0.2506626735362683,0.2506627036704201,5.735573560539109e-08,2.8677977412507047e-08,0.0,0.0,12
98.0,CN,0.25041202104265947,0.000999984766799339,0.0,0.0,0.2506626638029355,0.25066269389720575,5.7297421640623014e-08,2.864882031868197e-08,0.0,0.0,12
98.10000000000001,CN,0.25041202103290194,0.0009999848057262672,0.0,0.0,0.25066267355581306,0.25066270361026,5.723909812793693e-08,2.8619658450879642e-08,0.0,0.0,12
98.2,CN,0.25041202104262994,0.0009999847669171543,0.0,0.0,0.2506626638629673,0.25066269387765294,5.718079137961851e-08,2.859050496529319e-08,0.0,0.0,12
98.30000000000001,CN,0.250412021032913,0.000999984805682197,0.0,0.0,0.2506626735753387,0.25066270355032116,5.712247985734109e-08,2.8561349092718108e-08,0.0,0.0,12
98.4,CN,0.2504120210426006,0.0009999847670343054,0.0,0.0,0.2506626639227768,0.25066269385811774,5.7064181657739965e-08,2.8532199881506637e-08,0.0,0.0,12
98.5,CN,0.2504120210329237,0.0009999848056394557,0.0,0.0,0.2506626735948486,0.2506627034906059,5.7005878739690985e-08,2.850304831106222e-08,0.0,0.0,12
98.60000000000001,CN,0.2504120210425709,0.0009999847671527853,0.0,0.0,0.250662663982365,0.2506626938386001,5.694758858920679e-08,2.8473903124424593e-08,0.0,0.0,12
98.7,CN,0.25041202103293403,0.0009999848055982645,0.0,0.0,0.25066267361434047,0.2506627034311111,5.6889302713081236e-08,2.844476007497446e-08,0.0,0.0,12
98.80000000000001,CN,0.25041202104254123,0.0009999847672710436,0.0,0.0,0.25066266404173076,0.25066269381909806,5.683102222153735e-08,2.841561971782545e-08,0.0,0.0,12
98.9,CN,0.25041202103294413,0.0009999848055579593,0.0,0.0,0.2506626736338095,0.250662703371831,5.677274661497478e-08,2.8386481803176428e-08,0.0,0.0,12
99.0,CN,0.2504120210425114,0.0009999847673899664,0.0,0.0,0.2506626641008791,0.25066269379961575,5.671448122246403e-08,2.8357348995572842e-08,0.0,0.0,12
99.10000000000001,CN,0.25041202103295457,0.0009999848055163253,0.0,0.0,0.2506626736532614,0.25066270331277046,5.665622415662597e-08,2.832822035132151e-08,0.0,0.0,12
99.2,CN,0.25041202104248245,0.0009999847675055671,0.0,0.0,0.25066266415980826,0.25066269378015055,5.659797064350158e-08,2.8299093483433805e-08,0.0,0.0,12
99.30000000000001,CN,0.25041202103296467,0.00099998480547602,0.0,0.0,0.25066267367269846,0.25066270325393103,5.653972451336031e-08,2.8269970307051767e-08,0.0,0.0,12
99.4,CN,0.2504120210424531,0.0009999847676227182,0.0,0.0,0.250662664218523,0.25066269376070643,5.648149281611836e-08,2.8240854347146975e-08,0.0,0.0,12
99.5,CN,0.2504120210329743,0.0009999848054377078,0.0,0.0,0.2506626736921125,0.25066270319530354,5.642326100785411e-08,2.8211738331730816e-08,0.0,0.0,12
99.60000000000001,CN,0.25041202104242344,0.0009999847677409767,0.0,0.0,0.2506626642770195,0.25066269374127864,5.6365045020267956e-08,2.818263022668394e-08,0.0,0.0,12
99.7,CN,0.250412021032984,0.0009999848053989528,0.0,0.0,0.2506626737115078,0.2506627031368916,5.630682559099043e-08,2.81535204007848e-08,0.0,0.0,12
99.80000000000001,CN,0.25041202104239413,0.0009999847678579062,0.0,0.0,0.25066266433530476,0.25066269372187333,5.624863225195398e-08,2.812442362005606e-08,0.0,0.0,12
99.9,CN,0.25041202103299354,0.000999984805360862,0.0,0.0,0.2506626737308884,0.25066270307869815,5.619043702553839e-08,2.809532589563414e-08,0.0,0.0,12
100.0,CN,0.2504120210423651,0.0009999847679737284,0.0,0.0,0.25066266439337714,0.2506626937024879,5.6132252179708075e-08,2.8066233361524703e-08,0.0,0.0,12
0.0,PINN Vanilla,0.25065922348201297,1.3789137485839577e-05,0.0003286981772939615,0.0014104679342944512,-0.001406550407409668,1.0001734495162964,2.0035609304904938,1.0017842941550081,0.00017344951629638672,0.001406550407409668,4
0.1,PINN Vanilla,0.24838233147561573,0.009097279377308252,0.013886388942570972,0.028462733065428347,0.00670856237411499,0.9224598407745361,1.830156296491623,0.9150816457702449,0.0,0.0,2
0.2,PINN Vanilla,0.2470751388669016,0.014312226449660126,0.02231484348260624,0.0434365926504926,0.014594405889511108,0.8532086610794067,1.676025241613388,0.8380158237786177,0.0,0.0,2
0.30000000000000004,PINN Vanilla,0.24662284620106242,0.01611661418704528,0.02742024354428546,0.052291586082091446,0.022232457995414734,0.7922587990760803,1.539526954293251,0.7697664192631808,0.0,0.0,1
0.4,PINN Vanilla,0.24689761717617534,0.01502043594775588,0.030431532830673506,0.056138922249314493,0.029410049319267273,0.7392135262489319,1.4194093495607376,0.709707387345897,0.0,0.0,1
0.5,PINN Vanilla,0.24776282583177112,0.011568750774970852,0.03207116904921638,0.056481766750698215,0.03579837083816528,0.6935429573059082,1.3145848661661148,0.6572949453235136,0.0,0.0,1
0.6000000000000001,PINN Vanilla,0.24907801853120348,0.006321887939485413,0.032776324625658285,0.054359797175524194,0.04193830490112305,0.654547929763794,1.2236533463001251,0.611829011615627,0.0,0.0,1
0.7000000000000001,PINN Vanilla,0.25070373988151573,0.00016380570638871642,0.032825838057482445,0.05053557438945633,0.04784202575683594,0.6214505434036255,1.1450599282979965,0.5725321524184289,0.0,0.0,1
0.8,PINN Vanilla,0.25250669634342215,0.007356565564360855,0.032414282493665354,0.046289592870172064,0.05352061986923218,0.593424379825592,1.0771523714065552,0.5385782441978142,0.0,0.0,1
0.9,PINN Vanilla,0.25436403386294865,0.014766274581421445,0.031689913476753186,0.04835705104855354,0.058984845876693726,0.5696338415145874,1.0182558298110962,0.5091298608457123,0.0,0.0,1
1.0,PINN Vanilla,0.2561668276339772,0.021958385396313285,0.030771608944795525,0.04960091254680891,0.06424221396446228,0.5492884516716003,0.9667886793613434,0.4833961872644188,0.0,0.0,1
1.1,PINN Vanilla,0.257822968170047,0.02856543410696694,0.0297556637977567,0.05007704319069679,0.06930117309093475,0.5316628217697144,0.921293243765831,0.4606483825225049,0.0,0.0,1
1.2000000000000002,PINN Vanilla,0.2592581989616158,0.03429117992647813,0.028715593108593715,0.0498509500045229,0.07416784763336182,0.5161291360855103,0.8805074691772461,0.4402554172844634,0.0,0.0,1
1.3,PINN Vanilla,0.2604169007688763,0.038913734060597754,0.027703238679835217,0.04899731231668003,0.07884782552719116,0.5021691918373108,0.8433836549520493,0.4216934392263137,0.0,0.0,1
1.4000000000000001,PINN Vanilla,0.2612610646784308,0.04228146279419794,0.026749188401804194,0.04759104457735348,0.08334682881832123,0.4893808364868164,0.8091008365154266,0.40455196449174274,0.0,0.0,1
1.5,PINN Vanilla,0.2617692547142508,0.04430884890534247,0.025867072786352478,0.04606399345833299,0.08766962587833405,0.4774591326713562,0.7770306766033173,0.38851682324793463,0.0,0.0,1
1.6,PINN Vanilla,0.26193438464403174,0.04496762240063938,0.025058092896117466,0.044413394292170144,0.09182050824165344,0.46618711948394775,0.7467146664857864,0.3733587602536878,0.0,0.0,1
1.7000000000000002,PINN Vanilla,0.2617615616023543,0.044278157811241795,0.024316242029993294,0.042505782647549256,0.09580320119857788,0.455422043800354,0.7178388237953186,0.35892078372520775,0.0,0.0,1
1.8,PINN Vanilla,0.26126575890183473,0.042300190047117,0.023634177379992266,0.04038716272651861,0.09962195158004761,0.445064902305603,0.6901702582836151,0.34508644809327976,0.0,0.0,1
1.9000000000000001,PINN Vanilla,0.26046934571862246,0.03912295926223609,0.02300585695910687,0.03809566384225037,0.10327896475791931,0.43506354093551636,0.6635680198669434,0.33178527804667446,0.0,0.0,1
2.0,PINN Vanilla,0.25940002566576026,0.03485698694728672,0.022430065786576234,0.03566673455621676,0.10606446862220764,0.425387442111969,0.6379282176494598,0.31896532793892923,0.0,0.0,1
2.1,PINN Vanilla,0.2580888963043692,0.029626334494786372,0.021910077881406826,0.036116861930694105,0.10873258113861084,0.4160250425338745,0.6131861805915833,0.30659426212666363,0.0,0.0,1
2.2,PINN Vanilla,0.2565687180757525,0.023561697233276595,0.021454632458298758,0.036602236921817605,0.11132362484931946,0.4069758653640747,0.5892971456050873,0.29464969898022,0.0,0.0,1
2.3000000000000003,PINN Vanilla,0.2548727739155295,0.01679585494326603,0.021075723370980126,0.03676364277370317,0.1138753592967987,0.39824461936950684,0.5662288963794708,0.2831155302827806,0.0,0.0,1
2.4000000000000004,PINN Vanilla,0.25303358158469225,0.009458534798359015,0.020787982985883184,0.03651257848607484,0.11642193794250488,0.38983917236328125,0.5439589321613312,0.271980505614644,0.0,0.0,1
2.5,PINN Vanilla,0.2510822274982931,0.0016737537246660685,0.020606377762670155,0.03582440205032869,0.11899107694625854,0.38176584243774414,0.5224680304527283,0.26123501369010504,0.0,0.0,1
2.6,PINN Vanilla,0.24904799741506597,0.00644165493531018,0.020543880040810016,0.03470374135191706,0.12160080671310425,0.3740310072898865,0.5017467439174652,0.2508743308230108,0.0,0.0,1
2.7,PINN Vanilla,0.2469576433002951,0.014780966218386076,0.02061064100790873,0.033171659956491434,0.12426036596298218,0.3666384220123291,0.4817885458469391,0.24089519364658707,0.0,0.0,1
2.8000000000000003,PINN Vanilla,0.24483571442961716,0.02324624262686132,0.02081159886022116,0.033765294692162384,0.12696701288223267,0.3595879077911377,0.46259158849716187,0.2312966782853086,0.0,0.0,1
2.9000000000000004,PINN Vanilla,0.24270394670963308,0.03175077038823002,0.02114689488182083,0.03495963630913734,0.1297062635421753,0.3528779149055481,0.4441624879837036,0.2220820928096042,0.0,0.0,1
3.0,PINN Vanilla,0.24058196127414724,0.04021627245777262,0.021610868063432494,0.03608960702607644,0.13245397806167603,0.34650373458862305,0.4265109598636627,0.21325629501659002,0.0,0.0,1
3.1,PINN Vanilla,0.23848675334453603,0.04857494767185806,0.022193578298472846,0.03714602650315202,0.13517674803733826,0.3404584527015686,0.4096510708332062,0.20482631828123174,0.0,0.0,1
3.2,PINN Vanilla,0.23643313491344473,0.05676770469446881,0.02289286532044443,0.038126259501832016,0.1378372609615326,0.3347322344779968,0.3935956656932831,0.19679858502855097,0.0,0.0,1
3.3000000000000003,PINN Vanilla,0.23443405777215978,0.06474287332367686,0.023658138797854764,0.03903276184278759,0.13987356424331665,0.32931622862815857,0.3783665597438812,0.18918400295023183,0.0,0.0,2
3.4000000000000004,PINN Vanilla,0.23250024551153203,0.07245767259641689,0.02450667680286311,0.039876129855594244,0.14161306619644165,0.32419753074645996,0.36398452520370483,0.18199295819532316,0.0,0.0,2
3.5,PINN Vanilla,0.23064097633957883,0.07987508779625445,0.02540933559922794,0.04067653057736487,0.14325526356697083,0.319362610578537,0.35045167803764343,0.1752265087503135,0.0,0.0,2
3.6,PINN Vanilla,0.22886347770690937,0.08696628554994087,0.026349373995235126,0.04146564668361258,0.14480748772621155,0.31479957699775696,0.337761253118515,0.16888127203868333,0.0,0.0,2
3.7,PINN Vanilla,0.22717368951439879,0.09370756906752162,0.027310768375046566,0.042267995523147806,0.14627614617347717,0.31049421429634094,0.3258925974369049,0.16294692151625634,0.0,0.0,2
3.8000000000000003,PINN Vanilla,0.2255758982896807,0.10008183756783824,0.028279114729550622,0.04306649070232621,0.14766812324523926,0.3064320385456085,0.3148138225078583,0.1574075128796145,0.0,0.0,2
3.9000000000000004,PINN Vanilla,0.22407300171256087,0.10607753097418976,0.029241579453435373,0.043825551439061305,0.1489902138710022,0.3026009500026703,0.3044878840446472,0.15224452391460033,0.0,0.0,2
4.0,PINN Vanilla,0.222666684150696,0.11168792962788057,0.030186874860919678,0.04452260152136661,0.15024936199188232,0.2989850640296936,0.2948607802391052,0.1474309536139303,0.0,0.0,2
4.1000000000000005,PINN Vanilla,0.2213572656214239,0.1169117568436938,0.03110564204582107,0.04514596384849351,0.1514512002468109,0.2955729067325592,0.28588035702705383,0.142940724845846,0.0,0.0,2
4.2,PINN Vanilla,0.22014414197206517,0.12175142284352487,0.03198997357898267,0.04569117541282364,0.15260165929794312,0.2923513650894165,0.27748703956604004,0.1387440500752703,0.0,0.0,2
4.3,PINN Vanilla,0.21902556091547032,0.12621391824580214,0.03283377649966617,0.046157444447966045,0.1537061631679535,0.28930750489234924,0.2696177363395691,0.13480938342338467,0.0,0.0,2
4.4,PINN Vanilla,0.21799904602766057,0.1303091225586348,0.03363233230480069,0.0465459521112746,0.15476995706558228,0.2864300608634949,0.2622128427028656,0.13110692245389377,0.0,0.0,2
4.5,PINN Vanilla,0.21706129983067532,0.1340501908235387,0.03438244958052483,0.04686084853687056,0.15579766035079956,0.2837079167366028,0.2552134394645691,0.12760720745851972,0.0,0.0,2
4.6000000000000005,PINN Vanilla,0.21620854371786136,0.1374521975089375,0.035087319214747115,0.0471052423746845,0.1567929983139038,0.2811305522918701,0.24856528639793396,0.12428311822023383,0.0,0.0,2
4.7,PINN Vanilla,0.21543643561005613,0.1405324650146564,0.0357304317941517,0.047285124134546164,0.15776026248931885,0.2786881923675537,0.2422202229499817,0.12111057437050947,0.0,0.0,2
4.800000000000001,PINN Vanilla,0.2147403565943243,0.14330942014813675,0.03632761725692562,0.04740454937558869,0.15843334794044495,0.2763711214065552,0.23613202571868896,0.11806646411999967,0.0,0.0,2
4.9,PINN Vanilla,0.21411550179123898,0.14580223161621894,0.03687454045250635,0.04746850311696532,0.1590026319026947,0.274171382188797,0.23026591539382935,0.11513339774712614,0.0,0.0,2
5.0,PINN Vanilla,0.2135568775832655,0.14803082108229762,0.037372841749102555,0.04748335678861343,0.15961498022079468,0.2720796465873718,0.22458818554878235,0.11229452197416386,0.0,0.0,2
5.1000000000000005,PINN Vanilla,0.21305957356095334,0.15001477825734372,0.03782457841608906,0.047453649991638924,0.160279780626297,0.2700892388820648,0.21907424926757812,0.10953754329614103,0.0,0.0,2
5.2,PINN Vanilla,0.21261866283416767,0.1517737586007847,0.03823225641061566,0.04738415439209892,0.1610010266304016,0.2681930959224701,0.21370500326156616,0.10685291003222501,0.0,0.0,2
5.300000000000001,PINN Vanilla,0.21222935539484042,0.15332687149128793,0.03859862695825784,0.04728052819995182,0.161779522895813,0.2663842737674713,0.20846253633499146,0.10423166655030909,0.0,0.0,2
5.4,PINN Vanilla,0.21188709834218045,0.1546922803857864,0.03892652813778904,0.04714790287442677,0.1626138687133789,0.26465722918510437,0.20333722233772278,0.10166899975693156,0.0,0.0,2
5.5,PINN Vanilla,0.211587471842766,0.15588761787890265,0.039218937637848644,0.04698973832919395,0.16350015997886658,0.2630065679550171,0.1983203887939453,0.09916057339761145,0.0,0.0,2
5.6000000000000005,PINN Vanilla,0.21132637217640896,0.15692925545517392,0.039478749360671944,0.046811743759259894,0.16443151235580444,0.2614263892173767,0.19340762495994568,0.09670418209206291,0.0,0.0,2
5.7,PINN Vanilla,0.21109992173314113,0.15783266254933886,0.039708817903774965,0.046617540999587814,0.16540169715881348,0.2599128186702728,0.1885944902896881,0.09429760555878196,0.0,0.0,2
5.800000000000001,PINN Vanilla,0.21090451198816318,0.15861223510099537,0.039911878908550275,0.046412008226989876,0.16640248894691467,0.25846126675605774,0.1838826835155487,0.09194169316720299,0.0,0.0,2
5.9,PINN Vanilla,0.2107368690073492,0.1592810342252929,0.04009046758045937,0.04619862697148125,0.167425274848938,0.25706690549850464,0.17926844954490662,0.08963456736383943,0.0,0.0,2
6.0,PINN Vanilla,0.21059395632147807,0.15985117368891696,0.04024698296463708,0.04650044939040837,0.1684618592262268,0.25572696328163147,0.1747552454471588,0.08737795668999637,0.0,0.0,2
6.1000000000000005,PINN Vanilla,0.21047302240133303,0.16033363051173266,0.04038362140042965,0.046925470590629875,0.16950532793998718,0.25443771481513977,0.1703428328037262,0.08517174193592865,0.0,0.0,2
6.2,PINN Vanilla,0.21037156468629856,0.16073838847200528,0.04050239609278705,0.04729375437463354,0.17042934894561768,0.2531965374946594,0.16603434085845947,0.08301748772954176,0.0,0.0,2
6.300000000000001,PINN Vanilla,0.21028733712434788,0.1610744080261841,0.04060513262827912,0.0476138260432519,0.17120611667633057,0.25199976563453674,0.16182827949523926,0.08091444900992834,0.0,0.0,2
6.4,PINN Vanilla,0.21021832811832447,0.1613497142905622,0.04069345955311551,0.04789342377364594,0.17197737097740173,0.25084438920021057,0.15772491693496704,0.07886275988805169,0.0,0.0,2
6.5,PINN Vanilla,0.21016275224089642,0.16157143009384528,0.040768833538482485,0.04830656334152825,0.17274269461631775,0.24972927570343018,0.15372782945632935,0.07686420851008956,0.0,0.0,2
6.6000000000000005,PINN Vanilla,0.21011901172995587,0.16174592958837425,0.04083255170307978,0.04874613892864979,0.17350241541862488,0.24865072965621948,0.149833083152771,0.07491682791524643,0.0,0.0,2
6.7,PINN Vanilla,0.21008568066358585,0.16187890138291008,0.040885774454307355,0.0491433070695049,0.17425695061683655,0.24760755896568298,0.14604142308235168,0.073020990633976,0.0,0.0,2
6.800000000000001,PINN Vanilla,0.21006154116988202,0.1619752040862605,0.04092948758438875,0.0494979824597801,0.1750054657459259,0.2465974986553192,0.14235228300094604,0.07117641354313348,0.0,0.0,2
6.9,PINN Vanilla,0.2100454816818239,0.16203927221185563,0.04096460240356445,0.049813959610420705,0.1757483184337616,0.24561843276023865,0.13876155018806458,0.06938104027461447,0.0,0.0,2
7.0,PINN Vanilla,0.21003655260801335,0.1620748940835039,0.040991884048537174,0.05009089185723048,0.1764853298664093,0.24466952681541443,0.1352696716785431,0.06763509434669121,0.0,0.0,2
7.1000000000000005,PINN Vanilla,0.21003390979766864,0.16208543737756634,0.04101201965299889,0.0503330419061086,0.17721620202064514,0.24374839663505554,0.13187140226364136,0.06593595314496971,0.0,0.0,2
7.2,PINN Vanilla,0.21003683775663395,0.16207375650442465,0.04102559891758279,0.05053933277363287,0.17794081568717957,0.24285387992858887,0.12856528162956238,0.06428288650976072,0.0,0.0,2
7.300000000000001,PINN Vanilla,0.21004467916488667,0.16204247379311035,0.041033163766890736,0.05071414750461012,0.17865875363349915,0.24198484420776367,0.1253470480442047,0.06267376356686913,0.0,0.0,2
7.4,PINN Vanilla,0.2100568898618223,0.1619937601316259,0.041035172254319754,0.05085675933018663,0.17937079071998596,0.24113985896110535,0.12221258878707886,0.06110652794819057,0.0,0.0,2
7.5,PINN Vanilla,0.21007300570607204,0.1619294671772224,0.04103201360529101,0.050970220684528084,0.18007540702819824,0.24031803011894226,0.11916065216064453,0.05958055380256284,0.0,0.0,2
7.6000000000000005,PINN Vanilla,0.21009260302782076,0.16185128512891664,0.04102405791208117,0.051055056423856215,0.18077358603477478,0.2395184338092804,0.11618465185165405,0.05809254796077531,0.0,0.0,2
7.7,PINN Vanilla,0.21011532446742076,0.16176063964627563,0.04101162835416437,0.05111332510236832,0.18146422505378723,0.2387397587299347,0.11328244209289551,0.056641437535121346,0.0,0.0,2
7.800000000000001,PINN Vanilla,0.21014084446430226,0.16165882952882515,0.04099502580122868,0.05114585650955025,0.1821477711200714,0.2379816770553589,0.11044982075691223,0.05522512145384214,0.0,0.0,2
7.9,PINN Vanilla,0.21016892886161823,0.16154678892778035,0.040974480864998684,0.05115524365855828,0.1828240156173706,0.23724323511123657,0.10768270492553711,0.053841558250051456,0.0,0.0,2
8.0,PINN Vanilla,0.21019931843876857,0.16142555198432323,0.040950257240948,0.05114134637045725,0.1834925413131714,0.2365235984325409,0.10497775673866272,0.05248907898731676,0.0,0.0,2
8.1,PINN Vanilla,0.21023182663321513,0.16129586297573614,0.04092255285255164,0.051106435778382614,0.18415290117263794,0.23582178354263306,0.1023322343826294,0.05116631275356846,0.0,0.0,2
8.200000000000001,PINN Vanilla,0.21026628965139407,0.16115837534418237,0.040891568258709286,0.05105113647359186,0.18480560183525085,0.23513835668563843,0.09974321722984314,0.0498717992294281,0.0,0.0,2
8.3,PINN Vanilla,0.21030256861448307,0.1610136431363289,0.0408574738457059,0.05097722633625856,0.18545016646385193,0.23447179794311523,0.09720680117607117,0.048603586355318334,0.0,0.0,2
8.4,PINN Vanilla,0.2103405328989031,0.16086218746516745,0.04082044798023347,0.05088443160851755,0.18608635663986206,0.23382210731506348,0.09472191333770752,0.04736113768738585,0.0,0.0,2
8.5,PINN Vanilla,0.21038006728887576,0.16070446797542215,0.04078065549881565,0.050775712814101454,0.1867140531539917,0.2331889271736145,0.09228545427322388,0.04614290349894328,0.0,0.0,2
8.6,PINN Vanilla,0.2104211156964304,0.16054070842585402,0.04073821479809328,0.05065073773711043,0.18733355402946472,0.23257124423980713,0.08989349007606506,0.04494691682919515,0.0,0.0,2
8.700000000000001,PINN Vanilla,0.21046359252929706,0.16037125028041774,0.04069326702388542,0.05051142088072069,0.1879447102546692,0.2319697141647339,0.0875464677810669,0.04377340119641367,0.0,0.0,2
8.8,PINN Vanilla,0.21050743547081965,0.16019634214674838,0.04064594892283421,0.050357436230340696,0.1885470449924469,0.23138266801834106,0.08524143695831299,0.04262088138000222,0.0,0.0,4
8.9,PINN Vanilla,0.21055262184143086,0.1600160745032823,0.040596346586892595,0.05019099944797692,0.1891404688358307,0.2308109998703003,0.08297830820083618,0.04148931267630635,0.0,0.0,2
9.0,PINN Vanilla,0.21059910717606564,0.15983062474006848,0.04054457678132661,0.05001149739678312,0.18972539901733398,0.23025420308113098,0.08075529336929321,0.04037780101223722,0.0,0.0,2
9.1,PINN Vanilla,0.21064685329794902,0.1596401451604931,0.04049075082474155,0.04982175058342214,0.19030135869979858,0.22971150279045105,0.07857051491737366,0.039285407611051516,0.0,0.0,2
9.200000000000001,PINN Vanilla,0.21069586050510425,0.1594446345756148,0.04043493830617289,0.049620326669684994,0.1908683478832245,0.22918325662612915,0.07642462849617004,0.038212460299548494,0.0,0.0,2
9.3,PINN Vanilla,0.21074613639712353,0.15924406266742927,0.04037720361752664,0.049409613199502184,0.19142651557922363,0.22866886854171753,0.07431632280349731,0.037158303424129645,0.0,0.0,2
9.4,PINN Vanilla,0.21079765897989292,0.15903851717980788,0.040317638777182,0.04918935943348665,0.19197621941566467,0.22816869616508484,0.07224467396736145,0.0361224750470324,0.0,0.0,2
9.5,PINN Vanilla,0.21085047110915203,0.15882782714298505,0.04025626625435421,0.048960660594253885,0.1925167441368103,0.227681964635849,0.07021084427833557,0.03510555631576452,0.0,0.0,2
9.600000000000001,PINN Vanilla,0.21090455752611179,0.15861205343075782,0.04019317160863132,0.04872358701939797,0.19304898381233215,0.22720873355865479,0.06821194291114807,0.034106101812165675,0.0,0.0,2
9.700000000000001,PINN Vanilla,0.21095996701717395,0.15839100141342777,0.04012836903997041,0.048483364539706864,0.1935720145702362,0.2267487645149231,0.0662505030632019,0.03312537813977843,0.0,0.0,2
9.8,PINN Vanilla,0.21101669815182705,0.15816467679791346,0.04006191663011513,0.04825407492578013,0.19408681988716125,0.22630217671394348,0.06432506442070007,0.03216265513891353,0.0,0.0,2
9.9,PINN Vanilla,0.21107480499148387,0.1579328639102549,0.039993820164066156,0.04803223382321192,0.19459283351898193,0.22586849331855774,0.06243547797203064,0.03121785830348025,0.0,0.0,2
10.0,PINN Vanilla,0.21113431710004826,0.15769544480747047,0.03992410498901178,0.04781499201027958,0.19509032368659973,0.2254478633403778,0.06058371067047119,0.03029197111387633,0.0,0.0,2
10.100000000000001,PINN Vanilla,0.21119526883959788,0.15745228240462325,0.03985278538927774,0.04760028842617672,0.19557976722717285,0.22503980994224548,0.05876666307449341,0.029383443843414417,0.0,0.0,2
10.200000000000001,PINN Vanilla,0.21125771579146405,0.1572031549641521,0.0397798534742902,0.04738783510750283,0.19606047868728638,0.2246445119380951,0.05698740482330322,0.02849381131756372,0.0,0.0,2
10.3,PINN Vanilla,0.21132168573141116,0.15694795167672387,0.039705325204278295,0.04717630779620827,0.19653335213661194,0.22426196932792664,0.055244773626327515,0.027622492388816474,0.0,0.0,2
10.4,PINN Vanilla,0.21138723599910755,0.1566864437900235,0.039629182813644304,0.04696519284384043,0.19699841737747192,0.2238914668560028,0.05353826284408569,0.026769233736464178,0.0,0.0,2
10.5,PINN Vanilla,0.2114544294476511,0.15641838055632135,0.03955140064004378,0.04675480134847068,0.19745561480522156,0.2235334813594818,0.051869094371795654,0.02593464631045088,0.0,0.0,2
10.600000000000001,PINN Vanilla,0.2115232909321787,0.15614366281790926,0.03947198749168703,0.04654432405676684,0.19790512323379517,0.22318753600120544,0.050236403942108154,0.025118297975450298,0.0,0.0,2
10.700000000000001,PINN Vanilla,0.21159387761354465,0.1558620625358372,0.039390916766301486,0.046334013020428,0.19834724068641663,0.22285398840904236,0.048641860485076904,0.024321023199678705,0.0,0.0,2
10.8,PINN Vanilla,0.2116662642955782,0.15557328128582734,0.039308137833507076,0.04612353454576143,0.19878175854682922,0.22253185510635376,0.04708346724510193,0.0235418236015202,0.0,0.0,2
10.9,PINN Vanilla,0.21174048280715962,0.15527719208894408,0.03922364659138907,0.04591279091641329,0.1992093324661255,0.22222182154655457,0.04556271433830261,0.022781444241882175,0.0,0.0,2
11.0,PINN Vanilla,0.2118165830671789,0.15497359579751221,0.039137414068121955,0.04570151127700628,0.19962984323501587,0.2219235599040985,0.044079095125198364,0.022039631800056112,0.0,0.0,2
11.100000000000001,PINN Vanilla,0.2118946275115015,0.1546622433283196,0.039049393505273165,0.045490370256781515,0.20004382729530334,0.22163641452789307,0.04263153672218323,0.021315849832188705,0.0,0.0,2
11.200000000000001,PINN Vanilla,0.21197466886043567,0.1543429243576425,0.03895955501353249,0.045278530614027035,0.20045068860054016,0.22136107087135315,0.04122275114059448,0.020611454349131378,0.0,0.0,4
11.3,PINN Vanilla,0.21205673947930354,0.1540155097664507,0.038867875877358245,0.045066330647803715,0.2008514702320099,0.22109681367874146,0.039857298135757446,0.01992872523726073,0.0,0.0,6
11.4,PINN Vanilla,0.2121408940553667,0.15367978138400723,0.038774314142505505,0.04485354957081866,0.20124608278274536,0.22084400057792664,0.0385383665561676,0.019269256926918554,0.0,0.0,6
11.5,PINN Vanilla,0.21222719767689724,0.15333547954552243,0.03867881662799852,0.04464027838493248,0.2016344964504242,0.22060203552246094,0.03726321458816528,0.01863167850603527,0.0,0.0,4
11.600000000000001,PINN Vanilla,0.21231567141413707,0.15298252019284314,0.038581370982444844,0.044426569407451405,0.20201724767684937,0.2203710377216339,0.036025166511535645,0.018012652101745803,0.0,0.0,4
11.700000000000001,PINN Vanilla,0.21240635627508184,0.15262073972764012,0.03848194158639918,0.04421244046512013,0.2023942470550537,0.22015070915222168,0.03482484817504883,0.017412490639631257,0.0,0.0,4
11.8,PINN Vanilla,0.21249929505586643,0.1522499674179364,0.038380494068202514,0.043997312620355084,0.20276591181755066,0.2199411392211914,0.03366151452064514,0.016830821589237936,0.0,0.0,6
11.9,PINN Vanilla,0.212594541013241,0.15186999079991342,0.038276978524659,0.04378188037167649,0.2031322419643402,0.21974226832389832,0.03253263235092163,0.016266378347023294,0.0,0.0,4
12.0,PINN Vanilla,0.21269210711121578,0.15148075815462259,0.03817138461421477,0.04356632395980986,0.2034931480884552,0.21955358982086182,0.03143829107284546,0.01571920561664177,0.0,0.0,6
12.100000000000001,PINN Vanilla,0.21279201939702053,0.15108216556859044,0.03806369072729661,0.04334974256107346,0.2038494050502777,0.21937504410743713,0.030376851558685303,0.015188483831095247,0.0,0.0,4
12.200000000000001,PINN Vanilla,0.21289433193206805,0.15067399736785694,0.03795384218174179,0.043132554245188,0.20420095324516296,0.21920683979988098,0.029348045587539673,0.014674078879420396,0.0,0.0,6
12.3,PINN Vanilla,0.21299904215335866,0.1502562637773175,0.03784184318585848,0.04291538776292081,0.20454788208007812,0.21904903650283813,0.028352975845336914,0.014176542106688679,0.0,0.0,6
12.4,PINN Vanilla,0.21310618752241153,0.14982881534704523,0.03772765544334561,0.04269731226223014,0.20489051938056946,0.2189018428325653,0.027390331029891968,0.0136952178593016,0.0,0.0,6
12.5,PINN Vanilla,0.2132157848179342,0.1493915851396423,0.037611261405414625,0.042478458771728206,0.20522871613502502,0.2187662422657013,0.026461035013198853,0.013230568075021735,0.0,0.0,6
12.600000000000001,PINN Vanilla,0.21332784432172794,0.14894453213663217,0.03749264991581371,0.0422592149875925,0.2055632472038269,0.2186450958251953,0.025572001934051514,0.012786049836459338,0.0,0.0,10
12.700000000000001,PINN Vanilla,0.21344238793849965,0.14848756895082602,0.037371796406238424,0.04203938647556105,0.2058936059474945,0.21854490041732788,0.02477186918258667,0.012385981931631367,0.0,0.0,24
12.8,PINN Vanilla,0.2135594119131567,0.148020710562885,0.03724870212703963,0.04181924387515776,0.20622050762176514,0.21851247549057007,0.02409800887107849,0.012049050488094968,0.0,0.0,16
12.9,PINN Vanilla,0.2136789270043375,0.14754391405202627,0.03712335428819794,0.04159826232589953,0.2065432369709015,0.21852198243141174,0.023504972457885742,0.011752531148174981,0.0,0.0,10
13.0,PINN Vanilla,0.21380093017220517,0.14705719154545163,0.03699575266663199,0.04137701190966894,0.2068628966808319,0.21853932738304138,0.02297481894493103,0.011487453378546524,0.0,0.0,12
13.100000000000001,PINN Vanilla,0.21392541694641132,0.1465605608772814,0.03686589831757699,0.04115498780631127,0.20717903971672058,0.21856370568275452,0.022501319646835327,0.01125070282461674,0.0,0.0,10
13.200000000000001,PINN Vanilla,0.21405241131782551,0.14605392633773706,0.03673376165982508,0.040932791726596224,0.20749223232269287,0.21859541535377502,0.022072941064834595,0.011036512714962494,0.0,0.0,12
13.3,PINN Vanilla,0.21418186876177805,0.14553746555465585,0.03659938461295381,0.0407099378712841,0.20780214667320251,0.21863412857055664,0.02169308066368103,0.01084658178845261,0.0,0.0,12
13.4,PINN Vanilla,0.21431379520893115,0.14501115486810479,0.03646275676331773,0.04048650807991275,0.2081088423728943,0.2186793088912964,0.021349698305130005,0.010674889952955445,0.0,0.0,6
13.5,PINN Vanilla,0.21444817641377467,0.14447505110948025,0.03632388859653,0.04026302007882859,0.2084130346775055,0.21873116493225098,0.021027714014053345,0.01051389719208829,0.0,0.0,6
13.600000000000001,PINN Vanilla,0.21458500856161136,0.14392916949723147,0.036182778238103924,0.04003905369341712,0.20871418714523315,0.2187892496585846,0.020724177360534668,0.010362128285254525,0.0,0.0,6
13.700000000000001,PINN Vanilla,0.2147242358624937,0.1433737326011783,0.036039477136052225,0.03981468349297726,0.2090129256248474,0.21885362267494202,0.020439058542251587,0.010219568331236006,0.0,0.0,6
13.8,PINN Vanilla,0.21486587381362934,0.14280867859637075,0.03589396458625588,0.03958961680341355,0.20930889248847961,0.21892410516738892,0.020171165466308594,0.010085621281306826,0.0,0.0,4
13.9,PINN Vanilla,0.21500988277792948,0.14223416561200788,0.03574627530348457,0.039364861510661014,0.20960253477096558,0.2189999520778656,0.019917160272598267,0.009958618199034448,0.0,0.0,4
14.0,PINN Vanilla,0.21515623494982739,0.141650304576317,0.03559643266503663,0.03913912136845438,0.20989391207695007,0.21908169984817505,0.01967790722846985,0.009838991219745154,0.0,0.0,4
14.100000000000001,PINN Vanilla,0.2153048982322218,0.14105722353828115,0.03544446318200335,0.03891353245068224,0.21018260717391968,0.21916896104812622,0.019453704357147217,0.009726889355620421,0.0,0.0,4
14.200000000000001,PINN Vanilla,0.21545585078001042,0.1404550096473009,0.03529038306221016,0.03868767950355201,0.2104693055152893,0.21926164627075195,0.019241362810134888,0.009620718176318451,0.0,0.0,4
14.3,PINN Vanilla,0.2156090392768385,0.139843875604983,0.03513424163551578,0.038461448356091416,0.21075361967086792,0.21935927867889404,0.01904192566871643,0.009520999224474412,0.0,0.0,4
14.4,PINN Vanilla,0.21576445057988186,0.13922387384364068,0.03497604599921848,0.03823491378707505,0.21103593707084656,0.2194623351097107,0.018856525421142578,0.009428298746377912,0.0,0.0,10
14.5,PINN Vanilla,0.21592202377319356,0.138595247382885,0.03481585196080238,0.038008509124643486,0.21131619811058044,0.21957001090049744,0.018698424100875854,0.009349247784104656,0.0,0.0,10
14.600000000000001,PINN Vanilla,0.21608174848556538,0.13795803759787476,0.03465366456343708,0.03778155391209723,0.211594820022583,0.2196826934814453,0.018564879894256592,0.009282475425585059,0.0,0.0,8
14.700000000000001,PINN Vanilla,0.2162435614168646,0.13731249701975168,0.034489542319008776,0.03755491250429843,0.2118714451789856,0.21979987621307373,0.018446683883666992,0.009223377194411499,0.0,0.0,10
14.8,PINN Vanilla,0.21640741002559682,0.136658835258875,0.03432353243476512,0.03732832796688598,0.21214577555656433,0.21992141008377075,0.01834285259246826,0.009171461350385103,0.0,0.0,6
14.9,PINN Vanilla,0.216573262691498,0.13599717846192155,0.03415566157020528,0.037101002802405386,0.21241849660873413,0.2200475037097931,0.01825454831123352,0.009127309041013632,0.0,0.0,8
15.0,PINN Vanilla,0.21674108058214206,0.13532768154794844,0.03398684101903778,0.03687422681207661,0.21268951892852783,0.22017791867256165,0.018173903226852417,0.009086986344706104,0.0,0.0,6
15.100000000000001,PINN Vanilla,0.21691080355644246,0.13465058444531916,0.03381449340603951,0.03664733387491537,0.212958425283432,0.22031241655349731,0.01810663938522339,0.00905335429534687,0.0,0.0,8
15.200000000000001,PINN Vanilla,0.21708238431811352,0.1339660758390254,0.03364129286927303,0.036420638941692424,0.2132263481616974,0.2204512357711792,0.018046528100967407,0.00902329853834307,0.0,0.0,6
15.3,PINN Vanilla,0.21725576522946377,0.13327438567032324,0.03346641613307247,0.03620359950325802,0.21349191665649414,0.22059369087219238,0.017995744943618774,0.008997906862619483,0.0,0.0,6
15.4,PINN Vanilla,0.2174309131503107,0.1325756461494903,0.033289890957797955,0.036006104254886095,0.21375596523284912,0.2207406759262085,0.01795494556427002,0.008977507094975357,0.0,0.0,10
15.5,PINN Vanilla,0.21760776039958019,0.13187012728510616,0.0331117794237053,0.035807778823960634,0.21401867270469666,0.2208912968635559,0.017920464277267456,0.008960266385578532,0.0,0.0,8
15.600000000000001,PINN Vanilla,0.21778626698255557,0.1311579886330993,0.032932118260622784,0.03560732673813655,0.21427950263023376,0.22104611992835999,0.017893671989440918,0.008946870190463798,0.0,0.0,8
15.700000000000001,PINN Vanilla,0.2179663607776167,0.13043951791727523,0.03275097527336657,0.035406222127357834,0.21453863382339478,0.221205472946167,0.017877042293548584,0.008938555310737412,0.0,0.0,18
15.8,PINN Vanilla,0.21814799970388432,0.12971488301615205,0.03256838728181297,0.03520351344375827,0.21479633450508118,0.22137200832366943,0.01787090301513672,0.008935485659798998,0.0,0.0,14
15.9,PINN Vanilla,0.21833112904429455,0.12898430221936075,0.03238440482696276,0.03499969512128476,0.21505245566368103,0.2215459644794464,0.017878979444503784,0.00893952388991701,0.0,0.0,10
16.0,PINN Vanilla,0.21851569840312024,0.12824797657688278,0.03219907441067101,0.034794817062225425,0.21530717611312866,0.2217230200767517,0.017891913652420044,0.008945991018593087,0.0,0.0,6
16.1,PINN Vanilla,0.21870165473222752,0.12750611772027765,0.03201244532812755,0.034589061358696827,0.21556022763252258,0.22190400958061218,0.017910629510879517,0.008955348983589809,0.0,0.0,6
16.2,PINN Vanilla,0.21888891172409078,0.12675906996695896,0.031824599739880985,0.03438196637310781,0.21581175923347473,0.22208762168884277,0.01793384552001953,0.008966957032526824,0.0,0.0,8
16.3,PINN Vanilla,0.21907744196057338,0.12600694269953056,0.031635561461401444,0.034174036130626806,0.21606212854385376,0.22227442264556885,0.017960011959075928,0.008980040302060456,0.0,0.0,8
16.400000000000002,PINN Vanilla,0.2192671899795534,0.12524995717997664,0.03144538232862549,0.033965341801797166,0.21631047129631042,0.2224639356136322,0.017991960048675537,0.008996014407914732,0.0,0.0,6
16.5,PINN Vanilla,0.2194580902457239,0.12448837485649922,0.03125412410503962,0.033755319176429766,0.2165578007698059,0.2226555049419403,0.018026292324066162,0.00901318061122082,0.0,0.0,8
16.6,PINN Vanilla,0.21965007922053356,0.123722449211393,0.031061847535334343,0.033544675819309255,0.21680352091789246,0.22284990549087524,0.01806265115737915,0.009031360097360946,0.0,0.0,6
16.7,PINN Vanilla,0.219843119800091,0.1229523282678555,0.03086858611219525,0.033333064597604045,0.21704760193824768,0.22304639220237732,0.018101394176483154,0.009050731680952884,0.0,0.0,8
16.8,PINN Vanilla,0.22003712955117244,0.12217834088706306,0.030674419777629528,0.03312064048632618,0.21729013323783875,0.22324523329734802,0.01814490556716919,0.009072487459448445,0.0,0.0,6
16.900000000000002,PINN Vanilla,0.22023209923505802,0.1214005239261971,0.030479353468509593,0.03290782139571369,0.21753156185150146,0.2234455943107605,0.01818820834159851,0.009094138929416974,0.0,0.0,6
17.0,PINN Vanilla,0.22042792573571224,0.12061928875896324,0.030283488883200246,0.03269396119516005,0.21777135133743286,0.2236478626728058,0.018234223127365112,0.009117146410236938,0.0,0.0,8
17.1,PINN Vanilla,0.2206245746910574,0.11983477247029857,0.030086856296609052,0.03247960761446145,0.21800962090492249,0.22385185956954956,0.01827952265739441,0.009139796261821358,0.0,0.0,6
17.2,PINN Vanilla,0.22082199135422725,0.11904719346872829,0.029889509899534514,0.032264459971646064,0.21824640035629272,0.22405755519866943,0.018328547477722168,0.009164308765674234,0.0,0.0,12
17.3,PINN Vanilla,0.22102010810375233,0.11825682152504356,0.02969151310369676,0.0320489666436608,0.21847307682037354,0.22426477074623108,0.018377751111984253,0.009188910676835997,0.0,0.0,6
17.400000000000002,PINN Vanilla,0.2212189063131811,0.1174637309480786,0.029492883358866833,0.03183281605456517,0.2186935842037201,0.22447320818901062,0.018428951501846313,0.00921451096961365,0.0,0.0,6
17.5,PINN Vanilla,0.221418301433325,0.11666825904049301,0.029293702344020678,0.03161624162823451,0.21891450881958008,0.22468307614326477,0.018482446670532227,0.009241258656188673,0.0,0.0,8
17.6,PINN Vanilla,0.22161824569106123,0.11587059638958434,0.029094015535376008,0.03139925076297018,0.2191356122493744,0.22489392757415771,0.01853516697883606,0.009267618911091857,0.0,0.0,8
17.7,PINN Vanilla,0.22181868237257024,0.11507096925089086,0.028893879282604278,0.031181865290411725,0.21935686469078064,0.22510620951652527,0.018590569496154785,0.009295320275628328,0.0,0.0,6
17.8,PINN Vanilla,0.22201958048343678,0.11426950127431233,0.02869332093912598,0.030963907894586307,0.21957877278327942,0.2253189980983734,0.018644869327545166,0.009322470295093338,0.0,0.0,6
17.900000000000002,PINN Vanilla,0.22222088673710844,0.11346640504256131,0.028492393659474168,0.030745644559212026,0.2198004424571991,0.22553303837776184,0.018701642751693726,0.009350857115664602,0.0,0.0,8
18.0,PINN Vanilla,0.2224225336909296,0.11266194961306437,0.028291161920397004,0.030526780901774353,0.22002270817756653,0.22574764490127563,0.01875782012939453,0.009378945911872912,0.0,0.0,6
18.1,PINN Vanilla,0.22262448173761387,0.1118562929961261,0.02808966544968488,0.0303078929604208,0.2202450931072235,0.22596293687820435,0.01881706714630127,0.00940856953355043,0.0,0.0,8
18.2,PINN Vanilla,0.22282668474316616,0.11104961923986689,0.02788794747904426,0.030089018267738965,0.2204674780368805,0.22617894411087036,0.018873363733291626,0.009436717934631331,0.0,0.0,6
18.3,PINN Vanilla,0.22302909091115017,0.11024213498229259,0.027686059325979027,0.029869774022720064,0.22069016098976135,0.2263953685760498,0.01893189549446106,0.009465983927073306,0.0,0.0,6
18.400000000000002,PINN Vanilla,0.22323166292905827,0.10943398907885954,0.027484037326660497,0.029649920526618134,0.2209128439426422,0.22661221027374268,0.018991619348526,0.009495845968241186,0.0,0.0,8
18.5,PINN Vanilla,0.22343432879447958,0.10862546877779682,0.027281952743431096,0.02943048601498577,0.22113552689552307,0.22682946920394897,0.01905086636543274,0.009525469589918704,0.0,0.0,6
18.6,PINN Vanilla,0.2236370841860773,0.10781659131875408,0.027079807027822443,0.029210516480529303,0.22135823965072632,0.2270469069480896,0.019110947847366333,0.009555510445704357,0.0,0.0,6
18.7,PINN Vanilla,0.2238398631811144,0.10700761969555665,0.026877667530434392,0.028990344243909005,0.22158095240592957,0.22726449370384216,0.019172191619873047,0.009586132448997767,0.0,0.0,6
18.8,PINN Vanilla,0.22404262015223522,0.10619873593512474,0.02667557778304662,0.028770240720652485,0.22180387377738953,0.227482408285141,0.019232749938964844,0.009616411724273782,0.0,0.0,6
18.900000000000002,PINN Vanilla,0.22424532634019873,0.10539005477029798,0.02647356747152303,0.028550506745752935,0.22202646732330322,0.22770032286643982,0.019294440746307373,0.009647257245839407,0.0,0.0,8
19.0,PINN Vanilla,0.22444791942834874,0.10458182480871188,0.026271695406612366,0.028330173615844778,0.22224926948547363,0.22791799902915955,0.019355058670043945,0.009677566323551717,0.0,0.0,6
19.1,PINN Vanilla,0.2246503723859789,0.10377415388734632,0.026069990686352486,0.028110178010858022,0.2224661111831665,0.228135883808136,0.019418418407440186,0.00970924631333361,0.0,0.0,6
19.200000000000003,PINN Vanilla,0.22485265150666256,0.10296717647546756,0.02586848521497854,0.027889835941940444,0.22267290949821472,0.22835344076156616,0.019481927156448364,0.009741000809206242,0.0,0.0,6
19.3,PINN Vanilla,0.22505469822883625,0.10216112620004987,0.025667238520412843,0.027670192668841742,0.22287899255752563,0.228570818901062,0.019544333219528198,0.00977220396000741,0.0,0.0,6
19.400000000000002,PINN Vanilla,0.2252565016746523,0.10135604645745236,0.025466259534624655,0.02744999104757212,0.22308319807052612,0.22878813743591309,0.01960855722427368,0.009804316085115585,0.0,0.0,6
19.5,PINN Vanilla,0.22545800295472165,0.10055217218248495,0.025265607929592565,0.027230282582010712,0.22328591346740723,0.22900500893592834,0.01967337727546692,0.009836726234586712,0.0,0.0,6
19.6,PINN Vanilla,0.2256591907143595,0.09974954867381282,0.025065293727587278,0.027010582803219718,0.22348713874816895,0.2292211949825287,0.019737958908081055,0.009869017174312659,0.0,0.0,6
19.700000000000003,PINN Vanilla,0.22586000555753727,0.09894841288744627,0.02486537797830422,0.02680904081092622,0.22368702292442322,0.2294374406337738,0.019802987575531006,0.00990153163231082,0.0,0.0,6
19.8,PINN Vanilla,0.2260604164302351,0.09814888871107322,0.024665890415753625,0.026617719723467437,0.223885178565979,0.22965288162231445,0.019869565963745117,0.009934820953652659,0.0,0.0,6
19.900000000000002,PINN Vanilla,0.22626041036844274,0.09735102786364236,0.024466843472377823,0.026427415566771972,0.22408193349838257,0.2298678159713745,0.01993471384048462,0.009967395016523412,0.0,0.0,6
20.0,PINN Vanilla,0.2264599357843401,0.09655503615090062,0.02426828979952842,0.026238618829455385,0.22427716851234436,0.23008212447166443,0.020002126693725586,0.010001101571973384,0.0,0.0,6
20.1,PINN Vanilla,0.2266589673459532,0.09576101463286213,0.024070254624822603,0.026050999578855427,0.22447091341018677,0.23029625415802002,0.020070195198059082,0.010035135954222604,0.0,0.0,7
20.200000000000003,PINN Vanilla,0.2268574835360052,0.09496904915109235,0.023872760231672494,0.02586439569442217,0.22466331720352173,0.230508953332901,0.02013576030731201,0.010067918634147424,0.0,0.0,5
20.3,PINN Vanilla,0.2270554519891741,0.09417926882462105,0.023675836552168837,0.025679199469911207,0.2248542606830597,0.23072117567062378,0.02019980549812317,0.010099941351946713,0.0,0.0,5
20.400000000000002,PINN Vanilla,0.22725283709168453,0.09339181573193928,0.023479522427025827,0.025495331377638597,0.22504356503486633,0.23093289136886597,0.02026355266571045,0.010131815057564525,0.0,0.0,7
20.5,PINN Vanilla,0.22744961374998113,0.0926067899819081,0.02328384077446721,0.02531241661277578,0.22523152828216553,0.23114359378814697,0.02032366394996643,0.010161870814568326,0.0,0.0,5
20.6,PINN Vanilla,0.22764575183391592,0.09182431177649765,0.02308882362240511,0.02513073150436329,0.2254180610179901,0.2313535213470459,0.020381629467010498,0.010190853683865495,0.0,0.0,5
20.700000000000003,PINN Vanilla,0.22784125074744244,0.09104438349359067,0.022894470519974022,0.024950578820746583,0.2256031632423401,0.23156237602233887,0.020437091588974,0.010218584850838262,0.0,0.0,5
20.8,PINN Vanilla,0.22803606000542662,0.09026720653985086,0.022700833305416862,0.024771901344862013,0.2257865071296692,0.23177069425582886,0.020493894815444946,0.010246986572627672,0.0,0.0,5
20.900000000000002,PINN Vanilla,0.22823015516996403,0.08949287840846878,0.022507935965255136,0.02459385841758871,0.2259690761566162,0.231977641582489,0.02054455876350403,0.010272318643478669,0.0,0.0,5
21.0,PINN Vanilla,0.228423522770405,0.08872145283959311,0.022315793249526334,0.024417424615593708,0.22614949941635132,0.232183575630188,0.020595580339431763,0.010297829528947438,0.0,0.0,5
21.1,PINN Vanilla,0.22861615878343602,0.08795294588393197,0.0221244086691107,0.024242334233607832,0.22632887959480286,0.2323886752128601,0.020644277334213257,0.01032217811940069,0.0,0.0,7
21.200000000000003,PINN Vanilla,0.22880800381302854,0.08718759449749557,0.021933842100554282,0.024068486560982816,0.22650650143623352,0.23259273171424866,0.02069169282913208,0.010345885957473593,0.0,0.0,5
21.3,PINN Vanilla,0.22899907010793707,0.08642534981479459,0.021744082627616186,0.023895760737204008,0.22668308019638062,0.2327955663204193,0.02073696255683899,0.010368520907839865,0.0,0.0,5
21.400000000000002,PINN Vanilla,0.2291893122792246,0.08566639291159603,0.02155517534732363,0.02372451988433605,0.2268579602241516,0.23299744725227356,0.0207805335521698,0.010390306488771723,0.0,0.0,5
21.5,PINN Vanilla,0.22937873044610044,0.08491072331232317,0.02136712126439391,0.023554603957884057,0.22703126072883606,0.23319792747497559,0.020822376012802124,0.010411227799051015,0.0,0.0,5
21.6,PINN Vanilla,0.2295673088133337,0.08415840403086747,0.02117993540405333,0.023385239074153408,0.22720381617546082,0.23339751362800598,0.020860254764556885,0.010430167247316673,0.0,0.0,5
21.700000000000003,PINN Vanilla,0.2297550108730795,0.08340958071254356,0.020993656811359566,0.02321777675213127,0.22737455368041992,0.23359563946723938,0.020897656679153442,0.010448868276091967,0.0,0.0,5
21.8,PINN Vanilla,0.22994182887673398,0.08266428426982662,0.02080829101430503,0.023051612386944698,0.22754380106925964,0.23379257321357727,0.020934075117111206,0.010467077564668388,0.0,0.0,5
21.900000000000002,PINN Vanilla,0.2301277594268324,0.08192252825664789,0.020623844336226237,0.022886691251397973,0.22771179676055908,0.23398849368095398,0.020968645811080933,0.010484362977719658,0.0,0.0,5
22.0,PINN Vanilla,0.23031278386712095,0.0811843871007355,0.02044033510278577,0.02272295845870531,0.2278784215450287,0.23418286442756653,0.021000415086746216,0.010500247676265046,0.0,0.0,5
22.1,PINN Vanilla,0.23049687963724158,0.08044995080494942,0.02025778715226615,0.02256051532328346,0.22804343700408936,0.23437604308128357,0.021031290292739868,0.010515685338266008,0.0,0.0,5
22.200000000000003,PINN Vanilla,0.23068003845214866,0.07971925242185905,0.020077363730786994,0.022399010210328307,0.22820740938186646,0.23456808924674988,0.021059423685073853,0.010529752088197383,0.0,0.0,5
22.3,PINN Vanilla,0.2308622228205206,0.07899244152028569,0.01989563699133026,0.022239098154022086,0.2283700704574585,0.23475855588912964,0.021084517240524292,0.010542298913877701,0.0,0.0,5
22.400000000000002,PINN Vanilla,0.23104345986247082,0.07826940990656675,0.01971604642157668,0.022080364806958075,0.22853106260299683,0.23494768142700195,0.0211104154586792,0.010555248072448004,0.0,0.0,5
22.5,PINN Vanilla,0.23122372922301312,0.07755023878539619,0.01953745891073698,0.021922671207703137,0.22869092226028442,0.23513561487197876,0.021133244037628174,0.0105666624055491,0.0,0.0,9
22.6,PINN Vanilla,0.23140300807356856,0.076835019229681,0.01935989801431987,0.021766378236154793,0.22884947061538696,0.23532238602638245,0.021154314279556274,0.010577197566779484,0.0,0.0,5
22.700000000000003,PINN Vanilla,0.23158127862215064,0.07612382221921964,0.01918337958081329,0.021611272822171457,0.22900673747062683,0.235507071018219,0.021173030138015747,0.010586555531776206,0.0,0.0,5
22.8,PINN Vanilla,0.2317585603594782,0.0754165699972481,0.01900788716512783,0.02145771615884029,0.22916221618652344,0.23569071292877197,0.02119046449661255,0.010595272744392578,0.0,0.0,5
22.900000000000002,PINN Vanilla,0.23193481761217138,0.0747134048800453,0.01883345823845219,0.02130488784804896,0.22931700944900513,0.23587313294410706,0.021205872297286987,0.01060297667417491,0.0,0.0,5
23.0,PINN Vanilla,0.23211005958914777,0.07401429012932383,0.018660082340279768,0.021153518461371312,0.22947022318840027,0.23605388402938843,0.02122044563293457,0.01061026336984911,0.0,0.0,5
23.1,PINN Vanilla,0.23228427544236205,0.07331926902254843,0.018487771827606227,0.021003220143568646,0.2296222448348999,0.23623332381248474,0.021232128143310547,0.010616104647362986,0.0,0.0,5
23.200000000000003,PINN Vanilla,0.23245744237303753,0.07262843251373233,0.0183165498983887,0.020854237113720586,0.22977298498153687,0.2364112138748169,0.021242350339889526,0.010621215765187628,0.0,0.0,5
23.3,PINN Vanilla,0.23262956047058125,0.07194178024619284,0.018146417129432248,0.020706592642332433,0.22992214560508728,0.23658770322799683,0.021251261234283447,0.010625671229413774,0.0,0.0,5
23.400000000000002,PINN Vanilla,0.23280063250660918,0.07125930116277553,0.01797737368242624,0.020560141373240193,0.23007020354270935,0.23676270246505737,0.021258115768432617,0.010629098509587733,0.0,0.0,7
23.5,PINN Vanilla,0.23297065395116826,0.07058101333538902,0.017809422680010636,0.020414665680570543,0.2302171289920807,0.23693621158599854,0.021262317895889282,0.01063119958134655,0.0,0.0,5
23.6,PINN Vanilla,0.23313960933685324,0.06990697847008887,0.017642580583732862,0.020270464530945664,0.23036280274391174,0.2371082305908203,0.021265000104904175,0.010632540690979839,0.0,0.0,5
23.700000000000003,PINN Vanilla,0.23330750504136105,0.06923717112353053,0.017476842776217423,0.02012758244762325,0.23050695657730103,0.23727884888648987,0.021267563104629517,0.010633822195740536,0.0,0.0,5
23.8,PINN Vanilla,0.23347431403398536,0.06857169913269376,0.017312238706835337,0.019985719799024304,0.2306501269340515,0.23744764924049377,0.021266579627990723,0.010633330455541663,0.0,0.0,5
23.900000000000002,PINN Vanilla,0.23364006298780463,0.06791045608732843,0.017148738467935246,0.019844978012247216,0.23079204559326172,0.23761510848999023,0.021263927221298218,0.010632004247126523,0.0,0.0,5
24.0,PINN Vanilla,0.23380471679568313,0.06725358204472484,0.016986382686589054,0.019705610485189762,0.23093277215957642,0.23778116703033447,0.021260201930999756,0.010630141594858068,0.0,0.0,5
24.1,PINN Vanilla,0.2339683088362219,0.0666009438434524,0.016825136119456286,0.019567377288891075,0.2310720682144165,0.23794573545455933,0.02125576138496399,0.010627921313354069,0.0,0.0,5
24.200000000000003,PINN Vanilla,0.2341308067739012,0.0659526704836471,0.016665031965339402,0.01943023144322914,0.2312103509902954,0.2381083071231842,0.021247953176498413,0.010624017194199385,0.0,0.0,5
24.3,PINN Vanilla,0.2342922130227091,0.06530875233488387,0.01650607310037966,0.019294141521586095,0.23134741187095642,0.23827004432678223,0.02123931050300598,0.010619695840936569,0.0,0.0,5
24.400000000000002,PINN Vanilla,0.23445254269242308,0.06466912911783672,0.01634823850061102,0.019159285066760123,0.2314833104610443,0.23842990398406982,0.02122819423675537,0.010614137686567496,0.0,0.0,5
24.5,PINN Vanilla,0.23461177921295187,0.0640338669376443,0.016191551810844113,0.019025515129957926,0.23161807656288147,0.2385881245136261,0.02121594548225403,0.010608013285908815,0.0,0.0,5
24.6,PINN Vanilla,0.23476993274688743,0.06340292525140677,0.016036002156704046,0.018892922964326042,0.23175162076950073,0.23874500393867493,0.021202385425567627,0.010601233231651637,0.0,0.0,7
24.700000000000003,PINN Vanilla,0.23492700091004393,0.06277631357065498,0.01588159131717359,0.018761257299959755,0.23188409209251404,0.23889997601509094,0.021185964345932007,0.010593022660452284,0.0,0.0,5
24.8,PINN Vanilla,0.23508295810222646,0.06215413402545042,0.01572834841169593,0.018631028671618977,0.2320151925086975,0.23905405402183533,0.021169424057006836,0.01058475248438034,0.0,0.0,5
24.900000000000002,PINN Vanilla,0.23523783937096618,0.061536246796290765,0.015576238687185596,0.018501608700105643,0.2321452498435974,0.2392059862613678,0.021150320768356323,0.0105752008035477,0.0,0.0,9
25.0,PINN Vanilla,0.23539162957668325,0.060922712281396625,0.015425279722576828,0.018373340773095104,0.2322743535041809,0.2393569052219391,0.021130025386810303,0.010565053073989155,0.0,0.0,7
25.1,PINN Vanilla,0.23554432755708715,0.06031353511763901,0.01527547048743572,0.018246280615337895,0.23240214586257935,0.2395058572292328,0.02110782265663147,0.010553951666469158,0.0,0.0,5
25.200000000000003,PINN Vanilla,0.2356959434747698,0.05970867476211816,0.015126806565408813,0.018120467292145503,0.23252859711647034,0.23965361714363098,0.021085530519485474,0.01054280555529472,0.0,0.0,5
25.3,PINN Vanilla,0.23584645891189596,0.05910820469140918,0.014979303957885721,0.01799513263504776,0.2326546311378479,0.2397995889186859,0.021059781312942505,0.010529930902815156,0.0,0.0,5
25.400000000000002,PINN Vanilla,0.23599588787555714,0.05851206902526887,0.014832952513859504,0.017871530013841008,0.23277881741523743,0.2399442493915558,0.02103462815284729,0.010517354274698543,0.0,0.0,5
25.5,PINN Vanilla,0.2361442375779154,0.05792023899131662,0.014687744450160153,0.017748460018999046,0.23290252685546875,0.24008694291114807,0.021004557609558105,0.01050231894558757,0.0,0.0,5
25.6,PINN Vanilla,0.23629151916503927,0.05733267012314612,0.014543671190674094,0.01762667208100438,0.23302492499351501,0.24022847414016724,0.020976245403289795,0.010488162788347306,0.0,0.0,5
25.700000000000003,PINN Vanilla,0.2364376959204676,0.0567495088983311,0.014400771009832686,0.017506060935234213,0.2331460416316986,0.24036845564842224,0.020945817232131958,0.010472948644618561,0.0,0.0,5
25.8,PINN Vanilla,0.23658280858397504,0.05617059278858982,0.01425900486211234,0.01738629153204424,0.2332664430141449,0.24050676822662354,0.020913273096084595,0.010456676514401332,0.0,0.0,5
25.900000000000002,PINN Vanilla,0.23672684565186522,0.05559596768705797,0.014118382250413102,0.017267437637266014,0.23338568210601807,0.24064356088638306,0.020878493785858154,0.010439286792823032,0.0,0.0,5
26.0,PINN Vanilla,0.2368698152303698,0.05502560125453108,0.013978901141943844,0.0171500189077749,0.23350360989570618,0.2407790720462799,0.02084362506866455,0.010421852367590287,0.0,0.0,5
26.1,PINN Vanilla,0.23701170930266402,0.054459525473531376,0.01384056829470645,0.0170331049586947,0.23362094163894653,0.24091291427612305,0.02080714702606201,0.010403613276577569,0.0,0.0,5
26.200000000000003,PINN Vanilla,0.2371525471210482,0.05389766353844788,0.013703368825982009,0.016917555119630168,0.23373699188232422,0.24104547500610352,0.02077096700668335,0.010385523197746329,0.0,0.0,5
26.3,PINN Vanilla,0.23729230710864088,0.05334010152863405,0.013567321631876461,0.01680319341239961,0.23385176062583923,0.24117612838745117,0.020731031894683838,0.010365555565428484,0.0,0.0,5
26.400000000000002,PINN Vanilla,0.23743101257085822,0.052786746468876586,0.013432408924845431,0.016689204258540258,0.2339661419391632,0.24130550026893616,0.020689815282821655,0.01034494718073029,0.0,0.0,7
26.5,PINN Vanilla,0.2375686627328398,0.05223760145042306,0.01329863122611014,0.01657671498687041,0.2340790033340454,0.24143335223197937,0.0206490159034729,0.010324547413086166,0.0,0.0,5
26.6,PINN Vanilla,0.23770527133345626,0.05169261166307745,0.013165975112321234,0.016464804485411266,0.23419126868247986,0.24155977368354797,0.02060532569885254,0.010302702227281718,0.0,0.0,7
26.700000000000003,PINN Vanilla,0.2378408330678942,0.05115179826999571,0.013034451576765289,0.01635416086152608,0.23430225253105164,0.2416846752166748,0.02056187391281128,0.010280976251222452,0.0,0.0,7
26.8,PINN Vanilla,0.23797534859180472,0.05061515865550681,0.012904057479965751,0.016244451328899012,0.2344123125076294,0.24180817604064941,0.020516127347946167,0.010258102881365817,0.0,0.0,5
26.900000000000002,PINN Vanilla,0.23810880956053754,0.050082726109968556,0.012774803404208819,0.016135648830929716,0.23452144861221313,0.2419302761554718,0.020470142364501953,0.010235110301764,0.0,0.0,5
27.0,PINN Vanilla,0.23824125811457655,0.0495543325170745,0.012646650592530851,0.016027822593632113,0.2346295416355133,0.24205049872398376,0.02042219042778015,0.010211134241764439,0.0,0.0,5
27.1,PINN Vanilla,0.2383726689219477,0.04903007893683918,0.012519624164465356,0.015920788936959918,0.234736829996109,0.2421698272228241,0.02037319540977478,0.010186636639129712,0.0,0.0,5
27.200000000000003,PINN Vanilla,0.23850306373834632,0.048509878576544326,0.012393708600565451,0.015814536025574588,0.23484337329864502,0.24228733777999878,0.020322978496551514,0.01016152808655093,0.0,0.0,5
27.3,PINN Vanilla,0.238632429122925,0.047993785057444664,0.012268912847642715,0.015709699457304493,0.23494848608970642,0.24240335822105408,0.020271748304367065,0.010135912892555127,0.0,0.0,5
27.400000000000002,PINN Vanilla,0.2387607746720316,0.047481760095628794,0.012145234955443864,0.015605699067573697,0.2350527048110962,0.24251821637153625,0.020220428705215454,0.010110252994904883,0.0,0.0,5
27.5,PINN Vanilla,0.23888811609149,0.04697374103388784,0.012022654883956053,0.015502046305045258,0.2351565659046173,0.24263137578964233,0.02016785740852356,0.010083967246092437,0.0,0.0,5
27.6,PINN Vanilla,0.23901444748044035,0.046469751413260436,0.011901186318870102,0.015399766368816459,0.23525908589363098,0.24274331331253052,0.020112663507461548,0.010056370190082998,0.0,0.0,7
27.700000000000003,PINN Vanilla,0.2391397872567179,0.04596971775717145,0.011780809798767175,0.015298239218310195,0.23536080121994019,0.24285387992858887,0.02005907893180847,0.010029577799853534,0.0,0.0,5
27.8,PINN Vanilla,0.23926413825154325,0.04547362877067814,0.01166152366619218,0.015197615106005369,0.23546168208122253,0.242963045835495,0.020001888275146484,0.010000982362228203,0.0,0.0,5
27.900000000000002,PINN Vanilla,0.23938749212026617,0.0449815177441381,0.011543338782984448,0.015098027654956936,0.23556140065193176,0.24307045340538025,0.019947201013565063,0.009973638626927274,0.0,0.0,13
28.0,PINN Vanilla,0.23950985777378103,0.04449334912820513,0.011426248742417234,0.014999132866284903,0.23566049337387085,0.24317708611488342,0.01989269256591797,0.009946384298935232,0.0,0.0,13
28.1,PINN Vanilla,0.23963125434517882,0.044009046592844867,0.011310237765733968,0.014901122165178193,0.2357586920261383,0.24328193068504333,0.019843578338623047,0.009921827091427913,0.0,0.0,11
28.200000000000003,PINN Vanilla,0.23975166806578657,0.04352866506714751,0.011195317290855725,0.01480405169568294,0.23585590720176697,0.2433854639530182,0.019798308610916138,0.00989919214106164,0.0,0.0,9
28.3,PINN Vanilla,0.2398711328804495,0.04305206913069376,0.011081457977521329,0.01470769238730274,0.2359524369239807,0.24348777532577515,0.019756019115447998,0.009878047312510132,0.0,0.0,9
28.400000000000002,PINN Vanilla,0.2399896173477175,0.04257938421679552,0.010968694298593394,0.014612158820981547,0.2360481321811676,0.24358877539634705,0.019715934991836548,0.009858005174101549,0.0,0.0,9
28.5,PINN Vanilla,0.24010715058445953,0.042110494165883465,0.010856995412524592,0.014517748812594655,0.23614266514778137,0.24368786811828613,0.019674837589263916,0.009837456394275947,0.0,0.0,11
28.6,PINN Vanilla,0.24022373634576819,0.04164538399729662,0.010746364424691327,0.014424078014224628,0.23623645305633545,0.24378642439842224,0.019638627767562866,0.009819351414226558,0.0,0.0,7
28.700000000000003,PINN Vanilla,0.24033937147259735,0.041184066313813106,0.010636802226506852,0.014330876925545966,0.2363297939300537,0.243882954120636,0.019600242376327515,0.009800158645252391,0.0,0.0,7
28.8,PINN Vanilla,0.240454068541527,0.04072649094210833,0.01052830087514557,0.014238594903391855,0.23642218112945557,0.24397847056388855,0.01956474781036377,0.009782411294438546,0.0,0.0,9
28.900000000000002,PINN Vanilla,0.24056784453988098,0.04027259011252547,0.01042084564751483,0.014147377238574232,0.23651352524757385,0.244072824716568,0.01953074336051941,0.009765409004532084,0.0,0.0,11
29.0,PINN Vanilla,0.24068067950010322,0.03982244348413476,0.010314458489311786,0.014056868168189185,0.23660415410995483,0.24416562914848328,0.019498556852340698,0.009749315688932628,0.0,0.0,9
29.1,PINN Vanilla,0.2407926079928877,0.03937591313974013,0.010209105872756731,0.01396715740725224,0.23669397830963135,0.2442571520805359,0.019467443227767944,0.009733758817186485,0.0,0.0,9
29.200000000000003,PINN Vanilla,0.24090360280871412,0.03893310762968636,0.010104814071315039,0.01387828110541467,0.23678293824195862,0.24434766173362732,0.019437789916992188,0.009718932105129578,0.0,0.0,7
29.3,PINN Vanilla,0.24101369872689268,0.03849388820451841,0.010001555363898426,0.013789758331842428,0.23687154054641724,0.2444368600845337,0.01940786838531494,0.009703971282109343,0.0,0.0,7
29.400000000000002,PINN Vanilla,0.2411228851079943,0.038058297309442414,0.009899341952366721,0.013702587102961128,0.2369588315486908,0.24452462792396545,0.019380241632461548,0.009690157852886476,0.0,0.0,9
29.5,PINN Vanilla,0.24123117470741293,0.03762628405776874,0.009798160551696663,0.013615911328593577,0.237045556306839,0.24461111426353455,0.019351959228515625,0.00967601659686436,0.0,0.0,9
29.6,PINN Vanilla,0.24133856809139273,0.037197846190508796,0.009698013458603978,0.01352993029388666,0.23713162541389465,0.24469634890556335,0.019326239824295044,0.009663156845602944,0.0,0.0,7
29.700000000000003,PINN Vanilla,0.2414450783431532,0.03677293151313761,0.009598891424601458,0.013444898108193215,0.2372167408466339,0.24478048086166382,0.01930147409439087,0.00965077393332225,0.0,0.0,7
29.8,PINN Vanilla,0.24155070742964765,0.036351532178642225,0.009500793267288475,0.013360576581900707,0.23730114102363586,0.244863361120224,0.019278228282928467,0.009639150983167089,0.0,0.0,7
29.900000000000002,PINN Vanilla,0.24165546065568946,0.03593362702386666,0.009403717995352886,0.013276887879333066,0.2373848855495453,0.24494501948356628,0.019255399703979492,0.009627736650065992,0.0,0.0,7
30.0,PINN Vanilla,0.2417593385279181,0.03551921402761074,0.009307663005998203,0.013194197583481615,0.23746764659881592,0.2450256645679474,0.01923462748527527,0.009617350501017084,0.0,0.0,7
30.1,PINN Vanilla,0.24186236742138884,0.03510818796856543,0.009212605771707056,0.013111813981800668,0.23755007982254028,0.24512028694152832,0.0192146897315979,0.009607381586076309,0.0,0.0,7
30.200000000000003,PINN Vanilla,0.24196453118324301,0.03470061328735147,0.009118567107202517,0.013030547022714556,0.2376314103603363,0.24523597955703735,0.01919505000114441,0.009597561683317012,0.0,0.0,9
30.3,PINN Vanilla,0.24206582963466666,0.03429649069733377,0.009025545053447744,0.012949751249829444,0.23771223425865173,0.24535062909126282,0.019175976514816284,0.009588024903702518,0.0,0.0,7
30.400000000000002,PINN Vanilla,0.24216629427671454,0.033895694527412146,0.008933517164006907,0.012869685768571615,0.23779237270355225,0.2454647421836853,0.019157350063323975,0.00957871164236024,0.0,0.0,9
30.5,PINN Vanilla,0.24226591774821302,0.03349825414443786,0.008842485442332515,0.012790361160186448,0.23787173628807068,0.24557825922966003,0.019143104553222656,0.009571588860085667,0.0,0.0,7
30.6,PINN Vanilla,0.24236470279097577,0.033104158610150425,0.008752452340034656,0.012711525567511706,0.2379506230354309,0.2456909716129303,0.01912626624107361,0.009563169671832246,0.0,0.0,7
30.700000000000003,PINN Vanilla,0.2424626632332804,0.03271335275767143,0.008663408902022472,0.012633746131683943,0.23802843689918518,0.24580320715904236,0.019114196300506592,0.009557134678482451,0.0,0.0,7
30.8,PINN Vanilla,0.24255978986620924,0.0323258733252885,0.008575357663939522,0.012556574110702379,0.2381056547164917,0.24591469764709473,0.01910117268562317,0.00955062284615193,0.0,0.0,7
30.900000000000002,PINN Vanilla,0.24265610054135345,0.031941649095415005,0.008488293237018383,0.012479744255650682,0.23818251490592957,0.2460254430770874,0.019088268280029297,0.009544170618694,0.0,0.0,9
31.0,PINN Vanilla,0.242751590639353,0.03156069849664193,0.008402218679118972,0.012403836621783793,0.2382584512233734,0.24613550305366516,0.01907685399055481,0.009538463452143452,0.0,0.0,7
31.1,PINN Vanilla,0.24284629833698293,0.031182869225582777,0.008317098525399698,0.012328773681534178,0.2383335530757904,0.2462449073791504,0.01906806230545044,0.009534067592789896,0.0,0.0,7
31.200000000000003,PINN Vanilla,0.24294018283486388,0.03080832404830772,0.008232973146404901,0.01225405463577861,0.23840829730033875,0.2463536560535431,0.019059836864471436,0.009529954856581146,0.0,0.0,9
31.3,PINN Vanilla,0.2430332757830622,0.030436936699246006,0.008149813281925936,0.012179930234543446,0.23848244547843933,0.24646177887916565,0.019052833318710327,0.00952645307031645,0.0,0.0,9
31.400000000000002,PINN Vanilla,0.24312557432055495,0.030068718592234422,0.00806763122596168,0.01210676870346411,0.2385556399822235,0.24656924605369568,0.019047200679779053,0.009523636740086544,0.0,0.0,9
31.5,PINN Vanilla,0.2432170954346659,0.029703601957616364,0.00798640181826894,0.012034409785492528,0.23862802982330322,0.24667584896087646,0.019040584564208984,0.009520328669657767,0.0,0.0,7
31.6,PINN Vanilla,0.24330782580375693,0.02934163994107004,0.00790614607191112,0.011962277574776192,0.23870018124580383,0.24678203463554382,0.01903781294822693,0.009518942856370036,0.0,0.0,7
31.700000000000003,PINN Vanilla,0.24339778214693092,0.028982765842985782,0.007826846189300506,0.011890839100756556,0.23877164721488953,0.24688714742660522,0.019034117460250854,0.009517095105319728,0.0,0.0,9
31.8,PINN Vanilla,0.24348697403073333,0.028626941498346572,0.007748500827406972,0.011820233329943308,0.23884227871894836,0.24699163436889648,0.01903223991394043,0.009516156328576426,0.0,0.0,11
31.900000000000002,PINN Vanilla,0.24357540234923383,0.028274163340328347,0.0076711054599019534,0.011749795992852197,0.23891273140907288,0.24709579348564148,0.019031137228012085,0.009515604983504964,0.0,0.0,9
32.0,PINN Vanilla,0.24366305947303793,0.027924461805829436,0.007594673378599352,0.011680520020825369,0.23898202180862427,0.24719920754432678,0.019032388925552368,0.009516230834667164,0.0,0.0,9
32.1,PINN Vanilla,0.24374997684359573,0.027577711461537945,0.007519169913908742,0.011611549253444542,0.23905101418495178,0.24730175733566284,0.019033223390579224,0.009516648068775299,0.0,0.0,9
32.2,PINN Vanilla,0.24383613333106063,0.027233996603395344,0.007444623651763615,0.011543411508900148,0.23911917209625244,0.24740362167358398,0.019036084413528442,0.009518078585717472,0.0,0.0,9
32.300000000000004,PINN Vanilla,0.2439215570986273,0.02689320487644446,0.007371008178490858,0.011475562958870977,0.23918703198432922,0.2475048303604126,0.01903975009918213,0.009519911435549634,0.0,0.0,7
32.4,PINN Vanilla,0.24400622668862365,0.02655542188446213,0.007298345496443995,0.011408518347101215,0.23925408720970154,0.24760544300079346,0.01904505491256714,0.009522563852379914,0.0,0.0,9
32.5,PINN Vanilla,0.2440901678502562,0.02622054490291611,0.0072266119520452065,0.011341725274074788,0.23932090401649475,0.2477053701877594,0.019049108028411865,0.009524590418047993,0.0,0.0,9
32.6,PINN Vanilla,0.2441733852028849,0.02588855550321562,0.007155803800334265,0.01127607286772575,0.23938655853271484,0.24780449271202087,0.019056349992752075,0.009528211414057871,0.0,0.0,7
32.7,PINN Vanilla,0.24425586360693,0.025559514083580946,0.007085941980810682,0.011210797158216601,0.23945185542106628,0.2479030191898346,0.019066274166107178,0.009533173519701036,0.0,0.0,11
32.800000000000004,PINN Vanilla,0.24433764702081703,0.025233245275163574,0.007016980387681993,0.011146014256573522,0.23951664566993713,0.2480010986328125,0.019075751304626465,0.009537912107071988,0.0,0.0,7
32.9,PINN Vanilla,0.24441869613528272,0.024909905899327203,0.006948962402630248,0.01108206529865835,0.23958060145378113,0.2480984628200531,0.0190870463848114,0.009543559668749946,0.0,0.0,7
33.0,PINN Vanilla,0.24449904343485854,0.024589366361464866,0.006881854800506908,0.011018389744379853,0.23964428901672363,0.24819499254226685,0.019097864627838135,0.00954896881093754,0.0,0.0,7
33.1,PINN Vanilla,0.24457867872715017,0.02427166732337082,0.006812222661673688,0.010955005854315136,0.23970767855644226,0.248291015625,0.019110172986984253,0.009555123014032519,0.0,0.0,9
33.2,PINN Vanilla,0.24465760937333128,0.023956779418193675,0.006746911023683442,0.010892640057152791,0.2397700548171997,0.24838611483573914,0.019124835729599,0.00956245441336116,0.0,0.0,7
33.300000000000004,PINN Vanilla,0.24473585852980637,0.023644610265190918,0.006682497717782917,0.01083068563970535,0.23983201384544373,0.24848073720932007,0.019139498472213745,0.0095697858126898,0.0,0.0,11
33.4,PINN Vanilla,0.24481340497732185,0.023335244516986486,0.006619001528762353,0.010769480750010607,0.23989322781562805,0.24857458472251892,0.019157350063323975,0.00957871164236024,0.0,0.0,9
33.5,PINN Vanilla,0.244890269815922,0.023028597996533062,0.006560050734236509,0.010708628103309192,0.23995408415794373,0.24866807460784912,0.019174396991729736,0.009587235139140693,0.0,0.0,9
33.6,PINN Vanilla,0.24496644032001516,0.022724721471626,0.0064984176088295304,0.01064798822135915,0.24001473188400269,0.24876073002815247,0.019190698862075806,0.009595386105467455,0.0,0.0,11
33.7,PINN Vanilla,0.24504194509983085,0.022423500803896147,0.006437672668445242,0.010588416270515488,0.2400743067264557,0.2488524615764618,0.01921027898788452,0.009605176205790458,0.0,0.0,9
33.800000000000004,PINN Vanilla,0.24511677271127721,0.02212498164869134,0.006377831036543094,0.010528848168618432,0.2401338815689087,0.24894371628761292,0.01923137903213501,0.00961572626823899,0.0,0.0,15
33.9,PINN Vanilla,0.24519092997908615,0.021829136779254518,0.006318884210112854,0.010470348397216167,0.24019238352775574,0.24903461337089539,0.01925477385520935,0.009627423724484892,0.0,0.0,9
34.0,PINN Vanilla,0.24526441946625732,0.021535955970690312,0.006260829085151987,0.010411852195517324,0.24025088548660278,0.2491244375705719,0.019277513027191162,0.009638793353931545,0.0,0.0,11
34.1,PINN Vanilla,0.24533725383877775,0.02124538869299157,0.006203655390963223,0.01035416013033219,0.24030858278274536,0.24921387434005737,0.01930069923400879,0.009650386501650413,0.0,0.0,11
34.2,PINN Vanilla,0.24540943011641525,0.020957446835571485,0.006147373507749739,0.010297175799854563,0.24036556482315063,0.2493024468421936,0.019326865673065186,0.009663469771184045,0.0,0.0,11
34.300000000000004,PINN Vanilla,0.24548095881938956,0.020672088428800875,0.006091967632891662,0.01024010890515653,0.24042263627052307,0.24939066171646118,0.019353389739990234,0.00967673185533545,0.0,0.0,11
34.4,PINN Vanilla,0.2455518223643305,0.02038938362021888,0.006037453152270247,0.010184319822772125,0.24047842621803284,0.24947819113731384,0.01938268542289734,0.009691379752774584,0.0,0.0,11
34.5,PINN Vanilla,0.2456220588386061,0.02010918046312168,0.005983802975653389,0.010128414482146797,0.24053433537483215,0.24956494569778442,0.019410371780395508,0.009705222984433746,0.0,0.0,13
34.6,PINN Vanilla,0.24569164377450964,0.01983157656959379,0.005931031292099272,0.010073191209154397,0.24058955907821655,0.2496509850025177,0.01944047212600708,0.009720273214762867,0.0,0.0,11
34.7,PINN Vanilla,0.24576059737801573,0.019556491329411844,0.005879127717527875,0.010018477309266194,0.24064427614212036,0.24973681569099426,0.019472986459732056,0.009736530443761948,0.0,0.0,11
34.800000000000004,PINN Vanilla,0.2458289215862753,0.019283917014457155,0.005828089547675883,0.009964090879593601,0.2406986653804779,0.24982163310050964,0.019506633281707764,0.009753353919050639,0.0,0.0,15
34.9,PINN Vanilla,0.2458966141641142,0.01901386254178984,0.005777915591018065,0.009910655151268932,0.24075210094451904,0.24990594387054443,0.019542008638381958,0.009771041664991894,0.0,0.0,11
35.0,PINN Vanilla,0.2459636775851252,0.018746318043196666,0.005728605215021323,0.009857249126526468,0.2408055067062378,0.24998965859413147,0.019579559564590454,0.009789817199857926,0.0,0.0,11
35.1,PINN Vanilla,0.2460301244854929,0.01848123310756474,0.0056801428936351815,0.009804501095994456,0.240858256816864,0.25007250905036926,0.01961570978164673,0.00980789237747102,0.0,0.0,7
35.2,PINN Vanilla,0.24609594634175322,0.018218641738616356,0.005632547563670381,0.009752378633836545,0.2409103810787201,0.25015512108802795,0.01965537667274475,0.009827725898825536,0.0,0.0,9
35.300000000000004,PINN Vanilla,0.24616117027401946,0.01795843574268918,0.005585788799387286,0.009700492090390755,0.24096226692199707,0.2502368986606598,0.019692957401275635,0.009846516334909716,0.0,0.0,5
35.4,PINN Vanilla,0.24622576454281828,0.01770074174203654,0.005539884482137831,0.009648935458170027,0.24101382493972778,0.25031808018684387,0.019731730222702026,0.009865902819719802,0.0,0.0,5
35.5,PINN Vanilla,0.24628977569937727,0.017445374024020188,0.0054948038207144655,0.009598002383817084,0.24106475710868835,0.25039881467819214,0.01977136731147766,0.009885721439856169,0.0,0.0,5
35.6,PINN Vanilla,0.24635316771268867,0.017192476331648755,0.005450575563688693,0.009547426889644162,0.24111533164978027,0.2504788339138031,0.019811511039733887,0.009905793380701047,0.0,0.0,5
35.7,PINN Vanilla,0.24641596937179588,0.01694193381318839,0.005407175862924369,0.009497451190409623,0.24116531014442444,0.2505580484867096,0.01985269784927368,0.009926386864181092,0.0,0.0,9
35.800000000000004,PINN Vanilla,0.24647817245125792,0.016693779283420293,0.005364606840857247,0.009447767715092259,0.24121499061584473,0.2506367266178131,0.01989421248435974,0.009947144261060761,0.0,0.0,7
35.9,PINN Vanilla,0.24653978785872482,0.016447969227090947,0.00532285998740112,0.009398683894405568,0.24126407504081726,0.25071483850479126,0.019935965538024902,0.009968020867685612,0.0,0.0,7
36.0,PINN Vanilla,0.24660081005096457,0.016204525758509683,0.005281935330840416,0.009349927729232876,0.24131283164024353,0.2507922649383545,0.019977331161499023,0.009988703758474543,0.0,0.0,9
36.1,PINN Vanilla,0.24666124248504662,0.01596343508595663,0.005241830791156313,0.009301497631089506,0.24136126041412354,0.25086942315101624,0.020021557807922363,0.010010817166205648,0.0,0.0,5
36.2,PINN Vanilla,0.2467211031317713,0.015724625516268863,0.00520253752743145,0.009253872181983536,0.24140888452529907,0.25094544887542725,0.020063847303390503,0.010031961994757156,0.0,0.0,5
36.300000000000004,PINN Vanilla,0.24678038060665153,0.015488142467005696,0.005164036073151385,0.009206127513027795,0.24145662784576416,0.2510214149951935,0.020108282566070557,0.010054179711015295,0.0,0.0,7
36.4,PINN Vanilla,0.24683909192681333,0.015253918049616363,0.005126354380157303,0.009159397529059088,0.24150335788726807,0.2510964274406433,0.020152360200881958,0.010076218612655662,0.0,0.0,7
36.5,PINN Vanilla,0.24689722752571128,0.015021990429117883,0.005089457905488894,0.00911290584097163,0.24154984951019287,0.2511710226535797,0.02019760012626648,0.010098838661803788,0.0,0.0,9
36.6,PINN Vanilla,0.2469547756612303,0.014792406449799412,0.0050533698039802585,0.00906671076721155,0.2415960431098938,0.25124508142471313,0.02024337649345398,0.010121726932878569,0.0,0.0,7
36.7,PINN Vanilla,0.24701179283857366,0.014564940688381905,0.005018044519444179,0.00902117259140267,0.2416415810585022,0.2513186037540436,0.020288914442062378,0.01014449599420817,0.0,0.0,5
36.800000000000004,PINN Vanilla,0.2470682150721552,0.014339848410572084,0.004983518355871007,0.008975662930477635,0.2416870892047882,0.25139138102531433,0.020335376262664795,0.01016772699330035,0.0,0.0,5
36.9,PINN Vanilla,0.24712409228086493,0.014116930468694623,0.004949769099200805,0.00893069086181536,0.24173206090927124,0.2514633238315582,0.02038058638572693,0.010190332141230328,0.0,0.0,5
37.0,PINN Vanilla,0.2471794181764128,0.013896211949411926,0.004916780929259562,0.008886283861394284,0.2417764663696289,0.25153499841690063,0.02042907476425171,0.010214576423156546,0.0,0.0,7
37.1,PINN Vanilla,0.24723418864607832,0.0136777092601147,0.004884563454888085,0.008842353712852413,0.24182039499282837,0.2516060471534729,0.020476430654525757,0.010238254458793153,0.0,0.0,7
37.2,PINN Vanilla,0.24728840360045454,0.013461422757485188,0.0048531015126381995,0.008798543792969571,0.24186420440673828,0.2516769766807556,0.020524442195892334,0.01026226032122901,0.0,0.0,7
37.300000000000004,PINN Vanilla,0.2473420846462252,0.013247266243275782,0.004822387697051615,0.008767222169815514,0.24189558625221252,0.25174692273139954,0.020573318004608154,0.010286698318991146,0.0,0.0,7
37.4,PINN Vanilla,0.2473952097296717,0.013035327699146287,0.004792430110479647,0.008737564941357467,0.24192523956298828,0.2518162131309509,0.020620286464691162,0.010310182638791835,0.0,0.0,7
37.5,PINN Vanilla,0.2474478022158148,0.012825513912095009,0.00476319216849957,0.00870897867402215,0.24195381999015808,0.25188499689102173,0.020670592784881592,0.01033533589502506,0.0,0.0,7
37.6,PINN Vanilla,0.24749985423684143,0.012617856270173516,0.004734705678289072,0.008680364834280085,0.24198243021965027,0.25195321440696716,0.020719438791275024,0.01035975899156905,0.0,0.0,7
37.7,PINN Vanilla,0.24755137246847175,0.012412328141095736,0.004706936763271166,0.00865240528498079,0.24201038479804993,0.2520209550857544,0.02076968550682068,0.01038488244536598,0.0,0.0,11
37.800000000000004,PINN Vanilla,0.24760236141085645,0.012208911571847399,0.0046798909001277405,0.008624656228885252,0.24203813076019287,0.2520883083343506,0.020819485187530518,0.010409782380890693,0.0,0.0,5
37.9,PINN Vanilla,0.2476528049707415,0.01200767076526094,0.00465356625965322,0.008597562027384376,0.2420652210712433,0.25215473771095276,0.020870596170425415,0.010435337970013905,0.0,0.0,9
38.0,PINN Vanilla,0.24770274415612242,0.011808442123007438,0.004627933258813951,0.008570525831284481,0.24209225177764893,0.25222083926200867,0.020922183990478516,0.010461131978627478,0.0,0.0,9
38.1,PINN Vanilla,0.24775214383006117,0.011611365821271457,0.0046030065515823655,0.008543822995681905,0.2421189546585083,0.25228625535964966,0.020972251892089844,0.010486166025115522,0.0,0.0,5
38.2,PINN Vanilla,0.24780102413892768,0.01141636148761794,0.004578761350817506,0.008517767097291185,0.24214500188827515,0.2523512542247772,0.021024465560913086,0.010512272959310197,0.0,0.0,5
38.300000000000004,PINN Vanilla,0.24784940025210403,0.01122336860493257,0.0045551929399842645,0.008491689897255517,0.24217107892036438,0.25241607427597046,0.021076679229736328,0.01053837989350487,0.0,0.0,5
38.400000000000006,PINN Vanilla,0.24789725038409255,0.01103247408482765,0.004532315229150542,0.008466419737020614,0.24219635128974915,0.2524797022342682,0.021129876375198364,0.010564978567898417,0.0,0.0,7
38.5,PINN Vanilla,0.2479445876479151,0.010843625613883938,0.004510099818689445,0.008441122643402077,0.2422216236591339,0.2525430917739868,0.02118244767189026,0.010591264316710862,0.0,0.0,9
38.6,PINN Vanilla,0.2479914123117926,0.010656822122054268,0.004488535797306531,0.008416144245576906,0.2422466278076172,0.2526058852672577,0.021233856678009033,0.01061696891801555,0.0,0.0,6
38.7,PINN Vanilla,0.24803772643208527,0.01047205540564323,0.004467638377926059,0.008391409171234432,0.2422713339328766,0.25266823172569275,0.021287590265274048,0.010643835814335754,0.0,0.0,8
38.800000000000004,PINN Vanilla,0.24808355459570908,0.010289227376990033,0.004447358262331212,0.008366697265334955,0.24229606986045837,0.25273022055625916,0.02134096622467041,0.010670523896038186,0.0,0.0,8
38.900000000000006,PINN Vanilla,0.248128862410784,0.01010847523992583,0.0044277351663109974,0.008341902677280577,0.24232083559036255,0.25279149413108826,0.021393567323684692,0.01069682454606878,0.0,0.0,6
39.0,PINN Vanilla,0.24817367359995865,0.00992970435471952,0.004408724768083839,0.00831689296631044,0.2423458695411682,0.25285232067108154,0.02144491672515869,0.01072249934493717,0.0,0.0,8
39.1,PINN Vanilla,0.24821798235178016,0.009752937905727376,0.004390337912910386,0.008291740834121153,0.24237099289894104,0.2529127895832062,0.021497130393981934,0.010748606279131845,0.0,0.0,8
39.2,PINN Vanilla,0.24826181000471137,0.009578090764749065,0.004372538960364209,0.008266492912137657,0.2423962652683258,0.25297245383262634,0.02154579758644104,0.01077293996836695,0.0,0.0,6
39.300000000000004,PINN Vanilla,0.24830513492226622,0.009405249248926236,0.004355350989620539,0.008241162042961936,0.24242156744003296,0.253031849861145,0.02159738540649414,0.010798733976980522,0.0,0.0,8
39.400000000000006,PINN Vanilla,0.24834797540307066,0.00923434035726028,0.004338744847089185,0.008215884516105887,0.2424468696117401,0.25309062004089355,0.021645963191986084,0.010823022962561183,0.0,0.0,8
39.5,PINN Vanilla,0.24839032447338127,0.009065391910978582,0.004322729237812582,0.008190047077996865,0.24247267842292786,0.25314927101135254,0.02169591188430786,0.010847997404176636,0.0,0.0,6
39.6,PINN Vanilla,0.24843218883872054,0.008898377158901143,0.00430728935911017,0.008164590924990167,0.24249815940856934,0.2532069981098175,0.021744191646575928,0.010872137377575822,0.0,0.0,4
39.7,PINN Vanilla,0.24847356757521652,0.008733299786745849,0.0042923996023459705,0.008138664144448748,0.24252405762672424,0.2532678246498108,0.021792441606521606,0.010896262449756859,0.0,0.0,8
39.800000000000004,PINN Vanilla,0.2485144708454611,0.008570119251613042,0.0042780639392680595,0.008112641925868802,0.2425501048564911,0.2533343434333801,0.021839648485183716,0.010919865979302728,0.0,0.0,6
39.900000000000006,PINN Vanilla,0.24855488133430503,0.008408904630994697,0.0042642771814100896,0.008086417180994954,0.24257630109786987,0.25339987874031067,0.021888673305511475,0.010944378483155605,0.0,0.0,10
40.0,PINN Vanilla,0.2485948304831984,0.008249530491579024,0.004251016262569676,0.008060216318212299,0.24260252714157104,0.2534651756286621,0.021934419870376587,0.01096725185301224,0.0,0.0,6
40.1,PINN Vanilla,0.24863430038094542,0.008092068288740852,0.004238274961078321,0.008034081033909513,0.24262863397598267,0.2535291910171509,0.0219821035861969,0.010991093802048471,0.0,0.0,6
40.2,PINN Vanilla,0.24867329540848754,0.007936500545042309,0.00422605207150387,0.008007939937098751,0.24265480041503906,0.2535933256149292,0.02202928066253662,0.011014682430376193,0.0,0.0,4
40.300000000000004,PINN Vanilla,0.24871182334423086,0.007782796229114401,0.004214339738475135,0.007981387468929846,0.2426813244819641,0.2536561191082001,0.022075414657592773,0.011037749516068748,0.0,0.0,8
40.400000000000006,PINN Vanilla,0.24874987933039688,0.00763097472070091,0.00420310957784975,0.007954710083620475,0.2427080273628235,0.2537184953689575,0.02212148904800415,0.011060786799325007,0.0,0.0,6
40.5,PINN Vanilla,0.2487874799668791,0.007480969795769118,0.004192368710584247,0.007927978845538308,0.24273473024368286,0.25378015637397766,0.022166550159454346,0.011083317441164246,0.0,0.0,8
40.6,PINN Vanilla,0.24882461148500465,0.007332836383408993,0.004182099149599273,0.007901182396595041,0.2427615523338318,0.25384119153022766,0.022212475538253784,0.011106280218329767,0.0,0.0,8
40.7,PINN Vanilla,0.2488612828552725,0.007186538696486153,0.004172291857360364,0.007874153174995846,0.24278855323791504,0.25390172004699707,0.022258907556533813,0.011129496316203798,0.0,0.0,8
40.800000000000004,PINN Vanilla,0.2488975074887278,0.007042023232639924,0.0041629470970394105,0.007847356864418509,0.24281537532806396,0.2539614737033844,0.022305935621261597,0.011153010438440782,0.0,0.0,16
40.900000000000006,PINN Vanilla,0.2489332642555239,0.006899374287811891,0.004154036475907673,0.007820387283153596,0.24284231662750244,0.25402069091796875,0.022351861000061035,0.011175973215606302,0.0,0.0,14
41.0,PINN Vanilla,0.24896856090426467,0.006758560949526878,0.004145565179022262,0.007793322883090481,0.24286940693855286,0.25407928228378296,0.022400498390197754,0.011200292003623259,0.0,0.0,12
41.1,PINN Vanilla,0.24900341314077398,0.006619520560576124,0.004137522242771497,0.007766085112879462,0.24289661645889282,0.25413694977760315,0.022449463605880737,0.011224774705039839,0.0,0.0,10
41.2,PINN Vanilla,0.24903781479597115,0.0064822777320453035,0.004129890271004813,0.007738693012070197,0.2429240345954895,0.2541942298412323,0.02249830961227417,0.01124919780158383,0.0,0.0,6
41.300000000000004,PINN Vanilla,0.24907175621390365,0.006346870985634231,0.004122670946301968,0.00771154467731322,0.2429511547088623,0.25425073504447937,0.02254655957221985,0.011273322873764867,0.0,0.0,2
41.400000000000006,PINN Vanilla,0.24910526406765007,0.006213193911092327,0.004115836549684823,0.00768394407873807,0.2429787814617157,0.2543066442012787,0.022594481706619263,0.01129728403254628,0.0,0.0,6
41.5,PINN Vanilla,0.2491383315920832,0.006081273497388239,0.004109382890128912,0.007656497746035773,0.24300619959831238,0.25436171889305115,0.02264094352722168,0.011320515031638459,0.0,0.0,2
41.6,PINN Vanilla,0.24917094591259978,0.005951161106788087,0.004103327377744496,0.007629046271562856,0.24303367733955383,0.2544163763523102,0.022686690092086792,0.011343388401495094,0.0,0.0,4
41.7,PINN Vanilla,0.249203126460314,0.005822779220316073,0.004097619611314427,0.007601540356529157,0.2430611550807953,0.25447046756744385,0.02273184061050415,0.011365963746988774,0.0,0.0,2
41.800000000000004,PINN Vanilla,0.2492348645627501,0.005696162436165259,0.004092281590180771,0.007573969779534728,0.2430887520313263,0.25452378392219543,0.022775381803512573,0.011387734426702484,0.0,0.0,2
41.900000000000006,PINN Vanilla,0.2492661703526976,0.005571270330330141,0.004087273406919732,0.00754631487246632,0.2431163787841797,0.2545766234397888,0.02281928062438965,0.011409683921033965,0.0,0.0,2
42.0,PINN Vanilla,0.24929703035950682,0.0054481566429594825,0.004082623314898481,0.007518804001435508,0.24314391613006592,0.2546287178993225,0.02286192774772644,0.011431007564203245,0.0,0.0,4
42.1,PINN Vanilla,0.24932747498154662,0.005326700102035885,0.004078278755338932,0.007490880890528517,0.2431718111038208,0.25468015670776367,0.022902369499206543,0.0114512285172296,0.0,0.0,2
42.2,PINN Vanilla,0.24935747876763367,0.005207002243150278,0.0040742655671253255,0.0074631614993737605,0.24319955706596375,0.25473088026046753,0.022942811250686646,0.011471449470255954,0.0,0.0,4
42.300000000000004,PINN Vanilla,0.24938704523444197,0.005089049036795034,0.004070569866772348,0.007435447019473906,0.24322724342346191,0.2547810971736908,0.022981375455856323,0.011490731646539007,0.0,0.0,2
42.400000000000006,PINN Vanilla,0.24941619446873686,0.0049727603483231825,0.004067167303090007,0.0074075191032541565,0.24325519800186157,0.25483080744743347,0.02302071452140808,0.011510401254493898,0.0,0.0,2
42.5,PINN Vanilla,0.2494449200332167,0.004858161858867898,0.004064048864725487,0.007379566217406097,0.24328312277793884,0.25487977266311646,0.023057937622070312,0.011529012875960306,0.0,0.0,4
42.6,PINN Vanilla,0.2494732138514521,0.004745285788739606,0.004061225023215734,0.007351697992316553,0.24331101775169373,0.25492820143699646,0.023094981908798218,0.01154753509011783,0.0,0.0,4
42.7,PINN Vanilla,0.24950110346078894,0.004634022279758147,0.004058672674987331,0.007324311361305236,0.24333837628364563,0.2549761235713959,0.023131519556045532,0.011565803983566842,0.0,0.0,2
42.800000000000004,PINN Vanilla,0.249528561383486,0.0045244809523153715,0.004056379887030361,0.007296234601965379,0.24336647987365723,0.25502321124076843,0.02316606044769287,0.011583074495399963,0.0,0.0,2
42.900000000000006,PINN Vanilla,0.24955559939146063,0.004416614843228191,0.004054345978265598,0.007268460549709588,0.24339422583580017,0.25506970286369324,0.023201078176498413,0.011600583426723444,0.0,0.0,4
43.0,PINN Vanilla,0.24958222180604958,0.004310406712847041,0.004052555475643243,0.007240443472751823,0.243422269821167,0.25511547923088074,0.02323317527770996,0.011616632038668459,0.0,0.0,4
43.1,PINN Vanilla,0.2496084319353106,0.004205843363923149,0.004051025096772571,0.007212729032496701,0.24344995617866516,0.2551606595516205,0.02326539158821106,0.011632740255486064,0.0,0.0,2
43.2,PINN Vanilla,0.24963422116637252,0.004102959156861383,0.004049710564377167,0.007184741831525732,0.2434779703617096,0.2552058696746826,0.023297995328903198,0.011649042188139586,0.0,0.0,4
43.300000000000004,PINN Vanilla,0.24965961101651213,0.004001668250096487,0.004048619951635415,0.0071571764088018686,0.24350550770759583,0.2552497684955597,0.023328036069869995,0.011664062616032412,0.0,0.0,4
43.400000000000006,PINN Vanilla,0.24968458989262604,0.0039020168934467366,0.004047747467617656,0.007129159475296187,0.24353355169296265,0.25529325008392334,0.023357808589935303,0.01167894893296191,0.0,0.0,2
43.5,PINN Vanilla,0.2497091588974001,0.0038040006878294302,0.004047074782977235,0.007101623859519124,0.2435610592365265,0.25533628463745117,0.023387551307678223,0.01169382034867326,0.0,0.0,4
43.6,PINN Vanilla,0.24973331275582336,0.0037076406775060646,0.004046615466686439,0.007073785806047894,0.24358892440795898,0.255378782749176,0.02341553568840027,0.011707812592513899,0.0,0.0,2
43.7,PINN Vanilla,0.24975705778598808,0.003612911656920306,0.004046349797365376,0.007045922368189295,0.2436167597770691,0.25542062520980835,0.023443371057510376,0.011721730330263799,0.0,0.0,2
43.800000000000004,PINN Vanilla,0.2497804146409037,0.0035197312324369233,0.004046248853884155,0.00701853141212988,0.24364417791366577,0.2554616332054138,0.02346944808959961,0.011734768896142988,0.0,0.0,2
43.900000000000006,PINN Vanilla,0.24980337360501312,0.003428138163543707,0.004046335708526092,0.006990697779029054,0.2436719834804535,0.2555020749568939,0.023495107889175415,0.01174759884496811,0.0,0.0,2
44.0,PINN Vanilla,0.24982592332363152,0.003338177748905921,0.004046586719589874,0.0069632472775411625,0.24369946122169495,0.2555420398712158,0.02352052927017212,0.011760309584048051,0.0,0.0,2
44.1,PINN Vanilla,0.24984807643294357,0.003249799577410564,0.004047017836568681,0.006935443448285783,0.24372723698616028,0.25558149814605713,0.02354404330253601,0.011772066645166543,0.0,0.0,2
44.2,PINN Vanilla,0.24986983779072783,0.003162984269313741,0.004047591597235083,0.006908052607455306,0.24375465512275696,0.2556203603744507,0.02356824278831482,0.011784166434302431,0.0,0.0,2
44.300000000000004,PINN Vanilla,0.2498912067115309,0.0030777345591804415,0.004048312872120691,0.006880785220729657,0.2437818944454193,0.2556585371494293,0.023590803146362305,0.011795446656440198,0.0,0.0,4
44.400000000000006,PINN Vanilla,0.24991217654943487,0.0029940769604026936,0.004049183837526307,0.006853215618921438,0.24380949139595032,0.25569620728492737,0.02361246943473816,0.011806279842033536,0.0,0.0,4
44.5,PINN Vanilla,0.24993275597691558,0.002911976874787324,0.004050190340052421,0.00682621645312842,0.24383646249771118,0.255733460187912,0.02363446354866028,0.011817276941026498,0.0,0.0,2
44.6,PINN Vanilla,0.24995294430851958,0.0028314370368995425,0.004051325797235916,0.006798736308324671,0.24386397004127502,0.2557697296142578,0.02365371584892273,0.011826903127949876,0.0,0.0,2
44.7,PINN Vanilla,0.24997274523973487,0.0027524427038665756,0.004052572490749427,0.006771468921064561,0.24389120936393738,0.255805641412735,0.023673295974731445,0.011836693228272879,0.0,0.0,2
44.800000000000004,PINN Vanilla,0.24999216261506102,0.0026749785383451017,0.004053956104800579,0.006744584869963932,0.24391812086105347,0.25584131479263306,0.02369314432144165,0.01184661743955921,0.0,0.0,2
44.900000000000006,PINN Vanilla,0.25001119524240517,0.0025990492961003946,0.004055436416955129,0.00671743669092395,0.24394524097442627,0.2558757960796356,0.0237102210521698,0.01185515583755781,0.0,0.0,2
45.0,PINN Vanilla,0.25002983725070976,0.002524678399277144,0.004057030054546719,0.006690671893703259,0.2439720332622528,0.25591012835502625,0.023727983236312866,0.011864036963573807,0.0,0.0,2
45.1,PINN Vanilla,0.2500481010973456,0.0024518161501269403,0.004058714351843499,0.006663702527106852,0.24399897456169128,0.25594383478164673,0.023744851350784302,0.011872471053045374,0.0,0.0,2
45.2,PINN Vanilla,0.25006598323583623,0.002380476697052119,0.00406049937665571,0.006637116585872127,0.2440255880355835,0.2559768259525299,0.023760825395584106,0.011880458105972512,0.0,0.0,2
45.300000000000004,PINN Vanilla,0.2500834926962855,0.002310624015129325,0.004062378209407539,0.006610355833701953,0.24405232071876526,0.2560093402862549,0.023775726556777954,0.011887908715046335,0.0,0.0,2
45.400000000000006,PINN Vanilla,0.2501006189286711,0.0022423001928828833,0.004064333680851563,0.0065838593390473155,0.2440788447856903,0.25604161620140076,0.02379116415977478,0.011895627546046814,0.0,0.0,2
45.5,PINN Vanilla,0.25011737602949163,0.0021754489933865765,0.00406636411473317,0.0065572773987152,0.24410539865493774,0.2560728192329407,0.023804396390914917,0.01190224368690437,0.0,0.0,2
45.6,PINN Vanilla,0.2501337392628195,0.0021101690987723,0.004068475596004685,0.006531227976186549,0.24413147568702698,0.2561037242412567,0.023817837238311768,0.011908964136288957,0.0,0.0,4
45.7,PINN Vanilla,0.25014974662661577,0.002046308919018476,0.0040706505675037015,0.0065048248474962045,0.2441578507423401,0.2561340630054474,0.02382946014404297,0.011914775611366538,0.0,0.0,2
45.800000000000004,PINN Vanilla,0.25016537642478964,0.0019839550090552825,0.004072895036492885,0.006478924471646108,0.24418377876281738,0.25616389513015747,0.023841679096221924,0.011920885110807073,0.0,0.0,2
45.900000000000006,PINN Vanilla,0.2501806324124338,0.001923092388221527,0.004075195167979202,0.006452759759103754,0.2442099153995514,0.2561931610107422,0.02385273575782776,0.01192641346273985,0.0,0.0,2
46.0,PINN Vanilla,0.2501955289244654,0.001863663868438425,0.0040775481793116465,0.006426799811542427,0.24423590302467346,0.256221741437912,0.023863166570663452,0.011931628889091526,0.0,0.0,2
46.1,PINN Vanilla,0.25021004682779335,0.0018057457797404583,0.004079948023518418,0.006401082131336611,0.24426159262657166,0.25624993443489075,0.02387326955795288,0.011936680402043577,0.0,0.0,2
46.2,PINN Vanilla,0.25022420099377657,0.0017492787939545132,0.004082404588083094,0.006375539447177392,0.2442871630191803,0.2562773525714874,0.02388167381286621,0.011940882545561212,0.0,0.0,2
46.300000000000004,PINN Vanilla,0.2502379944920542,0.0016942506649849395,0.00408489167729213,0.0063501793923165795,0.24431249499320984,0.25630444288253784,0.023890316486358643,0.01194520389882403,0.0,0.0,2
46.400000000000006,PINN Vanilla,0.2502514178156855,0.0016406993200602275,0.004087417378173826,0.006324696341738767,0.2443380057811737,0.2563308775424957,0.02389746904373169,0.011948780191179464,0.0,0.0,2
46.5,PINN Vanilla,0.2502644894719126,0.0015885509259231294,0.0040899842124199285,0.006299515098317776,0.24436315894126892,0.2563568949699402,0.023905038833618164,0.011952565100588966,0.0,0.0,2
46.6,PINN Vanilla,0.25027719739079496,0.0015378536346980528,0.004092582492783497,0.006274389702668637,0.24438831210136414,0.25638246536254883,0.02391153573989868,0.011955813566145152,0.0,0.0,2
46.7,PINN Vanilla,0.25028954604268094,0.0014885896122647732,0.004095208476464194,0.006249536282376178,0.24441313743591309,0.25640732049942017,0.02391684055328369,0.011958465982975433,0.0,0.0,2
46.800000000000004,PINN Vanilla,0.25030152568221115,0.0014407977370052337,0.004097843496896304,0.006224559923597661,0.24443814158439636,0.2564316689968109,0.023922592401504517,0.01196134191807793,0.0,0.0,4
46.900000000000006,PINN Vanilla,0.2503131627738478,0.0013943724309281565,0.004100518824847599,0.006200004524231972,0.24446266889572144,0.2564554512500763,0.02392655611038208,0.011963323780091566,0.0,0.0,2
47.0,PINN Vanilla,0.250324439018965,0.001349386695031932,0.004103195542178972,0.006175505026144168,0.2444871962070465,0.2564787268638611,0.0239313542842865,0.011965722876213336,0.0,0.0,4
47.1,PINN Vanilla,0.2503353617191317,0.0013058114002539175,0.004105888787619013,0.006151068833931961,0.24451160430908203,0.2565017640590668,0.023934215307235718,0.011967153393155511,0.0,0.0,2
47.2,PINN Vanilla,0.25034593182802223,0.0012636427419814064,0.004108597995227188,0.006127105799517252,0.24453559517860413,0.25652390718460083,0.02393704652786255,0.011968569008879538,0.0,0.0,2
47.300000000000004,PINN Vanilla,0.25035615289211294,0.0012228665718127267,0.004111298660117179,0.006102997430908863,0.24455967545509338,0.2565457224845886,0.023939460515975952,0.011969776007549495,0.0,0.0,2
47.400000000000006,PINN Vanilla,0.25036601686477683,0.0011835149911639288,0.004114033695831037,0.006079332439990204,0.2445833683013916,0.25656673312187195,0.023940324783325195,0.011970208142875778,0.0,0.0,2
47.5,PINN Vanilla,0.25037553769350074,0.0011455323575802303,0.004116754847240861,0.006055641302184167,0.24460703134536743,0.2565876245498657,0.023941904306411743,0.011970997907437603,0.0,0.0,2
47.6,PINN Vanilla,0.2503847160935404,0.001108915817602378,0.004119472329616401,0.006032214748583009,0.24463048577308655,0.2566079795360565,0.02394312620162964,0.011971608857381657,0.0,0.0,2
47.7,PINN Vanilla,0.25039353442192097,0.001073735756558038,0.00412218433545125,0.006008762027907122,0.24465391039848328,0.25662750005722046,0.023941606283187866,0.011970848895256127,0.0,0.0,2
47.800000000000004,PINN Vanilla,0.2504020238518717,0.0010398678111822536,0.004122684893585686,0.005985663317111034,0.24467703700065613,0.25664666295051575,0.0239410400390625,0.011970565772111322,0.0,0.0,2
47.900000000000006,PINN Vanilla,0.25041016054153464,0.001007407096782964,0.004125414350824978,0.0060027863139238136,0.24470001459121704,0.2566654682159424,0.02393949031829834,0.011969790908767644,0.0,0.0,4
48.0,PINN Vanilla,0.25041795003414175,0.0009763314990510636,0.0041281469898463,0.006020876231967731,0.24472269415855408,0.2566835582256317,0.023937970399856567,0.011969030946642114,0.0,0.0,2
48.1,PINN Vanilla,0.2504254006743433,0.0009466077276287408,0.004130855677135488,0.00603831052358339,0.24474555253982544,0.2567009925842285,0.023934513330459595,0.011967302405336987,0.0,0.0,4
48.2,PINN Vanilla,0.2504325129389765,0.0009182338802099741,0.004133546553725969,0.00605571500561769,0.24476781487464905,0.25671839714050293,0.02393236756324768,0.011966229517630357,0.0,0.0,4
48.300000000000004,PINN Vanilla,0.25043928766250634,0.0008912066277588937,0.004136242365471519,0.006072523434812627,0.2447824776172638,0.2567352056503296,0.023928403854370117,0.01196424765561672,0.0,0.0,4
48.400000000000006,PINN Vanilla,0.2504457412362101,0.0008654605785016376,0.0041389116820693345,0.006088437797966972,0.24479460716247559,0.2567511200904846,0.023925036191940308,0.011962563817966036,0.0,0.0,4
48.5,PINN Vanilla,0.2502070007622242,0.001817897830338227,0.004141553830283663,0.006104143566455944,0.24480709433555603,0.25676682591438293,0.02391970157623291,0.011959896499917608,0.0,0.0,2
48.6,PINN Vanilla,0.25045760065317174,0.0008181483221810365,0.004144177912496631,0.006119432095897659,0.24481937289237976,0.2567821145057678,0.023914724588394165,0.011957407996486952,0.0,0.0,2
48.7,PINN Vanilla,0.2504630400538447,0.0007964482403219628,0.004146790550149828,0.006134064976931586,0.24483126401901245,0.2567967474460602,0.02390950918197632,0.011954800283311112,0.0,0.0,2
48.800000000000004,PINN Vanilla,0.2504681385755541,0.000776108069573833,0.004149380690853965,0.006147952810592272,0.2448432743549347,0.25681063532829285,0.023901671171188354,0.011950881262938282,0.0,0.0,2
48.900000000000006,PINN Vanilla,0.25047289615869545,0.0007571280477247338,0.004151933544025669,0.006161691626720922,0.24485483765602112,0.2568243741989136,0.023895680904388428,0.011947886118090606,0.0,0.0,6
49.0,PINN Vanilla,0.250477339178324,0.0007394029534656272,0.004154463134662466,0.006174983395170031,0.24486616253852844,0.2568376660346985,0.023888587951660156,0.011944339628171466,0.0,0.0,8
49.1,PINN Vanilla,0.25048145642876646,0.0007229774909913398,0.00415695968187781,0.006187887751415544,0.24487751722335815,0.25685057044029236,0.02388247847557068,0.011941284878451199,0.0,0.0,14
49.2,PINN Vanilla,0.25048523813486123,0.0007078906575775263,0.004159456137121596,0.006199898032981155,0.24488848447799683,0.2568625807762146,0.023873984813690186,0.01193703803127912,0.0,0.0,12
49.300000000000004,PINN Vanilla,0.2504886879026892,0.0006941280670344288,0.0041619103888223714,0.006211759312406473,0.244899183511734,0.2568744421005249,0.023867279291152954,0.0119336852571959,0.0,0.0,16
49.400000000000006,PINN Vanilla,0.25049182036519074,0.0006816313423415011,0.004166122908440903,0.00622272652413175,0.24491003155708313,0.2568854093551636,0.0238591730594635,0.01192963212585974,0.0,0.0,10
49.5,PINN Vanilla,0.25049462154507657,0.0006704562448483438,0.004168495178068267,0.006233723540063241,0.24492010474205017,0.25689640641212463,0.023854702711105347,0.011927396943137594,0.0,0.0,10
49.6,PINN Vanilla,0.2504971085786822,0.0006605344104270227,0.004170831470967089,0.006243886099027596,0.24493077397346497,0.25690656900405884,0.02384859323501587,0.011924342193417327,0.0,0.0,12
49.7,PINN Vanilla,0.25049926537275335,0.0006519300419107456,0.004173140707458855,0.006253661223066531,0.24494072794914246,0.256916344165802,0.023842304944992065,0.011921198036388173,0.0,0.0,8
49.800000000000004,PINN Vanilla,0.2505010945200922,0.000644632795509441,0.004175411903106808,0.00626301910455862,0.24495074152946472,0.25692570209503174,0.023837685585021973,0.011918888347575289,0.0,0.0,14
49.900000000000006,PINN Vanilla,0.2505026118755343,0.0006385794195435764,0.004177658827096795,0.006272019371868109,0.24496057629585266,0.2569347023963928,0.02383267879486084,0.011916384942926484,0.0,0.0,14
50.0,PINN Vanilla,0.2505038122832777,0.0006337904826986977,0.0041798648543642574,0.006280363989595472,0.24496999382972717,0.2569430470466614,0.023826897144317627,0.01191349410660584,0.0,0.0,6
50.1,PINN Vanilla,0.2505046866834166,0.0006303021287914274,0.004182045588700988,0.00628847019019213,0.24497947096824646,0.25695115327835083,0.02382105588912964,0.011910573467848903,0.0,0.0,6
50.2,PINN Vanilla,0.25050525650382066,0.0006280288729389739,0.004184194333480913,0.0062958015266617595,0.244988352060318,0.2569584846496582,0.023817509412765503,0.011908800222889333,0.0,0.0,6
50.300000000000004,PINN Vanilla,0.2505055044591429,0.0006270396737398199,0.004186302193612308,0.0063027454395716,0.24499765038490295,0.25696542859077454,0.02381148934364319,0.011905790176823508,0.0,0.0,6
50.400000000000006,PINN Vanilla,0.2505054398775103,0.0006272973173292923,0.0041883805677007105,0.006309212521367624,0.24500638246536255,0.25697189569473267,0.02380642294883728,0.011903256969738409,0.0,0.0,4
50.5,PINN Vanilla,0.25050505521893524,0.0006288318839237085,0.004190424005978917,0.006315351773875377,0.24501514434814453,0.25697803497314453,0.02380228042602539,0.011901185700415887,0.0,0.0,6
50.6,PINN Vanilla,0.2505043600201609,0.0006316053273999815,0.004192436834031873,0.006320745973926678,0.24502363801002502,0.2569834291934967,0.023796916007995605,0.011898503481149311,0.0,0.0,10
50.7,PINN Vanilla,0.2505033604800703,0.000635592917778282,0.004194424308976036,0.006326318975837131,0.24503183364868164,0.2569890022277832,0.023793160915374756,0.011896625927662708,0.0,0.0,8
50.800000000000004,PINN Vanilla,0.2505020515024664,0.000640814985955405,0.0041963757667442154,0.006330729697132498,0.24503979086875916,0.2569934129714966,0.023788094520568848,0.011894092720577608,0.0,0.0,8
50.900000000000006,PINN Vanilla,0.2505004297792914,0.0006472847291802323,0.004198299676005468,0.006335438438631158,0.2450476884841919,0.25699812173843384,0.023785293102264404,0.01189269200607173,0.0,0.0,10
51.0,PINN Vanilla,0.2504984965324404,0.0006549972727935565,0.004200176111186772,0.0063389848985864194,0.24505558609962463,0.257001668214798,0.02377951145172119,0.011889801169751087,0.0,0.0,8
51.1,PINN Vanilla,0.250496259570122,0.0006639214665316736,0.004202033544111476,0.006342292936862448,0.24506327509880066,0.257004976272583,0.02377450466156006,0.011887297765102282,0.0,0.0,8
51.2,PINN Vanilla,0.2504937115013602,0.0006740867961403526,0.004203862001525504,0.006345243344526685,0.2450706958770752,0.2570079267024994,0.023770034313201904,0.011885062582380135,0.0,0.0,4
51.300000000000004,PINN Vanilla,0.25049086672067666,0.0006854358357525009,0.00420565230157777,0.006347627512663823,0.2450777292251587,0.2570103108882904,0.023766279220581055,0.011883185028893531,0.0,0.0,6
51.400000000000006,PINN Vanilla,0.25048770916461965,0.0006980326693067293,0.004207418119649268,0.006349892468928975,0.24508479237556458,0.25701257586479187,0.02376234531402588,0.011881218068098042,0.0,0.0,4
51.5,PINN Vanilla,0.25048425763845467,0.0007118022746038069,0.004209152541178272,0.006351084545864527,0.24509155750274658,0.2570137679576874,0.023758262395858765,0.011879176601211815,0.0,0.0,6
51.6,PINN Vanilla,0.2504805047214033,0.0007267742562836567,0.004210868809672273,0.006352127615079417,0.2450982928276062,0.25701481103897095,0.02375444769859314,0.011877269245288917,0.0,0.0,8
51.7,PINN Vanilla,0.2504764418900015,0.0007429826180683504,0.0042125537787109125,0.006352783248491756,0.24510493874549866,0.2570154666900635,0.023751139640808105,0.011875615210074528,0.0,0.0,12
51.800000000000004,PINN Vanilla,0.25047208029031776,0.0007603828935518124,0.00421421310098806,0.00635308125785955,0.24511152505874634,0.25701576471328735,0.023745626211166382,0.011872858484717214,0.0,0.0,7
51.900000000000006,PINN Vanilla,0.2504674124121668,0.0007790050440559847,0.004215833182350062,0.006352842826062743,0.24511781334877014,0.25701552629470825,0.023741334676742554,0.011870712709303953,0.0,0.0,3
52.0,PINN Vanilla,0.2504624677896502,0.0007987312454932746,0.004217455239129548,0.0063521573573034895,0.2451239824295044,0.25701484084129333,0.02373775839805603,0.011868924563126236,0.0,0.0,3
52.1,PINN Vanilla,0.2504572110772135,0.0008197025063075448,0.004219035526138951,0.0063512930780300625,0.24512991309165955,0.2570139765739441,0.02373465895652771,0.01186737483643888,0.0,0.0,5
52.2,PINN Vanilla,0.25045165818929693,0.0008418553370309549,0.0042206005159059175,0.006349653936371102,0.2451360523700714,0.25701233744621277,0.023730546236038208,0.011865318468334505,0.0,0.0,5
52.300000000000004,PINN Vanilla,0.25044581562280677,0.0008651638187419136,0.004222139917330142,0.006347597567851804,0.24514174461364746,0.257010281085968,0.02372586727142334,0.011862978977085326,0.0,0.0,7
52.400000000000006,PINN Vanilla,0.2504396822750571,0.0008896323505234556,0.004223670670389397,0.006345362383346209,0.2451471984386444,0.25700804591178894,0.02372264862060547,0.01186136964552538,0.0,0.0,3
52.5,PINN Vanilla,0.2504332481324675,0.0009153008808051325,0.004225178928450044,0.006342560952899479,0.24515289068222046,0.2570052444934845,0.023719042539596558,0.011859566598129515,0.0,0.0,5
52.6,PINN Vanilla,0.2504265243411066,0.0009421249431802039,0.00422666096507986,0.006339074071883055,0.2451581060886383,0.25700175762176514,0.023714840412139893,0.011857465526370696,0.0,0.0,5
52.7,PINN Vanilla,0.2504195151627066,0.0009700875357875235,0.004228144006448155,0.0063355573868391635,0.24516332149505615,0.2569982409477234,0.023711472749710083,0.011855781688720013,0.0,0.0,7
52.800000000000004,PINN Vanilla,0.2504122158288958,0.0009992076816888564,0.004229601756507431,0.006331653274244897,0.24516841769218445,0.2569943368434906,0.0237082839012146,0.011854187258378215,0.0,0.0,5
52.900000000000006,PINN Vanilla,0.25040462210774445,0.0010295022638509735,0.004231047819604248,0.006326914699012087,0.2451736330986023,0.25698959827423096,0.023703783750534058,0.01185193717443792,0.0,0.0,7
53.0,PINN Vanilla,0.25039672893285775,0.0010609914942769584,0.004232481024013176,0.006321818490381215,0.24517861008644104,0.25698450207710266,0.023700445890426636,0.011850268238005383,0.0,0.0,7
53.1,PINN Vanilla,0.25038855767250084,0.0010935901258723275,0.004233919932468388,0.006316483869378553,0.24518346786499023,0.25697916746139526,0.02369636297225952,0.011848226771119156,0.0,0.0,3
53.2,PINN Vanilla,0.2503801007270815,0.0011273284766414853,0.004235350346788369,0.006310821421250057,0.24518799781799316,0.2569735050201416,0.023693203926086426,0.011846647241995505,0.0,0.0,5
53.300000000000004,PINN Vanilla,0.25037135934829735,0.0011622015530304054,0.0042367654656116655,0.006304711938614038,0.24519261717796326,0.2569673955440521,0.023689836263656616,0.011844963404344822,0.0,0.0,3
53.400000000000006,PINN Vanilla,0.25036233043670675,0.0011982217200295561,0.004238180504490862,0.00629815541979678,0.24519699811935425,0.25696083903312683,0.023686528205871582,0.011843309369130434,0.0,0.0,3
53.5,PINN Vanilla,0.25035302513837837,0.0012353445112321974,0.00423958718775156,0.006291330682103691,0.24520117044448853,0.25695401430130005,0.023684293031692505,0.01184219177776936,0.0,0.0,3
53.6,PINN Vanilla,0.25034342348575617,0.0012736495857086814,0.004241009033052445,0.006283701281989906,0.24520543217658997,0.2569463849067688,0.02368062734603882,0.0118403589279372,0.0,0.0,5
53.7,PINN Vanilla,0.2503335537016394,0.0013130243507137494,0.004242429654601861,0.006275535438853508,0.24520957469940186,0.25693821907043457,0.02367684245109558,0.011838466473232449,0.0,0.0,9
53.800000000000004,PINN Vanilla,0.25032339784503005,0.001353540380516165,0.004243846369249808,0.006267518610571787,0.24521362781524658,0.2569302022457123,0.023673683404922485,0.0118368869441088,0.0,0.0,5
53.900000000000006,PINN Vanilla,0.25031296196579955,0.001395173539606648,0.004245272405332412,0.006259024942504299,0.24521753191947937,0.2569217085838318,0.023670703172683716,0.011835396822294035,0.0,0.0,5
54.0,PINN Vanilla,0.250302238583565,0.001437953670412986,0.004246715442719759,0.006250143845918765,0.24522098898887634,0.25691282749176025,0.023668736219406128,0.01183441334189629,0.0,0.0,3
54.1,PINN Vanilla,0.25029124471545244,0.0014818128843843044,0.004248154393045307,0.0062406368994945005,0.24522477388381958,0.2569033205509186,0.02366545796394348,0.011832774207900049,0.0,0.0,5
54.2,PINN Vanilla,0.2502799749374392,0.0015267728202533134,0.004249618229842434,0.0062307723279972915,0.24522823095321655,0.25689345598220825,0.02366289496421814,0.011831492703139351,0.0,0.0,3
54.300000000000004,PINN Vanilla,0.2502684265673163,0.0015728441784918822,0.004251083614664958,0.006220252103121493,0.24523144960403442,0.2568829357624054,0.023660123348236084,0.01183010688985162,0.0,0.0,5
54.400000000000006,PINN Vanilla,0.2502565949857237,0.0016200453876910057,0.0042525779468773495,0.006209821285494188,0.24523475766181946,0.2568725049495697,0.023658424615859985,0.011829257520417205,0.0,0.0,5
54.5,PINN Vanilla,0.2502444981634619,0.0016683047546875442,0.004254097429647818,0.006198705016943584,0.24523785710334778,0.2568613886833191,0.02365565299987793,0.011827871707129473,0.0,0.0,3
54.6,PINN Vanilla,0.25023211574554466,0.001717703484175188,0.004255629809560911,0.006187439734730571,0.24524107575416565,0.25685012340545654,0.02365371584892273,0.011826903127949876,0.0,0.0,3
54.7,PINN Vanilla,0.25021947807073613,0.0017681205419252922,0.0042571787050822065,0.006175459198057065,0.24524369835853577,0.2568381428718567,0.023651868104934692,0.011825979252424722,0.0,0.0,7
54.800000000000004,PINN Vanilla,0.2502065602242949,0.0018196553234340123,0.0042587643514962244,0.006163240241966683,0.24524641036987305,0.25682592391967773,0.023649901151657104,0.011824995772026978,0.0,0.0,5
54.900000000000006,PINN Vanilla,0.25019337007403397,0.001872276440650001,0.004260385270294742,0.006150663660149491,0.24524939060211182,0.2568133473396301,0.023647814989089966,0.011823952686756643,0.0,0.0,3
55.0,PINN Vanilla,0.25017990729212786,0.0019259852014087307,0.0042620339040612375,0.006137491031032782,0.24525153636932373,0.25680017471313477,0.023646414279937744,0.011823252329503703,0.0,0.0,3
55.1,PINN Vanilla,0.25016617313027406,0.0019807766121566184,0.004263715926977383,0.006124050180256246,0.24525392055511475,0.2567867338657379,0.0236455500125885,0.011822820194177422,0.0,0.0,7
55.2,PINN Vanilla,0.2501521843671801,0.0020365837354958,0.004265434841290381,0.006110311307311156,0.2452561855316162,0.2567729949951172,0.023644179105758667,0.01182213473814263,0.0,0.0,5
55.300000000000004,PINN Vanilla,0.2501379045248034,0.002093552097847105,0.004267195078454841,0.006096035992684767,0.24525821208953857,0.2567587196826935,0.02364271879196167,0.011821404578453395,0.0,0.0,3
55.400000000000006,PINN Vanilla,0.25012337329983736,0.0021515233322230622,0.004268991655732279,0.006081462654949243,0.2452605962753296,0.2567441463470459,0.023641347885131836,0.011820719122418603,0.0,0.0,5
55.5,PINN Vanilla,0.25010856598615666,0.002210596001861634,0.004270847538221969,0.0060665912933353106,0.2452622652053833,0.25672927498817444,0.023640811443328857,0.011820450900491946,0.0,0.0,7
55.6,PINN Vanilla,0.2500934976935389,0.002270709827436032,0.004272738945680052,0.006051272897045934,0.2452639639377594,0.25671395659446716,0.023640990257263184,0.011820540307800833,0.0,0.0,7
55.7,PINN Vanilla,0.250078158259392,0.002331905351846577,0.004274695620302119,0.006035567072853798,0.2452656328678131,0.25669825077056885,0.02363947033882141,0.011819780345675303,0.0,0.0,3
55.800000000000004,PINN Vanilla,0.2500625690221789,0.002394097446892718,0.004276684662886928,0.006019354607114669,0.24526718258857727,0.25668203830718994,0.023639589548110962,0.011819839950547893,0.0,0.0,5
55.900000000000006,PINN Vanilla,0.25004670292139075,0.0024573940684488147,0.004278743941440846,0.006003261350810418,0.24526861310005188,0.2566659450531006,0.023638993501663208,0.01181954192618494,0.0,0.0,3
56.0,PINN Vanilla,0.2500305839478972,0.0025216995067363786,0.004280863214982522,0.005986303827919426,0.2452700436115265,0.256648987531662,0.023639023303985596,0.011819556827403087,0.0,0.0,3
56.1,PINN Vanilla,0.2500141952037814,0.0025870811747296693,0.004283036619890963,0.005969197293500594,0.24527114629745483,0.25663188099861145,0.023640453815460205,0.011820272085874174,0.0,0.0,5
56.2,PINN Vanilla,0.24999754694104218,0.0026534981728466777,0.004285281597366548,0.0059513755034155125,0.2452722191810608,0.2566140592098236,0.023639917373657227,0.011820003863947517,0.0,0.0,3
56.300000000000004,PINN Vanilla,0.2499806429445746,0.002720935401532058,0.004287595526826991,0.00593358351573231,0.24527305364608765,0.25659626722335815,0.023640871047973633,0.011820480702928241,0.0,0.0,3
56.400000000000006,PINN Vanilla,0.24996348267793678,0.002789395000880361,0.004289980248455806,0.005915046468959961,0.2452739179134369,0.256577730178833,0.023641377687454224,0.011820734023636752,0.0,0.0,3
56.5,PINN Vanilla,0.24994606035947822,0.0028589000363535913,0.004292435806993116,0.005896598830884059,0.2452746331691742,0.256559282541275,0.02364286780357361,0.011821479084544133,0.0,0.0,5
56.6,PINN Vanilla,0.24992837306857132,0.0029294621595769613,0.0042949752600954655,0.005877584948191905,0.24525129795074463,0.2565402686595917,0.023644089698791504,0.011822090034488187,0.0,0.0,3
56.7,PINN Vanilla,0.2499104405641558,0.003001002543739419,0.004297588087583131,0.0058580346232746106,0.24521780014038086,0.25652071833610535,0.023645371198654175,0.011822730786868536,0.0,0.0,3
56.800000000000004,PINN Vanilla,0.2498922398388388,0.0030736129751125904,0.004300301855469696,0.00583827568312234,0.24518445134162903,0.2565009593963623,0.023647457361221313,0.01182377387213887,0.0,0.0,7
56.900000000000006,PINN Vanilla,0.24987379691004774,0.0031471896591171757,0.004303075355908446,0.00581812931144815,0.24515092372894287,0.2564808130264282,0.023648053407669067,0.011824071896501824,0.0,0.0,3
57.0,PINN Vanilla,0.24985509875416778,0.0032217845524898456,0.004305955973761589,0.005797804127257167,0.24511709809303284,0.2564604878425598,0.02365124225616455,0.011825666326843622,0.0,0.0,7
57.1,PINN Vanilla,0.24983613875508331,0.0032974240497285873,0.004308938146333219,0.005776733884188201,0.24508321285247803,0.2564394176006317,0.023653358221054077,0.011826724313332105,0.0,0.0,5
57.2,PINN Vanilla,0.24981692105531714,0.0033740916245487583,0.00431199711725704,0.005755723246236133,0.24504923820495605,0.2564184069633484,0.023657172918319702,0.011828631669255003,0.0,0.0,7
57.300000000000004,PINN Vanilla,0.24979746392369293,0.00345171439484568,0.004315169141103206,0.005734027154526811,0.24501529335975647,0.25639671087265015,0.023658275604248047,0.011829183014326465,0.0,0.0,3
57.400000000000006,PINN Vanilla,0.24977773758769056,0.003530411135859955,0.00431843367262013,0.005712182051645531,0.2449810802936554,0.25637486577033997,0.023661434650421143,0.011830762543450116,0.0,0.0,3
57.5,PINN Vanilla,0.24975777658820175,0.003610044049289437,0.004321820704560123,0.005715965487725905,0.24494671821594238,0.25635242462158203,0.023664504289627075,0.011832297368919324,0.0,0.0,3
57.6,PINN Vanilla,0.24973756161332153,0.0036906901785335317,0.004325305763714252,0.005750416972840011,0.2449122667312622,0.25632986426353455,0.0236680805683136,0.01183408551509704,0.0,0.0,5
57.7,PINN Vanilla,0.2497170899808409,0.0037723602240642188,0.004328900355705998,0.0057849280625964505,0.24487775564193726,0.2563067078590393,0.023671120405197144,0.0118356054393481,0.0,0.0,5
57.800000000000004,PINN Vanilla,0.2496963804960253,0.003854979163682711,0.004332621283494632,0.00581958816366468,0.24484309554100037,0.2562834918498993,0.023675620555877686,0.011837855523288395,0.0,0.0,5
57.900000000000006,PINN Vanilla,0.2496754146218302,0.00393862094954052,0.004336453546977851,0.00585445688129288,0.24480822682380676,0.25625985860824585,0.0236799418926239,0.011840016199919805,0.0,0.0,5
58.0,PINN Vanilla,0.2496542028486731,0.0040232437309024064,0.004340413044550745,0.005889236191676639,0.24477344751358032,0.25623592734336853,0.023684531450271606,0.01184231098751454,0.0,0.0,5
58.1,PINN Vanilla,0.24963274627923987,0.004108843108685445,0.004344490857250925,0.005924462537433728,0.24473822116851807,0.256211519241333,0.023690015077590942,0.011845052811653708,0.0,0.0,5
58.2,PINN Vanilla,0.2496110482513907,0.004195405766746378,0.004348706537426869,0.005959659080341961,0.2447030246257782,0.25618675351142883,0.02369457483291626,0.011847332698030297,0.0,0.0,3
58.300000000000004,PINN Vanilla,0.24958909749984765,0.004282976647068231,0.00435305125847109,0.005994915228148656,0.24466776847839355,0.25616171956062317,0.02370026707649231,0.011850178830696497,0.0,0.0,5
58.400000000000006,PINN Vanilla,0.24956690004467985,0.0043715317330358765,0.004357532802850959,0.006030379992436219,0.2446323037147522,0.2561364471912384,0.023705869913101196,0.011852980259708256,0.0,0.0,3
58.5,PINN Vanilla,0.24954446694254898,0.004461026914925147,0.0043621583524679226,0.006065844756256544,0.24459683895111084,0.25611060857772827,0.02371034026145935,0.011855215442430402,0.0,0.0,5
58.6,PINN Vanilla,0.24952179428935073,0.004551477767867893,0.004366925223057985,0.006101547939089513,0.24456113576889038,0.2560843527317047,0.023716658353805542,0.011858374500677702,0.0,0.0,3
58.7,PINN Vanilla,0.24949886265397095,0.004642961810839697,0.0043718393349542195,0.0061373107263394955,0.24452537298202515,0.2560579776763916,0.023722946643829346,0.011861518657706856,0.0,0.0,5
58.800000000000004,PINN Vanilla,0.24947570940852187,0.004735329950595992,0.004376897232142861,0.006173073513389471,0.2444896101951599,0.256031334400177,0.023729771375656128,0.011864931036662666,0.0,0.0,5
58.900000000000006,PINN Vanilla,0.2494523053765299,0.004828698584494412,0.004382110030813569,0.0062090747193992435,0.24445360898971558,0.25600412487983704,0.023735791444778442,0.01186794108272849,0.0,0.0,7
59.0,PINN Vanilla,0.24942866641283057,0.004923004460855315,0.004387477289151808,0.006245195134499226,0.2444174885749817,0.2559765577316284,0.023743480443954468,0.011871785597010583,0.0,0.0,7
59.1,PINN Vanilla,0.24940478545427344,0.005018275757588664,0.00439300532588485,0.006281404956389014,0.24438127875328064,0.25594887137413025,0.0237501859664917,0.011875138371093804,0.0,0.0,3
59.2,PINN Vanilla,0.24938066330552122,0.005114509264552853,0.0043986975021016875,0.0063176445807709425,0.2443450391292572,0.25592100620269775,0.023758888244628906,0.011879489526792915,0.0,0.0,5
59.300000000000004,PINN Vanilla,0.24935630410909676,0.005211688455463021,0.004404560110161278,0.006354361042303636,0.24430832266807556,0.25589248538017273,0.02376699447631836,0.011883542658129074,0.0,0.0,5
59.400000000000006,PINN Vanilla,0.24933170825243017,0.00530981178469572,0.004410578476357737,0.006390898689895785,0.24427178502082825,0.2558634877204895,0.023774564266204834,0.011887327567538577,0.0,0.0,3
59.5,PINN Vanilla,0.24930687829852127,0.00540886902735503,0.004416780682595536,0.006427525744445939,0.24423515796661377,0.2558346092700958,0.023783594369888306,0.011891842636637314,0.0,0.0,5
59.6,PINN Vanilla,0.24928181937336943,0.005508839733650115,0.004423145690354513,0.00646442101989303,0.2441982626914978,0.2558050751686096,0.02379259467124939,0.011896342804517903,0.0,0.0,5
59.7,PINN Vanilla,0.24925651013851188,0.005609809031781082,0.004429702699935491,0.006501286493010128,0.24416139721870422,0.25577542185783386,0.023802191019058228,0.011901140996761444,0.0,0.0,11
59.800000000000004,PINN Vanilla,0.24923097184300444,0.005711692150230175,0.004436439840058282,0.006538300977728617,0.2441243827342987,0.2557452917098999,0.023810148239135742,0.011905119622006865,0.0,0.0,7
59.900000000000006,PINN Vanilla,0.24920519933104537,0.005814509657682496,0.004443358457608641,0.00657534526476633,0.2440873384475708,0.25571492314338684,0.023820161819458008,0.011910126431304473,0.0,0.0,3
60.0,PINN Vanilla,0.24917918968200706,0.005918273205763369,0.00445046964009924,0.006612866388835514,0.2440498173236847,0.25568437576293945,0.02383100986480713,0.011915550474710216,0.0,0.0,5
60.1,PINN Vanilla,0.24915295231342338,0.006022945223926211,0.004457779134678481,0.006650089489906197,0.24401259422302246,0.2556535005569458,0.023841053247451782,0.011920572185225973,0.0,0.0,2
60.2,PINN Vanilla,0.24912649351358435,0.006128500625508732,0.004465275782082561,0.006687729823261601,0.2439749538898468,0.255621999502182,0.023851096630096436,0.011925593895741729,0.0,0.0,2
60.300000000000004,PINN Vanilla,0.24909979519248032,0.006235011579250354,0.004472963776031376,0.006725221145111593,0.24393746256828308,0.2555900812149048,0.02386060357093811,0.011930347384330828,0.0,0.0,2
60.400000000000006,PINN Vanilla,0.2490728631615641,0.00634245490079514,0.0044808673965514466,0.006762921083210305,0.24389976263046265,0.25555840134620667,0.02387017011642456,0.011935130675356221,0.0,0.0,2
60.5,PINN Vanilla,0.24904569131135962,0.006450854963440567,0.004488968263593211,0.006800859439974549,0.2438618242740631,0.25552576780319214,0.02387845516204834,0.011939273214001267,0.0,0.0,4
60.6,PINN Vanilla,0.2490183064937594,0.006560104643571245,0.004497277270164772,0.006838827598864505,0.2438238561153412,0.25549349188804626,0.02388724684715271,0.011943669073354823,0.0,0.0,2
60.7,PINN Vanilla,0.24899069249629996,0.006670268619596665,0.004505796374680072,0.006876974571780936,0.24378570914268494,0.2554607391357422,0.02389553189277649,0.011947811611999868,0.0,0.0,2
60.800000000000004,PINN Vanilla,0.24896284499764465,0.006781364131166059,0.004514541020310043,0.006915091742283719,0.24374759197235107,0.2554272711277008,0.02390211820602417,0.011951104781210498,0.0,0.0,2
60.900000000000006,PINN Vanilla,0.24893477666378044,0.006893340648272383,0.004523474247891111,0.006953298319834433,0.24370938539505005,0.2553936541080475,0.02390819787979126,0.011954144629712617,0.0,0.0,2
61.0,PINN Vanilla,0.2489064685404303,0.007006273787585195,0.004532642971247539,0.006991683711310925,0.2436710000038147,0.255359947681427,0.023915082216262817,0.011957586811104723,0.0,0.0,2
61.1,PINN Vanilla,0.24887794557213805,0.007120064034713965,0.004542048157812445,0.007030128707426697,0.24363255500793457,0.25532588362693787,0.023920923471450806,0.01196050744986166,0.0,0.0,2
61.2,PINN Vanilla,0.2488491876125338,0.0072347917620934135,0.004551669438725633,0.007069020738440679,0.24359366297721863,0.25529125332832336,0.023926615715026855,0.01196335358252786,0.0,0.0,4
61.300000000000004,PINN Vanilla,0.24882020595669768,0.007350411908846807,0.004561511392062631,0.007107584943762901,0.24355509877204895,0.2552564740180969,0.02393081784248352,0.011965454654286679,0.0,0.0,2
61.400000000000006,PINN Vanilla,0.24879101568460488,0.007466864314541842,0.004571585152130412,0.007146417370113511,0.24351626634597778,0.2552216053009033,0.02393600344657898,0.01196804746624437,0.0,0.0,2
61.5,PINN Vanilla,0.248761581361294,0.007584290344304734,0.004581889504057615,0.007185458412590162,0.2434772253036499,0.2551861107349396,0.023939579725265503,0.011969835612422087,0.0,0.0,2
61.6,PINN Vanilla,0.24873194760084175,0.007702512013615806,0.004592432539846112,0.007224469652799714,0.2434382140636444,0.25515031814575195,0.023942410945892334,0.011971251228146114,0.0,0.0,2
61.7,PINN Vanilla,0.24870206373929998,0.007821731442504015,0.004603220877289498,0.0072639279277859625,0.2433987557888031,0.25511434674263,0.023946255445480347,0.01197317348528716,0.0,0.0,2
61.800000000000004,PINN Vanilla,0.24867198017239592,0.00794174758098768,0.004614234125285725,0.007302909365717758,0.24335977435112,0.25507795810699463,0.02394789457321167,0.011973993052285279,0.0,0.0,2
61.900000000000006,PINN Vanilla,0.24864167338609716,0.008062654236539048,0.0046255033390770126,0.007342278233780142,0.24332040548324585,0.2550412714481354,0.023949265480041504,0.01197467850832007,0.0,0.0,2
62.0,PINN Vanilla,0.24861114102602028,0.008184460801794625,0.00463701979381755,0.007382064334303828,0.24328061938285828,0.25500476360321045,0.023952752351760864,0.011976421950843346,0.0,0.0,2
62.1,PINN Vanilla,0.24858039322495482,0.008307126852748906,0.004648773469367614,0.007421641818662561,0.24324104189872742,0.2549673020839691,0.023953020572662354,0.011976556061806675,0.0,0.0,2
62.2,PINN Vanilla,0.24854942387342474,0.008430676762699261,0.00466078552973864,0.007461249105243983,0.24320143461227417,0.25492987036705017,0.023953408002853394,0.011976749777642594,0.0,0.0,2
62.300000000000004,PINN Vanilla,0.24851824232935926,0.008555073198887526,0.004673061138397085,0.007501363031391095,0.24316132068634033,0.254891961812973,0.023953735828399658,0.011976913691042219,0.0,0.0,2
62.400000000000006,PINN Vanilla,0.24848682391643545,0.008680414605657067,0.0046855840605904584,0.007541387550519585,0.24312129616737366,0.2548542320728302,0.023954838514328003,0.011977465036113681,0.0,0.0,4
62.5,PINN Vanilla,0.24845520049333594,0.008806573885178047,0.004698367404086831,0.007581561081177801,0.24308112263679504,0.2548157572746277,0.023953944444656372,0.011977017999569252,0.0,0.0,4
62.6,PINN Vanilla,0.2484233741760256,0.008933542595966973,0.004711395566399959,0.007621555797978408,0.24304112792015076,0.2547771632671356,0.023952573537826538,0.01197633254353446,0.0,0.0,2
62.7,PINN Vanilla,0.248391307204962,0.0090614713768923,0.004724713059886035,0.007662027351972245,0.24300065636634827,0.2547380328178406,0.023951023817062378,0.011975557680190782,0.0,0.0,4
62.800000000000004,PINN Vanilla,0.24835903549194357,0.009190216960521903,0.00473826574283802,0.007702260487339019,0.24296042323112488,0.2546987235546112,0.02394843101501465,0.011974261274211938,0.0,0.0,2
62.900000000000006,PINN Vanilla,0.2483265574872496,0.009319785529350684,0.00475209933813421,0.007742821448252779,0.24291986227035522,0.25465935468673706,0.023946791887283325,0.011973441707213817,0.0,0.0,2
63.0,PINN Vanilla,0.24829385125637077,0.00945026458946183,0.004766206363329697,0.007783531420741008,0.24287915229797363,0.2546195983886719,0.02394402027130127,0.011972055893926086,0.0,0.0,2
63.1,PINN Vanilla,0.24826094922423383,0.009581524784036915,0.004780580871155364,0.007824151986290773,0.2428385317325592,0.25457963347435,0.02394118905067444,0.01197064027820206,0.0,0.0,4
63.2,PINN Vanilla,0.2482278157770636,0.009713708191566521,0.004795216997187482,0.007865040772737641,0.2427976429462433,0.2545391917228699,0.023937106132507324,0.011968598811315833,0.0,0.0,2
63.300000000000004,PINN Vanilla,0.2481944864988329,0.00984667285245433,0.00481013730075472,0.007905989163799088,0.2427566945552826,0.2544984519481659,0.02393275499343872,0.011966423233466276,0.0,0.0,2
63.400000000000006,PINN Vanilla,0.24816093248128912,0.009980534094010588,0.004825330886136284,0.007947354787424588,0.24271532893180847,0.25445756316185,0.023928850889205933,0.011964471173888935,0.0,0.0,2
63.5,PINN Vanilla,0.2481271663606169,0.010115241505122293,0.004840804984363146,0.00798827337618363,0.24267441034317017,0.2544163465499878,0.02392333745956421,0.01196171444853162,0.0,0.0,2
63.6,PINN Vanilla,0.24809321370720885,0.010250693074622126,0.004856549042751717,0.008029698604393065,0.24263298511505127,0.25437480211257935,0.02391919493675232,0.011959643179209098,0.0,0.0,4
63.7,PINN Vanilla,0.2480590228736403,0.010387094846045126,0.004872582802366552,0.008071302646580514,0.24259138107299805,0.25433310866355896,0.023913711309432983,0.01195690135506993,0.0,0.0,4
63.800000000000004,PINN Vanilla,0.24802463236451172,0.010524293208169538,0.0048888928212310785,0.008112668270140067,0.24255001544952393,0.25429123640060425,0.023907452821731567,0.011953772099258925,0.0,0.0,2
63.900000000000006,PINN Vanilla,0.24799003821611426,0.010662303973915302,0.004905493499126752,0.00815433191694237,0.24250835180282593,0.254248708486557,0.023901015520095825,0.011950553436139034,0.0,0.0,4
64.0,PINN Vanilla,0.24795522874593756,0.010801173749783047,0.004922379277962843,0.008196263784646052,0.24246641993522644,0.25420618057250977,0.02389475703239441,0.011947424180328028,0.0,0.0,2
64.10000000000001,PINN Vanilla,0.24792022264003777,0.010940827989150376,0.004939542533060186,0.0082380466407313,0.2424246370792389,0.25416335463523865,0.02388739585876465,0.01194374357944556,0.0,0.0,2
64.2,PINN Vanilla,0.2478849975168707,0.011081355981512568,0.004956995471383649,0.00827991890378138,0.24238276481628418,0.2541201114654541,0.023879438638687134,0.01193976495420014,0.0,0.0,2
64.3,PINN Vanilla,0.2478495734035971,0.011222677830010965,0.004974743677351069,0.008321999783085454,0.24234068393707275,0.25407683849334717,0.02387160062789917,0.01193584593382731,0.0,0.0,2
64.4,PINN Vanilla,0.24781393265724205,0.01136486391997323,0.004992782884139176,0.008364319080965854,0.24229836463928223,0.25403323769569397,0.02386397123336792,0.011932031221981512,0.0,0.0,2
64.5,PINN Vanilla,0.24777809348702454,0.011507841607083326,0.0050111063641844426,0.008406489367217163,0.24225619435310364,0.25398921966552734,0.023854702711105347,0.011927396943137594,0.0,0.0,2
64.60000000000001,PINN Vanilla,0.24774205836653732,0.01165160102312802,0.005029718262858047,0.008448749060446514,0.24221393465995789,0.25394493341445923,0.023844987154006958,0.011922539146021462,0.0,0.0,2
64.7,PINN Vanilla,0.2477058113217356,0.011796205895363347,0.005048635047050898,0.008491396183881394,0.2421712875366211,0.2539004385471344,0.023836195468902588,0.011918143286667907,0.0,0.0,2
64.8,PINN Vanilla,0.24766935747861885,0.01194163577399825,0.0050678449501947885,0.008534043307309946,0.2421286404132843,0.2538556158542633,0.023826420307159424,0.011913255687115478,0.0,0.0,4
64.9,PINN Vanilla,0.24763270497322104,0.012087858200933993,0.005087336750205563,0.00857683944232146,0.24208584427833557,0.25381070375442505,0.02381587028503418,0.011907980655891213,0.0,0.0,2
65.0,PINN Vanilla,0.2475958451330664,0.012234907774363642,0.005107140632162068,0.008619635577329199,0.24204304814338684,0.2537652850151062,0.023806244134902954,0.011903167562429524,0.0,0.0,4
65.10000000000001,PINN Vanilla,0.24755878868699097,0.012382741692398832,0.005127234827576948,0.008662580723961588,0.24200010299682617,0.25371962785720825,0.02379438281059265,0.01189723687760676,0.0,0.0,2
65.2,PINN Vanilla,0.24752152580022835,0.012531399190103971,0.00514762703489637,0.008705674882200587,0.24195700883865356,0.25367408990859985,0.02378404140472412,0.011892066154909528,0.0,0.0,2
65.3,PINN Vanilla,0.24748407241702103,0.012680816659117064,0.005168308766132011,0.00874891805204131,0.24191376566886902,0.2536278963088989,0.023772329092025757,0.011886209976177503,0.0,0.0,2
65.4,PINN Vanilla,0.24744641515612625,0.012831047482904518,0.005189296600814418,0.00879192280332125,0.24187076091766357,0.25358158349990845,0.02375972270965576,0.01187990676090105,0.0,0.0,2
65.5,PINN Vanilla,0.24740856286883375,0.01298205634990846,0.00521057871945042,0.008835523601038009,0.24182716012001038,0.2535349130630493,0.02374744415283203,0.01187376745902422,0.0,0.0,2
65.60000000000001,PINN Vanilla,0.2473705082535746,0.013133872389191642,0.0052321613076751,0.008879064794103775,0.24178361892700195,0.25348806381225586,0.023735493421554565,0.011867792070547015,0.0,0.0,4
65.7,PINN Vanilla,0.24733225262165093,0.013286490369412282,0.0052540511392744115,0.008922605987168652,0.24174007773399353,0.2534409165382385,0.023721635341644287,0.011860863004108359,0.0,0.0,2
65.8,PINN Vanilla,0.24729379808902763,0.013439901849086885,0.005276237779335324,0.008966296191835255,0.24169638752937317,0.25339367985725403,0.023708969354629517,0.01185452998639561,0.0,0.0,2
65.9,PINN Vanilla,0.24725513920187972,0.013594128585841983,0.005298732563491138,0.009010254617412838,0.24165242910385132,0.25334593653678894,0.023695051670074463,0.01184757111752066,0.0,0.0,2
66.0,PINN Vanilla,0.24721630012989065,0.013749074156534497,0.005321510936533748,0.009054064031368159,0.2416086196899414,0.2532980740070343,0.02368110418319702,0.011840597347427562,0.0,0.0,2
66.10000000000001,PINN Vanilla,0.24717725333571455,0.013904848419344697,0.005344612338469837,0.009098082061591684,0.24156460165977478,0.2532500624656677,0.023667067289352417,0.011833578873680022,0.0,0.0,4
66.2,PINN Vanilla,0.24713801923394224,0.014061369931790472,0.005367998702030612,0.009142308708058378,0.24152037501335144,0.25320136547088623,0.02365151047706604,0.011825800437806951,0.0,0.0,4
66.3,PINN Vanilla,0.24709858584404013,0.01421868648931388,0.005391689205162202,0.009186356540593188,0.24147632718086243,0.253152996301651,0.02363687753677368,0.011818483939696457,0.0,0.0,2
66.4,PINN Vanilla,0.2470589475631716,0.014376820444012225,0.005415680687992361,0.00923100041957775,0.24143168330192566,0.2531040906906128,0.023622334003448486,0.011811212145240406,0.0,0.0,2
66.5,PINN Vanilla,0.24701913675665876,0.014535642676855384,0.005439979462764421,0.009275405879979493,0.241387277841568,0.2530548870563507,0.02360650897026062,0.011803299598404007,0.0,0.0,4
66.60000000000001,PINN Vanilla,0.24697911885380766,0.014695291105039436,0.005464576400746537,0.009319781538062566,0.24134290218353271,0.2530054748058319,0.02358955144882202,0.011794820805277996,0.0,0.0,2
66.7,PINN Vanilla,0.2469389131665232,0.014855688685165198,0.005489471162134063,0.009364365812383868,0.24129831790924072,0.25295597314834595,0.023573607206344604,0.011786848653569007,0.0,0.0,2
66.8,PINN Vanilla,0.2468985112309458,0.015016869183166874,0.005514680471106097,0.009409665342458351,0.24125301837921143,0.2529061436653137,0.023558467626571655,0.011779278834750002,0.0,0.0,2
66.9,PINN Vanilla,0.24685792326927206,0.01517879181835639,0.005540174021861786,0.009454130407500427,0.24120855331420898,0.25285604596138,0.02354055643081665,0.01177032320264327,0.0,0.0,2
67.0,PINN Vanilla,0.2468171486556532,0.015341459087510428,0.0055659765851808944,0.009499429937565085,0.2411632537841797,0.2528055012226105,0.023523569107055664,0.01176182950829911,0.0,0.0,2
67.10000000000001,PINN Vanilla,0.24677617648243927,0.015504914505882272,0.005592085350459668,0.009544401642083311,0.24111828207969666,0.25275513529777527,0.02350631356239319,0.011753201702991625,0.0,0.0,2
67.2,PINN Vanilla,0.24673500984907173,0.015669145708482008,0.005618485343530313,0.009589552160535142,0.2410731315612793,0.2527041435241699,0.023488253355026245,0.011744171564794152,0.0,0.0,4
67.3,PINN Vanilla,0.24669366291165373,0.015834096220595773,0.0056451932256942955,0.009634911295236137,0.24102777242660522,0.25265297293663025,0.023470431566238403,0.01173526063634186,0.0,0.0,2
67.4,PINN Vanilla,0.2466521162390711,0.015999843561199153,0.005672200034333104,0.009680389639231124,0.2409822940826416,0.2526018023490906,0.023452162742614746,0.011726126189617353,0.0,0.0,2
67.5,PINN Vanilla,0.24661038503050825,0.016166327094283554,0.005699507985694257,0.009725957390191664,0.24093672633171082,0.25255006551742554,0.023433446884155273,0.011716768224620632,0.0,0.0,2
67.60000000000001,PINN Vanilla,0.24656847473979018,0.01633352506222234,0.0057271056237799415,0.009771465536505264,0.2408912181854248,0.2524985373020172,0.02341485023498535,0.011707469864496502,0.0,0.0,2
67.7,PINN Vanilla,0.24652636653184912,0.016501512606108666,0.005755008752310419,0.009817152496751969,0.24084553122520447,0.25244641304016113,0.023395061492919922,0.011697575455646467,0.0,0.0,4
67.8,PINN Vanilla,0.24648407068848632,0.016670248707465935,0.005783218653526906,0.009863226887195098,0.2407994568347931,0.2523938715457916,0.023376047611236572,0.011688068478468268,0.0,0.0,2
67.9,PINN Vanilla,0.2464416016638281,0.01683967570263907,0.005811716141999965,0.009908973452084746,0.24075371026992798,0.252341628074646,0.02335628867149353,0.011678188970836379,0.0,0.0,4
68.0,PINN Vanilla,0.24639893910288832,0.01700987479632188,0.00584051589163622,0.009955018040200547,0.240707665681839,0.25228872895240784,0.023336023092269897,0.011668056142495982,0.0,0.0,4
68.10000000000001,PINN Vanilla,0.24635608407855056,0.01718084170832548,0.005869609173703399,0.010001271244562904,0.2406614124774933,0.2522357702255249,0.023315608501434326,0.011657848808064844,0.0,0.0,4
68.2,PINN Vanilla,0.24631305497884773,0.017352503080968907,0.00589900250962537,0.010047554251254032,0.2406151294708252,0.25218260288238525,0.023295342922210693,0.011647715979724445,0.0,0.0,2
68.3,PINN Vanilla,0.24626984328031562,0.017524892917974672,0.005928687675817877,0.010093867060264716,0.24056881666183472,0.2521289885044098,0.02327367663383484,0.011636882794131108,0.0,0.0,2
68.4,PINN Vanilla,0.24622644495964072,0.017698027270050917,0.005958662639270492,0.010140328880889116,0.2405223548412323,0.2520753741264343,0.02325284481048584,0.011626466842645905,0.0,0.0,2
68.5,PINN Vanilla,0.24618284970521948,0.017871947274568176,0.005988945183388199,0.010187058922412395,0.2404756247997284,0.2520214319229126,0.023231476545333862,0.011615782669234043,0.0,0.0,2
68.60000000000001,PINN Vanilla,0.2461390809416773,0.01804655948073667,0.0060195194658356444,0.010233908173224393,0.24042877554893494,0.25196734070777893,0.023210257291793823,0.01160517300191292,0.0,0.0,2
68.7,PINN Vanilla,0.2460951425433161,0.01822184843231892,0.0060503733095530225,0.010280578610103341,0.2403821051120758,0.25191304087638855,0.02318817377090454,0.011594131199265514,0.0,0.0,2
68.8,PINN Vanilla,0.24605101060867332,0.018397909482410837,0.006081528079651396,0.010327368256272174,0.24033531546592712,0.2518583834171295,0.023165851831436157,0.011582970186872928,0.0,0.0,2
68.9,PINN Vanilla,0.2460066982507708,0.018574690317593293,0.0061129714594746545,0.010374426123336,0.24028825759887695,0.25180354714393616,0.023144066333770752,0.011572077396407001,0.0,0.0,4
69.0,PINN Vanilla,0.2459622090160849,0.018752176789464173,0.006144699384896856,0.010421394583434995,0.24024128913879395,0.2517485022544861,0.023120760917663574,0.011560424643815542,0.0,0.0,2
69.10000000000001,PINN Vanilla,0.2459175424873831,0.018930370562541522,0.006176729224414231,0.010468780276047085,0.2401939034461975,0.2516930401325226,0.023097306489944458,0.011548697385133345,0.0,0.0,2
69.2,PINN Vanilla,0.24587269473075887,0.0191092873308509,0.006209038882043625,0.010516016957041907,0.240146666765213,0.251637727022171,0.023074567317962646,0.011537327755686692,0.0,0.0,2
69.3,PINN Vanilla,0.24582766896486305,0.01928891425382578,0.006241631375089491,0.0105638794868122,0.24009880423545837,0.2515818774700165,0.02305123209953308,0.011525660101877087,0.0,0.0,2
69.4,PINN Vanilla,0.24578245860338233,0.019469277607070103,0.00627443018969774,0.01061108636548519,0.24005159735679626,0.25152620673179626,0.023028045892715454,0.011514066954158218,0.0,0.0,4
69.5,PINN Vanilla,0.24573706990480446,0.0196503524228154,0.006307615131861647,0.010658710476672661,0.24000397324562073,0.2514696419239044,0.023003071546554565,0.011501579733350493,0.0,0.0,2
69.60000000000001,PINN Vanilla,0.2456915158927443,0.019832086744324996,0.006341077298556707,0.010706662413405788,0.23995602130889893,0.25141310691833496,0.02297911047935486,0.011489599153959786,0.0,0.0,4
69.7,PINN Vanilla,0.245645776152611,0.020014562014081118,0.006374833604021694,0.010754435536204976,0.23990824818611145,0.25135675072669983,0.022956043481826782,0.011478065611113508,0.0,0.0,4
69.8,PINN Vanilla,0.24559985664486908,0.020197754453256604,0.006408866423759431,0.010802178856683053,0.23986050486564636,0.2512999475002289,0.0229303240776062,0.011465205859852091,0.0,0.0,4
69.9,PINN Vanilla,0.2455537758767607,0.020381590228594218,0.006443185321136811,0.010850339409671561,0.23981234431266785,0.2512427270412445,0.0229051411151886,0.01145261433051733,0.0,0.0,2
70.0,PINN Vanilla,0.24550749665498756,0.020566217719973592,0.00647778800677954,0.010898708578916672,0.23976397514343262,0.25118565559387207,0.022880911827087402,0.011440499640163295,0.0,0.0,2
70.10000000000001,PINN Vanilla,0.2454610691070559,0.020751436947460546,0.006512654888179611,0.010946988341193786,0.23971569538116455,0.2511279582977295,0.022855281829833984,0.01142768459255632,0.0,0.0,4
70.2,PINN Vanilla,0.24541445469856285,0.0209374016411711,0.006547807650264466,0.010995178696499575,0.23966750502586365,0.2510707676410675,0.022830694913864136,0.011415391087584513,0.0,0.0,4
70.3,PINN Vanilla,0.24536766541004204,0.021124064005663086,0.006583243395960013,0.011043726679681565,0.2396189570426941,0.2510124146938324,0.022804170846939087,0.01140212900343311,0.0,0.0,2
70.4,PINN Vanilla,0.24532070738077186,0.02131139954874487,0.006618953994831505,0.011092334267502557,0.23957034945487976,0.25095438957214355,0.02277788519859314,0.011388986129026887,0.0,0.0,4
70.5,PINN Vanilla,0.2452735817730429,0.021499403633545112,0.006654930106859235,0.011141061064612823,0.23952162265777588,0.2508960962295532,0.02275213599205017,0.011376111476547322,0.0,0.0,2
70.60000000000001,PINN Vanilla,0.24522625571489357,0.021688207400294222,0.006691204943944955,0.011189698454756924,0.23947298526763916,0.2508375346660614,0.022725433111190796,0.011362759985087031,0.0,0.0,2
70.7,PINN Vanilla,0.24517878431081794,0.0218775910137375,0.006727727413380557,0.011238544461157352,0.23942413926124573,0.25077885389328003,0.022698700428009033,0.011349393592408594,0.0,0.0,2
70.8,PINN Vanilla,0.24513114306330702,0.022067652204853502,0.006764526612727981,0.011287897107038536,0.2393747866153717,0.25071990489959717,0.02267313003540039,0.011336608347237915,0.0,0.0,4
70.9,PINN Vanilla,0.2450833240747454,0.02225842248058784,0.006801599536841145,0.011336772915760351,0.23932591080665588,0.25066077709198,0.02264663577079773,0.011323361164304659,0.0,0.0,4
71.0,PINN Vanilla,0.24503533098101637,0.02244988733585616,0.006838946347825664,0.011385976550027543,0.2392767071723938,0.2506014108657837,0.022618532180786133,0.01130930931559143,0.0,0.0,4
71.10000000000001,PINN Vanilla,0.24498718559741994,0.022641959740152,0.006876544386374862,0.011435597416809828,0.2392270863056183,0.25054171681404114,0.02259153127670288,0.011295808811949663,0.0,0.0,2
71.2,PINN Vanilla,0.24493886172771476,0.022834744201419472,0.006914424841520732,0.011484592434818974,0.23917809128761292,0.25048205256462097,0.022563427686691284,0.011281756963236434,0.0,0.0,2
71.3,PINN Vanilla,0.2448903630971911,0.023028225857891868,0.006952573351152588,0.01153430270856498,0.23912838101387024,0.250421941280365,0.022536128759384155,0.011268107447413191,0.0,0.0,2
71.4,PINN Vanilla,0.2448416900932791,0.023222403163945523,0.006990987033566334,0.011584012982311709,0.23907867074012756,0.2503618001937866,0.022508829832077026,0.011254457931589948,0.0,0.0,4
71.5,PINN Vanilla,0.24479286852479,0.023417173157259878,0.007029656750226285,0.011633753058380825,0.2390289306640625,0.2503012716770172,0.02247956395149231,0.01123982493536896,0.0,0.0,2
71.60000000000001,PINN Vanilla,0.24474387362599395,0.023612634638860545,0.007068588560639378,0.011683522936770607,0.23897916078567505,0.25024065375328064,0.02245110273361206,0.01122559427203796,0.0,0.0,2
71.7,PINN Vanilla,0.24469471529126188,0.023808748135895137,0.007107557272160627,0.011733352419806609,0.23892933130264282,0.2501797676086426,0.02242305874824524,0.011211572225761026,0.0,0.0,4
71.8,PINN Vanilla,0.2446453803777697,0.02400556608067672,0.007147003018651658,0.011783450123743433,0.2388792335987091,0.2501188814640045,0.022394776344299316,0.01119743096973891,0.0,0.0,4
71.9,PINN Vanilla,0.24459588328003906,0.02420303104733854,0.007186699502444969,0.011833428618389541,0.23882925510406494,0.2500576972961426,0.02236485481262207,0.011182470146718675,0.0,0.0,2
72.0,PINN Vanilla,0.24454621851444266,0.024401164912401276,0.007226669425160502,0.011883794543225523,0.23877888917922974,0.24999642372131348,0.02233707904815674,0.01116858221140507,0.0,0.0,2
72.10000000000001,PINN Vanilla,0.2444964019060137,0.02459990454307944,0.007266872088131028,0.011934220072707225,0.23872846364974976,0.24993464350700378,0.02230745553970337,0.011153770400566311,0.0,0.0,2
72.2,PINN Vanilla,0.24444641625881217,0.02479931854128873,0.007307341474294316,0.011984496590575044,0.2386781871318817,0.24987292289733887,0.02227756381034851,0.011138824478764223,0.0,0.0,2
72.3,PINN Vanilla,0.24439625847339652,0.024999419272019048,0.007348071268439609,0.012035071131667852,0.2386276125907898,0.2498108446598053,0.02224874496459961,0.01112441500081545,0.0,0.0,2
72.4,PINN Vanilla,0.24434593850374242,0.0252001670246296,0.007389049555508027,0.012085705277405656,0.2385769784450531,0.24974864721298218,0.0222184956073761,0.011109290264395591,0.0,0.0,2
72.5,PINN Vanilla,0.24429547446966193,0.025401489511486366,0.007430269400315917,0.012136369225465904,0.23852631449699402,0.24968624114990234,0.02218848466873169,0.011094284737720913,0.0,0.0,2
72.60000000000001,PINN Vanilla,0.24424483433365843,0.025603514543784213,0.007471740592510994,0.012187301394427641,0.23847538232803345,0.24962371587753296,0.02215886116027832,0.011079472926882154,0.0,0.0,2
72.7,PINN Vanilla,0.24419403344392798,0.025806180891043674,0.007513471052997207,0.012238114354100715,0.23842456936836243,0.24956083297729492,0.022128373384475708,0.011064228980717112,0.0,0.0,4
72.8,PINN Vanilla,0.24414307552576087,0.026009473691498045,0.007555439127012764,0.01228907632538373,0.23837360739707947,0.2494979202747345,0.02209720015525818,0.011048642306534675,0.0,0.0,2
72.9,PINN Vanilla,0.2440919384956362,0.026213481045700954,0.007597671606473209,0.012340336319889678,0.23832234740257263,0.24943456053733826,0.022067010402679443,0.011033547372551111,0.0,0.0,2
73.0,PINN Vanilla,0.24404066208004974,0.0264180444677711,0.007640133262550688,0.012391596314399289,0.2382710874080658,0.2493714690208435,0.02203655242919922,0.011018318327604219,0.0,0.0,2
73.10000000000001,PINN Vanilla,0.24398922860622427,0.026623234461930313,0.007682835006994207,0.0124429457158719,0.2382197380065918,0.24930769205093384,0.022005736827850342,0.011002910468039554,0.0,0.0,4
73.2,PINN Vanilla,0.24393762722611448,0.026829094305643453,0.007725784829639894,0.012494205710377404,0.23816847801208496,0.24924415349960327,0.021974563598632812,0.010987323793857117,0.0,0.0,2
73.3,PINN Vanilla,0.24388586413860341,0.027035599268930583,0.007768985416466767,0.01254579353042784,0.23811689019203186,0.24918007850646973,0.02194306254386902,0.010971573206275056,0.0,0.0,4
73.4,PINN Vanilla,0.2438339411020281,0.027242742337037724,0.007812421718222561,0.012597619769059432,0.23806506395339966,0.24911612272262573,0.021912693977355957,0.010956388864982606,0.0,0.0,4
73.5,PINN Vanilla,0.24378187492489836,0.027450456453673076,0.007856091033898775,0.012649446007691245,0.23801323771476746,0.24905186891555786,0.021881163120269775,0.010940623376182398,0.0,0.0,2
73.60000000000001,PINN Vanilla,0.24372964331507704,0.027658830551649236,0.007900001088684841,0.012701182839356506,0.23796150088310242,0.24898728728294373,0.021849840879440308,0.010924962195909223,0.0,0.0,4
73.7,PINN Vanilla,0.24367725214362165,0.02786784120882174,0.007944151557435768,0.012753038880310541,0.23790964484214783,0.24892252683639526,0.02181762456893921,0.010908853979091618,0.0,0.0,2
73.8,PINN Vanilla,0.24362471410632155,0.028077437776289158,0.007988527839425223,0.012805133339843733,0.23785755038261414,0.24885761737823486,0.021785199642181396,0.01089264145374698,0.0,0.0,2
73.9,PINN Vanilla,0.24357201611995719,0.028287672448576696,0.008033145736464886,0.012857287404019369,0.23780539631843567,0.248792827129364,0.02175423502922058,0.010877159088091578,0.0,0.0,2
74.0,PINN Vanilla,0.24351916337013266,0.02849852453810488,0.008077993893501672,0.012909501072839669,0.23775318264961243,0.2487272322177887,0.02172139286994934,0.010860737945692873,0.0,0.0,4
74.10000000000001,PINN Vanilla,0.24346615576744102,0.028709994401556055,0.00812307301753774,0.012962042567208676,0.23770064115524292,0.24866193532943726,0.02168986201286316,0.010844972456892666,0.0,0.0,2
74.2,PINN Vanilla,0.2434129931330683,0.028922082752295148,0.008168385296559284,0.01301425623603042,0.23764842748641968,0.24859628081321716,0.021656692028045654,0.010828387401094337,0.0,0.0,2
74.3,PINN Vanilla,0.24335967150330565,0.029134805403241988,0.008213925000882936,0.013066767928077039,0.23759591579437256,0.24853059649467468,0.021624267101287842,0.0108121748757497,0.0,0.0,4
74.4,PINN Vanilla,0.24330620399117492,0.02934811004097733,0.00825969614876887,0.013119488236381538,0.23754319548606873,0.2484646439552307,0.02159211039543152,0.01079609646136839,0.0,0.0,4
74.5,PINN Vanilla,0.24325259372591995,0.0295619841816171,0.008305681997807948,0.013172148940036654,0.23749053478240967,0.2483985722064972,0.02155926823616028,0.010779675318969685,0.0,0.0,4
74.60000000000001,PINN Vanilla,0.24319880971312544,0.02977655147506134,0.008351913859361551,0.013225018259951482,0.2374376654624939,0.24833211302757263,0.021525919437408447,0.01076300085586247,0.0,0.0,2
74.7,PINN Vanilla,0.24314488196373008,0.029991692194916316,0.008398360411515949,0.01327797698683042,0.23738470673561096,0.24826550483703613,0.021492868661880493,0.010746475404936732,0.0,0.0,2
74.8,PINN Vanilla,0.2430908059179785,0.030207424531984828,0.00844503011171679,0.013331114527645183,0.2373315691947937,0.2481989562511444,0.021459907293319702,0.010729994657665436,0.0,0.0,2
74.9,PINN Vanilla,0.24303657415509244,0.03042377809090625,0.008491922586762983,0.01338425206845828,0.23727843165397644,0.2481321394443512,0.021427273750305176,0.010713677823793765,0.0,0.0,2
75.0,PINN Vanilla,0.24298221266269707,0.03064064919599521,0.008539021235722796,0.01343750881856498,0.23722517490386963,0.24806496500968933,0.02139347791671753,0.010696779842414336,0.0,0.0,4
75.10000000000001,PINN Vanilla,0.24292768478393575,0.03085818408703746,0.008586356321891775,0.013490646359378577,0.23717203736305237,0.24799787998199463,0.02135986089706421,0.010679971268343792,0.0,0.0,4
75.2,PINN Vanilla,0.24287301045656226,0.0310763032238567,0.008633905154673207,0.013544141528059717,0.23711854219436646,0.2479303479194641,0.021326005458831787,0.010663043484528067,0.0,0.0,2
75.3,PINN Vanilla,0.24281818175315878,0.031295038232292904,0.008681670160246546,0.013597517487455468,0.2370651662349701,0.24786299467086792,0.02129259705543518,0.010646339218984557,0.0,0.0,2
75.4,PINN Vanilla,0.2427632161676886,0.03151431932148897,0.008729652825422558,0.013651191470071322,0.23701149225234985,0.2477952241897583,0.021258801221847534,0.010629441237605128,0.0,0.0,4
75.5,PINN Vanilla,0.24270809426903747,0.03173422401042069,0.008777851511354679,0.013704865452686843,0.23695781826972961,0.24772703647613525,0.02122393250465393,0.010612006812372383,0.0,0.0,2
75.60000000000001,PINN Vanilla,0.24265282797813437,0.03195470474143432,0.008826264723123587,0.01375874805156485,0.23690393567085266,0.24765926599502563,0.02119097113609314,0.010595526065101089,0.0,0.0,4
75.7,PINN Vanilla,0.24259741571545623,0.03217576781591879,0.008874885458352367,0.013812660452759529,0.23685002326965332,0.2475910782814026,0.02115708589553833,0.010578583380067216,0.0,0.0,4
75.8,PINN Vanilla,0.24254185163974784,0.03239743653712466,0.008923726623368612,0.01386690067949925,0.23679578304290771,0.2475224733352661,0.021122455596923828,0.010561268164579652,0.0,0.0,2
75.9,PINN Vanilla,0.2424861475825312,0.0326196637040804,0.00897277193694925,0.013921170708564079,0.23674151301383972,0.24745401740074158,0.02108973264694214,0.010544906627053539,0.0,0.0,6
76.0,PINN Vanilla,0.24243030226230644,0.03284245442923387,0.009022024917561182,0.01397496390047176,0.23668771982192993,0.2473854124546051,0.021053969860076904,0.010527025165276364,0.0,0.0,2
76.10000000000001,PINN Vanilla,0.24237429690361045,0.033065883615889816,0.009071496385737069,0.014029174324892701,0.2366335093975067,0.24731650948524475,0.021019428968429565,0.010509754653443244,0.0,0.0,2
76.2,PINN Vanilla,0.24231816428899786,0.03328982048050028,0.009121158940599595,0.014083593365568692,0.23657909035682678,0.24724742770195007,0.02098497748374939,0.010492528845264566,0.0,0.0,2
76.3,PINN Vanilla,0.24226187363266966,0.03351438784070612,0.009171043662634184,0.014138221022500841,0.23652446269989014,0.24717813730239868,0.020951390266418457,0.010475735172412171,0.0,0.0,6
76.4,PINN Vanilla,0.24220545253157638,0.033739475600538756,0.009221116869650693,0.014192520853888169,0.23647016286849976,0.24710869789123535,0.020915508270263672,0.010457794105762407,0.0,0.0,4
76.5,PINN Vanilla,0.24214888200163862,0.033965159495562114,0.009271406589901549,0.014247416731723361,0.23641526699066162,0.2470392882823944,0.02088114619255066,0.010440613001238172,0.0,0.0,2
76.60000000000001,PINN Vanilla,0.24209217053651833,0.034191405640947505,0.009321890875705853,0.014302133795623562,0.2363605499267578,0.24696937203407288,0.020845681428909302,0.010422880551642474,0.0,0.0,2
76.7,PINN Vanilla,0.24203532737493536,0.03441817717951361,0.009372569904509838,0.014357029673455923,0.23630565404891968,0.24689972400665283,0.020811468362808228,0.010405773953208977,0.0,0.0,2
76.80000000000001,PINN Vanilla,0.24197831970453285,0.03464560501370218,0.009423472060317848,0.014411925551291227,0.23625075817108154,0.24682942032814026,0.02077585458755493,0.010387966997522542,0.0,0.0,2
76.9,PINN Vanilla,0.24192118686437628,0.03487353220325594,0.009474555767624477,0.014466940638412695,0.23619574308395386,0.246759295463562,0.02074068784713745,0.010370383560108321,0.0,0.0,2
77.0,PINN Vanilla,0.2418639120757582,0.03510202568557241,0.009525839343068493,0.014522194144116263,0.23614048957824707,0.24668896198272705,0.020705729722976685,0.010352904431221133,0.0,0.0,2
77.10000000000001,PINN Vanilla,0.24180649036169075,0.03533110531597212,0.009577327595231411,0.014577477452137555,0.2360852062702179,0.24661844968795776,0.02067127823829651,0.010335678623042455,0.0,0.0,4
77.2,PINN Vanilla,0.24174894669652006,0.03556067146117047,0.009628996837459264,0.014632730957842788,0.2360299527645111,0.246547669172287,0.020635545253753662,0.010317812062483429,0.0,0.0,4
77.30000000000001,PINN Vanilla,0.24169123417139074,0.035790911260535026,0.009680886825717815,0.014688014265866745,0.23597466945648193,0.24647656083106995,0.020599305629730225,0.010299692181215894,0.0,0.0,4
77.4,PINN Vanilla,0.24163340559601806,0.03602161403365939,0.009732952148804652,0.014743565794795133,0.23591911792755127,0.24640554189682007,0.02056315541267395,0.0102816170036028,0.0,0.0,2
77.5,PINN Vanilla,0.24157543501257916,0.03625288333733499,0.009785211895148506,0.014799504753913006,0.23586317896842957,0.2463344931602478,0.02052915096282959,0.010264614713696336,0.0,0.0,2
77.60000000000001,PINN Vanilla,0.2415173194408419,0.036484731060974926,0.009837672077998957,0.014855175492129724,0.23580750823020935,0.24626290798187256,0.02049243450164795,0.010246256412938439,0.0,0.0,2
77.7,PINN Vanilla,0.24145907682180426,0.03671708563031052,0.009890310866473326,0.01491099524195888,0.2357516884803772,0.24619156122207642,0.020457059144973755,0.010228568666997184,0.0,0.0,2
77.80000000000001,PINN Vanilla,0.24140069481730483,0.03694999626751326,0.009943144543095049,0.014966755387143593,0.23569592833518982,0.24611994624137878,0.020421206951141357,0.010210642501565568,0.0,0.0,4
77.9,PINN Vanilla,0.24134216284751914,0.03718350518000105,0.009996176737606905,0.015022575136973026,0.23564010858535767,0.24604809284210205,0.020385295152664185,0.010192686533697655,0.0,0.0,2
78.0,PINN Vanilla,0.24128351655602476,0.037417470170388926,0.010049379163289143,0.015078633305378342,0.2355840504169464,0.24597635865211487,0.020350277423858643,0.010175177602374172,0.0,0.0,4
78.10000000000001,PINN Vanilla,0.2412247330248358,0.03765198266826629,0.010102770587214456,0.015134989497010587,0.23552769422531128,0.24590414762496948,0.020314335823059082,0.010157206733288113,0.0,0.0,4
78.2,PINN Vanilla,0.24116580653190633,0.037887065501307056,0.010156352805903211,0.015191226479349895,0.2354714572429657,0.2458319365978241,0.020277976989746094,0.010139027247147986,0.0,0.0,8
78.30000000000001,PINN Vanilla,0.241106732696295,0.03812273614694887,0.010210135667903795,0.015247463461693866,0.23541522026062012,0.24575942754745483,0.020241260528564453,0.010120668946390087,0.0,0.0,2
78.4,PINN Vanilla,0.24104754248261473,0.03835887107418619,0.010264082494664773,0.015303819653323447,0.23535886406898499,0.24568676948547363,0.020205169916152954,0.010102623571213288,0.0,0.0,6
78.5,PINN Vanilla,0.24098821365833303,0.03859555897804319,0.010318219272310906,0.015360563275145733,0.2353021204471588,0.2456142008304596,0.020169377326965332,0.010084727208217967,0.0,0.0,2
78.60000000000001,PINN Vanilla,0.24092875918746015,0.038832748139571396,0.010372531636920998,0.015417068478387641,0.23524561524391174,0.2455410659313202,0.020132482051849365,0.010066279500151184,0.0,0.0,4
78.7,PINN Vanilla,0.2408691741526129,0.0390704581763029,0.01042701865256865,0.015473812100210704,0.23518887162208557,0.24546831846237183,0.02009722590446472,0.01004865135908252,0.0,0.0,4
78.80000000000001,PINN Vanilla,0.24080943882465383,0.03930876779615504,0.010481701596878053,0.015530585524354712,0.235132098197937,0.24539506435394287,0.020060628652572632,0.01003035266319721,0.0,0.0,4
78.9,PINN Vanilla,0.24074959048628827,0.039547528262565274,0.010536551419382955,0.015587627169398377,0.23507505655288696,0.24532169103622437,0.02002456784248352,0.010012322189238561,0.0,0.0,4
79.0,PINN Vanilla,0.2406895957887175,0.039786872618070145,0.010591589748178542,0.015644668814444485,0.23501801490783691,0.2452484667301178,0.019988656044006348,0.009994366221370649,0.0,0.0,2
79.10000000000001,PINN Vanilla,0.24062949308753034,0.04002664784591867,0.010646785890809692,0.015701621052521153,0.23496106266975403,0.2451745569705963,0.0199507474899292,0.009975411871886844,0.0,0.0,2
79.2,PINN Vanilla,0.24056923094391844,0.04026705915738691,0.010702186503267689,0.015758662697567927,0.23490402102470398,0.24510082602500916,0.01991480588912964,0.009957441002800785,0.0,0.0,6
79.30000000000001,PINN Vanilla,0.24050885477662107,0.040507925357813925,0.010757743311073566,0.015816002365836412,0.23484668135643005,0.24502703547477722,0.019878089427947998,0.009939082702042886,0.0,0.0,2
79.4,PINN Vanilla,0.2404483559727671,0.040749280807604475,0.010813473526009726,0.0158735506503625,0.23478913307189941,0.24495282769203186,0.01984196901321411,0.00992102242564794,0.0,0.0,2
79.5,PINN Vanilla,0.24038771396875402,0.04099120754371155,0.010869385699410147,0.01593071150469927,0.23473197221755981,0.24487876892089844,0.019805341958999634,0.009902708828544484,0.0,0.0,4
79.60000000000001,PINN Vanilla,0.24032695639133475,0.0412335953512723,0.010925458971539766,0.0159882895915483,0.2346743941307068,0.2448044717311859,0.019768595695495605,0.009884335626568439,0.0,0.0,4
79.7,PINN Vanilla,0.24026605740189574,0.04147654731150144,0.01098171474744936,0.016045986887686603,0.2346166968345642,0.24473002552986145,0.019731849431991577,0.009865962424592391,0.0,0.0,2
79.80000000000001,PINN Vanilla,0.24020504206419013,0.041719963434431816,0.011038138004014774,0.01610344576524725,0.23455923795700073,0.24465543031692505,0.01969471573829651,0.009847395506780427,0.0,0.0,2
79.9,PINN Vanilla,0.2401438944935801,0.04196390709063712,0.011094726743939244,0.01616144108460965,0.23450124263763428,0.2445807158946991,0.01965916156768799,0.009829618353530285,0.0,0.0,4
80.0,PINN Vanilla,0.2400826278924944,0.04220832561001586,0.011151476876585594,0.016219406601648445,0.2344432771205902,0.24450579285621643,0.019623100757598877,0.009811587879571636,0.0,0.0,6
80.10000000000001,PINN Vanilla,0.2400212225019934,0.042453297819378996,0.0112084129471666,0.016277312514043296,0.23438537120819092,0.24443048238754272,0.019584864377975464,0.009792469616688207,0.0,0.0,4
80.2,PINN Vanilla,0.2399597102701666,0.04269869626421454,0.011265494519807507,0.016335188624116648,0.234327495098114,0.2443554401397705,0.01954829692840576,0.009774185822021046,0.0,0.0,4
80.30000000000001,PINN Vanilla,0.23989804551005384,0.04294470320923062,0.011322770819760644,0.016393422362056598,0.23426926136016846,0.24428030848503113,0.01951196789741516,0.009756021237099068,0.0,0.0,2
80.4,PINN Vanilla,0.23983629098534606,0.04319106826337982,0.011380175168218048,0.016451775309288152,0.23421090841293335,0.24420467019081116,0.01947513222694397,0.009737603331468577,0.0,0.0,4
80.5,PINN Vanilla,0.23977438551187535,0.043438035516320604,0.011437768524899253,0.01651015805884032,0.23415252566337585,0.24412912130355835,0.019438892602920532,0.009719483450201042,0.0,0.0,6
80.60000000000001,PINN Vanilla,0.23971236431598686,0.04368546443518562,0.01149552023090774,0.0165684215991036,0.2340942621231079,0.24405330419540405,0.019400596618652344,0.009700335384881319,0.0,0.0,2
80.7,PINN Vanilla,0.23965022161602995,0.043933378085437305,0.011553431119318638,0.016627012964911037,0.2340356707572937,0.24397754669189453,0.019364863634109497,0.009682468824322292,0.0,0.0,4
80.80000000000001,PINN Vanilla,0.2395879501104357,0.04418180559613831,0.011611506911263798,0.016685365912145533,0.2339773178100586,0.24390152096748352,0.019327312707901,0.009663693289456259,0.0,0.0,4
80.9,PINN Vanilla,0.23952555853128454,0.04443071213130749,0.011669744897565077,0.01674422549885146,0.2339184582233429,0.24382534623146057,0.01929110288619995,0.00964558830940687,0.0,0.0,4
81.0,PINN Vanilla,0.23946306067705175,0.044680042642960376,0.011728124354353128,0.016802727457695343,0.23385995626449585,0.24374929070472717,0.01925373077392578,0.009626902181849724,0.0,0.0,4
81.10000000000001,PINN Vanilla,0.23940041959285757,0.044929944559823826,0.011786689246452903,0.016861885067628257,0.23380079865455627,0.24367275834083557,0.01921701431274414,0.009608543881091825,0.0,0.0,2
81.2,PINN Vanilla,0.23933767384290716,0.04518026403288778,0.011845390592009985,0.016920565840404966,0.2337421178817749,0.24359598755836487,0.019179344177246094,0.009589708741353202,0.0,0.0,4
81.30000000000001,PINN Vanilla,0.23927480071783086,0.04543109165948277,0.011904257659119833,0.016979604241048718,0.23368307948112488,0.2435193955898285,0.019142448902130127,0.009571261033286418,0.0,0.0,4
81.4,PINN Vanilla,0.23921180519461652,0.04568240758428828,0.01196328397343495,0.01703870224633991,0.23362398147583008,0.2434426248073578,0.019105613231658936,0.00955284312765593,0.0,0.0,6
81.5,PINN Vanilla,0.2391486907899382,0.045934197777796344,0.012022463369479604,0.017097949263242207,0.23356473445892334,0.24336573481559753,0.019069015979766846,0.00953454443177062,0.0,0.0,4
81.60000000000001,PINN Vanilla,0.23908546432852767,0.04618643501325035,0.012081791940523041,0.017157106873177175,0.23350557684898376,0.24328866600990295,0.019031375646591187,0.009515724193250145,0.0,0.0,2
81.7,PINN Vanilla,0.23902211225032827,0.04643917338748152,0.012141278571229564,0.017216324087757806,0.23344635963439941,0.24321171641349792,0.01899513602256775,0.009497604311982608,0.0,0.0,2
81.80000000000001,PINN Vanilla,0.2389586503505709,0.046692349886598296,0.012200914564338193,0.017275809523236096,0.23338687419891357,0.24313399195671082,0.018957465887069702,0.009478769172243986,0.0,0.0,4
81.9,PINN Vanilla,0.23889506670832655,0.04694601206825476,0.012260706187585728,0.01733568238890959,0.2333270013332367,0.24305662512779236,0.018922239542007446,0.009461155932393469,0.0,0.0,4
82.0,PINN Vanilla,0.2388313524425032,0.04720019536290283,0.012320655486214735,0.017394989010458606,0.23326769471168518,0.24297913908958435,0.01888403296470642,0.009442052570728188,0.0,0.0,2
82.10000000000001,PINN Vanilla,0.23876754096150418,0.047454766490217876,0.01238074113117363,0.017454772469162938,0.23320791125297546,0.24290138483047485,0.018846839666366577,0.009423455850479927,0.0,0.0,2
82.2,PINN Vanilla,0.23870361229777357,0.047709805109269816,0.01244097848211525,0.017514466520901384,0.2331482172012329,0.24282366037368774,0.0188104510307312,0.009405261463121654,0.0,0.0,6
82.30000000000001,PINN Vanilla,0.23863954931497594,0.04796537958418613,0.012501379164845275,0.01757422017728233,0.23308846354484558,0.24274560809135437,0.018773198127746582,0.009386634940437096,0.0,0.0,4
82.4,PINN Vanilla,0.23857538807392142,0.04822134605306393,0.012561914968827897,0.017634122845278433,0.2330285608768463,0.24266743659973145,0.01873686909675598,0.009368470355515118,0.0,0.0,8
82.5,PINN Vanilla,0.23851112061738988,0.04847773626063736,0.012622585268352455,0.017694234129529918,0.23296844959259033,0.24258920550346375,0.01869872212409973,0.009349396796286132,0.0,0.0,2
82.60000000000001,PINN Vanilla,0.23844672146439574,0.048734651861391164,0.012683419529496621,0.017754196402169298,0.2329084873199463,0.24251097440719604,0.018661707639694214,0.009330889483346757,0.0,0.0,2
82.7,PINN Vanilla,0.23838221058249495,0.048992013196255436,0.012744400973296537,0.017814665314289657,0.23284801840782166,0.24243244528770447,0.01862594485282898,0.009313008021569582,0.0,0.0,6
82.80000000000001,PINN Vanilla,0.23831757774949094,0.04924986104591825,0.012805530393529475,0.017874716993895978,0.23278796672821045,0.24235373735427856,0.018588006496429443,0.009294038770867631,0.0,0.0,4
82.9,PINN Vanilla,0.23825284627079985,0.049508102435166325,0.012866792488657996,0.017934917685114626,0.2327277660369873,0.24227511882781982,0.01855069398880005,0.00927538244574678,0.0,0.0,2
83.0,PINN Vanilla,0.238188005179167,0.04976678111704127,0.012928195638123658,0.0179953567949116,0.23266732692718506,0.24219638109207153,0.018514126539230347,0.009257098651079619,0.0,0.0,2
83.10000000000001,PINN Vanilla,0.2381230416893961,0.050025948097126724,0.012989750565076575,0.018055974718644563,0.2326067090034485,0.24211761355400085,0.018477946519851685,0.009239008572248379,0.0,0.0,4
83.2,PINN Vanilla,0.23805797386169456,0.05028553132557711,0.013051437572480885,0.018116503235407366,0.23254618048667908,0.24203842878341675,0.018440544605255127,0.009220307543473083,0.0,0.0,4
83.30000000000001,PINN Vanilla,0.23799278065562268,0.05054561474165164,0.013113282630393705,0.018177240368429826,0.23248544335365295,0.2419591248035431,0.018403738737106323,0.009201904539060743,0.0,0.0,4
83.4,PINN Vanilla,0.23792748704552671,0.050806098712065303,0.013175256342510122,0.018237858292159126,0.23242482542991638,0.24187996983528137,0.018366903066635132,0.009183486633430254,0.0,0.0,2
83.5,PINN Vanilla,0.23786208498477956,0.0510670153382346,0.013237369698518443,0.01829871463446947,0.2323639690876007,0.24180036783218384,0.018330097198486328,0.009165083629017912,0.0,0.0,4
83.60000000000001,PINN Vanilla,0.2377965748012068,0.05132836331232394,0.013299617407777084,0.018359511372134873,0.2323031723499298,0.24172094464302063,0.01829323172569275,0.009146650822169275,0.0,0.0,4
83.7,PINN Vanilla,0.23773095256090185,0.05159015832835922,0.013362007194568745,0.018420367714446884,0.23224231600761414,0.2416413426399231,0.018256783485412598,0.009128426632374705,0.0,0.0,6
83.80000000000001,PINN Vanilla,0.2376652034521105,0.05185245947672513,0.013424550302683825,0.018481641289270323,0.23218104243278503,0.24156135320663452,0.018219441175460815,0.009109755406035706,0.0,0.0,4
83.9,PINN Vanilla,0.23759935098886512,0.052115172949949655,0.013487222240654599,0.018542765852481047,0.23211991786956787,0.24148178100585938,0.018183797597885132,0.009091933549131122,0.0,0.0,4
84.0,PINN Vanilla,0.23753342372179054,0.05237818484745184,0.013550004411521288,0.018604158636596146,0.23205852508544922,0.24140161275863647,0.018146604299545288,0.009073336828882861,0.0,0.0,4
84.10000000000001,PINN Vanilla,0.2374673734009268,0.052641687658835604,0.013612933855957784,0.018665253397483317,0.23199743032455444,0.24132147431373596,0.01810958981513977,0.009054829515943486,0.0,0.0,2
84.2,PINN Vanilla,0.23740120825171493,0.05290564856931963,0.013676001938106985,0.018726705786242637,0.23193597793579102,0.24124133586883545,0.01807427406311035,0.009037171572438527,0.0,0.0,5
84.30000000000001,PINN Vanilla,0.23733493560552618,0.05317003833094703,0.013739207261094837,0.018788009163388242,0.23187467455863953,0.24116095900535583,0.018037348985671997,0.009018708963153595,0.0,0.0,6
84.4,PINN Vanilla,0.23726855632662794,0.05343485349578777,0.013802545712717447,0.018849670168404775,0.23181301355361938,0.24108034372329712,0.018001645803451538,0.009000857303812717,0.0,0.0,9
84.5,PINN Vanilla,0.2372020685374739,0.053700101554172326,0.013866016101765355,0.018911122557162707,0.23175156116485596,0.24099993705749512,0.01796630024909973,0.00898318445908961,0.0,0.0,9
84.60000000000001,PINN Vanilla,0.23713548982143423,0.05396571235856135,0.013929605808464663,0.018972902771468014,0.23168978095054626,0.24091923236846924,0.017930567264556885,0.008965317898530584,0.0,0.0,5
84.7,PINN Vanilla,0.2370687890946867,0.054231809915537235,0.013993342506622819,0.019034474369517385,0.2316282093524933,0.24083858728408813,0.017895400524139404,0.008947734461116363,0.0,0.0,7
84.80000000000001,PINN Vanilla,0.2370019870698454,0.05449831159367632,0.01405720437882154,0.019096373793110633,0.23156630992889404,0.24075740575790405,0.017860621213912964,0.00893034473953806,0.0,0.0,5
84.9,PINN Vanilla,0.2369350939691069,0.05476517661229052,0.01412118543880587,0.019158213612062325,0.23150447010993958,0.24067643284797668,0.017826348543167114,0.00891320833866827,0.0,0.0,5
85.0,PINN Vanilla,0.2368680818080904,0.05503251661297233,0.014185311004002707,0.019220440861201782,0.23144224286079407,0.24059534072875977,0.017792999744415283,0.008896533875561054,0.0,0.0,9
85.10000000000001,PINN Vanilla,0.23680097723007223,0.055300225304365194,0.014249553402152884,0.019282310482473364,0.2313803732395172,0.2405140995979309,0.017759472131729126,0.008879770005144954,0.0,0.0,7
85.2,PINN Vanilla,0.23673377746343632,0.05556831374362389,0.014313913584668716,0.019344329115358105,0.23131835460662842,0.24043267965316772,0.017725646495819092,0.008862857122547377,0.0,0.0,5
85.30000000000001,PINN Vanilla,0.2366664571762087,0.05583688299076251,0.014378417579542524,0.019406556364497174,0.2312561273574829,0.24035131931304932,0.017694175243377686,0.008847121436183464,0.0,0.0,11
85.4,PINN Vanilla,0.23659903940558455,0.05610584114061528,0.014443045947264702,0.01946890282292757,0.23119378089904785,0.24026969075202942,0.017661958932876587,0.00883101321936586,0.0,0.0,3
85.5,PINN Vanilla,0.23653153344988845,0.05637515109821212,0.014507784389842227,0.01953127908368074,0.2311314046382904,0.2401881217956543,0.017631083726882935,0.0088155755573649,0.0,0.0,9
85.60000000000001,PINN Vanilla,0.2364639115333559,0.056644923672886524,0.014572664979655082,0.019593655344435024,0.23106902837753296,0.24010613560676575,0.017599046230316162,0.008799556747856182,0.0,0.0,7
85.7,PINN Vanilla,0.23639619567990325,0.056915071001872854,0.014637656874199973,0.01965621041912119,0.2310064733028412,0.24002408981323242,0.017568260431289673,0.008784163789509664,0.0,0.0,5
85.80000000000001,PINN Vanilla,0.23632837122678776,0.05718565158108557,0.01470278645758286,0.01971876549380669,0.23094391822814941,0.2399420440196991,0.01753753423690796,0.008768800633599442,0.0,0.0,3
85.9,PINN Vanilla,0.23626044788956663,0.057456626651036576,0.014768035998310619,0.01978161859171762,0.23088106513023376,0.23986011743545532,0.017509818077087402,0.008754942500722132,0.0,0.0,9
86.0,PINN Vanilla,0.2361924366950991,0.057727952220896175,0.014833396214619446,0.019844471689627663,0.23081821203231812,0.23977795243263245,0.017481178045272827,0.008740622430082246,0.0,0.0,7
86.10000000000001,PINN Vanilla,0.23612432861328145,0.05799966431558728,0.014898875968926846,0.01990705656663755,0.23075562715530396,0.23969554901123047,0.017452150583267212,0.008726108643606439,0.0,0.0,9
86.2,PINN Vanilla,0.23605610808730146,0.05827182499784788,0.014964488108825504,0.019969999071516698,0.23069268465042114,0.23961326479911804,0.017425060272216797,0.00871256343631023,0.0,0.0,7
86.30000000000001,PINN Vanilla,0.23598779597878478,0.05854435104178389,0.015030216334712779,0.0200327627624608,0.23062992095947266,0.23953062295913696,0.01739785075187683,0.00869895862414143,0.0,0.0,9
86.4,PINN Vanilla,0.23591939824819586,0.058817218668568504,0.015096050987490416,0.020095794674305945,0.23056688904762268,0.23944807052612305,0.01737150549888611,0.008685785947298913,0.0,0.0,7
86.5,PINN Vanilla,0.23585089933872244,0.05909048994093981,0.015162009452302106,0.020158975597764195,0.23050370812416077,0.23936524987220764,0.017345190048217773,0.00867262817167454,0.0,0.0,7
86.60000000000001,PINN Vanilla,0.23578229668736478,0.059364175083793505,0.015228089189629535,0.020221888300319568,0.23044079542160034,0.2392825484275818,0.017320841550827026,0.008660453876447916,0.0,0.0,15
86.7,PINN Vanilla,0.2357135928273203,0.05963826399112805,0.015294294535641764,0.020285248037710257,0.2303774356842041,0.23919951915740967,0.01729699969291687,0.008648532901929799,0.0,0.0,11
86.80000000000001,PINN Vanilla,0.2356448065340521,0.05991268175963871,0.015360603782489046,0.02034857797277645,0.23031410574913025,0.23911651968955994,0.017272770404815674,0.008636418211575764,0.0,0.0,9
86.9,PINN Vanilla,0.23557590785622617,0.06018754787793067,0.015427043311364375,0.020411878105523917,0.23025080561637878,0.23903340101242065,0.01724916696548462,0.008624616446802829,0.0,0.0,9
87.0,PINN Vanilla,0.23550693050026913,0.06046272787673787,0.015493583581061992,0.020475267645236828,0.23018741607666016,0.23895034193992615,0.01722666621208191,0.008613366027101357,0.0,0.0,9
87.10000000000001,PINN Vanilla,0.23543785125017186,0.06073831437459102,0.015560247846584828,0.020538925405853337,0.23012375831604004,0.23886683583259583,0.01720607280731201,0.008603069285361335,0.0,0.0,9
87.2,PINN Vanilla,0.23536868107318898,0.061014263618448646,0.015627021123005385,0.020602463957177963,0.23006021976470947,0.23878350853919983,0.017185896635055542,0.008592981160675379,0.0,0.0,9
87.30000000000001,PINN Vanilla,0.23529941046237968,0.06129061353553955,0.015693914348274187,0.0206660621131472,0.22999662160873413,0.23869985342025757,0.017165452241897583,0.008582758925026095,0.0,0.0,11
87.4,PINN Vanilla,0.23523005616664908,0.06156729730736037,0.015760913633867817,0.020729749676087816,0.22993293404579163,0.2386162281036377,0.01714622974395752,0.008573147639320863,0.0,0.0,11
87.5,PINN Vanilla,0.23516060745716116,0.061844357735799355,0.015828023433211207,0.02079394387850425,0.22986873984336853,0.2385326325893402,0.017130553722381592,0.008565309598575202,0.0,0.0,9
87.60000000000001,PINN Vanilla,0.23509105917811415,0.062121815389541826,0.01589525454137329,0.02085754203447493,0.2298051416873932,0.23844870924949646,0.01711210608482361,0.00855608574454181,0.0,0.0,5
87.7,PINN Vanilla,0.2350214309692385,0.06239959191735312,0.015962583625923534,0.02092146801599104,0.22974121570587158,0.2383647859096527,0.01709580421447754,0.008547934778215048,0.0,0.0,7
87.80000000000001,PINN Vanilla,0.23495171198248885,0.06267773059669823,0.016030023760240233,0.020985602613766474,0.22967708110809326,0.23828095197677612,0.01708167791366577,0.008540871600813064,0.0,0.0,11
87.9,PINN Vanilla,0.23488188579678557,0.06295629693824527,0.016097588590025604,0.021049468990637532,0.22961321473121643,0.23819702863693237,0.01706811785697937,0.008534091546555886,0.0,0.0,9
88.0,PINN Vanilla,0.23481198066473027,0.06323517823035472,0.0161652488969449,0.02111375260002224,0.22954893112182617,0.23811280727386475,0.017055481672286987,0.008527773430061284,0.0,0.0,13
88.10000000000001,PINN Vanilla,0.234741983830929,0.06351442535971609,0.016233024735389928,0.021177767988508234,0.2294849157333374,0.23802828788757324,0.017043083906173706,0.008521574523311865,0.0,0.0,13
88.2,PINN Vanilla,0.23467190870642682,0.06379398482396892,0.01630089431082321,0.021242141004861548,0.22942054271697998,0.23794400691986084,0.017032742500305176,0.008516403800614632,0.0,0.0,15
88.30000000000001,PINN Vanilla,0.23460172879695912,0.06407396231999876,0.01636888814837036,0.02130633520727676,0.22935634851455688,0.2378595471382141,0.0170232355594635,0.008511650312025533,0.0,0.0,13
88.4,PINN Vanilla,0.23453145813941975,0.06435430184866826,0.0164369881711582,0.021370797630597405,0.2292918860912323,0.23777499794960022,0.017015457153320312,0.008507761094088998,0.0,0.0,9
88.5,PINN Vanilla,0.23446111771464367,0.06463491970850671,0.016505177909229698,0.02143531965856127,0.22922736406326294,0.23769772052764893,0.01700735092163086,0.008503707962752838,0.0,0.0,13
88.60000000000001,PINN Vanilla,0.23439066818356535,0.06491597283977162,0.016573493883005982,0.021500020500460293,0.22916266322135925,0.23764470219612122,0.017002850770950317,0.008501457878812544,0.0,0.0,11
88.7,PINN Vanilla,0.23432013425231002,0.06519736267922559,0.01664190927055774,0.02156451272610127,0.22909817099571228,0.23759081959724426,0.016997843980789185,0.008498954474163739,0.0,0.0,19
88.80000000000001,PINN Vanilla,0.23424952992796919,0.0654790333466254,0.016710416969033266,0.02162912416103624,0.22903355956077576,0.23753708600997925,0.01699542999267578,0.00849774747549378,0.0,0.0,15
88.9,PINN Vanilla,0.23417883262038253,0.06576107496372487,0.016779034574327722,0.021693765398289433,0.22896891832351685,0.23748308420181274,0.01699244976043701,0.008496257353679015,0.0,0.0,17
89.0,PINN Vanilla,0.23410805198550244,0.06604344900882463,0.016847749865981036,0.02175867485644517,0.22890400886535645,0.23742899298667908,0.016992300748825073,0.008496182847588277,0.0,0.0,11
89.10000000000001,PINN Vanilla,0.2340371747016909,0.06632620862760255,0.016916578056159943,0.021823643919245128,0.22883903980255127,0.23737499117851257,0.016994386911392212,0.008497225932858612,0.0,0.0,23
89.2,PINN Vanilla,0.23396622225642225,0.06660926809738786,0.016985499540116383,0.021888374563465096,0.2287743091583252,0.23732054233551025,0.01699584722518921,0.008497956092547847,0.0,0.0,17
89.30000000000001,PINN Vanilla,0.2338951765894892,0.06689269946802597,0.017054533033108835,0.021953194614654503,0.22870948910713196,0.23726549744606018,0.016998350620269775,0.00849920779487225,0.0,0.0,15
89.4,PINN Vanilla,0.23382405653595945,0.06717642759842389,0.01712365378629381,0.022018461700682945,0.2286442220211029,0.23721054196357727,0.01700592041015625,0.008502992704281752,0.0,0.0,21
89.5,PINN Vanilla,0.23375284492969534,0.06746052097160307,0.0171928834047095,0.022083430763481293,0.22857925295829773,0.2371554970741272,0.01700928807258606,0.008504676541932436,0.0,0.0,17
89.60000000000001,PINN Vanilla,0.2336815575659277,0.06774491657367229,0.017262206075608837,0.022148519035570524,0.228514164686203,0.23709994554519653,0.017017453908920288,0.00850875947570489,0.0,0.0,17
89.7,PINN Vanilla,0.2336101746261122,0.0680296934692309,0.01733163943932881,0.022214084144817126,0.22844859957695007,0.23704418540000916,0.01702842116355896,0.008514243123983222,0.0,0.0,23
89.80000000000001,PINN Vanilla,0.23353871789574643,0.06831476474666671,0.017401161512911274,0.022279381033163737,0.22838330268859863,0.23698899149894714,0.017039328813552856,0.008519696969825262,0.0,0.0,15
89.9,PINN Vanilla,0.23346718338131925,0.0686001463377936,0.017470778503134606,0.022344677921509737,0.2283180058002472,0.23693275451660156,0.017051607370376587,0.008525836271702092,0.0,0.0,27
90.0,PINN Vanilla,0.23339556208252926,0.06888587414864031,0.01754049724569402,0.0224100940191459,0.2282525897026062,0.2368764877319336,0.017061173915863037,0.008530619562727486,0.0,0.0,19
90.10000000000001,PINN Vanilla,0.23332385057210944,0.06917196185203212,0.017610322537634105,0.02247551011678134,0.2281871736049652,0.2368200123310089,0.017075926065444946,0.00853799566571057,0.0,0.0,21
90.2,PINN Vanilla,0.23325207328796407,0.069458311954779,0.01768022636978498,0.022540985819063275,0.22812169790267944,0.23676350712776184,0.017090022563934326,0.008545043941894405,0.0,0.0,15
90.30000000000001,PINN Vanilla,0.23318019872903845,0.06974505012798096,0.017750246176794954,0.02260669993992276,0.22805598378181458,0.23670655488967896,0.017106592655181885,0.008553329019184496,0.0,0.0,19
90.4,PINN Vanilla,0.23310825443267844,0.07003206651345771,0.017820348878024184,0.022672533270074124,0.22799015045166016,0.23664957284927368,0.01712578535079956,0.00856292540367158,0.0,0.0,17
90.5,PINN Vanilla,0.23303624364733716,0.07031934815174869,0.017890532683131517,0.022738128181643447,0.22792455554008484,0.2365926206111908,0.017144054174423218,0.008572059850396085,0.0,0.0,23
90.60000000000001,PINN Vanilla,0.23296412533521674,0.07060705876007695,0.017960839258764454,0.0228037826978591,0.22785890102386475,0.23653492331504822,0.017162173986434937,0.008581119791029854,0.0,0.0,29
90.7,PINN Vanilla,0.23289195263385792,0.07089498635020088,0.018031214144817242,0.022869794841944457,0.227792888879776,0.23647725582122803,0.017179638147354126,0.008589851904864373,0.0,0.0,23
90.80000000000001,PINN Vanilla,0.23281968101859113,0.07118330854995725,0.018101704360799324,0.022935657974416046,0.2277270257472992,0.2364192008972168,0.017202705144882202,0.008601385447710651,0.0,0.0,35
90.9,PINN Vanilla,0.23274733868241332,0.07147191288549481,0.018172277745737896,0.023001610513856796,0.22766107320785522,0.2363612949848175,0.01722043752670288,0.0086102516725085,0.0,0.0,27
91.0,PINN Vanilla,0.23267492511868498,0.07176080137801401,0.01824293723954348,0.023067801471875593,0.22759488224983215,0.23630300164222717,0.017241686582565308,0.00862087624104777,0.0,0.0,29
91.10000000000001,PINN Vanilla,0.2326024396419527,0.0720499767620799,0.018313682136222958,0.023133664604346238,0.22752901911735535,0.23624438047409058,0.01726052165031433,0.008630293810917082,0.0,0.0,29
91.2,PINN Vanilla,0.23252987158298513,0.07233948160179246,0.018384525391443838,0.023199855562362703,0.22746282815933228,0.2361857295036316,0.01728495955467224,0.00864251280979815,0.0,0.0,37
91.30000000000001,PINN Vanilla,0.23245722424984,0.0726293026999029,0.01845545934791425,0.023266284938961934,0.2273963987827301,0.2361268699169159,0.017305821180343628,0.008652943662501503,0.0,0.0,35
91.4,PINN Vanilla,0.23238449424505253,0.07291945361034267,0.01852649220922695,0.023332386490014123,0.2273302972316742,0.2360675036907196,0.017324596643447876,0.008662331429934519,0.0,0.0,27
91.5,PINN Vanilla,0.23231169423460982,0.07320988380310431,0.018597606512305253,0.023398726459643582,0.22726395726203918,0.23600852489471436,0.017348825931549072,0.008674446120288554,0.0,0.0,31
91.60000000000001,PINN Vanilla,0.23223883360624334,0.0735005558265357,0.018668796771003346,0.02346509623159515,0.2271975874900818,0.23594903945922852,0.01736941933631897,0.008684742862028577,0.0,0.0,25
91.7,PINN Vanilla,0.23216588178277037,0.0737915916660187,0.018740091988346443,0.02353167461980621,0.22713100910186768,0.23588934540748596,0.017392516136169434,0.008696291306093002,0.0,0.0,35
91.80000000000001,PINN Vanilla,0.23209285774827024,0.07408291558598976,0.018811471361180797,0.023598014589435334,0.22706466913223267,0.23582914471626282,0.017414391040802002,0.008707228800213372,0.0,0.0,31
91.9,PINN Vanilla,0.23201976642012617,0.07437450796891651,0.018882932462617387,0.02366453337299962,0.22699815034866333,0.23576897382736206,0.017435044050216675,0.00871755534438969,0.0,0.0,33
92.0,PINN Vanilla,0.23194659858942052,0.07466640555308672,0.01895448190062504,0.02373129057514256,0.2269313931465149,0.23570877313613892,0.017457008361816406,0.008728537542164506,0.0,0.0,25
92.10000000000001,PINN Vanilla,0.23187336322665236,0.07495857255136565,0.019026113642533447,0.023797958370318728,0.22686472535133362,0.23564821481704712,0.017479240894317627,0.008739653850902649,0.0,0.0,29
92.2,PINN Vanilla,0.2318000456392767,0.07525106757856194,0.019097838277324253,0.023864804979428056,0.22679787874221802,0.23558732867240906,0.017499953508377075,0.008750010197515262,0.0,0.0,23
92.30000000000001,PINN Vanilla,0.23172666117548962,0.07554382940419602,0.019169643795878596,0.023931383367640613,0.2267313003540039,0.2355261743068695,0.01752328872680664,0.008761677851324867,0.0,0.0,33
92.4,PINN Vanilla,0.23165320530533812,0.0758368761001764,0.019241532041230615,0.02399822997674994,0.2266644537448883,0.2354651689529419,0.017543911933898926,0.008771989494283037,0.0,0.0,33
92.5,PINN Vanilla,0.23157968294620535,0.07613018804897101,0.019313502756853004,0.02406525539979565,0.22659742832183838,0.2354038953781128,0.017568379640579224,0.008784223394382255,0.0,0.0,33
92.60000000000001,PINN Vanilla,0.2315060780942442,0.07642382909673004,0.01938556604337214,0.024132161613549308,0.226530522108078,0.23534205555915833,0.01758819818496704,0.008794132704450439,0.0,0.0,29
92.7,PINN Vanilla,0.2314324112236502,0.07671771756318295,0.019457704641228216,0.024199038024981134,0.22646364569664001,0.23528042435646057,0.017609119415283203,0.008804593359590085,0.0,0.0,31
92.80000000000001,PINN Vanilla,0.23135867461562176,0.07701188424191077,0.019533576257524228,0.024266123052671118,0.2263965606689453,0.2352185845375061,0.017630815505981445,0.00881544144640157,0.0,0.0,25
92.9,PINN Vanilla,0.23128485387563727,0.07730638655878026,0.019605905771141494,0.024333237882681158,0.22632944583892822,0.23515623807907104,0.017650723457336426,0.008825395460124197,0.0,0.0,31
93.0,PINN Vanilla,0.2309758924841881,0.07853896490497561,0.01967829663317848,0.02440032291037192,0.22626236081123352,0.23509365320205688,0.01767212152481079,0.008836094534754207,0.0,0.0,29
93.10000000000001,PINN Vanilla,0.2311370349228384,0.07789609920709063,0.019750780788746706,0.02446755694967312,0.22619512677192688,0.2350415289402008,0.01769310235977173,0.008846584992330148,0.0,0.0,39
93.2,PINN Vanilla,0.23106303098797817,0.07819133236620521,0.019823331860002354,0.024535059209878418,0.22612762451171875,0.2349904477596283,0.017715394496917725,0.008857731103504587,0.0,0.0,33
93.30000000000001,PINN Vanilla,0.23098894894123098,0.07848687714684632,0.01989224851596669,0.02460226344685651,0.2260604202747345,0.23493888974189758,0.01773408055305481,0.00886707416728316,0.0,0.0,27
93.4,PINN Vanilla,0.23091479617357275,0.07878270406326877,0.01996495687914419,0.02466952728848215,0.22599315643310547,0.23488757014274597,0.017755120992660522,0.008877594427295398,0.0,0.0,31
93.5,PINN Vanilla,0.23084057754278203,0.07907879373572854,0.020037741780738735,0.024737089153327563,0.22592559456825256,0.23483622074127197,0.01777443289756775,0.008887250416655071,0.0,0.0,25
93.60000000000001,PINN Vanilla,0.2307662936449053,0.07937514378634287,0.020110603473789613,0.024804621215852696,0.22585806250572205,0.23478442430496216,0.017794817686080933,0.008897442849868062,0.0,0.0,23
93.7,PINN Vanilla,0.23069194170832655,0.07967176527226645,0.02018354579500578,0.02487203406908911,0.22579064965248108,0.23473325371742249,0.017816543579101562,0.008908305837897694,0.0,0.0,31
93.80000000000001,PINN Vanilla,0.23061753237247487,0.07996861574829313,0.02025655606755082,0.024939566131615687,0.22572311758995056,0.2346813678741455,0.0178377628326416,0.008918915505218818,0.0,0.0,23
93.9,PINN Vanilla,0.23054304972291012,0.08026575870389077,0.020329651222910507,0.025007306810399033,0.22565537691116333,0.23462939262390137,0.01785755157470703,0.008928809914068853,0.0,0.0,31
94.0,PINN Vanilla,0.23046850141882916,0.08056316358326676,0.02040282352780356,0.025075077291503378,0.2255876064300537,0.23457765579223633,0.01787671446800232,0.00893839139733779,0.0,0.0,23
94.10000000000001,PINN Vanilla,0.23039389055967352,0.08086081802143108,0.020476069940358155,0.025142668958671732,0.22552001476287842,0.23452571034431458,0.01789766550064087,0.008948866953695584,0.0,0.0,25
94.2,PINN Vanilla,0.23031921657919904,0.08115872427737245,0.0205493880061921,0.025210469242100575,0.2254522144794464,0.2344735860824585,0.01791742444038391,0.008958746461327473,0.0,0.0,29
94.30000000000001,PINN Vanilla,0.2302444758415224,0.08145689685617517,0.020622785231081547,0.02527829932784814,0.22538438439369202,0.23442158102989197,0.01793423295021057,0.008967150748362743,0.0,0.0,19
94.4,PINN Vanilla,0.2301696850657465,0.08175526905822975,0.02069624549197255,0.02534609961127654,0.22531658411026,0.23436927795410156,0.01795375347137451,0.008976911046249451,0.0,0.0,17
94.5,PINN Vanilla,0.23009481683373473,0.08205395026613992,0.02076979005663199,0.02541398930166916,0.22524869441986084,0.23431724309921265,0.017974764108657837,0.00898741640504354,0.0,0.0,27
94.60000000000001,PINN Vanilla,0.2300198845565321,0.08235288697754534,0.020843412201739117,0.025481908794387387,0.22518077492713928,0.23426496982574463,0.017994612455368042,0.008997340616329872,0.0,0.0,27
94.7,PINN Vanilla,0.22994489684700986,0.08265204483204093,0.020917099797058126,0.025550066705683605,0.22511261701583862,0.23421266674995422,0.018014192581176758,0.009007130716652875,0.0,0.0,25
94.80000000000001,PINN Vanilla,0.22986985075473806,0.08295143560014605,0.020990855374209888,0.025618075605367385,0.2250446081161499,0.2341597080230713,0.018032610416412354,0.00901633966946812,0.0,0.0,23
94.9,PINN Vanilla,0.229794722735882,0.0832511532082271,0.02106470393650212,0.025686114307375885,0.2249765694141388,0.23410743474960327,0.018050074577331543,0.009025071783302639,0.0,0.0,15
95.0,PINN Vanilla,0.2297195597589018,0.0835510102791279,0.02113859823923028,0.025754391427959933,0.22490829229354858,0.2340550720691681,0.018070846796035767,0.009035457932351549,0.0,0.0,23
95.10000000000001,PINN Vanilla,0.2296443242728712,0.08385115661945804,0.02121257452623946,0.02582266854854376,0.22484001517295837,0.2340019941329956,0.018088966608047485,0.009044517872985316,0.0,0.0,19
95.2,PINN Vanilla,0.22956902611255667,0.08415155299415303,0.021286625399547576,0.025891005273773304,0.2247716784477234,0.23394912481307983,0.018110543489456177,0.00905530635492421,0.0,0.0,21
95.30000000000001,PINN Vanilla,0.2294936713874342,0.08445217502991546,0.02136074188804093,0.025959222789714964,0.22470346093177795,0.23389634490013123,0.018127799034118652,0.009063934160231697,0.0,0.0,21
95.4,PINN Vanilla,0.22941825878620167,0.08475302795808716,0.021434925359613746,0.026027440305653404,0.22463524341583252,0.23384371399879456,0.018146783113479614,0.009073426236191747,0.0,0.0,21
95.5,PINN Vanilla,0.22934279149770756,0.08505409905699572,0.021509174130797365,0.026096045251788436,0.22456663846969604,0.2337905466556549,0.018166333436965942,0.009083201435296603,0.0,0.0,19
95.60000000000001,PINN Vanilla,0.22926725712418577,0.08535543778660104,0.021583501083154454,0.02616450118630581,0.2244981825351715,0.23373758792877197,0.018184900283813477,0.009092484894202585,0.0,0.0,17
95.7,PINN Vanilla,0.22919166746735592,0.08565699706482607,0.021657891356968998,0.026232867713860464,0.22442981600761414,0.23368439078330994,0.01820206642150879,0.00910106799585563,0.0,0.0,15
95.80000000000001,PINN Vanilla,0.22911602267622969,0.08595877629719985,0.021732347441689146,0.026301562066958106,0.2243611216545105,0.23363107442855835,0.018220514059066772,0.009110291849889022,0.0,0.0,13
95.9,PINN Vanilla,0.2290403143167498,0.08626080913076264,0.02180687660412355,0.026370226617738135,0.22429245710372925,0.2335778772830963,0.018239140510559082,0.0091196051112313,0.0,0.0,13
96.0,PINN Vanilla,0.22896455278992672,0.08656305407146155,0.021881468776767683,0.026438652749933622,0.2242240309715271,0.23352429270744324,0.018256455659866333,0.00912826271897508,0.0,0.0,13
96.10000000000001,PINN Vanilla,0.22888873755931874,0.08686551325939079,0.02195612438093238,0.02650743650999915,0.2241552472114563,0.2334710657596588,0.018277138471603394,0.009138604164369547,0.0,0.0,13
96.2,PINN Vanilla,0.22881286826729794,0.08716818812128012,0.0220308422450001,0.026576130863099956,0.22408655285835266,0.2334175407886505,0.018295198678970337,0.00914763430256702,0.0,0.0,17
96.30000000000001,PINN Vanilla,0.22873692038655302,0.08747117650700212,0.02210565029259514,0.02664494442548898,0.22401773929595947,0.23336395621299744,0.018312573432922363,0.009156321712747096,0.0,0.0,15
96.4,PINN Vanilla,0.22866094440221807,0.0877742770098931,0.022180494951652287,0.02671363877858718,0.22394904494285583,0.23331031203269958,0.018330872058868408,0.00916547106068975,0.0,0.0,19
96.5,PINN Vanilla,0.2285849092602732,0.08807761351764105,0.022255407567194338,0.02678257155026409,0.2238801121711731,0.23325657844543457,0.01834985613822937,0.0091749631366498,0.0,0.0,15
96.60000000000001,PINN Vanilla,0.22850880634784718,0.08838122039065108,0.022330396263648612,0.026851474519620278,0.22381120920181274,0.23320257663726807,0.01836615800857544,0.009183114102976562,0.0,0.0,13
96.7,PINN Vanilla,0.2284326656162741,0.08868497814031764,0.022405433231322165,0.026920317884329636,0.22374236583709717,0.23314893245697021,0.018383324146270752,0.009191697204629605,0.0,0.0,9
96.80000000000001,PINN Vanilla,0.22835645583272002,0.08898901136769403,0.022480549193052195,0.026989369865298485,0.22367331385612488,0.23309507966041565,0.018402665853500366,0.009201368095207427,0.0,0.0,13
96.9,PINN Vanilla,0.22828019633889218,0.08929324291048688,0.022555721688857902,0.02705854105555533,0.22360414266586304,0.23304089903831482,0.01842060685157776,0.00921033862853231,0.0,0.0,9
97.0,PINN Vanilla,0.22820388120412846,0.08959769642862886,0.022630961598220426,0.02712756323419907,0.22353512048721313,0.23298704624176025,0.01843675971031189,0.009218415088768334,0.0,0.0,7
97.10000000000001,PINN Vanilla,0.22812753576040287,0.08990227086210566,0.022706238759733818,0.027196496005875648,0.2234661877155304,0.23293253779411316,0.018455028533935547,0.009227549535492839,0.0,0.0,13
97.2,PINN Vanilla,0.2280511199235918,0.0902071261235282,0.022781595224288097,0.027265726800776047,0.22339695692062378,0.23287838697433472,0.01847323775291443,0.00923665417978105,0.0,0.0,13
97.30000000000001,PINN Vanilla,0.22797463789582273,0.09051224544882354,0.022857026456161295,0.02733498739800283,0.22332769632339478,0.23282402753829956,0.01848965883255005,0.009244864750980403,0.0,0.0,9
97.4,PINN Vanilla,0.2278981237411501,0.090817492941996,0.022932499356962763,0.027404456611483496,0.22325822710990906,0.23276996612548828,0.018509328365325928,0.009254699554957849,0.0,0.0,19
97.5,PINN Vanilla,0.22782155165076276,0.09112297156536589,0.023008038357028613,0.027473478790131567,0.22318920493125916,0.23271533846855164,0.018524736166000366,0.009262403484740181,0.0,0.0,11
97.60000000000001,PINN Vanilla,0.22774494302272816,0.09142859595294481,0.023083623633507196,0.027542769189673244,0.22311991453170776,0.23266097903251648,0.01854303479194641,0.009271552832682835,0.0,0.0,13
97.7,PINN Vanilla,0.2276682695746424,0.0917344789352662,0.02315928009122827,0.027612089391542916,0.22305059432983398,0.23260632157325745,0.01855868101119995,0.009279375972210348,0.0,0.0,7
97.80000000000001,PINN Vanilla,0.2275915440917017,0.09204056950674666,0.02323499931678326,0.027681558605023915,0.22298112511634827,0.23255160450935364,0.018576622009277344,0.009288346505535231,0.0,0.0,9
97.9,PINN Vanilla,0.22751477810740492,0.09234682165535585,0.023310766873500213,0.02775093841153997,0.2229117453098297,0.232496976852417,0.01859322190284729,0.009296646484043469,0.0,0.0,13
98.0,PINN Vanilla,0.22743795323371907,0.09265330873877496,0.02338660068729711,0.02782061624127785,0.22284206748008728,0.23244228959083557,0.018610060214996338,0.009305065672296888,0.0,0.0,7
98.10000000000001,PINN Vanilla,0.2273610942363741,0.09295993195597807,0.02346247864677369,0.0278899066408268,0.2227727770805359,0.23238760232925415,0.018626749515533447,0.009313410354459569,0.0,0.0,11
98.2,PINN Vanilla,0.2272841814160349,0.09326676989598814,0.023538418432538413,0.02795952486591896,0.22270315885543823,0.23233258724212646,0.01864415407180786,0.009322112665857795,0.0,0.0,13
98.30000000000001,PINN Vanilla,0.2272072124481203,0.09357383183254774,0.02361442068873402,0.028029083486366513,0.22263360023498535,0.23227748274803162,0.01866021752357483,0.009330144422439375,0.0,0.0,9
98.4,PINN Vanilla,0.2271302050948145,0.09388104690475259,0.02369047152545964,0.028098761316104615,0.22256392240524292,0.2322225272655487,0.018677502870559692,0.009338787128965008,0.0,0.0,11
98.5,PINN Vanilla,0.2270531446337702,0.09418847384630513,0.023766582477895756,0.02816843914584327,0.2224942445755005,0.2321675717830658,0.018694788217544556,0.009347429835490643,0.0,0.0,11
98.60000000000001,PINN Vanilla,0.22697604203224203,0.0944960689041639,0.023842744480695826,0.02823808717325682,0.22242459654808044,0.23211219906806946,0.018710076808929443,0.009355074160400385,0.0,0.0,7
98.7,PINN Vanilla,0.2268988843858244,0.09480388355948927,0.02391896830440589,0.028308033223894802,0.22235465049743652,0.23205706477165222,0.01872694492340088,0.009363508249871953,0.0,0.0,7
98.80000000000001,PINN Vanilla,0.22682168528437635,0.09511186359655566,0.023995241998499176,0.028377651448989627,0.22228503227233887,0.23200172185897827,0.018743842840194702,0.009371957240561666,0.0,0.0,13
98.9,PINN Vanilla,0.22674444276094458,0.0954200168623761,0.024071567681790574,0.02844753789498039,0.22221514582633972,0.23194622993469238,0.01875963807106018,0.009379854886179918,0.0,0.0,13
99.0,PINN Vanilla,0.22666715610027333,0.09572834621040986,0.024147945120108056,0.028517334934010874,0.22214534878730774,0.23189103603363037,0.01877501606941223,0.009387543914744103,0.0,0.0,3
99.10000000000001,PINN Vanilla,0.22658981734514255,0.09603688338539076,0.02422438269729251,0.028587221380002525,0.2220754623413086,0.23183545470237732,0.018791526556015015,0.009395799189597898,0.0,0.0,9
99.2,PINN Vanilla,0.2265124466121199,0.0963455481337779,0.02430086027385242,0.028657346244578996,0.22200533747673035,0.23177987337112427,0.018808364868164062,0.009404218377851319,0.0,0.0,11
99.30000000000001,PINN Vanilla,0.22643502575159094,0.09665441286209943,0.024377393948328063,0.02872714328360626,0.22193554043769836,0.2317240834236145,0.01882350444793701,0.009411788196670321,0.0,0.0,9
99.4,PINN Vanilla,0.2263575550019743,0.09696347661920224,0.02445398721350816,0.02879732775282401,0.22186535596847534,0.23166850209236145,0.018839627504348755,0.009419849755688197,0.0,0.0,7
99.5,PINN Vanilla,0.22628004696965237,0.09727268911286727,0.0245306237244661,0.028867124791848275,0.22179555892944336,0.23161259293556213,0.018855184316635132,0.009427628191561267,0.0,0.0,11
99.60000000000001,PINN Vanilla,0.22620249274373075,0.09758208589244081,0.02460731461318271,0.028937279458743748,0.22172540426254272,0.2315567135810852,0.018870145082473755,0.009435108603071386,0.0,0.0,5
99.7,PINN Vanilla,0.22612490034103414,0.09789163497540074,0.024684051053168742,0.02900740432331811,0.22165527939796448,0.23150110244750977,0.018886595964431763,0.009443334075488885,0.0,0.0,7
99.80000000000001,PINN Vanilla,0.22604725894331953,0.09820137952031777,0.02476084388434915,0.029077558990214025,0.22158512473106384,0.23144477605819702,0.018901139497756958,0.009450605869944936,0.0,0.0,5
99.9,PINN Vanilla,0.22596958374977133,0.09851125889118344,0.02483767795168611,0.02914771365710822,0.2215149700641632,0.2313891053199768,0.018917351961135864,0.009458712132617255,0.0,0.0,9
100.0,PINN Vanilla,0.2258918547332289,0.09882135298485605,0.02491457411639658,0.029217927928649967,0.2214447557926178,0.23133280873298645,0.018932759761810303,0.009466416062399587,0.0,0.0,9
0.0,PINN Conservative,0.25066305255889915,1.4866781546807556e-06,0.00018246907034409154,0.00046852367313057476,-0.0004647970199584961,0.9999120831489563,2.0006515979766846,1.000329622338217,0.0,0.0004647970199584961,1
0.1,PINN Conservative,0.2518763010799887,0.0048416508444095036,0.011995130995192874,0.02213059489936503,0.008591890335083008,0.9301723837852478,1.8426405489444733,0.9213237958547297,0.0,0.0,1
0.2,PINN Conservative,0.2528102275133135,0.008567480448089818,0.0191890228105084,0.03426153047092717,0.017282068729400635,0.8661156296730042,1.696677953004837,0.8483422189427542,0.0,0.0,1
0.30000000000000004,PINN Conservative,0.2534997103214266,0.011318120504984975,0.02376612328413044,0.040161623637786026,0.025701463222503662,0.8077674508094788,1.562813401222229,0.7814096872292882,0.0,0.0,1
0.4,PINN Conservative,0.2539779854118826,0.013226163180659129,0.026976947495892342,0.04213463214540214,0.03384500741958618,0.7550002932548523,1.440787822008133,0.7203966644249741,0.0,0.0,1
0.5,PINN Conservative,0.25427599582076094,0.014415053401541903,0.02950910854989313,0.04375383353102121,0.04170975089073181,0.7075835466384888,1.330133080482483,0.6650690821951487,0.0,0.0,1
0.6000000000000001,PINN Conservative,0.25442238891124747,0.014999077678879468,0.031697699713179574,0.04937429393323231,0.04929065704345703,0.6651995778083801,1.2302089631557465,0.6151068325715644,0.0,0.0,1
0.7000000000000001,PINN Conservative,0.2544432220160963,0.015082189791367911,0.033668431751157954,0.05407680633135698,0.05658453702926636,0.6274896264076233,1.1402918100357056,0.57014808417516,0.0,0.0,1
0.8,PINN Conservative,0.25436195221543334,0.014757970004465267,0.03543868271690251,0.057870578599339174,0.0635882019996643,0.5940780639648438,1.0596213638782501,0.5298127069309891,0.0,0.0,1
0.9,PINN Conservative,0.2541994720399382,0.014109767505564126,0.03698137796300935,0.060785256844356886,0.07030048966407776,0.5645593404769897,0.9873764514923096,0.49369011267421153,0.0,0.0,1
1.0,PINN Conservative,0.25397421845793744,0.013211135199842034,0.038259782890786354,0.06287223517412488,0.07672029733657837,0.53854900598526,0.922777384519577,0.4613904557356486,0.0,0.0,1
1.1,PINN Conservative,0.25370226466655754,0.012126195904196314,0.039245302559080535,0.06419725248521777,0.08284765481948853,0.5156762599945068,0.8650701344013214,0.4325367203949466,0.0,0.0,1
1.2000000000000002,PINN Conservative,0.25339751479029676,0.01091041908262364,0.0399212209000327,0.0648337655249816,0.0886831283569336,0.49558794498443604,0.8135347664356232,0.4067689379253131,0.0,0.0,1
1.3,PINN Conservative,0.2530718883275988,0.009611356682020369,0.04028457511121687,0.06485876028732265,0.09418216347694397,0.47795790433883667,0.767503172159195,0.383753052818314,0.0,0.0,1
1.4000000000000001,PINN Conservative,0.2527355034351351,0.008269374331108435,0.040342301915164046,0.06434716420557993,0.09912189841270447,0.46249234676361084,0.7263705432415009,0.36318665975286113,0.0,0.0,1
1.5,PINN Conservative,0.2523968130052092,0.006918194211054712,0.040110120839252444,0.0633700580910046,0.10378935933113098,0.44892430305480957,0.6895862817764282,0.34479445872367664,0.0,0.0,1
1.6,PINN Conservative,0.2520628299713137,0.0055857938951272635,0.03960934128281865,0.0619956963717375,0.1081991195678711,0.4370118975639343,0.6566454768180847,0.3283239932929032,0.0,0.0,1
1.7000000000000002,PINN Conservative,0.2517393243312838,0.004295192357820058,0.0388643956334285,0.06028362558125689,0.11236461997032166,0.42654120922088623,0.6271000504493713,0.31355122364569094,0.0,0.0,1
1.8,PINN Conservative,0.2514308914244177,0.0030647223613130994,0.03790225584683379,0.05829067200577076,0.11629924178123474,0.41732513904571533,0.6005543172359467,0.3002783063086936,0.0,0.0,1
1.9000000000000001,PINN Conservative,0.2511411527991297,0.0019088318019414457,0.03675008622052563,0.05606560813915802,0.12001639604568481,0.4091954827308655,0.5766494870185852,0.28832584551663165,0.0,0.0,1
2.0,PINN Conservative,0.25087285903096224,0.0008384938949581608,0.0354353426331561,0.053654428095404716,0.12352937459945679,0.4020041823387146,0.5550660490989685,0.27753408530974427,0.0,0.0,1
2.1,PINN Conservative,0.25062799271941205,0.00013838192733736413,0.033984193176603915,0.051095699830078084,0.12685126066207886,0.3956262469291687,0.5355305671691895,0.2677663070115267,0.0,0.0,1
2.2,PINN Conservative,0.2504079273045065,0.0010163164287544854,0.032422032924551286,0.04842649239324377,0.12999507784843445,0.38994675874710083,0.5177883505821228,0.2588951648116892,0.0,0.0,1
2.3000000000000003,PINN Conservative,0.25021346944570566,0.0017920915017537388,0.030772307080972023,0.04615996927751698,0.13297271728515625,0.38486725091934204,0.5016189217567444,0.25081041949837557,0.0,0.0,1
2.4000000000000004,PINN Conservative,0.2500449252128603,0.002464486103573935,0.029057071425175652,0.04405366207649036,0.13579651713371277,0.3803049921989441,0.48683157563209534,0.24341671817665894,0.0,0.0,1
2.5,PINN Conservative,0.2499022140502932,0.003033821605060141,0.027296641394920048,0.04186557224816262,0.13847756385803223,0.3761829733848572,0.4732491970062256,0.23662550290708792,0.0,0.0,1
2.6,PINN Conservative,0.24978489929437658,0.0035018400430719947,0.025509335257627653,0.0396274461567519,0.1410275101661682,0.37244004011154175,0.46072399616241455,0.23036287854886828,0.0,0.0,1
2.7,PINN Conservative,0.2496923030316832,0.003871245902487508,0.023712164410857627,0.03736498432105001,0.14345601201057434,0.36901789903640747,0.44911742210388184,0.22455956933883167,0.0,0.0,1
2.8000000000000003,PINN Conservative,0.24962344962358496,0.0041459314205891775,0.02192023530391282,0.03510225338453271,0.14577341079711914,0.3658713698387146,0.43831565976142883,0.2191586675248722,0.0,0.0,1
2.9000000000000004,PINN Conservative,0.24957724374532722,0.004330266313503444,0.0201474990313512,0.03285870235746119,0.14798936247825623,0.36295658349990845,0.42820873856544495,0.21410518761202507,0.0,0.0,1
3.0,PINN Conservative,0.24955236795544647,0.004429506415341747,0.01840646820715113,0.030652450603515125,0.15011218190193176,0.36024022102355957,0.41870781779289246,0.20935470906899215,0.0,0.0,1
3.1,PINN Conservative,0.24954742148518586,0.004449239988215479,0.016708817924841586,0.02849690421668194,0.15215101838111877,0.3576905131340027,0.4097299873828888,0.2048657767068867,0.0,0.0,1
3.2,PINN Conservative,0.2495609228909018,0.00439537714065838,0.015065421218684705,0.026404690573197442,0.15411239862442017,0.35528093576431274,0.4012019634246826,0.20060174843028367,0.0,0.0,1
3.3000000000000003,PINN Conservative,0.24959132143855117,0.004274104410066786,0.013486844101523654,0.024386610980996593,0.15600433945655823,0.3529910445213318,0.3930642902851105,0.19653289630897847,0.0,0.0,1
3.4000000000000004,PINN Conservative,0.24963704052567504,0.004091711533946008,0.011983943288977809,0.0224501144164882,0.1578332781791687,0.35080039501190186,0.3852594494819641,0.19263046099194617,0.0,0.0,1
3.5,PINN Conservative,0.24969643700122857,0.003854753740403554,0.010568407213778597,0.02060189488124553,0.1596052050590515,0.34869384765625,0.377739816904068,0.18887063033258683,0.0,0.0,1
3.6,PINN Conservative,0.24976794588565848,0.0035694743982324145,0.009256172717303947,0.01884717213241155,0.1613258421421051,0.34665656089782715,0.37046095728874207,0.18523118661464233,0.0,0.0,1
3.7,PINN Conservative,0.2498499686419966,0.0032422507510206458,0.008057939466683872,0.01718869363115022,0.16296762228012085,0.3446776270866394,0.36338746547698975,0.18169442719095324,0.0,0.0,1
3.8000000000000003,PINN Conservative,0.24994095551967643,0.002879265412658277,0.007002346980973576,0.015629349688213334,0.16437524557113647,0.3427477478981018,0.3564874231815338,0.17824439285688345,0.0,0.0,1
3.9000000000000004,PINN Conservative,0.2500394030213358,0.002486516473338631,0.006119034096158495,0.014169614180217116,0.16575565934181213,0.34085923433303833,0.3497345745563507,0.17486795563924487,0.0,0.0,1
4.0,PINN Conservative,0.2501438482403757,0.0020698400894436034,0.005433076551420299,0.01280962600596186,0.16711637377738953,0.3390049934387207,0.34310388565063477,0.17155259851479351,0.0,0.0,1
4.1000000000000005,PINN Conservative,0.25025289234519027,0.001634816794965792,0.00498615109942696,0.01154823020189033,0.16846325993537903,0.33717942237854004,0.3365742862224579,0.16828778632229893,0.0,0.0,1
4.2,PINN Conservative,0.2503652142584326,0.0011867169291011033,0.004790768169278635,0.010384411547584904,0.16980081796646118,0.33537834882736206,0.3301304876804352,0.16506587473685144,0.0,0.0,1
4.3,PINN Conservative,0.250479559004307,0.0007305471238547796,0.004830701619079232,0.009315751902589209,0.17113393545150757,0.333598792552948,0.32375839352607727,0.16187981548226718,0.0,0.0,1
4.4,PINN Conservative,0.2505947331786158,0.00027106837595015454,0.005059291776680223,0.009335657796629704,0.17246633768081665,0.3318368196487427,0.3174450397491455,0.15872312652865192,0.0,0.0,1
4.5,PINN Conservative,0.2507096725404265,0.00018747360506838302,0.005417826011539871,0.010365899894802633,0.17380103468894958,0.33009064197540283,0.3111812174320221,0.15559120339959806,0.0,0.0,1
4.6000000000000005,PINN Conservative,0.25082334423065206,0.0006409583051802576,0.005853334824887512,0.011622295797001914,0.17513996362686157,0.3283587694168091,0.30496007204055786,0.15248061881493163,0.0,0.0,1
4.7,PINN Conservative,0.25093481910228754,0.0010856789619533539,0.006325847462234319,0.01285497865328089,0.17648527026176453,0.3266395926475525,0.2987748980522156,0.1493880200005694,0.0,0.0,1
4.800000000000001,PINN Conservative,0.25104324975609804,0.001518254939565788,0.006807851892513411,0.013979707439264938,0.17783838510513306,0.32493287324905396,0.29262202978134155,0.1463115741066792,0.0,0.0,1
4.9,PINN Conservative,0.251147904366255,0.0019357666736499084,0.00728143662007948,0.01500045759144264,0.17919954657554626,0.3232378363609314,0.2864997386932373,0.1432504168626085,0.0,0.0,1
5.0,PINN Conservative,0.2512480857074263,0.0023354326359287404,0.007735017193564996,0.01591937990513409,0.1805693507194519,0.3215538263320923,0.2804040014743805,0.14020253660390736,0.0,0.0,1
5.1000000000000005,PINN Conservative,0.25134319680929207,0.002714871257993009,0.008161537874840625,0.016740936698124403,0.18194735050201416,0.31988126039505005,0.2743362486362457,0.13716864858904684,0.0,0.0,1
5.2,PINN Conservative,0.2514327432215216,0.003072109967256625,0.008556657886524103,0.017468835920861986,0.1833324432373047,0.31822067499160767,0.2682977020740509,0.134149363767971,0.0,0.0,1
5.300000000000001,PINN Conservative,0.2515162695646288,0.0034053320613439573,0.008917985761294505,0.0181067030939997,0.1847248077392578,0.3165712356567383,0.26228633522987366,0.13114366885784584,0.0,0.0,1
5.4,PINN Conservative,0.2515934248864653,0.0037131374429268667,0.009244481249755878,0.01865910588347064,0.186122328042984,0.3149349093437195,0.2563071846961975,0.1281540821645383,0.0,0.0,1
5.5,PINN Conservative,0.2516639049947264,0.003994312559573874,0.009535861621554039,0.01913109377780295,0.18752354383468628,0.31331074237823486,0.25036007165908813,0.12518051428073945,0.0,0.0,1
5.6000000000000005,PINN Conservative,0.25172749304771447,0.004247992337562253,0.009792573422715235,0.019525854150470617,0.188927561044693,0.3116998076438904,0.24444735050201416,0.12222414240268298,0.0,0.0,1
5.7,PINN Conservative,0.2517840428352358,0.0044735934822678096,0.010015373038510073,0.019848729346308325,0.19033241271972656,0.31010323762893677,0.2385743260383606,0.11928761894719918,0.0,0.0,1
5.800000000000001,PINN Conservative,0.25183343103528044,0.004670624009762021,0.010205295298935583,0.02010432795094519,0.1917356252670288,0.3085208535194397,0.2327418327331543,0.11637136114839618,0.0,0.0,1
5.9,PINN Conservative,0.2518756248950961,0.004838953255391097,0.010363623077548971,0.020297068384859784,0.19313594698905945,0.30695438385009766,0.22695544362068176,0.11347815553406758,0.0,0.0,1
6.0,PINN Conservative,0.25191060397028947,0.004978499657778443,0.01049175063071756,0.020431791753765915,0.19453051686286926,0.30540353059768677,0.22121742367744446,0.11060913459679261,0.0,0.0,1
6.1000000000000005,PINN Conservative,0.2519384505450728,0.005089591483629727,0.010591099312363003,0.020512476921119988,0.19591832160949707,0.3038696050643921,0.21553099155426025,0.10776590766813123,0.0,0.0,1
6.2,PINN Conservative,0.25195925718545936,0.005172598018126669,0.010663138884040838,0.020543219601760615,0.1972970962524414,0.3023526668548584,0.20989882946014404,0.10494981585771669,0.0,0.0,1
6.300000000000001,PINN Conservative,0.25197313401103044,0.005227958575096637,0.010709414314962749,0.02052870059693232,0.19866493344306946,0.30085402727127075,0.20432639122009277,0.10216358608847004,0.0,0.0,1
6.4,PINN Conservative,0.2519802648723128,0.0052564066124553355,0.010731366669689057,0.02049868335266683,0.19991222023963928,0.29937440156936646,0.19881671667099,0.09940873828464232,0.0,0.0,1
6.5,PINN Conservative,0.25198084533214593,0.005258722313513689,0.010730501757348866,0.02056373044243462,0.2010963261127472,0.29791414737701416,0.19337138533592224,0.09668606221079538,0.0,0.0,1
6.6000000000000005,PINN Conservative,0.2519751026332381,0.005235812246047536,0.010708246222646456,0.020590216038940318,0.2022680640220642,0.2964743375778198,0.18799540400505066,0.093998061271578,0.0,0.0,1
6.7,PINN Conservative,0.25196327030658744,0.005188608064495005,0.010665982849260321,0.020582012990677995,0.2034270465373993,0.29505419731140137,0.18268907070159912,0.09134488447917168,0.0,0.0,1
6.800000000000001,PINN Conservative,0.25194563862681413,0.005118267797726725,0.010605082938856668,0.02053924460959089,0.20457351207733154,0.29365628957748413,0.17745894193649292,0.08872981010156887,0.0,0.0,1
6.9,PINN Conservative,0.25192248472571394,0.005025897042299374,0.01052687894034865,0.020465377581078054,0.20570731163024902,0.2922798991203308,0.17230433225631714,0.08615249541075219,0.0,0.0,1
7.0,PINN Conservative,0.2518940887153151,0.004912613284183923,0.010432619398244367,0.020361287136161144,0.2068278193473816,0.29092562198638916,0.16722837090492249,0.08361450503462717,0.0,0.0,1
7.1000000000000005,PINN Conservative,0.2518607770800593,0.0047797190086237805,0.010323461055785337,0.02022989487623189,0.20793527364730835,0.28959381580352783,0.16223233938217163,0.0811164797255741,0.0,0.0,1
7.2,PINN Conservative,0.25182287374138856,0.004628506475967546,0.010200646710942124,0.020071852352566588,0.2090291678905487,0.28828543424606323,0.1573198139667511,0.07866020762977076,0.0,0.0,1
7.300000000000001,PINN Conservative,0.2517806767821314,0.004460164865348445,0.010065197788234262,0.019889486249727306,0.21011018753051758,0.28700029850006104,0.15248960256576538,0.07624509269849121,0.0,0.0,1
7.4,PINN Conservative,0.25173451644182226,0.004276011642671741,0.009918257639012518,0.019684185763749862,0.21117699146270752,0.2857392430305481,0.14774638414382935,0.07387347442298463,0.0,0.0,1
7.5,PINN Conservative,0.25168473073840164,0.004077395305211145,0.009760777632799401,0.01945840728235218,0.21222999691963196,0.2845020890235901,0.1430893838405609,0.07154496537157919,0.0,0.0,1
7.6000000000000005,PINN Conservative,0.2516316347718241,0.0038655729206509763,0.009593701723517806,0.019212198824597793,0.21326911449432373,0.2832886576652527,0.13851767778396606,0.0692591036065123,0.0,0.0,1
7.7,PINN Conservative,0.25157551681995416,0.0036416945519548746,0.00941798815589046,0.018948393805066077,0.21429425477981567,0.2820999026298523,0.13403472304344177,0.0670176176690891,0.0,0.0,1
7.800000000000001,PINN Conservative,0.2515167275965216,0.0034071593452977464,0.009234469512209933,0.01866692794357125,0.215305358171463,0.28093546628952026,0.1296391487121582,0.0648198221032748,0.0,0.0,1
7.9,PINN Conservative,0.2514555756747725,0.0031631983305488334,0.00904400482672642,0.01837069227649346,0.21630215644836426,0.27979564666748047,0.12533220648765564,0.0626663427602316,0.0,0.0,1
8.0,PINN Conservative,0.25139234268665334,0.002910935057279191,0.008847361965882417,0.01805927840399607,0.21728485822677612,0.27868103981018066,0.12111401557922363,0.06055723924483208,0.0,0.0,1
8.1,PINN Conservative,0.25132732900977156,0.0026515678594712403,0.008645274159527011,0.0177352554824384,0.21825340390205383,0.277590274810791,0.1169830858707428,0.058491766496168864,0.0,0.0,1
8.200000000000001,PINN Conservative,0.2512608476877215,0.002386345601114005,0.008438483465809662,0.01739874146359735,0.21920740604400635,0.27652454376220703,0.11294013261795044,0.0564702821434775,0.0,0.0,1
8.3,PINN Conservative,0.2511931213736536,0.0021161565402862603,0.008227636905910815,0.017052110274094257,0.22014689445495605,0.27548277378082275,0.10898381471633911,0.05449211563194134,0.0,0.0,1
8.4,PINN Conservative,0.25112446194887184,0.0018422449041063508,0.008013390860373726,0.016694700725872896,0.22107219696044922,0.2744654417037964,0.10511410236358643,0.05255725206034223,0.0,0.0,1
8.5,PINN Conservative,0.2510550814867022,0.00156545674323546,0.007796371443134653,0.01632863887763905,0.22198349237442017,0.2734726071357727,0.10132980346679688,0.05066509537995428,0.0,0.0,1
8.6,PINN Conservative,0.25098525601625465,0.0012868932551476733,0.00757717144072289,0.015954248164585405,0.2228800654411316,0.27250319719314575,0.09762990474700928,0.04881513894936045,0.0,0.0,1
8.700000000000001,PINN Conservative,0.25091519886255287,0.0010074054840579784,0.007356328926937378,0.015573264275953846,0.2237623929977417,0.2715577483177185,0.0940142273902893,0.04700729336125187,0.0,0.0,1
8.8,PINN Conservative,0.25084512609243415,0.0007278554124417617,0.007134427118224701,0.01518458633677075,0.22463113069534302,0.270635724067688,0.09047985076904297,0.045240098296250066,0.0,0.0,1
8.9,PINN Conservative,0.2507752428054812,0.000449061269733037,0.00691198673248432,0.014791949927484366,0.2254846692085266,0.269736647605896,0.0870276689529419,0.04351400079089946,0.0,0.0,1
9.0,PINN Conservative,0.25070575600862527,0.0001718488945901251,0.006689459339824387,0.014393192190484294,0.2263246774673462,0.2688606381416321,0.08365511894226074,0.04182771934043937,0.0,0.0,1
9.1,PINN Conservative,0.2506368397474291,0.00010308737124130114,0.006467408571340288,0.013990716399919945,0.2271507978439331,0.26800698041915894,0.08036035299301147,0.040180330069344634,0.0,0.0,1
9.200000000000001,PINN Conservative,0.2505686605572703,0.00037508314733728946,0.006246303281913845,0.013584520729056943,0.22796249389648438,0.26717567443847656,0.07714372873306274,0.03857201179223302,0.0,0.0,1
9.3,PINN Conservative,0.25050139337778116,0.0006434405251282106,0.006026607897904039,0.013175562210351183,0.22876077890396118,0.26636606454849243,0.07400226593017578,0.03700127438728976,0.0,0.0,1
9.4,PINN Conservative,0.2504351612329485,0.0009076687096268627,0.005808808210535227,0.01276367951138277,0.2295452356338501,0.2655782103538513,0.07101625204086304,0.035508261736204624,0.0,0.0,3
9.5,PINN Conservative,0.25037012416124366,0.0011671292393304418,0.005593357325630913,0.012350355284958231,0.23031628131866455,0.26481133699417114,0.06820946931838989,0.03410486501105942,0.0,0.0,5
9.600000000000001,PINN Conservative,0.2503063915371897,0.0014213857727654305,0.005380771393095626,0.011935570461704487,0.2310733199119568,0.26406532526016235,0.06558215618133545,0.032791203421599344,0.0,0.0,5
9.700000000000001,PINN Conservative,0.250244095027447,0.0016699130356452754,0.005171523120073332,0.01152020539324719,0.2318173050880432,0.26333945989608765,0.06309211254119873,0.031546176842927307,0.0,0.0,5
9.8,PINN Conservative,0.25018331819772743,0.0019123776488170134,0.004966107394579121,0.011103969505981637,0.23254787921905518,0.2626338601112366,0.06072050333023071,0.03036036770517402,0.0,0.0,5
9.9,PINN Conservative,0.2501241807937624,0.002148301895647949,0.0047650314544011516,0.010688158376292223,0.23326551914215088,0.2619479298591614,0.05845344066619873,0.029226832040682667,0.0,0.0,5
10.0,PINN Conservative,0.2500667278170588,0.0023775062459947386,0.004568865143133455,0.010272451548171219,0.23396986722946167,0.26128077507019043,0.05628371238708496,0.028141963754661527,0.0,0.0,5
10.100000000000001,PINN Conservative,0.2500110726952555,0.002599538188781575,0.0043781669349221035,0.009857848515591794,0.23466163873672485,0.2606327533721924,0.05420398712158203,0.02710209714744627,0.0,0.0,5
10.200000000000001,PINN Conservative,0.24995727246999763,0.0028141701606349714,0.0041935225190083214,0.009443763480364548,0.23534071445465088,0.2600032091140747,0.05220884084701538,0.02610452019733403,0.0,0.0,5
10.3,PINN Conservative,0.2499053588509562,0.003021275658195641,0.004015605202272491,0.009031499570951423,0.2360074520111084,0.2593916654586792,0.050294458866119385,0.025147325548401912,0.0,0.0,5
10.4,PINN Conservative,0.24985542523860954,0.0032204820672459946,0.0038450499107896743,0.008620983238477098,0.23666119575500488,0.2587975263595581,0.04845470190048218,0.024227443549711493,0.0,0.0,5
10.5,PINN Conservative,0.24980749177932762,0.0034117090153510878,0.003682629917081228,0.008212751773733262,0.2373030185699463,0.2582210898399353,0.0466882586479187,0.023344218547664282,0.0,0.0,5
10.600000000000001,PINN Conservative,0.2497615905404093,0.003594828572422229,0.0035222504393525467,0.007805935094270355,0.23793303966522217,0.25766122341156006,0.04498845338821411,0.022494312669395205,0.0,0.0,5
10.700000000000001,PINN Conservative,0.24971774923801443,0.0037697301669142244,0.003378766636176628,0.007424264558744037,0.23855066299438477,0.2571181654930115,0.04335504770278931,0.02167760670515908,0.0,0.0,5
10.8,PINN Conservative,0.2496759982109072,0.0039362927645980985,0.003251830134757563,0.0071046267559259635,0.23907655477523804,0.25659096240997314,0.04178363084793091,0.020891895274670058,0.0,0.0,5
10.9,PINN Conservative,0.24963635653257393,0.004094440273227676,0.003129835152488767,0.006785813756113812,0.23959112167358398,0.25611501932144165,0.04027152061462402,0.02013583726829485,0.0,0.0,5
11.0,PINN Conservative,0.24959882038831732,0.004244187911252458,0.003020024531454985,0.006467455746649836,0.24009686708450317,0.25576531887054443,0.03881847858428955,0.01940931347628827,0.0,0.0,5
11.100000000000001,PINN Conservative,0.2495633895993235,0.004385536392036926,0.0029232375488188623,0.006150732209730003,0.24059313535690308,0.25543004274368286,0.0374220609664917,0.01871110199876222,0.0,0.0,5
11.200000000000001,PINN Conservative,0.2495300878286364,0.0045183913136385085,0.0028401622267119364,0.005834001866913546,0.24108171463012695,0.2551087737083435,0.03607827425003052,0.01803920607248491,0.0,0.0,5
11.3,PINN Conservative,0.24949888193607353,0.004642884886334666,0.0027713909460444657,0.00551799230929273,0.2415623664855957,0.2548011541366577,0.0347859263420105,0.01739302964873043,0.0,0.0,5
11.4,PINN Conservative,0.24946979010105155,0.004758944584703403,0.0027173381380959398,0.005202832493184456,0.24203509092330933,0.2545073628425598,0.03354424238204956,0.01677218529582695,0.0,0.0,5
11.5,PINN Conservative,0.24944276207685492,0.004866770864255518,0.002678232324312102,0.00537775291518755,0.2425004243850708,0.2542272210121155,0.03234916925430298,0.01617464644810639,0.0,0.0,5
11.600000000000001,PINN Conservative,0.24941780382394813,0.004966339946164081,0.0026540363680489926,0.005639046450589491,0.24295830726623535,0.25396019220352173,0.031204700469970703,0.01560240986880053,0.0,0.0,5
11.700000000000001,PINN Conservative,0.24939490079879784,0.0050577098507667345,0.002644454330498674,0.005891844813996128,0.24340975284576416,0.253706157207489,0.030102670192718506,0.015051392624136914,0.0,0.0,5
11.8,PINN Conservative,0.24937402170896553,0.005141005416904829,0.0026489280634283906,0.006135552147999823,0.24385380744934082,0.25346511602401733,0.029046595096588135,0.014523353057856968,0.0,0.0,5
11.9,PINN Conservative,0.24935510319471382,0.0052164794135082975,0.0026667284722773684,0.0063705343036709605,0.24429136514663696,0.25323712825775146,0.028034090995788574,0.014017099072508879,0.0,0.0,5
12.0,PINN Conservative,0.2493381667137148,0.005284046236800415,0.002696902110524251,0.00659704284029361,0.24472302198410034,0.25302135944366455,0.027064383029937744,0.013532243236420808,0.0,0.0,5
12.100000000000001,PINN Conservative,0.24932315778732322,0.005343923225258862,0.0027383590285319694,0.006814495049570157,0.2451484203338623,0.2528182864189148,0.026134192943572998,0.013067146415596514,0.0,0.0,5
12.200000000000001,PINN Conservative,0.2493100223541262,0.005396326052843938,0.0027899777903198125,0.007023502116761338,0.24556732177734375,0.2526271939277649,0.025244295597076416,0.012622196041707836,0.0,0.0,5
12.3,PINN Conservative,0.24929875028133414,0.005441295143561256,0.002850572991318379,0.007224440439857538,0.24598091840744019,0.25244879722595215,0.024396002292633057,0.01219804776835327,0.0,0.0,5
12.4,PINN Conservative,0.24928928220272087,0.005479067334526769,0.0029189961186621566,0.007416467443589869,0.24626654386520386,0.25228214263916016,0.023584604263305664,0.011792347203065488,0.0,0.0,5
12.5,PINN Conservative,0.2492816011309626,0.005509710395397305,0.002994113644950527,0.007600771951928209,0.2459678053855896,0.2521275281906128,0.02281266450881958,0.011406375850605189,0.0,0.0,9
12.600000000000001,PINN Conservative,0.24927563428878807,0.005533514665649271,0.003074925780452725,0.007776654825713714,0.24568116664886475,0.2519845962524414,0.02214449644088745,0.011072290539734988,0.0,0.0,7
12.700000000000001,PINN Conservative,0.2492713722586634,0.005550517715829357,0.003160449814319218,0.007944478260537069,0.24540716409683228,0.25185394287109375,0.021596252918243408,0.010798167730690911,0.0,0.0,9
12.8,PINN Conservative,0.24926874268054985,0.0055610082208959214,0.003251400495289772,0.008104727917765009,0.2451445460319519,0.2517348527908325,0.021129906177520752,0.010564993469116563,0.0,0.0,7
12.9,PINN Conservative,0.24926771366596245,0.005565113397573174,0.003343913535326133,0.008257008001127497,0.2448939085006714,0.2516268491744995,0.020732104778289795,0.0103660920092818,0.0,0.0,9
13.0,PINN Conservative,0.24926822781562827,0.00556306223596423,0.0034388040503477895,0.008401626714633514,0.24465447664260864,0.25153040885925293,0.020396828651428223,0.010198453305120793,0.0,0.0,11
13.100000000000001,PINN Conservative,0.2492702568769457,0.0055549674477085005,0.0035337575114087623,0.00853871260094824,0.24442625045776367,0.2514457106590271,0.020121991634368896,0.010061034271363211,0.0,0.0,13
13.200000000000001,PINN Conservative,0.2492737268805506,0.005541124128047887,0.0036316198245736286,0.008668580367476919,0.2442086935043335,0.25139766931533813,0.019979238510131836,0.009989657436435992,0.0,0.0,9
13.3,PINN Conservative,0.24927861458063147,0.005521625014407468,0.0037302407046967104,0.008790925531337479,0.24400192499160767,0.25138282775878906,0.019969046115875244,0.009984561219829498,0.0,0.0,8
13.4,PINN Conservative,0.24928486806154274,0.005496677220369449,0.003829204120701413,0.008906485643286055,0.2438051700592041,0.2516334652900696,0.02003610134124756,0.0100180889606617,0.0,0.0,10
13.5,PINN Conservative,0.24929241937398933,0.005466551824560717,0.0039281820720434716,0.009015052396483259,0.2436186671257019,0.25193488597869873,0.020166993141174316,0.010083535110766156,0.0,0.0,8
13.600000000000001,PINN Conservative,0.24930125385522864,0.005431307322895414,0.00402682277996154,0.009116496784243366,0.24344205856323242,0.25223326683044434,0.020354807376861572,0.010177442587532615,0.0,0.0,8
13.700000000000001,PINN Conservative,0.249311294436455,0.005391251175605358,0.004124875706017833,0.009211675864100377,0.24327456951141357,0.2525289058685303,0.02060621976852417,0.010303149263826148,0.0,0.0,12
13.8,PINN Conservative,0.2493224962949755,0.005346562199469079,0.004222118083198698,0.009299606912859415,0.24311679601669312,0.2528216242790222,0.020915985107421875,0.01045803252525277,0.0,0.0,10
13.9,PINN Conservative,0.24933483487367653,0.005297338363253216,0.004318322045428478,0.00938180545437689,0.24296772480010986,0.2531108260154724,0.021293580532073975,0.01064683095918343,0.0,0.0,10
14.0,PINN Conservative,0.24934822654724142,0.005243913283899482,0.004413321555968708,0.009457460927527084,0.24282753467559814,0.2533963918685913,0.02175426483154297,0.010877173989309725,0.0,0.0,12
14.100000000000001,PINN Conservative,0.24936266177892707,0.005186325007530744,0.004506960994547512,0.00952694565383011,0.24269604682922363,0.25367850065231323,0.022327840328216553,0.0111639628337793,0.0,0.0,10
14.200000000000001,PINN Conservative,0.2493780851364138,0.005124794677237387,0.004599110198495176,0.009590662801080452,0.24257248640060425,0.25395655632019043,0.022943317890167236,0.011471702790964464,0.0,0.0,8
14.3,PINN Conservative,0.24939442723989508,0.005059599078564583,0.0046896456035553195,0.009648346345016268,0.24245792627334595,0.2542304992675781,0.023609459400177002,0.011804774819000623,0.0,0.0,12
14.4,PINN Conservative,0.24941166466474554,0.004990831662302004,0.004778485495566767,0.009700566679561873,0.24235022068023682,0.25450044870376587,0.024357199668884277,0.012178646382325036,0.0,0.0,6
14.5,PINN Conservative,0.24942974382638952,0.004918706200103594,0.004865536907439008,0.009747350724227666,0.24225056171417236,0.25476622581481934,0.025087594985961914,0.012543845436687517,0.0,0.0,4
14.600000000000001,PINN Conservative,0.24944863712787652,0.004843332787937822,0.004950737827860872,0.009788165570326135,0.24215829372406006,0.255027711391449,0.025796175003051758,0.012898136799365923,0.0,0.0,4
14.700000000000001,PINN Conservative,0.24946827799081825,0.0047649770353014815,0.005034027173824938,0.009824311593302548,0.24207323789596558,0.2552846074104309,0.026482701301574707,0.013241401260615073,0.0,0.0,4
14.8,PINN Conservative,0.24948865497112296,0.004683684597542078,0.005115346060835997,0.009855160654990092,0.24199515581130981,0.2555372714996338,0.027146995067596436,0.01357354941312608,0.0,0.0,6
14.9,PINN Conservative,0.24950968462228798,0.004599788378236291,0.005194672850398045,0.009881063724015093,0.24192386865615845,0.25578540563583374,0.027790188789367676,0.013895147503188552,0.0,0.0,6
15.0,PINN Conservative,0.24953135335445426,0.004513342593109607,0.005271940180635285,0.009901869607196134,0.24185889959335327,0.25602877140045166,0.02841174602508545,0.014205927308875835,0.0,0.0,6
15.100000000000001,PINN Conservative,0.2495536303520205,0.004424470178696913,0.005347149713728678,0.009918392673916532,0.2418004274368286,0.2562677264213562,0.02901136875152588,0.014505739818006453,0.0,0.0,4
15.200000000000001,PINN Conservative,0.24957644331455253,0.004333459572168814,0.005420284162010316,0.0099301597903384,0.24174827337265015,0.25650155544281006,0.02958822250366211,0.014794167796472267,0.0,0.0,3
15.3,PINN Conservative,0.249599797844887,0.004240288421427895,0.005491310230821043,0.00993765085072501,0.24170184135437012,0.2567291259765625,0.030142784118652344,0.015071449663763645,0.0,0.0,3
15.4,PINN Conservative,0.24962360966205618,0.004145292959086705,0.0055602385920178595,0.009940751682777471,0.24166101217269897,0.2569514513015747,0.030674397945404053,0.015337257593081336,0.0,0.0,3
15.5,PINN Conservative,0.2496478751897814,0.004048487452441292,0.005627037525057366,0.00993984744124804,0.24162590503692627,0.25716787576675415,0.03118443489074707,0.015592277040460132,0.0,0.0,3
15.600000000000001,PINN Conservative,0.24967255759239218,0.003950018854642,0.005691727797021411,0.0099347743044369,0.2415962815284729,0.2573787569999695,0.03167062997817993,0.01583537551332081,0.0,0.0,3
15.700000000000001,PINN Conservative,0.24969760245084785,0.0038501042663784246,0.005754299392979379,0.009926347404589753,0.24157142639160156,0.2575836777687073,0.03213614225387573,0.016068132540787025,0.0,0.0,5
15.8,PINN Conservative,0.24972300064563774,0.0037487800692558274,0.005814759899273928,0.0099137447604839,0.24155193567276,0.2577838897705078,0.0325809121131897,0.016290518320422477,0.0,0.0,3
15.9,PINN Conservative,0.24974869316816353,0.0036462816736605327,0.005873122232375635,0.009897559004292733,0.24153703451156616,0.25797849893569946,0.03300553560256958,0.016502830876590123,0.0,0.0,3
16.0,PINN Conservative,0.2497746739983561,0.0035426330962077777,0.00592940482952441,0.009878175936056999,0.24152672290802002,0.2581675052642822,0.03340935707092285,0.01670474238249071,0.0,0.0,3
16.1,PINN Conservative,0.2498008899688723,0.003438046444033573,0.005983596663444968,0.009855144479374911,0.24152129888534546,0.2583514451980591,0.03379261493682861,0.016896372047869427,0.0,0.0,3
16.2,PINN Conservative,0.2498273380994799,0.003332533606551217,0.006035725717533488,0.009829359965996487,0.24151945114135742,0.25853079557418823,0.034158945083618164,0.01707953782134028,0.0,0.0,3
16.3,PINN Conservative,0.2498539595603945,0.003226329280782553,0.006085814744014188,0.009800264393346081,0.24152207374572754,0.2587044835090637,0.034504711627960205,0.017252421754289253,0.0,0.0,3
16.400000000000002,PINN Conservative,0.24988074541091942,0.003119469134967587,0.006133874589693143,0.009768529283814331,0.24152833223342896,0.2588732838630676,0.03483223915100098,0.017416186141731873,0.0,0.0,3
16.5,PINN Conservative,0.24990766096115136,0.003012091561879236,0.006179917250878125,0.009733522090376978,0.24153882265090942,0.2590368986129761,0.03514218330383301,0.01757115881046738,0.0,0.0,3
16.6,PINN Conservative,0.24993468981981298,0.0029042619532914727,0.0062239749305459035,0.009696042073913724,0.2415527105331421,0.2591961622238159,0.035433948040008545,0.017717041736132824,0.0,0.0,3
16.7,PINN Conservative,0.24996180212497734,0.0027960994411268094,0.006266078328759709,0.009656174491641356,0.2415698766708374,0.25935012102127075,0.035710155963897705,0.017855146225925198,0.0,0.0,3
16.8,PINN Conservative,0.2499889597296717,0.0026877562098778147,0.006306237987608839,0.00961400580996058,0.2415902018547058,0.2594999074935913,0.03596895933151245,0.017984548404319345,0.0,0.0,3
16.900000000000002,PINN Conservative,0.25001616537570975,0.0025792213212838693,0.006344486047370825,0.009569623662966875,0.24161356687545776,0.2596442699432373,0.03621268272399902,0.018106410566330788,0.0,0.0,7
17.0,PINN Conservative,0.25004337930679343,0.002470653380120531,0.006380836800011643,0.009522818789083398,0.2416401505470276,0.2597845196723938,0.03643906116485596,0.018219600219380298,0.0,0.0,3
17.1,PINN Conservative,0.2500705693960192,0.0023621805542649098,0.006415333015688274,0.00948650139122248,0.24166935682296753,0.2599203586578369,0.03665131330490112,0.018325726695027824,0.0,0.0,3
17.2,PINN Conservative,0.2500977545976641,0.002253727227047227,0.006447988502968042,0.009606182928444729,0.24170106649398804,0.26005125045776367,0.03684830665588379,0.01842422374698376,0.0,0.0,5
17.3,PINN Conservative,0.25012487286329294,0.002145540936055634,0.006478835504794373,0.00972197799079999,0.24173539876937866,0.2601781487464905,0.03703206777572632,0.018516104658082136,0.0,0.0,3
17.400000000000002,PINN Conservative,0.25015192681551,0.0020376112186065703,0.006507915014141353,0.009834176935121675,0.24177151918411255,0.26030051708221436,0.03720277547836304,0.018601458835631846,0.0,0.0,3
17.5,PINN Conservative,0.2501788899898531,0.001930043652691314,0.0065309626893348205,0.00994220781208166,0.24180996417999268,0.2604186534881592,0.037360310554504395,0.018680226674760297,0.0,0.0,3
17.6,PINN Conservative,0.25020576190948507,0.0018228401406158866,0.006556424714596495,0.010047190836538211,0.24185049533843994,0.26053518056869507,0.0375058650970459,0.018753004224193397,0.0,0.0,3
17.7,PINN Conservative,0.25023250341415426,0.0017161569092732083,0.006580209897858955,0.010177159760568988,0.24189245700836182,0.26067405939102173,0.037640273571014404,0.018820208718039275,0.0,0.0,5
17.8,PINN Conservative,0.2502590984106066,0.0016100581614958227,0.006607029120104927,0.010303086960142593,0.24193602800369263,0.26080846786499023,0.03776460886001587,0.01888237660015125,0.0,0.0,7
17.900000000000002,PINN Conservative,0.2502855556011202,0.0015045091801967336,0.006627664097770434,0.010424880300160755,0.24198096990585327,0.2609383463859558,0.03787863254547119,0.01893938866078414,0.0,0.0,3
18.0,PINN Conservative,0.2503118366599085,0.001399662863232549,0.006646702351905537,0.01054175884621622,0.2420271635055542,0.2610629200935364,0.03798484802246094,0.018992496602262345,0.0,0.0,5
18.1,PINN Conservative,0.25033793574571633,0.0012955425138539143,0.006664175416655865,0.010654767542607135,0.2420743703842163,0.2611832618713379,0.03808528184890747,0.01904271370741991,0.0,0.0,5
18.2,PINN Conservative,0.2503638551235201,0.0011921390961066734,0.006680121377316509,0.010762647212120668,0.24212193489074707,0.26129812002182007,0.03818482160568237,0.019092483776033044,0.0,0.0,5
18.3,PINN Conservative,0.2503895589709284,0.0010895955207402682,0.0066945565119946315,0.010866804812351694,0.24217021465301514,0.2614089250564575,0.03828394412994385,0.01914204522759211,0.0,0.0,1
18.400000000000002,PINN Conservative,0.25041505026817346,0.0009878998983412894,0.00670753400510556,0.010966277729004714,0.2422184944152832,0.26151472330093384,0.038375258445739746,0.019187702559996495,0.0,0.0,1
18.5,PINN Conservative,0.25044030898809455,0.0008871321257683961,0.006719073056455763,0.011061940670412107,0.2422667145729065,0.26161640882492065,0.038458943367004395,0.019229545180555082,0.0,0.0,1
18.6,PINN Conservative,0.2504653298258784,0.0007873133661772404,0.006729205454483044,0.011152471887453497,0.24231445789337158,0.2617126703262329,0.038533806800842285,0.019266977040541967,0.0,0.0,1
18.7,PINN Conservative,0.25049009048938775,0.0006885325523806378,0.006737959090643655,0.011239226937170943,0.2423616647720337,0.26180487871170044,0.038603007793426514,0.019301577669080798,0.0,0.0,1
18.8,PINN Conservative,0.25051460975408574,0.0005907147810739543,0.006745370304663265,0.01132195540775377,0.2424072027206421,0.26189279556274414,0.03866696357727051,0.019333555683225645,0.0,0.0,1
18.900000000000002,PINN Conservative,0.25053885036706947,0.0004940086699249173,0.006751486865851091,0.01140004974460146,0.24245107173919678,0.26197582483291626,0.038725972175598145,0.01936306009515798,0.0,0.0,1
19.0,PINN Conservative,0.25056283539533636,0.0003983221948738138,0.0067563203288182085,0.011474390445147586,0.2424924373626709,0.2620548605918884,0.03878265619277954,0.0193914022120748,0.0,0.0,3
19.1,PINN Conservative,0.25058652240037943,0.00030382466116784954,0.006759916208799801,0.011544552450710122,0.2425304651260376,0.2621294856071472,0.03883790969848633,0.019419029070520535,0.0,0.0,1
19.200000000000003,PINN Conservative,0.25060991442203545,0.00021050394160574987,0.006762298369955336,0.011610401374103185,0.24256378412246704,0.2621995806694031,0.0388951301574707,0.019447639409364014,0.0,0.0,1
19.3,PINN Conservative,0.2506330193281176,0.00011832864813572458,0.006763494236747627,0.01167211173495164,0.24259227514266968,0.26226532459259033,0.03895443677902222,0.019477292833477825,0.0,0.0,3
19.400000000000002,PINN Conservative,0.25065583020448706,2.7326364197078097e-05,0.006763536330620009,0.011730322379638225,0.24261373281478882,0.2623273730278015,0.0390205979347229,0.019510373537765597,0.0,0.0,1
19.5,PINN Conservative,0.250678319513798,6.23930520300306e-05,0.006762481974522798,0.011784138334795968,0.242628812789917,0.262384831905365,0.039092063903808594,0.01954610665888365,0.0,0.0,3
19.6,PINN Conservative,0.2507005099058153,0.0001509199600876009,0.0067603218540503275,0.011834137199145056,0.24263817071914673,0.2624382972717285,0.03916722536087036,0.01958368753105201,0.0,0.0,1
19.700000000000003,PINN Conservative,0.250722384631634,0.00023818754147236548,0.006757112427378888,0.011879963698730456,0.24264293909072876,0.26248741149902344,0.039244234561920166,0.019622192278745527,0.0,0.0,1
19.8,PINN Conservative,0.25074391990900063,0.0003241009186646935,0.006752886531568282,0.011922432196176502,0.2426455020904541,0.2625330090522766,0.03931879997253418,0.019659475126550932,0.0,0.0,1
19.900000000000002,PINN Conservative,0.2507651489377024,0.0004087925397304651,0.006747671114137177,0.011960892526561406,0.2426459789276123,0.2625744342803955,0.03939098119735718,0.01969556587690453,0.0,0.0,1
20.0,PINN Conservative,0.2507860455513003,0.0004921580156197208,0.0067414885363227695,0.011995442134486556,0.24264568090438843,0.2626118063926697,0.03945767879486084,0.01972891480311896,0.0,0.0,1
20.1,PINN Conservative,0.2508066096901896,0.000574197108543931,0.006734369558846685,0.012026685566611017,0.24264460802078247,0.2626457214355469,0.03951925039291382,0.019759700719811993,0.0,0.0,1
20.200000000000003,PINN Conservative,0.2508268359899523,0.0006548884175591361,0.006726355645050891,0.012054122554885471,0.2426435947418213,0.2626757025718689,0.03957396745681763,0.01978705935633107,0.0,0.0,1
20.3,PINN Conservative,0.2508467324972155,0.0007342640440816076,0.006717481044908908,0.012077943315921824,0.24264198541641235,0.26270192861557007,0.03962355852127075,0.019811854983328752,0.0,0.0,1
20.400000000000002,PINN Conservative,0.25086629444360753,0.0008123049650495807,0.006707742488686474,0.01209806314738271,0.24264073371887207,0.2627243399620056,0.03966546058654785,0.01983280609604434,0.0,0.0,1
20.5,PINN Conservative,0.2508855183720591,0.0008889973887438461,0.006697201427314544,0.012114973086150227,0.24263906478881836,0.26274341344833374,0.03970247507095337,0.019851313408983714,0.0,0.0,1
20.6,PINN Conservative,0.2509043857455256,0.0009642673630125592,0.006685882056603557,0.012128348346892248,0.24263781309127808,0.26275885105133057,0.03973203897476196,0.019866095417386178,0.0,0.0,1
20.700000000000003,PINN Conservative,0.2509229285717013,0.001038242580156104,0.006673805313979625,0.012138444245289037,0.24263674020767212,0.2627708911895752,0.03975552320480347,0.019877837577286523,0.0,0.0,1
20.8,PINN Conservative,0.2509411231875422,0.0011108286382316866,0.006660998670279093,0.012145053545962459,0.2426357865333557,0.2627793550491333,0.03977257013320923,0.019886361074066976,0.0,0.0,1
20.900000000000002,PINN Conservative,0.25095897698402425,0.0011820550229846335,0.0066474958418480425,0.012148553376944538,0.24263513088226318,0.26278460025787354,0.03978317975997925,0.01989166590772754,0.0,0.0,1
21.0,PINN Conservative,0.2509764820933344,0.0012518903463635972,0.006633321933591439,0.012148496432413391,0.24263393878936768,0.26278620958328247,0.03978884220123291,0.01989449713917559,0.0,0.0,1
21.1,PINN Conservative,0.25099364411830927,0.0013203569604659906,0.006618500744354798,0.012145918005219858,0.24263334274291992,0.2627851963043213,0.03978818655014038,0.019894169312376343,0.0,0.0,1
21.200000000000003,PINN Conservative,0.2510104815363886,0.001387528579654686,0.006603065362104638,0.01213971349621934,0.24263310432434082,0.26278048753738403,0.03978091478347778,0.019890533415148317,0.0,0.0,3
21.3,PINN Conservative,0.25102695626020455,0.001453253257226308,0.006587044930045135,0.012130741813362378,0.24263274669647217,0.26277291774749756,0.03976857662200928,0.019884364310835193,0.0,0.0,1
21.400000000000002,PINN Conservative,0.2510431014895441,0.0015176634412462939,0.006570469060320857,0.012118492773262046,0.24263250827789307,0.26276201009750366,0.039750099182128906,0.019875125555583652,0.0,0.0,3
21.5,PINN Conservative,0.2510589025616648,0.001580700635800829,0.0065533331314485115,0.012103470004682038,0.24263238906860352,0.26274824142456055,0.0397263765335083,0.019863264185938125,0.0,0.0,1
21.6,PINN Conservative,0.2510743748545649,0.0016424261902632032,0.006535707461049159,0.012086234590393652,0.24263238906860352,0.26273220777511597,0.03969848155975342,0.01984931664575193,0.0,0.0,1
21.700000000000003,PINN Conservative,0.25108949768543265,0.001702757592103811,0.00651758622610968,0.012065206268962403,0.24263232946395874,0.262712299823761,0.03966420888900757,0.01983218024488214,0.0,0.0,1
21.8,PINN Conservative,0.2511042888760569,0.0017617659400154643,0.006499006826115605,0.01204195779941597,0.24263262748718262,0.26269012689590454,0.03962463140487671,0.019812391427182066,0.0,0.0,1
21.900000000000002,PINN Conservative,0.25111874461174033,0.0018194360155486628,0.006479987476681742,0.012016222422339962,0.2426329255104065,0.26266539096832275,0.03958076238632202,0.019790456834068732,0.0,0.0,1
22.0,PINN Conservative,0.25113286846876165,0.0018757820859996751,0.006460551624533054,0.011987783170789135,0.24263298511505127,0.2626379132270813,0.039532601833343506,0.019766376465542138,0.0,0.0,1
22.1,PINN Conservative,0.2511466712355616,0.0019308471910453925,0.006440729132068125,0.011956256206875182,0.24263334274291992,0.26260727643966675,0.039478838443756104,0.019739494668003787,0.0,0.0,1
22.200000000000003,PINN Conservative,0.25116014379262946,0.00198459494908022,0.00642054889761197,0.011923091924311624,0.24263417720794678,0.2625749707221985,0.039420247077941895,0.019710198873125518,0.0,0.0,1
22.3,PINN Conservative,0.25117328059673333,0.002037003245795495,0.00640000879977313,0.01188677606205224,0.24263441562652588,0.26253944635391235,0.039357900619506836,0.019679025524760644,0.0,0.0,1
22.400000000000002,PINN Conservative,0.25118611633777643,0.0020882104739636926,0.006379160965831081,0.011848578648740449,0.24263471364974976,0.2625020146369934,0.0392916202545166,0.019645885215600283,0.0,0.0,1
22.5,PINN Conservative,0.2511986054182055,0.00213803472555883,0.006358012925976894,0.011807702681511656,0.24263513088226318,0.2624618411064148,0.039220571517944336,0.019610360711536295,0.0,0.0,1
22.6,PINN Conservative,0.2512107968926432,0.002186671700326542,0.0063365843654212065,0.011764999424482891,0.2426356077194214,0.26241981983184814,0.03914600610733032,0.01957307786373089,0.0,0.0,1
22.700000000000003,PINN Conservative,0.2512226735353472,0.0022340526774570963,0.006314893749922374,0.011719971840700338,0.24263620376586914,0.2623754143714905,0.0390666127204895,0.019533381018585563,0.0,0.0,1
22.8,PINN Conservative,0.25123422777652765,0.002280147457840243,0.006292981464359239,0.011672754426416854,0.2426365613937378,0.2623288035392761,0.03898400068283081,0.01949207484188029,0.0,0.0,1
22.900000000000002,PINN Conservative,0.251245482683182,0.0023250480655359167,0.006270826187494268,0.01162326926280649,0.24263733625411987,0.2622798681259155,0.03889697790145874,0.019448563284889166,0.0,0.0,1
23.0,PINN Conservative,0.25125642740726495,0.0023687112230795816,0.006248503981509858,0.011572006982385585,0.24263745546340942,0.26222914457321167,0.038807213306427,0.01940368081582846,0.0,0.0,1
23.1,PINN Conservative,0.2512670680284502,0.00241116118487423,0.006225984824184738,0.011518653078826657,0.2426379919052124,0.2621762752532959,0.038713037967681885,0.019356592966481904,0.0,0.0,1
23.200000000000003,PINN Conservative,0.2512774166464808,0.0024524462219388653,0.006203309882647387,0.011463577504824074,0.24263817071914673,0.26212167739868164,0.03861677646636963,0.01930846203186501,0.0,0.0,1
23.3,PINN Conservative,0.25128745734691643,0.0024925028448054267,0.006180507414997929,0.011407123184032364,0.24263840913772583,0.2620656490325928,0.03851717710494995,0.01925866216081558,0.0,0.0,1
23.400000000000002,PINN Conservative,0.2512972125411036,0.0025314204618631236,0.006157573151286902,0.011348287713309313,0.24263840913772583,0.2620072364807129,0.03841465711593628,0.019207401970387682,0.0,0.0,1
23.5,PINN Conservative,0.25130667835474035,0.0025691836168743694,0.006134536360141906,0.011287773373108989,0.24263882637023926,0.2619470953941345,0.03830760717391968,0.01915387679480134,0.0,0.0,1
23.6,PINN Conservative,0.25131586354970953,0.0026058272647149104,0.00611142100643116,0.011225649216757838,0.24263900518417358,0.2618853449821472,0.038198113441467285,0.019099129719326893,0.0,0.0,1
23.700000000000003,PINN Conservative,0.2513247472643855,0.0026412681794906597,0.006088225370858105,0.011162261577900456,0.24263888597488403,0.26182228326797485,0.03808706998825073,0.01904360778050877,0.0,0.0,1
23.8,PINN Conservative,0.2513333730101588,0.002675679946637704,0.006064975569415909,0.011097201267749657,0.24263888597488403,0.2617575526237488,0.03797239065170288,0.01898626789307663,0.0,0.0,1
23.900000000000002,PINN Conservative,0.25134171813726447,0.002708972206613822,0.006041682785543242,0.011030220208628594,0.2426387071609497,0.2616908550262451,0.03785496950149536,0.01892755709357491,0.0,0.0,1
24.0,PINN Conservative,0.2513497878313067,0.0027411656469987136,0.006018381647230231,0.010962397945305014,0.24263852834701538,0.2616233229637146,0.03773534297943115,0.018867743603930263,0.0,0.0,1
24.1,PINN Conservative,0.2513575956821444,0.002772314483517534,0.005995065089551167,0.01089277273540451,0.24263781309127808,0.26155394315719604,0.03761404752731323,0.018807095646069347,0.0,0.0,1
24.200000000000003,PINN Conservative,0.2513651269078257,0.0028023597446796317,0.005971746590998018,0.010822184345115615,0.24263781309127808,0.2614836096763611,0.037489354610443115,0.018744748949339602,0.0,0.0,1
24.3,PINN Conservative,0.2513724015355112,0.0028313813273432233,0.005948461786439033,0.010750268627179815,0.24263721704483032,0.2614119052886963,0.037362873554229736,0.018681508179520995,0.0,0.0,1
24.400000000000002,PINN Conservative,0.25137942332029367,0.0028593942121697227,0.005925193627457024,0.010676791126838892,0.24263685941696167,0.26133865118026733,0.03723376989364624,0.018616956102505397,0.0,0.0,1
24.5,PINN Conservative,0.25138618499040627,0.002886369388989756,0.005901975600446606,0.010602640902307114,0.2426360845565796,0.2612646818161011,0.037103116512298584,0.018551629162146123,0.0,0.0,1
24.6,PINN Conservative,0.25139270621538184,0.0029123853279323557,0.005878821345592083,0.010527403370254651,0.2426353096961975,0.26118963956832886,0.03697115182876587,0.018485646568188352,0.0,0.0,1
24.700000000000003,PINN Conservative,0.25139897584915183,0.002937397562591225,0.005855728359537386,0.010450896174027169,0.24263429641723633,0.2611132860183716,0.036837100982666016,0.018418620888960242,0.0,0.0,1
24.8,PINN Conservative,0.25140499949455286,0.0029614284450637774,0.0058327283701939125,0.010373597508043342,0.2426334023475647,0.2610361576080322,0.03670084476470947,0.01835049251958921,0.0,0.0,1
24.900000000000002,PINN Conservative,0.25141079688072226,0.002984556683266689,0.005809822703325855,0.01029508802805057,0.2426322102546692,0.2609577775001526,0.036563336849212646,0.018281738299055977,0.0,0.0,1
25.0,PINN Conservative,0.2514163495898249,0.003006708800625175,0.005787019839753552,0.01021590426386726,0.24263107776641846,0.2608787417411804,0.03642392158508301,0.018212030400561293,0.0,0.0,1
25.1,PINN Conservative,0.2514216590523722,0.0030278905040575206,0.00576433014422139,0.010135687870465038,0.24262970685958862,0.2607986330986023,0.03628361225128174,0.01814187546552218,0.0,0.0,1
25.200000000000003,PINN Conservative,0.2514267488718035,0.0030481959577184333,0.005735863945661357,0.010054795317106957,0.24262839555740356,0.26071786880493164,0.036141276359558105,0.018070707247649028,0.0,0.0,1
25.3,PINN Conservative,0.25143162775039696,0.00306765987869513,0.005713523106390841,0.009973227246100336,0.24262678623199463,0.2606363892555237,0.03599780797958374,0.017998972783486267,0.0,0.0,1
25.400000000000002,PINN Conservative,0.25143626898527166,0.003086175737842878,0.005691320140053054,0.00989092167008171,0.24262547492980957,0.2605541944503784,0.03585273027420044,0.01792643365354353,0.0,0.0,1
25.5,PINN Conservative,0.2514406941533091,0.0031038296145154613,0.005669270470972092,0.009819941843216884,0.24262362718582153,0.2604832649230957,0.03570753335952759,0.017853834918728204,0.0,0.0,1
25.6,PINN Conservative,0.2514448941946032,0.003120585364895593,0.0056473840532600605,0.009752963750672805,0.24262189865112305,0.2604162096977234,0.03556013107299805,0.017780133493769952,0.0,0.0,1
25.700000000000003,PINN Conservative,0.2514488956928255,0.003136549042551388,0.0056256658935759105,0.009684896852238889,0.24262022972106934,0.260348379611969,0.03541189432144165,0.017706014834703566,0.0,0.0,1
25.8,PINN Conservative,0.25145269769430184,0.0031517168428708046,0.005609535527809234,0.00961703799766278,0.2426181435585022,0.26028043031692505,0.035263240337371826,0.017631687558583114,0.0,0.0,1
25.900000000000002,PINN Conservative,0.2514562932848933,0.0031660611824143163,0.0055880920225948654,0.009547852945192836,0.24261611700057983,0.2602114677429199,0.03511309623718262,0.01755661522155528,0.0,0.0,1
26.0,PINN Conservative,0.2514596820473673,0.0031795803966639885,0.005566835485187302,0.009478396411807422,0.24261391162872314,0.26014190912246704,0.034963011741638184,0.01748157268696374,0.0,0.0,1
26.1,PINN Conservative,0.25146287560462977,0.0031923208543328035,0.005545767724735576,0.009408568447858257,0.24261176586151123,0.2600722908973694,0.03481149673461914,0.01740581489390111,0.0,0.0,1
26.200000000000003,PINN Conservative,0.2514658672809603,0.0032042559231340254,0.005524910515265225,0.009338227999972415,0.24260932207107544,0.2600018382072449,0.03465980291366577,0.0173299676935296,0.0,0.0,1
26.3,PINN Conservative,0.25146868062019373,0.0032154795294342736,0.005504282885539547,0.00926698083138977,0.2426069974899292,0.2599307894706726,0.03450673818588257,0.017253435037123295,0.0,0.0,1
26.400000000000002,PINN Conservative,0.25147130769491216,0.00322596004739345,0.0054838336861445704,0.009195576317329257,0.2426045536994934,0.25985926389694214,0.03435331583023071,0.017176723566099217,0.0,0.0,1
26.5,PINN Conservative,0.25147374510765097,0.003235683923080653,0.005463627391244904,0.009123683518355852,0.24260175228118896,0.25978755950927734,0.034200310707092285,0.01710022071212921,0.0,0.0,1
26.6,PINN Conservative,0.2514759980440142,0.0032446718440751407,0.005443619362284195,0.009051869390657608,0.2425990104675293,0.25971561670303345,0.03404653072357178,0.017023330426487362,0.0,0.0,1
26.700000000000003,PINN Conservative,0.25147807943820977,0.0032529754104311213,0.005423854776985695,0.008978972180056943,0.24259650707244873,0.25964289903640747,0.03389173746109009,0.016945933499428495,0.0,0.0,1
26.8,PINN Conservative,0.2514799848794939,0.003260577025816679,0.0054043059385570635,0.008906091715039866,0.2425938844680786,0.2595698833465576,0.033736467361450195,0.01686829815287926,0.0,0.0,1
26.900000000000002,PINN Conservative,0.251481722712517,0.0032675099805898463,0.005385000003260112,0.008832963919985226,0.24259060621261597,0.25949692726135254,0.03358280658721924,0.016791467472110005,0.0,0.0,1
27.0,PINN Conservative,0.2514832876324656,0.0032737531115943084,0.005365917737179339,0.008759552600804466,0.24258798360824585,0.2594233751296997,0.03342658281326294,0.01671335528658005,0.0,0.0,1
27.1,PINN Conservative,0.25148468285799047,0.0032793192593967057,0.005347090984505184,0.008685537645670371,0.24258488416671753,0.259349524974823,0.03327131271362305,0.01663571994003082,0.0,0.0,1
27.200000000000003,PINN Conservative,0.2514859181046488,0.00328424718348505,0.005328489875016181,0.00861153501203199,0.24258172512054443,0.2592753767967224,0.03311586380004883,0.016557995186172705,0.0,0.0,1
27.3,PINN Conservative,0.2514869814515116,0.0032884893262052615,0.00531012823032986,0.008537228116965001,0.242578387260437,0.2592012286186218,0.03296095132827759,0.016480538654241247,0.0,0.0,1
27.400000000000002,PINN Conservative,0.25148790305852914,0.0032921660084217234,0.0052920185237491,0.008462931429483844,0.24257522821426392,0.25912678241729736,0.03280550241470337,0.01640281390038313,0.0,0.0,1
27.5,PINN Conservative,0.2514886649847033,0.00329520565586523,0.0052741614056920185,0.00838779541510426,0.2425718903541565,0.2590517997741699,0.03265005350112915,0.016325089146525015,0.0,0.0,1
27.6,PINN Conservative,0.2514892764091494,0.003297644887929462,0.005256534298943175,0.00831338280909899,0.24256855249404907,0.2589772343635559,0.03249478340148926,0.016247453799975786,0.0,0.0,1
27.700000000000003,PINN Conservative,0.25148974341154123,0.0032995079590176332,0.005239164015819172,0.008238489901536139,0.2425653338432312,0.25890249013900757,0.03233957290649414,0.01616984825586285,0.0,0.0,1
27.8,PINN Conservative,0.25149005788564704,0.0033007625299251637,0.00522204424468543,0.0081633051230654,0.24256151914596558,0.2588271498680115,0.03218495845794678,0.016092540736112868,0.0,0.0,1
27.900000000000002,PINN Conservative,0.2514902317523959,0.003301456158306134,0.005205171966456138,0.008106730369837611,0.24255824089050293,0.25875210762023926,0.03203004598617554,0.01601508420418141,0.0,0.0,1
28.0,PINN Conservative,0.25149026823043846,0.0033016016847267422,0.005188542843359906,0.008110298783615078,0.24255454540252686,0.25867682695388794,0.03187596797943115,0.015938044906358084,0.0,0.0,1
28.1,PINN Conservative,0.25149015277624154,0.0033011410888495693,0.005172168356873211,0.008113694711986696,0.2425510287284851,0.25860166549682617,0.031721651554107666,0.01586088639878958,0.0,0.0,1
28.200000000000003,PINN Conservative,0.25148992609977744,0.003300236780062215,0.005156031466240115,0.008117013198166101,0.2425476312637329,0.25852644443511963,0.031567931175231934,0.015784025915584025,0.0,0.0,1
28.3,PINN Conservative,0.25148954808712026,0.0032987287268597173,0.00514014609417909,0.008120836834050071,0.24254369735717773,0.25845080614089966,0.031414806842803955,0.015707463456741427,0.0,0.0,1
28.400000000000002,PINN Conservative,0.25148904037475606,0.003296703246383724,0.005124508273094353,0.008124367975747948,0.24254006147384644,0.258375346660614,0.03126150369644165,0.01563081159058994,0.0,0.0,1
28.5,PINN Conservative,0.2514884148240092,0.003294207658500007,0.00510911102577588,0.008127963992275278,0.24253636598587036,0.2583003044128418,0.031109392642974854,0.01555475577316436,0.0,0.0,1
28.6,PINN Conservative,0.25148764687776587,0.0032911439944411525,0.005093957610161286,0.008131505427045826,0.24253273010253906,0.25822484493255615,0.030957162380218506,0.01547864035086619,0.0,0.0,1
28.700000000000003,PINN Conservative,0.2514867610931399,0.0032876102229745744,0.005079042559381147,0.008135319641570271,0.24252885580062866,0.25814950466156006,0.03080594539642334,0.01540303156998504,0.0,0.0,1
28.8,PINN Conservative,0.25148576390743277,0.0032836320252328916,0.005064373769993048,0.008139048148486372,0.24252504110336304,0.2580745220184326,0.030655384063720703,0.015327750615903139,0.0,0.0,1
28.900000000000002,PINN Conservative,0.25148464244604135,0.003279158038950424,0.005049935462451613,0.008142483016580326,0.2425215244293213,0.2579993009567261,0.03050452470779419,0.015252320649639758,0.0,0.0,3
29.0,PINN Conservative,0.25148340380191825,0.003274216560930735,0.005035725643298342,0.00814639889904617,0.24251753091812134,0.2579246163368225,0.03036189079284668,0.01518100341958513,0.0,0.0,11
29.1,PINN Conservative,0.2514820449352267,0.003268795463972551,0.005021771328987246,0.008150046136487621,0.24251383543014526,0.2578495144844055,0.03023505210876465,0.015117583835148753,0.0,0.0,7
29.200000000000003,PINN Conservative,0.25148057585954686,0.0032629346965045375,0.005008035035090568,0.008153849640603728,0.24250996112823486,0.25777482986450195,0.030120134353637695,0.015060124737971435,0.0,0.0,5
29.3,PINN Conservative,0.25147899168729804,0.003256614759889199,0.004994521615038629,0.008157954811561285,0.24250578880310059,0.2577003240585327,0.0300140380859375,0.015007076401365818,0.0,0.0,3
29.400000000000002,PINN Conservative,0.25147731351852437,0.0032499198311734118,0.004981241838800807,0.008161348196945861,0.2425023317337036,0.2576258182525635,0.02991431951522827,0.014957216925443799,0.0,0.0,7
29.5,PINN Conservative,0.2514755172133448,0.003242753606108582,0.0049681693889105216,0.008165064714435621,0.24249857664108276,0.2575516700744629,0.02982163429260254,0.014910874137004622,0.0,0.0,5
29.6,PINN Conservative,0.2514736112356188,0.003235149850628252,0.004955327834598745,0.008168821370053259,0.24249476194381714,0.2574775218963623,0.029735028743743896,0.014867571197067567,0.0,0.0,5
29.700000000000003,PINN Conservative,0.2514716157317164,0.0032271889371681406,0.004942694179078781,0.008172581050271077,0.2424909472465515,0.2574123740196228,0.029653966426849365,0.014827039883705971,0.0,0.0,5
29.8,PINN Conservative,0.2514695155620577,0.003218810467507305,0.0049302750148917185,0.008176522423914812,0.24248695373535156,0.25739699602127075,0.0295790433883667,0.014789578221282794,0.0,0.0,3
29.900000000000002,PINN Conservative,0.25146730458736444,0.0032099899494544447,0.004918069857692082,0.008180228119957944,0.2424831986427307,0.25738197565078735,0.029508888721466064,0.014754500753763236,0.0,0.0,3
30.0,PINN Conservative,0.2514650029540064,0.0032008077554441716,0.004906051027258918,0.00818345958760991,0.24247992038726807,0.2573670744895935,0.029442548751831055,0.01472133064216658,0.0,0.0,3
30.1,PINN Conservative,0.2514626129269602,0.003191272921430863,0.00489425036662648,0.008187306928486793,0.24247604608535767,0.2573522925376892,0.02938258647918701,0.014691349391253517,0.0,0.0,5
30.200000000000003,PINN Conservative,0.25146011406183266,0.0031813038860383667,0.0048826307231034545,0.00819095982670437,0.2424723505973816,0.2573378086090088,0.02932661771774292,0.01466336490357224,0.0,0.0,3
30.3,PINN Conservative,0.25145754086971306,0.003171038328674233,0.0048712243518697134,0.00819449578635012,0.24246877431869507,0.2573235034942627,0.029275715351104736,0.014637913622976062,0.0,0.0,5
30.400000000000002,PINN Conservative,0.25145485979318644,0.0031603423745431764,0.00486000068662682,0.008198033906258673,0.24246519804000854,0.2573093771934509,0.029229044914245605,0.014614578315356851,0.0,0.0,3
30.5,PINN Conservative,0.25145209550857567,0.0031493144679883406,0.00484895046928886,0.008201454871752223,0.24246174097061157,0.2572951316833496,0.029186725616455078,0.014593418585587195,0.0,0.0,3
30.6,PINN Conservative,0.25144924968481086,0.0031379612670814658,0.004838086713828918,0.008205011319008804,0.24245816469192505,0.25728118419647217,0.029148638248443604,0.014574374828794505,0.0,0.0,3
30.700000000000003,PINN Conservative,0.25144631826877617,0.003126266602220262,0.004827413700330348,0.008208375956451408,0.24245476722717285,0.2572672367095947,0.029115736484527588,0.014557923883959505,0.0,0.0,5
30.8,PINN Conservative,0.2514432976841929,0.0031142162061084605,0.004816899675589779,0.008211921194301808,0.24245119094848633,0.2572532892227173,0.029086649417877197,0.014543380295047403,0.0,0.0,3
30.900000000000002,PINN Conservative,0.25144019222259545,0.003101827199501584,0.004806558987654808,0.00821522971209665,0.2424478530883789,0.25723952054977417,0.029061615467071533,0.014530863271803382,0.0,0.0,3
31.0,PINN Conservative,0.25143701118230843,0.003089136677369486,0.004796379545768611,0.008218492513178466,0.24244457483291626,0.25722557306289673,0.029040038585662842,0.014520074789864485,0.0,0.0,2
31.1,PINN Conservative,0.2514337483048441,0.003076119671943809,0.004786362937856489,0.008221326882082491,0.24244171380996704,0.25721150636672974,0.029018759727478027,0.014509435320107067,0.0,0.0,2
31.200000000000003,PINN Conservative,0.2514304151535036,0.003062822314149006,0.004776500458501217,0.008224818377321863,0.2424381971359253,0.25719785690307617,0.028999805450439453,0.014499958145365166,0.0,0.0,4
31.3,PINN Conservative,0.25142699116468453,0.003049162567032309,0.004766797765176772,0.008227894041971218,0.24243509769439697,0.2571842670440674,0.0289800763130188,0.014490093538951424,0.0,0.0,2
31.400000000000002,PINN Conservative,0.2514234882593157,0.0030351879882471334,0.004757230205257385,0.008230911433993737,0.24243205785751343,0.25717025995254517,0.02896064519882202,0.01448037794471916,0.0,0.0,2
31.5,PINN Conservative,0.251419908821583,0.003020908089324473,0.004747810592723469,0.008233999816309123,0.2424289584159851,0.2571563124656677,0.028941214084625244,0.014470662350486895,0.0,0.0,2
31.6,PINN Conservative,0.2514162678122523,0.003006382555120125,0.004738532291814962,0.008236721270559577,0.24242621660232544,0.25714266300201416,0.028922617435455322,0.014461363990362765,0.0,0.0,2
31.700000000000003,PINN Conservative,0.2514125589132311,0.0029915861800769794,0.004729381963991914,0.00823962269404771,0.24242329597473145,0.25712859630584717,0.028904378414154053,0.014452244444856406,0.0,0.0,12
31.8,PINN Conservative,0.2514087758660319,0.0029764939964273423,0.0047203703355947445,0.008242346400695932,0.24242055416107178,0.2571145296096802,0.02890002727508545,0.01445006886700685,0.0,0.0,8
31.900000000000002,PINN Conservative,0.2514049127697947,0.00296108246313226,0.004711479492261967,0.00824519902576959,0.24241769313812256,0.2571006417274475,0.02891087532043457,0.014455492910412593,0.0,0.0,6
32.0,PINN Conservative,0.2514009836912157,0.00294540769822313,0.00470270966217398,0.008247856490642302,0.24241501092910767,0.25708645582199097,0.02892935276031494,0.014464731665664133,0.0,0.0,6
32.1,PINN Conservative,0.2513969894051554,0.002929472792947958,0.0046940707083444385,0.00825023356185417,0.24241262674331665,0.257072389125824,0.028954505920410156,0.014477308293780746,0.0,0.0,6
32.2,PINN Conservative,0.2513929297924044,0.002913277271729684,0.004685518322047476,0.00825266280021808,0.24241018295288086,0.25705820322036743,0.028985142707824707,0.014492626746036524,0.0,0.0,6
32.300000000000004,PINN Conservative,0.25138881450891515,0.002896859656268012,0.004677093247419433,0.00825492150116397,0.2424079179763794,0.25704365968704224,0.02902054786682129,0.014510329393195926,0.0,0.0,4
32.4,PINN Conservative,0.251384619176388,0.0028801226911611163,0.004668762298572679,0.008257106568268169,0.2424057126045227,0.25702953338623047,0.02906167507171631,0.014530893074239676,0.0,0.0,6
32.5,PINN Conservative,0.2513803704977038,0.002863172905553507,0.0046605512844303905,0.008259485507736364,0.2424033284187317,0.2570153474807739,0.029106497764587402,0.014553304506333735,0.0,0.0,4
32.6,PINN Conservative,0.25137606167793297,0.0028459831915822746,0.004652409588893763,0.008261679234639718,0.242401123046875,0.25700074434280396,0.02915477752685547,0.014577444479732918,0.0,0.0,4
32.7,PINN Conservative,0.251371691644192,0.0028285492690587606,0.004644378251898572,0.008263283967842483,0.24239951372146606,0.256986141204834,0.029205620288848877,0.014602865957892801,0.0,0.0,4
32.800000000000004,PINN Conservative,0.25136725771427176,0.002810860437510652,0.004636433615295659,0.008265472711494304,0.24239730834960938,0.2569715976715088,0.02926051616668701,0.014630314001720764,0.0,0.0,6
32.9,PINN Conservative,0.2513627666234972,0.002792943567012551,0.004628567158430794,0.00826683984781873,0.24239593744277954,0.2569568157196045,0.029316723346710205,0.014658417699147223,0.0,0.0,4
33.0,PINN Conservative,0.2513582193851473,0.00277480269996503,0.004620774140016076,0.00826885713261205,0.24239391088485718,0.25694209337234497,0.029377996921539307,0.01468905460365878,0.0,0.0,4
33.1,PINN Conservative,0.25135360378026983,0.0027563890897729123,0.004613071342776327,0.00827033855015763,0.2423924207687378,0.25692713260650635,0.029440343379974365,0.014720227952023653,0.0,0.0,4
33.2,PINN Conservative,0.2513489481806757,0.0027378159236522252,0.0046054265950392585,0.008271939721298027,0.24239081144332886,0.2569119930267334,0.02950465679168701,0.014752384780786271,0.0,0.0,4
33.300000000000004,PINN Conservative,0.2513442405462267,0.0027190351683727167,0.004597850508573541,0.008273069596770655,0.24238967895507812,0.2568970322608948,0.029572665691375732,0.014786389360599197,0.0,0.0,4
33.4,PINN Conservative,0.25133945512771627,0.0026999440994019182,0.004590345212996407,0.008274373555991865,0.24238836765289307,0.2568821310997009,0.029641687870025635,0.014820900581829142,0.0,0.0,4
33.5,PINN Conservative,0.25133464336395284,0.0026807479280162357,0.004582905340050195,0.008275439565834097,0.2423872947692871,0.2568666338920593,0.02971184253692627,0.0148559780493487,0.0,0.0,4
33.6,PINN Conservative,0.25132976800203344,0.0026612980365474997,0.004575512398088137,0.008276327205884115,0.24238640069961548,0.2568514943122864,0.02978569269180298,0.014892903267918563,0.0,0.0,4
33.7,PINN Conservative,0.25132484650611897,0.0026416640969584523,0.004568186525914898,0.00827715995886047,0.24238556623458862,0.25683605670928955,0.029859483242034912,0.014929798684052132,0.0,0.0,4
33.800000000000004,PINN Conservative,0.2513198606371882,0.0026217733460390104,0.004560893373045345,0.008278167461203356,0.24238455295562744,0.2568202614784241,0.029935836791992188,0.014967975604946398,0.0,0.0,4
33.9,PINN Conservative,0.2513148378133776,0.002601735166392496,0.004553658741827365,0.008278638903967017,0.24238407611846924,0.25680482387542725,0.0300137996673584,0.015006957191620637,0.0,0.0,4
34.0,PINN Conservative,0.25130976831913016,0.0025815107985313404,0.004546454344624739,0.008279110708223292,0.24238359928131104,0.25678908824920654,0.03009331226348877,0.015046713641638555,0.0,0.0,4
34.1,PINN Conservative,0.25130463868379616,0.0025610465023067834,0.004539297793839013,0.008279702063549388,0.24238300323486328,0.2567734718322754,0.03017449378967285,0.01508730455987274,0.0,0.0,4
34.2,PINN Conservative,0.25129946845769907,0.0025404202722710202,0.00453217644452331,0.008279876509399042,0.24238282442092896,0.2567576766014099,0.030256152153015137,0.015128133897597287,0.0,0.0,4
34.300000000000004,PINN Conservative,0.25129425668716454,0.0025196283038115648,0.004525088303168041,0.008279995051287126,0.2423827052116394,0.25674158334732056,0.030339539051055908,0.015169827505974396,0.0,0.0,4
34.4,PINN Conservative,0.25128898590803167,0.002498600924965675,0.004518028969560923,0.008279871936476113,0.24238282442092896,0.256725549697876,0.030424058437347412,0.015212087360641119,0.0,0.0,4
34.5,PINN Conservative,0.25128368437290216,0.002477450847373206,0.004510998535438563,0.008279927912721197,0.24238276481628418,0.25670939683914185,0.030509591102600098,0.015254853856724858,0.0,0.0,3
34.6,PINN Conservative,0.25127832460403465,0.0024560684506416425,0.004503986073539673,0.008279805336695867,0.24238288402557373,0.2566930651664734,0.0305936336517334,0.015296875291901218,0.0,0.0,3
34.7,PINN Conservative,0.251272933483124,0.0024345609772806415,0.004496989642743921,0.008279268675520146,0.2423834204673767,0.25667643547058105,0.030673563480377197,0.015336840358973201,0.0,0.0,3
34.800000000000004,PINN Conservative,0.2512675074934962,0.002412914397782242,0.004490024427175166,0.00827878883941452,0.2423838973045349,0.25665998458862305,0.03075242042541504,0.01537626898219187,0.0,0.0,3
34.9,PINN Conservative,0.25126202577352547,0.002391045486252136,0.004483059631387854,0.008278368831939553,0.24238431453704834,0.25664347410202026,0.03082871437072754,0.015414416100649841,0.0,0.0,3
35.0,PINN Conservative,0.25125650459527993,0.002369019158888012,0.004476115341145032,0.008277233779972804,0.24238544702529907,0.25662684440612793,0.030901968479156494,0.015451043294856753,0.0,0.0,3
35.1,PINN Conservative,0.25125095260143304,0.00234686989498878,0.004469181469022059,0.008276337345730522,0.2423863410949707,0.25661009550094604,0.030972957611083984,0.015486537996484442,0.0,0.0,3
35.2,PINN Conservative,0.2512453578114512,0.0023245498991122725,0.004462251395350664,0.008275321889854526,0.24238735437393188,0.25659310817718506,0.03104192018508911,0.015521019415278094,0.0,0.0,3
35.300000000000004,PINN Conservative,0.2512397179007532,0.002302049897516026,0.004455316142310885,0.008274189689555289,0.24238848686218262,0.2565762400627136,0.031108438968658447,0.015554278934183636,0.0,0.0,5
35.4,PINN Conservative,0.2512340413928034,0.0022794038939227767,0.004448390098314022,0.008272816860033005,0.24238985776901245,0.2565590739250183,0.031172752380371094,0.015586435762946254,0.0,0.0,3
35.5,PINN Conservative,0.25122832554578806,0.002256600950071904,0.00444147516087266,0.00827138458583393,0.24239128828048706,0.256541907787323,0.03123462200164795,0.015617370691820766,0.0,0.0,3
35.6,PINN Conservative,0.2512225784659388,0.002233673405167988,0.004434537006929094,0.008269716075356204,0.24239295721054077,0.25652462244033813,0.03129309415817261,0.015646606881826446,0.0,0.0,3
35.7,PINN Conservative,0.2512167930006983,0.0022105927246187135,0.004428829830950117,0.008268045595548668,0.24239462614059448,0.25650763511657715,0.031351685523986816,0.015675902676704715,0.0,0.0,3
35.800000000000004,PINN Conservative,0.25121096771955514,0.0021873532015057946,0.004421907328754434,0.008266136833247562,0.2423965334892273,0.25648999214172363,0.03140503168106079,0.015702575857189,0.0,0.0,3
35.9,PINN Conservative,0.2512051150202753,0.0021640042957888897,0.004414973574593541,0.008263989780306902,0.2423986792564392,0.25647246837615967,0.031457722187042236,0.015728921210874033,0.0,0.0,3
36.0,PINN Conservative,0.2511992362737658,0.0021405514765986413,0.0044080243742310125,0.008261723638271323,0.24240094423294067,0.2564545273780823,0.03150606155395508,0.015753090986709514,0.0,0.0,3
36.1,PINN Conservative,0.2511933094263079,0.0021169067622752447,0.0044010635687594885,0.008259219190512701,0.24240344762802124,0.25643694400787354,0.031553566455841064,0.015776843528436862,0.0,0.0,3
36.2,PINN Conservative,0.25118735104799295,0.002093136257957486,0.004394082800021596,0.008256716449306978,0.2424059510231018,0.25641924142837524,0.03159892559051514,0.015799523182457576,0.0,0.0,3
36.300000000000004,PINN Conservative,0.2511813675165179,0.0020692654069901185,0.004387080765802396,0.008254510167357065,0.2424081563949585,0.256401002407074,0.031642019748687744,0.015821070343899072,0.0,0.0,3
36.4,PINN Conservative,0.25117534559965154,0.0020452414203773923,0.004380057044102921,0.008251767539079746,0.24241089820861816,0.2563830614089966,0.03168290853500366,0.01584151481519764,0.0,0.0,3
36.5,PINN Conservative,0.2511692927479746,0.002021094021653163,0.0043730245675832604,0.008248369349186768,0.24241429567337036,0.2563650608062744,0.031719982624053955,0.01586005193057331,0.0,0.0,3
36.6,PINN Conservative,0.25116321241855644,0.0019968370025368614,0.004365944957529125,0.008245567289542677,0.2424170970916748,0.2563466429710388,0.03175652027130127,0.015878320824022324,0.0,0.0,3
36.7,PINN Conservative,0.2511571098566058,0.0019724912883962737,0.0043588599513639074,0.008242230177772092,0.24242043495178223,0.25632840394973755,0.03178983926773071,0.01589498038591139,0.0,0.0,3
36.800000000000004,PINN Conservative,0.2511509754061701,0.0019480183575314757,0.004351730377061524,0.008238832171911237,0.24242383241653442,0.25631004571914673,0.03182113170623779,0.015910626664966416,0.0,0.0,3
36.9,PINN Conservative,0.2511448046565058,0.0019234006136109934,0.004344582687661854,0.008235374631898551,0.2424272894859314,0.2562915086746216,0.03185009956359863,0.015925110649005928,0.0,0.0,3
37.0,PINN Conservative,0.2508854739069939,0.0008888199986943884,0.004337389078801418,0.008231441483933843,0.24243122339248657,0.2562727928161621,0.031876564025878906,0.015938342930721036,0.0,0.0,3
37.1,PINN Conservative,0.25113239616155647,0.0018738978517556309,0.004330177043227089,0.008227566792955665,0.24243509769439697,0.2562541365623474,0.031900644302368164,0.015950383114984333,0.0,0.0,3
37.2,PINN Conservative,0.251126153290272,0.0018489923840295803,0.004322918894988293,0.008223692161082596,0.24243897199630737,0.2562353014945984,0.03192317485809326,0.015961648435903954,0.0,0.0,3
37.300000000000004,PINN Conservative,0.2511198765635493,0.0018239518525667037,0.004315636900079014,0.008219519561104283,0.24244314432144165,0.25621628761291504,0.031943321228027344,0.015971721659371763,0.0,0.0,3
37.4,PINN Conservative,0.25111358106136344,0.001798836417798972,0.004308317063674374,0.00821516918980214,0.24244749546051025,0.25619739294052124,0.03196138143539429,0.015980751797569234,0.0,0.0,3
37.5,PINN Conservative,0.2511072623729708,0.00177362848339469,0.004300946161871497,0.008210638069872045,0.24245202541351318,0.25617843866348267,0.03197741508483887,0.015988768652932667,0.0,0.0,3
37.6,PINN Conservative,0.25110092037916204,0.0017483275737770199,0.004293540716839368,0.00820622810940741,0.24245643615722656,0.25615936517715454,0.03199112415313721,0.015995623213280585,0.0,0.0,3
37.7,PINN Conservative,0.2510945501923563,0.0017229141903082454,0.004286104670248875,0.008201340402392954,0.24246132373809814,0.2561400532722473,0.03200352191925049,0.016001822120030006,0.0,0.0,3
37.800000000000004,PINN Conservative,0.2510881662964823,0.0016974461155374778,0.004278624189234756,0.008196750758273419,0.24246591329574585,0.2561207413673401,0.03201305866241455,0.01600659050983725,0.0,0.0,3
37.9,PINN Conservative,0.2510817507505419,0.0016718517751959537,0.004271099780970299,0.008191386290569369,0.24247127771377563,0.25610125064849854,0.03201991319656372,0.01601001779001121,0.0,0.0,3
38.0,PINN Conservative,0.25107531142234824,0.00164616255733502,0.004263527791840428,0.008186141844955641,0.24247652292251587,0.25608164072036743,0.03202486038208008,0.01601249139222372,0.0,0.0,3
38.1,PINN Conservative,0.25106886112689997,0.0016204295864327136,0.00425591747484374,0.00818071780729629,0.24248194694519043,0.25606244802474976,0.03202885389328003,0.016014488155455503,0.0,0.0,3
38.2,PINN Conservative,0.2510623887181284,0.0015946083960822943,0.004248245725287338,0.008175353404575314,0.24248731136322021,0.2560424208641052,0.03202974796295166,0.01601493519199993,0.0,0.0,3
38.300000000000004,PINN Conservative,0.2510558977723124,0.0015687132535804735,0.004240549147776288,0.008169392983371049,0.24249327182769775,0.25602293014526367,0.03202927112579346,0.01601469677250957,0.0,0.0,3
38.400000000000006,PINN Conservative,0.25104938018322015,0.0015427118197222287,0.004232796384290493,0.008163730611172926,0.24249893426895142,0.25600284337997437,0.03202635049819946,0.016013236453131102,0.0,0.0,3
38.5,PINN Conservative,0.25104284858703635,0.0015166545056206722,0.004224986213846845,0.00815783048061458,0.24250483512878418,0.2559829354286194,0.032021522521972656,0.016010822455791184,0.0,0.0,3
38.6,PINN Conservative,0.25103630858659765,0.0014905636633732173,0.004217143116317093,0.00815163168674471,0.24251103401184082,0.25596296787261963,0.032015323638916016,0.01600772300241647,0.0,0.0,3
38.7,PINN Conservative,0.2510297405719759,0.0014643610606393605,0.004209241467495901,0.008145432913800543,0.24251723289489746,0.2559429407119751,0.03200709819793701,0.01600361026620772,0.0,0.0,3
38.800000000000004,PINN Conservative,0.25102315735816977,0.001438097821896917,0.004201285101636587,0.008138817491586126,0.24252384901046753,0.25592291355133057,0.031996965408325195,0.015998543852037524,0.0,0.0,3
38.900000000000006,PINN Conservative,0.25101655650138877,0.0014117641978268066,0.004193287539327149,0.008132082291016918,0.24253058433532715,0.25590240955352783,0.03198307752609253,0.01599159988438072,0.0,0.0,3
39.0,PINN Conservative,0.25100995248556157,0.001385417970978363,0.0041852363282449175,0.008125585525862733,0.24253708124160767,0.2558823227882385,0.03197062015533447,0.015985371175195006,0.0,0.0,3
39.1,PINN Conservative,0.25100331187248254,0.0013589257421329163,0.004177133788673947,0.008118552334246465,0.24254411458969116,0.25586193799972534,0.03195464611053467,0.015977384122267867,0.0,0.0,3
39.2,PINN Conservative,0.2509966726303103,0.0013324389824174475,0.004168977520085183,0.008111638365855267,0.2425510287284851,0.2558414340019226,0.031937241554260254,0.01596868181086964,0.0,0.0,3
39.300000000000004,PINN Conservative,0.25099002462625525,0.0013059172678264535,0.004160756865661054,0.008104366782210604,0.2425583004951477,0.2558208107948303,0.03191715478897095,0.01595863838983813,0.0,0.0,3
39.400000000000006,PINN Conservative,0.25098335403203986,0.0012793054314815466,0.004150812645530186,0.008096916838158497,0.24256575107574463,0.2558002471923828,0.03189629316329956,0.015948207537134777,0.0,0.0,3
39.5,PINN Conservative,0.2509766781926157,0.0012526726697688533,0.004142499892930418,0.008089526049081974,0.24257314205169678,0.2557794451713562,0.03187227249145508,0.015936197155307776,0.0,0.0,3
39.6,PINN Conservative,0.2509699854254725,0.0012259723761879684,0.004134127071345004,0.00808165843267089,0.24258100986480713,0.25575870275497437,0.03184717893600464,0.01592365032962746,0.0,0.0,3
39.7,PINN Conservative,0.2509632830023768,0.0011992335609073805,0.004125700741116073,0.008074029243607006,0.24258863925933838,0.25573766231536865,0.031820476055145264,0.01591029883816717,0.0,0.0,3
39.800000000000004,PINN Conservative,0.2509565667510035,0.0011724395787481839,0.004117209011985803,0.008066102039112899,0.2425965666770935,0.25571686029434204,0.031792640686035156,0.01589638110041727,0.0,0.0,3
39.900000000000006,PINN Conservative,0.25094984680414223,0.0011456308537165455,0.004108688331752898,0.008058055992936908,0.24260461330413818,0.2556957006454468,0.031762778759002686,0.01588145007983333,0.0,0.0,3
40.0,PINN Conservative,0.2509431126117709,0.0011187652972885847,0.00410009355124203,0.008049711554281358,0.24261295795440674,0.25567466020584106,0.03173130750656128,0.015865714393469416,0.0,0.0,3
40.1,PINN Conservative,0.25093637436628363,0.0010918835712581125,0.004091450871038463,0.00804118830747036,0.24262148141860962,0.2556536793708801,0.031697869300842285,0.015848995226707758,0.0,0.0,3
40.2,PINN Conservative,0.25092961949110054,0.001064935502300768,0.004082761802475098,0.008032605461015085,0.24263006448745728,0.2556324005126953,0.031662940979003906,0.01583153099903872,0.0,0.0,3
40.300000000000004,PINN Conservative,0.25092286747694037,0.0010379988471802164,0.004074006061468442,0.008023844111415657,0.24263882637023926,0.2556113600730896,0.03162646293640137,0.015813291908026002,0.0,0.0,3
40.400000000000006,PINN Conservative,0.25091609686613103,0.0010109880021197338,0.004065184543845148,0.008015022841896535,0.24264764785766602,0.2555898427963257,0.03158825635910034,0.01579418854636072,0.0,0.0,3
40.5,PINN Conservative,0.2509093279242518,0.0009839838151309908,0.00405632844964119,0.00800590355261932,0.24265676736831665,0.255568265914917,0.03154909610748291,0.015774608345714713,0.0,0.0,3
40.6,PINN Conservative,0.2509025617241862,0.000956990566402425,0.00404740971935014,0.007996784266213142,0.24266588687896729,0.25554680824279785,0.03150737285614014,0.01575374664030801,0.0,0.0,3
40.7,PINN Conservative,0.25089577591419243,0.0009299190853333556,0.004038435466035229,0.007987426563526356,0.24267524480819702,0.25552570819854736,0.03146547079086304,0.015732795527592422,0.0,0.0,3
40.800000000000004,PINN Conservative,0.2508889897465708,0.0009028461775346594,0.004029417562947469,0.00797818807191547,0.2426844835281372,0.25550395250320435,0.0314212441444397,0.01571068211986132,0.0,0.0,3
40.900000000000006,PINN Conservative,0.2508822016119959,0.0008757654227231264,0.004020332549564941,0.007968592193374313,0.24269407987594604,0.2554820775985718,0.03137540817260742,0.01568776404635024,0.0,0.0,3
41.0,PINN Conservative,0.25087540537118935,0.0008486523287070137,0.004011193422817031,0.007959115275591122,0.24270355701446533,0.25546056032180786,0.03132963180541992,0.015664875775275457,0.0,0.0,3
41.1,PINN Conservative,0.25086862027645135,0.0008215837010971981,0.0040020024708997985,0.007948863719253574,0.2427138090133667,0.25543856620788574,0.031279683113098145,0.015639901333660004,0.0,0.0,3
41.2,PINN Conservative,0.2508618065714838,0.0007944009351181214,0.003992753273844097,0.007938850139867892,0.24272382259368896,0.25541675090789795,0.031229615211486816,0.01561486728717196,0.0,0.0,3
41.300000000000004,PINN Conservative,0.2508550150394442,0.0007673066263752443,0.003983464325901784,0.007928836984944787,0.24273383617401123,0.25539493560791016,0.031178832054138184,0.015589475611448373,0.0,0.0,3
41.400000000000006,PINN Conservative,0.25084822058677697,0.0007402006660072657,0.003974113831460812,0.007918167966929512,0.24274450540542603,0.25537312030792236,0.031125664710998535,0.015562891838272976,0.0,0.0,3
41.5,PINN Conservative,0.2508414183855059,0.000713063793164113,0.003964708206406606,0.00790815459971067,0.2427545189857483,0.2553510069847107,0.03107309341430664,0.015536606089460529,0.0,0.0,3
41.6,PINN Conservative,0.25083461326360723,0.0006859152686958589,0.003955243911221234,0.007897366551437135,0.24276530742645264,0.2553287744522095,0.031016945838928223,0.015508532194470367,0.0,0.0,3
41.7,PINN Conservative,0.2508278088569643,0.0006587695976868586,0.003945726922281003,0.007886697351714989,0.24277597665786743,0.2553067207336426,0.030959606170654297,0.015479862250754298,0.0,0.0,3
41.800000000000004,PINN Conservative,0.25082101607322715,0.0006316702953903981,0.003936171669582511,0.007875730473091758,0.2427869439125061,0.2552846074104309,0.0309029221534729,0.015451520133837477,0.0,0.0,3
41.900000000000006,PINN Conservative,0.2508142145872118,0.000604536276006499,0.003926552637292478,0.007864823025431067,0.2427978515625,0.2552623152732849,0.03084319829940796,0.015421658092669596,0.0,0.0,3
42.0,PINN Conservative,0.250807427287102,0.0005774588502308357,0.003916883490527396,0.00785373676251594,0.24280893802642822,0.25523996353149414,0.03078293800354004,0.015391527829575058,0.0,0.0,3
42.1,PINN Conservative,0.25080062913894674,0.0005503381469899728,0.003907159056369634,0.007842590893420764,0.24282008409500122,0.25521761178970337,0.03072190284729004,0.015361010134808681,0.0,0.0,3
42.2,PINN Conservative,0.2507938409447672,0.0005232571543901317,0.003897390233124912,0.00783108753511047,0.24283158779144287,0.2551950216293335,0.030658066272735596,0.015329091725536426,0.0,0.0,3
42.300000000000004,PINN Conservative,0.25078704684972786,0.0004961526207517801,0.0038875689185116176,0.007819464819481203,0.24284321069717407,0.25517261028289795,0.030594468116760254,0.015297292526009351,0.0,0.0,3
42.400000000000006,PINN Conservative,0.25078028011322046,0.0004691572319288846,0.003877694043482387,0.007807901706675613,0.2428547739982605,0.25515007972717285,0.030528604984283447,0.015264360833903055,0.0,0.0,3
42.5,PINN Conservative,0.25077350860834147,0.00044214282004444573,0.0038677713077393,0.00779610017331589,0.24286657571792603,0.2551276683807373,0.03046238422393799,0.015231250327178989,0.0,0.0,3
42.6,PINN Conservative,0.25076674562692663,0.0004151624118822999,0.003857800070420757,0.007784060219269362,0.24287861585617065,0.2551049590110779,0.03039419651031494,0.015197156340057177,0.0,0.0,3
42.7,PINN Conservative,0.25075997823476814,0.0003881644073884589,0.0038477713990138548,0.007772020377080746,0.24289065599441528,0.25508224964141846,0.03032618761062622,0.015163151760244251,0.0,0.0,3
42.800000000000004,PINN Conservative,0.2507532258629801,0.00036122632553828055,0.0038377018583784996,0.0077599804137603035,0.2429026961326599,0.2550594210624695,0.030256152153015137,0.015128133897597287,0.0,0.0,3
42.900000000000006,PINN Conservative,0.25074648517370246,0.00033433485018895015,0.0038275806590712344,0.007747642424963397,0.24291503429412842,0.25503700971603394,0.030185699462890625,0.015092907417896253,0.0,0.0,3
43.0,PINN Conservative,0.2507397420406344,0.00030743362552054,0.0038174156125549107,0.007735066116054512,0.24292761087417603,0.2550140619277954,0.03011411428451538,0.01505711469190561,0.0,0.0,3
43.1,PINN Conservative,0.2507330095171931,0.00028057472716409734,0.0038071938657165388,0.007722489699737822,0.24294018745422363,0.25499117374420166,0.030040621757507324,0.015020368287953518,0.0,0.0,3
43.2,PINN Conservative,0.25072628688812276,0.000253755301660147,0.0037969343366794726,0.007709853676441669,0.24295282363891602,0.25496816635131836,0.029966354370117188,0.014983234452329587,0.0,0.0,3
43.300000000000004,PINN Conservative,0.2507195859551432,0.0002270224310863745,0.003786639280472368,0.007697098441448447,0.24296557903289795,0.2549453377723694,0.02989184856414795,0.014945981406960475,0.0,0.0,3
43.400000000000006,PINN Conservative,0.25071288520097756,0.00020029027387730475,0.0037762885722324394,0.007683925971473382,0.2429787516593933,0.2549223303794861,0.029815495014190674,0.014907804486066208,0.0,0.0,3
43.5,PINN Conservative,0.25070620471239113,0.00017363896467968406,0.0037658841419769325,0.007670872790117245,0.24299180507659912,0.254899263381958,0.029738306999206543,0.014869210331063807,0.0,0.0,3
43.6,PINN Conservative,0.25069951659441014,0.00014695721858350521,0.0037554455506602176,0.007657700311662519,0.24300497770309448,0.2548764944076538,0.029661357402801514,0.014830735385806587,0.0,0.0,3
43.7,PINN Conservative,0.2506928430795672,0.00012033373061349707,0.003744954046378657,0.0076445874353821,0.24301809072494507,0.25485295057296753,0.029582083225250244,0.014791098145533853,0.0,0.0,3
43.800000000000004,PINN Conservative,0.2506861906051638,9.379418190227826e-05,0.0037344260186001864,0.007631236138020858,0.24303144216537476,0.25482994318008423,0.02950263023376465,0.01475137149795223,0.0,0.0,3
43.900000000000006,PINN Conservative,0.25067955309152623,6.731431804663555e-05,0.003723860475016903,0.007617646419544377,0.24304503202438354,0.2548068165779114,0.02942138910293579,0.014710750777281751,0.0,0.0,3
44.0,PINN Conservative,0.250672926604748,4.0878445020895186e-05,0.0037132508409390176,0.007603818346335001,0.24305886030197144,0.2547834515571594,0.029340028762817383,0.01467007045173868,0.0,0.0,3
44.1,PINN Conservative,0.2506663106679919,1.4484660518814247e-05,0.00370259799618083,0.007589930596737293,0.2430727481842041,0.254760205745697,0.029257595539093018,0.014628853682342294,0.0,0.0,3
44.2,PINN Conservative,0.2506597281098368,1.1775962552905201e-05,0.003691914859045845,0.007576042844666786,0.24308663606643677,0.2547369599342346,0.029174208641052246,0.014587160073965183,0.0,0.0,3
44.300000000000004,PINN Conservative,0.25065314358472846,3.804443263724005e-05,0.0036811825990748894,0.007561976276174609,0.24310070276260376,0.2547135353088379,0.02909010648727417,0.01454510883635253,0.0,0.0,3
44.400000000000006,PINN Conservative,0.25064657628536247,6.424418191184318e-05,0.003670414317762088,0.007547850100541487,0.24311482906341553,0.2546900510787964,0.02900463342666626,0.014502372142705083,0.0,0.0,3
44.5,PINN Conservative,0.2506400188803675,9.04044583337325e-05,0.003659599683395613,0.0075339027901711875,0.24312877655029297,0.2546670436859131,0.02892094850540161,0.014460529522146498,0.0,0.0,3
44.6,PINN Conservative,0.25063349294662496,0.00011643918254978914,0.003648757853998392,0.007519240113918857,0.24314343929290771,0.2546434998512268,0.02883315086364746,0.014416630533483535,0.0,0.0,3
44.7,PINN Conservative,0.2506269656419756,0.00014247937589582363,0.0036378755975521523,0.0075047563523441,0.24315792322158813,0.25462019443511963,0.028746366500854492,0.014373238186237593,0.0,0.0,3
44.800000000000004,PINN Conservative,0.2506204710006716,0.00016838926127052883,0.00362694958693751,0.007490153327512239,0.2431725263595581,0.254596471786499,0.02865779399871826,0.014328951765902792,0.0,0.0,3
44.900000000000006,PINN Conservative,0.2506139932870867,0.00019423161477659961,0.0036159960136128333,0.007475550300290845,0.24318712949752808,0.2545728087425232,0.028569698333740234,0.014284903765058353,0.0,0.0,3
45.0,PINN Conservative,0.2506075307726862,0.00022001333227430507,0.003606695446766323,0.007460649291070098,0.24320203065872192,0.2545493245124817,0.028479933738708496,0.014240021295997647,0.0,0.0,3
45.1,PINN Conservative,0.25060108131170294,0.0002457429741409633,0.0035956827271718425,0.007445748234053473,0.24321693181991577,0.2545257806777954,0.028389811515808105,0.01419496001231917,0.0,0.0,3
45.2,PINN Conservative,0.2505946603417399,0.0002713589532149766,0.0035846219009617207,0.007430787570125219,0.2432318925857544,0.25450217723846436,0.028299808502197266,0.014149958333513282,0.0,0.0,3
45.300000000000004,PINN Conservative,0.25058826804161094,0.00029686055613164245,0.003573531731198013,0.007415648090002891,0.24324703216552734,0.2544785737991333,0.02820730209350586,0.014103704952382992,0.0,0.0,3
45.400000000000006,PINN Conservative,0.25058188259601616,0.0003223348133973119,0.003562417195248474,0.007400270189069302,0.2432624101638794,0.25445473194122314,0.028115570545196533,0.01405783900292454,0.0,0.0,3
45.5,PINN Conservative,0.2505755302309992,0.0003476770981737171,0.0035512626947962547,0.00738501153048815,0.2432776689529419,0.254430890083313,0.02802187204360962,0.014010989573068344,0.0,0.0,3
45.6,PINN Conservative,0.25056918591260935,0.00037298728153362933,0.003540081031323617,0.007369693228296559,0.24329298734664917,0.2544071674346924,0.02792912721633911,0.013964616982192873,0.0,0.0,3
45.7,PINN Conservative,0.25056287091970464,0.00039818047306546987,0.0035288741162523814,0.007354076900769446,0.24330860376358032,0.2543836832046509,0.027836084365844727,0.013918095379135926,0.0,0.0,3
45.800000000000004,PINN Conservative,0.25055657958984395,0.00042327926265429565,0.0035176322971637686,0.007338400966511949,0.24332427978515625,0.25435972213745117,0.027740299701690674,0.013870202864009395,0.0,0.0,3
45.900000000000006,PINN Conservative,0.25055032229423546,0.00044824227514137145,0.0035063671837528123,0.007322784634834434,0.2433398962020874,0.2543359398841858,0.02764594554901123,0.013823025607353951,0.0,0.0,3
46.0,PINN Conservative,0.25054407286644004,0.0004731738995770998,0.003495068318142531,0.007306810673251896,0.2433558702468872,0.25431209802627563,0.02754974365234375,0.013774924475173353,0.0,0.0,5
46.1,PINN Conservative,0.2505378490686419,0.0004980032750569766,0.0034837562592113106,0.007290896341620501,0.24337178468704224,0.25428837537765503,0.027454495429992676,0.01372730018197348,0.0,0.0,11
46.2,PINN Conservative,0.25053164780139947,0.0005227427665712485,0.0034724139487231735,0.0072749819795281945,0.24338769912719727,0.2542645335197449,0.027360260486602783,0.013680182530190627,0.0,0.0,15
46.300000000000004,PINN Conservative,0.250525474727154,0.0005473697842344159,0.0034610515216725083,0.007258590803518761,0.2434040904045105,0.2542406916618347,0.027264833450317383,0.013632468829681867,0.0,0.0,13
46.400000000000006,PINN Conservative,0.25051933175325414,0.0005718767188215071,0.003449664117214489,0.007242557227281399,0.24342012405395508,0.254216730594635,0.027171790599822998,0.01358594722662492,0.0,0.0,9
46.5,PINN Conservative,0.25051321262121223,0.0005962885381008807,0.0034382454813731292,0.007226225626016658,0.24343645572662354,0.25419265031814575,0.027077972888946533,0.013539038191896134,0.0,0.0,13
46.6,PINN Conservative,0.2505071154832842,0.0006206126135092007,0.003426811807541769,0.007209894022974117,0.243452787399292,0.2541688084602356,0.02698516845703125,0.013492635798584366,0.0,0.0,9
46.7,PINN Conservative,0.2505010586380961,0.0006447759440474117,0.0034153480184305226,0.00719332399960132,0.24346935749053955,0.2541446089744568,0.02689117193222046,0.013445637356546695,0.0,0.0,9
46.800000000000004,PINN Conservative,0.2504950237274172,0.0006688517685026556,0.003403882437876422,0.007176515576233666,0.2434861660003662,0.25412070751190186,0.026798725128173828,0.0133994137778527,0.0,0.0,11
46.900000000000006,PINN Conservative,0.2504890047311785,0.000692864103490059,0.003392393432258255,0.007159945548579738,0.24350273609161377,0.25409674644470215,0.026706159114837646,0.013353130594286115,0.0,0.0,7
47.0,PINN Conservative,0.25048302912712117,0.0007167033286177711,0.0033808831549133915,0.007143315914653836,0.2435193657875061,0.254072904586792,0.026614248752593994,0.013307175237518778,0.0,0.0,7
47.1,PINN Conservative,0.25047707575559636,0.0007404538587209756,0.003369346756883728,0.007126269046614453,0.24353641271591187,0.2540487051010132,0.026521503925323486,0.013260802646643307,0.0,0.0,7
47.2,PINN Conservative,0.2504711443781855,0.0007641166449526836,0.0033578045626104676,0.007109281798765632,0.24355340003967285,0.2540245056152344,0.026428520679473877,0.013214310846022655,0.0,0.0,5
47.300000000000004,PINN Conservative,0.25046526086330434,0.0007875884872046969,0.0033462407711598603,0.0070925925383681365,0.24357008934020996,0.2540006637573242,0.02633833885192871,0.01316921975990788,0.0,0.0,9
47.400000000000006,PINN Conservative,0.25045938348770164,0.0008110358372647459,0.0033346657789539848,0.007075426472094193,0.24358725547790527,0.25397688150405884,0.026246488094329834,0.01312329420557684,0.0,0.0,9
47.5,PINN Conservative,0.2504535589218142,0.0008342725069184113,0.003323077045586073,0.007058021969407524,0.2436046600341797,0.25395238399505615,0.026151835918426514,0.013075967936739919,0.0,0.0,9
47.6,PINN Conservative,0.250447750926018,0.0008574430714332905,0.003311476763986971,0.0070407962792287115,0.24362188577651978,0.25392836332321167,0.026061415672302246,0.013030757640879964,0.0,0.0,9
47.7,PINN Conservative,0.25044197142124197,0.0008804999731557464,0.0032998649111804948,0.007023451378362022,0.24363923072814941,0.2539042830467224,0.025968313217163086,0.012984206235386722,0.0,0.0,5
47.800000000000004,PINN Conservative,0.25043623745441457,0.0009033752046405285,0.003288245799505361,0.007006106476128426,0.24365657567977905,0.2538803815841675,0.02587723731994629,0.012938668112727519,0.0,0.0,7
47.900000000000006,PINN Conservative,0.25043052309751535,0.0009261722037845855,0.003276606061667709,0.006988284735389927,0.2436743974685669,0.25385600328445435,0.025783777236938477,0.012891937892616504,0.0,0.0,5
48.0,PINN Conservative,0.25042484921216984,0.000948807744694274,0.0032649586209981536,0.006970999447231174,0.24369168281555176,0.25383198261260986,0.025693416595458984,0.012846757399192844,0.0,0.0,9
48.1,PINN Conservative,0.2504192076325419,0.0009713144043618171,0.003253305288490771,0.006953296912661999,0.24370938539505005,0.25380754470825195,0.025600671768188477,0.012800384808317373,0.0,0.0,9
48.2,PINN Conservative,0.2504135922789576,0.0009937164371910925,0.0032416406811728387,0.006935236748987494,0.243727445602417,0.25378352403640747,0.025508642196655273,0.012754369846677445,0.0,0.0,7
48.300000000000004,PINN Conservative,0.25040801668167134,0.0010159598652450313,0.0032299746193149327,0.006917653431897597,0.24374502897262573,0.25375932455062866,0.025418341159820557,0.012709219155690081,0.0,0.0,7
48.400000000000006,PINN Conservative,0.2504024780392649,0.0010380558645718975,0.0032183124060085103,0.0068997720793038675,0.24376291036605835,0.25373518466949463,0.025326311588287354,0.012663204194050154,0.0,0.0,5
48.5,PINN Conservative,0.2503969635963442,0.001060055321861641,0.003206627520514034,0.00688183112092805,0.24378085136413574,0.25371110439300537,0.02523517608642578,0.012617636268954655,0.0,0.0,5
48.6,PINN Conservative,0.25039149552583717,0.0010818697798780621,0.003194942837115859,0.006863890161442454,0.24379879236221313,0.25368690490722656,0.025143563747406006,0.012571829924368795,0.0,0.0,5
48.7,PINN Conservative,0.2503860436677935,0.001103619559485324,0.003183256086821996,0.006845710791235693,0.24381697177886963,0.25366270542144775,0.02505207061767578,0.012526083184655526,0.0,0.0,5
48.800000000000004,PINN Conservative,0.2503806435465815,0.0011251629388748612,0.003171567446528019,0.0068274718059859185,0.2438352108001709,0.2536386251449585,0.024960041046142578,0.012480068223015598,0.0,0.0,5
48.900000000000006,PINN Conservative,0.25037527346611044,0.001146586472977073,0.003159877298746483,0.006809352029010118,0.24385333061218262,0.25361424684524536,0.024869024753570557,0.012434559902792689,0.0,0.0,7
49.0,PINN Conservative,0.25036994749307656,0.0011678340437598972,0.0031481766689140786,0.00679111304174318,0.2438715696334839,0.2535901665687561,0.02477896213531494,0.012389528421550507,0.0,0.0,5
49.1,PINN Conservative,0.25036464494466804,0.0011889881637531599,0.0031364897309816746,0.006772635634925861,0.24389004707336426,0.2535659074783325,0.02468770742416382,0.012343900891582419,0.0,0.0,5
49.2,PINN Conservative,0.2503593842387202,0.0012099753563814119,0.0031248031769206203,0.006754396645734795,0.24390828609466553,0.25354188680648804,0.02459782361984253,0.01229895881764912,0.0,0.0,7
49.300000000000004,PINN Conservative,0.25035416626930257,0.001230792054820918,0.003113114621594556,0.006735800034624151,0.24392688274383545,0.2535175681114197,0.024506449699401855,0.012253271682808441,0.0,0.0,5
49.400000000000006,PINN Conservative,0.250348973810673,0.0012515069798809673,0.0031014386750633223,0.006717024601494759,0.2439456582069397,0.2534933090209961,0.024415314197540283,0.012207703757712943,0.0,0.0,5
49.5,PINN Conservative,0.2503438236117365,0.0012720533130585138,0.003089759073602123,0.006698427981433552,0.24396425485610962,0.2534690499305725,0.02432471513748169,0.012162404054544102,0.0,0.0,5
49.6,PINN Conservative,0.2503387175202372,0.0012924236829168936,0.003078084906645114,0.006679712151232142,0.2439829707145691,0.2534451484680176,0.024234771728515625,0.01211743217817451,0.0,0.0,5
49.7,PINN Conservative,0.25033365017175696,0.001312639490400288,0.0030664041421581876,0.006660936721330057,0.24400174617767334,0.2534208297729492,0.024144887924194336,0.012072490104241213,0.0,0.0,5
49.800000000000004,PINN Conservative,0.2503286064863207,0.001332760895940889,0.003054742150265358,0.006642220889239492,0.2440204620361328,0.25339657068252563,0.024055004119873047,0.012027548030307915,0.0,0.0,7
49.900000000000006,PINN Conservative,0.250323621273041,0.0013526490311896067,0.003043083586642205,0.006623326242439775,0.2440393567085266,0.2533723711967468,0.023964881896972656,0.011982486746629438,0.0,0.0,7
50.0,PINN Conservative,0.2503186640739443,0.0013724254059517009,0.0030314363543699967,0.0066046104088170465,0.24405807256698608,0.253348171710968,0.023875534534454346,0.011937812894622798,0.0,0.0,9
50.1,PINN Conservative,0.2503137446045878,0.0013920512607396036,0.003019794832123181,0.006585596556078432,0.24407708644866943,0.25332415103912354,0.023786306381225586,0.011893198647488749,0.0,0.0,7
50.2,PINN Conservative,0.2503088669776919,0.0014115101881624955,0.0030081695261435577,0.006566523088287646,0.24409615993499756,0.25329989194869995,0.02369678020477295,0.011848435388173224,0.0,0.0,7
50.300000000000004,PINN Conservative,0.2503040285706522,0.0014308126509046018,0.0029965373164561656,0.0065472708151319,0.24411541223526,0.25327569246292114,0.02360779047012329,0.011803940350784355,0.0,0.0,7
50.400000000000006,PINN Conservative,0.25029924327135106,0.0014499032442987841,0.002984941664156714,0.006528435769186658,0.24413424730300903,0.25325173139572144,0.023518502712249756,0.011759296301214011,0.0,0.0,5
50.5,PINN Conservative,0.25029447382688547,0.0014689305860132126,0.002973343544191773,0.006508945071495242,0.24415373802185059,0.2532274127006531,0.023429453372955322,0.011714771461388848,0.0,0.0,5
50.6,PINN Conservative,0.2502897603511813,0.0014877346445431453,0.0029617686880866836,0.006489752400269333,0.24417293071746826,0.2532033920288086,0.023341894149780273,0.011670991682471068,0.0,0.0,5
50.7,PINN Conservative,0.2502850963473322,0.0015063413388099521,0.002950196886953624,0.006470500116017686,0.2441921830177307,0.25317925214767456,0.02325296401977539,0.011626526447518494,0.0,0.0,5
50.800000000000004,PINN Conservative,0.2502804467082026,0.0015248907261035988,0.002938638163064524,0.006451128629293812,0.24421155452728271,0.2531549334526062,0.023164689540863037,0.011582389039365171,0.0,0.0,7
50.900000000000006,PINN Conservative,0.25027585899829885,0.001543193051385931,0.0029270954654160163,0.0064318763475733065,0.24423080682754517,0.2531309723854065,0.023076236248016357,0.01153816222390296,0.0,0.0,5
51.0,PINN Conservative,0.2502713103294375,0.0015613396253517375,0.002915580150263422,0.006412087626734675,0.2442505955696106,0.25310683250427246,0.022988736629486084,0.011494412247421475,0.0,0.0,7
51.1,PINN Conservative,0.25026679742336294,0.001579343526356411,0.00290408140475205,0.0063928949483947894,0.24426978826522827,0.2530827522277832,0.022901296615600586,0.011450692073376284,0.0,0.0,5
51.2,PINN Conservative,0.25026233088970207,0.0015971624280875407,0.0028926014534857965,0.0063732254323672355,0.24428945779800415,0.25305885076522827,0.022814691066741943,0.011407389133439229,0.0,0.0,7
51.300000000000004,PINN Conservative,0.250257914721966,0.0016147803987313666,0.0028811274338788576,0.006353794334407803,0.24430888891220093,0.2530345916748047,0.02272820472717285,0.011364145798374763,0.0,0.0,7
51.400000000000006,PINN Conservative,0.2502535220980646,0.0016323044430090151,0.0028696830020596945,0.006334124820091769,0.2443285584449768,0.25301051139831543,0.022640645503997803,0.011320366019456981,0.0,0.0,5
51.5,PINN Conservative,0.2502491866350176,0.00164960044833645,0.002858247650928481,0.006314336093149964,0.24434834718704224,0.25298643112182617,0.02255380153656006,0.011276943869774745,0.0,0.0,5
51.6,PINN Conservative,0.2502448914051058,0.0016667359465823055,0.002846843451816742,0.006294487761100143,0.24436819553375244,0.2529624104499817,0.022466838359832764,0.011233462115219917,0.0,0.0,5
51.7,PINN Conservative,0.2502406430244448,0.0016836845432485958,0.0028354694791425787,0.006274997056460507,0.244387686252594,0.2529389262199402,0.022382020950317383,0.011191053248371718,0.0,0.0,7
51.800000000000004,PINN Conservative,0.25023642635345483,0.0017005066365558214,0.0028241149231632372,0.006255029511960053,0.24440765380859375,0.25291603803634644,0.022297024726867676,0.011148554974214636,0.0,0.0,7
51.900000000000006,PINN Conservative,0.2502322619557383,0.0017171201895512143,0.0028127753361537576,0.006235240785488927,0.24442744255065918,0.2528926730155945,0.022210419178009033,0.011105252034277579,0.0,0.0,5
52.0,PINN Conservative,0.2502281379103663,0.00173357275988819,0.002801475318296023,0.006215809686284823,0.24444687366485596,0.25286978483200073,0.022126972675323486,0.011063528623464174,0.0,0.0,5
52.1,PINN Conservative,0.2502240597009661,0.0017498424710463945,0.002790192008074039,0.006195722931427949,0.24446696043014526,0.2528465986251831,0.022040963172912598,0.01102052370789007,0.0,0.0,7
52.2,PINN Conservative,0.2502200265526774,0.0017659324142731683,0.0027789333781054484,0.006175814992189332,0.24448686838150024,0.2528238892555237,0.021957457065582275,0.01097877049464037,0.0,0.0,5
52.300000000000004,PINN Conservative,0.2502160326242449,0.0017818658928189352,0.0027677087012969647,0.006155966659014966,0.24450671672821045,0.2528006434440613,0.021873116493225098,0.010936600047282533,0.0,0.0,5
52.400000000000006,PINN Conservative,0.25021211123466514,0.0017975099830411987,0.0027565044666097794,0.00613582030036286,0.24452686309814453,0.252777636051178,0.021789491176605225,0.010894787229160242,0.0,0.0,5
52.5,PINN Conservative,0.2502081983685496,0.0018131200695409475,0.0027453397324435137,0.006116091173861582,0.24454659223556519,0.2527548670768738,0.0217055082321167,0.010852795596420179,0.0,0.0,5
52.6,PINN Conservative,0.25020435291528725,0.0018284612175083635,0.0027341979157150522,0.0060961236284377,0.24456655979156494,0.2527317404747009,0.02162235975265503,0.010811221197788249,0.0,0.0,5
52.7,PINN Conservative,0.2502005330324175,0.0018437003543084576,0.0027230874626860053,0.006075679247023791,0.2445870041847229,0.25270891189575195,0.021539270877838135,0.010769676601592615,0.0,0.0,5
52.800000000000004,PINN Conservative,0.2501967667937281,0.0018587254816662979,0.002712001167171345,0.006055771304075364,0.24460691213607788,0.2526859641075134,0.021456599235534668,0.010728340622451048,0.0,0.0,5
52.900000000000006,PINN Conservative,0.2501930410861971,0.0018735889130012402,0.002700950063457246,0.006035386527907527,0.24462729692459106,0.25266313552856445,0.021375417709350586,0.010687749704216864,0.0,0.0,5
53.0,PINN Conservative,0.25018936425447486,0.0018882573579554725,0.00268994142210192,0.006015359375103779,0.2446473240852356,0.25264042615890503,0.021293163299560547,0.010646622342129363,0.0,0.0,5
53.1,PINN Conservative,0.2501857378482821,0.0019027246340340928,0.0026789639341131314,0.005995034201415506,0.244667649269104,0.2526177167892456,0.021211862564086914,0.010605971819022588,0.0,0.0,5
53.2,PINN Conservative,0.250182158470154,0.0019170042951684452,0.0026680207850051678,0.005974947444707779,0.2446877360343933,0.25259506702423096,0.021129846572875977,0.010564963666680268,0.0,0.0,5
53.300000000000004,PINN Conservative,0.2501786182522776,0.0019311277294098773,0.0026570990894424894,0.005954503059853011,0.24470818042755127,0.252572238445282,0.021048307418823242,0.010524193933828313,0.0,0.0,5
53.400000000000006,PINN Conservative,0.2501751233935358,0.0019450702067787813,0.002646230776425634,0.005934177884021619,0.24472850561141968,0.25254952907562256,0.020967602729797363,0.01048384143508449,0.0,0.0,5
53.5,PINN Conservative,0.2501716783642771,0.0019588138931544894,0.0026353944655566337,0.0059137931043296565,0.24474889039993286,0.2525268793106079,0.020887434482574463,0.010443757158267324,0.0,0.0,5
53.6,PINN Conservative,0.25016827148199106,0.001972405395038071,0.0026245993157922014,0.0058937659511629215,0.2447689175605774,0.2525044083595276,0.02080923318862915,0.010404656361847904,0.0,0.0,9
53.7,PINN Conservative,0.250164913594723,0.0019858014349645476,0.00261383624286013,0.005873321565234568,0.24478936195373535,0.2524818181991577,0.02072930335998535,0.010364691294775921,0.0,0.0,5
53.800000000000004,PINN Conservative,0.2501616122722628,0.00199897181382367,0.0026031147215542787,0.00585263875958747,0.2448100447654724,0.25245922803878784,0.020649373531341553,0.010324726227703937,0.0,0.0,5
53.900000000000006,PINN Conservative,0.25015834665298486,0.002011999757509524,0.002592418660647543,0.005832373188039697,0.24483031034469604,0.25243687629699707,0.020570218563079834,0.010285148592303792,0.0,0.0,7
54.0,PINN Conservative,0.2501551277637484,0.0020248412751926507,0.0025817753810393656,0.005812107615366269,0.24485057592391968,0.2524145245552063,0.0204925537109375,0.010246316017811029,0.0,0.0,5
54.1,PINN Conservative,0.2501519575715067,0.00203748851985977,0.002571185075542043,0.005791842042473794,0.2448708415031433,0.2523922324180603,0.020415186882019043,0.010207632455499743,0.0,0.0,7
54.2,PINN Conservative,0.25014884048700353,0.002049923895179187,0.002560625187845674,0.005771278446904948,0.24489140510559082,0.25236982107162476,0.020337283611297607,0.010168680671261799,0.0,0.0,5
54.300000000000004,PINN Conservative,0.2501457636356356,0.0020621987634168023,0.002550111684635905,0.0057506552457012305,0.2449120283126831,0.25234752893447876,0.02025991678237915,0.010129997108950512,0.0,0.0,5
54.400000000000006,PINN Conservative,0.2501427388787272,0.00207426580470751,0.002539637608469352,0.005730210858237161,0.24493247270584106,0.2523326277732849,0.020183324813842773,0.010091700978311064,0.0,0.0,5
54.5,PINN Conservative,0.25013975274562855,0.0020861787591998477,0.0025292114095971613,0.00570970686593969,0.2449529767036438,0.2523376941680908,0.020106852054595947,0.010053464452544209,0.0,0.0,5
54.6,PINN Conservative,0.2501368240714075,0.002097862485800653,0.002518822122569556,0.005689441292665742,0.24497324228286743,0.2523428201675415,0.020031213760375977,0.010015645160885486,0.0,0.0,5
54.7,PINN Conservative,0.25013393193483374,0.002109400448192542,0.0025084911429296454,0.005668639276160292,0.24499404430389404,0.2523484230041504,0.019955813884735107,0.009977945078971944,0.0,0.0,5
54.800000000000004,PINN Conservative,0.25013109141588236,0.002120732485943322,0.0024982014830245737,0.005648194888545954,0.245014488697052,0.252353310585022,0.019880235195159912,0.009940155589749516,0.0,0.0,5
54.900000000000006,PINN Conservative,0.25012829631567024,0.0021318833290332666,0.002487951114826484,0.005627571686238453,0.2450351119041443,0.25235867500305176,0.019805908203125,0.00990299195168929,0.0,0.0,5
55.0,PINN Conservative,0.2501255457401278,0.002142856544286109,0.002477766924709755,0.005607008088935939,0.2450556755065918,0.25236380100250244,0.019730448722839355,0.009865262067339453,0.0,0.0,5
55.1,PINN Conservative,0.2501228434443476,0.002153637151041101,0.0024676149313897153,0.005586206071858002,0.2450764775276184,0.2523691654205322,0.019656896591186523,0.009828485860951065,0.0,0.0,7
55.2,PINN Conservative,0.250120195746422,0.002164199943741575,0.002457512391354756,0.005565761683021975,0.24509692192077637,0.25237441062927246,0.019584238529205322,0.009792156691107107,0.0,0.0,5
55.300000000000004,PINN Conservative,0.25011758810281776,0.0021746029427251717,0.0024474688055310416,0.005545138480553935,0.24511754512786865,0.2523799538612366,0.019511938095092773,0.00975600633588092,0.0,0.0,5
55.400000000000006,PINN Conservative,0.2501150397062304,0.0021847695801693236,0.0024374588071938603,0.005524455672831441,0.2451382279396057,0.2523851990699768,0.0194394588470459,0.009719766573345848,0.0,0.0,7
55.5,PINN Conservative,0.2501125162839892,0.002194836584328791,0.00242751205043661,0.005503832469619829,0.245158851146698,0.2523905634880066,0.01936560869216919,0.009682841354775982,0.0,0.0,5
55.6,PINN Conservative,0.25011004859209085,0.0022046812564565517,0.002417623129008052,0.005483149661631159,0.24517953395843506,0.2523961067199707,0.019295215606689453,0.009647644677511245,0.0,0.0,7
55.7,PINN Conservative,0.25010763716697715,0.0022143014564584983,0.0024077795633119037,0.005462705272468782,0.24519997835159302,0.25240135192871094,0.019224345684051514,0.009612209580756146,0.0,0.0,5
55.800000000000004,PINN Conservative,0.2501052687168124,0.002223750211118245,0.00239799298053291,0.0054422012781478735,0.24522048234939575,0.2524068355560303,0.019153058528900146,0.00957656586694698,0.0,0.0,5
55.900000000000006,PINN Conservative,0.25010294193029425,0.0022330327517781265,0.0023882549070124107,0.005421399260489401,0.24524128437042236,0.2524123191833496,0.01908254623413086,0.009541309584809652,0.0,0.0,11
56.0,PINN Conservative,0.25010066801309605,0.0022421043742433164,0.0023785714311974574,0.005400776056969592,0.24526190757751465,0.2524179220199585,0.01901298761367798,0.009506530141653048,0.0,0.0,5
56.1,PINN Conservative,0.2500984408259394,0.002250989570705336,0.0023689470353318756,0.005379974039068702,0.24528270959854126,0.25242334604263306,0.01894402503967285,0.009472048722859398,0.0,0.0,7
56.2,PINN Conservative,0.2500962584614756,0.0022596959503891566,0.0023593730680806103,0.005359350834996113,0.24530333280563354,0.2524287700653076,0.018874645233154297,0.00943735868701168,0.0,0.0,5
56.300000000000004,PINN Conservative,0.25009412878751774,0.00226819212524321,0.002349866631723265,0.005338787235464271,0.24532389640808105,0.2524340748786926,0.01880568265914917,0.00940287726821803,0.0,0.0,5
56.400000000000006,PINN Conservative,0.25009202402830144,0.0022765889046006647,0.002340416011695915,0.0053178660079654105,0.24534481763839722,0.2524396777153015,0.018737196922302246,0.009368634268914742,0.0,0.0,5
56.5,PINN Conservative,0.25008999061584497,0.002284701051399892,0.0023310045361741817,0.005297362013136908,0.24536532163619995,0.2524452209472656,0.018669188022613525,0.009334629689101816,0.0,0.0,7
56.6,PINN Conservative,0.2500880016088488,0.002292636045938855,0.0023216622516943003,0.005276977227239188,0.24538570642471313,0.25245100259780884,0.01860511302947998,0.00930259207008438,0.0,0.0,7
56.7,PINN Conservative,0.2500860619544985,0.0023003741517910866,0.0023123802410450803,0.005255877185513569,0.24540680646896362,0.2524564266204834,0.018535971641540527,0.009268021243981843,0.0,0.0,7
56.800000000000004,PINN Conservative,0.2500841687321665,0.0023079270205816882,0.002303149604571652,0.005235253980862831,0.2454274296760559,0.2524619698524475,0.018471240997314453,0.009235655798165158,0.0,0.0,9
56.900000000000006,PINN Conservative,0.250082312345505,0.002315332936221833,0.0022939870641814197,0.0052145115670463316,0.24544817209243774,0.2524678111076355,0.018405139446258545,0.009202604896313681,0.0,0.0,7
57.0,PINN Conservative,0.25008051151037236,0.002322517233195417,0.0022848886881498102,0.0051940075713107214,0.24546867609024048,0.25247329473495483,0.018338799476623535,0.009169434784717025,0.0,0.0,5
57.1,PINN Conservative,0.25007874470949193,0.002329565753067251,0.0022758486992977677,0.005173265157315365,0.24548941850662231,0.25247901678085327,0.018275201320648193,0.00913763558518995,0.0,0.0,5
57.2,PINN Conservative,0.25007703989744207,0.002336366973139241,0.002266859770148318,0.005152641952333004,0.2455100417137146,0.25248491764068604,0.01821082830429077,0.009105448953991036,0.0,0.0,5
57.300000000000004,PINN Conservative,0.25007537746429465,0.002342999125751891,0.002257952382003294,0.005132078351927638,0.2455306053161621,0.2524905800819397,0.018148064613342285,0.009074066988572096,0.0,0.0,7
57.400000000000006,PINN Conservative,0.2500737646222117,0.0023494334385245766,0.0022490861765428246,0.005111395542321928,0.24555128812789917,0.25249624252319336,0.018084287643432617,0.009042178381736135,0.0,0.0,7
57.5,PINN Conservative,0.2500721818804743,0.002355747668221629,0.002240306267441794,0.005091010755703174,0.24557167291641235,0.25250184535980225,0.01802217960357666,0.009011124243116444,0.0,0.0,9
57.6,PINN Conservative,0.2500706605911257,0.0023618167382131678,0.0022315724031592376,0.005070029922569219,0.2455926537513733,0.2525078058242798,0.01795971393585205,0.00897989128987898,0.0,0.0,5
57.7,PINN Conservative,0.2500691800117495,0.0023677233988168836,0.0022229032701030593,0.005049585531035294,0.24561309814453125,0.2525133490562439,0.017898082733154297,0.00894907557074965,0.0,0.0,5
57.800000000000004,PINN Conservative,0.25006775879859944,0.00237339322230476,0.00221430449618978,0.005028962325918929,0.24563372135162354,0.2525193691253662,0.017838239669799805,0.00891915392470918,0.0,0.0,7
57.900000000000006,PINN Conservative,0.25006636911630653,0.002378937255798052,0.00220578181929836,0.005008517934270262,0.2456541657447815,0.2525249123573303,0.017777323722839355,0.008888695834815392,0.0,0.0,11
58.0,PINN Conservative,0.25006503665447255,0.0023842530125532655,0.0021973140107242285,0.00498753710101707,0.24567514657974243,0.25253087282180786,0.01771688461303711,0.008858476164411969,0.0,0.0,7
58.1,PINN Conservative,0.2500637514591219,0.002389380203210979,0.002188906439921178,0.004967092709269982,0.2456955909729004,0.2525368332862854,0.017657220363616943,0.008828643925680384,0.0,0.0,5
58.2,PINN Conservative,0.2500625109076502,0.0023943292904551965,0.002180570713410482,0.004946529108408038,0.2457161545753479,0.25254255533218384,0.017598748207092285,0.008799407735674704,0.0,0.0,5
58.300000000000004,PINN Conservative,0.25006131047010444,0.002399118346194229,0.0021723056659404107,0.004925846297988812,0.24573683738708496,0.2525485157966614,0.01753932237625122,0.008769694706688301,0.0,0.0,9
58.400000000000006,PINN Conservative,0.2500601633787157,0.002403694581432549,0.002164117732249992,0.00490522309237007,0.24575746059417725,0.25255465507507324,0.017480969429016113,0.008740518121555211,0.0,0.0,5
58.5,PINN Conservative,0.25005904746055624,0.002408146453406133,0.0021559761907834862,0.004884897909916197,0.24577778577804565,0.25256043672561646,0.017424285411834717,0.00871217600463839,0.0,0.0,5
58.6,PINN Conservative,0.2500579881668093,0.0024123724265240542,0.0021479227434020123,0.004864274704005189,0.24579840898513794,0.2525663375854492,0.01736694574356079,0.008683506060922322,0.0,0.0,7
58.7,PINN Conservative,0.2500569891333582,0.0024163579957019576,0.0021399132479974774,0.004843770707437467,0.24581891298294067,0.252572238445282,0.01731085777282715,0.008655461968368455,0.0,0.0,11
58.800000000000004,PINN Conservative,0.2500560181140902,0.0024202318043934595,0.0021320065793269984,0.0048231475016105585,0.24583953619003296,0.2525783181190491,0.01725560426712036,0.00862783510992272,0.0,0.0,11
58.900000000000006,PINN Conservative,0.25005509805679343,0.0024239023041147984,0.0021241467246506207,0.004802524295735189,0.24586015939712524,0.2525845766067505,0.017199814319610596,0.00859994002955033,0.0,0.0,7
59.0,PINN Conservative,0.2500542145967486,0.0024274268018389124,0.002116363125399044,0.004782079903602687,0.2458806037902832,0.25259023904800415,0.017144381999969482,0.00857222376379571,0.0,0.0,9
59.1,PINN Conservative,0.25005338740348837,0.0024307268274372123,0.0021086507179458387,0.004761516302219437,0.2459011673927307,0.25259649753570557,0.017090439796447754,0.008545252558948472,0.0,0.0,7
59.2,PINN Conservative,0.25005259245634104,0.002433898209581675,0.002101015657575054,0.0047411911194380485,0.24592149257659912,0.2526025176048279,0.017037928104400635,0.008518996612572322,0.0,0.0,7
59.300000000000004,PINN Conservative,0.2500518590807917,0.0024368239564444495,0.002093445556712599,0.004720687122620748,0.24594199657440186,0.2526082992553711,0.01698356866836548,0.008491816790671017,0.0,0.0,7
59.400000000000006,PINN Conservative,0.25005116468668004,0.0024395941897792286,0.002085955977288989,0.004700481148992741,0.2459622025489807,0.2526145577430725,0.01693207025527954,0.008466067485711886,0.0,0.0,7
59.5,PINN Conservative,0.2500504993796351,0.0024422483824385033,0.002078539941863715,0.004680036756806838,0.24598264694213867,0.25262075662612915,0.016880512237548828,0.008440288378316462,0.0,0.0,7
59.6,PINN Conservative,0.25004990601539634,0.0024446155646571342,0.0020711776699782044,0.004659473155238569,0.24600321054458618,0.252626895904541,0.01682955026626587,0.008414807295283988,0.0,0.0,7
59.7,PINN Conservative,0.250049347817898,0.0024468424517970475,0.0020639032129872795,0.00463908836757515,0.24602359533309937,0.25263285636901855,0.016777873039245605,0.008388968583015972,0.0,0.0,7
59.800000000000004,PINN Conservative,0.25004883146286033,0.0024489024115719503,0.0020567032385010718,0.0046189419984580815,0.24604374170303345,0.25263911485671997,0.016728639602661133,0.008364351770636063,0.0,0.0,7
59.900000000000006,PINN Conservative,0.25004837101697946,0.0024507393259504437,0.002049567539950275,0.004598616815381096,0.24606406688690186,0.25264549255371094,0.016678333282470703,0.008339198514402839,0.0,0.0,5
60.0,PINN Conservative,0.2500479328632357,0.002452487307516565,0.0020425151722790057,0.0045781724229834175,0.24608451128005981,0.2526516318321228,0.016630053520202637,0.008315058541003654,0.0,0.0,7
60.1,PINN Conservative,0.25004755634069464,0.0024539894160122474,0.002035538086362925,0.004557608821270598,0.24610507488250732,0.25265800952911377,0.016580522060394287,0.008290292716442268,0.0,0.0,5
60.2,PINN Conservative,0.2500472088456156,0.0024553757216209554,0.002028631802143185,0.004537581661333723,0.24612510204315186,0.25266385078430176,0.016533493995666504,0.008266778594205283,0.0,0.0,7
60.300000000000004,PINN Conservative,0.2500469208955767,0.0024565244767488993,0.002021800615907568,0.004517375687473457,0.2461453080177307,0.25267040729522705,0.01648688316345215,0.008243473089022367,0.0,0.0,5
60.400000000000006,PINN Conservative,0.2500466638207438,0.0024575500575532054,0.0020150518511549195,0.004497169713551186,0.24616551399230957,0.2526766061782837,0.016440272331237793,0.00822016758383945,0.0,0.0,7
60.5,PINN Conservative,0.2500464620590212,0.002458354970844183,0.0020083674793813988,0.0044769637396032125,0.24618571996688843,0.25268298387527466,0.01639491319656372,0.008197487929818734,0.0,0.0,9
60.6,PINN Conservative,0.2500462954044344,0.00245901982684453,0.0020017659720997687,0.004456757765664232,0.24620592594146729,0.2526892423629761,0.01634848117828369,0.008174271831944704,0.0,0.0,7
60.7,PINN Conservative,0.2500461683869364,0.002459526553645935,0.0019952422556601263,0.004436611396343992,0.24622607231140137,0.25269556045532227,0.01630377769470215,0.008151920004723236,0.0,0.0,7
60.800000000000004,PINN Conservative,0.25004610002040883,0.002459799296790532,0.0019887879310555674,0.004416524631592977,0.24624615907669067,0.2527017593383789,0.016260504722595215,0.008130283435972855,0.0,0.0,9
60.900000000000006,PINN Conservative,0.2500460601449015,0.002459958377142485,0.0019824242346636084,0.004396557076134511,0.24626612663269043,0.25270819664001465,0.016218245029449463,0.008109153508639496,0.0,0.0,7
61.0,PINN Conservative,0.2500460767745974,0.002459892034215391,0.0019755294140953307,0.004376410706727563,0.2462862730026245,0.25271451473236084,0.01617574691772461,0.008087904371560954,0.0,0.0,9
61.1,PINN Conservative,0.2500461201667788,0.002459718924355478,0.0019693246870903023,0.0043563239419635025,0.24630635976791382,0.2527208924293518,0.016132831573486328,0.008066446617428344,0.0,0.0,9
61.2,PINN Conservative,0.2500462177395823,0.002459329664958982,0.001963192264092147,0.004336415991095577,0.2463262677192688,0.25272732973098755,0.016091525554656982,0.00804579352907571,0.0,0.0,7
61.300000000000004,PINN Conservative,0.25004635334014913,0.0024587886966469757,0.0019571445892402595,0.0043161504123621075,0.24634653329849243,0.25273364782333374,0.01605093479156494,0.008025498069958616,0.0,0.0,9
61.400000000000006,PINN Conservative,0.2500465323328974,0.0024580746184748353,0.0019511807790949024,0.004296063647500514,0.24636662006378174,0.2527402639389038,0.01601254940032959,0.00800630530098445,0.0,0.0,9
61.5,PINN Conservative,0.2500467460751536,0.0024572219097419128,0.0019452948190520026,0.004276274905869737,0.24638640880584717,0.25274670124053955,0.015973925590515137,0.007986993322265101,0.0,0.0,11
61.6,PINN Conservative,0.2500470238327982,0.0024561138164082225,0.0019394659050907426,0.0042561881409996505,0.24640649557113647,0.2527529001235962,0.01593458652496338,0.00796732371431021,0.0,0.0,7
61.7,PINN Conservative,0.2500473130941393,0.002454959829938387,0.001933739361049781,0.004236280190062447,0.24642640352249146,0.2527594566345215,0.015897154808044434,0.00794860778431677,0.0,0.0,9
61.800000000000004,PINN Conservative,0.25004766631126424,0.002453550696655871,0.0019280767706619322,0.004216729866963309,0.24644595384597778,0.252765953540802,0.015860915184020996,0.007930487903049233,0.0,0.0,9
61.900000000000006,PINN Conservative,0.25004805248975776,0.0024520100664604857,0.0019224885345229268,0.004196821915982252,0.24646586179733276,0.2527725100517273,0.015827059745788574,0.007913560119233509,0.0,0.0,13
62.0,PINN Conservative,0.25004848307371164,0.0024502922840046147,0.001916991176028133,0.00417709277892192,0.24648559093475342,0.2527790069580078,0.015791356563568115,0.007895708459892629,0.0,0.0,9
62.1,PINN Conservative,0.2500489515066149,0.002448423505998158,0.0019115778290486134,0.004157006013990661,0.24650567770004272,0.2527855634689331,0.01575690507888794,0.007878482651713951,0.0,0.0,13
62.2,PINN Conservative,0.25004947525262855,0.0024463340604777076,0.0019062230890435814,0.0041372768768897505,0.24652540683746338,0.2527922987937927,0.01572507619857788,0.007862568150732267,0.0,0.0,15
62.300000000000004,PINN Conservative,0.2500500225424769,0.0024441506885910804,0.0019009618266320142,0.004117726553735823,0.2465449571609497,0.25279849767684937,0.01569432020187378,0.007847190093603898,0.0,0.0,11
62.400000000000006,PINN Conservative,0.25005061209201834,0.002441798724821729,0.0018957782098758208,0.004098116625916637,0.2465645670890808,0.2528051733970642,0.015665709972381592,0.007832884924182158,0.0,0.0,15
62.5,PINN Conservative,0.2500512445569041,0.0024392755534984856,0.0018906722979638835,0.004078447093437465,0.2465842366218567,0.2528117299079895,0.015636920928955078,0.007818490347451534,0.0,0.0,9
62.6,PINN Conservative,0.2500519229173663,0.0024365692852081635,0.0018856431038712597,0.004058837165602347,0.2466038465499878,0.25281822681427,0.01560908555984497,0.007804572609701632,0.0,0.0,7
62.7,PINN Conservative,0.2500526313185694,0.0024337431716302945,0.001880700178249657,0.004039167633093088,0.24662351608276367,0.2528250217437744,0.01558387279510498,0.0077919661791487245,0.0,0.0,7
62.800000000000004,PINN Conservative,0.2500533833503725,0.0024307429970395022,0.0018758249387296345,0.004019617309878487,0.24664306640625,0.2528316378593445,0.01555633544921875,0.007778197453580301,0.0,0.0,3
62.900000000000006,PINN Conservative,0.2500541751384737,0.0024275842176731516,0.0018710352341370874,0.004000066986647177,0.24666261672973633,0.2528378963470459,0.015529990196228027,0.007765024776737783,0.0,0.0,3
63.0,PINN Conservative,0.2500550026893618,0.002424282765345225,0.00186632344621928,0.003980635872694704,0.2466820478439331,0.2528446912765503,0.015504300594329834,0.0077521799266945125,0.0,0.0,3
63.1,PINN Conservative,0.2500558787584307,0.0024207877533664367,0.0018616921794764253,0.003961085549445076,0.24670159816741943,0.25285154581069946,0.015479564666748047,0.007739811915631968,0.0,0.0,3
63.2,PINN Conservative,0.25005679386854196,0.002417136990071344,0.0018571427471746006,0.0039419524587056,0.24672073125839233,0.25285786390304565,0.015454471111297607,0.007727265089951651,0.0,0.0,3
63.300000000000004,PINN Conservative,0.2500577394366267,0.00241336471697077,0.0018526685561035506,0.003922402135438652,0.24674028158187866,0.25286465883255005,0.015430271625518799,0.0077151653008157624,0.0,0.0,3
63.400000000000006,PINN Conservative,0.25005871903896354,0.002409456666768667,0.0018482697949273904,0.0039030306260928183,0.24675965309143066,0.2528713345527649,0.015405118465423584,0.0077025886726991505,0.0,0.0,3
63.5,PINN Conservative,0.2500597582459452,0.002405310828297492,0.001843947624114049,0.003883480302814102,0.246779203414917,0.2528778910636902,0.015380442142486572,0.007690250464072901,0.0,0.0,3
63.6,PINN Conservative,0.25006081616878534,0.0024010903243095487,0.0018397120039565663,0.003864406816680044,0.24679827690124512,0.2528846859931946,0.015357017517089844,0.0076785381066088515,0.0,0.0,3
63.7,PINN Conservative,0.2500619145631792,0.0023967083620872365,0.0018355587694572869,0.0038451545166097167,0.24681752920150757,0.2528911828994751,0.015332698822021484,0.007666378712600373,0.0,0.0,3
63.800000000000004,PINN Conservative,0.25006306195259115,0.002392130937907598,0.0018314750481225508,0.0038259618211706203,0.24683672189712524,0.2528979182243347,0.015309631824493408,0.007654845169754096,0.0,0.0,5
63.900000000000006,PINN Conservative,0.25006422483921076,0.0023874916887778328,0.001827479982991312,0.0038069479396600214,0.2468557357788086,0.25290489196777344,0.01528775691986084,0.0076439076756337244,0.0,0.0,5
64.0,PINN Conservative,0.2500654463171961,0.0023826186937797892,0.0018235491955349728,0.0037875764302761072,0.2468751072883606,0.25291162729263306,0.015263795852661133,0.007631927096243018,0.0,0.0,3
64.10000000000001,PINN Conservative,0.2500666964650156,0.0023776313226243984,0.001819698618415632,0.0037685029441046902,0.24689418077468872,0.25291842222213745,0.015241682529449463,0.007620870392377466,0.0,0.0,3
64.2,PINN Conservative,0.2500679883360865,0.002372477499680391,0.0018159324467693079,0.0037493698532856112,0.24691331386566162,0.2529250383377075,0.015219151973724365,0.007609605071457846,0.0,0.0,3
64.3,PINN Conservative,0.25006931269168875,0.0023671940821299786,0.0018122509696723468,0.0037306539949752415,0.2469320297241211,0.25293201208114624,0.015198290348052979,0.007599174218754495,0.0,0.0,3
64.4,PINN Conservative,0.25007066321373006,0.002361806275529385,0.0018086309195051253,0.003711759322726882,0.2469509243965149,0.252938449382782,0.015176355838775635,0.007588206922197828,0.0,0.0,3
64.5,PINN Conservative,0.2500720576643946,0.002356243218974328,0.0018050910714097173,0.003692805045826031,0.24696987867355347,0.25294530391693115,0.015155553817749023,0.0075778058719307715,0.0,0.0,5
64.60000000000001,PINN Conservative,0.2500735071897509,0.002350460446058731,0.0018016344181046562,0.0036737315596306885,0.2469889521598816,0.25295209884643555,0.015133202075958252,0.007566629958320038,0.0,0.0,3
64.7,PINN Conservative,0.2500749697685244,0.0023446255975123086,0.001798251807670953,0.0036548964920069538,0.24700778722763062,0.25295889377593994,0.015112459659576416,0.007556258710489277,0.0,0.0,3
64.8,PINN Conservative,0.2500764810442927,0.0023385964759498785,0.001794944871749907,0.0036362402383148806,0.2470264434814453,0.2529658079147339,0.015092790126800537,0.007546423906511832,0.0,0.0,3
64.9,PINN Conservative,0.250078019499779,0.0023324589229369165,0.0017917115564701736,0.0036174647753292044,0.24704521894454956,0.25297242403030396,0.015072762966156006,0.007536410287916614,0.0,0.0,5
65.0,PINN Conservative,0.25007959467172647,0.0023261748923501142,0.0017885531131232274,0.0035988085216268617,0.24706387519836426,0.25297921895980835,0.01505190134048462,0.0075259794352132625,0.0,0.0,3
65.10000000000001,PINN Conservative,0.25008121126890204,0.002319725598916457,0.0017854752557258109,0.003579913849340921,0.24708276987075806,0.25298625230789185,0.015032351016998291,0.007516204236108407,0.0,0.0,3
65.2,PINN Conservative,0.25008285355567955,0.0023131738187386402,0.0017824692724759878,0.0035611979909855873,0.24710148572921753,0.25299304723739624,0.01501232385635376,0.00750619061751319,0.0,0.0,3
65.3,PINN Conservative,0.25008453375101114,0.002306470805221708,0.001779539636974428,0.0035425417372689783,0.24712014198303223,0.2529996633529663,0.014992952346801758,0.0074965048257172205,0.0,0.0,3
65.4,PINN Conservative,0.25008624327182793,0.0022996507998764826,0.0017766938154779729,0.0035243027160625218,0.2471383810043335,0.2530064582824707,0.014974832534790039,0.007487444885083453,0.0,0.0,3
65.5,PINN Conservative,0.2500879952907564,0.002292661251495522,0.0017739044964266701,0.0035054676484049807,0.24715721607208252,0.25301337242126465,0.014955461025238037,0.007477759093287483,0.0,0.0,3
65.60000000000001,PINN Conservative,0.2500897816419604,0.0022855347370712713,0.0017712026257286075,0.0034868709993248204,0.24717581272125244,0.25302016735076904,0.014936268329620361,0.0074681627088004,0.0,0.0,3
65.7,PINN Conservative,0.2500916053652766,0.0022782591294024557,0.001768560738548349,0.00346833395488344,0.2471943497657776,0.253027081489563,0.014918267726898193,0.007459162373039223,0.0,0.0,3
65.8,PINN Conservative,0.25009345245361353,0.0022708903087321655,0.001766005230405319,0.0034501545383101573,0.24721252918243408,0.2530338764190674,0.014900386333465576,0.0074502216421506355,0.0,0.0,3
65.9,PINN Conservative,0.25009533029794717,0.002263398789315075,0.0017635215569907102,0.0034319751217296024,0.24723070859909058,0.2530409097671509,0.014883697032928467,0.007441876959987955,0.0,0.0,3
66.0,PINN Conservative,0.25009724676609063,0.002255753183099615,0.0017611069739054761,0.0034136168912135556,0.2472490668296814,0.2530473470687866,0.014865696430206299,0.007432876624226777,0.0,0.0,3
66.10000000000001,PINN Conservative,0.2500992048978808,0.0022479413628840685,0.0017587561475896564,0.0033952586606942337,0.24726742506027222,0.25305426120758057,0.014847874641418457,0.007423965695774485,0.0,0.0,5
66.2,PINN Conservative,0.2501011856198313,0.0022400394209146092,0.0017564863730855974,0.003377258058041177,0.24728542566299438,0.25306129455566406,0.01483231782913208,0.007416187259901415,0.0,0.0,5
66.3,PINN Conservative,0.25010319393873237,0.0022320273829764615,0.001754286061897321,0.0033588998275177473,0.2473037838935852,0.25306814908981323,0.014814436435699463,0.007407246529012828,0.0,0.0,3
66.4,PINN Conservative,0.2501052476167681,0.002223834388165564,0.001752161834689622,0.003340660806280926,0.24732202291488647,0.2530753016471863,0.014798879623413086,0.0073994680931397565,0.0,0.0,3
66.5,PINN Conservative,0.25010734027624154,0.00221548587982667,0.001750089990434397,0.003322719808263319,0.24733996391296387,0.25308191776275635,0.014782130718231201,0.007391093608540781,0.0,0.0,5
66.60000000000001,PINN Conservative,0.25010943454504037,0.0022071309512045664,0.0017480977124622306,0.0033047788102471,0.24735790491104126,0.25308871269226074,0.014766037464141846,0.007383046950741053,0.0,0.0,3
66.7,PINN Conservative,0.2501115798354151,0.002198572475824213,0.0017461864272683596,0.003286599393647671,0.24737608432769775,0.253095805644989,0.014751672744750977,0.007375864563593887,0.0,0.0,5
66.8,PINN Conservative,0.2501137536764147,0.002189900099862907,0.0017443310071462669,0.0032688372095572293,0.24739384651184082,0.25310248136520386,0.014735698699951172,0.0073678775106667494,0.0,0.0,3
66.9,PINN Conservative,0.25011595404148124,0.002181121908121793,0.0017425444635775238,0.003250955816178014,0.24741172790527344,0.2531093955039978,0.014720678329467773,0.007360367296720336,0.0,0.0,3
67.0,PINN Conservative,0.2501181821227076,0.0021722331448355953,0.0017408331596463936,0.003232836004214701,0.24742984771728516,0.25311630964279175,0.014705240726470947,0.007352648465719857,0.0,0.0,3
67.10000000000001,PINN Conservative,0.25012044918537163,0.002163188868021402,0.0017391832091704289,0.003215193029407204,0.24744749069213867,0.25312310457229614,0.014690637588500977,0.007345346868827511,0.0,0.0,3
67.2,PINN Conservative,0.2501227563023569,0.0021539847974905535,0.0017375959780074367,0.0031973116360212717,0.2474653720855713,0.25313007831573486,0.014676034450531006,0.007338045271935164,0.0,0.0,3
67.3,PINN Conservative,0.25012507843971277,0.002144720804315599,0.0017360836902094521,0.0031796686612111658,0.2474830150604248,0.2531369924545288,0.014661669731140137,0.007330862884787999,0.0,0.0,3
67.4,PINN Conservative,0.25012743067741416,0.0021353367280650113,0.001734642714626014,0.0031620256863987284,0.24750065803527832,0.25314366817474365,0.01464778184890747,0.007323918917131197,0.0,0.0,5
67.5,PINN Conservative,0.25012982839345954,0.002125771219365058,0.001733247505782495,0.0031444423162320656,0.24751824140548706,0.2531505823135376,0.014634549617767334,0.007317302776273643,0.0,0.0,5
67.60000000000001,PINN Conservative,0.2501322337388995,0.0021161752737665464,0.001731922274119203,0.003126799341416242,0.24753588438034058,0.253157377243042,0.01462012529373169,0.0073100905866901825,0.0,0.0,5
67.7,PINN Conservative,0.25013466995954536,0.0021064561538448397,0.0017306690609281464,0.0031092755758892476,0.24755340814590454,0.2531645894050598,0.014607429504394531,0.007303742667759286,0.0,0.0,3
67.8,PINN Conservative,0.2501371492147448,0.002096565350792847,0.001729481558035518,0.003092049833583077,0.24757063388824463,0.25317132472991943,0.014594793319702148,0.007297424551264684,0.0,0.0,3
67.9,PINN Conservative,0.250139647126198,0.002086600120012615,0.0017283490352671788,0.003074466463407366,0.24758821725845337,0.2531781792640686,0.014581382274627686,0.007290719003098244,0.0,0.0,5
68.0,PINN Conservative,0.2501421847343447,0.0020764765222451337,0.001727287240928951,0.003057061907165981,0.24760562181472778,0.2531850337982178,0.014568984508514404,0.007284520096348824,0.0,0.0,5
68.10000000000001,PINN Conservative,0.2501447358727457,0.002066298946540583,0.00172627962910791,0.003039716955564653,0.24762296676635742,0.25319230556488037,0.014557182788848877,0.007278619213962357,0.0,0.0,3
68.2,PINN Conservative,0.25014732277393364,0.0020559786978744565,0.0017253309471994592,0.0030224316086114866,0.24764025211334229,0.25319868326187134,0.014544188976287842,0.007272122282849983,0.0,0.0,5
68.3,PINN Conservative,0.2501499311923983,0.002045572607643298,0.001724456431387813,0.0030051462616516034,0.24765753746032715,0.2532055377960205,0.014532268047332764,0.007266161795590925,0.0,0.0,3
68.4,PINN Conservative,0.2501525816321375,0.0020349988766826467,0.0017236285845637165,0.002987980123981604,0.24767470359802246,0.253212571144104,0.014521121978759766,0.007260588740003706,0.0,0.0,5
68.5,PINN Conservative,0.2501552352905276,0.002024412305155133,0.00172286238795457,0.002970754381668106,0.24769192934036255,0.2532193660736084,0.014508962631225586,0.007254509042999467,0.0,0.0,3
68.60000000000001,PINN Conservative,0.25015793877840065,0.002013626942634866,0.0017221626165283273,0.0029537074532846597,0.2477089762687683,0.253226101398468,0.01449739933013916,0.007248727370358181,0.0,0.0,3
68.7,PINN Conservative,0.25016066014766714,0.0020027702436339217,0.0017215156319248064,0.0029367797341912083,0.24772590398788452,0.25323301553726196,0.014486730098724365,0.007243392734261324,0.0,0.0,3
68.8,PINN Conservative,0.2501634098887446,0.0019918003574167275,0.0017209235299234225,0.0029197328058082617,0.24774295091629028,0.2532399892807007,0.01447594165802002,0.007237998493291876,0.0,0.0,3
68.9,PINN Conservative,0.25016618579626104,0.0019807260821495735,0.0017203911588900664,0.002903043505293079,0.2477596402168274,0.2532466650009155,0.014465034008026123,0.007232544647449838,0.0,0.0,3
69.0,PINN Conservative,0.2501689869761469,0.0019695509846561947,0.001719919457388867,0.002886056181550578,0.24777662754058838,0.25325340032577515,0.014455199241638184,0.007227627245461115,0.0,0.0,5
69.10000000000001,PINN Conservative,0.25017181473970435,0.0019582698335949213,0.001719500000291929,0.002869366881034341,0.2477933168411255,0.25326037406921387,0.014445245265960693,0.007222650238599802,0.0,0.0,3
69.2,PINN Conservative,0.25017466551065465,0.0019468968962618003,0.0017191342404037904,0.002852319952644844,0.24781036376953125,0.2532672882080078,0.01443493366241455,0.007217494417120717,0.0,0.0,3
69.3,PINN Conservative,0.25017754858732244,0.0019353950776867554,0.0017188113930072559,0.0028357498614130505,0.2478269338607788,0.2532740831375122,0.01442563533782959,0.007212845237058651,0.0,0.0,3
69.4,PINN Conservative,0.25018044471740747,0.0019238411834806633,0.0017185603778435362,0.002819060560894704,0.24784362316131592,0.2532813549041748,0.014416933059692383,0.007208494081359539,0.0,0.0,5
69.5,PINN Conservative,0.2501833806633951,0.001912128446711148,0.001718358219940605,0.002802669283594017,0.24786001443862915,0.253287672996521,0.014407157897949219,0.007203606481807112,0.0,0.0,3
69.60000000000001,PINN Conservative,0.2501863288879397,0.0019003667255579257,0.001718212992042927,0.002785920378428952,0.24787676334381104,0.2532944679260254,0.01439744234085083,0.00719874868469098,0.0,0.0,3
69.7,PINN Conservative,0.25018930512666726,0.0018884932439183016,0.0017181067802983729,0.002769648310418815,0.24789303541183472,0.2533014416694641,0.014389216899871826,0.00719463594848223,0.0,0.0,3
69.8,PINN Conservative,0.25019231098890327,0.0018765015815090655,0.0017180624021953992,0.002753018614542524,0.24790966510772705,0.2533082365989685,0.01438051462173462,0.007190284792783117,0.0,0.0,3
69.9,PINN Conservative,0.2501953344345095,0.001864439771560471,0.0017180588688757053,0.002736508127949122,0.24792617559432983,0.2533150315284729,0.014371037483215332,0.007185546205412166,0.0,0.0,3
70.0,PINN Conservative,0.25019838720560095,0.0018522609697833618,0.0017181178089430758,0.0027201168506484352,0.24794256687164307,0.2533217668533325,0.014362514019012451,0.00718128445702194,0.0,0.0,3
70.10000000000001,PINN Conservative,0.2502014512419703,0.0018400372260233395,0.0017182162547906684,0.0027040832012139027,0.24795860052108765,0.25332850217819214,0.0143546462059021,0.007177350535430962,0.0,0.0,3
70.2,PINN Conservative,0.2502045468091967,0.0018276876922691766,0.001718361696467262,0.002687632319267108,0.24797505140304565,0.25333523750305176,0.014346420764923096,0.007173237799222212,0.0,0.0,3
70.3,PINN Conservative,0.2502076745629313,0.0018152097528494843,0.0017185669952475072,0.002679646732775487,0.2479913830757141,0.25334233045578003,0.014338850975036621,0.007169452889812709,0.0,0.0,3
70.4,PINN Conservative,0.2502108068466189,0.0018027137415214808,0.0017188156390504426,0.0026862032437152683,0.24800753593444824,0.2533488869667053,0.014330863952636719,0.007165459363349141,0.0,0.0,3
70.5,PINN Conservative,0.25021397078037283,0.0017900914646227202,0.0017191072776249591,0.002692998173229766,0.2480117678642273,0.2533556818962097,0.014323830604553223,0.007161942675866296,0.0,0.0,3
70.60000000000001,PINN Conservative,0.25021715795993826,0.0017773764502988802,0.0017194568376636239,0.002699554684165939,0.2480025291442871,0.253362238407135,0.014316439628601074,0.00715824717376568,0.0,0.0,3
70.7,PINN Conservative,0.25022036170959494,0.0017645953308362537,0.0017198343488154238,0.002706230404387777,0.24799376726150513,0.25336891412734985,0.014308810234069824,0.007154432461919883,0.0,0.0,3
70.8,PINN Conservative,0.25022359216213247,0.0017517076822291169,0.0017202662206820042,0.002713144543190993,0.2479846477508545,0.2533758282661438,0.014302670955657959,0.007151362810981468,0.0,0.0,3
70.9,PINN Conservative,0.2502268487215044,0.0017387158823601067,0.001720732691283432,0.0027199990773488225,0.2479756474494934,0.25338268280029297,0.01429671049118042,0.00714838256735194,0.0,0.0,3
71.0,PINN Conservative,0.25023013120889687,0.0017256206445939264,0.0017212526898918524,0.002726495983639665,0.24796676635742188,0.2533891797065735,0.0142897367477417,0.00714489568230539,0.0,0.0,3
71.10000000000001,PINN Conservative,0.2502334218621256,0.0017124928298350797,0.0017218225042373162,0.002733410122444435,0.24795818328857422,0.25339609384536743,0.014284312725067139,0.00714218366060252,0.0,0.0,5
71.2,PINN Conservative,0.25023672449588796,0.0016993172196340662,0.001722416579600411,0.0027399070287343896,0.24794965982437134,0.25340259075164795,0.014277398586273193,0.007138726577992266,0.0,0.0,3
71.3,PINN Conservative,0.2502400640845301,0.0016859941807062014,0.001723063842861487,0.002746880772179383,0.24794059991836548,0.25340956449508667,0.014272153377532959,0.00713610396359828,0.0,0.0,3
71.4,PINN Conservative,0.25024341529607796,0.0016726247730657969,0.0017237467574436447,0.0027533776784719466,0.24793243408203125,0.2534160614013672,0.014265477657318115,0.007132766090733208,0.0,0.0,3
71.5,PINN Conservative,0.25024679821729684,0.0016591288620663273,0.0017244658883336299,0.0027603514219189385,0.2479238510131836,0.2534230351448059,0.014260649681091309,0.007130352093393289,0.0,0.0,3
71.60000000000001,PINN Conservative,0.2502501983046534,0.0016455644680454342,0.0017252298717008452,0.0027665503049858486,0.24791568517684937,0.25342923402786255,0.014255166053771973,0.007127610269254123,0.0,0.0,5
71.7,PINN Conservative,0.2502536098957064,0.0016319541808886171,0.0017260393433488758,0.002773524048432119,0.24790740013122559,0.25343620777130127,0.014249861240386963,0.007124957852423842,0.0,0.0,3
71.8,PINN Conservative,0.25025704431533835,0.0016182528208246551,0.001726874718788576,0.0027800209547230725,0.24789905548095703,0.2534427046775818,0.014244258403778076,0.007122156423412084,0.0,0.0,3
71.9,PINN Conservative,0.2502605060338976,0.0016044425537335449,0.0017277529747811292,0.0027866370703018006,0.2478908896446228,0.25344932079315186,0.014239668846130371,0.0071198616358173475,0.0,0.0,3
72.0,PINN Conservative,0.25026396155357383,0.001590657016622264,0.0017286751031476012,0.002793431999812135,0.24788284301757812,0.25345611572265625,0.014235198497772217,0.0071176264530952,0.0,0.0,5
72.10000000000001,PINN Conservative,0.25026746952533746,0.0015766622258342263,0.00172961532806408,0.0027996308828779903,0.24787473678588867,0.2534623146057129,0.014229297637939453,0.007114676011901967,0.0,0.0,3
72.2,PINN Conservative,0.25027098017931004,0.0015626567345743195,0.0017306015707516625,0.002806485417033877,0.2478669285774231,0.25346916913986206,0.01422584056854248,0.00711294747059684,0.0,0.0,3
72.3,PINN Conservative,0.25027450716495536,0.0015485860893284158,0.0017316287967490223,0.0028131611372579912,0.24785906076431274,0.2534758448600769,0.01422196626663208,0.007111010312237646,0.0,0.0,5
72.4,PINN Conservative,0.2502780621647837,0.0015344036835961102,0.0017326781592414422,0.002819836857480662,0.2478511929512024,0.25348252058029175,0.014217853546142578,0.007108953944133271,0.0,0.0,3
72.5,PINN Conservative,0.25028162020444894,0.0015202091506620874,0.001733776578736113,0.0028262741591264517,0.24784380197525024,0.2534889578819275,0.014214038848876953,0.0071070465882103724,0.0,0.0,5
72.60000000000001,PINN Conservative,0.2502852126359942,0.001505877413896909,0.0017348912892990425,0.0028327710654126315,0.2478359341621399,0.253495454788208,0.014209270477294922,0.0071046623933067495,0.0,0.0,3
72.7,PINN Conservative,0.2502888081073763,0.0014915335499300134,0.001736044074653205,0.002839446785634192,0.2478284239768982,0.25350213050842285,0.014206230640411377,0.007103142469055689,0.0,0.0,3
72.8,PINN Conservative,0.2502924282550814,0.0014770912416195306,0.001737239673304813,0.002846003296569477,0.24782097339630127,0.25350868701934814,0.014202594757080078,0.007101324520441677,0.0,0.0,3
72.9,PINN Conservative,0.25029605406522776,0.001462626343423548,0.001738453165500906,0.002852619412147095,0.24781352281570435,0.2535153031349182,0.014200389385223389,0.007100221830298751,0.0,0.0,5
73.0,PINN Conservative,0.25029971927404426,0.0014480042671818555,0.0017396997803837632,0.0028591759230775504,0.24780607223510742,0.2535218596458435,0.01419764757156372,0.0070988509182291675,0.0,0.0,3
73.10000000000001,PINN Conservative,0.250303382098675,0.001433391702470935,0.0017409817216970426,0.0028654344107881258,0.24779891967773438,0.2535281181335449,0.014193117618560791,0.007096585933070726,0.0,0.0,3
73.2,PINN Conservative,0.2503070622682574,0.0014187099413734451,0.0017422912408595044,0.0028721697356527964,0.2477913498878479,0.25353485345840454,0.014190614223480225,0.007095334230746323,0.0,0.0,5
73.3,PINN Conservative,0.2503107624650004,0.0014039482834177384,0.0017436237139864482,0.0028784878280063153,0.2477843165397644,0.25354117155075073,0.014187991619110107,0.007094022923549331,0.0,0.0,3
73.4,PINN Conservative,0.250314478337765,0.0013891240871472018,0.0017449901970940172,0.0028851746968721614,0.24777752161026,0.25354743003845215,0.01418393850326538,0.007091996357881251,0.0,0.0,3
73.5,PINN Conservative,0.2503182175159457,0.001374206915663499,0.0017463809017193867,0.002892361699615653,0.2477703094482422,0.2535540461540222,0.014181733131408691,0.007090893667738326,0.0,0.0,3
73.60000000000001,PINN Conservative,0.2503219720721247,0.0013592283948065066,0.0017478021224988445,0.002899122164968182,0.24776357412338257,0.25356054306030273,0.014179587364196777,0.007089820780031695,0.0,0.0,3
73.7,PINN Conservative,0.25032572555542015,0.0013442541541381732,0.0017492472474722144,0.0029060707866973012,0.24775660037994385,0.253567099571228,0.014178156852722168,0.007089105521560608,0.0,0.0,3
73.8,PINN Conservative,0.2503294970393183,0.0013292081014127676,0.001750721652783816,0.0029129504237282444,0.24774974584579468,0.25357335805892944,0.014175713062286377,0.007087883621672501,0.0,0.0,5
73.9,PINN Conservative,0.2503332911729815,0.00131407168914492,0.0017522097947178972,0.0029196010598849798,0.24774307012557983,0.2535797953605652,0.01417386531829834,0.007086959746147347,0.0,0.0,3
74.0,PINN Conservative,0.25033709782362007,0.001298885341340576,0.0017537369963533166,0.0029263018452892475,0.247736394405365,0.2535862922668457,0.014171779155731201,0.007085916660877012,0.0,0.0,3
74.10000000000001,PINN Conservative,0.25034091621637367,0.0012836521492472976,0.0017552826336332257,0.0029327141006069146,0.24772995710372925,0.2535925507545471,0.014170169830322266,0.007085111995097039,0.0,0.0,3
74.2,PINN Conservative,0.25034476268291495,0.0012683069588793091,0.0017568424611631211,0.002939593662162565,0.24772310256958008,0.2535989284515381,0.014169573783874512,0.0070848139707340866,0.0,0.0,5
74.3,PINN Conservative,0.2503486050963404,0.0012529779381136104,0.0017584346496139474,0.00294594635065909,0.2477167248725891,0.2536052465438843,0.014167308807373047,0.007083681478154865,0.0,0.0,3
74.4,PINN Conservative,0.2503524684309962,0.0012375654536652956,0.0017600492577655225,0.002952289432543276,0.24771040678024292,0.25361156463623047,0.014166116714477539,0.00708308542942896,0.0,0.0,3
74.5,PINN Conservative,0.25035635292530084,0.0012220685543815754,0.0017602185704266892,0.002958642158949032,0.24770402908325195,0.2536178231239319,0.014164447784423828,0.007082250961212691,0.0,0.0,5
74.60000000000001,PINN Conservative,0.2503602302670481,0.0012066001896901704,0.0017618627346747849,0.00296504480752946,0.247697651386261,0.2536241412162781,0.014163374900817871,0.007081714517359376,0.0,0.0,3
74.7,PINN Conservative,0.2503641446828844,0.0011909839206955194,0.0017635378437868257,0.002971159153344116,0.24769151210784912,0.2536306381225586,0.014162719249725342,0.007081386690560128,0.0,0.0,3
74.8,PINN Conservative,0.25036805588006994,0.0011753804922672885,0.0017652261705923575,0.002977204136029088,0.2476854920387268,0.25363683700561523,0.014161646366119385,0.007080850246706813,0.0,0.0,3
74.9,PINN Conservative,0.25037198168039343,0.0011597188057131083,0.001766923855057566,0.002983318519914957,0.24767935276031494,0.2536429762840271,0.014160692691802979,0.007080373407726088,0.0,0.0,3
75.0,PINN Conservative,0.25037592518329643,0.0011439864960429535,0.0017686512025904793,0.0029894826737779656,0.24767321348190308,0.2536492347717285,0.014161109924316406,0.007080582024780155,0.0,0.0,7
75.10000000000001,PINN Conservative,0.25037988471984884,0.0011281902213285636,0.0017703869911146692,0.0029953586772328844,0.2476673126220703,0.25365543365478516,0.01416003704071045,0.00708004558092684,0.0,0.0,7
75.2,PINN Conservative,0.25038384264707586,0.0011124003668973837,0.0017721515464200156,0.003001165165042119,0.2476615309715271,0.2536616325378418,0.014159858226776123,0.007079956173617954,0.0,0.0,3
75.3,PINN Conservative,0.25038782387971903,0.001096517537252816,0.0017739277479427295,0.0030071604160102905,0.24765551090240479,0.25366806983947754,0.014159619808197021,0.007079836963872773,0.0,0.0,3
75.4,PINN Conservative,0.2503918031454089,0.0010806425546213065,0.0017757306527226618,0.0030128476562689133,0.24764984846115112,0.25367414951324463,0.014159858226776123,0.007079956173617954,0.0,0.0,5
75.5,PINN Conservative,0.2503958066701891,0.0010646707921643662,0.0017775412941351979,0.0030185449223073535,0.24764412641525269,0.2536802291870117,0.014159083366394043,0.007079568741946115,0.0,0.0,5
75.60000000000001,PINN Conservative,0.25039981585741067,0.0010486764398217046,0.001779364473564584,0.0030244109381674655,0.2476382851600647,0.2536863088607788,0.014159619808197021,0.007079836963872773,0.0,0.0,3
75.7,PINN Conservative,0.25040384191274667,0.001032614793398938,0.0017812222352836518,0.003029704811959466,0.2476329803466797,0.2536923885345459,0.01415938138961792,0.007079717754127591,0.0,0.0,5
75.8,PINN Conservative,0.2504078674912455,0.0010165550492824142,0.00178307242440235,0.003035784485734383,0.2476273775100708,0.253698468208313,0.014159977436065674,0.007080015778490545,0.0,0.0,3
75.9,PINN Conservative,0.2504119152426722,0.0010004068479296914,0.0017849374998506304,0.0030418641595064133,0.24762195348739624,0.2537045478820801,0.014159619808197021,0.007079836963872773,0.0,0.0,5
76.0,PINN Conservative,0.25041596484184286,0.0009842512751407476,0.0017868392328317456,0.003048122647213769,0.247616708278656,0.2537108063697815,0.014160752296447754,0.007080403210162383,0.0,0.0,5
76.10000000000001,PINN Conservative,0.2504200186133387,0.000968079057172898,0.001788747127314182,0.003054142716342856,0.2476111650466919,0.2537168264389038,0.014160692691802979,0.007080373407726088,0.0,0.0,3
76.2,PINN Conservative,0.2504241013526919,0.0009517912741061606,0.0017906563467748097,0.003060103180825058,0.24760586023330688,0.25372278690338135,0.014161944389343262,0.007080999258888289,0.0,0.0,7
76.3,PINN Conservative,0.25042817252874394,0.0009355496219638766,0.0017925796511599455,0.0030660636453083145,0.24760061502456665,0.2537287473678589,0.014162719249725342,0.007081386690560128,0.0,0.0,5
76.4,PINN Conservative,0.2504322623014452,0.0009192337798814401,0.0017945339966121256,0.003072143319078846,0.2475951910018921,0.253734827041626,0.014163613319396973,0.007081833727104557,0.0,0.0,3
76.5,PINN Conservative,0.2504363704323771,0.0009028446990120833,0.0017964832101850037,0.0030782825974969286,0.2475905418395996,0.25374096632003784,0.01416480541229248,0.007082429775830463,0.0,0.0,5
76.60000000000001,PINN Conservative,0.2504404760003092,0.0008864658430384224,0.0017984451599260239,0.003084243061978409,0.24758553504943848,0.2537469267845154,0.014165282249450684,0.007082668195320825,0.0,0.0,3
76.7,PINN Conservative,0.25044458931684516,0.0008700560745898086,0.0018004251290086295,0.003090084317168673,0.2475804090499878,0.25375276803970337,0.014166533946990967,0.007083294046483026,0.0,0.0,7
76.80000000000001,PINN Conservative,0.250448724806309,0.0008535578489049956,0.0018024094782425966,0.003095985177010707,0.2475755214691162,0.25375866889953613,0.014166653156280518,0.007083353651355617,0.0,0.0,5
76.9,PINN Conservative,0.2504528564810755,0.0008370748416694616,0.0018043991462660747,0.0031018264322000277,0.2475706934928894,0.2537645101547241,0.014168322086334229,0.007084188119571885,0.0,0.0,5
77.0,PINN Conservative,0.2504569969773295,0.0008205566417700944,0.0018064038984957314,0.0031078465013308354,0.2475656270980835,0.25377053022384644,0.014170944690704346,0.0070854994267688775,0.0,0.0,3
77.10000000000001,PINN Conservative,0.25046114945411707,0.0008039906464285603,0.0018084215145977888,0.0031135089425877727,0.24756097793579102,0.2537761926651001,0.01417165994644165,0.007085857056004422,0.0,0.0,7
77.2,PINN Conservative,0.25046530914306664,0.0007873958787066245,0.0018104490693234279,0.0031197674302968492,0.24755632877349854,0.2537824511528015,0.014173686504364014,0.007086870338838461,0.0,0.0,5
77.30000000000001,PINN Conservative,0.25046947002410913,0.000770796355219192,0.0018124777524386466,0.0031254298715568396,0.2475515604019165,0.2537881135940552,0.01417475938796997,0.007087406782691776,0.0,0.0,3
77.4,PINN Conservative,0.25047364735603356,0.0007541312021695896,0.0018145134342485289,0.003131151917459385,0.24754726886749268,0.2537938356399536,0.014176726341247559,0.007088390263089521,0.0,0.0,5
77.5,PINN Conservative,0.25047783172130605,0.0007374379901042879,0.0018165653209534002,0.0031370527772983103,0.2475423812866211,0.2537997364997864,0.014177918434143066,0.007088986311815427,0.0,0.0,3
77.60000000000001,PINN Conservative,0.2504820157885554,0.0007207459669800836,0.0018186155861149268,0.003142596009268306,0.24753808975219727,0.2538052797317505,0.01417994499206543,0.007089999594649466,0.0,0.0,5
77.7,PINN Conservative,0.25048621195554754,0.0007040056728375394,0.001820668029925746,0.0031486756830366724,0.24753344058990479,0.2538113594055176,0.014182746410369873,0.007091400309155345,0.0,0.0,5
77.80000000000001,PINN Conservative,0.25049040693044683,0.0006872701344602703,0.0018227435964210414,0.0031542189150080002,0.24752593040466309,0.2538169026374817,0.014183640480041504,0.0070918473456997744,0.0,0.0,3
77.9,PINN Conservative,0.25049462318420435,0.0006704497056707582,0.0018248224832099153,0.003160060170199319,0.24751657247543335,0.2538227438926697,0.014185965061187744,0.007093009640715291,0.0,0.0,3
78.0,PINN Conservative,0.25049882912635824,0.0006536704142521163,0.0018269024346129707,0.0031658418207480277,0.2475069761276245,0.2538285255432129,0.014188826084136963,0.007094440157657465,0.0,0.0,9
78.10000000000001,PINN Conservative,0.2505030475854876,0.0006368411872967566,0.001828988142253268,0.0031713850527146925,0.24749767780303955,0.253834068775177,0.01419001817703247,0.00709503620638337,0.0,0.0,3
78.2,PINN Conservative,0.2505072799921038,0.0006199563178863934,0.0018310771656747601,0.003177285912555783,0.24748826026916504,0.25383996963500977,0.014192283153533936,0.007096168698962592,0.0,0.0,7
78.30000000000001,PINN Conservative,0.2505115103125574,0.0006030797710657044,0.0018331733492139577,0.0031835104936768777,0.24747920036315918,0.2538455128669739,0.014193832874298096,0.007096943562306269,0.0,0.0,5
78.4,PINN Conservative,0.25051574653387093,0.0005861796832060621,0.0018352723196360464,0.003192814198754168,0.24746984243392944,0.25385111570358276,0.014197170734405518,0.007098612498738805,0.0,0.0,3
78.5,PINN Conservative,0.2505199900865557,0.0005692503473896232,0.0018373670181905117,0.0032018686355462234,0.24746084213256836,0.2538568377494812,0.014200210571289062,0.007100132422989865,0.0,0.0,7
78.60000000000001,PINN Conservative,0.25052423590421696,0.0005523119756188073,0.001839476350657999,0.0032110533085626947,0.24745160341262817,0.2538624405860901,0.014202713966369629,0.007101384125314267,0.0,0.0,7
78.7,PINN Conservative,0.25052848166227365,0.0005353738416360779,0.0018415835706586028,0.0032199883592183287,0.24744272232055664,0.253868043422699,0.014203906059265137,0.007101980174040173,0.0,0.0,3
78.80000000000001,PINN Conservative,0.2505327422618868,0.0005183764983746101,0.0018437056110048677,0.0032291136040653035,0.24743354320526123,0.2538735270500183,0.01420682668685913,0.007103440493418643,0.0,0.0,3
78.9,PINN Conservative,0.25053700292110465,0.0005013789173248342,0.0018458040845981123,0.0032376908507490976,0.24742501974105835,0.2538790702819824,0.01420968770980835,0.007104871010360816,0.0,0.0,5
79.0,PINN Conservative,0.2505412698388102,0.00048435636850669935,0.0018479287632787145,0.003246577852744903,0.24741607904434204,0.2538844347000122,0.014212191104888916,0.0071061227126852184,0.0,0.0,5
79.10000000000001,PINN Conservative,0.25054553157091164,0.0004673545072680429,0.0018500571184988266,0.0032551549240760758,0.24740755558013916,0.25389015674591064,0.014214873313903809,0.007107463822318506,0.0,0.0,3
79.2,PINN Conservative,0.25054981029033685,0.00045028487637266553,0.0018521662333698572,0.003263803682473032,0.24739885330200195,0.25389569997787476,0.014217555522918701,0.007108804931951794,0.0,0.0,5
79.30000000000001,PINN Conservative,0.25055408543348334,0.00043322951277355645,0.0018542877603326727,0.0032727978117070844,0.24738991260528564,0.25390100479125977,0.014221012592315674,0.007110533473256921,0.0,0.0,5
79.4,PINN Conservative,0.25055837208032633,0.0004161282560383021,0.0018564126375116578,0.0032807314886092453,0.24738192558288574,0.2539064884185791,0.014223098754882812,0.007111576558527256,0.0,0.0,7
79.5,PINN Conservative,0.2505626582503321,0.0003990289016095121,0.0018585361197229564,0.0032893678161004525,0.24737334251403809,0.25391173362731934,0.01422584056854248,0.00711294747059684,0.0,0.0,5
79.60000000000001,PINN Conservative,0.2505669396519663,0.0003819485702420442,0.0018606621830954749,0.0032977785036675256,0.24736487865447998,0.253917396068573,0.014229655265808105,0.007114854826519738,0.0,0.0,3
79.7,PINN Conservative,0.25057122653722785,0.0003648463623537791,0.0018627826640384183,0.0033060570301501335,0.24735665321350098,0.2539227604866028,0.014232873916625977,0.007116464158079684,0.0,0.0,3
79.80000000000001,PINN Conservative,0.2505755186676981,0.00034772322909794903,0.0018649107024595881,0.0033141698672641273,0.24734848737716675,0.25392794609069824,0.014235973358154297,0.0071180138847670394,0.0,0.0,7
79.9,PINN Conservative,0.25057981461286566,0.0003305848773928399,0.0018670299631585816,0.003322686639917638,0.24734002351760864,0.2539334297180176,0.01423943042755127,0.007119742426072166,0.0,0.0,7
80.0,PINN Conservative,0.25058410805463815,0.00031345651279489714,0.0018691535011082614,0.0033304420212101338,0.24733221530914307,0.25393879413604736,0.014243483543395996,0.007121768991740246,0.0,0.0,9
80.10000000000001,PINN Conservative,0.2505883975028994,0.0002963440800111576,0.0018712709734348774,0.003338481785022329,0.24732422828674316,0.2539440989494324,0.014245331287384033,0.0071226928672654,0.0,0.0,3
80.2,PINN Conservative,0.2505927206873896,0.0002790970590672083,0.0018734029541392272,0.003346177732992839,0.24731647968292236,0.25394922494888306,0.014248251914978027,0.007124153186643869,0.0,0.0,3
80.30000000000001,PINN Conservative,0.25059701865911505,0.00026195062256095423,0.0018755067984595536,0.0033545153490655566,0.24730819463729858,0.25395458936691284,0.01425260305404663,0.007126328764493425,0.0,0.0,5
80.4,PINN Conservative,0.2506013237833979,0.000244775651462385,0.0018776293003624803,0.0033622114676404857,0.24730044603347778,0.25395989418029785,0.014255344867706299,0.007127699676563008,0.0,0.0,5
80.5,PINN Conservative,0.2506056237816813,0.000227621130154986,0.0018797458068346236,0.0033699528670180223,0.24729275703430176,0.2539651393890381,0.0142594575881958,0.007129756044667384,0.0,0.0,7
80.60000000000001,PINN Conservative,0.2506099303364756,0.00021044045213790939,0.001881858022785533,0.003377589550839555,0.24728506803512573,0.2539703845977783,0.014262676239013672,0.007131365376227329,0.0,0.0,5
80.7,PINN Conservative,0.25061423575878167,0.00019326429209802135,0.0018839634524776643,0.003385390385328424,0.24727731943130493,0.2539753317832947,0.014265716075897217,0.007132885300478389,0.0,0.0,5
80.80000000000001,PINN Conservative,0.2506185510158541,0.00017604889699372752,0.0018860735736048028,0.0033924907965253714,0.24727016687393188,0.2539806365966797,0.014269411563873291,0.007134733051528697,0.0,0.0,7
80.9,PINN Conservative,0.25062285202741647,0.0001588903332857561,0.001890163649030635,0.0033999338343171925,0.24726277589797974,0.2539857029914856,0.01427239179611206,0.007136223173343462,0.0,0.0,5
81.0,PINN Conservative,0.2506271668672564,0.00014167660269939717,0.0018922720307571405,0.0034076900650808484,0.24725496768951416,0.2539910078048706,0.014277100563049316,0.007138577565810789,0.0,0.0,3
81.10000000000001,PINN Conservative,0.25063147282600423,0.0001244983025651796,0.0018943703766300289,0.003414656097596447,0.24724805355072021,0.2539960741996765,0.014280080795288086,0.007140067687625554,0.0,0.0,5
81.2,PINN Conservative,0.2506357960700991,0.00010725104383270078,0.0018964689440696342,0.003421637635745489,0.24724102020263672,0.2540012001991272,0.01428365707397461,0.007141855833803271,0.0,0.0,7
81.30000000000001,PINN Conservative,0.25064010190963765,9.007321927509929e-05,0.0018985655881146445,0.0034292591519315407,0.24723345041275024,0.254006028175354,0.014287114143371582,0.007143584375108398,0.0,0.0,3
81.4,PINN Conservative,0.25064441907405877,7.28502149460552e-05,0.0019006512264523087,0.003436121647866608,0.2472265362739563,0.2540109157562256,0.014291465282440186,0.007145759952957954,0.0,0.0,5
81.5,PINN Conservative,0.2506487274169924,5.566240328106588e-05,0.001902747117664716,0.003443087346235385,0.24721962213516235,0.25401586294174194,0.01429373025894165,0.007146892445537175,0.0,0.0,5
81.60000000000001,PINN Conservative,0.25065303683280965,3.847031142719605e-05,0.0019048309717632486,0.0034500096131913627,0.24721264839172363,0.2540212869644165,0.014298319816589355,0.007149187233131913,0.0,0.0,5
81.7,PINN Conservative,0.25065735411644,2.1246831521757323e-05,0.0019069086661795507,0.0034567367269470184,0.2472059726715088,0.25402605533599854,0.014302432537078857,0.007151243601236287,0.0,0.0,5
81.80000000000001,PINN Conservative,0.25066166037321114,4.067342445999496e-06,0.001908968807944877,0.0034636591595947896,0.24719899892807007,0.25403088331222534,0.014305293560028076,0.007152674118178461,0.0,0.0,5
81.9,PINN Conservative,0.2506659650206568,1.3105726346326847e-05,0.0019110353796913272,0.003470207294070493,0.24719250202178955,0.2540358901023865,0.014309108257293701,0.00715458147410136,0.0,0.0,5
82.0,PINN Conservative,0.25067027330398584,3.0293300223229584e-05,0.001913095304818859,0.0034765934499198514,0.2471860647201538,0.25404083728790283,0.014312207698822021,0.007156131200788715,0.0,0.0,3
82.10000000000001,PINN Conservative,0.25067458391189595,4.7490147842374554e-05,0.0019151568644370466,0.0034835586522456996,0.24717915058135986,0.25404590368270874,0.014317154884338379,0.007158604803001224,0.0,0.0,3
82.2,PINN Conservative,0.2506788904666903,6.467082585945117e-05,0.001917203679788491,0.00348958734454502,0.24717307090759277,0.2540509104728699,0.014321625232696533,0.0071608399857233706,0.0,0.0,5
82.30000000000001,PINN Conservative,0.25068319559097313,8.184579695802044e-05,0.001919243380794026,0.0034961351503797755,0.24716657400131226,0.2540555000305176,0.014325261116027832,0.007162657934337384,0.0,0.0,5
82.4,PINN Conservative,0.25068749791383765,9.900959200788309e-05,0.0019212769576777812,0.0035023428202548,0.24716031551361084,0.2540603280067444,0.014327824115753174,0.007163939439098081,0.0,0.0,3
82.5,PINN Conservative,0.25069179630279564,0.00011615769303207202,0.0019233101209501122,0.003508532834914868,0.24715417623519897,0.25406503677368164,0.014332354068756104,0.007166204424256523,0.0,0.0,5
82.60000000000001,PINN Conservative,0.2506960968375208,0.0001333143544338005,0.0019253346919128082,0.0035148002724010308,0.24714785814285278,0.25406986474990845,0.014336466789245605,0.007168260792360898,0.0,0.0,7
82.7,PINN Conservative,0.2507004005908968,0.00015048385640217048,0.0019273489969057953,0.00352069210120759,0.2471420168876648,0.25407475233078003,0.01434028148651123,0.007170168148283796,0.0,0.0,3
82.80000000000001,PINN Conservative,0.2507046777606013,0.00016754730480264592,0.0019293622695990482,0.003526661677765719,0.24713599681854248,0.25407928228378296,0.014343321323394775,0.0071716880725348564,0.0,0.0,7
82.9,PINN Conservative,0.25070896595716496,0.0001846547440325808,0.001931358861723353,0.0035326129492539993,0.24713009595870972,0.2540839910507202,0.014347851276397705,0.007173953057693298,0.0,0.0,3
83.0,PINN Conservative,0.2507132613658907,0.0002017909556433604,0.0019333626471559888,0.003538463478155618,0.24712419509887695,0.25408875942230225,0.01435154676437378,0.007175800808743606,0.0,0.0,9
83.10000000000001,PINN Conservative,0.25071755433082604,0.00021891741793506024,0.0019353617519935389,0.0035439973558309967,0.24711871147155762,0.2540935277938843,0.014355242252349854,0.007177648559793914,0.0,0.0,5
83.2,PINN Conservative,0.2507218278050425,0.00023596612346265123,0.001937329555954331,0.0035498480457000214,0.24711281061172485,0.254098117351532,0.014360308647155762,0.007180181766879014,0.0,0.0,7
83.30000000000001,PINN Conservative,0.2507261082530024,0.00025304265021785475,0.0019393074902056774,0.00355514334415985,0.24710756540298462,0.2541024684906006,0.014362335205078125,0.007181195049713054,0.0,0.0,5
83.4,PINN Conservative,0.2507303824424746,0.00027009420920469943,0.001941279942218505,0.0035612326129140226,0.24710142612457275,0.25410741567611694,0.014367759227752686,0.007183907071415925,0.0,0.0,3
83.5,PINN Conservative,0.25073466724157356,0.0002871880945035116,0.0019432268522515262,0.0035662297281705557,0.2470964789390564,0.2541118264198303,0.014370858669281006,0.00718545679810328,0.0,0.0,5
83.60000000000001,PINN Conservative,0.25073892796039604,0.00030418591334159555,0.0019451728668149532,0.003571246272973505,0.2470914125442505,0.2541162967681885,0.01437389850616455,0.00718697672235434,0.0,0.0,5
83.7,PINN Conservative,0.2507431892156603,0.000321185872274009,0.001947126196284241,0.0035767200660609677,0.24708598852157593,0.2541208267211914,0.014378845691680908,0.007189450324566849,0.0,0.0,5
83.80000000000001,PINN Conservative,0.2507474479675295,0.00033817584409925617,0.0019490606956791738,0.003581796374505619,0.24708086252212524,0.25412559509277344,0.014383316040039062,0.007191685507288996,0.0,0.0,5
83.9,PINN Conservative,0.25075170904397986,0.00035517508966696694,0.001950980173752723,0.003587150799631844,0.24707555770874023,0.25412988662719727,0.014387428760528564,0.007193741875393371,0.0,0.0,7
84.0,PINN Conservative,0.25075596719980264,0.0003721626836095765,0.0019529039767232242,0.0035921676617825526,0.24707049131393433,0.2541343569755554,0.014390945434570312,0.007195500219134793,0.0,0.0,5
84.10000000000001,PINN Conservative,0.25076020729541804,0.00038907822770658455,0.001954814021727712,0.003596627859205781,0.24706608057022095,0.25413888692855835,0.01439434289932251,0.0071971989580036245,0.0,0.0,3
84.2,PINN Conservative,0.25076445406675363,0.0004060204040896649,0.0019567126466611307,0.0036019429022883798,0.24706071615219116,0.25414323806762695,0.01439976692199707,0.007199910979706496,0.0,0.0,9
84.30000000000001,PINN Conservative,0.25076869314909006,0.0004229319057861005,0.00195860514365955,0.0036065221516163315,0.24705618619918823,0.25414758920669556,0.014403164386749268,0.007201609718575327,0.0,0.0,11
84.4,PINN Conservative,0.25077293157577535,0.000439840791811369,0.001960495825446873,0.003611181700673982,0.24705147743225098,0.2541518807411194,0.014406263828277588,0.007203159445262682,0.0,0.0,5
84.5,PINN Conservative,0.25077716404199624,0.00045672589901004035,0.0019623731404868508,0.0036158203978975956,0.24704688787460327,0.25415652990341187,0.014410853385925293,0.00720545423285742,0.0,0.0,7
84.60000000000001,PINN Conservative,0.25078138244152093,0.000473554888177092,0.001964234408285173,0.003620122475516352,0.24704253673553467,0.25416088104248047,0.014414191246032715,0.007207123169289956,0.0,0.0,5
84.7,PINN Conservative,0.2507856023311617,0.0004903898220507375,0.0019660860408884304,0.003624999435206888,0.24703770875930786,0.2541651129722595,0.014418840408325195,0.007209447759320989,0.0,0.0,7
84.80000000000001,PINN Conservative,0.250789816439152,0.0005072016904624886,0.0019679196067989174,0.0036291228546857512,0.24703353643417358,0.2541695833206177,0.014422297477722168,0.007211176300626116,0.0,0.0,7
84.9,PINN Conservative,0.25079401856660866,0.0005239657634320729,0.001969761318838028,0.003633344007802408,0.2470293641090393,0.2541736364364624,0.014426112174987793,0.007213083656549014,0.0,0.0,5
85.0,PINN Conservative,0.2507982262969019,0.000540752188498849,0.001971582475142344,0.00363764639638009,0.2470250129699707,0.25417816638946533,0.01443028450012207,0.0072151698270896845,0.0,0.0,5
85.10000000000001,PINN Conservative,0.2508024248480799,0.0005575019941723864,0.0019734019933401064,0.0036415693714249575,0.2470211386680603,0.25418227910995483,0.014434993267059326,0.007217524219557012,0.0,0.0,9
85.2,PINN Conservative,0.2508066122531893,0.0005742073334394054,0.00197521419161169,0.0036455738913190316,0.24701708555221558,0.25418639183044434,0.014437556266784668,0.00721880572431771,0.0,0.0,5
85.30000000000001,PINN Conservative,0.2508107924461367,0.0005908839003260226,0.001977011859314468,0.0036497351307157033,0.24701297283172607,0.2541905641555786,0.014441192150115967,0.007220623672931722,0.0,0.0,5
85.4,PINN Conservative,0.2508149737119677,0.0006075647474015202,0.001978795764057444,0.0036532033627213467,0.24700945615768433,0.25419485569000244,0.014445066452026367,0.007222560831290916,0.0,0.0,9
85.5,PINN Conservative,0.25081914454698584,0.0006242039815297531,0.001980571295275039,0.0036568876113526882,0.24700582027435303,0.25419890880584717,0.014449059963226318,0.0072245575945227005,0.0,0.0,7
85.60000000000001,PINN Conservative,0.25082330763340016,0.0006408123031830332,0.001982344721504073,0.00366095204310124,0.24700170755386353,0.2542031407356262,0.014454424381256104,0.007227239813789276,0.0,0.0,13
85.7,PINN Conservative,0.25082745689153696,0.0006573654579581471,0.0019841054575625646,0.003664159301590919,0.24699854850769043,0.25420719385147095,0.01445680856704712,0.007228431911241088,0.0,0.0,5
85.80000000000001,PINN Conservative,0.25083161514997504,0.0006739545187615756,0.001985850779693022,0.003668045072083348,0.24699461460113525,0.2542113661766052,0.014460742473602295,0.007230398872036577,0.0,0.0,5
85.9,PINN Conservative,0.2508357575535776,0.0006904803278854717,0.0019875839261520667,0.0036712521782008567,0.24699145555496216,0.2542155385017395,0.014464855194091797,0.007232455240140953,0.0,0.0,9
86.0,PINN Conservative,0.250839892446995,0.0007069761756876473,0.001989304956613528,0.003674303635729348,0.24698835611343384,0.25421953201293945,0.014468193054199219,0.007234124176573488,0.0,0.0,9
86.10000000000001,PINN Conservative,0.2508440273404124,0.0007234720234898228,0.0019910308838477675,0.0036781066365332293,0.246984601020813,0.25422346591949463,0.01447153091430664,0.007235793113006025,0.0,0.0,5
86.2,PINN Conservative,0.25084815001487754,0.0007399191246965993,0.001992727444073458,0.003681098640875957,0.24698156118392944,0.25422751903533936,0.014475047588348389,0.007237551456747447,0.0,0.0,3
86.30000000000001,PINN Conservative,0.2508522649407389,0.0007563353134286445,0.001994423887984755,0.003684067025501725,0.24697864055633545,0.2542315125465393,0.014478802680969238,0.00723942901023405,0.0,0.0,9
86.4,PINN Conservative,0.2508563680648806,0.0007727044200832256,0.0019961115690047123,0.003687059180692176,0.2469756007194519,0.2542353868484497,0.014483034610748291,0.007241544983211016,0.0,0.0,9
86.5,PINN Conservative,0.2508604720234873,0.0007890768557736764,0.00199779357043571,0.003690206228705528,0.24697250127792358,0.25423920154571533,0.014485836029052734,0.0072429456977168944,0.0,0.0,7
86.60000000000001,PINN Conservative,0.25086456030607246,0.0008053867531492975,0.0019994529140249773,0.003692900510918029,0.24696975946426392,0.2542431354522705,0.014489412307739258,0.007244733843894612,0.0,0.0,7
86.7,PINN Conservative,0.2508686468601229,0.0008216897546650926,0.002001103985208353,0.003695451362538793,0.24696725606918335,0.25424712896347046,0.014492928981781006,0.007246492187636034,0.0,0.0,5
86.80000000000001,PINN Conservative,0.25087272661924387,0.0008379656483184206,0.0020027503698497196,0.003698324608334358,0.24696433544158936,0.25425106287002563,0.01449674367904663,0.007248399543558932,0.0,0.0,7
86.9,PINN Conservative,0.25087678092718146,0.0008541400063805998,0.002004372155900712,0.0037008157059613134,0.24696189165115356,0.2542548179626465,0.0144997239112854,0.007249889665373697,0.0,0.0,5
87.0,PINN Conservative,0.25088083928823496,0.0008703305340452902,0.002005987069811579,0.0037030930543570095,0.24695956707000732,0.2542586922645569,0.014503777027130127,0.007251916231041777,0.0,0.0,7
87.10000000000001,PINN Conservative,0.2508848857879641,0.0008864737418442085,0.002007598772001729,0.0037059416310984417,0.24695676565170288,0.2542623281478882,0.014506876468658447,0.007253465957729132,0.0,0.0,7
87.2,PINN Conservative,0.25088894212245966,0.000902656184707754,0.0020092009346698407,0.003708397941888375,0.24695426225662231,0.2542662024497986,0.014511644840240479,0.007255850152632755,0.0,0.0,11
87.30000000000001,PINN Conservative,0.2508929696083071,0.0009187235380488064,0.0020107784951879856,0.0037103523007968597,0.2469523549079895,0.2542700171470642,0.01451486349105835,0.007257459484192701,0.0,0.0,9
87.4,PINN Conservative,0.25089698147773765,0.0009347285908635586,0.0020123717206914867,0.0037125703408738553,0.24695008993148804,0.25427377223968506,0.014518558979034424,0.007259307235243009,0.0,0.0,13
87.5,PINN Conservative,0.2509010001420977,0.0009507607515409992,0.0020139344821567323,0.003714584156853218,0.24694812297821045,0.25427746772766113,0.014520764350891113,0.007260409925385934,0.0,0.0,3
87.60000000000001,PINN Conservative,0.2509050043821337,0.0009667353674571932,0.002015490213301424,0.0037164447163406944,0.24694621562957764,0.25428128242492676,0.014525771141052246,0.0072629133300347384,0.0,0.0,13
87.7,PINN Conservative,0.25090899759531043,0.0009826659925437063,0.0020170280808244345,0.0037186371992662393,0.24694406986236572,0.25428497791290283,0.01453012228012085,0.007265088907884295,0.0,0.0,9
87.80000000000001,PINN Conservative,0.2509129772782328,0.0009985426396931507,0.0020185694260093853,0.003720199882226327,0.2469424605369568,0.2542886734008789,0.014532804489135742,0.007266430017517583,0.0,0.0,9
87.9,PINN Conservative,0.2509169613718989,0.0010144368831745117,0.002020079328802155,0.003721796172299896,0.24694091081619263,0.25429219007492065,0.014534831047058105,0.007267443300351623,0.0,0.0,9
88.0,PINN Conservative,0.2509209218621256,0.0010302369625011661,0.002021593093052015,0.003723657024597926,0.24693900346755981,0.2542957067489624,0.01453864574432373,0.007269350656274522,0.0,0.0,11
88.10000000000001,PINN Conservative,0.2509248890280726,0.0010460636741141142,0.002023108772410536,0.003725133959554372,0.2469375729560852,0.254299521446228,0.014542102813720703,0.007271079197579648,0.0,0.0,7
88.2,PINN Conservative,0.25092882436513925,0.0010617634067913813,0.0020245943872986083,0.0037265777248792764,0.24693608283996582,0.2543031573295593,0.014545261859893799,0.007272658726703299,0.0,0.0,7
88.30000000000001,PINN Conservative,0.25093276393413566,0.0010774800224356408,0.002026063935339955,0.003727875700652139,0.24693483114242554,0.2543066143989563,0.014548420906066895,0.007274238255826949,0.0,0.0,9
88.4,PINN Conservative,0.2509366803169253,0.0010931041384433502,0.0020275415875726675,0.0037292004016516445,0.2469334602355957,0.25431013107299805,0.014551818370819092,0.00727593699469578,0.0,0.0,13
88.5,PINN Conservative,0.25094060409069086,0.0011087577401963854,0.0020289924967111243,0.0037306174420368987,0.24693208932876587,0.2543136477470398,0.014554202556610107,0.007277129092147592,0.0,0.0,7
88.60000000000001,PINN Conservative,0.2509445174932482,0.001124369966790464,0.002030447207047123,0.0037317038688496895,0.24693095684051514,0.25431734323501587,0.014558076858520508,0.007279066250506786,0.0,0.0,11
88.7,PINN Conservative,0.25094841408729573,0.0011399151370927456,0.002031873668281664,0.003732584323321242,0.24693012237548828,0.25432056188583374,0.014561116695404053,0.007280586174757846,0.0,0.0,9
88.80000000000001,PINN Conservative,0.25095228558778787,0.001155360198533948,0.002033291835759671,0.0037335516846676575,0.2469291090965271,0.2543240785598755,0.014563798904418945,0.007281927284391134,0.0,0.0,11
88.9,PINN Conservative,0.2509561655521395,0.0011708390259091356,0.0020347192030138904,0.003734253181664593,0.24692845344543457,0.2543274760246277,0.014567315578460693,0.007283685628132555,0.0,0.0,17
89.0,PINN Conservative,0.2509600343108179,0.001186273149089718,0.002036106124304939,0.003735101476982583,0.24692755937576294,0.25433117151260376,0.014571666717529297,0.007285861205982112,0.0,0.0,15
89.10000000000001,PINN Conservative,0.25096388334035896,0.0012016285643534023,0.002037504914638872,0.0037359220402917726,0.24692678451538086,0.25433439016342163,0.01457303762435913,0.007286546662016904,0.0,0.0,7
89.2,PINN Conservative,0.2509677205085757,0.001216936659751536,0.0020388792433371767,0.003736532059726516,0.24692612886428833,0.2543376684188843,0.014577686786651611,0.007288871252047936,0.0,0.0,13
89.30000000000001,PINN Conservative,0.2509715450406077,0.0012321943440365573,0.002040247130158736,0.0037370544573953057,0.24692565202713013,0.25434112548828125,0.014580726623535156,0.007290391176298996,0.0,0.0,15
89.4,PINN Conservative,0.25097536069154763,0.0012474165978694372,0.0020416044277982667,0.0037374262003878056,0.2469252347946167,0.2543443441390991,0.014581620693206787,0.007290838212843425,0.0,0.0,9
89.5,PINN Conservative,0.2509791613817217,0.001262579166846741,0.0020429471861713876,0.0037377696422635776,0.24692493677139282,0.2543478012084961,0.014585375785827637,0.007292715766330029,0.0,0.0,9
89.60000000000001,PINN Conservative,0.250982958853245,0.0012777288952576249,0.0020442733589606846,0.003737962712905052,0.24692469835281372,0.2543511390686035,0.014588654041290283,0.0072943549003262696,0.0,0.0,11
89.7,PINN Conservative,0.25098673713207265,0.0012928020558457187,0.0020456004983905648,0.0037380079902511465,0.24692469835281372,0.2543543577194214,0.014590620994567871,0.007295338380724014,0.0,0.0,11
89.80000000000001,PINN Conservative,0.250990503549576,0.0013078278965684832,0.0020469022147377057,0.0037381415972742027,0.2469245195388794,0.2543575167655945,0.014593422412872314,0.0072967390952298926,0.0,0.0,9
89.9,PINN Conservative,0.250994269192219,0.0013228506460436862,0.0020482118097386397,0.0037386635710237037,0.2469240427017212,0.25436073541641235,0.014596760272979736,0.007298408031662429,0.0,0.0,13
90.0,PINN Conservative,0.25099801087379475,0.0013377778046345554,0.0020494951972846506,0.0037379628534974785,0.24692469835281372,0.2543638348579407,0.014598429203033447,0.007299242499878697,0.0,0.0,9
90.10000000000001,PINN Conservative,0.25100174587965035,0.0013526783309395739,0.002050781390412107,0.003738007849885039,0.24692469835281372,0.25436729192733765,0.014602422714233398,0.0073012392631104815,0.0,0.0,11
90.2,PINN Conservative,0.25100546002388024,0.0013674956313502844,0.0020520355824432653,0.0037377841094506925,0.24692487716674805,0.25437015295028687,0.014605104923248291,0.007302580372743769,0.0,0.0,17
90.30000000000001,PINN Conservative,0.251009167134762,0.001382284872745074,0.002053291119401564,0.0037374713383119818,0.2469252347946167,0.2543732523918152,0.014607250690460205,0.0073036532604504,0.0,0.0,9
90.4,PINN Conservative,0.2510128724575045,0.0013970669804919513,0.0020545337579397096,0.0037368305047478234,0.24692583084106445,0.2543763518333435,0.01460951566696167,0.007304785753029621,0.0,0.0,13
90.5,PINN Conservative,0.2510165474414828,0.0014117280540099626,0.002055779228145612,0.003736398385205064,0.24692630767822266,0.2543796896934509,0.014612853527069092,0.007306454689462157,0.0,0.0,11
90.60000000000001,PINN Conservative,0.2510202181339266,0.0014263720067724521,0.002057004246005417,0.003735638481199288,0.24692702293395996,0.2543826103210449,0.014614343643188477,0.007307199750369539,0.0,0.0,5
90.7,PINN Conservative,0.25102387470006965,0.0014409596037152353,0.0020582128949896638,0.0037352658277267636,0.2469274401664734,0.254385769367218,0.014618337154388428,0.007309196513601324,0.0,0.0,13
90.80000000000001,PINN Conservative,0.2510275150537493,0.001455482522248859,0.0020594163650685796,0.003734327248090752,0.24692833423614502,0.25438886880874634,0.014620661735534668,0.0073103588086168405,0.0,0.0,11
90.9,PINN Conservative,0.2510311440229418,0.001469960023222954,0.0020606121881613097,0.0037333584101335027,0.2469293475151062,0.2543919086456299,0.01462256908416748,0.007311312486578289,0.0,0.0,15
91.0,PINN Conservative,0.2510347666144373,0.001484412080852295,0.0020617817334920596,0.003732181549688074,0.24693048000335693,0.2543948292732239,0.014626801013946533,0.007313428459555255,0.0,0.0,19
91.10000000000001,PINN Conservative,0.2510383649468424,0.0014987673586562055,0.0020629578857477245,0.0037353045975619947,0.2469313144683838,0.254397988319397,0.014628827571868896,0.007314441742389295,0.0,0.0,15
91.2,PINN Conservative,0.2510419567227366,0.0015130964797506596,0.002064115506275227,0.0037382252251598747,0.2469325065612793,0.25440090894699097,0.01463097333908081,0.0073155146300959255,0.0,0.0,13
91.30000000000001,PINN Conservative,0.2510455290079119,0.0015273478440807834,0.002065255499307338,0.0037409670388253713,0.24693357944488525,0.25440365076065063,0.014633238315582275,0.007316647122675146,0.0,0.0,13
91.4,PINN Conservative,0.25104910838603994,0.0015416275052151358,0.002066406669163468,0.0037438280617798636,0.24693477153778076,0.25440651178359985,0.014636814594268799,0.0073184352688528635,0.0,0.0,27
91.5,PINN Conservative,0.25105265122652076,0.0015557614021405718,0.0020675313724532038,0.003747106317245563,0.24693644046783447,0.2544097900390625,0.014639437198638916,0.0073197465760498565,0.0,0.0,23
91.60000000000001,PINN Conservative,0.2510561938881876,0.0015698945857010838,0.0020686384953323123,0.0037497289216200103,0.24693793058395386,0.2544124126434326,0.014640510082244873,0.0073202830199031715,0.0,0.0,19
91.7,PINN Conservative,0.25105971407890343,0.001583938123084299,0.002069752710279609,0.0037528879677969917,0.2469393014907837,0.2544155716896057,0.014644503593444824,0.007322279783134956,0.0,0.0,23
91.80000000000001,PINN Conservative,0.25106321638822576,0.0015979103239866157,0.0020708470890102517,0.003755510572172882,0.2469409704208374,0.25441819429397583,0.014646351337432861,0.00732320365866011,0.0,0.0,19
91.9,PINN Conservative,0.25106670886278176,0.0016118432898247477,0.0020719362396709263,0.0037585504090610344,0.2469426989555359,0.2544212341308594,0.014648199081420898,0.007324127534185264,0.0,0.0,15
92.0,PINN Conservative,0.251070196926594,0.0016257586593307418,0.002073013791814275,0.00376129222272531,0.24694442749023438,0.25442397594451904,0.014652788639068604,0.007326422321780001,0.0,0.0,21
92.10000000000001,PINN Conservative,0.2510736488103869,0.0016395296913576678,0.0020740848278883103,0.0037637360131669295,0.24694663286209106,0.25442641973495483,0.014652550220489502,0.00732630311203482,0.0,0.0,19
92.2,PINN Conservative,0.25107710015773793,0.001653298583289821,0.002075129512205188,0.003766775850054249,0.24694836139678955,0.2544294595718384,0.014656364917755127,0.0073282104679577185,0.0,0.0,25
92.30000000000001,PINN Conservative,0.25108053636550925,0.0016670070770019173,0.0020761767720264284,0.0037692792451388124,0.24695062637329102,0.25443196296691895,0.014661133289337158,0.007330594662861342,0.0,0.0,31
92.4,PINN Conservative,0.25108395457267785,0.00168064375865672,0.0020772069388082493,0.0037721402680920835,0.24695265293121338,0.25443482398986816,0.014663994312286377,0.007332025179803516,0.0,0.0,27
92.5,PINN Conservative,0.2510873608589175,0.0016942328826576641,0.0020782340508760525,0.0037746436631755365,0.24695509672164917,0.25443732738494873,0.014664769172668457,0.007332412611475355,0.0,0.0,25
92.60000000000001,PINN Conservative,0.25109075015783333,0.0017077542370018872,0.0020792606495696913,0.003777504686132971,0.2469571828842163,0.25444018840789795,0.014666974544525146,0.00733351530161828,0.0,0.0,21
92.7,PINN Conservative,0.25109412640333195,0.001721223515715063,0.0020802609815816996,0.0037800676858595894,0.24695980548858643,0.2544427514076233,0.014669656753540039,0.007334856411251568,0.0,0.0,17
92.80000000000001,PINN Conservative,0.2510974983572962,0.0017346756736731596,0.0020812566037406426,0.003782869104168418,0.24696218967437744,0.25444555282592773,0.014674067497253418,0.00733706179153742,0.0,0.0,21
92.9,PINN Conservative,0.2511008362770083,0.0017479920545295062,0.002082237234748617,0.003785551313186142,0.24696481227874756,0.2544482350349426,0.014673948287963867,0.007337002186664829,0.0,0.0,7
93.0,PINN Conservative,0.25110416716337225,0.0017612803763699322,0.002083214524181595,0.003788173917563087,0.246967613697052,0.25445085763931274,0.014678001403808594,0.007339028752332909,0.0,0.0,13
93.10000000000001,PINN Conservative,0.25110748767852803,0.0017745273230516231,0.0020841762156503492,0.003790558103359043,0.24697023630142212,0.25445324182510376,0.014680683612823486,0.0073403698619661974,0.0,0.0,11
93.2,PINN Conservative,0.251110783338547,0.0017876751120252455,0.0020851292032053534,0.00379306149844455,0.2469731569290161,0.2544557452201843,0.014683961868286133,0.007342008995962438,0.0,0.0,15
93.30000000000001,PINN Conservative,0.25111408340930963,0.0018008404973307844,0.0020860894527805654,0.003795684102817609,0.24697619676589966,0.25445836782455444,0.01468437910079956,0.0073422176130165055,0.0,0.0,1
93.4,PINN Conservative,0.25111734414100667,0.001813848942378479,0.002087020461693464,0.003798425916481718,0.2469789981842041,0.2544611096382141,0.014688670635223389,0.007344363388429766,0.0,0.0,7
93.5,PINN Conservative,0.25112059378623985,0.001826813158808406,0.0020879416741773245,0.003800810102278007,0.24698251485824585,0.2544634938240051,0.01469045877456665,0.0073452574615186245,0.0,0.0,7
93.60000000000001,PINN Conservative,0.25112383061647436,0.0018397262507602965,0.0020888630872788454,0.00380331349736468,0.2469855546951294,0.2544659972190857,0.014692604541778564,0.007346330349225255,0.0,0.0,7
93.7,PINN Conservative,0.25112705963850046,0.0018526081924491475,0.0020897736988245287,0.0038059957063846794,0.24698865413665771,0.2544686794281006,0.014694929122924805,0.007347492644240772,0.0,0.0,5
93.80000000000001,PINN Conservative,0.25113025677204154,0.0018653629174137881,0.0020906697411772817,0.0038084991014699643,0.24699193239212036,0.25447118282318115,0.014696955680847168,0.007348505927074811,0.0,0.0,3
93.9,PINN Conservative,0.2511334478855135,0.001878093625763302,0.0020915591258941916,0.0038108832872637,0.24699538946151733,0.25447356700897217,0.014698982238769531,0.007349519209908851,0.0,0.0,3
94.0,PINN Conservative,0.25113663470745107,0.0018908072133575155,0.002092444508884405,0.0038132078684162685,0.24699926376342773,0.2544758915901184,0.014701008796691895,0.007350532492742891,0.0,0.0,7
94.10000000000001,PINN Conservative,0.2511397827267649,0.0019033660007886568,0.0020933148161718478,0.003815651658857777,0.2470027208328247,0.2544783353805542,0.014702141284942627,0.007351098739032501,0.0,0.0,3
94.2,PINN Conservative,0.2511429216861727,0.0019158886444027327,0.0020941772105810543,0.0038179166353630167,0.24700617790222168,0.25448060035705566,0.014704108238220215,0.007352082219430246,0.0,0.0,1
94.30000000000001,PINN Conservative,0.2511460386514666,0.0019283235441457547,0.002095036820282982,0.0038205392397394067,0.2470099925994873,0.2544832229614258,0.014706134796142578,0.007353095502264286,0.0,0.0,7
94.4,PINN Conservative,0.2511491543054583,0.0019407532125466642,0.0020958909677983558,0.003822923425533531,0.2470141053199768,0.2544856071472168,0.014706730842590332,0.007353393526627239,0.0,0.0,1
94.5,PINN Conservative,0.2511522344946864,0.0019530413969275377,0.002096721149738796,0.0038252480066851002,0.24701792001724243,0.25448793172836304,0.014708340167999268,0.007354198192407212,0.0,0.0,1
94.60000000000001,PINN Conservative,0.25115532010793706,0.001965351220040679,0.002097553418268191,0.0038275129831917276,0.24702215194702148,0.2544901967048645,0.014709055423736572,0.007354555821642755,0.0,0.0,1
94.7,PINN Conservative,0.2511583750844004,0.001977538819983857,0.002098358341168801,0.0038297779596981885,0.24702632427215576,0.25449246168136597,0.014709770679473877,0.0073549134508782985,0.0,0.0,1
94.80000000000001,PINN Conservative,0.2511614151000979,0.0019896667350712376,0.002099175017565905,0.003832102540849147,0.2470303773880005,0.2544947862625122,0.014711081981658936,0.007355569104476795,0.0,0.0,1
94.9,PINN Conservative,0.2511644474864008,0.002001764213260282,0.0020999823066763608,0.003834486726643438,0.24703478813171387,0.2544971704483032,0.014712274074554443,0.007356165153202701,0.0,0.0,1
95.0,PINN Conservative,0.2511674473285677,0.002013731859054391,0.0021007734371747823,0.003836453679926577,0.2470393180847168,0.2544991374015808,0.014712095260620117,0.007356075745893815,0.0,0.0,1
95.10000000000001,PINN Conservative,0.2511704404950144,0.002025672872562428,0.00210156388996915,0.0038388378657213673,0.24704372882843018,0.2545015215873718,0.014713048934936523,0.007356552584874539,0.0,0.0,3
95.2,PINN Conservative,0.2511734156012537,0.0020375418362248636,0.0021023424153289298,0.003840924028292003,0.2470484972000122,0.25450360774993896,0.014713168144226074,0.00735661218974713,0.0,0.0,3
95.30000000000001,PINN Conservative,0.2511763628125193,0.0020492995149775134,0.002103107702934872,0.0038431890047966877,0.24705272912979126,0.25450587272644043,0.014713823795318604,0.007356940016546378,0.0,0.0,3
95.4,PINN Conservative,0.25117930841445946,0.002061050773446732,0.0021038763995827187,0.0038455731905923662,0.2470574975013733,0.25450825691223145,0.014714181423187256,0.00735711883116415,0.0,0.0,1
95.5,PINN Conservative,0.25118222540617013,0.0020726878935469106,0.002104628136042734,0.003847540143871786,0.24706214666366577,0.25451022386550903,0.014713883399963379,0.007356969818982674,0.0,0.0,1
95.60000000000001,PINN Conservative,0.25118512940406823,0.0020842731758043504,0.0021053710494084474,0.0038497455157349703,0.2470671534538269,0.2545124292373657,0.014713943004608154,0.007356999621418969,0.0,0.0,1
95.7,PINN Conservative,0.25118801438808463,0.002095782603603924,0.0021061158550055993,0.003852010492239044,0.24707216024398804,0.2545146942138672,0.014714360237121582,0.007357208238473036,0.0,0.0,3
95.80000000000001,PINN Conservative,0.25119088923931143,0.0021072516073977732,0.002106853569421145,0.0038540370501680132,0.24707728624343872,0.25451672077178955,0.014713585376739502,0.007356820806801197,0.0,0.0,1
95.9,PINN Conservative,0.251193733096123,0.0021185969612918113,0.0021075750542856194,0.0038563616313192495,0.2470821738243103,0.2545190453529358,0.014713823795318604,0.007356940016546378,0.0,0.0,1
96.0,PINN Conservative,0.2511965552568438,0.002129855760255893,0.0021082913186179567,0.0038581497706677292,0.24708735942840576,0.25452083349227905,0.0147133469581604,0.007356701597056016,0.0,0.0,3
96.10000000000001,PINN Conservative,0.25119937223196054,0.002141093871640496,0.0021089975199481453,0.0038602359332412517,0.24709266424179077,0.2545229196548462,0.014712393283843994,0.0073562247580752915,0.0,0.0,1
96.2,PINN Conservative,0.25120216721296335,0.002152244239153824,0.0021078533354921083,0.0038622624911653913,0.24709826707839966,0.25452494621276855,0.014711439609527588,0.007355747919094566,0.0,0.0,1
96.30000000000001,PINN Conservative,0.2512049480080607,0.0021633380130591374,0.0021085584749633503,0.0038644082583831896,0.247103750705719,0.25452709197998047,0.014710664749145508,0.007355360487422728,0.0,0.0,1
96.4,PINN Conservative,0.2512077191472056,0.0021743932652647483,0.0021092502790903502,0.0038664944209541585,0.2471092939376831,0.2545291781425476,0.014709949493408203,0.007355002858187185,0.0,0.0,1
96.5,PINN Conservative,0.2512104564905169,0.002185313691521841,0.0021099382461546956,0.0038684017695906903,0.24711507558822632,0.2545310854911804,0.014708936214447021,0.007354496216770165,0.0,0.0,3
96.60000000000001,PINN Conservative,0.25121318310499213,0.0021961913158905716,0.0021106268894831577,0.003870249513582391,0.2471204400062561,0.25453293323516846,0.01470726728439331,0.007353661748553896,0.0,0.0,1
96.7,PINN Conservative,0.251215884447098,0.0022069681180332985,0.002111287238293427,0.003872276071513414,0.24712640047073364,0.2545349597930908,0.014706075191497803,0.0073530656998279905,0.0,0.0,1
96.80000000000001,PINN Conservative,0.2512185752987864,0.002217703069440453,0.0021119548018145072,0.0038741834201493908,0.24713224172592163,0.25453686714172363,0.014704763889312744,0.007352410046229494,0.0,0.0,1
96.9,PINN Conservative,0.25122123789787315,0.002228325309208195,0.002112617143181833,0.0038762695827200266,0.24713808298110962,0.25453895330429077,0.014703631401062012,0.007351843799939884,0.0,0.0,1
97.0,PINN Conservative,0.2512238876819613,0.0022388964244981218,0.002113269988465598,0.0038780577220680623,0.24714410305023193,0.25454074144363403,0.014701604843139648,0.007350830517105843,0.0,0.0,1
97.10000000000001,PINN Conservative,0.25122652643919013,0.0022494235489581463,0.00211391777702381,0.0038802034892830295,0.2471504807472229,0.25454288721084595,0.014700353145599365,0.007350204665943643,0.0,0.0,1
97.2,PINN Conservative,0.2512291362881663,0.0022598353461078125,0.0021145541111652513,0.0038818724193409038,0.24715644121170044,0.25454455614089966,0.014698266983032227,0.007349161580673308,0.0,0.0,1
97.30000000000001,PINN Conservative,0.25123172461986565,0.0022701613016922247,0.002115190791912826,0.0038839585819138156,0.24716293811798096,0.2545466423034668,0.014696598052978516,0.007348327112457039,0.0,0.0,1
97.4,PINN Conservative,0.2512343015074732,0.0022804416019290216,0.0021158150054919056,0.003885687116616632,0.24716931581497192,0.2545483708381653,0.014694452285766602,0.007347254224750409,0.0,0.0,1
97.5,PINN Conservative,0.25123685961961767,0.002290646998860963,0.002116440318781879,0.003887594465252775,0.24717551469802856,0.2545502781867981,0.014693081378936768,0.007346568768715618,0.0,0.0,3
97.60000000000001,PINN Conservative,0.25123938721418404,0.002300730648199336,0.0021170529632599504,0.0038894422092430325,0.24718207120895386,0.25455212593078613,0.014690637588500977,0.007345346868827511,0.0,0.0,3
97.7,PINN Conservative,0.25124190229177495,0.0023107643620009916,0.0021176614958857147,0.003890932325367691,0.24718862771987915,0.2545536160469055,0.014687716960906982,0.007343886549449041,0.0,0.0,3
97.80000000000001,PINN Conservative,0.2512444082498553,0.0023207616941977164,0.0021182743146658132,0.0038930184879386043,0.24719560146331787,0.25455570220947266,0.014685392379760742,0.007342724254433525,0.0,0.0,1
97.9,PINN Conservative,0.25124688768386866,0.002330653210614633,0.002118874576935958,0.003894806627285141,0.24720245599746704,0.2545574903488159,0.014683187007904053,0.007341621564290599,0.0,0.0,1
98.0,PINN Conservative,0.2512493398189547,0.0023404358200041805,0.0021194651365572313,0.0038965351619874578,0.24720901250839233,0.2545592188835144,0.014680564403533936,0.007340310257093607,0.0,0.0,1
98.10000000000001,PINN Conservative,0.25125178223848366,0.002350179669905938,0.0021200462569022863,0.003898263696690163,0.24721604585647583,0.2545609474182129,0.014677584171295166,0.007338820135278842,0.0,0.0,1
98.2,PINN Conservative,0.25125420182943364,0.0023598324469005505,0.0021206396876412015,0.0038998730221036504,0.247222900390625,0.2545625567436218,0.0146750807762146,0.00733756843295444,0.0,0.0,3
98.30000000000001,PINN Conservative,0.2512566006779673,0.0023694024735776927,0.002121202202616931,0.0039017803707396825,0.2472267746925354,0.25456446409225464,0.01467198133468628,0.0073360187062670845,0.0,0.0,1
98.4,PINN Conservative,0.25125897890329385,0.0023788902255137585,0.0021217737096992403,0.003903389696155779,0.247225821018219,0.2545660734176636,0.014668941497802734,0.007334498782016025,0.0,0.0,1
98.5,PINN Conservative,0.2512613432407381,0.002388322572782908,0.002122350446657666,0.0039049394169217155,0.24722528457641602,0.25456762313842773,0.014665424823760986,0.007332740438274603,0.0,0.0,1
98.60000000000001,PINN Conservative,0.2512636875510218,0.00239767502319384,0.002122905958387985,0.003906608346982199,0.24722445011138916,0.25456929206848145,0.014662086963653564,0.007331071501842067,0.0,0.0,1
98.7,PINN Conservative,0.25126601070165655,0.0024069430587691453,0.0021234641690283463,0.0039083368816824615,0.24722367525100708,0.25457102060317993,0.014659285545349121,0.007329670787336188,0.0,0.0,1
98.80000000000001,PINN Conservative,0.25126831960678125,0.0024161542629483495,0.002124015221570966,0.003910065416388109,0.24722307920455933,0.2545727491378784,0.014656126499176025,0.007328091258212537,0.0,0.0,3
98.9,PINN Conservative,0.25127059787511846,0.0024252432439569264,0.002124566185238997,0.003911615137155433,0.24722248315811157,0.2545742988586426,0.014651715755462646,0.007325885877926686,0.0,0.0,1
99.0,PINN Conservative,0.25127286928892156,0.0024343048793147287,0.002125112784051311,0.0039130456486350385,0.24722164869308472,0.2545757293701172,0.014648139476776123,0.007324097731748969,0.0,0.0,3
99.10000000000001,PINN Conservative,0.25127509635686895,0.0024431896002003535,0.002125644001213949,0.0039149529972706265,0.24722081422805786,0.25457763671875,0.014645040035247803,0.007322548005061613,0.0,0.0,1
99.2,PINN Conservative,0.2512773283720019,0.002452094057512446,0.00212618155501933,0.00391650271804056,0.24722003936767578,0.25457918643951416,0.014641046524047852,0.007320551241829829,0.0,0.0,1
99.30000000000001,PINN Conservative,0.2512795228362086,0.002460848708214828,0.0021267138371914257,0.00391793322952283,0.24721896648406982,0.25458061695098877,0.014637172222137451,0.007318614083470635,0.0,0.0,1
99.4,PINN Conservative,0.2512817024588587,0.00246954414963825,0.0021272309378605994,0.003919363741000825,0.24721825122833252,0.2545820474624634,0.014632999897003174,0.007316527912929965,0.0,0.0,3
99.5,PINN Conservative,0.25128387433290506,0.0024782086785867193,0.0021277655090292647,0.003921211484996079,0.2472173571586609,0.2545838952064514,0.014629602432250977,0.007314829174061134,0.0,0.0,3
99.60000000000001,PINN Conservative,0.25128601253032706,0.0024867388571630654,0.002128273703560874,0.003922641996474852,0.24721670150756836,0.254585325717926,0.014624595642089844,0.00731232576941233,0.0,0.0,1
99.7,PINN Conservative,0.25128813171386744,0.002495193181281767,0.00212879440759561,0.00392407250795368,0.24721604585647583,0.25458675622940063,0.01462024450302124,0.007310150191562773,0.0,0.0,1
99.80000000000001,PINN Conservative,0.25129022067785284,0.0025035269467477764,0.002129297483005207,0.003925503019431786,0.24721485376358032,0.25458818674087524,0.014615774154663086,0.007307915008840626,0.0,0.0,1
99.9,PINN Conservative,0.25129230463504815,0.0025118407379994528,0.0021298094057234937,0.003927052740203274,0.24721413850784302,0.2545897364616394,0.014611423015594482,0.00730573943099107,0.0,0.0,1
100.0,PINN Conservative,0.2512943701744082,0.002520081052675901,0.0021319239544399142,0.003928542856323769,0.2472132444381714,0.2545912265777588,0.014606952667236328,0.007303504248268923,0.0,0.0,1
