time,method,mass,conservation_error,l2_vs_cn,linf_vs_cn,min_c,max_c,tv,tv_ratio,overshoot_rel,negative_depth_rel,extrema_count
0.0,CN,0.25066267990416874,0.0,0.0,0.0,3.7266531720786777e-06,1.0,1.9999923558199433,1.0,0.0,0.0,1
0.005,CN,0.2506626776273382,9.083245093742519e-09,0.0,0.0,5.901269297952077e-06,0.9950249388414542,1.9900383056370732,0.9950229558858543,0.0,0.0,3
0.01,CN,0.25066267670169184,1.2776041874305796e-08,0.0,0.0,6.9330965212788095e-06,0.9901476677832384,1.9802812864333483,0.9901444276378176,0.0,0.0,1
0.015,CN,0.2506626750384896,1.941126273459701e-08,0.0,0.0,8.488056548701313e-06,0.9853175096211142,1.9706181230173963,0.9853128274630308,0.0,0.0,2
0.02,CN,0.25066267384130136,2.418735560128014e-08,0.0,0.0,9.785226890939315e-06,0.9805809241580783,1.961142078402635,0.9805747870464331,0.0,0.0,1
0.025,CN,0.2506626721119161,3.1086608600489344e-08,0.0,0.0,1.1349787294942228e-05,0.9758887683868516,1.9517548656826273,0.9758811627469747,0.0,0.0,2
0.03,CN,0.2506626706177476,3.70474820408894e-08,0.0,0.0,1.2992692601875945e-05,0.9712862324272031,1.9425462803366615,0.9712768524759035,0.0,0.0,3
0.035,CN,0.2506626686766053,4.47915239668555e-08,0.0,0.0,1.4667183448163848e-05,0.9667256299650028,1.9334218927877775,0.9667146412642794,0.0,0.0,2
0.04,CN,0.2506626668455569,5.209635460496549e-08,0.0,0.0,1.656016948964068e-05,0.9622509375624745,1.9244684749248462,0.9622379152223638,0.0,0.0,2
0.045,CN,0.25066266460670883,6.10280713338003e-08,0.0,0.0,1.853234242587828e-05,0.9578158535570488,1.9155945350447372,0.9578009283237459,0.0,0.0,2
0.05,CN,0.2506626623901598,6.987082788718506e-08,0.0,0.0,2.0698331025733348e-05,0.9534631937112269,1.9068846447756957,0.9534459665441691,0.0,0.0,2
0.055,CN,0.25066265978082397,8.028057777089675e-08,0.0,0.0,2.3027269328691475e-05,0.9491479739435708,1.89824969473985,0.949128475024405,0.0,0.0,2
0.06,CN,0.2506626571228443,9.088438871998536e-08,0.0,0.0,2.5525106792621835e-05,0.9449118988583801,1.8897723150062347,0.9448897689568811,0.0,0.0,2
0.065,CN,0.25066265407187954,1.0305598426734484e-07,0.0,0.0,2.8238635316079384e-05,0.9407112394183509,1.8813656917897243,0.9406864412831292,0.0,0.0,2
0.07,CN,0.2506626509096364,1.1567151656446576e-07,0.0,0.0,3.1130155062569056e-05,0.9365866358241416,1.8731104690172984,0.9365588141207536,0.0,0.0,2
0.075,CN,0.2506626473433745,1.2989885147633568e-07,0.0,0.0,3.426409159185787e-05,0.932495555687917,1.864922138810169,0.9324646333688615,0.0,0.0,2
0.08,CN,0.2506626436072194,1.4480396263585381e-07,0.0,0.0,3.760468021870753e-05,0.928477618883717,1.8568793496768516,0.928443223432012,0.0,0.0,2
0.085,CN,0.2506626394475759,1.6139854911402483e-07,0.0,0.0,4.120733062867381e-05,0.9244914350704903,1.848899849351361,0.9244534580200241,0.0,0.0,2
0.09,CN,0.25066263506101993,1.788983857609661e-07,0.0,0.0,4.504595090681434e-05,0.9205756453865794,1.8410603535637478,0.9205336951445309,0.0,0.0,2
0.095,CN,0.2506626302245007,1.9819331727014646e-07,0.0,0.0,4.917054887195483e-05,0.9166899504125555,1.8332807607909183,0.9166438838909073,0.0,0.0,2
0.1,CN,0.25066268372625566,1.5247929712524727e-08,0.0,0.0,5.355750137931963e-05,0.9128720518311029,1.8256359427415554,0.9128214602565786,0.0,0.0,2
0.105,CN,0.25066268372625555,1.524792926960956e-08,0.0,0.0,5.82593003749519e-05,0.909082693213847,1.81804784087486,0.9090273948219713,0.0,0.0,2
0.11,CN,0.2506626837262554,1.524792860523681e-08,0.0,0.0,6.32480194828338e-05,0.9053586739175551,1.810589567110612,0.9052982436866959,0.0,0.0,2
0.115,CN,0.2506626837262552,1.5247927940864063e-08,0.0,0.0,6.858345171490386e-05,0.9016617355138855,1.8031850095867439,0.901595950774265,0.0,0.0,2
0.12,CN,0.2506626837262551,1.5247927497948897e-08,0.0,0.0,7.423044335489957e-05,0.8980278101604527,1.7959055934598416,0.8979562287994688,0.0,0.0,2
0.125,CN,0.250662683726255,1.524792705503373e-08,0.0,0.0,8.025737345730215e-05,0.8944195951470889,1.7886770692859697,0.894341952898445,0.0,0.0,2
0.13,CN,0.25066268372625483,1.524792639066098e-08,0.0,0.0,8.662155356543612e-05,0.8908721886913974,1.7815692399086989,0.8907880246263757,0.0,0.0,2
0.135,CN,0.2506626837262547,1.5247925947745814e-08,0.0,0.0,9.339966316148466e-05,0.8873492040201554,1.774509641831262,0.8872582120963961,0.0,0.0,2
0.14,CN,0.2506626837262546,1.524792550483065e-08,0.0,0.0,0.00010054182307354548,0.8838849369269147,1.7675665155642122,0.8837866356941936,0.0,0.0,2
0.145,CN,0.25066268372625444,1.52479248404579e-08,0.0,0.0,0.00010813272815236679,0.880443879105761,1.7606691114201078,0.8803379204408412,0.0,0.0,2
0.15,CN,0.2506626837262543,1.524792417608515e-08,0.0,0.0,0.0001161152705339123,0.8770595538135784,1.7538841653268682,0.8769454344278345,0.0,0.0,2
0.155,CN,0.25066268372625417,1.5247923733169985e-08,0.0,0.0,0.00012458239038487876,0.8736972958819484,1.7471425722776335,0.8735746250196801,0.0,0.0,2
0.16,CN,0.250662683726254,1.5247923068797237e-08,0.0,0.0,0.00013346921285169007,0.8703898843954996,1.7405096195437164,0.8702581359768018,0.0,0.0,2
0.165,CN,0.2506626837262539,1.524792262588207e-08,0.0,0.0,0.00014287753551486647,0.8671034639770779,1.7339177806699588,0.8669622039425741,0.0,0.0,2
0.17,CN,0.25066268372625367,1.524792174005174e-08,0.0,0.0,0.00015273392795882206,0.8638700964779605,1.7274309480342094,0.8637187752280228,0.0,0.0,2
0.17500000000000002,CN,0.2506626837262535,1.524792107567899e-08,0.0,0.0,0.00016314977496885896,0.8606567048071571,1.7209831108776703,0.8604948443275992,0.0,0.0,2
0.18,CN,0.2506626837262532,1.5247919968391076e-08,0.0,0.0,0.00017404227403041285,0.857494659186,1.7146368179937874,0.85732168575756,0.0,0.0,2
0.185,CN,0.2506626837262533,1.5247920189848657e-08,0.0,0.0,0.00018553309450931128,0.8543516310156793,1.708327514802333,0.8541670221044242,0.0,0.0,2
0.19,CN,0.25066268372625317,1.524791974693349e-08,0.0,0.0,0.00019752929900115147,0.85125832323873,1.7021164553488493,0.8510614805080228,0.0,0.0,2
0.195,CN,0.25066268372625305,1.5247919304018325e-08,0.0,0.0,0.00021016348295336185,0.8481831275467578,1.6959404848799702,0.8479734834709806,0.0,0.0,2
0.2,CN,0.25066268372625283,1.5247918418187993e-08,0.0,0.0,0.0002233318529084756,0.8451561027794237,1.689859609217917,0.8449330340190825,0.0,0.0,2
0.20500000000000002,CN,0.25066268372625267,1.5247917753815246e-08,0.0,0.0,0.00023717854758479015,0.8421463342003687,1.6838120199857762,0.8419092278457526,0.0,0.0,2
0.21,CN,0.2506626837262525,1.5247917089442496e-08,0.0,0.0,0.0002515882034456372,0.8391832586184366,1.677856519192137,0.8389314660676594,0.0,0.0,2
0.215,CN,0.25066268372625244,1.5247916867984914e-08,0.0,0.0,0.0002667171253183246,0.8362366295344671,1.6719325940411927,0.8359694921712564,0.0,0.0,2
0.22,CN,0.2506626837262522,1.5247915982154582e-08,0.0,0.0,0.00028243765286391226,0.8333352827608876,1.6660978851824741,0.8330521265914632,0.0,0.0,2
0.225,CN,0.25066268372625206,1.5247915317781832e-08,0.0,0.0,0.00029891889599541465,0.8304496159927603,1.6602931270679138,0.8301497364409866,0.0,0.0,2
0.23,CN,0.25066268372625183,1.52479144319515e-08,0.0,0.0,0.0003160201564798193,0.8276078841042838,1.654574839603253,0.8272905817807097,0.0,0.0,2
0.23500000000000001,CN,0.2506626837262516,1.5247913546121168e-08,0.0,0.0,0.00033392400114360933,0.8247811061493494,1.6488849584643643,0.8244456303376048,0.0,0.0,2
0.24,CN,0.25066268372625156,1.5247913324663587e-08,0.0,0.0,0.00035247594513901733,0.8219969752029795,1.6432789216809338,0.8216426012324599,0.0,0.0,2
0.245,CN,0.2506626837262515,1.5247913103206002e-08,0.0,0.0,0.0003718726699737167,0.8192271099724553,1.6376998223053167,0.8188530408827006,0.0,0.0,2
0.25,CN,0.25066268372625133,1.5247912438833255e-08,0.0,0.0,0.0003919451546405428,0.8164986600066381,1.6322020536962718,0.8161041460716547,0.0,0.0,2
0.255,CN,0.2506626837262513,1.524791221737567e-08,0.0,0.0,0.00041290485407608537,0.8137838230191595,1.6267298244854151,0.81336802100851,0.0,0.0,2
0.26,CN,0.2506626837262511,1.5247911553002923e-08,0.0,0.0,0.00043456746473292496,0.8111092224891194,1.62133651898733,0.8106713579525786,0.0,0.0,2
0.265,CN,0.2506626837262509,1.524791066717259e-08,0.0,0.0,0.0004571598724026804,0.8084476154817986,1.6159674215445468,0.8079867989705608,0.0,0.0,2
0.27,CN,0.2506626837262507,1.524791000279984e-08,0.0,0.0,0.00048048174962619813,0.8058251160923596,1.6106749415584516,0.8053405488633071,0.0,0.0,2
0.275,CN,0.2506626837262506,1.5247909559884675e-08,0.0,0.0,0.0005047760681656645,0.8032150220143235,1.6054054010282854,0.8027057685278564,0.0,0.0,2
0.28,CN,0.25066268372625045,1.5247908895511927e-08,0.0,0.0,0.000529825741454382,0.8006429539170955,1.6002102671559024,0.8001081916634922,0.0,0.0,2
0.28500000000000003,CN,0.25066268372625033,1.524790845259676e-08,0.0,0.0,0.0005558904791303262,0.7980827322738377,1.595036863250761,0.7975214798242759,0.0,0.0,2
0.29,CN,0.25066268372625017,1.524790778822401e-08,0.0,0.0,0.0005827357078331346,0.7955594995987713,1.5899357456844716,0.7949709112926286,0.0,0.0,2
0.295,CN,0.25066268372625006,1.5247907345308845e-08,0.0,0.0,0.0006106385225187428,0.7930475821186027,1.5848552043400002,0.7924306309112127,0.0,0.0,2
0.3,CN,0.25066268372624995,1.524790690239368e-08,0.0,0.0,0.0006393461444859785,0.7905716588127782,1.5798449148512987,0.7899254765919366,0.0,0.0,2
0.305,CN,0.25066268372624984,1.5247906459478513e-08,0.0,0.0,0.0006691536954744528,0.7881065454094052,1.5748541004575531,0.7874300598573564,0.0,0.0,2
0.31,CN,0.2506626837262497,1.5247906016563347e-08,0.0,0.0,0.0006997894837639161,0.7856764713583538,1.5699315849338658,0.784968792688328,0.0,0.0,2
0.315,CN,0.2506626837262495,1.5247905130733015e-08,0.0,0.0,0.000731567291814654,0.7832567263659234,1.5650274930941586,0.7825167373964983,0.0,0.0,2
0.32,CN,0.25066268372624945,1.5247904909275434e-08,0.0,0.0,0.0007641958197201305,0.7808711037751228,1.5601898245787464,0.7800978938937546,0.0,0.0,2
0.325,CN,0.25066268372624934,1.5247904466360268e-08,0.0,0.0,0.0007980081356143415,0.7784953524343022,1.5553695753527426,0.7776877600690042,0.0,0.0,2
0.33,CN,0.2506626837262493,1.5247904244902683e-08,0.0,0.0,0.0008326926502288713,0.776152842450443,1.5506139475464247,0.7753099370775918,0.0,0.0,2
0.335,CN,0.2506626837262491,1.5247903580529936e-08,0.0,0.0,0.0008686023320099675,0.7738197677319953,1.545874779350059,0.7729403439226105,0.0,0.0,2
0.34,CN,0.250662683726249,1.524790313761477e-08,0.0,0.0,0.0009054046364714084,0.771519087179436,1.541198500325279,0.7706021954736066,0.0,0.0,2
0.34500000000000003,CN,0.25066268372624884,1.524790247324202e-08,0.0,0.0,0.0009434730354664529,0.7692274270145661,1.536537764625856,0.7682718187169854,0.0,0.0,2
0.35000000000000003,CN,0.25066268372624867,1.5247901808869272e-08,0.0,0.0,0.0009824533799622664,0.7669673451430086,1.5319382505449952,0.7659720528866429,0.0,0.0,2
0.355,CN,0.2506626837262485,1.5247901144496522e-08,0.0,0.0,0.0010227402356170509,0.7647158886200649,1.527353404470582,0.7636796210875557,0.0,0.0,2
0.36,CN,0.25066268372624834,1.5247900480123775e-08,0.0,0.0,0.0010639572171574642,0.7624952252721479,1.5228281761258895,0.7614169982672613,0.0,0.0,2
0.365,CN,0.2506626837262482,1.524790003720861e-08,0.0,0.0,0.0011065205606618196,0.7602828104742964,1.518316778338302,0.7591612907519503,0.0,0.0,2
0.37,CN,0.2506626837262481,1.5247899594293443e-08,0.0,0.0,0.001150031031570878,0.7581004329695649,1.5138634551064656,0.7569346206254984,0.0,0.0,2
0.375,CN,0.2506626837262479,1.524789870846311e-08,0.0,0.0,0.0011949270981992492,0.7559259444551092,1.5094231609413562,0.7547144650573092,0.0,0.0,2
0.38,CN,0.25066268372624784,1.5247898487005526e-08,0.0,0.0,0.0012407860832223483,0.7537807651621837,1.5050394560965736,0.7525226042574287,0.0,0.0,2
0.385,CN,0.2506626837262477,1.524789804409036e-08,0.0,0.0,0.0012880692332673887,0.7516431316014902,1.5006680129988101,0.7503368743544905,0.0,0.0,2
0.39,CN,0.2506626837262475,1.524789715826003e-08,0.0,0.0,0.0013363298551502664,0.7495341056602903,1.4963517293083721,0.7481787242606275,0.0,0.0,2
0.395,CN,0.2506626837262474,1.5247896715344863e-08,0.0,0.0,0.0013860525032851026,0.74743229761791,1.492046972540241,0.7460263376499465,0.0,0.0,2
0.4,CN,0.2506626837262473,1.5247896272429697e-08,0.0,0.0,0.0014367659166415678,0.745358420801079,1.4877959981213065,0.7439008423166448,0.0,0.0,2
0.405,CN,0.2506626837262471,1.524789560805695e-08,0.0,0.0,0.001488978469509952,0.7432914486526677,1.4835558467231773,0.741780758514429,0.0,0.0,2
0.41000000000000003,CN,0.25066268372624695,1.52478949436842e-08,0.0,0.0,0.0015421938027627583,0.7412517553562461,1.479368151141288,0.739686902720579,0.0,0.0,2
0.41500000000000004,CN,0.25066268372624684,1.5247894500769033e-08,0.0,0.0,0.0015969446045655505,0.7392186673306959,1.47519060412605,0.7375981212294491,0.0,0.0,2
0.42,CN,0.25066268372624667,1.5247893836396286e-08,0.0,0.0,0.0016527089097168478,0.7372122286849406,1.4710642347176912,0.7355349286395618,0.0,0.0,2
0.425,CN,0.2506626837262465,1.5247893172023535e-08,0.0,0.0,0.0017100441955373077,0.7352121090229184,1.46694736748191,0.7334764871541226,0.0,0.0,2
0.43,CN,0.25066268372624634,1.5247892507650788e-08,0.0,0.0,0.0017684024055014474,0.7332380311148342,1.4628804458848108,0.731443018583473,0.0,0.0,2
0.435,CN,0.2506626837262461,1.5247891621820456e-08,0.0,0.0,0.0018283662620906715,0.7312699983356395,1.4588224068210134,0.7294139912964493,0.0,0.0,2
0.44,CN,0.25066268372624606,1.524789140036287e-08,0.0,0.0,0.0018893611553029493,0.7293274205355225,1.454813125697392,0.7274093430726927,0.0,0.0,2
0.445,CN,0.2506626837262459,1.5247890735990124e-08,0.0,0.0,0.0019519954890294515,0.727390625804826,1.450812132993232,0.7254088390745063,0.0,0.0,2
0.45,CN,0.2506626837262457,1.5247890071617373e-08,0.0,0.0,0.0020156676610291057,0.7254787191896918,1.4468587529323602,0.7234321414889543,0.0,0.0,2
0.455,CN,0.2506626837262455,1.524788918578704e-08,0.0,0.0,0.0020810121726831453,0.7235723447812651,1.4429130915435375,0.7214593032541776,0.0,0.0,2
0.46,CN,0.25066268372624545,1.524788896432946e-08,0.0,0.0,0.0021474000143572912,0.721690310648605,1.4390139381311755,0.7195097190965104,0.0,0.0,2
0.465,CN,0.25066268372624534,1.5247888521414294e-08,0.0,0.0,0.0022154921804904003,0.7198135684937321,1.4351219569161655,0.7175637210512257,0.0,0.0,2
0.47000000000000003,CN,0.25066268372624523,1.524788807849913e-08,0.0,0.0,0.002284631862657124,0.7179606369595394,1.4312754179594216,0.7156404442219165,0.0,0.0,2
0.47500000000000003,CN,0.2506626837262451,1.5247887635583962e-08,0.0,0.0,0.002355506923130423,0.7161127672782435,1.4274355269649717,0.713720491386459,0.0,0.0,2
0.48,CN,0.250662683726245,1.5247887192668797e-08,0.0,0.0,0.0024274323871339384,0.7142881959537303,1.4236400498621178,0.7118227455816767,0.0,0.0,2
0.485,CN,0.2506626837262448,1.5247886306838465e-08,0.0,0.0,0.00250112333854459,0.7124684659624361,1.4198507177494455,0.7099280722837287,0.0,0.0,2
0.49,CN,0.2506626837262446,1.5247885642465714e-08,0.0,0.0,0.0025758662925323464,0.710671538704263,1.416104806995027,0.708055109747888,0.0,0.0,2
0.495,CN,0.2506626837262445,1.5247885199550548e-08,0.0,0.0,0.0026524038871859235,0.7088792413948982,1.4123645585974276,0.7061849784012779,0.0,0.0,2
0.5,CN,0.2506626837262444,1.5247884756635382e-08,0.0,0.0,0.002729993807737221,0.7071092671241409,1.4086667734138067,0.7043360787428066,0.0,0.0,2
0.505,CN,0.25066268372624434,1.52478845351778e-08,0.0,0.0,0.0028094065578342813,0.7053437201100373,1.4049741874170893,0.7024897786877228,0.0,0.0,2
0.51,CN,0.2506626837262442,1.524788387080505e-08,0.0,0.0,0.0028898706966113603,0.7036000316954724,1.4013231395042762,0.7006642477539727,0.0,0.0,2
0.515,CN,0.25066268372624395,1.524788298497472e-08,0.0,0.0,0.002972184883319039,0.7018605761198238,1.3976768462422355,0.6988410941546952,0.0,0.0,2
0.52,CN,0.2506626837262438,1.524788232060197e-08,0.0,0.0,0.0030555482784151507,0.7001425293214213,1.3940711976384694,0.6970382629622289,0.0,0.0,2
0.525,CN,0.25066268372624373,1.5247882099144387e-08,0.0,0.0,0.003140787965498794,0.6984285288242944,1.3904698769960662,0.6952375957587151,0.0,0.0,2
0.53,CN,0.2506626837262436,1.524788165622922e-08,0.0,0.0,0.003227073457162552,0.6967355012931444,1.3869083380422658,0.6934568194755277,0.0,0.0,2
0.535,CN,0.25066268372624356,1.524788143477164e-08,0.0,0.0,0.0033152605088581834,0.6950463410333866,1.3833507174598738,0.6916780023855327,0.0,0.0,2
0.54,CN,0.2506626837262434,1.524788077039889e-08,0.0,0.0,0.0034044887592799586,0.6933777313644989,1.3798320448615,0.6899186593619784,0.0,0.0,2
0.545,CN,0.25066268372624323,1.524788010602614e-08,0.0,0.0,0.00349564286209517,0.6917128170931287,1.3763168974340498,0.6881610789306226,0.0,0.0,2
0.55,CN,0.25066268372624306,1.524787944165339e-08,0.0,0.0,0.003587832378948651,0.6900680439278566,1.3728398924145222,0.6864225697761203,0.0,0.0,2
0.555,CN,0.2506626837262429,1.5247878777280644e-08,0.0,0.0,0.003681971067087679,0.6884268011097523,1.3693660350798054,0.6846856344700387,0.0,0.0,2
0.56,CN,0.2506626837262428,1.5247878334365478e-08,0.0,0.0,0.003777138230528249,0.6868053022847868,1.3659295416199855,0.68296738117281,0.0,0.0,2
0.5650000000000001,CN,0.25066268372624273,1.5247878112907893e-08,0.0,0.0,0.0038742769146458186,0.6851871752657457,1.3624958334308879,0.6812505205162652,0.0,0.0,2
0.5700000000000001,CN,0.25066268372624256,1.5247877448535146e-08,0.0,0.0,0.003972436007476624,0.6835884070058538,1.3590987365895888,0.6795519656035859,0.0,0.0,2
0.5750000000000001,CN,0.2506626837262424,1.5247876784162395e-08,0.0,0.0,0.00407258800647477,0.6819928582222519,1.3557040770653055,0.6778546293540723,0.0,0.0,2
0.58,CN,0.2506626837262423,1.524787634124723e-08,0.0,0.0,0.004173751247201154,0.6804162943741302,1.3523453013761475,0.6761752350906972,0.0,0.0,2
0.585,CN,0.2506626837262421,1.5247875676874482e-08,0.0,0.0,0.0042769278227935284,0.6788428036026617,1.3489886289279176,0.6744968924518056,0.0,0.0,2
0.59,CN,0.250662683726242,1.5247875233959316e-08,0.0,0.0,0.004381105401297107,0.6772879349074451,1.3456671368681716,0.6728361400743875,0.0,0.0,2
0.595,CN,0.2506626837262419,1.524787479104415e-08,0.0,0.0,0.00448731579507585,0.6757359985525304,1.342347427295265,0.6711762789437955,0.0,0.0,2
0.6,CN,0.25066268372624173,1.52478741266714e-08,0.0,0.0,0.004594515910650017,0.6742023319546753,1.3390622178226619,0.6695336679292868,0.0,0.0,2
0.605,CN,0.25066268372624156,1.5247873462298653e-08,0.0,0.0,0.00470376738340132,0.6726714623713479,1.3357784828747632,0.6678917941799482,0.0,0.0,2
0.61,CN,0.2506626837262414,1.5247872797925902e-08,0.0,0.0,0.004813996284901268,0.6711585203617703,1.3325285900285464,0.6662668415461245,0.0,0.0,2
0.615,CN,0.25066268372624123,1.5247872133553155e-08,0.0,0.0,0.004926294157926891,0.6696482452119594,1.329279876030882,0.6646424783388298,0.0,0.0,2
0.62,CN,0.2506626837262411,1.524787169063799e-08,0.0,0.0,0.005039556185798405,0.6681555652034225,1.3260643675935782,0.6630347179751731,0.0,0.0,2
0.625,CN,0.2506626837262409,1.5247870804807657e-08,0.0,0.0,0.005154903884011869,0.6666654268437091,1.3228497541314188,0.6614274051007989,0.0,0.0,2
0.63,CN,0.2506626837262408,1.524787036189249e-08,0.0,0.0,0.005271201513974258,0.6651925605766084,1.3196677303480948,0.659836387128123,0.0,0.0,2
0.635,CN,0.2506626837262406,1.524786969751974e-08,0.0,0.0,0.005389600610551693,0.6637221154756533,1.3164863290074942,0.6582456803779982,0.0,0.0,2
0.64,CN,0.2506626837262405,1.5247869254604574e-08,0.0,0.0,0.005508934498721916,0.6622686284524879,1.3133369213595176,0.6566709705353272,0.0,0.0,2
0.645,CN,0.25066268372624034,1.5247868590231827e-08,0.0,0.0,0.00563038476109896,0.6608174466364388,1.3101878745213285,0.6550964410982394,0.0,0.0,2
0.65,CN,0.25066268372624023,1.524786814731666e-08,0.0,0.0,0.005752753790354797,0.6593829175833158,1.3070702445517464,0.6535376201554943,0.0,0.0,2
0.655,CN,0.2506626837262401,1.5247867704401495e-08,0.0,0.0,0.005877253227372205,0.6579505821076213,1.3039527242361855,0.6519788540399695,0.0,0.0,2
0.66,CN,0.25066268372623995,1.5247867040028745e-08,0.0,0.0,0.006002654554763895,0.656534602461305,1.3008660624241406,0.6504355172351748,0.0,0.0,2
0.665,CN,0.2506626837262399,1.5247866818571163e-08,0.0,0.0,0.0061301994647756115,0.6551207089074769,1.297779269183367,0.6488921147157646,0.0,0.0,2
0.67,CN,0.25066268372623973,1.5247866154198413e-08,0.0,0.0,0.006258628569806125,0.6537228823265421,1.2947227938650396,0.6473638712155168,0.0,0.0,2
0.675,CN,0.25066268372623973,1.5247866154198413e-08,0.0,0.0,0.0063892135895744,0.652327038322467,1.291665955721318,0.6458354463018783,0.0,0.0,2
0.68,CN,0.25066268372623957,1.5247865489825666e-08,0.0,0.0,0.006520664323179103,0.6509469802212452,1.288638912055125,0.644321918683943,0.0,0.0,2
0.685,CN,0.2506626837262394,1.5247864825452915e-08,0.0,0.0,0.006654282477392115,0.649568804983761,1.285611283482337,0.6428080986115924,0.0,0.0,2
0.6900000000000001,CN,0.2506626837262393,1.524786438253775e-08,0.0,0.0,0.006788747111459517,0.6482061420878319,1.2826129424562174,0.641308922368546,0.0,0.0,2
0.6950000000000001,CN,0.2506626837262392,1.5247863939622583e-08,0.0,0.0,0.006925389862717193,0.6468452659863677,1.2796138034026467,0.6398093471102491,0.0,0.0,2
0.7000000000000001,CN,0.25066268372623907,1.5247863496707417e-08,0.0,0.0,0.0070628591400021205,0.6454996359084154,1.276643460881382,0.6383241701731366,0.0,0.0,2
0.705,CN,0.2506626837262389,1.524786283233467e-08,0.0,0.0,0.007202516439126028,0.644155700048533,1.2736721158317388,0.6368384919699193,0.0,0.0,2
0.71,CN,0.2506626837262388,1.5247862389419504e-08,0.0,0.0,0.007342979623417006,0.6428267508834968,1.270729091642448,0.6353669742510006,0.0,0.0,2
0.715,CN,0.25066268372623873,1.5247862167961923e-08,0.0,0.0,0.007485639959950015,0.6414994067093046,1.267784868717358,0.6338948571618916,0.0,0.0,2
0.72,CN,0.25066268372623857,1.5247861503589172e-08,0.0,0.0,0.007629084886361916,0.6401867966477737,1.2648685057713367,0.6324366701155588,0.0,0.0,2
0.725,CN,0.25066268372623846,1.5247861060674006e-08,0.0,0.0,0.007774735339132602,0.6388757055621804,1.2619507558624798,0.6309777895851576,0.0,0.0,2
0.73,CN,0.25066268372623834,1.524786061775884e-08,0.0,0.0,0.007921148464404736,0.6375791025210786,1.2590604193117192,0.6295326157861929,0.0,0.0,2
0.735,CN,0.25066268372623823,1.5247860174843674e-08,0.0,0.0,0.008069774752041039,0.6362839355229662,1.256168515251022,0.6280866582292643,0.0,0.0,2
0.74,CN,0.2506626837262381,1.524785973192851e-08,0.0,0.0,0.008219141204730232,0.6350030167926274,1.2533035916778337,0.6266541909676514,0.0,0.0,2
0.745,CN,0.250662683726238,1.5247859289013343e-08,0.0,0.0,0.008370727736015096,0.6337234541300563,1.2504369274391545,0.6252208533699665,0.0,0.0,2
0.75,CN,0.2506626837262379,1.5247858846098177e-08,0.0,0.0,0.008523031366481214,0.6324579060368236,1.2475968240773814,0.6238007962614938,0.0,0.0,2
0.755,CN,0.25066268372623773,1.524785818172543e-08,0.0,0.0,0.008677561290451701,0.6311936368754332,1.24475481400922,0.6223797857961831,0.0,0.0,2
0.76,CN,0.25066268372623757,1.524785751735268e-08,0.0,0.0,0.008832784720541853,0.629943154458989,1.2419389579956355,0.6209718524081427,0.0,0.0,2
0.765,CN,0.25066268372623735,1.5247856631522347e-08,0.0,0.0,0.008990239976241043,0.6286938765648215,1.2391210360835072,0.6195628860668824,0.0,0.0,2
0.77,CN,0.25066268372623723,1.524785618860718e-08,0.0,0.0,0.009148364648585934,0.6274581632695013,1.2363288737380878,0.6181667995582043,0.0,0.0,2
0.775,CN,0.2506626837262371,1.5247855745692015e-08,0.0,0.0,0.009308726014384814,0.6262235827055121,1.2335344928952572,0.6167696037965811,0.0,0.0,2
0.78,CN,0.250662683726237,1.524785530277685e-08,0.0,0.0,0.009469732241228476,0.625002350084874,1.2307654890290265,0.6153850965717544,0.0,0.0,2
0.785,CN,0.25066268372623685,1.5247854638404102e-08,0.0,0.0,0.009632979383642007,0.6237821809204315,1.2279941204143614,0.6139994069681914,0.0,0.0,2
0.79,CN,0.2506626837262367,1.524785397403135e-08,0.0,0.0,0.009796846395133205,0.6225751483544348,1.2252477576636682,0.612626220344402,0.0,0.0,2
0.795,CN,0.25066268372623657,1.5247853531116185e-08,0.0,0.0,0.009962957917061817,0.6213691123871571,1.222498890025446,0.611251781272061,0.0,0.0,2
0.8,CN,0.25066268372623646,1.524785308820102e-08,0.0,0.0,0.01012966390894198,0.6201760068113036,1.219774668211502,0.6098896651589586,0.0,0.0,2
0.805,CN,0.2506626837262363,1.5247852423828272e-08,0.0,0.0,0.010298617397276423,0.6189838333006336,1.217047807256101,0.6085262294700842,0.0,0.0,2
0.81,CN,0.2506626837262361,1.524785175945552e-08,0.0,0.0,0.010468139577905345,0.617804388946485,1.214345242768737,0.60717494206166,0.0,0.0,2
0.8150000000000001,CN,0.250662683726236,1.5247851316540356e-08,0.0,0.0,0.010639911650438786,0.6166258143584015,1.2116399105531128,0.6058222707838166,0.0,0.0,2
0.8200000000000001,CN,0.2506626837262359,1.524785087362519e-08,0.0,0.0,0.010812226287105523,0.615459772504914,1.2089585357577286,0.6044815782618769,0.0,0.0,2
0.8250000000000001,CN,0.25066268372623574,1.5247850209252442e-08,0.0,0.0,0.010986792638702865,0.6142945402672448,1.2062742701047204,0.6031394403056007,0.0,0.0,2
0.8300000000000001,CN,0.2506626837262356,1.5247849766337277e-08,0.0,0.0,0.01116187510317467,0.6131416490023865,1.203613632771464,0.6018091165543553,0.0,0.0,2
0.835,CN,0.25066268372623557,1.5247849544879692e-08,0.0,0.0,0.011339210551154687,0.6119895092702079,1.200949986706973,0.6004772884317429,0.0,0.0,2
0.84,CN,0.25066268372623546,1.5247849101964526e-08,0.0,0.0,0.011517035364422138,0.6108495232623686,1.198309649461243,0.5991571147630553,0.0,0.0,2
0.845,CN,0.2506626837262354,1.5247848880506945e-08,0.0,0.0,0.01169711389311266,0.6097102326930005,1.1956661906723958,0.5978353803168436,0.0,0.0,2
0.85,CN,0.25066268372623524,1.5247848216134194e-08,0.0,0.0,0.011877654769294864,0.6085829129717139,1.1930457304657849,0.5965251452057015,0.0,0.0,2
0.855,CN,0.25066268372623507,1.5247847551761447e-08,0.0,0.0,0.012060449573726999,0.6074562345088529,1.190422040779218,0.5952132953484099,0.0,0.0,2
0.86,CN,0.2506626837262349,1.5247846887388696e-08,0.0,0.0,0.012243679463104212,0.6063413482543908,1.1878210483800782,0.5939127941782074,0.0,0.0,2
0.865,CN,0.2506626837262348,1.524784644447353e-08,0.0,0.0,0.012429162991815523,0.6052270509209416,1.1852167232595385,0.592610626640936,0.0,0.0,2
0.87,CN,0.2506626837262347,1.5247846001558364e-08,0.0,0.0,0.0126150541229621,0.6041243712623647,1.1826348027623856,0.5913196614581745,0.0,0.0,2
0.875,CN,0.25066268372623457,1.52478455586432e-08,0.0,0.0,0.012803198119883164,0.6030222299615643,1.180049450824872,0.5900269805486749,0.0,0.0,2
0.88,CN,0.2506626837262344,1.524784489427045e-08,0.0,0.0,0.012991722040877523,0.6019315357828142,1.177486219177853,0.5887453598266955,0.0,0.0,2
0.885,CN,0.2506626837262343,1.5247844451355285e-08,0.0,0.0,0.013182497586280357,0.6008413311072583,1.1749194617275691,0.5874619761963458,0.0,0.0,2
0.89,CN,0.2506626837262342,1.524784400844012e-08,0.0,0.0,0.013373625204971925,0.5997624068609368,1.1723745482773125,0.5861895146077547,0.0,0.0,2
0.895,CN,0.250662683726234,1.524784334406737e-08,0.0,0.0,0.013567002755462642,0.5986839249091369,1.169826018856713,0.5849152450270819,0.0,0.0,2
0.9,CN,0.2506626837262339,1.5247842901152203e-08,0.0,0.0,0.013760704378780428,0.5976165604376,1.1672990649098531,0.5836517632245108,0.0,0.0,2
0.905,CN,0.25066268372623374,1.5247842236779456e-08,0.0,0.0,0.013956653806321497,0.5965495926377266,1.1647684088671268,0.5823864303669316,0.0,0.0,2
0.91,CN,0.2506626837262337,1.524784201532187e-08,0.0,0.0,0.01415289917861131,0.5954935830011605,1.162259067267854,0.5811317547718121,0.0,0.0,2
0.915,CN,0.2506626837262335,1.5247841350949124e-08,0.0,0.0,0.014351389808562619,0.5944379259416442,1.1597459413402043,0.5798751870052721,0.0,0.0,2
0.92,CN,0.25066268372623335,1.5247840686576373e-08,0.0,0.0,0.014550148148943658,0.5933930712528085,1.1572538760632307,0.5786291496043182,0.0,0.0,2
0.925,CN,0.2506626837262333,1.5247840465118792e-08,0.0,0.0,0.014751148797114358,0.5923485265194766,1.1547579479753198,0.5773811807905136,0.0,0.0,2
0.93,CN,0.2506626837262331,1.524783980074604e-08,0.0,0.0,0.014952388835848594,0.5913146317848006,1.1522828337336435,0.5761436189396026,0.0,0.0,2
0.935,CN,0.250662683726233,1.5247839357830875e-08,0.0,0.0,0.015155867844554036,0.5902810058042662,1.1498037818106486,0.5749040882405072,0.0,0.0,2
0.9400000000000001,CN,0.25066268372623285,1.5247838693458128e-08,0.0,0.0,0.015359557858424067,0.5892578807710256,1.1473453036775723,0.5736748444756887,0.0,0.0,2
0.9450000000000001,CN,0.25066268372623274,1.5247838250542962e-08,0.0,0.0,0.015565483131545713,0.5882349846600392,1.1448828164722678,0.5724435961670946,0.0,0.0,2
0.9500000000000001,CN,0.2506626837262326,1.5247837807627796e-08,0.0,0.0,0.015771590978240217,0.5872224436693295,1.1424406695171085,0.5712225180224444,0.0,0.0,2
0.9550000000000001,CN,0.2506626837262325,1.524783736471263e-08,0.0,0.0,0.015979930015287778,0.5862100930898305,1.1399944454504531,0.5699994013142545,0.0,0.0,2
0.96,CN,0.2506626837262324,1.5247836921797464e-08,0.0,0.0,0.016188423166794873,0.5852079549350859,1.1375683343874328,0.5687863411463191,0.0,0.0,2
0.965,CN,0.25066268372623224,1.5247836257424714e-08,0.0,0.0,0.01639914309597258,0.5842059699546972,1.135138081402139,0.5675712100093316,0.0,0.0,2
0.97,CN,0.25066268372623207,1.5247835593051967e-08,0.0,0.0,0.01660998867098403,0.583214057745502,1.132727720251942,0.5663660248279069,0.0,0.0,2
0.975,CN,0.25066268372623207,1.5247835593051967e-08,0.0,0.0,0.016823056281264917,0.5822222627032333,1.1303131554785475,0.56515873782685,0.0,0.0,2
0.98,CN,0.25066268372623185,1.5247834707221635e-08,0.0,0.0,0.017036221076596008,0.5812404037342064,1.1279182672420953,0.5639612891318673,0.0,0.0,2
0.985,CN,0.2506626837262317,1.5247834042848884e-08,0.0,0.0,0.01725160284880998,0.5802586271111336,1.1255191166770573,0.562761709264446,0.0,0.0,2
0.99,CN,0.25066268372623157,1.5247833599933718e-08,0.0,0.0,0.0174670533698414,0.5792866527356514,1.1231394330210105,0.5615718628887226,0.0,0.0,2
0.995,CN,0.2506626837262314,1.524783293556097e-08,0.0,0.0,0.01768471550678401,0.5783147270303652,1.1207554312163917,0.560379857430461,0.0,0.0,2
1.0,CN,0.2506626837262313,1.5247832492645805e-08,0.0,0.0,0.01790241799693411,0.5773524725389165,1.1183906921699525,0.5591974833881014,0.0,0.0,2
1.0050000000000001,CN,0.25066268372623113,1.5247831828273054e-08,0.0,0.0,0.018122326452505354,0.5763902341475116,1.116021581934219,0.558012923742741,0.0,0.0,2
1.01,CN,0.250662683726231,1.524783138535789e-08,0.0,0.0,0.018342246921741495,0.5754375386504987,1.1136715355968358,0.556837896082988,0.0,0.0,2
1.0150000000000001,CN,0.25066268372623085,1.524783072098514e-08,0.0,0.0,0.018564367429124318,0.5744848277509358,1.1113170677064117,0.5556606576382646,0.0,0.0,2
1.02,CN,0.25066268372623074,1.5247830278069975e-08,0.0,0.0,0.018786471681525033,0.5735415340657057,1.1089814699659306,0.5544928543045745,0.0,0.0,2
1.025,CN,0.25066268372623063,1.524782983515481e-08,0.0,0.0,0.019010769780415313,0.5725981945063514,1.106641402887087,0.5533228162931622,0.0,0.0,2
1.03,CN,0.25066268372623046,1.524782917078206e-08,0.0,0.0,0.019235023440794485,0.5716641490483015,1.1043200171480123,0.5521621189873351,0.0,0.0,2
1.035,CN,0.25066268372623035,1.5247828727866893e-08,0.0,0.0,0.019461464503694743,0.5707300282404515,1.10199411676868,0.5509991643527516,0.0,0.0,2
1.04,CN,0.25066268372623024,1.5247828284951727e-08,0.0,0.0,0.019687833043300868,0.5698050809180277,1.0996867136901503,0.5498454584039189,0.0,0.0,2
1.045,CN,0.2506626837262301,1.524782762057898e-08,0.0,0.0,0.01991638230089142,0.5688800297322719,1.097374753061337,0.5486894736712344,0.0,0.0,2
1.05,CN,0.25066268372622996,1.5247827177663814e-08,0.0,0.0,0.020144831062196094,0.5679640338456925,1.0950811103044509,0.5475426479095201,0.0,0.0,2
1.055,CN,0.25066268372622985,1.5247826734748648e-08,0.0,0.0,0.020375453627797694,0.5670479065119478,1.0927828693908883,0.5463935230606802,0.0,0.0,2
1.06,CN,0.2506626837262297,1.5247826070375897e-08,0.0,0.0,0.02060594784838765,0.5661407186555046,1.0905027713750526,0.5452534696953757,0.0,0.0,2
1.065,CN,0.2506626837262296,1.524782562746073e-08,0.0,0.0,0.0208386087415311,0.5652333726665612,1.0882180368147276,0.544111098048966,0.0,0.0,2
1.07,CN,0.2506626837262294,1.5247824963087984e-08,0.0,0.0,0.021071113577119483,0.5643348526343486,1.085951274482693,0.5429777125510472,0.0,0.0,2
1.075,CN,0.2506626837262293,1.5247824520172818e-08,0.0,0.0,0.021305777746237643,0.5634361486527902,1.0836798393549503,0.5418419906463445,0.0,0.0,2
1.08,CN,0.25066268372622924,1.5247824298715234e-08,0.0,0.0,0.02154025829281022,0.5625461593477146,1.0814262099462062,0.5407151716351688,0.0,0.0,2
1.085,CN,0.250662683726229,1.52478234128849e-08,0.0,0.0,0.021776890637069113,0.5616559611160733,1.079167873548108,0.5395859991203207,0.0,0.0,2
1.09,CN,0.25066268372622885,1.5247822748512154e-08,0.0,0.0,0.022013311952182233,0.5607743684620204,1.076927180380355,0.5384656482543624,0.0,0.0,2
1.095,CN,0.25066268372622874,1.524782230559699e-08,0.0,0.0,0.022251877342467898,0.55989254271603,1.0746817480109891,0.5373429277785406,0.0,0.0,2
1.1,CN,0.25066268372622863,1.5247821862681823e-08,0.0,0.0,0.022490204465714935,0.5590192155730503,1.072453800269371,0.5362289496500069,0.0,0.0,2
1.105,CN,0.2506626837262285,1.5247821419766657e-08,0.0,0.0,0.02273066776479344,0.5581456319578831,1.0702210830218393,0.5351125867594015,0.0,0.0,2
1.11,CN,0.25066268372622835,1.5247820755393906e-08,0.0,0.0,0.02297086573745768,0.5572804420402783,1.068005695555664,0.5340048887925926,0.0,0.0,2
1.115,CN,0.25066268372622824,1.524782031247874e-08,0.0,0.0,0.023213191819325556,0.5564149730296267,1.0657855101164355,0.5328947918300878,0.0,0.0,2
1.12,CN,0.2506626837262282,1.524782009102116e-08,0.0,0.0,0.023455225703236274,0.555557794826825,1.0635825032431239,0.5317932841833706,0.0,0.0,2
1.125,CN,0.250662683726228,1.5247819426648408e-08,0.0,0.0,0.02369937947167998,0.5547003156447393,1.061374671698538,0.530689364191796,0.0,0.0,2
1.1300000000000001,CN,0.25066268372622785,1.524781876227566e-08,0.0,0.0,0.02394321436729057,0.5538510263448346,1.0591838710145063,0.5295939596630455,0.0,0.0,2
1.135,CN,0.2506626837262277,1.524781809790291e-08,0.0,0.0,0.024189160773672582,0.5530014148901812,1.0569882206641128,0.5284961302918461,0.0,0.0,2
1.1400000000000001,CN,0.2506626837262276,1.5247817654987744e-08,0.0,0.0,0.024434761837378017,0.5521598943060542,1.0548094568623956,0.5274067442272558,0.0,0.0,2
1.145,CN,0.25066268372622746,1.524781721207258e-08,0.0,0.0,0.0246824658976678,0.5513180310795064,1.0526258200389198,0.5263149216424737,0.0,0.0,2
1.1500000000000001,CN,0.25066268372622724,1.5247816326242247e-08,0.0,0.0,0.024929798358380502,0.5504841615773961,1.0504589287332187,0.5252314718485804,0.0,0.0,2
1.155,CN,0.2506626837262272,1.5247816104784665e-08,0.0,0.0,0.02517922516944914,0.5496499296108607,1.0482871426289169,0.5241455746460327,0.0,0.0,2
1.16,CN,0.2506626837262271,1.52478156618695e-08,0.0,0.0,0.0254282543444511,0.5488235960413176,1.0461319641839093,0.5230679813048702,0.0,0.0,2
1.165,CN,0.25066268372622696,1.5247815218954333e-08,0.0,0.0,0.025679369099647742,0.5479968808296882,1.0439718706830567,0.5219879304263921,0.0,0.0,2
1.17,CN,0.25066268372622685,1.5247814776039168e-08,0.0,0.0,0.025930060409737124,0.5471779704607967,1.0418282500506961,0.5209161160136407,0.0,0.0,2
1.175,CN,0.25066268372622674,1.5247814333124e-08,0.0,0.0,0.02618282841376554,0.5463586598959504,1.0396796955680014,0.5198418346662933,0.0,0.0,2
1.18,CN,0.25066268372622663,1.5247813890208836e-08,0.0,0.0,0.02643514739771672,0.5455470623487456,1.0375474821296167,0.5187757238723295,0.0,0.0,2
1.185,CN,0.25066268372622647,1.5247813225836085e-08,0.0,0.0,0.026689534080831207,0.544735046655702,1.0354103174543634,0.5177071374504694,0.0,0.0,2
1.19,CN,0.2506626837262264,1.5247813004378504e-08,0.0,0.0,0.026943446409185865,0.543930653841688,1.0332893648683403,0.5166466571042064,0.0,0.0,2
1.195,CN,0.2506626837262263,1.5247812561463338e-08,0.0,0.0,0.0271994173407235,0.5431258255168416,1.0311634450140363,0.5155836931143104,0.0,0.0,2
1.2,CN,0.2506626837262262,1.5247812118548172e-08,0.0,0.0,0.027454888828931594,0.5423285315775302,1.029053611068873,0.5145287721097257,0.0,0.0,2
1.205,CN,0.25066268372622597,1.524781123271784e-08,0.0,0.0,0.027712409730200855,0.5415307853288769,1.0269387951282098,0.5134713600978702,0.0,0.0,2
1.21,CN,0.2506626837262259,1.5247811011260255e-08,0.0,0.0,0.027969406351129197,0.540740486577284,1.024839941600786,0.5124219293231395,0.0,0.0,2
1.215,CN,0.2506626837262258,1.524781056834509e-08,0.0,0.0,0.028228443107671565,0.5399497192665602,1.02273609260571,0.5113700008050359,0.0,0.0,2
1.22,CN,0.25066268372622563,1.5247809903972342e-08,0.0,0.0,0.02848693100349831,0.539166314130566,1.0206480851245434,0.510325993074161,0.0,0.0,2
1.225,CN,0.25066268372622547,1.5247809239599592e-08,0.0,0.0,0.02874744967674144,0.5383824247172481,1.0185550699112929,0.5092794814676742,0.0,0.0,2
1.23,CN,0.2506626837262254,1.524780901814201e-08,0.0,0.0,0.02900739517025393,0.5376058136847618,1.0164777778246266,0.5082408314545271,0.0,0.0,2
1.235,CN,0.25066268372622524,1.524780835376926e-08,0.0,0.0,0.029269362008574707,0.536828703171833,1.0143954669035122,0.507199672014565,0.0,0.0,2
1.24,CN,0.25066268372622524,1.524780835376926e-08,0.0,0.0,0.029530731613888857,0.536058788737697,1.0123287631520645,0.5061663161892621,0.0,0.0,2
1.245,CN,0.2506626837262251,1.5247807689396513e-08,0.0,0.0,0.029794113063103006,0.5352883601191288,1.010257030581852,0.5051304459449664,0.0,0.0,2
1.25,CN,0.2506626837262249,1.5247807025023762e-08,0.0,0.0,0.030056873495820764,0.5345250467336882,1.0082007915760465,0.5041023225124834,0.0,0.0,2
1.2550000000000001,CN,0.2506626837262248,1.5247806582108596e-08,0.0,0.0,0.03032163620911697,0.5337612049435679,1.0061395148427643,0.5030716802066346,0.0,0.0,2
1.26,CN,0.2506626837262247,1.524780613919343e-08,0.0,0.0,0.03058575439594007,0.5330043989628522,1.0040936203442943,0.5020487290475882,0.0,0.0,2
1.2650000000000001,CN,0.2506626837262246,1.5247805696278264e-08,0.0,0.0,0.030851865243275964,0.5322470508261019,1.002042680244325,0.5010232550781497,0.0,0.0,2
1.27,CN,0.25066268372622447,1.5247805253363098e-08,0.0,0.0,0.031117308331092053,0.5314966604635569,1.0000070132518943,0.5000054176916683,0.0,0.0,2
1.2750000000000001,CN,0.2506626837262243,1.524780458899035e-08,0.0,0.0,0.031384734408068375,0.5307457146481749,0.9979662937791731,0.49898505405538596,0.0,0.0,2
1.28,CN,0.2506626837262242,1.5247804146075185e-08,0.0,0.0,0.03165146977252675,0.5300016499278843,0.9959407404182575,0.4979722735039897,0.0,0.0,2
1.285,CN,0.250662683726224,1.5247803481702434e-08,0.0,0.0,0.03192017840875652,0.5292570168986629,0.9939101286554531,0.4969569637419822,0.0,0.0,2
1.29,CN,0.2506626837262239,1.524780303878727e-08,0.0,0.0,0.0321881736623497,0.528519189610013,0.9918945780719546,0.4959491845984103,0.0,0.0,2
1.295,CN,0.2506626837262238,1.5247802595872103e-08,0.0,0.0,0.03245813242933893,0.5277807815836784,0.9898739640854868,0.4949388737436774,0.0,0.0,2
1.3,CN,0.2506626837262237,1.5247802152956937e-08,0.0,0.0,0.03272735542900601,0.5270491052374027,0.9878683083431203,0.4939360420395811,0.0,0.0,2
1.305,CN,0.2506626837262236,1.524780171004177e-08,0.0,0.0,0.03299853214756196,0.5263168361391154,0.9858575850818602,0.49293067656635364,0.0,0.0,2
1.31,CN,0.25066268372622347,1.5247801267126605e-08,0.0,0.0,0.03326895100182967,0.5255912259246848,0.9838617190631702,0.4919327397428043,0.0,0.0,2
1.315,CN,0.2506626837262233,1.5247800602753858e-08,0.0,0.0,0.03354131374901223,0.5248650113458683,0.9818607822607242,0.49093226751768637,0.0,0.0,2
1.32,CN,0.25066268372622313,1.5247799938381107e-08,0.0,0.0,0.03381289682468927,0.5241453840901621,0.9798746035715713,0.4899391743774185,0.0,0.0,2
1.325,CN,0.2506626837262231,1.5247799716923526e-08,0.0,0.0,0.034086413940320956,0.5234251412475932,0.9778833516519845,0.48894354461223855,0.0,0.0,2
1.33,CN,0.25066268372622286,1.5247798831093194e-08,0.0,0.0,0.03435912986876102,0.5227114153748165,0.9759067605293978,0.48795524527357614,0.0,0.0,2
1.335,CN,0.25066268372622275,1.5247798388178028e-08,0.0,0.0,0.03463376996151084,0.5219970630709541,0.9739250945161977,0.4869644084799087,0.0,0.0,2
1.34,CN,0.2506626837262226,1.5247797723805277e-08,0.0,0.0,0.03490758764445857,0.5212891585637536,0.9719579937394712,0.4859808543323129,0.0,0.0,2
1.345,CN,0.2506626837262225,1.5247797502347696e-08,0.0,0.0,0.03518331959751431,0.5205806171482396,0.9699858171678879,0.48499476227758864,0.0,0.0,2
1.35,CN,0.2506626837262224,1.524779705943253e-08,0.0,0.0,0.03545820821254949,0.5198784555099758,0.9680281119728007,0.48401590593876803,0.0,0.0,2
1.355,CN,0.2506626837262223,1.5247796616517364e-08,0.0,0.0,0.0357350011888932,0.519175646842287,0.9660653308050929,0.4830345116039366,0.0,0.0,2
1.36,CN,0.25066268372622214,1.5247795952144614e-08,0.0,0.0,0.036010930194486854,0.5184791510604226,0.9641169288011477,0.48206030687846585,0.0,0.0,2
1.365,CN,0.25066268372622197,1.5247795287771866e-08,0.0,0.0,0.036288753641787484,0.5177819984736146,0.9621634513448853,0.48108356441713707,0.0,0.0,2
1.37,CN,0.25066268372622186,1.52477948448567e-08,0.0,0.0,0.03656569278198417,0.5170910929841785,0.9602242624354529,0.48011396625652936,0.0,0.0,2
1.375,CN,0.25066268372622175,1.5247794401941534e-08,0.0,0.0,0.03684451634021316,0.5163995212497061,0.9582799994585136,0.47914183105247143,0.0,0.0,2
1.3800000000000001,CN,0.25066268372622164,1.524779395902637e-08,0.0,0.0,0.03712243574586087,0.5157141319027995,0.9563499355699718,0.4781767954197475,0.0,0.0,2
1.385,CN,0.2506626837262214,1.5247793073196037e-08,0.0,0.0,0.03740222943884965,0.5150280671963493,0.9544147998496837,0.4772092238614578,0.0,0.0,2
1.3900000000000001,CN,0.2506626837262213,1.524779263028087e-08,0.0,0.0,0.03768109944418523,0.5143481212226526,0.9524937752318537,0.4762487078813643,0.0,0.0,2
1.395,CN,0.2506626837262212,1.5247792187365705e-08,0.0,0.0,0.037961833600073366,0.5136674910909789,0.9505676816483677,0.47528565740875567,0.0,0.0,2
1.4000000000000001,CN,0.2506626837262211,1.524779174445054e-08,0.0,0.0,0.03824162482974115,0.5129929170692298,0.9486556126360286,0.4743296192485222,0.0,0.0,2
1.405,CN,0.250662683726221,1.5247791522992954e-08,0.0,0.0,0.038523270077377346,0.5123176503979401,0.9467384781156889,0.47337104832460797,0.0,0.0,2
1.41,CN,0.25066268372622086,1.5247790858620207e-08,0.0,0.0,0.038803953456843045,0.511648378223349,0.94483528304518,0.4724194471522482,0.0,0.0,2
1.415,CN,0.25066268372622075,1.524779041570504e-08,0.0,0.0,0.03908648072896429,0.5109784052056191,0.9429270264921995,0.47146531522897983,0.0,0.0,2
1.42,CN,0.25066268372622064,1.5247789972789875e-08,0.0,0.0,0.03936802748752532,0.510314366059185,0.9410326256346357,0.4705181111798988,0.0,0.0,2
1.425,CN,0.2506626837262205,1.524778952987471e-08,0.0,0.0,0.039651408023630846,0.5096496181653626,0.9391331678651592,0.46956837866519735,0.0,0.0,2
1.43,CN,0.25066268372622036,1.524778886550196e-08,0.0,0.0,0.03993378969712935,0.5089907444840676,0.9372474833619965,0.4686255328099742,0.0,0.0,2
1.435,CN,0.25066268372622025,1.5247788422586793e-08,0.0,0.0,0.040217995046061474,0.5083311544321446,0.9353567470404929,0.4676801610359264,0.0,0.0,2
1.44,CN,0.2506626837262202,1.524778820112921e-08,0.0,0.0,0.040501183479311684,0.5076773798799881,0.9334797028413471,0.4667416353492238,0.0,0.0,2
1.445,CN,0.25066268372622,1.524778753675646e-08,0.0,0.0,0.040786185501555716,0.5070228816069026,0.9315976124192186,0.4658005865413863,0.0,0.0,2
1.45,CN,0.2506626837262199,1.5247787093841295e-08,0.0,0.0,0.04107015285049661,0.5063741410467532,0.9297291342218695,0.4648663438719522,0.0,0.0,2
1.455,CN,0.2506626837262198,1.524778665092613e-08,0.0,0.0,0.041355923720210214,0.5057246696804997,0.927855615878221,0.46392958111973637,0.0,0.0,2
1.46,CN,0.2506626837262197,1.5247786208010963e-08,0.0,0.0,0.04164064245379532,0.505080899146738,0.9259956310707225,0.46299958516145884,0.0,0.0,2
1.465,CN,0.2506626837262196,1.5247785765095797e-08,0.0,0.0,0.04192715466057854,0.5044363909792602,0.9241306126552125,0.462067072389556,0.0,0.0,2
1.47,CN,0.25066268372621947,1.524778532218063e-08,0.0,0.0,0.04221259756241229,0.5037975276511814,0.9222790502600273,0.46114128765353085,0.0,0.0,2
1.475,CN,0.25066268372621936,1.5247784879265465e-08,0.0,0.0,0.04249982391282912,0.5031579201120115,0.9204224612377088,0.4602129895943328,0.0,0.0,2
1.48,CN,0.25066268372621914,1.5247783993435133e-08,0.0,0.0,0.04278596408256164,0.5025239022879668,0.9185792518578058,0.4592913813819118,0.0,0.0,2
1.485,CN,0.250662683726219,1.5247783550519967e-08,0.0,0.0,0.04307387770142317,0.5018891339185985,0.9167310232559053,0.45836726354889995,0.0,0.0,2
1.49,CN,0.2506626837262189,1.52477831076048e-08,0.0,0.0,0.043360688555912255,0.5012599009908515,0.914896099022745,0.45744979792568363,0.0,0.0,2
1.495,CN,0.25066268372621875,1.5247782443232054e-08,0.0,0.0,0.04364926288733115,0.5006299114198205,0.913056163379318,0.45652982658775687,0.0,0.0,2
1.5,CN,0.2506626837262187,1.524778222177447e-08,0.0,0.0,0.04393671816158191,0.5000054038500887,0.9112294579026536,0.45561647035849495,0.0,0.0,2
1.5050000000000001,CN,0.2506626837262185,1.5247781557401722e-08,0.0,0.0,0.04422592696980806,0.49938013376872836,0.9093977492170174,0.4547006125151857,0.0,0.0,2
1.51,CN,0.2506626837262184,1.5247781114486556e-08,0.0,0.0,0.044514000717699884,0.49876029306439795,0.9075791975364629,0.453791333199561,0.0,0.0,2
1.5150000000000001,CN,0.25066268372621825,1.5247780450113806e-08,0.0,0.0,0.04480381808774691,0.4981396842032645,0.9057556512213881,0.45287955655713125,0.0,0.0,2
1.52,CN,0.25066268372621814,1.524778000719864e-08,0.0,0.0,0.04509248468255617,0.49752445289424674,0.9039451897596755,0.45197432236638835,0.0,0.0,2
1.5250000000000001,CN,0.25066268372621797,1.5247779342825893e-08,0.0,0.0,0.04538288502062781,0.4969084480001709,0.9021297425952244,0.4510665953147483,0.0,0.0,2
1.53,CN,0.2506626837262178,1.5247778678453142e-08,0.0,0.0,0.04567211915535586,0.49629776961638655,0.9003273091130999,0.45016537512914134,0.0,0.0,2
1.5350000000000001,CN,0.2506626837262177,1.5247778235537976e-08,0.0,0.0,0.045963077189080534,0.495686312430154,0.8985198992021015,0.4492616667195872,0.0,0.0,2
1.54,CN,0.2506626837262176,1.524777779262281e-08,0.0,0.0,0.04625285387659573,0.49508013147962304,0.8967254327548025,0.4483644300666185,0.0,0.0,2
1.545,CN,0.25066268372621753,1.524777757116523e-08,0.0,0.0,0.04654434465507829,0.49447316671424785,0.894925999479876,0.4474647099903441,0.0,0.0,2
1.55,CN,0.25066268372621736,1.5247776906792478e-08,0.0,0.0,0.046834639228079795,0.4938714286617628,0.8931394403751235,0.4465714270237599,0.0,0.0,2
1.555,CN,0.2506626837262172,1.524777624241973e-08,0.0,0.0,0.04712663812177858,0.49326890198134304,0.8913479243572078,0.4456756655911212,0.0,0.0,2
1.56,CN,0.25066268372621703,1.524777557804698e-08,0.0,0.0,0.047417426232590945,0.49267155322770767,0.889569214114665,0.44478630707064154,0.0,0.0,2
1.565,CN,0.2506626837262169,1.5247775135131815e-08,0.0,0.0,0.04770990893302857,0.492073411226841,0.8877855571729963,0.44389447519114544,0.0,0.0,2
1.57,CN,0.2506626837262168,1.524777469221665e-08,0.0,0.0,0.048001166553233277,0.4914803990886662,0.8860146384851615,0.44300901246290975,0.0,0.0,2
1.575,CN,0.25066268372621675,1.5247774470759067e-08,0.0,0.0,0.048294109072548275,0.4908865892724066,0.8842387835986456,0.4421210816259002,0.0,0.0,2
1.58,CN,0.25066268372621653,1.5247773584928735e-08,0.0,0.0,0.04858581249246241,0.4902978619624293,0.8824756002930889,0.4412394866035863,0.0,0.0,2
1.585,CN,0.2506626837262164,1.524777314201357e-08,0.0,0.0,0.04887919116280918,0.4897083327267723,0.8807074915630276,0.4403554288596074,0.0,0.0,2
1.59,CN,0.2506626837262163,1.5247772699098404e-08,0.0,0.0,0.049171316990815984,0.48912383933469933,0.8789519885659702,0.4394776740062206,0.0,0.0,2
1.595,CN,0.2506626837262162,1.5247772256183238e-08,0.0,0.0,0.04946510846362144,0.48853853994757857,0.8771915711800902,0.4385974619490309,0.0,0.0,2
1.6,CN,0.2506626837262161,1.5247771813268072e-08,0.0,0.0,0.04975763362536139,0.4879582304214195,0.8754436944812327,0.4377235202593183,0.0,0.0,2
1.605,CN,0.250662683726216,1.5247771370352906e-08,0.0,0.0,0.05005181487044339,0.4873771110041955,0.8736909146789682,0.4368471270085322,0.0,0.0,2
1.61,CN,0.25066268372621586,1.524777092743774e-08,0.0,0.0,0.05034471660787253,0.4868009361320854,0.8719506112975568,0.4359769719920156,0.0,0.0,2
1.615,CN,0.2506626837262157,1.524777026306499e-08,0.0,0.0,0.050639264912428976,0.48622394764151294,0.8702054163365425,0.4351043711763496,0.0,0.0,2
1.62,CN,0.25066268372621553,1.5247769598692242e-08,0.0,0.0,0.050932520782749874,0.48565185903400454,0.8684726342886231,0.4342379768409528,0.0,0.0,2
1.625,CN,0.2506626837262154,1.5247769155777076e-08,0.0,0.0,0.051227413750223556,0.48507895324466377,0.8667349724123546,0.4333691425820558,0.0,0.0,2
1.6300000000000001,CN,0.2506626837262153,1.524776871286191e-08,0.0,0.0,0.05152100162469723,0.48451090331747504,0.8650096606791677,0.43250648341830134,0.0,0.0,2
1.635,CN,0.25066268372621514,1.524776804848916e-08,0.0,0.0,0.05181621717352288,0.48394203280465337,0.8632794810857929,0.4316413903151502,0.0,0.0,2
1.6400000000000001,CN,0.25066268372621503,1.5247767605573994e-08,0.0,0.0,0.05211011523616613,0.48337797476184846,0.8615615895832578,0.4307824412809021,0.0,0.0,2
1.645,CN,0.250662683726215,1.5247767384116412e-08,0.0,0.0,0.05240563159840646,0.48281309288485946,0.8598388423954553,0.4299210643947408,0.0,0.0,2
1.6500000000000001,CN,0.2506626837262148,1.5247766719743662e-08,0.0,0.0,0.052699818344581886,0.4822529807024673,0.8581283219447358,0.429065800900487,0.0,0.0,2
1.655,CN,0.2506626837262147,1.5247766276828496e-08,0.0,0.0,0.052995614064458234,0.4816920415883912,0.8564129581806412,0.42820811574028983,0.0,0.0,2
1.6600000000000001,CN,0.25066268372621453,1.524776561245575e-08,0.0,0.0,0.05329006829936167,0.48113582999842947,0.8547097604797211,0.4273565136349299,0.0,0.0,2
1.665,CN,0.2506626837262144,1.5247765169540583e-08,0.0,0.0,0.05358612223168408,0.4805787885262642,0.853001732024868,0.42650249614337155,0.0,0.0,2
1.67,CN,0.25066268372621425,1.5247764505167832e-08,0.0,0.0,0.053880823068735324,0.480026433001173,0.8513058096211295,0.4256545317005059,0.0,0.0,2
1.675,CN,0.25066268372621414,1.5247764062252666e-08,0.0,0.0,0.05417711437723902,0.4794732447863826,0.8496050692013627,0.42480415824041856,0.0,0.0,2
1.68,CN,0.25066268372621403,1.52477636193375e-08,0.0,0.0,0.054472041236381774,0.47892470152384026,0.8479163754651048,0.42395980814510753,0.0,0.0,2
1.685,CN,0.2506626837262139,1.5247763176422334e-08,0.0,0.0,0.05476854939197424,0.47837532290328894,0.8462228766204379,0.4231130554864092,0.0,0.0,2
1.69,CN,0.2506626837262138,1.5247762733507168e-08,0.0,0.0,0.05506368199788944,0.4778305488114135,0.8445413657193306,0.42227229682240025,0.0,0.0,2
1.695,CN,0.25066268372621364,1.524776206913442e-08,0.0,0.0,0.05536038677681312,0.47728493682867795,0.8428550627787197,0.4214291421294816,0.0,0.0,2
1.7,CN,0.25066268372621353,1.5247761626219255e-08,0.0,0.0,0.05565570515705153,0.47674388951158925,0.8411806896531328,0.4205919523668735,0.0,0.0,2
1.705,CN,0.2506626837262135,1.524776140476167e-08,0.0,0.0,0.055952586638968065,0.4762020019026263,0.8395015377101094,0.4197523731864146,0.0,0.0,2
1.71,CN,0.2506626837262133,1.5247760740388923e-08,0.0,0.0,0.05624807112200622,0.4756646396463685,0.8378342580493082,0.4189187301697554,0.0,0.0,2
1.715,CN,0.2506626837262131,1.524775985455859e-08,0.0,0.0,0.05654510968800559,0.47512643482554506,0.83616221293848,0.4180827044189756,0.0,0.0,2
1.72,CN,0.250662683726213,1.5247759411643425e-08,0.0,0.0,0.056840740901229696,0.4745927165843548,0.8345019831576471,0.41725258635577317,0.0,0.0,2
1.725,CN,0.25066268372621286,1.524775896872826e-08,0.0,0.0,0.0571379172317702,0.4740581536308114,0.8328370014319953,0.4164200923110801,0.0,0.0,2
1.73,CN,0.2506626837262127,1.524775830435551e-08,0.0,0.0,0.05743367609939359,0.473528039013717,0.83118377865004,0.4155934777607072,0.0,0.0,2
1.735,CN,0.2506626837262126,1.5247757861440343e-08,0.0,0.0,0.057730971172175814,0.47299707765807114,0.8295258175590206,0.4147644940467471,0.0,0.0,2
1.74,CN,0.25066268372621253,1.5247757639982762e-08,0.0,0.0,0.05802683891309234,0.47247052691582264,0.8278795595771702,0.4139413619097368,0.0,0.0,2
1.745,CN,0.2506626837262124,1.5247757197067596e-08,0.0,0.0,0.058324234000871784,0.4719431275271878,0.8262285770455597,0.41311586748881757,0.0,0.0,2
1.75,CN,0.2506626837262123,1.524775675415243e-08,0.0,0.0,0.05862019212645096,0.47142010153950054,0.8245892423266852,0.41229619699652587,0.0,0.0,2
1.7550000000000001,CN,0.25066268372621214,1.524775608977968e-08,0.0,0.0,0.058917668794793675,0.47089622511282486,0.8229451969341746,0.4114741711584138,0.0,0.0,2
1.76,CN,0.2506626837262119,1.5247755203949347e-08,0.0,0.0,0.059213699106620436,0.4703766853759318,0.8213127445828377,0.4106579418630435,0.0,0.0,2
1.7650000000000001,CN,0.2506626837262118,1.524775476103418e-08,0.0,0.0,0.05951123921160537,0.46985629351963576,0.8196755955443189,0.40983936421510664,0.0,0.0,2
1.77,CN,0.25066268372621175,1.52477545395766e-08,0.0,0.0,0.059807323799168616,0.46934020213413746,0.8180499852875076,0.40902655598007476,0.0,0.0,2
1.7750000000000001,CN,0.25066268372621164,1.5247754096661434e-08,0.0,0.0,0.06010490948503992,0.4688232570580494,0.8164196924340505,0.40821140643777126,0.0,0.0,2
1.78,CN,0.2506626837262115,1.5247753432288684e-08,0.0,0.0,0.06040103072337369,0.4683105767170522,0.8148008846025785,0.40740199942840877,0.0,0.0,2
1.7850000000000001,CN,0.25066268372621137,1.5247752989373518e-08,0.0,0.0,0.06069864442014751,0.46779704122063176,0.8131774083630654,0.4065902582061042,0.0,0.0,2
1.79,CN,0.2506626837262113,1.5247752767915936e-08,0.0,0.0,0.060994784967427884,0.4672877351981723,0.8115653638736238,0.40578423288068205,0.0,0.0,2
1.795,CN,0.25066268372621114,1.5247752103543186e-08,0.0,0.0,0.06129240938845623,0.46677757265901065,0.8099486652570151,0.4049758804827821,0.0,0.0,2
1.8,CN,0.250662683726211,1.524775143917044e-08,0.0,0.0,0.06158855218355753,0.46627160479874524,0.8083433455948281,0.40417321758383873,0.0,0.0,2
1.805,CN,0.25066268372621076,1.5247750553340107e-08,0.0,0.0,0.06188617032305269,0.4657647791613399,0.806733386173049,0.40336823479623246,0.0,0.0,2
1.81,CN,0.2506626837262107,1.5247750331882522e-08,0.0,0.0,0.06218229858306652,0.46526211386551264,0.8051347533751521,0.40256891534221306,0.0,0.0,2
1.815,CN,0.2506626837262106,1.5247749888967356e-08,0.0,0.0,0.06247989371359008,0.46475858963029903,0.8035314952665538,0.4017672832240038,0.0,0.0,2
1.82,CN,0.2506626837262104,1.524774922459461e-08,0.0,0.0,0.06277599093130944,0.46425919184895226,0.8019395119056201,0.4009712885011735,0.0,0.0,2
1.825,CN,0.25066268372621026,1.5247748560221858e-08,0.0,0.0,0.06307354660122745,0.46375893406160124,0.8003429177590343,0.4001729883767057,0.0,0.0,2
1.83,CN,0.2506626837262102,1.5247748338764277e-08,0.0,0.0,0.0633695965425996,0.46326276928205223,0.7987575469277858,0.39938029993135477,0.0,0.0,2
1.835,CN,0.2506626837262101,1.524774789584911e-08,0.0,0.0,0.06366709657350823,0.4627657435230054,0.7971675799071056,0.3985853133825045,0.0,0.0,2
1.84,CN,0.25066268372621,1.5247747452933945e-08,0.0,0.0,0.06396308327505953,0.46227277775955766,0.7955887852032439,0.39779591301341444,0.0,0.0,2
1.845,CN,0.25066268372620987,1.524774701001878e-08,0.0,0.0,0.0642605117591831,0.46177895013381304,0.7940054089725515,0.39700422187215334,0.0,0.0,2
1.85,CN,0.2506626837262098,1.5247746788561195e-08,0.0,0.0,0.06455641952541723,0.4612891499177101,0.7924331544842176,0.39621809162332583,0.0,0.0,2
1.855,CN,0.2506626837262096,1.5247745902730863e-08,0.0,0.0,0.06485376082298165,0.460798487044838,0.7908563331934146,0.3954296779645364,0.0,0.0,2
1.86,CN,0.2506626837262095,1.5247745459815697e-08,0.0,0.0,0.06514957422375535,0.4603118194144438,0.7892905834851401,0.39464680011816955,0.0,0.0,2
1.865,CN,0.25066268372620937,1.524774501690053e-08,0.0,0.0,0.06544681296033947,0.45982428841883727,0.7877202817560842,0.3938616462527128,0.0,0.0,2
1.87,CN,0.2506626837262092,1.5247744352527784e-08,0.0,0.0,0.06574251682821677,0.45934072091004385,0.7861610018552305,0.3930820033224205,0.0,0.0,2
1.875,CN,0.2506626837262091,1.5247743909612618e-08,0.0,0.0,0.06603963789208456,0.4588562894113833,0.78459718476833,0.39230009179043396,0.0,0.0,2
1.8800000000000001,CN,0.250662683726209,1.5247743466697452e-08,0.0,0.0,0.06633521731967368,0.45837579004823664,0.7830443401519932,0.3915236665146983,0.0,0.0,2
1.885,CN,0.25066268372620887,1.5247743023782286e-08,0.0,0.0,0.06663220585908844,0.45789442615217835,0.7814869732332774,0.3907449800791307,0.0,0.0,2
1.8900000000000001,CN,0.25066268372620876,1.524774258086712e-08,0.0,0.0,0.06692764619636155,0.4574169634377175,0.779940529815645,0.3899717554149802,0.0,0.0,2
1.895,CN,0.2506626837262086,1.524774191649437e-08,0.0,0.0,0.06722448761688615,0.45693863572678833,0.7783895790242696,0.38919627705534443,0.0,0.0,2
1.9000000000000001,CN,0.2506626837262084,1.5247741252121622e-08,0.0,0.0,0.06751977446848646,0.45646417863408506,0.776849503144396,0.38842623617224203,0.0,0.0,2
1.905,CN,0.2506626837262083,1.5247740809206456e-08,0.0,0.0,0.06781645443026958,0.4559888561587866,0.7753049348605845,0.38765394907858547,0.0,0.0,2
1.9100000000000001,CN,0.2506626837262082,1.524774036629129e-08,0.0,0.0,0.06811157365280603,0.4555173741221968,0.773771193270609,0.3868870753525373,0.0,0.0,2
1.915,CN,0.25066268372620815,1.5247740144833706e-08,0.0,0.0,0.06840807806785856,0.4550450263923014,0.772232974283993,0.3861179629196123,0.0,0.0,2
1.92,CN,0.25066268372620804,1.524773970191854e-08,0.0,0.0,0.06870301576719091,0.4545764892989039,0.7707055341377425,0.38535423992746903,0.0,0.0,2
1.925,CN,0.25066268372620787,1.5247739037545792e-08,0.0,0.0,0.0689993307966536,0.4541070862749505,0.7691736316361111,0.38458828574910753,0.0,0.0,2
1.93,CN,0.25066268372620776,1.5247738594630626e-08,0.0,0.0,0.06929407332517014,0.4536414644561777,0.7676524604780954,0.38382769726306204,0.0,0.0,2
1.935,CN,0.2506626837262077,1.5247738373173042e-08,0.0,0.0,0.06959018537657366,0.4531749765411599,0.7661268420365361,0.38306488512674575,0.0,0.0,2
1.94,CN,0.25066268372620754,1.5247737708800295e-08,0.0,0.0,0.06988471933046217,0.4527122407646158,0.7646119077913234,0.3823074151090207,0.0,0.0,2
1.945,CN,0.2506626837262074,1.524773726588513e-08,0.0,0.0,0.07018061505498276,0.45224863879584354,0.7630925413617133,0.381547728990627,0.0,0.0,2
1.95,CN,0.2506626837262073,1.5247736822969963e-08,0.0,0.0,0.07047492727149819,0.45178876025730097,0.7615838123236649,0.38079336158834265,0.0,0.0,2
1.955,CN,0.25066268372620715,1.5247736158597212e-08,0.0,0.0,0.0707705935612096,0.4513280154984477,0.7600706662245322,0.38003678564707494,0.0,0.0,2
1.96,CN,0.25066268372620704,1.5247735715682046e-08,0.0,0.0,0.0710646711159388,0.4508709658140245,0.7585681110478922,0.37928550518729337,0.0,0.0,2
1.965,CN,0.2506626837262069,1.524773527276688e-08,0.0,0.0,0.07136009510106271,0.45041304994734965,0.7570611539546256,0.3785320237607862,0.0,0.0,2
1.97,CN,0.25066268372620676,1.5247734608394133e-08,0.0,0.0,0.07165392530518805,0.44995880114584985,0.7555647416439382,0.3777838147457203,0.0,0.0,2
1.975,CN,0.25066268372620665,1.5247734165478967e-08,0.0,0.0,0.07194909435134415,0.44950368626458725,0.7540639425793204,0.3770334123453059,0.0,0.0,2
1.98,CN,0.25066268372620654,1.52477337225638e-08,0.0,0.0,0.07224266474890796,0.44905221078001245,0.7525736424801772,0.37628825944769284,0.0,0.0,2
1.985,CN,0.25066268372620637,1.5247733058191054e-08,0.0,0.0,0.07253756645436561,0.4485998693809274,0.7510789708052481,0.3755409207538325,0.0,0.0,2
1.99,CN,0.25066268372620637,1.5247733058191054e-08,0.0,0.0,0.07283086481953667,0.4481511400451507,0.7495947525953512,0.3747988088124654,0.0,0.0,2
1.995,CN,0.25066268372620615,1.5247732172360722e-08,0.0,0.0,0.07312548701246874,0.4477015450212569,0.748106178000578,0.37405451867033485,0.0,0.0,2
2.0,CN,0.25066268372620604,1.5247731729445556e-08,0.0,0.0,0.07341850134681205,0.4472555350568553,0.7466280116811058,0.37331543268574563,0.0,0.0,2
2.005,CN,0.25066268372620587,1.5247731065072805e-08,0.0,0.0,0.07371283208255355,0.446808659690284,0.7451455041778415,0.37257417610096405,0.0,0.0,2
2.0100000000000002,CN,0.2506626837262057,1.5247730400700058e-08,0.0,0.0,0.0740055506123049,0.44636534270352435,0.7436733600651071,0.37183810123125244,0.0,0.0,2
2.015,CN,0.2506626837262056,1.5247729957784892e-08,0.0,0.0,0.07429957817061653,0.4459211606585567,0.7421968899773612,0.3710998633657679,0.0,0.0,2
2.02,CN,0.2506626837262055,1.5247729514869726e-08,0.0,0.0,0.07459198934396272,0.4454805106325285,0.740730738694745,0.370366784922568,0.0,0.0,2
2.025,CN,0.25066268372620537,1.524772907195456e-08,0.0,0.0,0.07488570222630118,0.4450389959487662,0.7392602766512084,0.3696315510906698,0.0,0.0,2
2.0300000000000002,CN,0.25066268372620526,1.5247728629039394e-08,0.0,0.0,0.07517779471066768,0.4446009872366681,0.737800089121378,0.3689014545352598,0.0,0.0,2
2.035,CN,0.25066268372620515,1.524772818612423e-08,0.0,0.0,0.07547118163746327,0.44416211432235575,0.7363356060477324,0.36816921019973325,0.0,0.0,2
2.04,CN,0.2506626837262051,1.5247727964666644e-08,0.0,0.0,0.07576294431681041,0.4437267216409151,0.7348813534851061,0.36744208113926735,0.0,0.0,2
2.045,CN,0.2506626837262049,1.5247727300293897e-08,0.0,0.0,0.07605599422475398,0.4432904652664016,0.7334228205965855,0.3667128119076744,0.0,0.0,2
2.05,CN,0.2506626837262047,1.5247726414463565e-08,0.0,0.0,0.07634741619688146,0.4428576636894413,0.7319744745000663,0.36598863609154964,0.0,0.0,2
2.055,CN,0.2506626837262046,1.52477259715484e-08,0.0,0.0,0.07664011823622137,0.4424239989807773,0.7305218632942654,0.3652623277126332,0.0,0.0,2
2.06,CN,0.2506626837262045,1.5247725528633233e-08,0.0,0.0,0.07693118881008387,0.4419937639329143,0.7290793954402108,0.36454109102897436,0.0,0.0,2
2.065,CN,0.25066268372620426,1.52477246428029e-08,0.0,0.0,0.0772235323419328,0.4415626663655904,0.7276326776901494,0.3638177293891903,0.0,0.0,2
2.07,CN,0.2506626837262042,1.5247724421345316e-08,0.0,0.0,0.07751424103496682,0.4411349736160658,0.726196060125577,0.36309941786145283,0.0,0.0,2
2.075,CN,0.25066268372620404,1.524772375697257e-08,0.0,0.0,0.07780621562862126,0.4407064190088732,0.7247552078729771,0.3623789889816088,0.0,0.0,2
2.08,CN,0.2506626837262039,1.5247723314057403e-08,0.0,0.0,0.07809655216408364,0.44028124466551055,0.7233244129089957,0.3616635887652941,0.0,0.0,2
2.085,CN,0.2506626837262038,1.5247722871142237e-08,0.0,0.0,0.07838814759435617,0.4398552091745373,0.7218893984578001,0.3609460787973086,0.0,0.0,2
2.09,CN,0.25066268372620365,1.5247722206769487e-08,0.0,0.0,0.07867810189867586,0.4394325296778313,0.720464398663271,0.3602335761767949,0.0,0.0,2
2.095,CN,0.25066268372620354,1.524772176385432e-08,0.0,0.0,0.07896930814323976,0.4390089897905753,0.719035194573364,0.35951897140055755,0.0,0.0,2
2.1,CN,0.2506626837262034,1.5247721099481574e-08,0.0,0.0,0.07925887034338373,0.4385887819078976,0.7176159627687626,0.35880935278603066,0.0,0.0,2
2.105,CN,0.2506626837262033,1.524772087802399e-08,0.0,0.0,0.07954967758013273,0.4381677144375107,0.7161925418499173,0.3580976396063762,0.0,0.0,2
2.11,CN,0.2506626837262032,1.5247720435108823e-08,0.0,0.0,0.07983883800098585,0.43774995525743404,0.7147790511013972,0.35739089153086134,0.0,0.0,2
2.115,CN,0.2506626837262031,1.5247719992193657e-08,0.0,0.0,0.08012923660540922,0.43733133733707613,0.7133613864074078,0.35668205647463525,0.0,0.0,2
2.12,CN,0.250662683726203,1.524771954927849e-08,0.0,0.0,0.08041798576716949,0.4369160042638241,0.7119536100210806,0.3559781655911373,0.0,0.0,2
2.125,CN,0.2506626837262029,1.5247719106363325e-08,0.0,0.0,0.08070796630974186,0.4364998133411361,0.7105416748440962,0.35527219530436316,0.0,0.0,2
2.13,CN,0.25066268372620276,1.524771866344816e-08,0.0,0.0,0.08099629492533181,0.4360868840891345,0.7091395863604774,0.3545711483830893,0.0,0.0,2
2.1350000000000002,CN,0.25066268372620265,1.5247718220532993e-08,0.0,0.0,0.08128584816891933,0.4356730979208274,0.7077333542255319,0.3538680296282333,0.0,0.0,2
2.14,CN,0.2506626837262025,1.5247717556160246e-08,0.0,0.0,0.08157374714141442,0.43526255050937585,0.7063369274141875,0.35316981355391647,0.0,0.0,2
2.145,CN,0.25066268372620243,1.524771733470266e-08,0.0,0.0,0.08186286403869919,0.434851147155921,0.7049363720738877,0.352469533207232,0.0,0.0,2
2.15,CN,0.2506626837262023,1.5247716891787495e-08,0.0,0.0,0.08215032445877207,0.43444295990396803,0.7035455809282523,0.35177413497653964,0.0,0.0,2
2.1550000000000002,CN,0.2506626837262022,1.524771644887233e-08,0.0,0.0,0.08243899614969273,0.4340339177244061,0.7021506763576696,0.35107668002551273,0.0,0.0,2
2.16,CN,0.2506626837262021,1.5247716005957164e-08,0.0,0.0,0.08272600929307637,0.43362806924543007,0.7007654950900308,0.35038408674453947,0.0,0.0,2
2.165,CN,0.250662683726202,1.5247715563041998e-08,0.0,0.0,0.08301422710228713,0.4332213668922756,0.6993762154817398,0.34968944428540794,0.0,0.0,2
2.17,CN,0.2506626837262019,1.5247715120126832e-08,0.0,0.0,0.08330078442725593,0.43281783608927105,0.6979966185183963,0.34899964316725424,0.0,0.0,2
2.1750000000000003,CN,0.2506626837262017,1.5247714455754084e-08,0.0,0.0,0.08358853986160374,0.43241345250352625,0.6966129382776919,0.34830780040261666,0.0,0.0,2
2.18,CN,0.25066268372620154,1.5247713791381334e-08,0.0,0.0,0.08387463300647251,0.43201221856408933,0.6952389002542663,0.3476207787650453,0.0,0.0,2
2.185,CN,0.2506626837262015,1.5247713569923753e-08,0.0,0.0,0.0841619177524952,0.431610132970351,0.6938607939945195,0.34693172300153874,0.0,0.0,2
2.19,CN,0.2506626837262013,1.5247712905551002e-08,0.0,0.0,0.08444753853313854,0.4312111753618622,0.6924922897514227,0.34624746826470715,0.0,0.0,2
2.195,CN,0.2506626837262012,1.5247712462635836e-08,0.0,0.0,0.08473434445457906,0.4308113672635312,0.6911197322896063,0.34556118691076987,0.0,0.0,2
2.2,CN,0.2506626837262011,1.524771201972067e-08,0.0,0.0,0.08501948486196961,0.43041466572843673,0.6897567368676552,0.3448796865950387,0.0,0.0,2
2.205,CN,0.25066268372620093,1.5247711355347923e-08,0.0,0.0,0.08530580399731336,0.43001711490302225,0.6883897032200073,0.3441961671587419,0.0,0.0,2
2.21,CN,0.25066268372620076,1.5247710690975172e-08,0.0,0.0,0.08559045619507963,0.42962264945420287,0.6870321918561744,0.3435174088825502,0.0,0.0,2
2.215,CN,0.2506626837262006,1.5247710026602425e-08,0.0,0.0,0.08587628075510949,0.4292273359487169,0.6856706572340026,0.34283663896950045,0.0,0.0,2
2.22,CN,0.2506626837262005,1.524770958368726e-08,0.0,0.0,0.08616043707711478,0.4288350868649585,0.6843186053573231,0.3421606104473189,0.0,0.0,2
2.225,CN,0.2506626837262003,1.524770891931451e-08,0.0,0.0,0.08644575944248917,0.42844199099140484,0.6829625451629482,0.3414825777586294,0.0,0.0,2
2.23,CN,0.2506626837262002,1.5247708476399343e-08,0.0,0.0,0.08672941239043096,0.42805193881294884,0.6816159283905412,0.3408092667989708,0.0,0.0,2
2.235,CN,0.25066268372620004,1.5247707812026595e-08,0.0,0.0,0.08701422510928021,0.4276610411438956,0.6802653182133664,0.3401339591292967,0.0,0.0,2
2.24,CN,0.25066268372619993,1.524770736911143e-08,0.0,0.0,0.08729736735030953,0.4272731666680822,0.6789241123465972,0.3394633536327975,0.0,0.0,2
2.245,CN,0.25066268372619976,1.524770670473868e-08,0.0,0.0,0.08758166313585532,0.42688444803232517,0.6775789279593092,0.33879075886843574,0.0,0.0,2
2.25,CN,0.25066268372619965,1.5247706261823513e-08,0.0,0.0,0.08786428750021819,0.4264987323093168,0.6762431089800651,0.33812284682599375,0.0,0.0,2
2.255,CN,0.2506626837261996,1.5247706040365932e-08,0.0,0.0,0.08814805922841364,0.4261121737876311,0.6749033263349664,0.33745295294304967,0.0,0.0,2
2.2600000000000002,CN,0.25066268372619943,1.524770537599318e-08,0.0,0.0,0.08843015870711415,0.4257285981162214,0.6735728704020549,0.33678772243402305,0.0,0.0,2
2.265,CN,0.2506626837261993,1.5247704933078015e-08,0.0,0.0,0.08871339941430556,0.42534418103718347,0.6722384656274891,0.3361205174966228,0.0,0.0,2
2.27,CN,0.2506626837261992,1.524770449016285e-08,0.0,0.0,0.08899496715679021,0.42496272696069326,0.6709133490731649,0.33545795668709366,0.0,0.0,2
2.275,CN,0.250662683726199,1.5247703604332517e-08,0.0,0.0,0.08927767003740053,0.424580432896596,0.6695842984700824,0.33479342884566715,0.0,0.0,2
2.2800000000000002,CN,0.2506626837261989,1.524770316141735e-08,0.0,0.0,0.08955869934926439,0.4242010821988392,0.6682644977966664,0.334133525986751,0.0,0.0,2
2.285,CN,0.2506626837261987,1.5247702497044604e-08,0.0,0.0,0.08984085775349969,0.42382089296168085,0.6669407778352853,0.33347166347636237,0.0,0.0,2
2.29,CN,0.2506626837261986,1.5247702054129438e-08,0.0,0.0,0.0901213420942142,0.423443627663015,0.6656262697119062,0.332814406902579,0.0,0.0,2
2.295,CN,0.2506626837261985,1.5247701611214272e-08,0.0,0.0,0.09040294952579142,0.4230655253005622,0.6643078570284788,0.3321551980413097,0.0,0.0,2
2.3000000000000003,CN,0.2506626837261984,1.5247701168299106e-08,0.0,0.0,0.09068288250645548,0.42269032765401,0.6629986182879052,0.33150057616899914,0.0,0.0,2
2.305,CN,0.25066268372619827,1.524770072538394e-08,0.0,0.0,0.09096393262035211,0.4223142944459452,0.6616854896816033,0.3308440093563908,0.0,0.0,2
2.31,CN,0.2506626837261982,1.5247700503926356e-08,0.0,0.0,0.09124330800146514,0.4219411469333935,0.6603814973171853,0.3301920106821841,0.0,0.0,2
2.315,CN,0.2506626837261981,1.524770006101119e-08,0.0,0.0,0.09152379460169363,0.42156716538752564,0.6590736297470596,0.32953807439771793,0.0,0.0,2
2.32,CN,0.25066268372619804,1.524769983955361e-08,0.0,0.0,0.0918026062909498,0.4211960507159968,0.6577748609097682,0.328888687497057,0.0,0.0,2
2.325,CN,0.25066268372619793,1.5247699396638443e-08,0.0,0.0,0.09208252332835197,0.420824103564552,0.6564722314918249,0.3282373702986924,0.0,0.0,2
2.33,CN,0.25066268372619777,1.5247698732265692e-08,0.0,0.0,0.09236076537845929,0.4204550046625441,0.6551786634873759,0.32759058382439177,0.0,0.0,2
2.335,CN,0.25066268372619777,1.5247698732265692e-08,0.0,0.0,0.09264010694852517,0.42008507485852137,0.6538812494917304,0.326941874347143,0.0,0.0,2
2.34,CN,0.2506626837261976,1.5247698067892945e-08,0.0,0.0,0.09291777355504538,0.419717974872419,0.6525928597778057,0.3262976770280005,0.0,0.0,2
2.345,CN,0.2506626837261975,1.524769762497778e-08,0.0,0.0,0.09319653389575475,0.41935004558601874,0.6513006386259343,0.32565156398256256,0.0,0.0,2
2.35,CN,0.2506626837261973,1.5247696960605028e-08,0.0,0.0,0.09347361939496696,0.4189849278765719,0.6500174048094871,0.325009944622012,0.0,0.0,2
2.355,CN,0.2506626837261972,1.5247696517689862e-08,0.0,0.0,0.093751792884652,0.4186189824916896,0.6487303540715632,0.32436641679342876,0.0,0.0,2
2.36,CN,0.25066268372619704,1.5247695853317115e-08,0.0,0.0,0.09402829175143812,0.4182558306305589,0.6474522539062105,0.3237273642682361,0.0,0.0,2
2.365,CN,0.25066268372619693,1.524769541040195e-08,0.0,0.0,0.09430587290667215,0.417891852741346,0.6461703512985191,0.32308641051460746,0.0,0.0,2
2.37,CN,0.2506626837261969,1.5247695188944365e-08,0.0,0.0,0.09458177975242689,0.41753065050771243,0.6448973626820109,0.32244991377360555,0.0,0.0,2
2.375,CN,0.25066268372619677,1.52476947460292e-08,0.0,0.0,0.09485876322593297,0.4171686239151979,0.6436205860644428,0.32181152302483457,0.0,0.0,2
2.38,CN,0.2506626837261967,1.5247694524571617e-08,0.0,0.0,0.09513407279649468,0.4168093552924327,0.6423526870362066,0.3211775710876951,0.0,0.0,2
2.3850000000000002,CN,0.25066268372619654,1.5247693860198867e-08,0.0,0.0,0.09541045337507896,0.4164492640012158,0.6410810144098432,0.32054173234428046,0.0,0.0,2
2.39,CN,0.25066268372619643,1.52476934172837e-08,0.0,0.0,0.09568516054868424,0.4160919131736187,0.6398181831486143,0.3199103143003294,0.0,0.0,2
2.395,CN,0.2506626837261963,1.5247692974368535e-08,0.0,0.0,0.09596093315119225,0.41573374138861435,0.6385515926533669,0.319277016632185,0.0,0.0,2
2.4,CN,0.2506626837261962,1.524769253145337e-08,0.0,0.0,0.09623503293645383,0.41537829273820726,0.6372938074748815,0.31864812163924905,0.0,0.0,2
2.4050000000000002,CN,0.25066268372619616,1.5247692309995788e-08,0.0,0.0,0.09651019261174862,0.4150220248614549,0.6360322773872134,0.31801735418456495,0.0,0.0,2
2.41,CN,0.250662683726196,1.5247691645623037e-08,0.0,0.0,0.09678368014565618,0.41466846296483856,0.6347795167419781,0.31739097146785616,0.0,0.0,2
2.415,CN,0.2506626837261959,1.524769120270787e-08,0.0,0.0,0.09705822207061991,0.41431408359237215,0.6335230254726965,0.3167627234319948,0.0,0.0,2
2.42,CN,0.25066268372619577,1.5247690759792705e-08,0.0,0.0,0.09733109261656166,0.41396239321763917,0.632275267943827,0.3161388422830302,0.0,0.0,2
2.4250000000000003,CN,0.2506626837261956,1.5247690095419958e-08,0.0,0.0,0.09760501209412151,0.4136098871364137,0.6310237940359404,0.31551310293745477,0.0,0.0,2
2.43,CN,0.2506626837261955,1.5247689652504792e-08,0.0,0.0,0.09787726103993191,0.41326005324011406,0.6297810183370498,0.3148917127130001,0.0,0.0,2
2.435,CN,0.2506626837261954,1.5247689209589626e-08,0.0,0.0,0.09815055349710591,0.4129094054249874,0.6285345404636902,0.3142684713942358,0.0,0.0,2
2.44,CN,0.2506626837261952,1.5247688545216876e-08,0.0,0.0,0.09842217635313283,0.41256141314915923,0.6272967254368662,0.31364956151529455,0.0,0.0,2
2.445,CN,0.25066268372619505,1.5247687880844128e-08,0.0,0.0,0.09869483733910218,0.41221260875992993,0.6260552223992699,0.31302880762391916,0.0,0.0,2
2.45,CN,0.250662683726195,1.5247687659386544e-08,0.0,0.0,0.0989658297362993,0.4118664434291757,0.6248223470130907,0.31241236757474017,0.0,0.0,2
2.455,CN,0.2506626837261949,1.5247687216471378e-08,0.0,0.0,0.09923785492050045,0.41151946780767656,0.6235857977386479,0.31179409057440843,0.0,0.0,2
2.46,CN,0.2506626837261947,1.524768655209863e-08,0.0,0.0,0.09950821260854058,0.4111751149262981,0.6223578410862709,0.31118010990153055,0.0,0.0,2
2.465,CN,0.25066268372619455,1.524768588772588e-08,0.0,0.0,0.0997795977787809,0.4108299535935371,0.6211262246266205,0.3105642993180218,0.0,0.0,2
2.47,CN,0.25066268372619444,1.5247685444810714e-08,0.0,0.0,0.10004931662419304,0.41048739884272056,0.6199031659239215,0.30995276762934315,0.0,0.0,2
2.475,CN,0.2506626837261942,1.5247684558980382e-08,0.0,0.0,0.1003200576847895,0.4101440374960826,0.618676461453119,0.3093394130496455,0.0,0.0,2
2.48,CN,0.25066268372619405,1.5247683894607635e-08,0.0,0.0,0.10058913366911741,0.40980326673113227,0.6174582800368835,0.30873032001351935,0.0,0.0,2
2.485,CN,0.25066268372619394,1.524768345169247e-08,0.0,0.0,0.10085922663905844,0.4094616912416237,0.616236466849607,0.3081194110849321,0.0,0.0,2
2.49,CN,0.2506626837261938,1.5247683008777303e-08,0.0,0.0,0.1011276558570419,0.4091226904892519,0.6150231421757861,0.30751274642929477,0.0,0.0,2
2.495,CN,0.2506626837261936,1.524768212294697e-08,0.0,0.0,0.10139709686816972,0.40878288689879827,0.6138061996856038,0.30690427285856287,0.0,0.0,2
2.5,CN,0.25066268372619355,1.5247681901489386e-08,0.0,0.0,0.10166487552594859,0.40844564235445646,0.6125977113276051,0.306300026370079,0.0,0.0,2
2.505,CN,0.2506626837261933,1.5247681015659055e-08,0.0,0.0,0.10193366082116524,0.4081075968732481,0.6113856190652902,0.3056939779225499,0.0,0.0,2
2.5100000000000002,CN,0.25066268372619316,1.5247680351286307e-08,0.0,0.0,0.10220078523450468,0.4077720948985125,0.6101819467123332,0.3050921394457905,0.0,0.0,2
2.515,CN,0.250662683726193,1.5247679686913557e-08,0.0,0.0,0.10246891116600032,0.40743579390239976,0.6089746843242317,0.3044885059445982,0.0,0.0,2
2.52,CN,0.2506626837261928,1.524767902254081e-08,0.0,0.0,0.10273537775853873,0.4071020210224007,0.6077758077797422,0.3038890653812376,0.0,0.0,2
2.525,CN,0.2506626837261927,1.5247678579625644e-08,0.0,0.0,0.1030028407860414,0.40676745105033,0.6065733550261774,0.3032878367065051,0.0,0.0,2
2.5300000000000002,CN,0.25066268372619255,1.5247677915252893e-08,0.0,0.0,0.10326864608756058,0.4064353939512268,0.6053792542062283,0.3026907840145414,0.0,0.0,2
2.535,CN,0.2506626837261924,1.5247677250880146e-08,0.0,0.0,0.10353544277660835,0.40610254170273274,0.6041815909599686,0.3020919501026144,0.0,0.0,2
2.54,CN,0.25066268372619227,1.524767680796498e-08,0.0,0.0,0.10380058342132459,0.40577218722923497,0.6029922458917687,0.3014972752956138,0.0,0.0,2
2.545,CN,0.25066268372619216,1.5247676365049814e-08,0.0,0.0,0.10406671044155905,0.40544103956196353,0.6017993521365164,0.30090082613830527,0.0,0.0,2
2.5500000000000003,CN,0.25066268372619205,1.5247675922134648e-08,0.0,0.0,0.10433118316643604,0.4051123747148962,0.6006147429569415,0.30030851928466773,0.0,0.0,2
2.555,CN,0.25066268372619194,1.5247675479219482e-08,0.0,0.0,0.10459663728991878,0.4047829186421848,0.5994265987858849,0.2997144449285338,0.0,0.0,2
2.56,CN,0.25066268372619177,1.524767481484673e-08,0.0,0.0,0.10486043893300313,0.40445593057609575,0.5982467057400467,0.2991244961507773,0.0,0.0,2
2.565,CN,0.2506626837261917,1.524767459338915e-08,0.0,0.0,0.10512521703255207,0.4041281532645886,0.5970632913544421,0.29853278669640826,0.0,0.0,2
2.57,CN,0.25066268372619155,1.52476739290164e-08,0.0,0.0,0.1053883445313289,0.40380282928539835,0.5958880947942997,0.29794518617047494,0.0,0.0,2
2.575,CN,0.25066268372619144,1.5247673486101234e-08,0.0,0.0,0.10565244357887715,0.40347671805270435,0.5947093905020926,0.2973558317718058,0.0,0.0,2
2.58,CN,0.2506626837261913,1.5247673043186068e-08,0.0,0.0,0.10591489396864741,0.4031530456153996,0.5935388708851062,0.2967705697263883,0.0,0.0,2
2.585,CN,0.25066268372619116,1.524767237881332e-08,0.0,0.0,0.10617831103362327,0.40282858792779663,0.5923648570995999,0.2961835605900334,0.0,0.0,2
2.59,CN,0.25066268372619105,1.5247671935898155e-08,0.0,0.0,0.10644008144590232,0.40250655463415963,0.5911989949874122,0.29560062730591613,0.0,0.0,2
2.595,CN,0.2506626837261909,1.5247671271525404e-08,0.0,0.0,0.10670281369362998,0.4021837381043317,0.5900296522259598,0.2950159536905147,0.0,0.0,2
2.6,CN,0.25066268372619077,1.5247670828610238e-08,0.0,0.0,0.10696390135456706,0.40186333170071437,0.5888684282831244,0.2944353394999373,0.0,0.0,2
2.605,CN,0.25066268372619055,1.5247669942779906e-08,0.0,0.0,0.10722594604468866,0.4015421440855335,0.5877037371658659,0.29385299171552237,0.0,0.0,2
2.61,CN,0.2506626837261904,1.524766927840716e-08,0.0,0.0,0.10748634827350699,0.4012233524606684,0.5865471321586043,0.2932746870015589,0.0,0.0,2
2.615,CN,0.25066268372619027,1.5247668835491993e-08,0.0,0.0,0.10774770275842555,0.4009037816590146,0.5853870734072366,0.2926946554089421,0.0,0.0,2
2.62,CN,0.25066268372619016,1.5247668392576827e-08,0.0,0.0,0.10800741696588285,0.40058659284186365,0.5842350682022308,0.292118650604897,0.0,0.0,2
2.625,CN,0.25066268372619005,1.524766794966166e-08,0.0,0.0,0.10826807868922575,0.40026862689248244,0.5830796226388104,0.29154092561506983,0.0,0.0,2
2.63,CN,0.25066268372619,1.5247667728204076e-08,0.0,0.0,0.10852710237609602,0.3999530290501231,0.5819321982020249,0.29096721120388896,0.0,0.0,2
2.6350000000000002,CN,0.2506626837261899,1.524766728528891e-08,0.0,0.0,0.10878706887119788,0.39963665612951693,0.580781346747798,0.2903917832774382,0.0,0.0,2
2.64,CN,0.2506626837261897,1.5247666620916163e-08,0.0,0.0,0.10904539962677257,0.39932263756506525,0.5796384841433359,0.28982034979113686,0.0,0.0,2
2.645,CN,0.2506626837261896,1.5247666178000997e-08,0.0,0.0,0.10930466851518071,0.39900784598543004,0.5784922078176117,0.2892472094376808,0.0,0.0,2
2.65,CN,0.25066268372618944,1.5247665513628247e-08,0.0,0.0,0.10956230401579005,0.3986953951360019,0.5773538882066056,0.2886780474567894,0.0,0.0,2
2.6550000000000002,CN,0.25066268372618933,1.524766507071308e-08,0.0,0.0,0.10982087300578823,0.3983821733431879,0.5762121681256409,0.28810718523442025,0.0,0.0,2
2.66,CN,0.25066268372618916,1.5247664406340334e-08,0.0,0.0,0.11007781101334382,0.39807127877789167,0.5750783727651627,0.28754028538743887,0.0,0.0,2
2.665,CN,0.25066268372618905,1.5247663963425168e-08,0.0,0.0,0.11033567789849628,0.39775961534940907,0.5739411901410947,0.2869716919021894,0.0,0.0,2
2.67,CN,0.2506626837261889,1.5247663299052417e-08,0.0,0.0,0.11059191625905108,0.3974502657673747,0.5728119003831011,0.2864070448650608,0.0,0.0,2
2.6750000000000003,CN,0.2506626837261888,1.524766285613725e-08,0.0,0.0,0.11084907891676661,0.39714014941042974,0.5716792365228984,0.28584071077037954,0.0,0.0,2
2.68,CN,0.2506626837261886,1.5247662191764504e-08,0.0,0.0,0.11110461555909712,0.39683233363887355,0.5705544338132047,0.28527830726597586,0.0,0.0,2
2.685,CN,0.2506626837261885,1.5247661748849338e-08,0.0,0.0,0.11136107194921353,0.39652375318843697,0.5694262701176414,0.28471422326221435,0.0,0.0,2
2.69,CN,0.25066268372618833,1.5247661084476587e-08,0.0,0.0,0.11161590488341941,0.39621746018075416,0.568305935994912,0.2841540540598325,0.0,0.0,2
2.695,CN,0.25066268372618816,1.524766042010384e-08,0.0,0.0,0.11187165304680449,0.39591040459766724,0.5671822539575841,0.28359221089375347,0.0,0.0,2
2.7,CN,0.2506626837261881,1.5247660198646256e-08,0.0,0.0,0.11212578036292829,0.39560562343156525,0.5660663700523647,0.2830342668086312,0.0,0.0,2
2.705,CN,0.2506626837261879,1.5247659312815924e-08,0.0,0.0,0.1123808184201049,0.39530008180067017,0.5649471512587039,0.2824746552729151,0.0,0.0,2
2.71,CN,0.25066268372618783,1.5247659091358342e-08,0.0,0.0,0.11263423828677095,0.3949968016763256,0.5638356992924612,0.28191892716575095,0.0,0.0,2
2.715,CN,0.25066268372618766,1.5247658426985592e-08,0.0,0.0,0.11288856443655627,0.3946927632046371,0.5627209254188035,0.2813615380985309,0.0,0.0,2
2.72,CN,0.2506626837261875,1.5247657762612845e-08,0.0,0.0,0.11314127509962739,0.3943909734428918,0.5616138872030059,0.2808080168750241,0.0,0.0,2
2.725,CN,0.25066268372618744,1.524765754115526e-08,0.0,0.0,0.1133948876177936,0.39408842745779443,0.5605035400156655,0.28025284115942234,0.0,0.0,2
2.73,CN,0.25066268372618733,1.5247657098240094e-08,0.0,0.0,0.11364688739904814,0.39378811749837256,0.5594008974508657,0.27970151776981483,0.0,0.0,2
2.735,CN,0.2506626837261872,1.5247656655324928e-08,0.0,0.0,0.11389978463700146,0.3934870534458486,0.5582949588052344,0.27914854633349256,0.0,0.0,2
2.74,CN,0.25066268372618705,1.524765599095218e-08,0.0,0.0,0.11415107193282764,0.39318821284561395,0.5571966938801943,0.2785994117721308,0.0,0.0,2
2.745,CN,0.25066268372618694,1.5247655548037015e-08,0.0,0.0,0.11440325231630569,0.3928886202885055,0.5560951457198708,0.2780486355868529,0.0,0.0,2
2.75,CN,0.2506626837261868,1.5247654883664264e-08,0.0,0.0,0.11465382559641468,0.39259123871974205,0.5550012405106968,0.27750168089175575,0.0,0.0,2
2.755,CN,0.2506626837261866,1.5247654219291517e-08,0.0,0.0,0.11490528762420184,0.39229310733603534,0.5539040648666234,0.276953090972959,0.0,0.0,2
2.7600000000000002,CN,0.25066268372618644,1.5247653554918767e-08,0.0,0.0,0.11515514543035807,0.39199717458476013,0.5528145015359294,0.2764083072253995,0.0,0.0,2
2.765,CN,0.25066268372618633,1.52476531120036e-08,0.0,0.0,0.11540588767301953,0.39170049416590713,0.5517216805255649,0.2758618946317791,0.0,0.0,2
2.77,CN,0.25066268372618633,1.52476531120036e-08,0.0,0.0,0.1156550286177907,0.3914060001302083,0.5506364413216459,0.2753192729558707,0.0,0.0,2
2.775,CN,0.2506626837261862,1.5247652669088435e-08,0.0,0.0,0.11590504971642385,0.3911107605794679,0.5495479571481428,0.274775028788969,0.0,0.0,2
2.7800000000000002,CN,0.25066268372618605,1.5247652004715687e-08,0.0,0.0,0.1161534724819471,0.3908176952678742,0.5484670244041782,0.27423456035126764,0.0,0.0,2
2.785,CN,0.2506626837261859,1.5247651340342937e-08,0.0,0.0,0.11640277114695141,0.3905238865986875,0.5473828593555885,0.27369247575507666,0.0,0.0,2
2.79,CN,0.25066268372618583,1.5247651118885356e-08,0.0,0.0,0.11665047448371749,0.3902322401285626,0.546306215488859,0.27315415176418917,0.0,0.0,2
2.795,CN,0.2506626837261857,1.524765067597019e-08,0.0,0.0,0.11689904949358099,0.38993985246295637,0.545226351937365,0.2726142179247664,0.0,0.0,2
2.8000000000000003,CN,0.25066268372618555,1.524765001159744e-08,0.0,0.0,0.11714603221923664,0.3896496150589188,0.544153979448481,0.2720780296309645,0.0,0.0,2
2.805,CN,0.25066268372618544,1.5247649568682273e-08,0.0,0.0,0.11739388241934033,0.3893586386259284,0.5430783998496258,0.271540237776048,0.0,0.0,2
2.81,CN,0.25066268372618533,1.5247649125767107e-08,0.0,0.0,0.11764014341750605,0.3890698006183046,0.5420102813217932,0.2710061764709013,0.0,0.0,2
2.815,CN,0.2506626837261852,1.524764868285194e-08,0.0,0.0,0.11788726771894578,0.3887802257524294,0.5409389682137417,0.27047051786954013,0.0,0.0,2
2.82,CN,0.25066268372618505,1.5247648018479194e-08,0.0,0.0,0.11813280593805228,0.388492777575724,0.539875086312023,0.26993857488554684,0.0,0.0,2
2.825,CN,0.250662683726185,1.524764779702161e-08,0.0,0.0,0.11837920331647639,0.38820459471540786,0.5388080223148408,0.26940504084774064,0.0,0.0,2
2.83,CN,0.25066268372618483,1.5247647132648862e-08,0.0,0.0,0.118624017768617,0.38791852690680345,0.5377483597854418,0.26887520755797056,0.0,0.0,2
2.835,CN,0.25066268372618467,1.524764646827611e-08,0.0,0.0,0.11886968726308217,0.3876317265929396,0.5366855276003857,0.2683437894343146,0.0,0.0,2
2.84,CN,0.25066268372618455,1.5247646025360946e-08,0.0,0.0,0.1191137770228821,0.3873470297908238,0.5356300672699633,0.26781605725206353,0.0,0.0,2
2.845,CN,0.2506626837261844,1.5247645360988198e-08,0.0,0.0,0.11935871773472505,0.3870616026652787,0.5345714496787765,0.2672867464333965,0.0,0.0,2
2.85,CN,0.2506626837261843,1.5247644918073032e-08,0.0,0.0,0.11960208193822715,0.3867782676077899,0.5335201744537501,0.26676110681184134,0.0,0.0,2
2.855,CN,0.2506626837261842,1.5247644696615448e-08,0.0,0.0,0.11984629302995237,0.3864942044119649,0.5324657543180016,0.26623389472891507,0.0,0.0,2
2.86,CN,0.25066268372618405,1.52476440322427e-08,0.0,0.0,0.12008893087351818,0.3862122219355683,0.5314186471838938,0.2657103391607846,0.0,0.0,2
2.865,CN,0.25066268372618394,1.5247643589327535e-08,0.0,0.0,0.12033241156770323,0.3859295135089727,0.5303684074443036,0.26518521728392647,0.0,0.0,2
2.87,CN,0.2506626837261839,1.524764336786995e-08,0.0,0.0,0.12057432230693152,0.3856488745470536,0.5293254514650788,0.2646637373011706,0.0,0.0,2
2.875,CN,0.2506626837261837,1.5247642703497203e-08,0.0,0.0,0.12081707188514682,0.38536751182590634,0.5282793751408721,0.2641406971399607,0.0,0.0,2
2.88,CN,0.25066268372618355,1.5247642039124452e-08,0.0,0.0,0.1210582548338074,0.38508820740739275,0.5272405534583042,0.2636212843134342,0.0,0.0,2
2.8850000000000002,CN,0.25066268372618344,1.5247641596209286e-08,0.0,0.0,0.12130027263555243,0.38480818142324674,0.5261986236465764,0.2631003174163879,0.0,0.0,2
2.89,CN,0.2506626837261833,1.524764093183654e-08,0.0,0.0,0.12154072716453532,0.3845302026712481,0.5251639194796165,0.2625829633555341,0.0,0.0,2
2.895,CN,0.25066268372618317,1.5247640488921373e-08,0.0,0.0,0.12178201258619076,0.38425150454963813,0.5241261193547128,0.26206406130979193,0.0,0.0,2
2.9,CN,0.25066268372618306,1.5247640046006207e-08,0.0,0.0,0.12202173812247062,0.3839748426801131,0.5230955159988837,0.2615487576623404,0.0,0.0,2
2.9050000000000002,CN,0.25066268372618294,1.524763960309104e-08,0.0,0.0,0.12226229061626626,0.38369746363922147,0.5220618288117829,0.26103191209335974,0.0,0.0,2
2.91,CN,0.25066268372618283,1.5247639160175875e-08,0.0,0.0,0.12250128664188294,0.3834221099596627,0.5210353096385758,0.2605186505450244,0.0,0.0,2
2.915,CN,0.25066268372618267,1.5247638495803125e-08,0.0,0.0,0.1227411057148793,0.3831460413090127,0.5200057187163014,0.26000385311628504,0.0,0.0,2
2.92,CN,0.25066268372618256,1.524763805288796e-08,0.0,0.0,0.12297937176593328,0.38287198721715504,0.5189832671725885,0.2594926253904702,0.0,0.0,2
2.9250000000000003,CN,0.25066268372618244,1.5247637609972793e-08,0.0,0.0,0.12321845697902002,0.38259722035632154,0.51795775591762,0.25897986780318033,0.0,0.0,2
2.93,CN,0.2506626837261823,1.5247636945600046e-08,0.0,0.0,0.12345599264468189,0.38232445733887027,0.516939355525078,0.2584706656606928,0.0,0.0,2
2.935,CN,0.2506626837261821,1.5247636281227295e-08,0.0,0.0,0.12369434361159048,0.3820509837562145,0.5159179074147812,0.25795993965350367,0.0,0.0,2
2.94,CN,0.250662683726182,1.524763583831213e-08,0.0,0.0,0.12393114853312708,0.3817795033875952,0.5149035417693257,0.2574527548922701,0.0,0.0,2
2.945,CN,0.2506626837261819,1.5247635395396963e-08,0.0,0.0,0.12416876491945772,0.3815073146590155,0.5138861403553869,0.25694405224099337,0.0,0.0,2
2.95,CN,0.2506626837261818,1.5247634952481797e-08,0.0,0.0,0.12440483878926993,0.38123710860014537,0.5128757931266252,0.25643887669578613,0.0,0.0,2
2.955,CN,0.2506626837261816,1.524763428810905e-08,0.0,0.0,0.12464172031153374,0.38096619638785206,0.5118624220345013,0.25593218921311894,0.0,0.0,2
2.96,CN,0.2506626837261815,1.5247633845193884e-08,0.0,0.0,0.12487706287221172,0.3806972563849283,0.5108560769651838,0.2554290147552821,0.0,0.0,2
2.965,CN,0.2506626837261814,1.5247633402278718e-08,0.0,0.0,0.12511320929688774,0.38042761243624074,0.5098467198935681,0.2549243342905401,0.0,0.0,2
2.97,CN,0.2506626837261812,1.5247632737905967e-08,0.0,0.0,0.12534782034027805,0.3801599303195487,0.5088443607990548,0.2544231528277228,0.0,0.0,2
2.975,CN,0.25066268372618117,1.5247632516448386e-08,0.0,0.0,0.12558323148288258,0.37989154646570283,0.5078390015193386,0.2539204712665705,0.0,0.0,2
2.98,CN,0.25066268372618106,1.524763207353322e-08,0.0,0.0,0.12581711084917122,0.3796251141484474,0.5068406122870812,0.2534212747424678,0.0,0.0,2
2.985,CN,0.2506626837261809,1.524763140916047e-08,0.0,0.0,0.12605178657334243,0.3793579823034311,0.5058392346428383,0.25292058400666123,0.0,0.0,2
2.99,CN,0.2506626837261807,1.5247630744787722e-08,0.0,0.0,0.12628493415014982,0.37909279178058414,0.5048447992318688,0.25242336440075835,0.0,0.0,2
2.995,CN,0.25066268372618056,1.5247630080414972e-08,0.0,0.0,0.12651887436674675,0.3788269039399889,0.5038473871383461,0.25192465644789036,0.0,0.0,2
3.0,CN,0.25066268372618045,1.5247629637499806e-08,0.0,0.0,0.12675129008823766,0.3785629472871513,0.5028568895787644,0.25142940577520684,0.0,0.0,2
3.005,CN,0.25066268372618034,1.524762919458464e-08,0.0,0.0,0.12698449475445156,0.3782982955270415,0.501863427022381,0.2509326725984562,0.0,0.0,2
3.0100000000000002,CN,0.2506626837261802,1.5247628751669474e-08,0.0,0.0,0.12721617860045836,0.3780355648993345,0.5008768514148756,0.2504393829093059,0.0,0.0,2
3.015,CN,0.25066268372618006,1.5247628087296727e-08,0.0,0.0,0.12744864771893827,0.37777214137513276,0.4998873224527254,0.2499446165371892,0.0,0.0,2
3.02,CN,0.2506626837261799,1.5247627422923976e-08,0.0,0.0,0.127679599714097,0.37751062900609367,0.49890465296807507,0.24945327991693125,0.0,0.0,2
3.025,CN,0.2506626837261798,1.524762698000881e-08,0.0,0.0,0.12791133333208887,0.3772484259514903,0.4979190417274505,0.24896047241306432,0.0,0.0,2
3.0300000000000002,CN,0.25066268372617967,1.5247626537093644e-08,0.0,0.0,0.12814155354498913,0.3769881241519951,0.49694026260605284,0.24847108098186738,0.0,0.0,2
3.035,CN,0.25066268372617956,1.524762609417848e-08,0.0,0.0,0.12837255175348647,0.3767271338778699,0.4959585532839703,0.24798022444472823,0.0,0.0,2
3.04,CN,0.25066268372617945,1.5247625651263312e-08,0.0,0.0,0.12860204029583344,0.3764680350350715,0.4949836488353768,0.24749277035733808,0.0,0.0,2
3.045,CN,0.25066268372617934,1.5247625208348147e-08,0.0,0.0,0.1288323032287437,0.3762082499284313,0.49400582569810086,0.24700385692002894,0.0,0.0,2
3.0500000000000003,CN,0.25066268372617917,1.52476245439754e-08,0.0,0.0,0.12906106025453412,0.3759503465047126,0.4930347803005531,0.2465183323655365,0.0,0.0,2
3.055,CN,0.25066268372617906,1.5247624101060233e-08,0.0,0.0,0.12929058808785499,0.37569175902765245,0.49206082768314885,0.24603135419555996,0.0,0.0,2
3.06,CN,0.250662683726179,1.524762387960265e-08,0.0,0.0,0.1295186137925642,0.37543504355959556,0.49109362578312543,0.24554775139717483,0.0,0.0,2
3.065,CN,0.2506626837261789,1.5247623436687483e-08,0.0,0.0,0.12974740674357477,0.37517764624827155,0.49012352808900367,0.24506270069620648,0.0,0.0,2
3.0700000000000003,CN,0.2506626837261787,1.5247622772314736e-08,0.0,0.0,0.12997470136335829,0.3749221113456473,0.4891601542007773,0.2445810119110354,0.0,0.0,2
3.075,CN,0.2506626837261787,1.5247622772314736e-08,0.0,0.0,0.13020275968982084,0.37466589680926726,0.48819389590125417,0.24409788091470366,0.0,0.0,2
3.08,CN,0.25066268372617856,1.5247622107941985e-08,0.0,0.0,0.1304293235007261,0.3744115351540359,0.4872343346064515,0.2436180984335305,0.0,0.0,2
3.085,CN,0.2506626837261785,1.5247621886484404e-08,0.0,0.0,0.13065664750010114,0.37415649607386275,0.4862719002403063,0.24313687941119547,0.0,0.0,2
3.09,CN,0.2506626837261784,1.5247621443569238e-08,0.0,0.0,0.1308824808172933,0.3739033004191961,0.48531613618748226,0.24265899555826834,0.0,0.0,2
3.095,CN,0.2506626837261783,1.5247621000654072e-08,0.0,0.0,0.13110907082596746,0.3736494295475727,0.48435751036053293,0.24217968081280958,0.0,0.0,2
3.1,CN,0.2506626837261781,1.524762033628132e-08,0.0,0.0,0.13133417400296502,0.3733973927168869,0.48340552826474553,0.24170368794562827,0.0,0.0,2
3.105,CN,0.25066268372617806,1.524762011482374e-08,0.0,0.0,0.13156003039548944,0.37314468287627234,0.4824506956494255,0.24122626981323317,0.0,0.0,2
3.11,CN,0.25066268372617795,1.5247619671908574e-08,0.0,0.0,0.13178440382341433,0.37289379776227943,0.4815024802918207,0.24075216032234162,0.0,0.0,2
3.115,CN,0.2506626837261778,1.5247619007535823e-08,0.0,0.0,0.13200952701175506,0.37264224184430167,0.48055142562676406,0.24027663117229808,0.0,0.0,2
3.12,CN,0.2506626837261777,1.5247618786078242e-08,0.0,0.0,0.13223317111859156,0.37239250140807073,0.47960696185416024,0.2398043974810765,0.0,0.0,2
3.125,CN,0.25066268372617756,1.524761812170549e-08,0.0,0.0,0.13245756155139332,0.3721420923725946,0.4786596699437915,0.23933074971556773,0.0,0.0,2
3.13,CN,0.25066268372617745,1.5247617678790326e-08,0.0,0.0,0.13268047680126152,0.37189348964263436,0.4777189426682789,0.2388603842800324,0.0,0.0,2
3.1350000000000002,CN,0.2506626837261773,1.524761701441758e-08,0.0,0.0,0.13290413496312,0.37164422051684454,0.47677539838241456,0.2383886103339377,0.0,0.0,2
3.14,CN,0.25066268372617706,1.5247616128587246e-08,0.0,0.0,0.1331263218555577,0.37139674858819804,0.4758383925809613,0.23792010564254396,0.0,0.0,2
3.145,CN,0.250662683726177,1.5247615907129662e-08,0.0,0.0,0.13334924826630623,0.37114861246569497,0.47489858085440895,0.2374501979832384,0.0,0.0,2
3.15,CN,0.25066268372617684,1.5247615242756915e-08,0.0,0.0,0.13357070733556342,0.3709022644990441,0.47396528156846135,0.23698354655668086,0.0,0.0,2
3.1550000000000002,CN,0.2506626837261767,1.524761479984175e-08,0.0,0.0,0.13379290254956894,0.3706552545389548,0.4730291874006299,0.2365154976838402,0.0,0.0,2
3.16,CN,0.2506626837261766,1.5247614356926583e-08,0.0,0.0,0.13401363436391422,0.37041002375974774,0.47209957973573513,0.23605069207486393,0.0,0.0,2
3.165,CN,0.2506626837261765,1.5247613914011417e-08,0.0,0.0,0.13423509896938363,0.37016413318584895,0.47116718819024794,0.2355844945202713,0.0,0.0,2
3.17,CN,0.2506626837261764,1.524761347109625e-08,0.0,0.0,0.13445510413041953,0.3699200128834321,0.4702412573156676,0.23512152731347882,0.0,0.0,2
3.1750000000000003,CN,0.2506626837261762,1.52476128067235e-08,0.0,0.0,0.13467583874871997,0.3696752349832949,0.469312553519992,0.23465717364083946,0.0,0.0,2
3.18,CN,0.2506626837261761,1.5247612363808334e-08,0.0,0.0,0.13489511789071035,0.3694322185100625,0.46839028466832633,0.2341960374525026,0.0,0.0,2
3.185,CN,0.25066268372617595,1.5247611699435587e-08,0.0,0.0,0.13511512317569724,0.36918854663419637,0.46746525381338555,0.23373352025724983,0.0,0.0,2
3.19,CN,0.2506626837261758,1.5247611035062837e-08,0.0,0.0,0.13533367696490475,0.36894662740475775,0.4665466322802124,0.23327420773512947,0.0,0.0,2
3.1950000000000003,CN,0.2506626837261757,1.524761059214767e-08,0.0,0.0,0.13555295360226127,0.3687040549657795,0.4656252596200248,0.23281351964424432,0.0,0.0,2
3.2,CN,0.25066268372617556,1.5247610149232505e-08,0.0,0.0,0.13577078273629606,0.36846322645613044,0.46471027076352595,0.2323560234674033,0.0,0.0,2
3.205,CN,0.25066268372617545,1.524760970631734e-08,0.0,0.0,0.13598933144288294,0.368221746927945,0.4637925416148462,0.231897157139235,0.0,0.0,2
3.21,CN,0.25066268372617534,1.5247609263402173e-08,0.0,0.0,0.13620643665006002,0.3679820026746575,0.46288117085545155,0.23144147001786047,0.0,0.0,2
3.215,CN,0.25066268372617523,1.5247608820487007e-08,0.0,0.0,0.13642425817327708,0.3677416095916451,0.4619670705974018,0.23098441814194218,0.0,0.0,2
3.22,CN,0.25066268372617506,1.524760815611426e-08,0.0,0.0,0.13664064021198577,0.3675029431910703,0.4610593034174359,0.23053053281716865,0.0,0.0,2
3.225,CN,0.2506626837261749,1.524760749174151e-08,0.0,0.0,0.1368577353291408,0.3672636301472896,0.4601488174911547,0.23007528811404182,0.0,0.0,2
3.23,CN,0.25066268372617473,1.5247606827368762e-08,0.0,0.0,0.1370733949872232,0.3670260352547693,0.4592446394344833,0.22962319735777456,0.0,0.0,2
3.235,CN,0.2506626837261746,1.5247606384453596e-08,0.0,0.0,0.13728976450491304,0.36678779590317834,0.4583377533427845,0.2291697525788184,0.0,0.0,2
3.24,CN,0.2506626837261745,1.524760594153843e-08,0.0,0.0,0.13750470259905168,0.36655126623227285,0.4574371500144737,0.2287194491935629,0.0,0.0,2
3.245,CN,0.2506626837261744,1.5247605498623264e-08,0.0,0.0,0.13772034735255304,0.3663140942839519,0.4565338493214903,0.22826779712081632,0.0,0.0,2
3.25,CN,0.2506626837261743,1.5247605055708098e-08,0.0,0.0,0.13793456472766938,0.3660786236056763,0.4556368063874624,0.2278192739395064,0.0,0.0,2
3.255,CN,0.25066268372617406,1.5247604169877766e-08,0.0,0.0,0.13814948558033835,0.3658425128290708,0.4547370767183132,0.22736940738550132,0.0,0.0,2
3.2600000000000002,CN,0.250662683726174,1.5247603948420185e-08,0.0,0.0,0.1383629831090012,0.36560809497114577,0.4538435799050112,0.22692265727133115,0.0,0.0,2
3.265,CN,0.2506626837261739,1.524760350550502e-08,0.0,0.0,0.13857718095168195,0.3653730391913158,0.4529474069454618,0.22647456907892305,0.0,0.0,2
3.27,CN,0.2506626837261738,1.5247603062589853e-08,0.0,0.0,0.1387899595335236,0.3651396680374292,0.4520574420395194,0.22602958492518235,0.0,0.0,2
3.275,CN,0.2506626837261737,1.5247602619674687e-08,0.0,0.0,0.13900343528396983,0.364905661135316,0.4511648115356522,0.22558326796738515,0.0,0.0,2
3.2800000000000002,CN,0.25066268372617356,1.524760217675952e-08,0.0,0.0,0.13921549584511317,0.3646733306243934,0.45027836438356084,0.2251400426972926,0.0,0.0,2
3.285,CN,0.25066268372617345,1.5247601733844355e-08,0.0,0.0,0.13942825044741278,0.36444036653609074,0.4493892621414479,0.22469548987711524,0.0,0.0,2
3.29,CN,0.25066268372617334,1.524760129092919e-08,0.0,0.0,0.13963959393990713,0.3642090706615816,0.4485063186492367,0.22425401644365842,0.0,0.0,2
3.295,CN,0.2506626837261732,1.524760062655644e-08,0.0,0.0,0.13985162836392315,0.36397714337762355,0.44762073053461277,0.22381122069394124,0.0,0.0,2
3.3000000000000003,CN,0.25066268372617306,1.5247600183641273e-08,0.0,0.0,0.14006225576518863,0.36374687618679413,0.44674127666752544,0.2233714920797152,0.0,0.0,2
3.305,CN,0.2506626837261729,1.5247599519268526e-08,0.0,0.0,0.14027357100600363,0.3635159797514525,0.4458591886054745,0.22293044636297332,0.0,0.0,2
3.31,CN,0.25066268372617273,1.5247598854895775e-08,0.0,0.0,0.140483483318285,0.36328673534469397,0.4449832103876571,0.2224924555800244,0.0,0.0,2
3.315,CN,0.2506626837261727,1.5247598633438194e-08,0.0,0.0,0.14069408039565723,0.36305686385528296,0.44410460836228827,0.22205315288828556,0.0,0.0,2
3.3200000000000003,CN,0.25066268372617256,1.5247598190523028e-08,0.0,0.0,0.14090327864548594,0.36282863638542656,0.44323209187647555,0.22161689297795453,0.0,0.0,2
3.325,CN,0.2506626837261724,1.5247597526150277e-08,0.0,0.0,0.1411131586033136,0.36259978399162196,0.4423569619306127,0.221179326332604,0.0,0.0,2
3.33,CN,0.2506626837261723,1.524759708323511e-08,0.0,0.0,0.14132164384098006,0.3623725676632625,0.44148789331781013,0.22074479036536712,0.0,0.0,2
3.335,CN,0.2506626837261722,1.5247596640319945e-08,0.0,0.0,0.14153080774677382,0.3621447285664332,0.4406162215526901,0.22030895281699678,0.0,0.0,2
3.34,CN,0.25066268372617206,1.524759619740478e-08,0.0,0.0,0.14173858104580647,0.3619185176352719,0.4397505870118811,0.21987613389231936,0.0,0.0,2
3.345,CN,0.2506626837261719,1.5247595533032032e-08,0.0,0.0,0.14194702999017056,0.36169168608781566,0.43888235958684174,0.21944201852057166,0.0,0.0,2
3.35,CN,0.25066268372617173,1.524759486865928e-08,0.0,0.0,0.14215409244682314,0.3614664748600025,0.43802014537467765,0.21901090976675314,0.0,0.0,2
3.355,CN,0.25066268372617156,1.5247594204286534e-08,0.0,0.0,0.14236182754294655,0.36124064516469434,0.43715534850685306,0.2185785096801688,0.0,0.0,2
3.36,CN,0.2506626837261714,1.5247593539913784e-08,0.0,0.0,0.14256818027569634,0.3610164279961883,0.4362965409373568,0.21814910425419448,0.0,0.0,2
3.365,CN,0.2506626837261713,1.5247593096998618e-08,0.0,0.0,0.14277520265884847,0.3607915945055423,0.43543516090138895,0.21771841259006822,0.0,0.0,2
3.37,CN,0.2506626837261711,1.524759243262587e-08,0.0,0.0,0.14298084680789944,0.36056836580147655,0.43457974634565866,0.21729070367746112,0.0,0.0,2
3.375,CN,0.250662683726171,1.5247591989710705e-08,0.0,0.0,0.14318715763493906,0.36034452291711133,0.4337217694733904,0.2168617136016883,0.0,0.0,2
3.38,CN,0.25066268372617084,1.5247591325337954e-08,0.0,0.0,0.1433920943617351,0.3601222771311702,0.4328697343593077,0.21643569441636326,0.0,0.0,2
3.3850000000000002,CN,0.25066268372617073,1.5247590882422788e-08,0.0,0.0,0.14359769481062204,0.35989941930319,0.4320151470395014,0.21600839912329903,0.0,0.0,2
3.39,CN,0.2506626837261706,1.5247590439507622e-08,0.0,0.0,0.1438019252973677,0.35967815093699473,0.4311664778514405,0.21558406290741738,0.0,0.0,2
3.395,CN,0.25066268372617045,1.5247589775134875e-08,0.0,0.0,0.14400681656668737,0.35945627266337365,0.43031526652947727,0.21515845561972638,0.0,0.0,2
3.4,CN,0.25066268372617034,1.524758933221971e-08,0.0,0.0,0.14421034201587582,0.3592359762658777,0.42946994980802017,0.21473579564355336,0.0,0.0,2
3.4050000000000002,CN,0.2506626837261702,1.524758866784696e-08,0.0,0.0,0.14441452532436735,0.35901507209185946,0.42862210098562364,0.21431186961207163,0.0,0.0,2
3.41,CN,0.25066268372617007,1.5247588224931792e-08,0.0,0.0,0.1446173469583172,0.3587957422587548,0.42778012332727905,0.21389087917383598,0.0,0.0,2
3.415,CN,0.2506626837261699,1.5247587560559045e-08,0.0,0.0,0.1448208235444123,0.3585758067762572,0.4269356235622263,0.21346862767742636,0.0,0.0,2
3.42,CN,0.25066268372616984,1.524758733910146e-08,0.0,0.0,0.14502294260481075,0.3583574381493824,0.4260969716191395,0.21304930010317522,0.0,0.0,2
3.4250000000000003,CN,0.25066268372616973,1.5247586896186295e-08,0.0,0.0,0.14522571372617807,0.3581384659964126,0.42525580752498326,0.21262871644858852,0.0,0.0,2
3.43,CN,0.2506626837261696,1.524758645327113e-08,0.0,0.0,0.14542713147363276,0.3579210532631826,0.4244204680046724,0.21221104509205557,0.0,0.0,2
3.435,CN,0.2506626837261695,1.5247586010355963e-08,0.0,0.0,0.14562919840673155,0.35770303912326284,0.4235826262504656,0.21179212261379274,0.0,0.0,2
3.44,CN,0.25066268372616934,1.5247585345983216e-08,0.0,0.0,0.14582991612032842,0.35748657701609315,0.42275058591553455,0.21137610085625458,0.0,0.0,2
3.4450000000000003,CN,0.25066268372616923,1.524758490306805e-08,0.0,0.0,0.14603128015996825,0.35726951561768755,0.42191605322554443,0.2109588329164239,0.0,0.0,2
3.45,CN,0.2506626837261691,1.5247584460152884e-08,0.0,0.0,0.14623129913683827,0.3570539989134377,0.42108729889341684,0.21054445416656722,0.0,0.0,2
3.455,CN,0.250662683726169,1.5247584017237718e-08,0.0,0.0,0.1464319615957461,0.3568378850294002,0.42025606204686744,0.21012883415475542,0.0,0.0,2
3.46,CN,0.2506626837261689,1.5247583574322552e-08,0.0,0.0,0.14663128315063806,0.3566233085488209,0.4194305805895159,0.20971609184854137,0.0,0.0,2
3.465,CN,0.2506626837261688,1.5247583131407386e-08,0.0,0.0,0.1468312453590329,0.3564081369958407,0.41860262642031004,0.20930211318167471,0.0,0.0,2
3.47,CN,0.2506626837261686,1.5247582467034635e-08,0.0,0.0,0.14702987082389324,0.35619449560302796,0.41778040476398476,0.2088910007822035,0.0,0.0,2
3.475,CN,0.2506626837261685,1.524758202411947e-08,0.0,0.0,0.1472291341290677,0.35598026124108617,0.4169557201604356,0.20847865690441347,0.0,0.0,2
3.48,CN,0.25066268372616834,1.5247581359746722e-08,0.0,0.0,0.14742706485262752,0.3557675498429504,0.41613674528540995,0.20806916790179683,0.0,0.0,2
3.485,CN,0.25066268372616823,1.5247580916831556e-08,0.0,0.0,0.1476256306185367,0.35555424757478976,0.4153153171899819,0.20765845228429072,0.0,0.0,2
3.49,CN,0.25066268372616807,1.5247580252458806e-08,0.0,0.0,0.1478228679659061,0.3553424611205228,0.4144995761302784,0.20725058019551512,0.0,0.0,2
3.495,CN,0.25066268372616796,1.524757980954364e-08,0.0,0.0,0.14802073757276227,0.35513008589111805,0.4136813915393207,0.20684148633644273,0.0,0.0,2
3.5,CN,0.2506626837261679,1.524757958808606e-08,0.0,0.0,0.1482172829250311,0.3549192193716767,0.41286887138245726,0.20643522470524248,0.0,0.0,2
3.505,CN,0.25066268372616773,1.5247578923713308e-08,0.0,0.0,0.1484144577689059,0.354707766167717,0.4120539173459444,0.20602774612956623,0.0,0.0,2
3.5100000000000002,CN,0.2506626837261676,1.5247578480798142e-08,0.0,0.0,0.14861031252275012,0.35449781461531005,0.4112446052326772,0.20562308852629485,0.0,0.0,2
3.515,CN,0.2506626837261675,1.5247578037882976e-08,0.0,0.0,0.14880679401518304,0.35428727846468927,0.41043286885395436,0.20521721878566274,0.0,0.0,2
3.52,CN,0.2506626837261674,1.524757759496781e-08,0.0,0.0,0.1490019595824798,0.3540782369522746,0.40962675197802206,0.20481415880716508,0.0,0.0,2
3.525,CN,0.2506626837261673,1.5247577152052644e-08,0.0,0.0,0.14919774915009396,0.35386861292358485,0.4088182204135414,0.20440989147977862,0.0,0.0,2
3.5300000000000002,CN,0.2506626837261672,1.5247576709137478e-08,0.0,0.0,0.14939222695754092,0.35366047656436994,0.4080152860214095,0.20400842274926306,0.0,0.0,2
3.535,CN,0.250662683726167,1.524757604476473e-08,0.0,0.0,0.14958732604166428,0.35345175976641396,0.4072099464804937,0.20360575143975915,0.0,0.0,2
3.54,CN,0.2506626837261669,1.5247575601849565e-08,0.0,0.0,0.14978111753040657,0.35324452371336795,0.40641018187110584,0.2032058676066732,0.0,0.0,2
3.545,CN,0.2506626837261668,1.52475751589344e-08,0.0,0.0,0.14997552758669955,0.3530367092946618,0.4056080216156797,0.2028047859459899,0.0,0.0,2
3.5500000000000003,CN,0.2506626837261666,1.524757449456165e-08,0.0,0.0,0.15016863421196278,0.35283036874003243,0.4048114141402071,0.20240648068589506,0.0,0.0,2
3.555,CN,0.25066268372616646,1.52475738301889e-08,0.0,0.0,0.15036235671005319,0.3526234518883291,0.4040124204845567,0.2020069823311512,0.0,0.0,2
3.56,CN,0.25066268372616635,1.5247573387273735e-08,0.0,0.0,0.15055477994078262,0.3524180020631715,0.40321895754615844,0.20161024934560287,0.0,0.0,2
3.565,CN,0.2506626837261663,1.524757316581615e-08,0.0,0.0,0.15074781636390486,0.35221197800498577,0.40242311785668383,0.20121232797997426,0.0,0.0,2
3.5700000000000003,CN,0.2506626837261662,1.5247572722900985e-08,0.0,0.0,0.15093955768241005,0.3520074141786893,0.40163278691025367,0.2008171609963954,0.0,0.0,2
3.575,CN,0.25066268372616607,1.524757227998582e-08,0.0,0.0,0.15113190952705233,0.35180227817883103,0.4008400886052224,0.20042081032899184,0.0,0.0,2
3.58,CN,0.25066268372616596,1.5247571837070653e-08,0.0,0.0,0.15132297042865847,0.35159859565866153,0.4000528771571519,0.2000272031005543,0.0,0.0,2
3.585,CN,0.25066268372616574,1.524757095124032e-08,0.0,0.0,0.15151463920421535,0.3513943430197783,0.399263307706462,0.19963241686630084,0.0,0.0,2
3.59,CN,0.2506626837261656,1.5247570508325155e-08,0.0,0.0,0.15170502119692056,0.3511915371504197,0.3984792033143911,0.19924036317180085,0.0,0.0,2
3.595,CN,0.25066268372616546,1.5247569843952408e-08,0.0,0.0,0.1518960084253503,0.3509881632125399,0.3976927502393238,0.19884713513131427,0.0,0.0,2
3.6,CN,0.25066268372616535,1.5247569401037242e-08,0.0,0.0,0.15208571302948734,0.35078622937565124,0.3969117405119139,0.19845662877505885,0.0,0.0,2
3.605,CN,0.25066268372616524,1.5247568958122076e-08,0.0,0.0,0.15227602024497663,0.35058372951573924,0.39612839138489675,0.19806495271452912,0.0,0.0,2
3.61,CN,0.25066268372616507,1.5247568293749325e-08,0.0,0.0,0.15246504899288255,0.350382663129514,0.3953504639815918,0.19767598752621668,0.0,0.0,2
3.615,CN,0.25066268372616496,1.524756785083416e-08,0.0,0.0,0.15265467774151523,0.3501810327610301,0.3945702064259634,0.19728585725728948,0.0,0.0,2
3.62,CN,0.2506626837261649,1.5247567629376578e-08,0.0,0.0,0.15284303217720507,0.3499808292797567,0.3937953490567464,0.19689842709188798,0.0,0.0,2
3.625,CN,0.2506626837261648,1.5247567186461412e-08,0.0,0.0,0.1530319840166385,0.3497800638522238,0.3930181707465198,0.19650983645154627,0.0,0.0,2
3.63,CN,0.2506626837261647,1.5247566743546246e-08,0.0,0.0,0.1532196656954847,0.3495807187658633,0.3922463711716908,0.19612393518918242,0.0,0.0,2
3.6350000000000002,CN,0.2506626837261645,1.5247566079173496e-08,0.0,0.0,0.15340794219462994,0.3493808137644377,0.39147225983131667,0.19573687803962808,0.0,0.0,2
3.64,CN,0.25066268372616435,1.524756541480075e-08,0.0,0.0,0.15359495268304746,0.3491823225981971,0.390703505861253,0.1953524995854672,0.0,0.0,2
3.645,CN,0.25066268372616424,1.5247564971885582e-08,0.0,0.0,0.15378255542175534,0.34898327354325237,0.38993244926539833,0.19496696981401035,0.0,0.0,2
3.65,CN,0.25066268372616407,1.5247564307512832e-08,0.0,0.0,0.15396889629689234,0.34878563185717126,0.3891667287603281,0.19458410809814328,0.0,0.0,2
3.6550000000000002,CN,0.25066268372616396,1.5247563864597666e-08,0.0,0.0,0.15415582686564558,0.3485874343038803,0.3883987147336387,0.1942000996170836,0.0,0.0,2
3.66,CN,0.25066268372616385,1.52475634216825e-08,0.0,0.0,0.15434149971507885,0.3483906376924209,0.38763601560341354,0.1938187485944131,0.0,0.0,2
3.665,CN,0.2506626837261636,1.5247562535852168e-08,0.0,0.0,0.1545277597146881,0.34819328723034765,0.3868710320202883,0.1934362553409268,0.0,0.0,2
3.67,CN,0.2506626837261635,1.5247562092937002e-08,0.0,0.0,0.15471276613612456,0.34799733132199184,0.38611134222415733,0.1930564089910544,0.0,0.0,2
3.6750000000000003,CN,0.25066268372616335,1.5247561428564255e-08,0.0,0.0,0.15489835717743156,0.3478008235746876,0.3853493770085174,0.19267542492707904,0.0,0.0,2
3.68,CN,0.25066268372616324,1.524756098564909e-08,0.0,0.0,0.1550826987784132,0.34760570403153834,0.38459268455490303,0.19229707725419298,0.0,0.0,2
3.685,CN,0.25066268372616307,1.524756032127634e-08,0.0,0.0,0.15526762248199683,0.3474100346561474,0.3838337256799745,0.19191759636631858,0.0,0.0,2
3.69,CN,0.25066268372616296,1.5247559878361173e-08,0.0,0.0,0.15545130087961312,0.347215747173537,0.38308001862624824,0.19154074139908184,0.0,0.0,2
3.6950000000000003,CN,0.2506626837261628,1.5247559213988425e-08,0.0,0.0,0.15563555887550173,0.3470209118604042,0.38232405411433557,0.19116275769843777,0.0,0.0,2
3.7,CN,0.2506626837261626,1.5247558549615675e-08,0.0,0.0,0.15581857569610472,0.34682745216650823,0.381573320566598,0.1907873894898779,0.0,0.0,2
3.705,CN,0.2506626837261625,1.524755810670051e-08,0.0,0.0,0.1560021696234943,0.34663344663879336,0.3808203384888604,0.19041089701202096,0.0,0.0,2
3.71,CN,0.2506626837261624,1.5247557663785343e-08,0.0,0.0,0.15618452650241976,0.3464408104942498,0.3800725666017209,0.19003700963942002,0.0,0.0,2
3.715,CN,0.25066268372616224,1.5247556999412596e-08,0.0,0.0,0.15636745800939467,0.346247630507548,0.3793225550779551,0.18966200244422585,0.0,0.0,2
3.72,CN,0.2506626837261622,1.524755677795501e-08,0.0,0.0,0.15654915659068863,0.3460558137050838,0.37857773305431647,0.1892895900090127,0.0,0.0,2
3.725,CN,0.250662683726162,1.5247556113582264e-08,0.0,0.0,0.1567314273339487,0.34586345504705185,0.37783068025273864,0.18891606218056678,0.0,0.0,2
3.73,CN,0.25066268372616185,1.5247555449209513e-08,0.0,0.0,0.15691246927009658,0.34567245341110886,0.3770887963435735,0.18854511880820524,0.0,0.0,2
3.735,CN,0.25066268372616174,1.5247555006294347e-08,0.0,0.0,0.1570940809146897,0.34548091190109764,0.3763446904806031,0.1881730644546948,0.0,0.0,2
3.74,CN,0.25066268372616163,1.524755456337918e-08,0.0,0.0,0.15727446786635255,0.34529072128747285,0.3756057329847464,0.18780358429458002,0.0,0.0,2
3.745,CN,0.25066268372616146,1.5247553899006434e-08,0.0,0.0,0.15745542208540897,0.34509999277615977,0.3748645623247866,0.1874329975481842,0.0,0.0,2
3.75,CN,0.25066268372616124,1.5247553013176102e-08,0.0,0.0,0.15763515572116338,0.3449106090716448,0.37412851958871873,0.1870649747735341,0.0,0.0,2
3.755,CN,0.25066268372616113,1.5247552570260936e-08,0.0,0.0,0.15781545419563825,0.34472068944068057,0.37339027244394857,0.1866958497903201,0.0,0.0,2
3.7600000000000002,CN,0.25066268372616096,1.5247551905888186e-08,0.0,0.0,0.1579945361917195,0.34453210856270683,0.3726571328615839,0.1863292785980697,0.0,0.0,2
3.765,CN,0.25066268372616085,1.524755146297302e-08,0.0,0.0,0.15817418061013702,0.34434299372435784,0.3719217975917397,0.1859616095578834,0.0,0.0,2
3.77,CN,0.25066268372616074,1.5247551020057854e-08,0.0,0.0,0.15835261265018935,0.34415521162064777,0.371191549604212,0.18559648416857746,0.0,0.0,2
3.775,CN,0.2506626837261606,1.5247550355685107e-08,0.0,0.0,0.15853160470839311,0.34396689751745124,0.37045911461638104,0.18523026527494038,0.0,0.0,2
3.7800000000000002,CN,0.25066268372616046,1.524754991276994e-08,0.0,0.0,0.1587093884832215,0.3437799101656769,0.36973174671184317,0.18486657993263333,0.0,0.0,2
3.785,CN,0.25066268372616024,1.524754902693961e-08,0.0,0.0,0.15888772988412828,0.34359239277009607,0.3690022004602512,0.18450180541263628,0.0,0.0,2
3.79,CN,0.25066268372616013,1.5247548584024443e-08,0.0,0.0,0.15906486709145679,0.34340619617753726,0.3682777011736578,0.18413955438478355,0.0,0.0,2
3.795,CN,0.25066268372616,1.5247548141109277e-08,0.0,0.0,0.15924255954481523,0.34321947149162496,0.36755103215946344,0.18377621848898384,0.0,0.0,2
3.8000000000000003,CN,0.25066268372615985,1.5247547476736526e-08,0.0,0.0,0.1594190518890483,0.3430340616948369,0.3668293900723696,0.18341539606634114,0.0,0.0,2
3.805,CN,0.25066268372615974,1.524754703382136e-08,0.0,0.0,0.15959609711120085,0.3428481257499006,0.3661055868434557,0.18305349306865834,0.0,0.0,2
3.81,CN,0.25066268372615963,1.5247546590906194e-08,0.0,0.0,0.15977194630318944,0.3426634988143843,0.36538679058380974,0.18269409356517813,0.0,0.0,2
3.815,CN,0.2506626837261595,1.524754614799103e-08,0.0,0.0,0.15994834601684,0.342478347670658,0.36466584173457683,0.1823336177627907,0.0,0.0,2
3.8200000000000003,CN,0.2506626837261594,1.5247545705075863e-08,0.0,0.0,0.16012355377365148,0.3422944996905358,0.36394987997651707,0.18197563551552043,0.0,0.0,2
3.825,CN,0.2506626837261593,1.5247545262160697e-08,0.0,0.0,0.16029930970763628,0.34211012943685787,0.36323177414768226,0.18161658122876523,0.0,0.0,2
3.83,CN,0.25066268372615913,1.524754459778795e-08,0.0,0.0,0.1604738777523279,0.34192705653455374,0.3625186356113358,0.18126001059774693,0.0,0.0,2
3.835,CN,0.250662683726159,1.5247544154872783e-08,0.0,0.0,0.1606489916413903,0.3417434632880435,0.36180336148972186,0.1809023721700137,0.0,0.0,2
3.84,CN,0.25066268372615885,1.5247543490500033e-08,0.0,0.0,0.16082292170278883,0.3415611616139664,0.36109303494099726,0.1805472075381802,0.0,0.0,2
3.845,CN,0.2506626837261588,1.524754326904245e-08,0.0,0.0,0.1609973952873574,0.3413783415197177,0.36038058125934924,0.18019097933581993,0.0,0.0,2
3.85,CN,0.25066268372615863,1.52475426046697e-08,0.0,0.0,0.16117068909983942,0.3411968072519529,0.3596730555097447,0.17983721510889894,0.0,0.0,2
3.855,CN,0.2506626837261584,1.524754171883937e-08,0.0,0.0,0.16134452412581193,0.34101475648271345,0.3589634110465055,0.17948239152111164,0.0,0.0,2
3.86,CN,0.2506626837261583,1.5247541275924203e-08,0.0,0.0,0.16151718342909108,0.340833985826716,0.3582586749529063,0.17913002212752452,0.0,0.0,2
3.865,CN,0.25066268372615813,1.5247540611551456e-08,0.0,0.0,0.16169038164762095,0.34065270058258973,0.3575518285320351,0.1787765975662684,0.0,0.0,2
3.87,CN,0.250662683726158,1.524754016863629e-08,0.0,0.0,0.16186240818653636,0.3404726897708805,0.35684987099651483,0.1784256174570307,0.0,0.0,2
3.875,CN,0.25066268372615785,1.524753950426354e-08,0.0,0.0,0.1620349713538234,0.3402921662790231,0.3561458114872823,0.1780735863569199,0.0,0.0,2
3.88,CN,0.2506626837261578,1.5247539282805958e-08,0.0,0.0,0.16220636687813378,0.3401129115708911,0.3554466214569053,0.17772399000554265,0.0,0.0,2
3.8850000000000002,CN,0.25066268372615763,1.5247538618433208e-08,0.0,0.0,0.1623782967552173,0.339933146085213,0.35474533777369927,0.17737334682374983,0.0,0.0,2
3.89,CN,0.2506626837261576,1.5247538396975626e-08,0.0,0.0,0.1625490630193984,0.3397546437664234,0.3540489042403281,0.17702512872614332,0.0,0.0,2
3.895,CN,0.2506626837261574,1.5247537732602876e-08,0.0,0.0,0.1627203613719565,0.33957563256729617,0.3533503853424537,0.17667586794229997,0.0,0.0,2
3.9,CN,0.25066268372615724,1.524753706823013e-08,0.0,0.0,0.16289050013500056,0.3393978789498008,0.3526566973425573,0.17632902261667768,0.0,0.0,2
3.9050000000000002,CN,0.25066268372615713,1.5247536625314962e-08,0.0,0.0,0.1630611687331511,0.3392196183437697,0.351960932234047,0.17598113873277904,0.0,0.0,2
3.91,CN,0.25066268372615697,1.5247535960942212e-08,0.0,0.0,0.16323068175837233,0.3390426097654219,0.35126997884850564,0.17563566071956027,0.0,0.0,2
3.915,CN,0.25066268372615685,1.5247535518027046e-08,0.0,0.0,0.1634007223764785,0.33886509608492005,0.3505769565779226,0.17528914825986694,0.0,0.0,2
3.92,CN,0.25066268372615674,1.524753507511188e-08,0.0,0.0,0.1635696114313212,0.3386888289091914,0.34988872693183176,0.17494503212157866,0.0,0.0,2
3.9250000000000003,CN,0.25066268372615663,1.5247534632196714e-08,0.0,0.0,0.16373902584779887,0.33851205851226074,0.34919843659208377,0.1745998856325237,0.0,0.0,2
3.93,CN,0.2506626837261565,1.5247534189281548e-08,0.0,0.0,0.163907292703647,0.33833652912796436,0.3485129198545684,0.17425712595370768,0.0,0.0,2
3.935,CN,0.2506626837261563,1.5247533303451216e-08,0.0,0.0,0.16407608270077817,0.338160498397976,0.34782535058270797,0.1739133400037966,0.0,0.0,2
3.94,CN,0.2506626837261561,1.5247532417620884e-08,0.0,0.0,0.1642437291327715,0.3379857032189951,0.34714253596673394,0.17357193139091515,0.0,0.0,2
3.9450000000000003,CN,0.2506626837261559,1.5247531753248137e-08,0.0,0.0,0.16441189649651927,0.33781040856438105,0.3464576769437792,0.17322950057063635,0.0,0.0,2
3.95,CN,0.2506626837261558,1.524753131033297e-08,0.0,0.0,0.1645789242833719,0.33763634402939613,0.3457775537059575,0.1728894376519744,0.0,0.0,2
3.955,CN,0.2506626837261557,1.5247530867417805e-08,0.0,0.0,0.1647464708031988,0.3374617818833748,0.34509539415669355,0.17254835657369985,0.0,0.0,2
3.96,CN,0.2506626837261556,1.524753042450264e-08,0.0,0.0,0.164912881727018,0.3372884444556004,0.3444179515971037,0.17220963399927675,0.0,0.0,2
3.9650000000000003,CN,0.25066268372615547,1.5247529981587473e-08,0.0,0.0,0.16507980919570883,0.3371146112759143,0.34373848078989866,0.17186989729716998,0.0,0.0,2
3.97,CN,0.2506626837261553,1.5247529317214723e-08,0.0,0.0,0.1652456050418233,0.3369419974428367,0.3430637082518942,0.17153250973864212,0.0,0.0,2
3.975,CN,0.2506626837261552,1.5247528874299557e-08,0.0,0.0,0.16541191525531018,0.3367688897114912,0.3423869154985153,0.1711941120685663,0.0,0.0,2
3.98,CN,0.2506626837261551,1.524752843138439e-08,0.0,0.0,0.16557709781209376,0.3365969959846081,0.3417148023685432,0.17085805421913688,0.0,0.0,2
3.985,CN,0.25066268372615497,1.5247527988469225e-08,0.0,0.0,0.16574279256928517,0.3364246102076104,0.34104067702396273,0.17052099025855785,0.0,0.0,2
3.99,CN,0.25066268372615486,1.524752754555406e-08,0.0,0.0,0.1659073636279909,0.3362534331221778,0.34037121273137655,0.1701862568328835,0.0,0.0,2
3.995,CN,0.2506626837261547,1.5247526881181312e-08,0.0,0.0,0.16607244473060176,0.3360817658292879,0.33969974419360227,0.16985052128078484,0.0,0.0,2
4.0,CN,0.2506626837261546,1.5247526438266146e-08,0.0,0.0,0.16623640608519477,0.3359113019440678,0.3390329182104797,0.1695171070148842,0.0,0.0,2
4.005,CN,0.2506626837261544,1.5247525773893395e-08,0.0,0.0,0.16640087533758277,0.33574034968854183,0.3383640959203556,0.16918269459166776,0.0,0.0,2
4.01,CN,0.2506626837261543,1.524752533097823e-08,0.0,0.0,0.1665642287845774,0.3355705955855545,0.3376998977613158,0.16885059424283044,0.0,0.0,2
4.015,CN,0.25066268372615413,1.5247524666605482e-08,0.0,0.0,0.16672808799358055,0.3354003549439024,0.33703371120235115,0.16851749969023075,0.0,0.0,2
4.0200000000000005,CN,0.25066268372615397,1.524752400223273e-08,0.0,0.0,0.16689083533188043,0.3352313072281825,0.3363721304243756,0.16818670803692748,0.0,0.0,2
4.025,CN,0.25066268372615375,1.52475231164024e-08,0.0,0.0,0.16705408630665736,0.33506177479991944,0.3357085691225537,0.16785492611791616,0.0,0.0,2
4.03,CN,0.2506626837261536,1.5247522452029652e-08,0.0,0.0,0.16721622933739852,0.33489343009927436,0.3350495953248043,0.16752543795970806,0.0,0.0,2
4.035,CN,0.2506626837261535,1.5247522230572068e-08,0.0,0.0,0.16737887388927197,0.3347246025066862,0.33438864884841585,0.16719496345841056,0.0,0.0,2
4.04,CN,0.2506626837261534,1.5247521787656902e-08,0.0,0.0,0.16754041441566825,0.33455695747145864,0.3337322716720571,0.16686677361586005,0.0,0.0,2
4.045,CN,0.25066268372615325,1.5247521123284155e-08,0.0,0.0,0.16770245435797337,0.3343888313593573,0.33307392963150223,0.16653760133745654,0.0,0.0,2
4.05,CN,0.2506626837261532,1.524752090182657e-08,0.0,0.0,0.16786339418516608,0.334221882662191,0.3324201387595219,0.16621070465203783,0.0,0.0,2
4.055,CN,0.25066268372615297,1.5247520015996238e-08,0.0,0.0,0.16802483133309656,0.33405445469768585,0.3317643908071485,0.16588282942268245,0.0,0.0,2
4.0600000000000005,CN,0.2506626837261528,1.524751935162349e-08,0.0,0.0,0.16818517226800564,0.3338881990332951,0.3311131759641828,0.165557220756694,0.0,0.0,2
4.065,CN,0.25066268372615264,1.524751868725074e-08,0.0,0.0,0.16834600843847033,0.33372146590556107,0.3304600117940987,0.165230637423421,0.0,0.0,2
4.07,CN,0.2506626837261526,1.524751846579316e-08,0.0,0.0,0.1685057522896485,0.33355589999050167,0.32981136274625417,0.1649063116598965,0.0,0.0,2
4.075,CN,0.25066268372615247,1.5247518022877993e-08,0.0,0.0,0.16866598930112175,0.3333898584105507,0.32916077209415723,0.16458101509053524,0.0,0.0,2
4.08,CN,0.2506626837261523,1.5247517358505243e-08,0.0,0.0,0.1688251378786126,0.3332249789829943,0.3285146786488326,0.16425796713315455,0.0,0.0,2
4.085,CN,0.25066268372615225,1.524751713704766e-08,0.0,0.0,0.16898477755099622,0.33305962568345193,0.327866651291829,0.16393395221623858,0.0,0.0,2
4.09,CN,0.2506626837261521,1.524751647267491e-08,0.0,0.0,0.16914333266619225,0.3328954295029654,0.3272231032975457,0.16361217698924305,0.0,0.0,2
4.095,CN,0.25066268372615197,1.5247516029759745e-08,0.0,0.0,0.16930237682067345,0.3327307612378481,0.326577629053978,0.16328943863392414,0.0,0.0,2
4.1,CN,0.2506626837261518,1.5247515365386998e-08,0.0,0.0,0.16946034028617984,0.3325672450851757,0.3259366164002063,0.1629689310820296,0.0,0.0,2
4.105,CN,0.2506626837261517,1.524751492247183e-08,0.0,0.0,0.16961879074509512,0.3324032586296753,0.3252936851294828,0.16264746421799253,0.0,0.0,2
4.11,CN,0.2506626837261515,1.524751425809908e-08,0.0,0.0,0.16977616437459414,0.3322404193065217,0.32465519774646806,0.16232821930630237,0.0,0.0,2
4.115,CN,0.25066268372615136,1.5247513593726334e-08,0.0,0.0,0.1699340229612945,0.3320771114567863,0.3240147993488836,0.1620080188836753,0.0,0.0,2
4.12,CN,0.25066268372615125,1.5247513150811168e-08,0.0,0.0,0.17009080856941372,0.3319149457856041,0.3233788272074741,0.16169003159759449,0.0,0.0,2
4.125,CN,0.2506626837261511,1.5247512486438417e-08,0.0,0.0,0.17024807710813242,0.3317523133585281,0.3227409516240441,0.16137109258686588,0.0,0.0,2
4.13,CN,0.2506626837261509,1.524751182206567e-08,0.0,0.0,0.1704042765103141,0.33159081818230657,0.32210748473551876,0.16105435793201486,0.0,0.0,2
4.135,CN,0.25066268372615086,1.5247511600608085e-08,0.0,0.0,0.17056095682603878,0.331428858015322,0.3214721219478063,0.1607366753239471,0.0,0.0,2
4.14,CN,0.25066268372615075,1.524751115769292e-08,0.0,0.0,0.17071657183841207,0.3312680301973828,0.3208411503637116,0.16042118832608002,0.0,0.0,2
4.1450000000000005,CN,0.2506626837261506,1.5247510493320172e-08,0.0,0.0,0.17087266575675672,0.3311067391482475,0.32020829039364984,0.16010475713162065,0.0,0.0,2
4.15,CN,0.25066268372615047,1.5247510050405006e-08,0.0,0.0,0.17102769819601385,0.3309465755720381,0.3195798042056229,0.15979051283653717,0.0,0.0,2
4.155,CN,0.25066268372615036,1.524750960748984e-08,0.0,0.0,0.17118320754309396,0.330785950518641,0.318949437115365,0.15947532808674375,0.0,0.0,2
4.16,CN,0.2506626837261502,1.524750894311709e-08,0.0,0.0,0.17133765922636643,0.3306264480875338,0.31832342645497025,0.15916232156020724,0.0,0.0,2
4.165,CN,0.25066268372615,1.5247508278744343e-08,0.0,0.0,0.17149258582867852,0.3304664859276831,0.31769554234669567,0.1588483783061506,0.0,0.0,2
4.17,CN,0.25066268372614986,1.5247507614371592e-08,0.0,0.0,0.17164645857341743,0.33030764156477743,0.31707199738525715,0.15853660463380428,0.0,0.0,2
4.175,CN,0.2506626837261498,1.524750739291401e-08,0.0,0.0,0.1718008042577184,0.33014833921601155,0.31644658640102563,0.1582238979464954,0.0,0.0,2
4.18,CN,0.25066268372614964,1.524750672854126e-08,0.0,0.0,0.1719540998815761,0.32999014986393527,0.3158254973494568,0.1579133522337773,0.0,0.0,2
4.1850000000000005,CN,0.2506626837261495,1.5247506285626094e-08,0.0,0.0,0.17210786647476525,0.3298315042633206,0.3152025496710284,0.1576018772040775,0.0,0.0,2
4.19,CN,0.2506626837261494,1.5247505842710928e-08,0.0,0.0,0.17226058679548034,0.32967396688404144,0.3145839067796753,0.15729255457614202,0.0,0.0,2
4.195,CN,0.25066268372614925,1.524750517833818e-08,0.0,0.0,0.1724137761244852,0.32951597498798163,0.313963412628349,0.15698230631468207,0.0,0.0,2
4.2,CN,0.2506626837261491,1.524750451396543e-08,0.0,0.0,0.17256592295976803,0.32935908656261076,0.31334720618681605,0.15667420191631287,0.0,0.0,2
4.205,CN,0.25066268372614897,1.5247504071050264e-08,0.0,0.0,0.17271853685143054,0.3292017453466582,0.3127291558232689,0.1563651755534127,0.0,0.0,2
4.21,CN,0.25066268372614886,1.52475036281351e-08,0.0,0.0,0.17287011201885288,0.32904550287526557,0.3121153761602604,0.15605828454894344,0.0,0.0,2
4.215,CN,0.2506626837261487,1.524750296376235e-08,0.0,0.0,0.1730221522998198,0.32888880933392967,0.3114997598843751,0.15575047523452587,0.0,0.0,2
4.22,CN,0.2506626837261486,1.5247502520847185e-08,0.0,0.0,0.17317315761670476,0.3287332098353574,0.3108883973675326,0.15544479280775886,0.0,0.0,2
4.225,CN,0.25066268372614847,1.524750207793202e-08,0.0,0.0,0.17332462611331878,0.3285771609819228,0.3102752055182408,0.15513819571127124,0.0,0.0,2
4.23,CN,0.25066268372614836,1.5247501635016853e-08,0.0,0.0,0.17347506339663535,0.3284222014936003,0.30966625055397473,0.15483371706539342,0.0,0.0,2
4.235,CN,0.2506626837261483,1.524750141355927e-08,0.0,0.0,0.17362596193482746,0.328266794359941,0.30905547350909174,0.15452832737572503,0.0,0.0,2
4.24,CN,0.25066268372614814,1.524750074918652e-08,0.0,0.0,0.17377583300108362,0.32811247193770693,0.30844891654242995,0.15422504773323203,0.0,0.0,2
4.245,CN,0.250662683726148,1.524750008481377e-08,0.0,0.0,0.17392616340627076,0.32795770357410675,0.30784054471849037,0.15392086065863186,0.0,0.0,2
4.25,CN,0.2506626837261478,1.5247499420441024e-08,0.0,0.0,0.17407547007141316,0.32780401529202974,0.3072363762329102,0.1536187752612442,0.0,0.0,2
4.255,CN,0.25066268372614764,1.5247498756068273e-08,0.0,0.0,0.17422523416839356,0.32764988276700574,0.3066304000850154,0.15331578602924467,0.0,0.0,2
4.26,CN,0.2506626837261476,1.5247498534610692e-08,0.0,0.0,0.1743739782477052,0.32749682571720634,0.3060286106022837,0.15301489013782762,0.0,0.0,2
4.265,CN,0.2506626837261474,1.524749787023794e-08,0.0,0.0,0.17452317786056076,0.32734332611732897,0.3054250206239278,0.15271309399515764,0.0,0.0,2
4.2700000000000005,CN,0.2506626837261473,1.5247497427322775e-08,0.0,0.0,0.17467136116856113,0.3271908974098091,0.30482560070394965,0.15241338288964576,0.0,0.0,2
4.275,CN,0.25066268372614714,1.5247496762950028e-08,0.0,0.0,0.17481999812055735,0.3270380278395358,0.304224387426878,0.15211277510215993,0.0,0.0,2
4.28,CN,0.250662683726147,1.5247496098577278e-08,0.0,0.0,0.17496762247090838,0.3268862246020034,0.30362732766752565,0.1518142440814713,0.0,0.0,2
4.285,CN,0.25066268372614686,1.5247495655662112e-08,0.0,0.0,0.17511569858439957,0.3267339821835007,0.3030284816615595,0.15151481993406216,0.0,0.0,2
4.29,CN,0.2506626837261467,1.5247494991289364e-08,0.0,0.0,0.17526276578980887,0.3265828015612064,0.30243377269853,0.15121746431602748,0.0,0.0,2
4.295,CN,0.2506626837261466,1.52474945483742e-08,0.0,0.0,0.17541028288614144,0.3264311834341837,0.3018372845714186,0.15091921911255177,0.0,0.0,2
4.3,CN,0.2506626837261464,1.5247493884001448e-08,0.0,0.0,0.17555679475826963,0.32628062258974755,0.30124491707806395,0.15062303423382917,0.0,0.0,2
4.305,CN,0.25066268372614625,1.52474932196287e-08,0.0,0.0,0.1757037546576918,0.32612962591129213,0.3006507774753263,0.1503259632970285,0.0,0.0,2
4.3100000000000005,CN,0.25066268372614614,1.5247492776713535e-08,0.0,0.0,0.17584971300706223,0.3259796820245427,0.3000607421625034,0.15003094451302867,0.0,0.0,2
4.315,CN,0.250662683726146,1.5247492112340784e-08,0.0,0.0,0.17599611752863178,0.32582930396895216,0.29946894176726885,0.14973504318444988,0.0,0.0,2
4.32,CN,0.25066268372614586,1.5247491669425618e-08,0.0,0.0,0.17614152416454082,0.3256799742367646,0.29888122938318656,0.1494411858692596,0.0,0.0,2
4.325,CN,0.25066268372614575,1.5247491226510452e-08,0.0,0.0,0.17628737512603862,0.32553021199538706,0.29829175891604026,0.14914644950917758,0.0,0.0,2
4.33,CN,0.2506626837261456,1.5247490562137705e-08,0.0,0.0,0.17643223185646703,0.32538149363151875,0.297706360246099,0.14885374905547943,0.0,0.0,2
4.335,CN,0.25066268372614536,1.5247489676307373e-08,0.0,0.0,0.17657753107430804,0.32523234441259075,0.29711921046492623,0.14856017304281913,0.0,0.0,2
4.34,CN,0.25066268372614525,1.5247489233392207e-08,0.0,0.0,0.17672183970583685,0.3250842346475284,0.29653611633157256,0.14826862486181888,0.0,0.0,2
4.345,CN,0.25066268372614514,1.524748879047704e-08,0.0,0.0,0.1768665889949852,0.32493569567601943,0.2959512780314098,0.14797620459408092,0.0,0.0,2
4.3500000000000005,CN,0.25066268372614503,1.5247488347561875e-08,0.0,0.0,0.1770103513327117,0.3247881917568179,0.29537047929397353,0.147685804115426,0.0,0.0,2
4.355,CN,0.25066268372614486,1.5247487683189125e-08,0.0,0.0,0.17715455250659795,0.32464026027427134,0.29478794330684754,0.14739453500860628,0.0,0.0,2
4.36,CN,0.25066268372614475,1.524748724027396e-08,0.0,0.0,0.17729777035405295,0.32449335946440305,0.2942094308613975,0.1471052776803137,0.0,0.0,2
4.365,CN,0.2506626837261446,1.524748657590121e-08,0.0,0.0,0.1774414252244916,0.3243460327287849,0.29362918805617944,0.1468151551688303,0.0,0.0,2
4.37,CN,0.2506626837261444,1.524748591152846e-08,0.0,0.0,0.1775841003835592,0.32419973230798615,0.29305295283536864,0.14652703645720924,0.0,0.0,2
4.375,CN,0.25066268372614436,1.524748569007088e-08,0.0,0.0,0.17772721076066986,0.32405300759353173,0.2924749941176173,0.14623805599382422,0.0,0.0,2
4.38,CN,0.2506626837261442,1.524748502569813e-08,0.0,0.0,0.17786934503150842,0.32390730485765123,0.29190102709053,0.14595107138339958,0.0,0.0,2
4.385,CN,0.2506626837261441,1.5247484582782963e-08,0.0,0.0,0.1780119127236348,0.3237611794547163,0.2913253434023476,0.14566322843914672,0.0,0.0,2
4.39,CN,0.2506626837261439,1.5247483918410216e-08,0.0,0.0,0.17815350790460033,0.32361607171556855,0.2907536355743515,0.1453773734325851,0.0,0.0,2
4.3950000000000005,CN,0.2506626837261438,1.524748347549505e-08,0.0,0.0,0.17829553471823759,0.32347054293047933,0.2901802178942215,0.1450906634966889,0.0,0.0,2
4.4,CN,0.2506626837261437,1.5247483032579884e-08,0.0,0.0,0.17843659260580697,0.32332602751569944,0.2896107603068227,0.14480593361472627,0.0,0.0,2
4.405,CN,0.25066268372614353,1.5247482368207134e-08,0.0,0.0,0.17857808034552347,0.3231810926706083,0.28903959964946946,0.14452035219453174,0.0,0.0,2
4.41,CN,0.2506626837261434,1.5247481925291968e-08,0.0,0.0,0.17871860273422216,0.3230371669235047,0.28847238338015524,0.14423674297589467,0.0,0.0,2
4.415,CN,0.25066268372614325,1.524748126091922e-08,0.0,0.0,0.1788595532025858,0.3228928233562462,0.28790347079639594,0.14395228559679332,0.0,0.0,2
4.42,CN,0.2506626837261431,1.524748059654647e-08,0.0,0.0,0.17899954188491413,0.32274948463566,0.2873384869584926,0.14366979259812798,0.0,0.0,2
4.425,CN,0.25066268372614303,1.524748037508889e-08,0.0,0.0,0.17913995688242218,0.3226057296996057,0.28677181353507963,0.14338645480347892,0.0,0.0,2
4.43,CN,0.25066268372614287,1.5247479710716138e-08,0.0,0.0,0.17927941364878486,0.32246297537977,0.2862090532776048,0.1431050735992772,0.0,0.0,2
4.4350000000000005,CN,0.2506626837261427,1.524747904634339e-08,0.0,0.0,0.1794192949737926,0.32231980644369146,0.2856446101370868,0.14282285095033784,0.0,0.0,2
4.44,CN,0.25066268372614253,1.524747838197064e-08,0.0,0.0,0.17955822161242924,0.3221776339140918,0.28508406464460184,0.14254257713286358,0.0,0.0,2
4.445,CN,0.2506626837261424,1.5247477939055474e-08,0.0,0.0,0.1796975710610812,0.32203504836202057,0.28452184294517363,0.1422614652087144,0.0,0.0,2
4.45,CN,0.25066268372614225,1.5247477274682727e-08,0.0,0.0,0.17983596935799812,0.3218934550272574,0.28396350343763715,0.14198229438793017,0.0,0.0,2
4.455,CN,0.2506626837261421,1.5247476610309976e-08,0.0,0.0,0.17997478872415998,0.3217514502583459,0.2834034943729903,0.14170228878540012,0.0,0.0,2
4.46,CN,0.250662683726142,1.524747616739481e-08,0.0,0.0,0.18011266046306582,0.32161043353800006,0.28284735210561107,0.14142421658889354,0.0,0.0,2
4.465,CN,0.25066268372614187,1.5247475724479645e-08,0.0,0.0,0.18025095153825818,0.3214690069663902,0.2822895469047966,0.14114531292249136,0.0,0.0,2
4.47,CN,0.25066268372614164,1.5247474838649316e-08,0.0,0.0,0.1803882985004959,0.321328564294889,0.28173559316789404,0.14086833499540552,0.0,0.0,2
4.4750000000000005,CN,0.25066268372614153,1.524747439573415e-08,0.0,0.0,0.1805260630738316,0.3211877133495766,0.28117998309516923,0.1405905288972432,0.0,0.0,2
4.48,CN,0.25066268372614137,1.52474737313614e-08,0.0,0.0,0.18066288703831587,0.3210478421760604,0.28062820921402454,0.14031464090220208,0.0,0.0,2
4.485,CN,0.25066268372614126,1.5247473288446234e-08,0.0,0.0,0.18080012689643446,0.32090756430076356,0.2800747855687134,0.140037928021925,0.0,0.0,2
4.49,CN,0.2506626837261411,1.5247472624073486e-08,0.0,0.0,0.18093642963959092,0.3207682620889585,0.2795251829034295,0.13976312563896356,0.0,0.0,2
4.495,CN,0.250662683726141,1.524747218115832e-08,0.0,0.0,0.18107314656659756,0.3206285547419873,0.2789739370197776,0.1394875016436779,0.0,0.0,2
4.5,CN,0.25066268372614087,1.5247471738243154e-08,0.0,0.0,0.1812089298623003,0.32048981897007467,0.2784264969651364,0.13921378057017073,0.0,0.0,2
4.505,CN,0.2506626837261408,1.524747151678557e-08,0.0,0.0,0.18134512563970673,0.320350679624203,0.277877420212165,0.13893924114437062,0.0,0.0,2
4.51,CN,0.25066268372614064,1.5247470852412823e-08,0.0,0.0,0.18148039125921978,0.3202125077846917,0.2773321341974816,0.13866659709495882,0.0,0.0,2
4.515,CN,0.2506626837261404,1.524746996658249e-08,0.0,0.0,0.18161606766588292,0.3200739339270301,0.27678521797885014,0.13839313794045757,0.0,0.0,2
4.5200000000000005,CN,0.2506626837261403,1.5247469523667325e-08,0.0,0.0,0.18175081737780116,0.3199363235266327,0.2762420774678368,0.13812156664698097,0.0,0.0,2
4.525,CN,0.25066268372614015,1.5247468859294574e-08,0.0,0.0,0.18188597618986727,0.31979831265850434,0.2756973132216988,0.13784918348283903,0.0,0.0,2
4.53,CN,0.25066268372614003,1.5247468416379408e-08,0.0,0.0,0.18202021176006025,0.319661261218013,0.275156309712322,0.1375786806942646,0.0,0.0,2
4.535,CN,0.2506626837261399,1.5247467973464242e-08,0.0,0.0,0.18215485475090712,0.319523810854828,0.27461368891118326,0.1373073692567185,0.0,0.0,2
4.54,CN,0.25066268372613976,1.5247467309091495e-08,0.0,0.0,0.1822885779424634,0.31938731590899094,0.2740748139355213,0.13703793073906922,0.0,0.0,2
4.545,CN,0.2506626837261396,1.5247466644718744e-08,0.0,0.0,0.1824227068826462,0.3192504235801269,0.2735343280861023,0.136767686781463,0.0,0.0,2
4.55,CN,0.2506626837261395,1.524746620180358e-08,0.0,0.0,0.1825559194558184,0.3191144826775282,0.2729975732102083,0.13649930831774934,0.0,0.0,2
4.555,CN,0.2506626837261393,1.524746553743083e-08,0.0,0.0,0.18268953611301336,0.31897814592620666,0.27245921385330285,0.1362301276104637,0.0,0.0,2
4.5600000000000005,CN,0.2506626837261392,1.5247465094515665e-08,0.0,0.0,0.18282223982516643,0.3188427566291493,0.2719245706770678,0.13596280500061514,0.0,0.0,2
4.565,CN,0.25066268372613904,1.5247464430142915e-08,0.0,0.0,0.18295534596412175,0.31870697301231804,0.27138832938739976,0.13569468333099594,0.0,0.0,2
4.57,CN,0.25066268372613887,1.5247463765770168e-08,0.0,0.0,0.1830875425696793,0.3185721328967027,0.2708557895444108,0.13542841239178996,0.0,0.0,2
4.575,CN,0.25066268372613876,1.5247463322855e-08,0.0,0.0,0.18322013995215994,0.31843689998492003,0.27032165793050617,0.13516134556408418,0.0,0.0,2
4.58,CN,0.25066268372613865,1.5247462879939836e-08,0.0,0.0,0.18335183120255505,0.31830260664013077,0.26979121308790965,0.1348961221290781,0.0,0.0,2
4.585,CN,0.2506626837261385,1.5247462215567085e-08,0.0,0.0,0.18348392158729473,0.31816792201744587,0.2692591827919474,0.1346301059643592,0.0,0.0,2
4.59,CN,0.25066268372613837,1.524746177265192e-08,0.0,0.0,0.1836151092309188,0.31803417304623444,0.2687308246503136,0.1343659258838223,0.0,0.0,2
4.595,CN,0.25066268372613826,1.5247461329736753e-08,0.0,0.0,0.18374669437357039,0.31790003431007535,0.2682008873479943,0.1341009562199247,0.0,0.0,2
4.6000000000000005,CN,0.2506626837261381,1.5247460665364006e-08,0.0,0.0,0.18387738015572666,0.3177668273284489,0.2676746076411802,0.1338378153607696,0.0,0.0,2
4.605,CN,0.250662683726138,1.524746022244884e-08,0.0,0.0,0.1840084618088132,0.3176332320895072,0.26714675504158647,0.13357388805221881,0.0,0.0,2
4.61,CN,0.25066268372613787,1.5247459779533674e-08,0.0,0.0,0.18413864747166783,0.3175005647266156,0.26662254553660064,0.1333117822979341,0.0,0.0,2
4.615,CN,0.2506626837261377,1.5247459115160924e-08,0.0,0.0,0.184269227384537,0.31736751060873675,0.2660967693820637,0.1330488932158799,0.0,0.0,2
4.62,CN,0.25066268372613765,1.5247458893703342e-08,0.0,0.0,0.1843989146670733,0.317235380506761,0.26557462187892966,0.13278781846646168,0.0,0.0,2
4.625,CN,0.25066268372613754,1.5247458450788176e-08,0.0,0.0,0.1845289945858505,0.3171028651468321,0.26505091394489216,0.13252596349860968,0.0,0.0,2
4.63,CN,0.2506626837261373,1.5247457564957844e-08,0.0,0.0,0.18465818522382546,0.3169712699608778,0.2645308202765157,0.13226591567049523,0.0,0.0,2
4.635,CN,0.25066268372613715,1.5247456900585094e-08,0.0,0.0,0.1847877668913682,0.3168392910087186,0.2640091723713983,0.1320050907210401,0.0,0.0,2
4.64,CN,0.2506626837261371,1.5247456679127513e-08,0.0,0.0,0.18491646261726677,0.31670822840670443,0.2634911244034299,0.13174606574703912,0.0,0.0,2
4.6450000000000005,CN,0.250662683726137,1.5247456236212347e-08,0.0,0.0,0.18504554777312335,0.3165767835249621,0.2629715283684987,0.1314862667365983,0.0,0.0,2
4.65,CN,0.25066268372613687,1.524745579329718e-08,0.0,0.0,0.1851737503161153,0.3164462511875159,0.2624555179992058,0.13122826056582904,0.0,0.0,2
4.655,CN,0.2506626837261367,1.524745512892443e-08,0.0,0.0,0.18530234069648194,0.3163153380515547,0.26193796570843014,0.1309694834313717,0.0,0.0,2
4.66,CN,0.25066268372613665,1.524745490746685e-08,0.0,0.0,0.18543005178238062,0.3161853336719068,0.26142398486856083,0.13071249202919277,0.0,0.0,2
4.665,CN,0.2506626837261365,1.5247454243094098e-08,0.0,0.0,0.18555814912005786,0.31605494996970496,0.26090846822848934,0.13045473272397776,0.0,0.0,2
4.67,CN,0.25066268372613637,1.5247453800178932e-08,0.0,0.0,0.18568537047128,0.3159254712535858,0.26039650888114163,0.1301987520719228,0.0,0.0,2
4.675,CN,0.25066268372613626,1.5247453357263766e-08,0.0,0.0,0.18581297649563291,0.31579561468563105,0.2598830198307666,0.12994200656543087,0.0,0.0,2
4.68,CN,0.2506626837261361,1.524745269289102e-08,0.0,0.0,0.18593970983115854,0.3156666593511662,0.2593730739712538,0.12968703266114123,0.0,0.0,2
4.6850000000000005,CN,0.250662683726136,1.5247452249975853e-08,0.0,0.0,0.18606682626807847,0.31553732763035486,0.25886160448188,0.1294312969390094,0.0,0.0,2
4.69,CN,0.2506626837261358,1.5247451585603103e-08,0.0,0.0,0.18619307330341128,0.3154088934079647,0.2583536641376021,0.12917732579616986,0.0,0.0,2
4.695,CN,0.25066268372613565,1.5247450921230355e-08,0.0,0.0,0.1863197018752768,0.31528008425949716,0.2578442062127107,0.12892259586012342,0.0,0.0,2
4.7,CN,0.25066268372613554,1.524745047831519e-08,0.0,0.0,0.186445464322406,0.3151521688917974,0.2573382634430275,0.12866962350839872,0.0,0.0,2
4.705,CN,0.2506626837261354,1.5247450035400023e-08,0.0,0.0,0.18657160674804388,0.3150238800530809,0.25683080911815354,0.12841589537618997,0.0,0.0,2
4.71,CN,0.2506626837261353,1.5247449592484858e-08,0.0,0.0,0.18669688631540904,0.31489648129478115,0.25632685601424543,0.12816391786115516,0.0,0.0,2
4.715,CN,0.25066268372613515,1.5247448928112107e-08,0.0,0.0,0.18682254431005968,0.31476871051532906,0.2558213973568405,0.12791118756649478,0.0,0.0,2
4.72,CN,0.250662683726135,1.524744826373936e-08,0.0,0.0,0.186947342702513,0.314641826133138,0.2553194260415891,0.12766020094957561,0.0,0.0,2
4.7250000000000005,CN,0.25066268372613487,1.5247447820824194e-08,0.0,0.0,0.18707251797779334,0.31451457117447235,0.2548159551508943,0.127408464542069,0.0,0.0,2
4.73,CN,0.2506626837261347,1.5247447156451443e-08,0.0,0.0,0.18719683689656544,0.3143881989469994,0.25431595777874916,0.1271584649004753,0.0,0.0,2
4.735,CN,0.2506626837261346,1.5247446713536277e-08,0.0,0.0,0.18732153116043387,0.3142614575825538,0.2538144667856662,0.1269077184455583,0.0,0.0,2
4.74,CN,0.2506626837261344,1.524744604916353e-08,0.0,0.0,0.18744537230309993,0.31413559530021246,0.25331643554251315,0.126658701872218,0.0,0.0,2
4.745,CN,0.25066268372613426,1.524744538479078e-08,0.0,0.0,0.1875695872598243,0.31400936531523993,0.25281691660947825,0.12640894145109374,0.0,0.0,2
4.75,CN,0.25066268372613415,1.5247444941875614e-08,0.0,0.0,0.18769295232026945,0.3138840107801542,0.2523208437125166,0.12616090405459165,0.0,0.0,2
4.755,CN,0.25066268372613404,1.5247444498960448e-08,0.0,0.0,0.1878166896703929,0.3137582899716287,0.2518232890333668,0.12591212576416375,0.0,0.0,2
4.76,CN,0.25066268372613393,1.5247444056045282e-08,0.0,0.0,0.187939580338781,0.3136334409975413,0.2513291667309823,0.1256650636686779,0.0,0.0,2
4.765,CN,0.2506626837261337,1.524744317021495e-08,0.0,0.0,0.18806284177908877,0.31350822717406485,0.25083356853083055,0.12541726362148795,0.0,0.0,2
4.7700000000000005,CN,0.25066268372613365,1.524744294875737e-08,0.0,0.0,0.1881852597418313,0.31338388158624547,0.2503413891024694,0.12517117296672672,0.0,0.0,2
4.775,CN,0.2506626837261335,1.5247442284384618e-08,0.0,0.0,0.18830804696532097,0.3132591725679581,0.2498477396375791,0.12492434729089164,0.0,0.0,2
4.78,CN,0.2506626837261334,1.5247441841469452e-08,0.0,0.0,0.18842999390504356,0.3131353282031078,0.24935749539361773,0.12467922423202855,0.0,0.0,2
4.785,CN,0.2506626837261332,1.5247441177096705e-08,0.0,0.0,0.18855230860089497,0.31301112182159696,0.24886578695127637,0.1244333690711773,0.0,0.0,2
4.79,CN,0.2506626837261331,1.524744073418154e-08,0.0,0.0,0.18867378619641148,0.31288777652776234,0.2483774702328972,0.12418920977878892,0.0,0.0,2
4.795,CN,0.2506626837261329,1.5247439848351207e-08,0.0,0.0,0.18879563004995534,0.31276407062597084,0.2478876951312894,0.12394432129199917,0.0,0.0,2
4.8,CN,0.25066268372613276,1.524743940543604e-08,0.0,0.0,0.18891663997623642,0.3126412222624537,0.2474012983103579,0.12370112195200365,0.0,0.0,2
4.805,CN,0.25066268372613265,1.5247438962520875e-08,0.0,0.0,0.1890380146689278,0.3125180146945919,0.2469134488984382,0.12345719631373805,0.0,0.0,2
4.8100000000000005,CN,0.2506626837261325,1.5247438298148124e-08,0.0,0.0,0.18915855859707265,0.31239566113186246,0.24642896437738004,0.12321495312733372,0.0,0.0,2
4.815,CN,0.2506626837261324,1.524743785523296e-08,0.0,0.0,0.1892794658064604,0.31227294976332043,0.2459430330347533,0.12297198652738012,0.0,0.0,2
4.82,CN,0.2506626837261322,1.524743719086021e-08,0.0,0.0,0.1893995454036703,0.31215108888292814,0.24546045324642463,0.12273069571098057,0.0,0.0,2
4.825,CN,0.2506626837261321,1.5247436747945045e-08,0.0,0.0,0.18951998680337204,0.31202887159018916,0.24497643238321792,0.12248868435438802,0.0,0.0,2
4.83,CN,0.25066268372613193,1.5247436083572295e-08,0.0,0.0,0.18963960373292274,0.31190750128467865,0.2444957497907868,0.12224834213956288,0.0,0.0,2
4.835,CN,0.25066268372613176,1.5247435419199548e-08,0.0,0.0,0.18975958099259807,0.3117857759552328,0.24401363184752545,0.12200728224657958,0.0,0.0,2
4.84,CN,0.25066268372613165,1.524743497628438e-08,0.0,0.0,0.1898787369138144,0.311664894128059,0.24353483894434852,0.12176788487999284,0.0,0.0,2
4.845,CN,0.2506626837261315,1.524743431191163e-08,0.0,0.0,0.18999825169913812,0.31154365866031847,0.24305461639183484,0.12152777268600558,0.0,0.0,2
4.8500000000000005,CN,0.2506626837261313,1.5247433647538884e-08,0.0,0.0,0.19011694826736908,0.31142326322576236,0.24257770570133402,0.12128931642935388,0.0,0.0,2
4.855,CN,0.25066268372613115,1.5247432983166133e-08,0.0,0.0,0.19023600224000664,0.3113025155289783,0.24209937104052554,0.12105014818482708,0.0,0.0,2
4.86,CN,0.250662683726131,1.5247432318793386e-08,0.0,0.0,0.19035424110660096,0.3111826044120641,0.2416243351160654,0.1208126293147785,0.0,0.0,2
4.865,CN,0.25066268372613093,1.52474320973358e-08,0.0,0.0,0.19047283592418593,0.31106234240624286,0.24114788087794808,0.12057440128519087,0.0,0.0,2
4.87,CN,0.25066268372613076,1.5247431432963054e-08,0.0,0.0,0.190590618736467,0.31094291354265485,0.2406747123027158,0.12033781609332483,0.0,0.0,2
4.875,CN,0.2506626837261306,1.5247430768590304e-08,0.0,0.0,0.19070875605257515,0.31082313515847704,0.24020013104818816,0.1201005245591114,0.0,0.0,2
4.88,CN,0.25066268372613054,1.5247430547132722e-08,0.0,0.0,0.19082608445381968,0.3107041864944813,0.23972882243507448,0.11986486935185914,0.0,0.0,2
4.885,CN,0.25066268372613043,1.5247430104217556e-08,0.0,0.0,0.19094376591794754,0.31058488967322073,0.23925610675482478,0.11962851060834989,0.0,0.0,2
4.89,CN,0.2506626837261302,1.5247429218387224e-08,0.0,0.0,0.191060641547363,0.3104664191655825,0.23878665074629912,0.11939378170693207,0.0,0.0,2
4.8950000000000005,CN,0.2506626837261301,1.524742877547206e-08,0.0,0.0,0.19117786880490648,0.3103476018590252,0.2383157932606808,0.11915835206428962,0.0,0.0,2
4.9,CN,0.25066268372612993,1.5247428111099308e-08,0.0,0.0,0.19129429329760866,0.31022960747493156,0.23784818252867695,0.11892454580465912,0.0,0.0,2
4.905,CN,0.2506626837261299,1.5247427889641727e-08,0.0,0.0,0.1914110679898397,0.3101112676452973,0.23737917588759377,0.1186900415878213,0.0,0.0,2
4.91,CN,0.2506626837261297,1.5247427225268976e-08,0.0,0.0,0.1915270429768327,0.3099937473622779,0.23691340313338688,0.11845715432060176,0.0,0.0,2
4.915,CN,0.2506626837261296,1.524742678235381e-08,0.0,0.0,0.19164336674088103,0.3098758829821433,0.23644624001617126,0.11822357186922079,0.0,0.0,2
4.92,CN,0.2506626837261295,1.5247426339438644e-08,0.0,0.0,0.1917588938490359,0.30975883478799243,0.23598229797025977,0.11799159995964752,0.0,0.0,2
4.925,CN,0.2506626837261293,1.5247425675065897e-08,0.0,0.0,0.19187476831786643,0.3096414438402109,0.2355169710855532,0.1177589356280302,0.0,0.0,2
4.93,CN,0.2506626837261292,1.524742523215073e-08,0.0,0.0,0.19198984916990272,0.3095248657329127,0.23505485250754193,0.1175278754558918,0.0,0.0,2
4.9350000000000005,CN,0.25066268372612904,1.524742456777798e-08,0.0,0.0,0.19210527597229868,0.3094079462105406,0.23459135459317632,0.11729612561294023,0.0,0.0,2
4.94,CN,0.25066268372612893,1.5247424124862815e-08,0.0,0.0,0.1922199121867648,0.30929183619819195,0.2341310522716571,0.1170659735725188,0.0,0.0,2
4.945,CN,0.25066268372612877,1.5247423460490067e-08,0.0,0.0,0.19233489294730632,0.3091753861044122,0.23366937609454064,0.11683513460167325,0.0,0.0,2
4.95,CN,0.2506626837261286,1.5247422796117317e-08,0.0,0.0,0.1924490861385615,0.3090597422051502,0.23321088284697844,0.11660588710168757,0.0,0.0,2
4.955,CN,0.2506626837261285,1.524742235320215e-08,0.0,0.0,0.19256362247761025,0.30894375955319653,0.23275102120297025,0.1163759554008638,0.0,0.0,2
4.96,CN,0.2506626837261284,1.5247421910286985e-08,0.0,0.0,0.19267737425580628,0.30882857979512124,0.23229432987558113,0.11614760886440822,0.0,0.0,2
4.965,CN,0.25066268372612827,1.524742146737182e-08,0.0,0.0,0.1927914677894854,0.3087130626082068,0.23183627558938436,0.11591858084594413,0.0,0.0,2
4.97,CN,0.25066268372612815,1.5247421024456653e-08,0.0,0.0,0.19290477976055043,0.3085983450293107,0.23138137905702233,0.11569113171043205,0.0,0.0,2
4.9750000000000005,CN,0.25066268372612804,1.5247420581541487e-08,0.0,0.0,0.19301843210072986,0.3084832913405522,0.23092512498205697,0.11546300380102396,0.0,0.0,2
4.98,CN,0.2506626837261279,1.524741991716874e-08,0.0,0.0,0.19313130586635044,0.3083690339886472,0.2304720161480996,0.11523644851813059,0.0,0.0,2
4.985,CN,0.25066268372612777,1.5247419474253574e-08,0.0,0.0,0.1932445186206285,0.3082544418409945,0.23001755516639488,0.11500921715877951,0.0,0.0,2
4.99,CN,0.25066268372612766,1.5247419031338408e-08,0.0,0.0,0.1933569557782354,0.3081406427736402,0.2295662269626239,0.11478355219438222,0.0,0.0,1
4.995,CN,0.25035465721958494,0.0012288334454157999,0.0,0.0,0.19346973054992442,0.30802651021980354,0.22911355198469646,0.11455721384033293,0.0,0.0,1
5.0,CN,0.2506626837261273,1.524741770259291e-08,0.0,0.0,0.19358173269267578,0.3079131675042375,0.2286617418750595,0.11433130792208168,0.0,0.0,1
0.0,PINN Vanilla,0.25065894357115054,1.4905820920884498e-05,0.00016838269718118647,0.0005760997649867423,-0.0005721822381019592,0.9999793171882629,2.000576823949814,1.0002922351818844,0.0,0.0005721822381019592,1
0.005,PINN Vanilla,0.2506624579466882,8.854827557361505e-07,0.00018887709621578366,0.0005969263840978573,-0.000590890645980835,0.9951922297477722,1.9911138266324997,0.9955607184389444,0.0,0.000590890645980835,1
0.01,PINN Vanilla,0.25066558255627774,1.1579913332588931e-05,0.0002478812716983808,0.0006171099712385652,-0.0006099939346313477,0.9904718995094299,1.981783166527748,0.990895370555189,0.0,0.0006099939346313477,1
0.015,PINN Vanilla,0.25066830665618206,2.244750600876235e-05,0.000318787090175665,0.0007761008007891035,-0.0006290972232818604,0.9857872724533081,1.9725226908922195,0.9862651150401713,0.0,0.0006290972232818604,1
0.02,PINN Vanilla,0.2506706684082749,3.186953921187682e-05,0.0003908200810344151,0.000949268832591943,-0.0006489232182502747,0.9811726808547974,1.963400699198246,0.9817041017605811,0.0,0.0006489232182502747,1
0.025,PINN Vanilla,0.2506726746372881,3.9873239698774754e-05,0.0004604158796056612,0.0011102891238890522,-0.0006684213876724243,0.9765894412994385,1.9543400034308434,0.9771737365614162,0.0,0.0006684213876724243,1
0.03,PINN Vanilla,0.25067433343827744,4.6490902088644984e-05,0.0005262195729198215,0.0012596648604398242,-0.0006881877779960632,0.9720792174339294,1.9454236552119255,0.9727155454123493,0.0,0.0006881877779960632,1
0.035,PINN Vanilla,0.2506756651140752,5.1803523011127413e-05,0.0005878924127668429,0.001397792735080644,-0.0007081031799316406,0.9675991535186768,1.93656574934721,0.96828657555207,0.0,0.0007081031799316406,2
0.04,PINN Vanilla,0.2506766823418441,5.586167705821488e-05,0.0006453333808952804,0.0015250911221083296,-0.00074043869972229,0.9631893038749695,1.927847795188427,0.9639275818122119,0.0,0.00074043869972229,2
0.045,PINN Vanilla,0.2506773890964689,5.868122173512593e-05,0.0006986271358071308,0.001642247219734383,-0.0008198320865631104,0.9588112831115723,1.9191919788718224,0.9595996571121919,0.0,0.0008198320865631104,2
0.05,PINN Vanilla,0.25067781827971364,6.0393416166643494e-05,0.0007480034800096886,0.0017492893676397947,-0.0008977949619293213,0.9544990062713623,1.9106670245528221,0.955337163661058,0.0,0.0008977949619293213,2
0.055,PINN Vanilla,0.250677965693176,6.098151114128311e-05,0.0007936188556983628,0.00184746899789473,-0.0009742677211761475,0.9502212405204773,1.9022099822759628,0.9511086263607781,0.0,0.0009742677211761475,2
0.06,PINN Vanilla,0.2506778491176667,6.0516441872312165e-05,0.0008357699618321877,0.0019365060468528317,-0.0010493770241737366,0.9460044503211975,1.8938737362623215,0.9469404874229551,0.0,0.0010493770241737366,2
0.065,PINN Vanilla,0.2506774839907887,5.90597955213282e-05,0.000874595680946736,0.002017176053630332,-0.0011224672198295593,0.9418250322341919,1.8856106102466583,0.9428089086238575,0.0,0.0011224672198295593,2
0.07,PINN Vanilla,0.2506768665611746,5.659660628893567e-05,0.0009103882948895833,0.002089981489536402,-0.0011940374970436096,0.9377021789550781,1.8774597644805908,0.938733470164131,0.0,0.0011940374970436096,2
0.075,PINN Vanilla,0.2506760124601426,5.318923414906546e-05,0.0009433528863032359,0.0021551576250349314,-0.0012638270854949951,0.9336187839508057,1.8693863227963448,0.9346967338932385,0.0,0.0012638270854949951,2
0.08,PINN Vanilla,0.25067494268342877,4.892144001938662e-05,0.0009736227519208738,0.0022129349427575107,-0.0013317763805389404,0.929588258266449,1.861416608095169,0.9307118613121089,0.0,0.0013317763805389404,2
0.085,PINN Vanilla,0.25067366646230244,4.3830051357852005e-05,0.0010016998434617863,0.002264233435241625,-0.0013979226350784302,0.9255983829498291,1.8535270392894745,0.9267670618318828,0.0,0.0013979226350784302,2
0.09,PINN Vanilla,0.2506721913367512,3.7945148380779164e-05,0.0010272759603324553,0.002309083265442241,-0.0014621913433074951,0.9216585755348206,1.8457358106970787,0.9228714326462395,0.0,0.0014621913433074951,2
0.095,PINN Vanilla,0.25067052079737207,3.1280656563328375e-05,0.0010507815956444057,0.0023483481936354134,-0.0015244781970977783,0.9177600145339966,1.8380250036716461,0.9190160143977676,0.0,0.0015244781970977783,2
0.1,PINN Vanilla,0.25066865998879095,2.385710000587611e-05,0.0010723088663724377,0.002381062329103484,-0.0015852376818656921,0.9139083623886108,1.8304074257612228,0.915207210884966,0.0,0.0015852376818656921,2
0.105,PINN Vanilla,0.2506666355729105,1.5780844373388173e-05,0.0010920723520374996,0.002408639743645913,-0.0016435161232948303,0.9100989103317261,1.8228705823421478,0.9114387747721264,0.0,0.0016435161232948303,2
0.11,PINN Vanilla,0.2506644492633643,7.058726078502951e-06,0.001110147735476886,0.0024314815375737764,-0.0016999244689941406,0.9063337445259094,1.8154211714863777,0.9077140551080275,0.0,0.0016999244689941406,2
0.115,PINN Vanilla,0.2506621047742667,2.294437697131898e-06,0.0011267138965912005,0.0024492372935084883,-0.00175456702709198,0.9026109576225281,1.8080550879240036,0.9040309992498694,0.0,0.00175456702709198,2
0.12,PINN Vanilla,0.2506596226319673,1.2196758618496395e-05,0.0011418608185905165,0.002462741066770552,-0.0018068179488182068,0.8989299535751343,1.8007692769169807,0.9003880798227919,0.0,0.0018068179488182068,2
0.125,PINN Vanilla,0.25065700059756657,2.2657168607389098e-05,0.0011556905820959127,0.002471832981708,-0.0018571838736534119,0.8952919244766235,1.7935681864619255,0.8967875208336037,0.0,0.0018571838736534119,2
0.13,PINN Vanilla,0.2506542473286393,3.364112891749165e-05,0.0011683100574453472,0.0024772073240456882,-0.0019054710865020752,0.8916931748390198,1.78644298017025,0.8932249040711239,0.0,0.0019054710865020752,2
0.135,PINN Vanilla,0.25065137482807065,4.5100754936520055e-05,0.0011798062384483557,0.0024781479003106732,-0.0019516870379447937,0.8881366848945618,1.7794001400470734,0.8897034705502996,0.0,0.0019516870379447937,2
0.14,PINN Vanilla,0.2506483814939859,5.7042437224090456e-05,0.0011902744926396644,0.0024762238497502975,-0.001995690166950226,0.884617805480957,1.7724299877882004,0.8862183811005375,0.0,0.001995690166950226,2
0.145,PINN Vanilla,0.25064529101550603,6.937166980483102e-05,0.0011997733014075225,0.0024709537188183917,-0.0020375028252601624,0.8811414837837219,1.7655428051948547,0.8827747766420985,0.0,0.0020375028252601624,2
0.15,PINN Vanilla,0.2506420969553294,8.21141338120248e-05,0.0012083782790277833,0.0024622644540352734,-0.002077162265777588,0.8777006268501282,1.7587237358093262,0.8793652289177358,0.0,0.002077162265777588,2
0.155,PINN Vanilla,0.2506388257853689,9.516422153057797e-05,0.0012161498354742535,0.0024511292208867497,-0.0021141469478607178,0.8743014335632324,1.7519845366477966,0.8759956164580088,0.0,0.0021141469478607178,2
0.16,PINN Vanilla,0.25063546651229285,0.00010856579003422049,0.0012231430794482619,0.00243728901311141,-0.0021493807435035706,0.8709361553192139,1.7453112080693245,0.8726589394156927,0.0,0.0021493807435035706,2
0.165,PINN Vanilla,0.2506320201680066,0.00012231472261383815,0.001229428967848791,0.002421068297311757,-0.002182222902774811,0.8676127791404724,1.738718830049038,0.8693627378071702,0.0,0.002182222902774811,2
0.17,PINN Vanilla,0.25062850580737017,0.00013633500133179875,0.0012350130086812125,0.002402355893110053,-0.002212904393672943,0.8643209934234619,1.7321870028972626,0.8660968117486191,0.0,0.002212904393672943,2
0.17500000000000002,PINN Vanilla,0.250624947562814,0.00015053035166288142,0.0012399798580821897,0.0024078280967652307,-0.002240903675556183,0.8610702157020569,1.7257334887981415,0.8628700423660555,0.0,0.002240903675556183,2
0.18,PINN Vanilla,0.2506213107109072,0.00016503930013573274,0.0012443396683098167,0.0024448999721258485,-0.0022670403122901917,0.8578502535820007,1.7193395644426346,0.859673067969178,0.0,0.0022670403122901917,2
0.185,PINN Vanilla,0.2506176368556919,0.00017969587053835262,0.0012481415014243757,0.0024799468675649142,-0.00229056179523468,0.8546701669692993,1.7130215913057327,0.8565140693267499,0.0,0.00229056179523468,2
0.19,PINN Vanilla,0.2506139113083484,0.00019455866281713395,0.0012513997510879215,0.0025136632680854555,-0.002311907708644867,0.851519763469696,1.706760123372078,0.8533833233939296,0.0,0.002311907708644867,2
0.195,PINN Vanilla,0.2506101387999954,0.00020960880252872405,0.0012541529989786488,0.0025453262423682137,-0.0023308321833610535,0.8484085202217102,1.700573667883873,0.8502900838271871,0.0,0.0023308321833610535,2
0.2,PINN Vanilla,0.2506063571944835,0.00022469523467468462,0.0012564243705931644,0.0025754831378561114,-0.002347521483898163,0.8453256487846375,1.6944409608840942,0.8472237186073738,0.0,0.002347521483898163,2
0.20500000000000002,PINN Vanilla,0.2506025223992767,0.00023999386312721592,0.0012582317838904244,0.0026035821055049174,-0.002361513674259186,0.8422809839248657,1.6883809268474579,0.8441936900080135,0.0,0.002361513674259186,2
0.21,PINN Vanilla,0.2505986792184415,0.0002553259454168824,0.0012595771252164284,0.0026302800095614623,-0.0023733973503112793,0.8392634987831116,1.682371698319912,0.8411890642602905,0.0,0.0023733973503112793,2
0.215,PINN Vanilla,0.2505948048308494,0.0002707825247272352,0.0012605114466987827,0.0026554240114060003,-0.0023827850818634033,0.8362834453582764,1.676434189081192,0.8382202982940397,0.0,0.0023827850818634033,2
0.22,PINN Vanilla,0.2505909237414601,0.00028626584035601737,0.0012610229013000228,0.002678039008965087,-0.002389676868915558,0.8333296775817871,1.670545220375061,0.8352758026868469,0.0,0.002389676868915558,2
0.225,PINN Vanilla,0.2505870341695847,0.00030178299622799073,0.0012611383550703273,0.002699395930308022,-0.0023942291736602783,0.8304123282432556,1.6647257804870605,0.8323660716215926,0.0,0.0023942291736602783,2
0.23,PINN Vanilla,0.25058313381671926,0.00031734316205304035,0.0012608686993036738,0.0027189765046505203,-0.0023968294262886047,0.8275200724601746,1.6589537933468819,0.8294800670209338,0.0,0.0023968294262886047,2
0.23500000000000001,PINN Vanilla,0.25057923907414104,0.00033288094605708285,0.0012602233257505524,0.002736867426377408,-0.002396203577518463,0.8246632814407349,1.6532472893595695,0.82662680412185,0.0,0.002396203577518463,2
0.24,PINN Vanilla,0.25057534386217617,0.00034842060264399585,0.0012592060088957076,0.002753137595882212,-0.0023935511708259583,0.8218308091163635,1.6475864946842194,0.8237963959661001,0.0,0.0023935511708259583,2
0.245,PINN Vanilla,0.2505714624263348,0.00036390530041723556,0.0012578401216636675,0.00276772538262966,-0.0023884624242782593,0.8190329670906067,1.641991063952446,0.8209986699070525,0.0,0.0023884624242782593,2
0.25,PINN Vanilla,0.25056758968532106,0.0003793553108266304,0.0012561130388142124,0.002780771763164413,-0.0023808032274246216,0.8162584900856018,1.636438101530075,0.8182221780838653,0.0,0.0023808032274246216,2
0.255,PINN Vanilla,0.25056372551992556,0.0003947711094487966,0.00125404359097258,0.002791682809231806,-0.00237070769071579,0.8135175704956055,1.6309484913945198,0.8154773625251556,0.0,0.00237070769071579,2
0.26,PINN Vanilla,0.25055988026410364,0.0004101114697425252,0.0012516523799111536,0.002801411225039918,-0.002358466386795044,0.8107994198799133,1.625500574707985,0.8127533937706343,0.0,0.002358466386795044,2
0.265,PINN Vanilla,0.25055605411529563,0.00042537560403435045,0.001248921883114501,0.0028092204683340966,-0.0023433715105056763,0.8081135153770447,1.6201128661632538,0.8100595292020758,0.0,0.0023433715105056763,2
0.27,PINN Vanilla,0.250552257049829,0.0004405237125126902,0.0012458811999549008,0.0028156862810006017,-0.002326071262359619,0.8054497838020325,1.6147656068205833,0.8073858893118483,0.0,0.002326071262359619,2
0.275,PINN Vanilla,0.25054848669469376,0.00045556526212292537,0.0012425242298055876,0.002820478554221565,-0.0023061558604240417,0.802817702293396,1.6094767600297928,0.8047414558091901,0.0,0.0023061558604240417,2
0.28,PINN Vanilla,0.25054474589601183,0.0004704888984750077,0.0012388523845855222,0.0028236150353714794,-0.002284206449985504,0.8002069592475891,1.6042275205254555,0.8021168260254501,0.0,0.002284206449985504,2
0.28500000000000003,PINN Vanilla,0.25054102410003565,0.0004853367249548364,0.0012348891041295028,0.002825376419346952,-0.002259358763694763,0.7976266145706177,1.5990339070558548,0.7995200093653827,0.0,0.002259358763694763,2
0.29,PINN Vanilla,0.2505373283289375,0.0005000807271316602,0.0012306223976002605,0.002825452445675143,-0.002232290804386139,0.7950672507286072,1.5938779637217522,0.7969420278450539,0.0,0.002232290804386139,2
0.295,PINN Vanilla,0.25053368286043426,0.0005146240508710636,0.0012260567789466516,0.00282407042264069,-0.0022028684616088867,0.792537271976471,1.5887770727276802,0.7943915725999483,0.0,0.0022028684616088867,2
0.3,PINN Vanilla,0.2505300655551257,0.000529055019653295,0.0012212356379347046,0.0028213323923305953,-0.0021709129214286804,0.7900272607803345,1.583710990846157,0.7918585219776393,0.0,0.0021709129214286804,2
0.305,PINN Vanilla,0.25052649028599283,0.0005433182882588466,0.0012161189087612158,0.002816673169793011,-0.002136312425136566,0.7875458002090454,1.5786976367235184,0.7893518353355379,0.0,0.002136312425136566,2
0.31,PINN Vanilla,0.2505229501277211,0.0005574414847119706,0.0012107368788567955,0.0028111556336720693,-0.0020994916558265686,0.7850841879844666,1.5737196877598763,0.786862851340596,0.0,0.0020994916558265686,2
0.315,PINN Vanilla,0.25051946078240894,0.0005713619666659234,0.0012050853544566195,0.002804116554456519,-0.0020601972937583923,0.7826501727104187,1.5687927156686783,0.7843993558792955,0.0,0.0020601972937583923,2
0.32,PINN Vanilla,0.25051600750535746,0.0005851385569936087,0.0011991894939436913,0.0027952898910015133,-0.0020185336470603943,0.7802349925041199,1.5638985335826874,0.781952255483262,0.0,0.0020185336470603943,2
0.325,PINN Vanilla,0.2505125873498621,0.0005987830113522636,0.0011930209474330837,0.002785343821435007,-0.0019745007157325745,0.7778469920158386,1.5590545013546944,0.7795302301120665,0.0,0.0019745007157325745,2
0.33,PINN Vanilla,0.2505092123374345,0.0006122473708208408,0.001186629351841086,0.0027739980063249516,-0.0019280314445495605,0.7754768133163452,1.554241567850113,0.7771237541620081,0.0,0.0019280314445495605,2
0.335,PINN Vanilla,0.25050589289143704,0.0006254900521754481,0.0011800164752605907,0.002761433726692547,-0.001879364252090454,0.7731335163116455,1.5494781658053398,0.7747420440365109,0.0,0.001879364252090454,2
0.34,PINN Vanilla,0.25050261507183336,0.0006385666681477164,0.0011731569256723602,0.0027474569857866985,-0.0018280670046806335,0.7708072662353516,1.5447434931993484,0.7723746986853083,0.0,0.0018280670046806335,2
0.34500000000000003,PINN Vanilla,0.2504993706159296,0.0006515101821363682,0.0011660716862144653,0.002732031483837418,-0.0017746388912200928,0.7685067057609558,1.5400564670562744,0.770031176656619,0.0,0.0017746388912200928,2
0.35000000000000003,PINN Vanilla,0.25049618570879123,0.0006642161307824589,0.0011587844620862902,0.002715987446536062,-0.0017184242606163025,0.7662233710289001,1.5353985652327538,0.7677022168433646,0.0,0.0017184242606163025,2
0.355,PINN Vanilla,0.2504930437467994,0.0006767507529807257,0.001151302600014586,0.0026982021286698623,-0.0016605928540229797,0.7639646530151367,1.530785895884037,0.7653958733539538,0.0,0.0016605928540229797,2
0.36,PINN Vanilla,0.25048994936049007,0.0006890955755547829,0.0011436291483724026,0.002679063793532338,-0.0015998035669326782,0.7617224454879761,1.5262010172009468,0.7631034252504657,0.0,0.0015998035669326782,2
0.365,PINN Vanilla,0.2504868953190746,0.0007012794451944599,0.0011357763546537137,0.0026592340298165363,-0.0015370920300483704,0.759504497051239,1.5216605886816978,0.7608332023138448,0.0,0.0015370920300483704,2
0.37,PINN Vanilla,0.250483887922019,0.0007132772306516317,0.0011277394963589231,0.0026381710463664514,-0.00147208571434021,0.757301926612854,1.5171467438340187,0.7585762712638116,0.0,0.00147208571434021,2
0.375,PINN Vanilla,0.2504809272848072,0.0007250884712117003,0.0011195352271213522,0.002615820113724087,-0.0014043673872947693,0.7551234364509583,1.5126753076910973,0.7563405446472024,0.0,0.0014043673872947693,2
0.38,PINN Vanilla,0.250478008925915,0.0007367310455802815,0.0011111934925993091,0.002592570339819328,-0.0013348013162612915,0.7529597878456116,1.5082292705774307,0.7541175175937596,0.0,0.0013348013162612915,2
0.385,PINN Vanilla,0.25047514302656076,0.000748164336548512,0.0011020996024029678,0.002568314272990034,-0.0012627914547920227,0.7508195042610168,1.5038256645202637,0.7519157061496545,0.0,0.0012627914547920227,2
0.39,PINN Vanilla,0.2504723150394859,0.0007594463793158298,0.0010935115917987067,0.002542696448091326,-0.0011887699365615845,0.7486933469772339,1.4994461312890053,0.7497259311645081,0.0,0.0011887699365615845,2
0.395,PINN Vanilla,0.2504695403352382,0.000770515854232318,0.0010847843945127442,0.0025163437971364114,-0.0011121109127998352,0.7465900778770447,1.4951068088412285,0.7475562616479475,0.0,0.0011121109127998352,2
0.4,PINN Vanilla,0.2504668021909895,0.0007814394757693294,0.001075944499296624,0.0024891132638893464,-0.001033879816532135,0.7445006370544434,1.490791603922844,0.7453986509421728,0.0,0.001033879816532135,2
0.405,PINN Vanilla,0.2504641119390728,0.0007921720344322709,0.0010670189567215963,0.0024608118211232257,-0.0009526684880256653,0.7424336075782776,1.4865156635642052,0.7432606725913078,0.0,0.0009526684880256653,2
0.41000000000000003,PINN Vanilla,0.25046145541593456,0.0008027700346581535,0.0010580099970405226,0.002431814356178441,-0.0008701235055923462,0.7403796315193176,1.4822626933455467,0.7411341793543299,0.0,0.0008701235055923462,2
0.41500000000000004,PINN Vanilla,0.250458844535053,0.0008131859485171552,0.001048903281052996,0.0024018741467417993,-0.0007849410176277161,0.738347589969635,1.4780482649803162,0.7390269571177216,0.0,0.0007849410176277161,2
0.42,PINN Vanilla,0.25045627680793425,0.0008234297036694764,0.001039722278774851,0.0023709902816478065,-0.0006976276636123657,0.7363277673721313,1.4738537073135376,0.7369296702683131,0.0,0.0006976276636123657,2
0.425,PINN Vanilla,0.25045375020056987,0.0008335094146394128,0.001030505852210711,0.0023396991727650035,-0.0006081089377403259,0.7343297004699707,1.46969785541296,0.734851736375974,0.0,0.0006081089377403259,2
0.43,PINN Vanilla,0.25045125447213673,0.0008434659364243572,0.0010212348614464467,0.00230707842448023,-0.000516846776008606,0.7323431372642517,1.4655615836381912,0.7327835925839578,0.0,0.000516846776008606,2
0.435,PINN Vanilla,0.25044880847632905,0.0008532240536223831,0.001011951869410381,0.002274135561814964,-0.0004235878586769104,0.7303784489631653,1.4614651650190353,0.7307353754459095,0.0,0.0004235878586769104,2
0.44,PINN Vanilla,0.25044639287516496,0.0008628609136648108,0.0010026198400650535,0.0022403606983678855,-0.0003280267119407654,0.728424608707428,1.457384891808033,0.7286952310427928,0.0,0.0003280267119407654,2
0.445,PINN Vanilla,0.2504440122768285,0.0008723581325462579,0.0009932963668062016,0.002205862079727843,-0.000230446457862854,0.7264919877052307,1.4533427059650421,0.7266741303964687,0.0,0.000230446457862854,2
0.45,PINN Vanilla,0.25044167269393824,0.0008816917233749699,0.0009839903448063377,0.0021709692438244776,-0.000131167471408844,0.72456955909729,1.4493171870708466,0.7246613632563937,0.0,0.000131167471408844,2
0.455,PINN Vanilla,0.25043935531377814,0.00089093673807355,0.0009746930295364963,0.0021352997632508247,-2.9481947422027588e-05,0.7226678729057312,1.4453284367918968,0.7226669804942084,0.0,2.9481947422027588e-05,2
0.46,PINN Vanilla,0.2504370815828445,0.0009000076174502219,0.0009654288987278628,0.002099084244369403,7.374584674835205e-05,0.7207762598991394,1.4413560777902603,0.7206807934020043,0.0,0.0,2
0.465,PINN Vanilla,0.2504348391033711,0.0009089538214653085,0.0009562009563749026,0.002062509334027567,0.00017928332090377808,0.7189049124717712,1.4374196082353592,0.7187125511017545,0.0,0.0,2
0.47000000000000003,PINN Vanilla,0.2504326157718899,0.0009178236359987256,0.0009470290241572694,0.002025261405202393,0.00028671324253082275,0.7170431613922119,1.433497965335846,0.716751722157533,0.0,0.0,2
0.47500000000000003,PINN Vanilla,0.2504304227195682,0.000926572654091585,0.0009379460567467305,0.001987905991934577,0.000395752489566803,0.7152014970779419,1.4296135753393173,0.7148095197359963,0.0,0.0,2
0.48,PINN Vanilla,0.25042827175185106,0.0009351537788046259,0.0009289516483871833,0.001949783736769913,0.0005065426230430603,0.7133685350418091,1.4257420971989632,0.7128737732672219,0.0,0.0,2
0.485,PINN Vanilla,0.2504261290133002,0.0009437020738746741,0.0009200413401331699,0.0019114444739846588,0.000619448721408844,0.7115554213523865,1.421905942261219,0.710955688467257,0.0,0.0,2
0.49,PINN Vanilla,0.2504240158423784,0.0009521324111016216,0.0009112242752530015,0.001872475285556851,0.0007342100143432617,0.7097506523132324,1.418081909418106,0.7090436647377737,0.0,0.0,2
0.495,PINN Vanilla,0.2504219307564201,0.0009604507054686897,0.0009025649438241397,0.0018334157461335943,0.000850379467010498,0.7079657316207886,1.414294995367527,0.7071502004754933,0.0,0.0,2
0.5,PINN Vanilla,0.2504198619499805,0.0009687040539144751,0.0008940137801462157,0.001794342801321997,0.000968635082244873,0.7061883211135864,1.410518355667591,0.7052618734081693,0.0,0.0,2
0.505,PINN Vanilla,0.25041781350597764,0.000976876167942977,0.0008856319212460863,0.0017545831461532367,0.0010884329676628113,0.7044306397438049,1.4067776128649712,0.7033914948581041,0.0,0.0,2
0.51,PINN Vanilla,0.25041578517109175,0.000984968058154394,0.0008774086456491122,0.001714842608239316,0.0012100711464881897,0.7026799917221069,1.4030471071600914,0.7015262348764727,0.0,0.0,2
0.515,PINN Vanilla,0.2504137772843244,0.0009929783721274192,0.000869356511115981,0.001689719926586404,0.0013332590460777283,0.7009485363960266,1.399351291358471,0.6996783199127651,0.0,0.0,2
0.52,PINN Vanilla,0.25041177482157967,0.0010009670473681766,0.0008615057709530951,0.0016668330059325387,0.0014580488204956055,0.6992238759994507,1.3956650644540787,0.6978351994159965,0.0,0.0,2
0.525,PINN Vanilla,0.25040979578346034,0.0010088622718191517,0.0008538465843963774,0.0016438424215267644,0.0015847459435462952,0.6975184679031372,1.3920135349035263,0.6960094276624562,0.0,0.0,2
0.53,PINN Vanilla,0.25040782365202924,0.001016729942554416,0.000846406682629483,0.0016202647934410522,0.0017126873135566711,0.6958189010620117,1.388370618224144,0.6941879623609607,0.0,0.0,2
0.535,PINN Vanilla,0.2504058679044249,0.001024532251239191,0.0008391863514048266,0.0015964287912159439,0.0018424242734909058,0.6941385269165039,1.3847619891166687,0.6923836409109441,0.0,0.0,2
0.54,PINN Vanilla,0.2504039226770403,0.0010322925902944604,0.000832219550703116,0.0015722048127676316,0.001973651349544525,0.692463755607605,1.3811614587903023,0.690583368866959,0.0,0.0,2
0.545,PINN Vanilla,0.25040198165178323,0.0010400361652766698,0.0008254775647565532,0.0015475637806791898,0.0021064281463623047,0.6908078193664551,1.377594918012619,0.6888000916622714,0.0,0.0,2
0.55,PINN Vanilla,0.25040004513412734,0.0010477617575213496,0.0008190230158570014,0.0015224989137082173,0.0022408217191696167,0.6891573071479797,1.3740354180335999,0.6870203348703711,0.0,0.0,2
0.555,PINN Vanilla,0.2503981061503293,0.001055497188255448,0.0008128312048400265,0.0015316685884512737,0.002376280725002289,0.68752521276474,1.370510272681713,0.6852577554576905,0.0,0.0,2
0.56,PINN Vanilla,0.2503961863927545,0.0010631559174110268,0.0008069040098391261,0.0015536565873383035,0.002513490617275238,0.6858975887298584,1.3669901713728905,0.6834976980761814,0.0,0.0,2
0.5650000000000001,PINN Vanilla,0.250394252188504,0.0010708722804981907,0.0008012982594053332,0.0015749174846546032,0.0026518777012825012,0.684288740158081,1.363504983484745,0.6817550974717324,0.0,0.0,2
0.5700000000000001,PINN Vanilla,0.25039231748878976,0.0010785906202005824,0.0007959652236257221,0.0015955185212938594,0.0027917996048927307,0.6826841831207275,1.360024057328701,0.6800146277414784,0.0,0.0,2
0.5750000000000001,PINN Vanilla,0.25039038999006175,0.00108628023210752,0.0007909654783425469,0.0016155392250663536,0.0029328763484954834,0.6810979843139648,1.3565775826573372,0.678291383819403,0.0,0.0,2
0.58,PINN Vanilla,0.25038845598697684,0.0010939957926594213,0.0007862541805767358,0.0016350305351807148,0.0030753836035728455,0.6795154213905334,1.3531348928809166,0.6765700323520324,0.0,0.0,2
0.585,PINN Vanilla,0.2503865140862765,0.0011017428601570454,0.0007818676440798329,0.0016537930460653327,0.003219395875930786,0.6779516339302063,1.3497264608740807,0.6748658098349226,0.0,0.0,2
0.59,PINN Vanilla,0.2503845671229067,0.0011095101247955133,0.0007778252089883042,0.0016714378876056535,0.00336427241563797,0.6763908863067627,1.3463216051459312,0.6731633754639904,0.0,0.0,2
0.595,PINN Vanilla,0.25038261169567727,0.0011173111553684093,0.0007741150982317696,0.0016892202627875053,0.003511093556880951,0.6748485565185547,1.3429495841264725,0.6714773585101524,0.0,0.0,2
0.6,PINN Vanilla,0.2503806420415642,0.0011251689430288644,0.0007707268322909408,0.0017058072604334562,0.003658473491668701,0.6733091473579407,1.3395813331007957,0.6697932265604102,0.0,0.0,2
0.605,PINN Vanilla,0.2503786582089963,0.0011330832945735186,0.000767677635808839,0.0017218512315453904,0.0038075074553489685,0.6717875599861145,1.3362446576356888,0.6681248824512953,0.0,0.0,2
0.61,PINN Vanilla,0.25037666427716637,0.0011410379363681676,0.0007649904298784838,0.0017372443857943676,0.003957390785217285,0.670269250869751,1.3329129815101624,0.6664590380215247,0.0,0.0,2
0.615,PINN Vanilla,0.2503746609985831,0.0011490298663358104,0.0007626201433489171,0.0017523537053045213,0.004108414053916931,0.6687677502632141,1.3296116665005684,0.664808374207742,0.0,0.0,2
0.62,PINN Vanilla,0.2503726270683112,0.001157144078920825,0.0007606061155964255,0.0017664749532543267,0.004260323941707611,0.6672697067260742,1.3263153284788132,0.66316019889739,0.0,0.0,2
0.625,PINN Vanilla,0.2503705878444018,0.0011652794100765434,0.000758930191620572,0.0017803360364332943,0.00441405177116394,0.6657884120941162,1.3230482041835785,0.6615266305061271,0.0,0.0,2
0.63,PINN Vanilla,0.2503685146123173,0.0011735504143014334,0.0007575903496860229,0.0017936531830553548,0.004568010568618774,0.6643101572990417,1.3197858110070229,0.6598954276832454,0.0,0.0,2
0.635,PINN Vanilla,0.2503664279058578,0.0011818751735368808,0.0007566038330915628,0.0018062037953801013,0.004723697900772095,0.6628481149673462,1.3165525272488594,0.6582787796251892,0.0,0.0,2
0.64,PINN Vanilla,0.2503643147572877,0.0011903054215932681,0.0007559289417861467,0.0018181643131000014,0.004880093038082123,0.6613894104957581,1.3133235275745392,0.6566642736172418,0.0,0.0,2
0.645,PINN Vanilla,0.25036217383295317,0.0011988464789830465,0.0007556040588830488,0.0018297893483335548,0.005037613213062286,0.6599462032318115,1.3101225569844246,0.6550637822049622,0.0,0.0,2
0.65,PINN Vanilla,0.2503600128218534,0.00120746767101935,0.0007555794686137858,0.0018408394103262005,0.005196124315261841,0.6585065722465515,1.3069264367222786,0.6534657159659362,0.0,0.0,2
0.655,PINN Vanilla,0.2503578100278976,0.0012162555526323562,0.000755874402732329,0.0018511565753562276,0.005354985594749451,0.6570820212364197,1.3037594109773636,0.6518821970411268,0.0,0.0,2
0.66,PINN Vanilla,0.25035559504479193,0.0012250920619463858,0.0007564905936473102,0.001861061197359959,0.005515381693840027,0.6556607484817505,1.3005953952670097,0.6503001831393503,0.0,0.0,2
0.665,PINN Vanilla,0.2503533375486734,0.0012340981737433382,0.0007574147486296599,0.0018704401824816697,0.005676448345184326,0.6542541980743408,1.2974584251642227,0.6487316920930428,0.0,0.0,2
0.67,PINN Vanilla,0.2503510511107745,0.0012432197466068213,0.0007586144402298456,0.0018796459516244868,0.005838610231876373,0.6528514623641968,1.2943268343806267,0.6471658907166109,0.0,0.0,2
0.675,PINN Vanilla,0.2503487234227362,0.0012525058838140318,0.0007600883833705475,0.0018876903002937317,0.00600152462720871,0.6514626145362854,1.2912210822105408,0.6456130086963131,0.0,0.0,2
0.68,PINN Vanilla,0.2503463672399523,0.0012619056986759053,0.0007618452028325859,0.0018956731181303255,0.006165213882923126,0.6500771045684814,1.2881196066737175,0.6440622650008194,0.0,0.0,2
0.685,PINN Vanilla,0.2503439743742349,0.001271451857355447,0.0007638595806356592,0.0019032651074733509,0.006329759955406189,0.6487056612968445,1.2850441113114357,0.642524511442246,0.0,0.0,2
0.6900000000000001,PINN Vanilla,0.2503415275141599,0.0012812134224832754,0.000766139268358231,0.0019102574796521776,0.006495341658592224,0.6473377346992493,1.2819730937480927,0.6409889967916993,0.0,0.0,2
0.6950000000000001,PINN Vanilla,0.2503390616402032,0.0012910508420689694,0.0007686320135589662,0.0019169118301151644,0.006661161780357361,0.6459832787513733,1.2789278402924538,0.6394663642442411,0.0,0.0,2
0.7000000000000001,PINN Vanilla,0.25033655167371055,0.0013010641655266423,0.0007713630126312849,0.001922923256187592,0.006828285753726959,0.6446322202682495,1.2758865132927895,0.6379456949322739,0.0,0.0,2
0.705,PINN Vanilla,0.250333991147578,0.0013112791928835096,0.000774312244005193,0.0019286393581682826,0.006995506584644318,0.6432943940162659,1.2728707492351532,0.636437807140173,0.0,0.0,2
0.71,PINN Vanilla,0.2503313965648415,0.001321630086512687,0.0007774549868531143,0.0019336622119207059,0.00716438889503479,0.641960084438324,1.2698583230376244,0.6349315882845045,0.0,0.0,2
0.715,PINN Vanilla,0.25032874444127107,0.0013322105349920438,0.0007808006626381233,0.001938912851184471,0.0073331668972969055,0.6406376957893372,1.2668691501021385,0.6334369961042957,0.0,0.0,2
0.72,PINN Vanilla,0.25032606331259033,0.0013429066971880363,0.0007843063262322268,0.0019435923613767003,0.007502995431423187,0.639319896697998,1.2638873234391212,0.6319460770743602,0.0,0.0,2
0.725,PINN Vanilla,0.2503233309425416,0.0013538072829863042,0.0007879961266298829,0.001947439434795084,0.007673203945159912,0.6380140781402588,1.2609276697039604,0.6304662445507268,0.0,0.0,2
0.73,PINN Vanilla,0.2503205439522865,0.0013649257720098717,0.0007921139508351415,0.001951147582297308,0.007844708859920502,0.6367118954658508,1.2579724118113518,0.62898860995677,0.0,0.0,2
0.735,PINN Vanilla,0.2503177175335588,0.0013762015579735242,0.0007961180078087261,0.0019543781474295474,0.008016109466552734,0.6354213953018188,1.2550399154424667,0.6275223561681734,0.0,0.0,2
0.74,PINN Vanilla,0.2503148304745557,0.0013877192637771602,0.000800224854758465,0.001957324220135337,0.008188590407371521,0.6341347694396973,1.2521128579974174,0.6260588218518889,0.0,0.0,2
0.745,PINN Vanilla,0.2503119000904264,0.0013994098119290285,0.0008044556923490961,0.0019600603485057655,0.00836154818534851,0.6328595876693726,1.2492073997855186,0.6246060871934569,0.0,0.0,2
0.75,PINN Vanilla,0.25030893046408914,0.0014112569139324638,0.0008087770545104662,0.001962174465082178,0.008535236120223999,0.6315881013870239,1.246307261288166,0.6231560124024641,0.0,0.0,2
0.755,PINN Vanilla,0.25030589805543446,0.001423354481292068,0.0008132013017450671,0.0019645247937734034,0.00870976597070694,0.6303279995918274,1.2434278056025505,0.6217162790568659,0.0,0.0,2
0.76,PINN Vanilla,0.25030280769616386,0.001435683238296414,0.0008177057833300134,0.0019659027758198167,0.008884325623512268,0.6290718913078308,1.2405559346079826,0.6202803380712862,0.0,0.0,2
0.765,PINN Vanilla,0.2502996744066479,0.0014481832623013961,0.0008222508241131647,0.001967187043262597,0.009059816598892212,0.6278261542320251,1.2377025485038757,0.6188536395662627,0.0,0.0,2
0.77,PINN Vanilla,0.25029648397117876,0.0014609112658094043,0.0008268669636904216,0.0019680925750542033,0.009235493838787079,0.6265842914581299,1.2348561361432076,0.6174304279462857,0.0,0.0,2
0.775,PINN Vanilla,0.25029324881359954,0.0014738176848282012,0.0008315294918311441,0.001969074286602146,0.009412437677383423,0.6253527998924255,1.2320272251963615,0.6160159670666658,0.0,0.0,2
0.78,PINN Vanilla,0.250289951939136,0.0014869703187376589,0.0008362086610424431,0.0019694361861095633,0.00958925485610962,0.6241256594657898,1.2292076796293259,0.6146061888948489,0.0,0.0,2
0.785,PINN Vanilla,0.2502865993753078,0.001500345121199278,0.0008409194579012368,0.0019696430873262227,0.0097670778632164,0.6229085326194763,1.2264049723744392,0.6132048299112853,0.0,0.0,2
0.79,PINN Vanilla,0.2502832043096425,0.0015138894815586508,0.0008456305344172864,0.001969585383209682,0.009945131838321686,0.6216951608657837,1.2236094549298286,0.6118070658465999,0.0,0.0,2
0.795,PINN Vanilla,0.25027974201366326,0.0015277020522236353,0.0008503700083208674,0.0019693505951777768,0.01012410968542099,0.620491623878479,1.2208318412303925,0.6104182536887168,0.0,0.0,2
0.8,PINN Vanilla,0.2502762362100186,0.001541688193463352,0.0008550727686356705,0.0019684169282702113,0.010302908718585968,0.6192926168441772,1.2180627137422562,0.6090336846527011,0.0,0.0,2
0.805,PINN Vanilla,0.2502726796492937,0.0015558768262757287,0.0008597764936310548,0.0019676842460193966,0.010482922196388245,0.6181025505065918,1.2153085097670555,0.6076565774016729,0.0,0.0,2
0.81,PINN Vanilla,0.25026906033977886,0.0015703157906887663,0.0008644524774051865,0.001966630285580584,0.010662712156772614,0.6169165372848511,1.2125633135437965,0.6062839740438298,0.0,0.0,2
0.8150000000000001,PINN Vanilla,0.2502653848715129,0.0015849787962361717,0.0008690856267185393,0.001965179276912865,0.010843902826309204,0.6157399415969849,1.2098335810005665,0.604919102555553,0.0,0.0,2
0.8200000000000001,PINN Vanilla,0.2502616633847358,0.0015998253891892909,0.0008730749925799723,0.001963841919757514,0.011025279760360718,0.6145672798156738,1.207110919058323,0.6035577663812819,0.0,0.0,2
0.8250000000000001,PINN Vanilla,0.25025788544863486,0.0016148971824949455,0.0008776162284940204,0.0019623984994499577,0.011207059025764465,0.6134036779403687,1.2044057250022888,0.6022051641834975,0.0,0.0,2
0.8300000000000001,PINN Vanilla,0.2502540573924782,0.001630168926011521,0.0008821233359496538,0.001960149816461032,0.011389181017875671,0.6122439503669739,1.2017071917653084,0.600855892407969,0.0,0.0,2
0.835,PINN Vanilla,0.2502501702271404,0.0016456764811819409,0.000886565210123555,0.001958148106543489,0.011572271585464478,0.6110933423042297,1.1990243941545486,0.5995144884756226,0.0,0.0,2
0.84,PINN Vanilla,0.250246244132519,0.001661339341815643,0.0008909349172940408,0.0019559839679660906,0.011755287647247314,0.6099463105201721,1.1963494308292866,0.5981770017009966,0.0,0.0,2
0.845,PINN Vanilla,0.25024225414916895,0.0016772570817503451,0.0008952600970290245,0.001953252246627346,0.011939220130443573,0.6088085770606995,1.1936906948685646,0.5968476286396521,0.0,0.0,2
0.85,PINN Vanilla,0.2502382262423637,0.0016933261144711294,0.0008994911480327946,0.0019508180028269817,0.012123480439186096,0.6076738238334656,1.1910372003912926,0.5955208763300494,0.0,0.0,2
0.855,PINN Vanilla,0.2502341290190818,0.0017096716800872,0.0009036561718195857,0.0019479019737692616,0.012308627367019653,0.606548547744751,1.1884005889296532,0.5942025655605272,0.0,0.0,2
0.86,PINN Vanilla,0.2502299952730539,0.001726162950464999,0.0009077317248674566,0.0019450995554531336,0.012494005262851715,0.6054258942604065,1.185768999159336,0.592886765646263,0.0,0.0,2
0.865,PINN Vanilla,0.25022581321746135,0.0017428469482350247,0.0009117213173867384,0.0019419987389932558,0.01267978549003601,0.6043127179145813,1.1831552758812904,0.5915798990122783,0.0,0.0,2
0.87,PINN Vanilla,0.25022157838195586,0.0017597415075172802,0.0009156219686166,0.0019389610363259036,0.012866303324699402,0.603202223777771,1.1805451028048992,0.5902748074859053,0.0,0.0,2
0.875,PINN Vanilla,0.25021731286495946,0.0017767584683110616,0.0009194300112940392,0.001935518527832969,0.013053201138973236,0.6021011471748352,1.1779534332454205,0.5889789677533498,0.0,0.0,2
0.88,PINN Vanilla,0.25021298692002913,0.0017940165018243942,0.0009231385059810908,0.001932013453980086,0.013240963220596313,0.6010023951530457,1.175364300608635,0.5876843964869891,0.0,0.0,2
0.885,PINN Vanilla,0.2502086250819268,0.001811417728460867,0.0009267485265133718,0.0019284754592626685,0.013428747653961182,0.5999131798744202,1.1727944128215313,0.5863994476822473,0.0,0.0,2
0.89,PINN Vanilla,0.25020420715957903,0.001829042698996876,0.0009302756831969887,0.001924814164245281,0.013617530465126038,0.5988264083862305,1.1702272035181522,0.5851158381244864,0.0,0.0,2
0.895,PINN Vanilla,0.2501997659914198,0.0018467604069577434,0.0009336913105648207,0.0019213399908009077,0.013806566596031189,0.5977481007575989,1.1676762774586678,0.5838403702197911,0.0,0.0,2
0.9,PINN Vanilla,0.25019527193531416,0.0018646891074222873,0.0009370051021166556,0.0019173057917324932,0.013996012508869171,0.5966725945472717,1.16513030230999,0.5825673777799604,0.0,0.0,2
0.905,PINN Vanilla,0.25019074429199123,0.0018827518015762709,0.0009402159969169594,0.001913371504931205,0.014186553657054901,0.5956061482429504,1.1626004241406918,0.5813024338605818,0.0,0.0,2
0.91,PINN Vanilla,0.2501861754320564,0.0019009789263184737,0.0009433261161719221,0.001909162123232222,0.014377392828464508,0.5945417881011963,1.1600742042064667,0.5800393190657308,0.0,0.0,2
0.915,PINN Vanilla,0.25018157076090597,0.0019193489172249483,0.000946330822645521,0.0019050579779319454,0.014568962156772614,0.5934862494468689,1.15756381675601,0.5787841205430208,0.0,0.0,2
0.92,PINN Vanilla,0.25017693588137646,0.0019378394221987248,0.0009492382933185453,0.0019009228897438057,0.0147610604763031,0.5924332737922668,1.1550573147833347,0.5775308647666266,0.0,0.0,2
0.925,PINN Vanilla,0.2501722663678231,0.0019564680970184643,0.0009520441847837611,0.001897086486598698,0.01495368778705597,0.5913888812065125,1.1525680236518383,0.5762862144437129,0.0,0.0,2
0.93,PINN Vanilla,0.2501675623729827,0.001975234332351821,0.000954732132860129,0.001892586212500158,0.015146337449550629,0.5903465151786804,1.1500820741057396,0.5750432349198838,0.0,0.0,2
0.935,PINN Vanilla,0.2501628375165167,0.0019940837935792646,0.0009573303464807775,0.0018881984599178336,0.015340730547904968,0.589312732219696,1.1476100534200668,0.5738072198528866,0.0,0.0,2
0.9400000000000001,PINN Vanilla,0.2501580700166526,0.0020131033774516377,0.0009598331518145455,0.0018838120648848045,0.015535011887550354,0.5882810950279236,1.1451425924897194,0.572573484672266,0.0,0.0,2
0.9450000000000001,PINN Vanilla,0.2501532785445454,0.002032218596793514,0.0009622425258769109,0.0018792984972827442,0.015730232000350952,0.587257981300354,1.1426907517015934,0.571347559592607,0.0,0.0,2
0.9500000000000001,PINN Vanilla,0.2501484729647639,0.002051390097646112,0.0009645451715012748,0.0018749458502920757,0.015925787389278412,0.5862369537353516,1.1402425915002823,0.5701234748133892,0.0,0.0,2
0.9550000000000001,PINN Vanilla,0.2501436478644612,0.0020706394741569724,0.000966751878395872,0.0018706406457105196,0.016122668981552124,0.5852241516113281,1.1378076151013374,0.5689059819605494,0.0,0.0,2
0.96,PINN Vanilla,0.25013879443332576,0.002090001874404538,0.0009688685421041011,0.001865853410986773,0.01631951332092285,0.584213137626648,1.1353773549199104,0.5676908472254816,0.0,0.0,2
0.965,PINN Vanilla,0.25013392716646216,0.0021094194712540856,0.0009708951754253274,0.0018613579209830755,0.016517475247383118,0.5832111835479736,1.1329625025391579,0.5664834164201961,0.0,0.0,2
0.97,PINN Vanilla,0.25012904397770785,0.0021289005872948455,0.0009728420913311276,0.001856587554415201,0.01671559363603592,0.5822102427482605,1.1305496878921986,0.5652770044857014,0.0,0.0,2
0.975,PINN Vanilla,0.250124147333205,0.0021484353840374006,0.000974704180654934,0.0018521237532923007,0.01691512018442154,0.5812181830406189,1.1281522251665592,0.564078268541205,0.0,0.0,2
0.98,PINN Vanilla,0.25011922282353066,0.0021680813467958083,0.0009765022834011639,0.0018476136336999516,0.01711464673280716,0.5802275538444519,1.1257578320801258,0.5628810674221778,0.0,0.0,2
0.985,PINN Vanilla,0.250114299040288,0.0021877244115095715,0.0009782052400762113,0.001843069668472419,0.017315514385700226,0.5792452692985535,1.1233775801956654,0.5616909369311618,0.0,0.0,2
0.99,PINN Vanilla,0.2501093762367966,0.002207363567578935,0.000979834307547372,0.001838586236317663,0.017516441643238068,0.5782641768455505,1.1209996826946735,0.5605019836363793,0.0,0.0,2
0.995,PINN Vanilla,0.2501044347956779,0.0022270770770673313,0.0009813993540232502,0.0018338649575938004,0.017718710005283356,0.5772920846939087,1.1186372712254524,0.5593207733870769,0.0,0.0,2
1.0,PINN Vanilla,0.25009948979318164,0.0022468047944050294,0.0009829016112613378,0.0018293940617111204,0.017921335995197296,0.5763205885887146,1.1162757351994514,0.5581400008610574,0.0,0.0,2
1.0050000000000001,PINN Vanilla,0.25009454526379726,0.002266530624298282,0.0009843460780156006,0.0018245886272497125,0.0181252583861351,0.5753580927848816,1.113929744809866,0.5569670011829543,0.0,0.0,2
1.01,PINN Vanilla,0.250089611835778,0.0022862121661263576,0.0009857193261104372,0.001820114591560118,0.018329471349716187,0.5743959546089172,1.111583687365055,0.5557939679771103,0.0,0.0,2
1.0150000000000001,PINN Vanilla,0.2500846669748428,0.0023059393187168796,0.0009870571215760753,0.0018156909155639944,0.01853456348180771,0.5734433531761169,1.1092561222612858,0.554630180977127,0.0,0.0,2
1.02,PINN Vanilla,0.25007972726225874,0.0023256459323456715,0.0009883385551604717,0.0018111187306142917,0.018740855157375336,0.5724906921386719,1.106925930827856,0.5534650808072944,0.0,0.0,2
1.025,PINN Vanilla,0.2500748018585148,0.0023452954619280356,0.0009895760568660276,0.001806611659314783,0.018947243690490723,0.5715469717979431,1.104613445699215,0.5523088338236938,0.0,0.0,2
1.03,PINN Vanilla,0.25006988241896055,0.002364921197821784,0.0009907795608267292,0.0018022365065796242,0.01915549486875534,0.5706037878990173,1.1022987328469753,0.5511514729740367,0.0,0.0,2
1.035,PINN Vanilla,0.25006497215852164,0.0023845103143220726,0.000991945274341198,0.0017976111715403698,0.019363299012184143,0.5696693658828735,1.1000030897557735,0.5500036470413416,0.0,0.0,2
1.04,PINN Vanilla,0.2500600771941247,0.0024040384084077185,0.000993090885937912,0.0017932340656822698,0.0195731520652771,0.5687352418899536,1.097703468054533,0.548853831796024,0.0,0.0,2
1.045,PINN Vanilla,0.2500552012100818,0.002423490781791671,0.0009941978414092275,0.0017888306842588353,0.01978272944688797,0.5678096413612366,1.0954219102859497,0.5477130485515561,0.0,0.0,2
1.05,PINN Vanilla,0.2500503371767702,0.0024428954786273886,0.0009952948725309655,0.0017844694759588386,0.019994013011455536,0.5668848752975464,1.0931391790509224,0.5465716785716237,0.0,0.0,2
1.055,PINN Vanilla,0.2500455062910917,0.002462167935462162,0.0009963697985082252,0.0017803195323798926,0.020205684006214142,0.5659679174423218,1.0908712819218636,0.5454377256730242,0.0,0.0,2
1.06,PINN Vanilla,0.25004067895934007,0.002481426214171449,0.00099745117986547,0.0017758795945391204,0.020418621599674225,0.5650522112846375,1.0886035114526749,0.5443038361046018,0.0,0.0,2
1.065,PINN Vanilla,0.2500358983390035,0.00250049814118655,0.0009985044012430129,0.001771880592905617,0.020632751286029816,0.5641440153121948,1.0863488726317883,0.5431765123854257,0.0,0.0,2
1.07,PINN Vanilla,0.25003113433718704,0.002519503769859726,0.0009995717473471055,0.0017675762546529583,0.020846866071224213,0.5632371306419373,1.0840973891317844,0.5420507663327211,0.0,0.0,2
1.075,PINN Vanilla,0.25002639236673735,0.0025384215060441006,0.0010006488339976108,0.001763450505955444,0.021063044667243958,0.5623372197151184,1.0818555168807507,0.540929825922869,0.0,0.0,2
1.08,PINN Vanilla,0.2500216910876336,0.002557176907149416,0.0010017260566431742,0.0017590299409002141,0.021278992295265198,0.5614390969276428,1.0796183086931705,0.5398112175536571,0.0,0.0,2
1.085,PINN Vanilla,0.2500170240290465,0.0025757957880649064,0.001002806757340669,0.0017551938180737636,0.021496832370758057,0.5605480074882507,1.077391393482685,0.5386977556926629,0.0,0.0,2
1.09,PINN Vanilla,0.2500123933665457,0.002594269469518435,0.0010039196192303773,0.0017511852650062831,0.021714895963668823,0.5596585273742676,1.0751676931977272,0.5375859013005764,0.0,0.0,2
1.095,PINN Vanilla,0.2500078002735975,0.0026125932700537115,0.0010050540553797219,0.00174703317408198,0.02193427085876465,0.5587751865386963,1.0729538165032864,0.5364789587225217,0.0,0.0,2
1.1,PINN Vanilla,0.2500032526776197,0.002630735563830859,0.0010062041184081046,0.0017431507240469601,0.02215493470430374,0.5578941702842712,1.070742353796959,0.5353732231431371,0.0,0.0,2
1.105,PINN Vanilla,0.249998733147979,0.0026487658890568906,0.0010074051575278873,0.0017392454854438522,0.02237609773874283,0.5570189952850342,1.068541631102562,0.5342728575902423,0.0,0.0,2
1.11,PINN Vanilla,0.24999426467716715,0.002666592518906814,0.0010086307380188907,0.0017360656774972894,0.022599078714847565,0.5561463832855225,1.066342607140541,0.5331733414067821,0.0,0.0,2
1.115,PINN Vanilla,0.24998984994366788,0.0026842047677703355,0.0010098901611153878,0.0017444080029221931,0.02282170206308365,0.5552794337272644,1.0641562566161156,0.5320801619663391,0.0,0.0,2
1.12,PINN Vanilla,0.24998547977209112,0.00270163924017934,0.0010112029270721947,0.0017523446935140408,0.023046471178531647,0.5544152855873108,1.0619714632630348,0.5309877611145444,0.0,0.0,2
1.125,PINN Vanilla,0.2499811626262965,0.0027188621701993996,0.0010125591120849823,0.0017600310737423963,0.023271456360816956,0.553555965423584,1.0597959160804749,0.5298999833656799,0.0,0.0,2
1.1300000000000001,PINN Vanilla,0.2499768869876864,0.0027359195104135147,0.0010139748212803271,0.0017677467800854552,0.023498013615608215,0.5526996850967407,1.0576236620545387,0.5288138522014207,0.0,0.0,2
1.135,PINN Vanilla,0.24997267560288333,0.0027527205148736304,0.001015434308755622,0.0017750421333889155,0.02372536063194275,0.5518485903739929,1.0554603971540928,0.5277322156170854,0.0,0.0,2
1.1400000000000001,PINN Vanilla,0.24996852285414956,0.002769287595124126,0.0010169439364491975,0.0017818305091679143,0.023953579366207123,0.5510002970695496,1.0533010363578796,0.5266525310923273,0.0,0.0,2
1.145,PINN Vanilla,0.2499644363857808,0.002785590254819256,0.0010185151135194037,0.001788899420944401,0.02418385073542595,0.5501565337181091,1.0511473007500172,0.5255756591724946,0.0,0.0,2
1.1500000000000001,PINN Vanilla,0.24996039633080386,0.00280170775176174,0.001020161207869246,0.0017955174335224089,0.024413783103227615,0.54931640625,1.0490012019872665,0.5245026056898123,0.0,0.0,2
1.155,PINN Vanilla,0.24995642877742671,0.0028175360089983583,0.0010218626608405619,0.001802006055015959,0.024645719677209854,0.5484803318977356,1.0468595176935196,0.5234317594500681,0.0,0.0,2
1.16,PINN Vanilla,0.24995251520350598,0.002833148919233878,0.0010236399194667903,0.0018080345999015868,0.02487814426422119,0.5476478934288025,1.0447249561548233,0.5223644746014612,0.0,0.0,2
1.165,PINN Vanilla,0.24994867923855804,0.002848452214281235,0.0010254818268287567,0.0018142214597075546,0.02511187642812729,0.5468190312385559,1.0425947830080986,0.5212993839572265,0.0,0.0,2
1.17,PINN Vanilla,0.2499449067451062,0.0028635022945456374,0.0010273923370387181,0.0018196291042516521,0.025347154587507248,0.5459944605827332,1.0404704362154007,0.5202372065011397,0.0,0.0,2
1.175,PINN Vanilla,0.24994120364263675,0.002878275544679479,0.0010293863551993018,0.0018250998832768373,0.02558242902159691,0.545172929763794,1.0383517444133759,0.5191778565511964,0.0,0.0,2
1.18,PINN Vanilla,0.24993756516650342,0.002892790972882507,0.0010314439526884563,0.0018302767102263418,0.02582012116909027,0.5443557500839233,1.0362374857068062,0.5181207231574526,0.0,0.0,2
1.185,PINN Vanilla,0.24993400559946916,0.0029069915991409823,0.0010335912737591177,0.0018351798965001165,0.02605738863348961,0.5435415506362915,1.0341303497552872,0.517067151154846,0.0,0.0,2
1.19,PINN Vanilla,0.24993051657453202,0.0029209108029828344,0.0010358099224234661,0.001839969060815072,0.026296868920326233,0.5427321195602417,1.032028578221798,0.516016261371506,0.0,0.0,2
1.195,PINN Vanilla,0.2499271128252151,0.0029344898061205503,0.001038095678613788,0.0018444929253771947,0.026537351310253143,0.5419250130653381,1.0299291759729385,0.5149665562350088,0.0,0.0,2
1.2,PINN Vanilla,0.2499237808249893,0.0029477825716294017,0.0010404731345778073,0.0018485749462212042,0.026778262108564377,0.5411230325698853,1.0278398022055626,0.5139218653584182,0.0,0.0,2
1.205,PINN Vanilla,0.24992053062096262,0.0029607490173242184,0.001042921067314917,0.0018528100285089,0.027021128684282303,0.5403227210044861,1.0257499441504478,0.5128769323370328,0.0,0.0,2
1.21,PINN Vanilla,0.24991736261174105,0.00297338755299605,0.0010454461353862634,0.0018564570717497508,0.02726394683122635,0.5395278930664062,1.0236708372831345,0.5118373749300941,0.0,0.0,2
1.215,PINN Vanilla,0.24991426311060808,0.0029857527807761086,0.001048063955381784,0.0018600240489750064,0.02750905603170395,0.5387349724769592,1.0215922072529793,0.5107980559426457,0.0,0.0,2
1.22,PINN Vanilla,0.24991126907244346,0.0029976972719375416,0.0010507451458698735,0.001863265260058533,0.027754750102758408,0.537947416305542,1.0195222198963165,0.5097630583084602,0.0,0.0,2
1.225,PINN Vanilla,0.24990834349021337,0.0030093686632719154,0.0010535095458378148,0.0018663920116046007,0.028001174330711365,0.5371609926223755,1.0174537226557732,0.5087288057351821,0.0,0.0,2
1.23,PINN Vanilla,0.2499055193960669,0.003020635175492883,0.0010563379025286554,0.0018691390630014015,0.02824961394071579,0.5363805890083313,1.0153932869434357,0.507698583941413,0.0,0.0,2
1.235,PINN Vanilla,0.24990276416763685,0.0030316269530925605,0.0010592618772722142,0.0018715047777062566,0.028497938066720963,0.5356009602546692,1.013334758579731,0.5066693158256051,0.0,0.0,2
1.24,PINN Vanilla,0.24990010105073474,0.0030422512586458688,0.0010622501358703745,0.0018735701704630237,0.02874879539012909,0.5348275303840637,1.0112835764884949,0.5056437208600708,0.0,0.0,2
1.245,PINN Vanilla,0.24989753012359164,0.003052507780055736,0.0010653154044682213,0.0018757913054008868,0.02899935469031334,0.5340548157691956,1.0092345550656319,0.5046192062328522,0.0,0.0,2
1.25,PINN Vanilla,0.24989504969492576,0.0030624032645643518,0.0010684473947331259,0.0018774270945590144,0.029251761734485626,0.5332882404327393,1.007194310426712,0.503599080014378,0.0,0.0,2
1.2550000000000001,PINN Vanilla,0.2498926620297136,0.0030719286762174486,0.00107165353579454,0.0018789069101787792,0.029505543410778046,0.5325218439102173,1.005151905119419,0.5025778734575882,0.0,0.0,2
1.26,PINN Vanilla,0.2498903635181489,0.0030810984160670254,0.0010749217526818612,0.0018802137141474273,0.02975926175713539,0.5317621231079102,1.0031226947903633,0.5015632644151332,0.0,0.0,2
1.2650000000000001,PINN Vanilla,0.24988816165179037,0.003089882597100124,0.0010782568427145478,0.0018812938339299312,0.030015386641025543,0.5310023427009583,1.001089096069336,0.5005464611683059,0.0,0.0,2
1.27,PINN Vanilla,0.2498860596753659,0.0030982682747178573,0.001081650839573633,0.0018821223882409255,0.03027164563536644,0.5302495956420898,0.9990688413381577,0.4995363299419043,0.0,0.0,2
1.2750000000000001,PINN Vanilla,0.24988404307141923,0.0031063133652252874,0.001085115678467728,0.001882793968452201,0.030529316514730453,0.5294964909553528,0.9970453456044197,0.4985245782080291,0.0,0.0,2
1.28,PINN Vanilla,0.2498821227885785,0.0031139741898900267,0.0010886265971394185,0.0018828073799144751,0.030788082629442215,0.5287496447563171,0.9950325563549995,0.4975181797367735,0.0,0.0,2
1.285,PINN Vanilla,0.24988030153512977,0.003121239944207405,0.0010921886659060035,0.001882636511422453,0.03104778379201889,0.5280032753944397,0.9930184781551361,0.49651113678783293,0.0,0.0,2
1.29,PINN Vanilla,0.24987858095392607,0.0031281040741383734,0.0010958130101058152,0.001882638953023319,0.03130905702710152,0.5272629261016846,0.9910139515995979,0.49550886967930874,0.0,0.0,2
1.295,PINN Vanilla,0.24987695274502061,0.0031345996916992904,0.0010994873534069761,0.0018821988276858659,0.03157029300928116,0.5265227556228638,0.989009253680706,0.49450651688878017,0.0,0.0,2
1.3,PINN Vanilla,0.2498754258081319,0.003140691292129362,0.0011031946410667043,0.0018815563394790624,0.0318337120115757,0.5257887840270996,0.987012967467308,0.4935083699670738,0.0,0.0,2
1.305,PINN Vanilla,0.24987399773672245,0.00314638847612981,0.0011069472166779875,0.0018804537502843388,0.032097458839416504,0.5250554084777832,0.9850174486637115,0.4925106067517347,0.0,0.0,2
1.31,PINN Vanilla,0.24987267108634137,0.003151681048528643,0.001110733752730008,0.0018791200231771388,0.03236229345202446,0.5243270993232727,0.9830294921994209,0.49151662472050056,0.0,0.0,2
1.315,PINN Vanilla,0.24987143751978896,0.0031566022699600783,0.00111456503117124,0.0018778950730888866,0.03262867033481598,0.523600161075592,0.9810418859124184,0.4905228177785797,0.0,0.0,2
1.32,PINN Vanilla,0.24987031374499225,0.0031610854853998407,0.0011184207143111662,0.001876287939981236,0.0328955240547657,0.5228778719902039,0.9790623933076859,0.4895330676932995,0.0,0.0,2
1.325,PINN Vanilla,0.2498692830577495,0.0031651973350104085,0.0011223049928873394,0.001874100794562461,0.03316407650709152,0.5221573114395142,0.9770826697349548,0.48854320212357866,0.0,0.0,2
1.33,PINN Vanilla,0.24986835001781604,0.0031689196279892067,0.0011262151986894144,0.001871782095083041,0.03343232348561287,0.5214408040046692,0.9751120135188103,0.4875578702494793,0.0,0.0,2
1.335,PINN Vanilla,0.24986752804741286,0.0031721988173902802,0.0011301366551964094,0.001869435175065326,0.033702652901411057,0.5207264423370361,0.973141260445118,0.4865724899464209,0.0,0.0,2
1.34,PINN Vanilla,0.2498667992614212,0.0031751062545562142,0.0011340875893343946,0.0018665880857708372,0.03397400677204132,0.5200159549713135,0.9711766541004181,0.48559018301960544,0.0,0.0,2
1.345,PINN Vanilla,0.24986617510393283,0.0031775962841393934,0.0011380407230667494,0.0018637023528494945,0.03424587473273277,0.5193078517913818,0.969215102493763,0.48460940346765013,0.0,0.0,2
1.35,PINN Vanilla,0.2498656578138473,0.003179659974217797,0.0011419986453786487,0.0018606761927602022,0.034519366919994354,0.5186029076576233,0.9672572985291481,0.4836304977438769,0.0,0.0,2
1.355,PINN Vanilla,0.24986524327099346,0.0031813137619056174,0.001145967302506763,0.0018572499796407627,0.03479301184415817,0.517900824546814,0.9653043746948242,0.4826540320945753,0.0,0.0,2
1.36,PINN Vanilla,0.2498649217784407,0.0031825963323819915,0.0011499283467127747,0.0018537007506075343,0.03506823256611824,0.5172016024589539,0.9633548483252525,0.4816792651841426,0.0,0.0,2
1.365,PINN Vanilla,0.24986470116302392,0.0031834764610746743,0.0011538955362191477,0.0018496501105304541,0.03534359484910965,0.5165054798126221,0.9614103958010674,0.4807070352060995,0.0,0.0,2
1.37,PINN Vanilla,0.24986459317803406,0.003183907259109339,0.0011578430817361647,0.0018456279446227852,0.03562047332525253,0.51581209897995,0.9594686925411224,0.47973617986543055,0.0,0.0,2
1.375,PINN Vanilla,0.2498645789884033,0.0031839638675791506,0.0011617891036021304,0.0018412857616482148,0.03589869290590286,0.5151218175888062,0.9575304538011551,0.4787670567913712,0.0,0.0,2
1.3800000000000001,PINN Vanilla,0.2498646650724115,0.0031836204418716125,0.0011657143192859616,0.0018365534749772983,0.03617674484848976,0.5144338011741638,0.9555968344211578,0.4778002434061248,0.0,0.0,2
1.385,PINN Vanilla,0.24986484633758688,0.0031828972980217224,0.0011696208797115646,0.0018316490586334777,0.036456864327192307,0.5137494206428528,0.953666977584362,0.4768353112996695,0.0,0.0,2
1.3900000000000001,PINN Vanilla,0.2498651450201871,0.0031817057261437297,0.0011734964737124824,0.0018266127479271699,0.03673657029867172,0.5130666494369507,0.951740987598896,0.4758723126262689,0.0,0.0,2
1.395,PINN Vanilla,0.24986553157493493,0.0031801635949099544,0.0011773518307536747,0.001821506415320251,0.03701832890510559,0.5123882293701172,0.9498190954327583,0.47491136287036356,0.0,0.0,2
1.4000000000000001,PINN Vanilla,0.24986602224409601,0.0031782061070171927,0.0011811747976729933,0.0018158226440131986,0.03730006888508797,0.5117111206054688,0.9478999078273773,0.4739517654000051,0.0,0.0,2
1.405,PINN Vanilla,0.24986661787703657,0.003175829873982499,0.0011849528837700968,0.0018100599949374963,0.03758323937654495,0.5110383033752441,0.9459873959422112,0.47299550580251176,0.0,0.0,2
1.41,PINN Vanilla,0.24986730231717252,0.003173099351288742,0.001188699857546301,0.0018039809236173876,0.037866998463869095,0.5103663802146912,0.9440743178129196,0.4720389630818736,0.0,0.0,2
1.415,PINN Vanilla,0.2498681049384179,0.0031698973539044904,0.0011923966277804564,0.0017981562274637652,0.0381513386964798,0.5096991062164307,0.9421698153018951,0.4710867081867574,0.0,0.0,2
1.42,PINN Vanilla,0.24986898517236136,0.0031663857264703898,0.0011960532257268297,0.00179159607406143,0.03843722492456436,0.5090325474739075,0.9402635842561722,0.4701335890209887,0.0,0.0,2
1.425,PINN Vanilla,0.24986998044326925,0.0031624151676769405,0.0011996469407541844,0.0017850689471158865,0.038723211735486984,0.5083708167076111,0.9383668228983879,0.46918520471728636,0.0,0.0,2
1.43,PINN Vanilla,0.24987105512246513,0.0031581278154620253,0.0012032070528314336,0.0017780622256425849,0.039010412991046906,0.5077093243598938,0.9364679530262947,0.4682357661524001,0.0,0.0,2
1.435,PINN Vanilla,0.24987224794179222,0.0031533691520361598,0.0012066877814016351,0.0017711337139353356,0.03929780051112175,0.507053017616272,0.9345792606472969,0.46729141635351124,0.0,0.0,2
1.44,PINN Vanilla,0.2498735224530103,0.0031482845849255775,0.0012101127840557734,0.0017675500174452324,0.03958640247583389,0.5063971281051636,0.932688981294632,0.466346273064756,0.0,0.0,2
1.445,PINN Vanilla,0.24987489661201856,0.0031428024804145476,0.0012134791044237042,0.0017908428515680669,0.03987579792737961,0.5057463645935059,0.9308069571852684,0.4654052574134277,0.0,0.0,2
1.45,PINN Vanilla,0.24987637323886178,0.0031369115881453792,0.0012167638487309098,0.00181380707750399,0.04016556218266487,0.5050950050354004,0.9289232790470123,0.4644634147444922,0.0,0.0,2
1.455,PINN Vanilla,0.2498779433295133,0.003130647829008516,0.0012199851274640352,0.0018363926469047304,0.040456611663103104,0.5044495463371277,0.9270484149456024,0.4635259791108238,0.0,0.0,2
1.46,PINN Vanilla,0.24987959498912118,0.0031240586566254596,0.0012231325657407587,0.0018582207691114766,0.040747545659542084,0.5038036108016968,0.9251732006669044,0.4625883683878423,0.0,0.0,2
1.465,PINN Vanilla,0.2498813480474057,0.0031170649618114587,0.0012261978595367255,0.0018798675035822804,0.041040174663066864,0.5031631588935852,0.9233051240444183,0.46165432650660704,0.0,0.0,2
1.47,PINN Vanilla,0.24988319360464833,0.0031097022493273073,0.0012291838047073704,0.0019005818372965222,0.041332095861434937,0.5025224685668945,0.9214387536048889,0.4607211377201108,0.0,0.0,2
1.475,PINN Vanilla,0.24988512391224527,0.0031020014316480693,0.0012320885119864724,0.001921051853752409,0.04162600263953209,0.5018869042396545,0.9195780828595161,0.45979079879158524,0.0,0.0,2
1.48,PINN Vanilla,0.24988714822754285,0.0030939255772833235,0.0012349079186772442,0.0019404225426529753,0.041919562965631485,0.5012515187263489,0.9177186116576195,0.4588610596370902,0.0,0.0,2
1.485,PINN Vanilla,0.24988926414027832,0.0030854843017959774,0.0012376237796028575,0.0019598516453023795,0.042214151471853256,0.5006207227706909,0.9158661812543869,0.4579348408953825,0.0,0.0,2
1.49,PINN Vanilla,0.24989147118851565,0.003076679448045197,0.0012402562095666424,0.001978588774261089,0.042509593069553375,0.49999040365219116,0.914012610912323,0.4570080521820806,0.0,0.0,2
1.495,PINN Vanilla,0.24989375443384074,0.0030675706117159985,0.0012427953410340156,0.0019969872848708548,0.042805228382349014,0.49936455488204956,0.9121675342321396,0.45608551031595085,0.0,0.0,2
1.5,PINN Vanilla,0.24989614084735534,0.003058050193616595,0.0012452242643955223,0.0020146398347067607,0.043101824820041656,0.4987390637397766,0.9103216975927353,0.4551625884687583,0.0,0.0,2
1.5050000000000001,PINN Vanilla,0.2498986002057793,0.0030482387672610338,0.0012475629465636949,0.00203153498254513,0.043398018926382065,0.49811792373657227,0.9084852263331413,0.4542443493293687,0.0,0.0,2
1.51,PINN Vanilla,0.2499011528119447,0.0030380553360204498,0.0012497934647114025,0.002048115073745041,0.04369601234793663,0.49749755859375,0.9066462069749832,0.4533248361358274,0.0,0.0,2
1.5150000000000001,PINN Vanilla,0.24990377463027857,0.0030275957880140075,0.0012519308798318095,0.0020638697648491244,0.04399336129426956,0.49688106775283813,0.904817022383213,0.45241024034427485,0.0,0.0,2
1.52,PINN Vanilla,0.24990649934485576,0.0030167257431464333,0.0012539408482759946,0.0020795099467212086,0.04429250955581665,0.49626559019088745,0.9029855728149414,0.4514945120601431,0.0,0.0,2
1.5250000000000001,PINN Vanilla,0.24990928953140995,0.003005594502727006,0.001255857174777307,0.0020941455873928205,0.04459112510085106,0.4956536293029785,0.9011625424027443,0.4505829933701381,0.0,0.0,2
1.53,PINN Vanilla,0.24991216472536348,0.0029941241316504964,0.0012576504825999256,0.0021082494864877177,0.044890712946653366,0.4950433373451233,0.899340845644474,0.44967214150964513,0.0,0.0,2
1.5350000000000001,PINN Vanilla,0.24991511914879105,0.0029823376805174447,0.0012593407662618,0.0021221463518723283,0.0451902337372303,0.49443554878234863,0.8975239396095276,0.4487636850199694,0.0,0.0,2
1.54,PINN Vanilla,0.24991814944893143,0.0029702485249178535,0.0012609024542911227,0.0021354599467914015,0.04549074172973633,0.49382996559143066,0.8957095146179199,0.44785646905670445,0.0,0.0,2
1.545,PINN Vanilla,0.2499212673418226,0.002957809924595035,0.0012623483725092719,0.0021476659118937202,0.04579140990972519,0.4932270646095276,0.8939005434513092,0.4469519800163606,0.0,0.0,2
1.55,PINN Vanilla,0.24992445030435942,0.0029451117337912208,0.001263682592377112,0.0021598337550841062,0.04609245806932449,0.4926261305809021,0.892094224691391,0.44604881718443185,0.0,0.0,2
1.555,PINN Vanilla,0.24992770434170983,0.002932129995338362,0.0012648969455224931,0.0021712159020222527,0.04639403149485588,0.4920276403427124,0.8902918323874474,0.445147617587994,0.0,0.0,2
1.56,PINN Vanilla,0.24993103512749099,0.0029188420747654565,0.0012659868278629364,0.0021822637964152847,0.0466952808201313,0.4914313554763794,0.8884943947196007,0.44424889531907324,0.0,0.0,2
1.565,PINN Vanilla,0.24993443729728482,0.0029052693730169075,0.001266941339375583,0.002192468588086735,0.04699822887778282,0.4908372759819031,0.8866978138685226,0.44335060146017424,0.0,0.0,2
1.57,PINN Vanilla,0.2499379142634573,0.0028913982767140717,0.0012677911247848,0.00220218519891488,0.04730026796460152,0.4902456998825073,0.8849085494875908,0.4424559658503305,0.0,0.0,2
1.575,PINN Vanilla,0.24994145128130935,0.0028772876087302963,0.0012685050242552344,0.0022114713312965106,0.047603391110897064,0.48965561389923096,0.8831198066473007,0.44156159101180426,0.0,0.0,2
1.58,PINN Vanilla,0.24994505989924096,0.002862891297588205,0.001269089137834038,0.0022200936484581962,0.04790621995925903,0.48906880617141724,0.8813381046056747,0.4406707365860655,0.0,0.0,2
1.585,PINN Vanilla,0.2499487395025792,0.0028482117954794204,0.0012695489923288535,0.0022279089981498135,0.04821011796593666,0.4884833097457886,0.8795571252703667,0.4397802435148667,0.0,0.0,2
1.59,PINN Vanilla,0.2499524833224716,0.002833276106234273,0.0012698730251576433,0.002235354934338518,0.048513125628232956,0.48790091276168823,0.8777841106057167,0.43889373279421795,0.0,0.0,2
1.595,PINN Vanilla,0.24995628214254997,0.002818120997863861,0.0012700805288385806,0.0022421768594041713,0.04881792888045311,0.4873192310333252,0.8760089203715324,0.4380061342846444,0.0,0.0,2
1.6,PINN Vanilla,0.24996014812961243,0.00280269793183772,0.001270154997545319,0.002248462489569003,0.049121350049972534,0.48674124479293823,0.8742436915636063,0.43712351650723674,0.0,0.0,2
1.605,PINN Vanilla,0.24996407483145616,0.00278703264873599,0.001270088504236183,0.0022544418303377944,0.04942658543586731,0.48616427183151245,0.8724764063954353,0.43623987054577684,0.0,0.0,2
1.61,PINN Vanilla,0.24996805474907183,0.002771155065295221,0.0012698934694424233,0.002259718650583914,0.04973064363002777,0.48559075593948364,0.8707189410924911,0.43536113453569664,0.0,0.0,2
1.615,PINN Vanilla,0.24997210010513685,0.0027550164200586605,0.0012695641813467212,0.0022642774038335034,0.05003593862056732,0.48501741886138916,0.8689593970775604,0.43448135916565056,0.0,0.0,2
1.62,PINN Vanilla,0.24997620222345016,0.002738651326081058,0.0012690953375107039,0.0022684598074753926,0.050340522080659866,0.4844481945037842,0.867209367454052,0.4336063410094982,0.0,0.0,2
1.625,PINN Vanilla,0.24998035734146856,0.0027220747937468674,0.0012685117422576652,0.0022718557529970984,0.05064588412642479,0.4838791489601135,0.8654582276940346,0.4327307677829698,0.0,0.0,2
1.6300000000000001,PINN Vanilla,0.24998456084728263,0.002705305221923601,0.0012677833992672362,0.00227494886030713,0.05095086991786957,0.4833144545555115,0.8637162446975708,0.43185977295571726,0.0,0.0,2
1.635,PINN Vanilla,0.24998882052674912,0.0026883115495184465,0.0012669283332126869,0.0022775975618461453,0.05125652626156807,0.48274922370910645,0.8619718477129936,0.4309875711297948,0.0,0.0,2
1.6400000000000001,PINN Vanilla,0.24999313598126197,0.0026710953667404653,0.0012659227339515884,0.0022793917496039817,0.051561787724494934,0.48218870162963867,0.8602378070354462,0.4301205474771786,0.0,0.0,2
1.645,PINN Vanilla,0.2499975000880661,0.0026536850892879293,0.0012647932746276895,0.002280816025936938,0.051867496222257614,0.48162752389907837,0.8585015162825584,0.42925239878259225,0.0,0.0,2
1.6500000000000001,PINN Vanilla,0.2500018977336588,0.0026361410113487603,0.0012635450282623298,0.0022812371072549464,0.052173156291246414,0.48107099533081055,0.8567749485373497,0.4283891116104266,0.0,0.0,2
1.655,PINN Vanilla,0.2500063601061704,0.0026183387102111455,0.0012621350230038388,0.0022817210632240514,0.05247916653752327,0.4805139899253845,0.8550463244318962,0.42752479625420875,0.0,0.0,2
1.6600000000000001,PINN Vanilla,0.250010849170387,0.0026004299245141896,0.0012606147252329383,0.0022812773241362994,0.05278485640883446,0.479961633682251,0.8533280715346336,0.4266656665219063,0.0,0.0,2
1.665,PINN Vanilla,0.25001539574936055,0.0025822916879994114,0.0012589372009351126,0.002280599753319984,0.05309079959988594,0.47940880060195923,0.8516078665852547,0.4258055607598151,0.0,0.0,2
1.67,PINN Vanilla,0.2500199720822277,0.0025640347505530145,0.0012571572199459044,0.0022792047620439626,0.053396694362163544,0.4788600206375122,0.8498962670564651,0.42494975772446414,0.0,0.0,2
1.675,PINN Vanilla,0.2500245993919673,0.002545574444689488,0.0012552251494191077,0.0022774140077706506,0.05370257794857025,0.47831130027770996,0.8481844514608383,0.42409384665528155,0.0,0.0,2
1.68,PINN Vanilla,0.2500292605906727,0.0025269789413334067,0.0012531629020354025,0.002275086969558221,0.05400809645652771,0.4777665138244629,0.8464817255735397,0.423242480457634,0.0,0.0,2
1.685,PINN Vanilla,0.25003395204618595,0.002508262730707106,0.0012509826836636588,0.002272202901604542,0.05431413650512695,0.4772214889526367,0.8447770029306412,0.42239011587837055,0.0,0.0,2
1.69,PINN Vanilla,0.2500386874675753,0.0024893711215088154,0.0012486554743293301,0.002268874943222199,0.0546199232339859,0.4766805171966553,0.8430811166763306,0.4215421695102879,0.0,0.0,2
1.695,PINN Vanilla,0.2500434489473703,0.0024703755542515686,0.0012462125810434551,0.0022651869802767788,0.054925575852394104,0.4761396646499634,0.8413853049278259,0.4206942603952506,0.0,0.0,2
1.7,PINN Vanilla,0.2500482453517618,0.0024512406579306344,0.0012436393237467477,0.0022607607535607976,0.05523122102022171,0.47560250759124756,0.8396975547075272,0.41985038205972225,0.0,0.0,2
1.705,PINN Vanilla,0.2500530782453718,0.002431960190603479,0.0012409340686345667,0.002258093040752779,0.05553688853979111,0.47506558895111084,0.8380102664232254,0.4190067346930752,0.0,0.0,2
1.71,PINN Vanilla,0.2500579397305848,0.002412565659216269,0.0012381091293552726,0.002258926990248239,0.055842325091362,0.47453194856643677,0.8363299071788788,0.41816655185964746,0.0,0.0,2
1.715,PINN Vanilla,0.25006282965838933,0.00239305765823911,0.0012351511944094053,0.0022601908500492346,0.05614779517054558,0.4739990830421448,0.8346507325768471,0.4173269613496411,0.0,0.0,2
1.72,PINN Vanilla,0.250067731715739,0.0023735012673494573,0.001232079371781154,0.0022618275023370132,0.056453123688697815,0.47346895933151245,0.832977220416069,0.4164902020710828,0.0,0.0,2
1.725,PINN Vanilla,0.2500726680159571,0.002353808267098976,0.0012288771350068579,0.0022631791219632352,0.05675828084349632,0.472939670085907,0.8313063308596611,0.4156547540997214,0.0,0.0,2
1.73,PINN Vanilla,0.2500776214264335,0.002334047006753804,0.0012255553417930805,0.002264232237808736,0.057063378393650055,0.47241300344467163,0.8296406716108322,0.414821921292145,0.0,0.0,2
1.735,PINN Vanilla,0.2500826102383437,0.002314144515038258,0.0012221187172710294,0.0022650199674535687,0.05736821889877319,0.4718875288963318,0.8279776871204376,0.41399042586889734,0.0,0.0,2
1.74,PINN Vanilla,0.2500876086279752,0.0022942038137205227,0.0012185637041247151,0.0022655606270930023,0.05767247825860977,0.4713650345802307,0.826322004199028,0.4131625812440959,0.0,0.0,2
1.745,PINN Vanilla,0.2500926247276368,0.002274192459562998,0.001214889487350785,0.002266099695574564,0.05797748267650604,0.47084301710128784,0.8246659338474274,0.41233454290345845,0.0,0.0,2
1.75,PINN Vanilla,0.25009765167534376,0.0022541378279407162,0.0012111079215227619,0.002265703138662617,0.05828126519918442,0.4703238010406494,0.8230177313089371,0.41151043848441204,0.0,0.0,2
1.7550000000000001,PINN Vanilla,0.25010270332172535,0.002233984662804509,0.0012072050107743695,0.0022654009161608007,0.05858583748340607,0.4698055386543274,0.8213700205087662,0.41068657993546503,0.0,0.0,2
1.76,PINN Vanilla,0.2501077639311554,0.0022137957402572914,0.0012032004031884225,0.002264503339389698,0.058889251202344894,0.4692896604537964,0.8197291418910027,0.4098661374907784,0.0,0.0,2
1.7650000000000001,PINN Vanilla,0.2501128435805442,0.0021935308592198515,0.0011990745288372922,0.0022631036988212255,0.05919349566102028,0.46877533197402954,0.8180901035666466,0.40904661519631236,0.0,0.0,2
1.77,PINN Vanilla,0.25011792701855323,0.002173250863765489,0.0011948484181916747,0.002261605349893503,0.05949631333351135,0.4682629704475403,0.8164578229188919,0.4082304717530613,0.0,0.0,2
1.7750000000000001,PINN Vanilla,0.2501230193860831,0.0021529352446560683,0.001190519214797107,0.002259492875802613,0.05979999527335167,0.46775203943252563,0.8148266449570656,0.4074148796548817,0.0,0.0,2
1.78,PINN Vanilla,0.25012812496721765,0.0021325669108598825,0.0011860770144031271,0.002257038846334089,0.060102201998233795,0.4672430753707886,0.8132023215293884,0.4066027148368761,0.0,0.0,2
1.7850000000000001,PINN Vanilla,0.25013323273509763,0.0021121898532063905,0.0011815514877219241,0.0022542338973400855,0.06040538102388382,0.46673548221588135,0.8115786910057068,0.4057908964721924,0.0,0.0,2
1.79,PINN Vanilla,0.25013834214583064,0.0020918062415137377,0.0011769174570870383,0.0022508446503192864,0.06070709973573685,0.46622979640960693,0.8099623471498489,0.4049827214553458,0.0,0.0,2
1.795,PINN Vanilla,0.2501434571146967,0.002071400456065235,0.001172190178867915,0.002247399005218295,0.06101013720035553,0.4657261371612549,0.8083471804857254,0.40417513503661606,0.0,0.0,2
1.8,PINN Vanilla,0.25014857658743883,0.002050976702740335,0.00116737854108766,0.0022431637677775285,0.061310939490795135,0.4652237296104431,0.8067386448383331,0.40337086413892415,0.0,0.0,2
1.805,PINN Vanilla,0.2501536902524533,0.0020305761189101297,0.0011624659354116489,0.00223884180164563,0.06161300092935562,0.4647234082221985,0.8051322847604752,0.402567681030157,0.0,0.0,2
1.81,PINN Vanilla,0.25015881045907756,0.0020101494378174344,0.001157467328058951,0.002233769796639959,0.06191365048289299,0.46422451734542847,0.8035317286849022,0.4017673999336241,0.0,0.0,2
1.815,PINN Vanilla,0.25016392014175676,0.00198976474121582,0.0011523866899123502,0.002228666271865243,0.06221485882997513,0.4637271761894226,0.8019330501556396,0.4009680576138345,0.0,0.0,2
1.82,PINN Vanilla,0.2501690338999035,0.001969363785841355,0.0011472063021500348,0.002222979209753756,0.06251481920480728,0.46323156356811523,0.8003403544425964,0.4001717067135881,0.0,0.0,2
1.825,PINN Vanilla,0.25017413232475544,0.00194902400149906,0.0011419749544024915,0.0022170210751921854,0.0628150999546051,0.4627377986907959,0.798750713467598,0.39937688318820175,0.0,0.0,2
1.83,PINN Vanilla,0.25017921607196353,0.0019287427725182098,0.0011366549604697512,0.0022106735927638066,0.06311461329460144,0.4622451663017273,0.7971645891666412,0.3985838180065569,0.0,0.0,2
1.835,PINN Vanilla,0.25018431095778965,0.001908417106854435,0.0011312573664184493,0.0022040360018729943,0.06341402232646942,0.46175479888916016,0.7955835908651352,0.3977933158344334,0.0,0.0,2
1.84,PINN Vanilla,0.2501893829777839,0.0018881826627153314,0.0011257913153633022,0.0021966219839878454,0.06371290236711502,0.46126556396484375,0.7940057069063187,0.3970043708396063,0.0,0.0,2
1.845,PINN Vanilla,0.2501944436505439,0.0018679934875182307,0.0011202541081613328,0.0021892530480506767,0.06401175260543823,0.46077847480773926,0.7924328595399857,0.3962179441506462,0.0,0.0,2
1.85,PINN Vanilla,0.2501994942203166,0.0018478446174324792,0.0011146611302238513,0.0021813745573602827,0.06430970132350922,0.46029210090637207,0.7908627688884735,0.39543289582436475,0.0,0.0,2
1.855,PINN Vanilla,0.25020453196018955,0.0018277469312717304,0.0011090154449413326,0.0021732134992375474,0.06460762023925781,0.4598082900047302,0.7892980426549911,0.3946505297173499,0.0,0.0,2
1.86,PINN Vanilla,0.25020955822616836,0.0018076950193527514,0.0011032898633979529,0.002164507473202404,0.06490523368120193,0.45932537317276,0.787735641002655,0.3938693259053505,0.0,0.0,2
1.865,PINN Vanilla,0.25021455552428984,0.0017877586725324388,0.0010975288756407751,0.002155504743080655,0.06520214676856995,0.45884454250335693,0.7861790060997009,0.3930910054790627,0.0,0.0,2
1.87,PINN Vanilla,0.2502195370122793,0.0017678853990505381,0.0010917096411922525,0.0021461338642540795,0.06549883633852005,0.45836442708969116,0.7846240103244781,0.39231350461977305,0.0,0.0,2
1.875,PINN Vanilla,0.2502245073691013,0.0017480565325279683,0.0010858483091288188,0.0021364821683049484,0.06579462438821793,0.4578869938850403,0.7830764353275299,0.3915397141638022,0.0,0.0,2
1.8800000000000001,PINN Vanilla,0.2502294529601934,0.0017283264670312263,0.0010799351413949099,0.0021264058793145912,0.06609109789133072,0.45740991830825806,0.7815281748771667,0.39076558097981384,0.0,0.0,2
1.885,PINN Vanilla,0.25023436833918117,0.0017087169304633612,0.001073994964311987,0.0021160603301965675,0.06638582795858383,0.4569353461265564,0.7799888700246811,0.3899959256118789,0.0,0.0,2
1.8900000000000001,PINN Vanilla,0.2502392671480777,0.0016891734990342824,0.0010680197337820509,0.0021054070362789556,0.06668101251125336,0.45646142959594727,0.7784498333930969,0.3892264043549073,0.0,0.0,2
1.895,PINN Vanilla,0.25024413289129754,0.0016697619806475014,0.0010620117663666427,0.0020943317803001904,0.06697508692741394,0.4559900760650635,0.7769181132316589,0.388460541346991,0.0,0.0,2
1.9000000000000001,PINN Vanilla,0.25024898771941684,0.001650394007237379,0.0010559652221451105,0.002083122448025637,0.06726980209350586,0.4555193781852722,0.7753862291574478,0.3876945963823748,0.0,0.0,2
1.905,PINN Vanilla,0.2502538011446597,0.0016311912075037726,0.001049906170428712,0.0020713346492967633,0.06756282597780228,0.45505088567733765,0.7738620340824127,0.3869324959320407,0.0,0.0,2
1.9100000000000001,PINN Vanilla,0.2502585912644865,0.0016120813829833326,0.0010438324297638673,0.002059567479283153,0.06785613298416138,0.4545828104019165,0.7723383009433746,0.3861706264505879,0.0,0.0,2
1.915,PINN Vanilla,0.250263347655535,0.0015931061168995085,0.0010377428719565017,0.002047418616268032,0.06814849376678467,0.45411747694015503,0.7708223164081573,0.3854126312858535,0.0,0.0,2
1.92,PINN Vanilla,0.25026807656139155,0.001574240500931572,0.0010316279181155489,0.002034687618621689,0.06844089925289154,0.45365238189697266,0.7693071812391281,0.38465506080583634,0.0,0.0,2
1.925,PINN Vanilla,0.2502727637439968,0.0015555413367518089,0.0010255301167646376,0.0020219540278559878,0.0687323808670044,0.45319002866744995,0.7677983194589615,0.3839006270322392,0.0,0.0,2
1.93,PINN Vanilla,0.25027741382271074,0.0015369901957694458,0.0010194263426588303,0.0020089066862630234,0.06902365386486053,0.452727735042572,0.7662907391786575,0.38314683401102245,0.0,0.0,2
1.935,PINN Vanilla,0.25028204914927504,0.001518497907383802,0.0010133080124358985,0.001995560311245065,0.06931401789188385,0.452268123626709,0.7647901922464371,0.38239655767728853,0.0,0.0,2
1.94,PINN Vanilla,0.2502866351976993,0.0015002022104496154,0.001007221510802951,0.001981842071900719,0.06960403174161911,0.4518088102340698,0.7632909268140793,0.3816469220959349,0.0,0.0,2
1.945,PINN Vanilla,0.2502911893352868,0.0014820338194099778,0.001001139227478534,0.001968041410632171,0.0698942244052887,0.45135223865509033,0.761796846985817,0.38089987932653907,0.0,0.0,2
1.95,PINN Vanilla,0.25029570397734663,0.001464022992822106,0.0009950624986230126,0.001953922711406958,0.07018322497606277,0.4508957862854004,0.760305643081665,0.3801542745246944,0.0,0.0,2
1.955,PINN Vanilla,0.25030017460882686,0.0014461877431473445,0.0009890217496997605,0.0019396596221305795,0.07047240436077118,0.4504420757293701,0.7588195204734802,0.37941121038054393,0.0,0.0,2
1.96,PINN Vanilla,0.25030460006743693,0.0014285327072570363,0.000983006855070393,0.0019247886480480425,0.0707603245973587,0.44998836517333984,0.7573356181383133,0.3786692563771455,0.0,0.0,2
1.965,PINN Vanilla,0.25030899563431763,0.0014109969221837264,0.0009770260819776514,0.0019099358909615283,0.07104862481355667,0.449537456035614,0.7558570206165314,0.3779299547905773,0.0,0.0,2
1.97,PINN Vanilla,0.25031334543228173,0.001393643728777507,0.0009710883001201506,0.0018948837807244712,0.0713353231549263,0.44908642768859863,0.7543814480304718,0.3771921656776511,0.0,0.0,2
1.975,PINN Vanilla,0.2503176421299579,0.0013765023749956178,0.0009651828309139928,0.0018797279568043002,0.07162274420261383,0.4486382007598877,0.7529097199440002,0.376456298821866,0.0,0.0,2
1.98,PINN Vanilla,0.2503218956515195,0.0013595332690909694,0.0009593398376010322,0.0018640318560853852,0.07190842181444168,0.4481900930404663,0.7514416873455048,0.3757222797171311,0.0,0.0,2
1.985,PINN Vanilla,0.2503261102065446,0.0013427196172673508,0.0009535307599097268,0.00184839546614321,0.07219447940587997,0.44774460792541504,0.7499788105487823,0.3749908385231358,0.0,0.0,2
1.99,PINN Vanilla,0.25033027913421413,0.0013260879923636467,0.0009477998800179109,0.00183210045279808,0.07247911393642426,0.44729912281036377,0.7485182881355286,0.3742605745253742,0.0,0.0,2
1.995,PINN Vanilla,0.2503343867734077,0.001309700873247499,0.0009421385633530492,0.0018161920388120312,0.07276419550180435,0.44685667753219604,0.7470638304948807,0.3735333429255056,0.0,0.0,2
2.0,PINN Vanilla,0.25033845885098005,0.0012934556245574435,0.0009365301499919436,0.0017996711623342876,0.07304835319519043,0.446413516998291,0.7456089556217194,0.37280590270858294,0.0,0.0,2
2.005,PINN Vanilla,0.2503424764350059,0.0012774277737924772,0.000931002336035316,0.0017832657914318428,0.07333216071128845,0.44597387313842773,0.7441616356372833,0.3720822399504607,0.0,0.0,2
2.0100000000000002,PINN Vanilla,0.2503464371711018,0.0012616267135892184,0.0009255610875321301,0.0017666336795248427,0.07361506670713425,0.4455334544181824,0.7427151203155518,0.37135897952522845,0.0,0.0,2
2.015,PINN Vanilla,0.25035034669935724,0.0012460299432325054,0.0009202011062863578,0.0017495754185896384,0.0738978460431099,0.4450962543487549,0.7412753999233246,0.3706391165777339,0.0,0.0,2
2.02,PINN Vanilla,0.2503542023673656,0.0012306480443002752,0.0009149437881780289,0.0017328284609454125,0.07418004423379898,0.4446588158607483,0.7398359924554825,0.36991941009302987,0.0,0.0,2
2.025,PINN Vanilla,0.25035801687091613,0.00121543036789155,0.000909767164962504,0.0017152556671937158,0.07446147501468658,0.44422364234924316,0.7384037226438522,0.3692032724500722,0.0,0.0,2
2.0300000000000002,PINN Vanilla,0.2503617619574072,0.0012004896256457428,0.0009047117484604122,0.00169829622548906,0.07474307715892792,0.443789005279541,0.7369710952043533,0.36848695599249676,0.0,0.0,2
2.035,PINN Vanilla,0.2503654506579044,0.001185773831102366,0.000899764532972336,0.001680541646351702,0.07502292096614838,0.4433567523956299,0.7355470210313797,0.3677749161845297,0.0,0.0,2
2.04,PINN Vanilla,0.25036908317357326,0.001171282181726157,0.0008949236581695311,0.001662866814659214,0.07530374825000763,0.44292449951171875,0.7341211885213852,0.3670619972046919,0.0,0.0,2
2.045,PINN Vanilla,0.25037266571074746,0.0011569899178136924,0.0008902108768102772,0.0016453060416662946,0.07558266818523407,0.4424946904182434,0.7327041476964951,0.36635347408420765,0.0,0.0,2
2.05,PINN Vanilla,0.25037619209289574,0.0011429216801740203,0.0008856181715529478,0.0016274464408811973,0.07586213946342468,0.4420650005340576,0.7312862277030945,0.3656445113777881,0.0,0.0,2
2.055,PINN Vanilla,0.2503796556293967,0.001129104160540622,0.0008811604687238916,0.001609416138890707,0.07614011317491531,0.44163793325424194,0.7298762947320938,0.3649395421978321,0.0,0.0,2
2.06,PINN Vanilla,0.25038305800408145,0.0011155306413950128,0.0008768453704394533,0.0015914496512214327,0.07641877233982086,0.4412105679512024,0.72846519947052,0.3642339918703683,0.0,0.0,2
2.065,PINN Vanilla,0.2503863930255177,0.0011022258229932073,0.0008726645421447494,0.0015733582167539728,0.07669561356306076,0.44078588485717773,0.727062463760376,0.36353262133459496,0.0,0.0,2
2.07,PINN Vanilla,0.25038967664539835,0.0010891260672500598,0.0008686402067232264,0.0015551413649314283,0.07697320729494095,0.4403612017631531,0.7256584465503693,0.3628306100464413,0.0,0.0,2
2.075,PINN Vanilla,0.25039289199560905,0.0010762986682454536,0.0008647771888521459,0.0015365956788051527,0.07724915444850922,0.4399387836456299,0.7242624461650848,0.3621326071859693,0.0,0.0,2
2.08,PINN Vanilla,0.2503960448950531,0.0010637204118999681,0.0008610598548333196,0.001518309503900056,0.07752516120672226,0.43951672315597534,0.7228668630123138,0.36143481294255136,0.0,0.0,2
2.085,PINN Vanilla,0.2503991410508754,0.00105136852998654,0.000857499915542604,0.0014998152934342368,0.07780050486326218,0.4390968084335327,0.7214766591787338,0.3607397083690091,0.0,0.0,2
2.09,PINN Vanilla,0.25040216902643464,0.0010392886481294125,0.0008541234683850943,0.0014813875344462935,0.0780750960111618,0.43867719173431396,0.7200892418622971,0.36004599705936363,0.0,0.0,2
2.095,PINN Vanilla,0.2504051225706937,0.001027505704373351,0.0008509200087467973,0.0014626728163130154,0.07834965735673904,0.4382595419883728,0.7187051326036453,0.3593539397849326,0.0,0.0,2
2.1,PINN Vanilla,0.25040802347660085,0.001015932757382343,0.0008478887226038651,0.0014439962888226077,0.07862336933612823,0.4378424286842346,0.7173241376876831,0.3586634396877979,0.0,0.0,2
2.105,PINN Vanilla,0.2504108542352917,0.0010046396574604724,0.0008450471420591308,0.0014253956047136362,0.0788971558213234,0.4374274015426636,0.7159473150968552,0.35797502576120394,0.0,0.0,2
2.11,PINN Vanilla,0.2504136156886818,0.0009936230458484976,0.0008423943272050475,0.0014065987721741113,0.07916943728923798,0.43701237440109253,0.7145739197731018,0.35728832547469697,0.0,0.0,2
2.115,PINN Vanilla,0.25041630534082676,0.0009828928799299908,0.000839937381898048,0.0014014148431588658,0.07944244146347046,0.4365995526313782,0.713202565908432,0.35660264592163304,0.0,0.0,2
2.12,PINN Vanilla,0.25041893601417564,0.0009723980055039858,0.0008376690490501417,0.0014067602915447952,0.07971355319023132,0.4361870288848877,0.71183642745018,0.355919574081745,0.0,0.0,2
2.125,PINN Vanilla,0.2504214972034099,0.000962180332752579,0.0008356047148201941,0.0014122086890393515,0.07998567074537277,0.4357767105102539,0.7104725688695908,0.3552376421850453,0.0,0.0,2
2.13,PINN Vanilla,0.2504239813536408,0.0009522700013388329,0.0008337472682748239,0.001417692396617598,0.08025562018156052,0.4353664517402649,0.7091130465269089,0.354557878415586,0.0,0.0,2
2.1350000000000002,PINN Vanilla,0.2504264026656749,0.0009426103582079881,0.0008320965050427932,0.0014235543644099957,0.08052673935890198,0.43495845794677734,0.7077557146549225,0.3538792098856606,0.0,0.0,2
2.14,PINN Vanilla,0.2504287430718543,0.0009332734829287971,0.0008306439722937521,0.0014293667295345591,0.08079603314399719,0.4345504641532898,0.7064020484685898,0.3532023742055673,0.0,0.0,2
2.145,PINN Vanilla,0.25043103522062327,0.0009241291269766754,0.0008294227404233767,0.0014357135356182493,0.0810655951499939,0.4341447353363037,0.7050524950027466,0.35252759489357843,0.0,0.0,2
2.15,PINN Vanilla,0.25043322887271663,0.0009153777161396029,0.0008284079177796006,0.0014419036098973215,0.08133415877819061,0.43373894691467285,0.7037051320075989,0.35185391082112344,0.0,0.0,2
2.1550000000000002,PINN Vanilla,0.25043536577373765,0.0009068527094579602,0.0008276194290407609,0.0014481318894882522,0.08160264790058136,0.43333542346954346,0.702361673116684,0.35118217880824576,0.0,0.0,2
2.16,PINN Vanilla,0.25043743068724894,0.0008986148915583037,0.0008270410457180055,0.0014548387802031937,0.08187073469161987,0.4329320788383484,0.7010195702314377,0.35051112480079377,0.0,0.0,2
2.165,PINN Vanilla,0.2504394209533932,0.0008906748737421635,0.0008267026046695208,0.0014617583194138917,0.08213772624731064,0.43253058195114136,0.6996839791536331,0.3498433267095071,0.0,0.0,2
2.17,PINN Vanilla,0.25044133995473405,0.0008830191615253832,0.000826579948012899,0.0014684693742512689,0.08240454643964767,0.4321296811103821,0.6983494907617569,0.3491760799632918,0.0,0.0,2
2.1750000000000003,PINN Vanilla,0.25044317667186283,0.0008756917160138285,0.0008266835506026023,0.001475550063862019,0.08267082273960114,0.43173062801361084,0.6970200091600418,0.3485113366217254,0.0,0.0,2
2.18,PINN Vanilla,0.2504449480921032,0.0008686247675512212,0.000827004028306789,0.0014826835517744996,0.082937091588974,0.4313318133354187,0.6956912279129028,0.3478469434587854,0.0,0.0,2
2.185,PINN Vanilla,0.25044664342701456,0.00086186135581401,0.0008275656442731383,0.001490016710354869,0.08320223540067673,0.4309346675872803,0.6943678259849548,0.3471852399657211,0.0,0.0,2
2.19,PINN Vanilla,0.250448260702193,0.0008554093575386257,0.0008283403986466762,0.0014972724365139578,0.08346754312515259,0.4305381178855896,0.6930454522371292,0.34652405056468283,0.0,0.0,2
2.195,PINN Vanilla,0.250449809573591,0.0008492302510255867,0.0008293613197702149,0.0015048589737061413,0.08373171836137772,0.43014317750930786,0.6917282938957214,0.34586546887682046,0.0,0.0,2
2.2,PINN Vanilla,0.25045128488540674,0.0008433446049599958,0.0008305987563717449,0.0015123797965825025,0.08399611711502075,0.4297487735748291,0.6904118806123734,0.34520725971941174,0.0,0.0,2
2.205,PINN Vanilla,0.25045267979055663,0.0008377797352696986,0.0008320695194424409,0.0015202876406536503,0.08425909280776978,0.4293559193611145,0.6891016066074371,0.34455212021294146,0.0,0.0,2
2.21,PINN Vanilla,0.25045399979501987,0.0008325136762626734,0.0008337682001278909,0.0015280814625532047,0.08452305942773819,0.4289637804031372,0.6877905130386353,0.34389657092297216,0.0,0.0,2
2.215,PINN Vanilla,0.2504552382379773,0.0008275730007784689,0.0008356923492834889,0.0015360232397873541,0.08478488773107529,0.4285728931427002,0.6864864528179169,0.3432445383204856,0.0,0.0,2
2.22,PINN Vanilla,0.2504564100056889,0.0008228983211967838,0.0008378314677654651,0.0015442059895007798,0.08504778146743774,0.42818301916122437,0.6851824373006821,0.3425925280698264,0.0,0.0,2
2.225,PINN Vanilla,0.2504575009644034,0.0008185460230609178,0.0008401983167691414,0.0015524973187713564,0.0853089913725853,0.42779427766799927,0.6838838756084442,0.3419432447420881,0.0,0.0,2
2.23,PINN Vanilla,0.2504585113897922,0.0008145150066001126,0.0008427863382876443,0.0015607237175157274,0.0855705589056015,0.4274064898490906,0.6825865060091019,0.34129455746307574,0.0,0.0,2
2.235,PINN Vanilla,0.2504594411477449,0.0008108058068379506,0.0008456017567649033,0.001569069202593143,0.085830919444561,0.4270196557044983,0.6812938302755356,0.34064821712592164,0.0,0.0,2
2.24,PINN Vanilla,0.250460314460099,0.0008073217925665271,0.0008486109179602597,0.001577674220178349,0.08609175682067871,0.4266340732574463,0.6800020486116409,0.340002323825312,0.0,0.0,2
2.245,PINN Vanilla,0.2504610912650826,0.0008042227872263128,0.0008518551164441367,0.0015861973479505964,0.08635138720273972,0.4262494444847107,0.6787148267030716,0.3393587104110789,0.0,0.0,2
2.25,PINN Vanilla,0.2504617972299459,0.0008014063932439298,0.0008553128883646604,0.0015946322883049202,0.08661112934350967,0.4258657693862915,0.6774294674396515,0.33871602832298003,0.0,0.0,2
2.255,PINN Vanilla,0.250462425157428,0.0007989013235528134,0.0008589567959838547,0.0016034815248379686,0.08687014877796173,0.4254831075668335,0.6761479079723358,0.338075246140195,0.0,0.0,2
2.2600000000000002,PINN Vanilla,0.2504629830494525,0.0007966756550778126,0.0008628241037198026,0.0016122216128287292,0.08712891489267349,0.42510151863098145,0.6748682409524918,0.33743541018476236,0.0,0.0,2
2.265,PINN Vanilla,0.25046345198154474,0.000794804885594331,0.0008668947903181237,0.0016212649371180332,0.08738721162080765,0.4247208833694458,0.6735922992229462,0.3367974368815982,0.0,0.0,2
2.27,PINN Vanilla,0.2504638482928278,0.0007932238313934423,0.0008711519734232114,0.0016300710099476368,0.08764512091875076,0.4243413805961609,0.6723192930221558,0.3361609313484215,0.0,0.0,2
2.275,PINN Vanilla,0.25046415420621654,0.0007920034128259527,0.0008756086700045621,0.0016390370708383728,0.0879025012254715,0.4239625930786133,0.6710483729839325,0.3355254689005152,0.0,0.0,2
2.2800000000000002,PINN Vanilla,0.25046440057456515,0.0007910205447392271,0.0008802626400864026,0.0016480074333255768,0.08815919607877731,0.42358511686325073,0.6697814762592316,0.3348920181170588,0.0,0.0,2
2.285,PINN Vanilla,0.25046456310898085,0.0007903721258530719,0.000885093628570994,0.0016571690136740203,0.08841560781002045,0.4232082962989807,0.6685164868831635,0.33425952101156386,0.0,0.0,2
2.29,PINN Vanilla,0.25046464683115505,0.0007900381225055238,0.0008901146936083255,0.001666538509883575,0.0886717364192009,0.42283302545547485,0.6672555506229401,0.333629050471737,0.0,0.0,2
2.295,PINN Vanilla,0.25046465466171525,0.0007900068830717028,0.0008953024171652315,0.0016756761546758703,0.08892789483070374,0.4224579334259033,0.6659942716360092,0.33299840856790147,0.0,0.0,2
2.3000000000000003,PINN Vanilla,0.2504645769372585,0.000790316958974463,0.0009006885397615931,0.0016848537231474725,0.08918280899524689,0.4220845103263855,0.6647396087646484,0.3323710747344947,0.0,0.0,2
2.305,PINN Vanilla,0.2504644290804865,0.000790906822499616,0.0009062240934619272,0.0016942062218029408,0.08943811058998108,0.42171138525009155,0.6634842157363892,0.3317433758212433,0.0,0.0,2
2.31,PINN Vanilla,0.2504641987010839,0.0007918259038830054,0.0009119363340998758,0.001703468980187639,0.08969239890575409,0.42134028673171997,0.6622349768877029,0.3311187540095394,0.0,0.0,2
2.315,PINN Vanilla,0.2504638833776119,0.0007930838632733719,0.0009178092006116383,0.0017129957158377451,0.08994679152965546,0.42096859216690063,0.6609845459461212,0.33049353614910953,0.0,0.0,2
2.32,PINN Vanilla,0.2504634980261328,0.0007946211941564816,0.0009238372470011935,0.0017224983337519317,0.09020015597343445,0.42059940099716187,0.6597410887479782,0.3298718051737263,0.0,0.0,2
2.325,PINN Vanilla,0.2504630370363595,0.00079646027835312,0.000930024606213002,0.001731869412380127,0.0904543474316597,0.4202299118041992,0.6584957838058472,0.3292491503228179,0.0,0.0,2
2.33,PINN Vanilla,0.2504624921679499,0.0007986339900912276,0.0009363597039078653,0.0017413670427049721,0.09070643782615662,0.4198627471923828,0.6572589427232742,0.32863072741786337,0.0,0.0,2
2.335,PINN Vanilla,0.25046188693493626,0.0008010485218990028,0.0009428218261120862,0.0017507581179815324,0.09095971286296844,0.41949498653411865,0.6560181081295013,0.3280103077496771,0.0,0.0,2
2.34,PINN Vanilla,0.25046118312329074,0.0008038563257802524,0.0009494427354500486,0.0017604162805591184,0.09121141582727432,0.4191296696662903,0.6547862887382507,0.3273943956999805,0.0,0.0,2
2.345,PINN Vanilla,0.25046040803939124,0.0008069484649842344,0.000956187685507245,0.0017699376042351889,0.0914638340473175,0.4187638759613037,0.6535515785217285,0.32677703823212356,0.0,0.0,2
2.35,PINN Vanilla,0.25045957328379176,0.000810278659968969,0.000963073402843798,0.001779531451608557,0.09171483665704727,0.41840028762817383,0.6523239314556122,0.32616321235296764,0.0,0.0,2
2.355,PINN Vanilla,0.25045864456892036,0.0008139836984364046,0.0009700806155476795,0.0017889712613482767,0.09196647256612778,0.41803622245788574,0.6510947495698929,0.3255486190610771,0.0,0.0,2
2.36,PINN Vanilla,0.2504576352238657,0.0008180104049849569,0.0009772108910692694,0.00181180005221937,0.09221649169921875,0.417674720287323,0.6498729735612869,0.32493772872189625,0.0,0.0,2
2.365,PINN Vanilla,0.25045655432343505,0.0008223225763503726,0.0009844544340346867,0.0018382349184542512,0.09246774017810822,0.4173123240470886,0.6486476808786392,0.324325080038974,0.0,0.0,2
2.37,PINN Vanilla,0.2504553973376753,0.0008269382844414059,0.0009918197535964085,0.0018649514745846668,0.09271713346242905,0.4169526696205139,0.6474314779043198,0.3237169762275867,0.0,0.0,2
2.375,PINN Vanilla,0.2504541727229955,0.0008318237930470013,0.0009992889567959496,0.0018916636895788541,0.09296738356351852,0.41659241914749146,0.6462122052907944,0.3231073375907303,0.0,0.0,2
2.38,PINN Vanilla,0.2504528597369792,0.0008370618524852937,0.0010068516790486348,0.0019182927091909996,0.09321604669094086,0.4162343740463257,0.6450007110834122,0.32250158817181035,0.0,0.0,2
2.3850000000000002,PINN Vanilla,0.25045147357136033,0.0008425918564708473,0.0010145329947726166,0.001945084279104864,0.09346571564674377,0.4158756136894226,0.6437859237194061,0.32189419216828513,0.0,0.0,2
2.39,PINN Vanilla,0.25045000974088927,0.0008484316985710744,0.0010223104517891458,0.0019718512551124834,0.09371376037597656,0.415519654750824,0.6425796151161194,0.32129103556132294,0.0,0.0,2
2.395,PINN Vanilla,0.2504484768435361,0.000854547077827965,0.001030167472986396,0.001998605696036132,0.09396292269229889,0.41516274213790894,0.641369491815567,0.3206859715984378,0.0,0.0,2
2.4,PINN Vanilla,0.2504468760341408,0.0008609333870939914,0.0010381212774719512,0.0020258110127395618,0.09421028196811676,0.41480833292007446,0.6401678919792175,0.3200851693839429,0.0,0.0,2
2.4050000000000002,PINN Vanilla,0.2504451787248256,0.0008677046755676334,0.0010461613311313512,0.002052617977266566,0.09445839375257492,0.41445350646972656,0.6389639973640442,0.31948321977565064,0.0,0.0,2
2.41,PINN Vanilla,0.2504434187561276,0.000874725938959031,0.0010542743170244208,0.002079446917323577,0.09470532089471817,0.4141004681587219,0.6377661377191544,0.31888428766403326,0.0,0.0,2
2.415,PINN Vanilla,0.25044158785790227,0.0008820301703907219,0.0010624721743732108,0.0021061722790631926,0.09495266526937485,0.41374748945236206,0.6365670263767242,0.3182847297012537,0.0,0.0,2
2.42,PINN Vanilla,0.2504396771192553,0.0008896529192087801,0.0010707429811033186,0.00213327840541426,0.09519890695810318,0.4133964776992798,0.6353747695684433,0.3176885990186481,0.0,0.0,2
2.4250000000000003,PINN Vanilla,0.25043769546598216,0.0008975585766201652,0.001079091476645837,0.002160206389967792,0.09544621407985687,0.4130452871322632,0.6341796070337296,0.3170910154672731,0.0,0.0,2
2.43,PINN Vanilla,0.2504356499984863,0.0009057188160968333,0.0010874902657806009,0.0021870804084007933,0.09569160640239716,0.41269564628601074,0.6329916268587112,0.31649702310947164,0.0,0.0,2
2.435,PINN Vanilla,0.2504335131570699,0.0009142435849901678,0.0010959618682472932,0.002214105776348216,0.09593749046325684,0.41234642267227173,0.6318029910326004,0.315902702924871,0.0,0.0,2
2.44,PINN Vanilla,0.2504313203543427,0.0009229916073446257,0.0011044817129411315,0.0022408131587690894,0.09618274122476578,0.41199827194213867,0.6306186616420746,0.31531053596629266,0.0,0.0,2
2.445,PINN Vanilla,0.2504290460869672,0.0009320646268158485,0.001113067085770077,0.0022678274049081487,0.0964280515909195,0.41165077686309814,0.6294349282979965,0.31471866703207724,0.0,0.0,2
2.45,PINN Vanilla,0.25042670353502056,0.0009414100624728005,0.0011217037142301634,0.002294690264504795,0.09667250514030457,0.4113043546676636,0.6282548904418945,0.3141286458489122,0.0,0.0,2
2.455,PINN Vanilla,0.25042428717017196,0.0009510499691773992,0.0011303961708367916,0.0023213118386191667,0.09691746532917023,0.41095834970474243,0.6270754784345627,0.3135389375913282,0.0,0.0,2
2.46,PINN Vanilla,0.25042179673910164,0.0009609853575298429,0.0011391260647595125,0.00234871418600259,0.09716171026229858,0.4106135964393616,0.6258995234966278,0.31295095787504934,0.0,0.0,2
2.465,PINN Vanilla,0.25041924449801467,0.0009711673323174279,0.0011479069927200895,0.002375090314591169,0.09740567207336426,0.4102698564529419,0.6247264444828033,0.31236441612632176,0.0,0.0,2
2.47,PINN Vanilla,0.25041662162542366,0.0009816310862037659,0.0011567226487558158,0.002402015751906225,0.0976492390036583,0.40992653369903564,0.6235543787479401,0.3117783810190112,0.0,0.0,2
2.475,PINN Vanilla,0.2504139261171224,0.000992384614819663,0.0011655741167830031,0.0024286670861375786,0.09789303690195084,0.4095842242240906,0.6223842650651932,0.3111933219414893,0.0,0.0,2
2.48,PINN Vanilla,0.25041116096079374,0.0010034159990276732,0.001174474025535366,0.0024552295292047943,0.09813586622476578,0.40924280881881714,0.6212183237075806,0.310610349034508,0.0,0.0,2
2.485,PINN Vanilla,0.25040832795202755,0.001014718075456733,0.0011833932322956515,0.0024819284570534866,0.09837882965803146,0.40890228748321533,0.620053306221962,0.3100278380652894,0.0,0.0,2
2.49,PINN Vanilla,0.25040542982518693,0.0010262799355698162,0.0011923375423212382,0.0025083519297170037,0.09862127900123596,0.40856194496154785,0.6188899874687195,0.30944617646550515,0.0,0.0,2
2.495,PINN Vanilla,0.2504024670645597,0.0010380996473368642,0.0012013257094749944,0.002534799612164629,0.09886341542005539,0.40822315216064453,0.617729663848877,0.3088660124381447,0.0,0.0,2
2.5,PINN Vanilla,0.2503994194790723,0.0010502577615347166,0.0012103224083553738,0.0025612018212597815,0.0991053655743599,0.407884418964386,0.616570919752121,0.30828663817534613,0.0,0.0,2
2.505,PINN Vanilla,0.2503963153883817,0.001062641299011394,0.0012193414442298043,0.002587459278282647,0.09934751689434052,0.4075475335121155,0.6154150515794754,0.3077087018800988,0.0,0.0,2
2.5100000000000002,PINN Vanilla,0.2503931475430729,0.0010752791807654893,0.0012283861968471067,0.002613692790771255,0.0995890200138092,0.40721017122268677,0.6142593622207642,0.30713085499216036,0.0,0.0,2
2.515,PINN Vanilla,0.2503899164721372,0.0010881692964258241,0.0012374456574061514,0.002640019345695327,0.09983034431934357,0.4068751335144043,0.6131087392568588,0.306555541311307,0.0,0.0,2
2.52,PINN Vanilla,0.25038660857081435,0.001101365921165184,0.0012465330448508775,0.0026660541928024556,0.1000709980726242,0.4065394401550293,0.6119581162929535,0.3059802276304536,0.0,0.0,2
2.525,PINN Vanilla,0.2503832449764016,0.0011147847293182813,0.0012556190536011575,0.0026919213676393355,0.10031195729970932,0.4062058925628662,0.6108114272356033,0.3054068809103958,0.0,0.0,2
2.5300000000000002,PINN Vanilla,0.25037981718033575,0.0011284596651608852,0.0012647189653062106,0.0027179548302948553,0.10055246204137802,0.4058716297149658,0.6096648573875427,0.3048335937952105,0.0,0.0,2
2.535,PINN Vanilla,0.2503763202056291,0.0011424105840131746,0.0012738272886992103,0.0027439200451351425,0.10079265385866165,0.4055395722389221,0.6085222512483597,0.3042622885420389,0.0,0.0,2
2.54,PINN Vanilla,0.250372765645385,0.001156591236056985,0.0012829382920421719,0.0027695564043802717,0.1010323017835617,0.4052070379257202,0.6073803603649139,0.3036913409181028,0.0,0.0,2
2.545,PINN Vanilla,0.25036914726346754,0.001171026499889894,0.0012920583791770706,0.0027954941868309907,0.10127255320549011,0.40487682819366455,0.606241762638092,0.303122039878772,0.0,0.0,2
2.5500000000000003,PINN Vanilla,0.25036546207964444,0.0011857282649253102,0.0013011887211123944,0.002821206067088064,0.1015118807554245,0.4045454263687134,0.6051025092601776,0.302552411012642,0.0,0.0,2
2.555,PINN Vanilla,0.25036171890050196,0.0012006613979465889,0.0013103071628444455,0.0028465170804631013,0.10175124555826187,0.4042167663574219,0.6039687246084213,0.3019855165200421,0.0,0.0,2
2.56,PINN Vanilla,0.25035791194438956,0.0012158489644158456,0.0013194386114777723,0.002871836353983012,0.10198982805013657,0.4038872718811035,0.6028348058462143,0.30141855497196046,0.0,0.0,2
2.565,PINN Vanilla,0.25035404828190827,0.0012312627566994118,0.0013285547962969286,0.0028970908978008386,0.10222901403903961,0.4035598039627075,0.6017038524150848,0.30085307609508455,0.0,0.0,2
2.57,PINN Vanilla,0.2503501197397711,0.0012469353815139903,0.0013376666350363071,0.002922344437446628,0.10246727615594864,0.403232216835022,0.6005744785070419,0.3002883869827705,0.0,0.0,2
2.575,PINN Vanilla,0.2503461402207615,0.0012628113747456984,0.0013467774964640421,0.0029471077069351675,0.10270586609840393,0.40290623903274536,0.5994478762149811,0.2997250836837441,0.0,0.0,2
2.58,PINN Vanilla,0.250342099696398,0.0012789307442708318,0.0013558747912894805,0.002972286558767759,0.10294374078512192,0.4025801420211792,0.5983221679925919,0.2991622274212622,0.0,0.0,2
2.585,PINN Vanilla,0.2503379973322155,0.0012952968191250389,0.0013649666035246972,0.0029969614888873536,0.10318203270435333,0.4022555351257324,0.5971987247467041,0.29860050365135954,0.0,0.0,2
2.59,PINN Vanilla,0.25033383861184144,0.0013118877227875226,0.0013740460207904816,0.0030218576784076384,0.10341928899288177,0.40193086862564087,0.5960775315761566,0.29803990492342697,0.0,0.0,2
2.595,PINN Vanilla,0.25032962641865036,0.001328691952251151,0.001383120892868441,0.0030463807987202995,0.10365680605173111,0.4016077518463135,0.5949586480855942,0.29748046103990083,0.0,0.0,2
2.6,PINN Vanilla,0.2503253461495044,0.0013457677656414303,0.0013921824092994475,0.003070861982681347,0.10389391332864761,0.40128475427627563,0.593840941786766,0.29692160575449156,0.0,0.0,2
2.605,PINN Vanilla,0.25032102582603716,0.0013630033727485866,0.0014012132040587767,0.0030950912010092313,0.10413119196891785,0.4009630084037781,0.5927251875400543,0.296363726498871,0.0,0.0,2
2.61,PINN Vanilla,0.2503166415318849,0.0013804941861156111,0.001410239559118418,0.003118951776394069,0.10436755418777466,0.40064191818237305,0.5916128158569336,0.29580753853151015,0.0,0.0,2
2.615,PINN Vanilla,0.25031221295893213,0.001398161646442911,0.0014192434586779337,0.00314336181450936,0.10460434854030609,0.4003213047981262,0.5905003845691681,0.295251320761713,0.0,0.0,2
2.62,PINN Vanilla,0.2503077209591868,0.0014160821432119344,0.001428226918763499,0.003167219659377357,0.10484051704406738,0.4000014662742615,0.5893912613391876,0.2946967570271302,0.0,0.0,2
2.625,PINN Vanilla,0.2503031718954446,0.0014342302925253372,0.0014371988824699617,0.0031911067026649392,0.10507700592279434,0.39968258142471313,0.588282898068428,0.29414257327361026,0.0,0.0,2
2.63,PINN Vanilla,0.25029857567697783,0.0014525665620829964,0.001446142543550942,0.0032146530013140995,0.10531272739171982,0.39936429262161255,0.5871774703264236,0.2935898572900778,0.0,0.0,2
2.6350000000000002,PINN Vanilla,0.2502939400970938,0.001471059861068617,0.0014550654233141203,0.0032380986638048254,0.10554897785186768,0.3990466594696045,0.5860721468925476,0.29303719346080886,0.0,0.0,2
2.64,PINN Vanilla,0.2502892440259459,0.0014897944854241154,0.001463963579984161,0.0032614631321588455,0.10578395426273346,0.3987298607826233,0.5849713981151581,0.2924868169685256,0.0,0.0,2
2.645,PINN Vanilla,0.2502844887301328,0.0015087653821482775,0.0014728452925341147,0.003284678628794946,0.1060200184583664,0.39841341972351074,0.5838688015937805,0.2919355166007172,0.0,0.0,2
2.65,PINN Vanilla,0.25027969229221364,0.0015279004122253845,0.0014816786964507135,0.0033076965767489114,0.10625460743904114,0.398098349571228,0.5827719271183014,0.29138707726679314,0.0,0.0,2
2.6550000000000002,PINN Vanilla,0.25027485194802307,0.001547210603085952,0.0014905099247247827,0.0033306858991667687,0.10649019479751587,0.3977832794189453,0.5816733837127686,0.29083780346465277,0.0,0.0,2
2.66,PINN Vanilla,0.2502699513882401,0.0015667610195454172,0.0014992993599388653,0.003353228400829328,0.1067245826125145,0.39747005701065063,0.5805807262659073,0.29029147265309657,0.0,0.0,2
2.665,PINN Vanilla,0.250265008710325,0.001586479463140652,0.001508067240782465,0.0033759475117622756,0.10695973038673401,0.39715588092803955,0.5794847011566162,0.28974345800388973,0.0,0.0,2
2.67,PINN Vanilla,0.25026002173870826,0.001606374613143128,0.0015167984983812425,0.003398413298859204,0.10719362646341324,0.39684414863586426,0.5783963650465012,0.2891992878689649,0.0,0.0,2
2.6750000000000003,PINN Vanilla,0.25025498429685855,0.0016264711103625583,0.0015255085186699976,0.0034210422866129547,0.10742803663015366,0.3965316414833069,0.5773051530122757,0.2886536797664889,0.0,0.0,2
2.68,PINN Vanilla,0.25024990641325734,0.0016467289469226458,0.0015341768059334848,0.0034426497338534423,0.10766197741031647,0.39622122049331665,0.5762192010879517,0.288110701729016,0.0,0.0,2
2.685,PINN Vanilla,0.2502447793334725,0.001667183047975101,0.0015428229381744397,0.0034647442836862052,0.1078963354229927,0.39591002464294434,0.5751305967569351,0.28756639748312784,0.0,0.0,2
2.69,PINN Vanilla,0.250239606574178,0.001687819384012406,0.001551435124405584,0.0034865868583767445,0.10812963545322418,0.3956012725830078,0.5740494430065155,0.28702581854177667,0.0,0.0,2
2.695,PINN Vanilla,0.25023438611626647,0.0017086460101121122,0.0015600179969321346,0.003508374836641376,0.10836327821016312,0.39529138803482056,0.5729648023843765,0.2864834961579022,0.0,0.0,2
2.7,PINN Vanilla,0.25022912991791985,0.001729615220002613,0.0015685479322140989,0.003529743418886261,0.1085963100194931,0.39498382806777954,0.5718865990638733,0.28594439243714764,0.0,0.0,2
2.705,PINN Vanilla,0.2502238276228311,0.0017507683293956774,0.001577060944768415,0.0035511338645743545,0.10882968455553055,0.39467573165893555,0.5708063393831253,0.28540426053234086,0.0,0.0,2
2.71,PINN Vanilla,0.2502184956297281,0.0017720399167936282,0.00158552943988595,0.0035722349145992094,0.10906221717596054,0.3943690061569214,0.569730594754219,0.2848663861620835,0.0,0.0,2
2.715,PINN Vanilla,0.2502131144925954,0.001793507560619675,0.0015939617206577464,0.003592931617800804,0.10929563641548157,0.394062340259552,0.5686532258987427,0.28432769967543703,0.0,0.0,2
2.72,PINN Vanilla,0.2502076895460489,0.001815149978823348,0.0016023546774743124,0.0036139311310931094,0.10952773690223694,0.3937572240829468,0.5675816535949707,0.28379191147572036,0.0,0.0,2
2.725,PINN Vanilla,0.2502022239118817,0.0018369547172442833,0.0016107305749831862,0.003634540371164466,0.10976046323776245,0.39345234632492065,0.5665090680122375,0.2832556166345866,0.0,0.0,2
2.73,PINN Vanilla,0.25019672842323804,0.0018588785578644688,0.001619042769078424,0.003654843567833896,0.10999250411987305,0.39314818382263184,0.5654396414756775,0.2827209013225765,0.0,0.0,2
2.735,PINN Vanilla,0.2501911911889913,0.0018809689394436093,0.0016273214493707857,0.0036750582064901532,0.11022491008043289,0.39284443855285645,0.5643703192472458,0.2821862381648299,0.0,0.0,2
2.74,PINN Vanilla,0.2501856135874989,0.0019032203631279114,0.0016355750093076736,0.003695390335014717,0.1104566901922226,0.39254188537597656,0.5633043348789215,0.2816532439435159,0.0,0.0,2
2.745,PINN Vanilla,0.2501800018399956,0.001925608009766986,0.00164377742519776,0.0037150183891798416,0.11068852990865707,0.3922397494316101,0.5622393041849136,0.2811207265611826,0.0,0.0,2
2.75,PINN Vanilla,0.2501743526309731,0.0019481451063330872,0.0016519249702833306,0.0037349574202067415,0.1109197661280632,0.39193785190582275,0.5611756891012192,0.2805889169867113,0.0,0.0,2
2.755,PINN Vanilla,0.25016867825388933,0.0019707826089957635,0.001660050302869126,0.003754365735112189,0.11115163564682007,0.3916374444961548,0.5601145923137665,0.28005836656517347,0.0,0.0,2
2.7600000000000002,PINN Vanilla,0.25016295919567366,0.001993598363689905,0.0016681262856787793,0.003773768621592108,0.111382856965065,0.39133691787719727,0.5590538680553436,0.27952800240886244,0.0,0.0,2
2.765,PINN Vanilla,0.25015720582008383,0.0020165510249797063,0.0016761606820853425,0.003792839810552215,0.11161398887634277,0.39103788137435913,0.557996928691864,0.27899953070725625,0.0,0.0,2
2.77,PINN Vanilla,0.25015142495930215,0.0020396133363851736,0.0016841584276461705,0.0038118047884506817,0.11184489727020264,0.3907386064529419,0.5569390952587128,0.2784706119691056,0.0,0.0,2
2.775,PINN Vanilla,0.25014561285078546,0.002062800308290651,0.0016921196152390205,0.003830538234213629,0.11207588016986847,0.39044076204299927,0.555884450674057,0.2779432876612967,0.0,0.0,2
2.7800000000000002,PINN Vanilla,0.2501397638991477,0.0020861342630699568,0.0017000289863651488,0.0038490598859426406,0.11230628937482834,0.39014267921447754,0.5548305660486221,0.2774163433345506,0.0,0.0,2
2.785,PINN Vanilla,0.25013388244062684,0.0021095979016264497,0.0017078809528106964,0.0038674213970690263,0.11253707110881805,0.38984668254852295,0.5537797510623932,0.27689093383327373,0.0,0.0,2
2.79,PINN Vanilla,0.25012797871232056,0.0021331503838249765,0.001715712604399967,0.0038857159429392246,0.11276721954345703,0.3895496129989624,0.5527282953262329,0.27636520395580666,0.0,0.0,2
2.795,PINN Vanilla,0.250122042603791,0.0021568320445007013,0.001723480530852211,0.00390375609370959,0.1129973828792572,0.3892548084259033,0.5516815781593323,0.2758418433720251,0.0,0.0,2
2.8000000000000003,PINN Vanilla,0.2501160796582701,0.002180620769344741,0.0017312104781386408,0.0039217451608131865,0.11322780698537827,0.38895922899246216,0.5506325215101242,0.2753173130426189,0.0,0.0,2
2.805,PINN Vanilla,0.25011008183658145,0.0022045486300495513,0.0017389027877827254,0.003939151528325149,0.11345705389976501,0.38866549730300903,0.5495899617671967,0.27479603117876894,0.0,0.0,2
2.81,PINN Vanilla,0.25010406199097657,0.002228564353519791,0.0017465345939154692,0.003956593559989008,0.11368745565414429,0.3883715271949768,0.5485442578792572,0.2742731772364044,0.0,0.0,2
2.815,PINN Vanilla,0.250098012596369,0.0022526979605245892,0.001754132669981429,0.00397369293594331,0.1139167919754982,0.38807904720306396,0.5475035458803177,0.27375281924807954,0.0,0.0,2
2.82,PINN Vanilla,0.25009193594008705,0.002276940325938788,0.001761681824911274,0.003990638755873313,0.1141466498374939,0.3877864480018616,0.5464621782302856,0.27323213343295544,0.0,0.0,2
2.825,PINN Vanilla,0.2500858414992692,0.0023012536414278298,0.0017691865222900559,0.004007488754708161,0.11437530070543289,0.3874950408935547,0.5454248636960983,0.27271347418349945,0.0,0.0,2
2.83,PINN Vanilla,0.25007972124964023,0.002325669919237204,0.0017766421258700728,0.004024298540419857,0.1146048977971077,0.3872036933898926,0.5443861335515976,0.2721941071261814,0.0,0.0,2
2.835,PINN Vanilla,0.2500735816359522,0.002350163448510699,0.0017840427472487531,0.004040644848811489,0.1148335188627243,0.3869136571884155,0.5433521270751953,0.27167710191193983,0.0,0.0,2
2.84,PINN Vanilla,0.2500674180239441,0.002374752717286054,0.0017914138032037914,0.004056654615866934,0.11506284773349762,0.3866238594055176,0.5423171818256378,0.2711596273093265,0.0,0.0,2
2.845,PINN Vanilla,0.2500612233653667,0.0023994658440259337,0.0017987203361148614,0.00407263786592664,0.11529138684272766,0.3863348364830017,0.5412851274013519,0.2706435981248736,0.0,0.0,2
2.85,PINN Vanilla,0.25005501712858696,0.0024242251611372337,0.0018059957097711686,0.004088565758618559,0.11552011966705322,0.38604623079299927,0.5402534008026123,0.2701277328538203,0.0,0.0,2
2.855,PINN Vanilla,0.2500487826764586,0.002449097041270198,0.0018132111558203808,0.004104067441819709,0.11574789881706238,0.38575857877731323,0.5392260253429413,0.2696140431606165,0.0,0.0,2
2.86,PINN Vanilla,0.2500425309985878,0.0024740376422131157,0.0018203831546847208,0.00411942089856171,0.11597681790590286,0.38547128438949585,0.538196787238121,0.2690994221412785,0.0,0.0,2
2.865,PINN Vanilla,0.2500362560972574,0.00249907089141011,0.0018274934002548524,0.004134721896659338,0.11620448529720306,0.3851845860481262,0.5371713936328888,0.26858672337908157,0.0,0.0,2
2.87,PINN Vanilla,0.2500299743115904,0.002524131605152477,0.0018345678745512214,0.004149713519754739,0.11643289774656296,0.3848987817764282,0.5361463576555252,0.2680742034315024,0.0,0.0,2
2.875,PINN Vanilla,0.2500236604139211,0.002549320427324655,0.001841597603953305,0.004164320253968415,0.11666036397218704,0.384613037109375,0.5351230055093765,0.26756252540274855,0.0,0.0,2
2.88,PINN Vanilla,0.2500173351466658,0.002574554607609175,0.001848558473591205,0.004178813100261344,0.11688826978206635,0.38432860374450684,0.5341012179851532,0.2670516296879475,0.0,0.0,2
2.8850000000000002,PINN Vanilla,0.2500109947100284,0.0025998493050081277,0.0018554867674542626,0.0041932083713733664,0.11711554229259491,0.38404417037963867,0.5330815017223358,0.2665417696078077,0.0,0.0,2
2.89,PINN Vanilla,0.2500046436414125,0.002625186417889608,0.0018623617305096216,0.004207322044903081,0.11734329164028168,0.38376110792160034,0.532063215970993,0.2660326247861389,0.0,0.0,2
2.895,PINN Vanilla,0.2499982732832434,0.0026506004849998236,0.001869192838865177,0.004221273510240556,0.11757036298513412,0.38347774744033813,0.5310456603765488,0.2655238450443148,0.0,0.0,2
2.9,PINN Vanilla,0.2499918914884331,0.002676060177734061,0.0018759553278899835,0.004235014861939584,0.11779773235321045,0.38319629430770874,0.5300313234329224,0.26501667463405065,0.0,0.0,2
2.9050000000000002,PINN Vanilla,0.24998549205064796,0.0027015902557958544,0.0018826935730689,0.004248569411513761,0.11802441626787186,0.3829137682914734,0.5290161520242691,0.26450908698967834,0.0,0.0,2
2.91,PINN Vanilla,0.2499790838211777,0.0027271554076274377,0.0018893520092612363,0.004261679380117525,0.11825133860111237,0.38263338804244995,0.528005063533783,0.2640035408121923,0.0,0.0,2
2.915,PINN Vanilla,0.2499726658612492,0.002752759378393888,0.001895985994167245,0.004274674296408279,0.11847829818725586,0.38235247135162354,0.5269926190376282,0.2634973166292805,0.0,0.0,2
2.92,PINN Vanilla,0.2499662270843985,0.002778446396713304,0.0019025682657519754,0.004287773917956317,0.11870454251766205,0.38207322359085083,0.5259852409362793,0.2629936256534538,0.0,0.0,2
2.9250000000000003,PINN Vanilla,0.2499597769081595,0.002804178892039216,0.001909090890750384,0.004300303998810193,0.11893123388290405,0.3817935585975647,0.5249755680561066,0.26248878728382974,0.0,0.0,2
2.93,PINN Vanilla,0.24995332983136198,0.002829899022375213,0.0019155532233597614,0.004312739294581758,0.11915739625692368,0.3815150856971741,0.5239700525999069,0.26198602763413725,0.0,0.0,2
2.935,PINN Vanilla,0.2499468678608539,0.0028556785700547737,0.0019219864168333858,0.004324997855854426,0.11938370019197464,0.3812371492385864,0.5229648798704147,0.2614834393484535,0.0,0.0,2
2.94,PINN Vanilla,0.24994039076566718,0.0028815184565077574,0.0019283623552350483,0.004336904358959684,0.11960941553115845,0.38095980882644653,0.5219621062278748,0.2609820506108306,0.0,0.0,2
2.945,PINN Vanilla,0.24993391150236152,0.002907366992508952,0.0019346796621292285,0.0043486285433321226,0.1198357492685318,0.3806832432746887,0.5209599435329437,0.2604809673481797,0.0,0.0,2
2.95,PINN Vanilla,0.24992741528153442,0.002933283179272713,0.001940946799828762,0.004360184850236495,0.12006102502346039,0.3804067373275757,0.5199597775936127,0.2599808824671448,0.0,0.0,2
2.955,PINN Vanilla,0.24992093330621742,0.0029591425346401517,0.0019471816589373418,0.004371804239692231,0.12028709053993225,0.38013142347335815,0.5189602971076965,0.2594811403141272,0.0,0.0,2
2.96,PINN Vanilla,0.24991442476213,0.0029851078841286295,0.001953354185232201,0.004382833480372383,0.12051215767860413,0.3798561096191406,0.5179631114006042,0.258982545554907,0.0,0.0,2
2.965,PINN Vanilla,0.24990792541205906,0.0030110365547764595,0.0019594651317692002,0.004393562183424626,0.12073790282011032,0.37958210706710815,0.5169667154550552,0.25848434567796774,0.0,0.0,2
2.97,PINN Vanilla,0.2499014029055836,0.003037057606166907,0.001965541351007848,0.0044044251559987035,0.1209624633193016,0.37930792570114136,0.5159728676080704,0.25798741985518003,0.0,0.0,2
2.975,PINN Vanilla,0.24989488979429028,0.0030630411761814443,0.0019715606966138536,0.004414898986527249,0.12118794023990631,0.3790350556373596,0.5149798095226288,0.2574908889146733,0.0,0.0,2
2.98,PINN Vanilla,0.24988838148862147,0.0030890055745166896,0.001977515931720932,0.004425327863210787,0.12141247093677521,0.3787619471549988,0.5139881670475006,0.2569950657820286,0.0,0.0,2
2.985,PINN Vanilla,0.24988186856359265,0.00311498840144293,0.0019834280991026425,0.004435311852177881,0.12163771688938141,0.3784903883934021,0.5129975974559784,0.2564997790932371,0.0,0.0,2
2.99,PINN Vanilla,0.24987534492462896,0.0031410139708104557,0.0019892911822817208,0.004444835110997997,0.1218620091676712,0.37821847200393677,0.5120087563991547,0.2560053566750983,0.0,0.0,2
2.995,PINN Vanilla,0.24986881217360518,0.00316707589205965,0.001995115270497505,0.0044544808742929265,0.12208704650402069,0.37794798612594604,0.5110211074352264,0.25551153030568535,0.0,0.0,2
3.0,PINN Vanilla,0.24986229511350416,0.003193075215546938,0.0020008594856737393,0.004463987897953631,0.12231071293354034,0.3776770234107971,0.5100356936454773,0.25501882152763344,0.0,0.0,2
3.005,PINN Vanilla,0.24985576488077663,0.003219127090241778,0.002006581780444938,0.004473179486073314,0.12253530323505402,0.37740832567214966,0.5090527534484863,0.25452734955068784,0.0,0.0,2
3.0100000000000002,PINN Vanilla,0.24984925432503247,0.0032451004650842132,0.0020122308940631085,0.004482118889656855,0.1227588802576065,0.3771384358406067,0.5080691277980804,0.25403553484572483,0.0,0.0,2
3.015,PINN Vanilla,0.2498427296355369,0.003271130225470059,0.002017829440720569,0.004490964755254456,0.12298314273357391,0.37687045335769653,0.507087916135788,0.2535449271394317,0.0,0.0,2
3.02,PINN Vanilla,0.2498362156301739,0.0032971173623085525,0.0020233944221951213,0.004499517715887913,0.12320674955844879,0.3766023516654968,0.5061083436012268,0.2530551390001368,0.0,0.0,2
3.025,PINN Vanilla,0.24982969220727705,0.0033231420696936275,0.0020288935277446183,0.004507676251733594,0.12343063205480576,0.3763350248336792,0.5051291137933731,0.25256552222485057,0.0,0.0,2
3.0300000000000002,PINN Vanilla,0.2498231860473754,0.0033490979076513335,0.0020343403262158633,0.004516057404784196,0.12365354597568512,0.376068115234375,0.5041531920433044,0.2520775594847787,0.0,0.0,2
3.035,PINN Vanilla,0.24981667108833813,0.003375088849102091,0.00203974320973652,0.004523726622733759,0.12387752532958984,0.37580186128616333,0.5031763911247253,0.2515891571587715,0.0,0.0,2
3.04,PINN Vanilla,0.2498101712986829,0.003401019273438527,0.0020450944666511226,0.004531472869504366,0.1241007000207901,0.3755362033843994,0.5022017657756805,0.25110184262168905,0.0,0.0,2
3.045,PINN Vanilla,0.24980367285013222,0.0034269443475388062,0.0020503871451143193,0.0045388997995793046,0.12432381510734558,0.3752713203430176,0.5012295544147491,0.25061573508327656,0.0,0.0,2
3.0500000000000003,PINN Vanilla,0.24979718290269398,0.0034528355070872424,0.0020556285004078756,0.0045461494938501545,0.1245468482375145,0.3750067353248596,0.5002577155828476,0.250129813810091,0.0,0.0,2
3.055,PINN Vanilla,0.2497906946241858,0.0034787200085641605,0.0020608291587483744,0.0045531567235816695,0.12476915121078491,0.37474268674850464,0.49928855895996094,0.24964523364653862,0.0,0.0,2
3.06,PINN Vanilla,0.2497842146754267,0.003504571279130565,0.0020659681033210996,0.004560132206285483,0.12499214708805084,0.37447935342788696,0.4983194172382355,0.24916066093359535,0.0,0.0,2
3.065,PINN Vanilla,0.24977774454653284,0.00353038337407953,0.0020710519044722375,0.004566890322604267,0.12521444261074066,0.37421631813049316,0.49735233187675476,0.24867711640470427,0.0,0.0,2
3.0700000000000003,PINN Vanilla,0.24977128265798115,0.0035561625948002224,0.0020761038411440647,0.004573126095357705,0.12543721497058868,0.3739544749259949,0.49638664722442627,0.24819427223306614,0.0,0.0,2
3.075,PINN Vanilla,0.2497648184001448,0.0035819512676047204,0.0020810815029893622,0.004579277782590568,0.12565886974334717,0.3736923933029175,0.49542248249053955,0.24771218802355352,0.0,0.0,2
3.08,PINN Vanilla,0.24975837254524252,0.0036076665232811778,0.0020860188668296777,0.004585144608948016,0.1258813887834549,0.3734317421913147,0.4944596290588379,0.24723075946763942,0.0,0.0,2
3.085,PINN Vanilla,0.24975193209946178,0.003633360199672112,0.0020909038937038057,0.004590944499164806,0.12610289454460144,0.37317055463790894,0.4934978783130646,0.24674988225679675,0.0,0.0,2
3.09,PINN Vanilla,0.24974551571905634,0.003658957869049506,0.002095743160234779,0.004596471104865274,0.1263250708580017,0.37291133403778076,0.4925387501716614,0.2462703163531511,0.0,0.0,2
3.095,PINN Vanilla,0.24973910431563875,0.0036845356831063892,0.0021005059889712225,0.00460171559639827,0.12654656171798706,0.3726511597633362,0.4915785491466522,0.24579021400565212,0.0,0.0,2
3.1,PINN Vanilla,0.24973269861936592,0.003710090728936431,0.002105246322175606,0.004607272776958771,0.12676845490932465,0.37239277362823486,0.49062153697013855,0.24531170608849495,0.0,0.0,2
3.105,PINN Vanilla,0.2497263143360617,0.0037355603493308682,0.002109909924834624,0.004611668399609553,0.12698937952518463,0.37213432788848877,0.4896663427352905,0.2448341071456448,0.0,0.0,2
3.11,PINN Vanilla,0.249719941839576,0.00376098294709514,0.002114547704313746,0.004616194439086702,0.12721088528633118,0.3718768358230591,0.48871201276779175,0.24435694033812091,0.0,0.0,2
3.115,PINN Vanilla,0.24971357765793822,0.003786372373395865,0.0021191143604539203,0.004620872118957037,0.12743136286735535,0.37161922454833984,0.4877591133117676,0.2438804887890681,0.0,0.0,2
3.12,PINN Vanilla,0.2497072249799969,0.003811715906560666,0.002123654662769274,0.004625139274805262,0.12765289843082428,0.37136292457580566,0.48680660128593445,0.24340423095585123,0.0,0.0,2
3.125,PINN Vanilla,0.24970088395476364,0.0038370129521187735,0.0021281172692274907,0.004629136024752317,0.12787310779094696,0.3711065649986267,0.48585739731788635,0.24292962715784874,0.0,0.0,2
3.13,PINN Vanilla,0.24969457401335263,0.003862185991094607,0.0021325268821101185,0.004632866879651448,0.12809431552886963,0.37085115909576416,0.48490768671035767,0.24245477003913773,0.0,0.0,2
3.1350000000000002,PINN Vanilla,0.24968826402723812,0.003887359208411672,0.0021369054125453995,0.004636714440943601,0.12831413745880127,0.3705962300300598,0.48396146297454834,0.24198165636295,0.0,0.0,2
3.14,PINN Vanilla,0.2496819781959059,0.003912436062032734,0.002141220310245934,0.00463999161699441,0.1285349577665329,0.3703416585922241,0.48301392793655396,0.24150788703316378,0.0,0.0,2
3.145,PINN Vanilla,0.24967570251226448,0.0039374724322008845,0.002145489757491565,0.004643396141006367,0.12875454127788544,0.37008798122406006,0.48207107186317444,0.24103645719462674,0.0,0.0,2
3.15,PINN Vanilla,0.24966945058107398,0.00396241404374389,0.0021497050683217046,0.004646092556893772,0.12897494435310364,0.36983418464660645,0.48112598061561584,0.2405639097647286,0.0,0.0,2
3.1550000000000002,PINN Vanilla,0.24966323000192664,0.0039872305786573465,0.0021538693538397137,0.004649000071632742,0.1291944831609726,0.3695818781852722,0.4801851809024811,0.24009350811024377,0.0,0.0,2
3.16,PINN Vanilla,0.2496570001691582,0.004012084030199537,0.002157979426561172,0.004651714545592045,0.12941424548625946,0.3693292737007141,0.479244202375412,0.23962301704845002,0.0,0.0,2
3.165,PINN Vanilla,0.24965080267190956,0.004036808481605762,0.0021620448396902974,0.00465414561180838,0.1296338140964508,0.3690779209136963,0.47830572724342346,0.2391537776889807,0.0,0.0,2
3.17,PINN Vanilla,0.24964462749660038,0.004061443881305238,0.0021660612206279945,0.004656374785097561,0.12985295057296753,0.3688262104988098,0.477367103099823,0.2386844638234206,0.0,0.0,2
3.1750000000000003,PINN Vanilla,0.24963846500217937,0.004086028691550481,0.002170021121357986,0.004658342603802934,0.1300722360610962,0.3685761094093323,0.4764317572116852,0.23821678909185676,0.0,0.0,2
3.18,PINN Vanilla,0.24963233901560328,0.004110467856480961,0.002173913198283069,0.00465998262580572,0.13029135763645172,0.3683255910873413,0.4754958152770996,0.23774881633592998,0.0,0.0,2
3.185,PINN Vanilla,0.24962620909512065,0.004134922715437116,0.0021777889099978457,0.004661447802635138,0.13051024079322815,0.36807674169540405,0.4745635986328125,0.23728270623227166,0.0,0.0,2
3.19,PINN Vanilla,0.24962012301385425,0.00415920268112138,0.0021815838499921335,0.004662821789047311,0.13072867691516876,0.3678271174430847,0.4736308753490448,0.2368163428079048,0.0,0.0,2
3.1950000000000003,PINN Vanilla,0.2496140438169243,0.004183455182260603,0.0021853470313870616,0.004663696514882604,0.13094770908355713,0.3675793409347534,0.4727003574371338,0.23635108207368088,0.0,0.0,2
3.2,PINN Vanilla,0.24960799112916016,0.004207601927067097,0.002189055222994049,0.004665161565107073,0.13116593658924103,0.3673308491706848,0.47177043557167053,0.23588611936381992,0.0,0.0,2
3.205,PINN Vanilla,0.24960196436941645,0.00423164523397664,0.0021927186686471105,0.004665886084980114,0.13138431310653687,0.36708390712738037,0.4708429276943207,0.23542236365262892,0.0,0.0,2
3.21,PINN Vanilla,0.2495959602892401,0.004255598062449699,0.0021963050272449792,0.004666125665818505,0.13160204887390137,0.3668367266654968,0.46991634368896484,0.23495906987920048,0.0,0.0,2
3.215,PINN Vanilla,0.2495899745076897,0.004279477889924256,0.0021998745298168806,0.0046666856869591045,0.13182026147842407,0.36659055948257446,0.4689910113811493,0.23449640195693425,0.0,0.0,2
3.22,PINN Vanilla,0.24958402037620567,0.004303231451827834,0.002203372597303705,0.004667107595461073,0.13203784823417664,0.36634474992752075,0.4680669605731964,0.23403437478704836,0.0,0.0,2
3.225,PINN Vanilla,0.24957808925211453,0.004326893227459565,0.0022068253700592683,0.004666767767145474,0.13225579261779785,0.3660997748374939,0.467144638299942,0.23357321188781505,0.0,0.0,2
3.23,PINN Vanilla,0.24957217867672465,0.004350473025585605,0.0022102299496207832,0.00466661540006344,0.1324729323387146,0.36585497856140137,0.4662235677242279,0.23311267483974393,0.0,0.0,2
3.235,PINN Vanilla,0.24956629776954672,0.004373934464600692,0.0022135915609735424,0.004666044582437162,0.13269059360027313,0.3656104803085327,0.4653024673461914,0.23265212289045467,0.0,0.0,2
3.24,PINN Vanilla,0.24956044356524967,0.004397289374471157,0.00221687962470606,0.004665314622342931,0.13290704786777496,0.3653671145439148,0.4643859267234802,0.23219385082754201,0.0,0.0,2
3.245,PINN Vanilla,0.24955461141467117,0.004420556302682149,0.0022201462431058233,0.004664598956954286,0.13312450051307678,0.3651238679885864,0.46346744894981384,0.23173461018544975,0.0,0.0,2
3.25,PINN Vanilla,0.24954880629479909,0.004443715393913047,0.0022233504909037523,0.004663653052248196,0.1333407461643219,0.36488139629364014,0.46255308389663696,0.23127742591146183,0.0,0.0,2
3.255,PINN Vanilla,0.249543042868376,0.004466708152249816,0.0022264916068844742,0.00466242700386682,0.1335577517747879,0.3646387457847595,0.4616369307041168,0.2308193475643851,0.0,0.0,2
3.2600000000000002,PINN Vanilla,0.2495372920483353,0.004489650618367626,0.0022296012580911135,0.004661132375196608,0.13377387821674347,0.36439788341522217,0.46072590351104736,0.23036383222682974,0.0,0.0,2
3.265,PINN Vanilla,0.24953156805038473,0.0045124860797644195,0.0022326627168714006,0.00465947030075381,0.1339905709028244,0.3641563653945923,0.459812194108963,0.2299069757796411,0.0,0.0,2
3.27,PINN Vanilla,0.249525880366564,0.0045351766686582305,0.0022356615727021243,0.004657663385447236,0.1342058628797531,0.36391639709472656,0.4589049518108368,0.22945335289679047,0.0,0.0,2
3.275,PINN Vanilla,0.24952021676301978,0.004557771191091313,0.00223861624918226,0.004655745638393383,0.13442230224609375,0.36367595195770264,0.45799389481544495,0.22899782265801696,0.0,0.0,2
3.2800000000000002,PINN Vanilla,0.24951458111405395,0.004580254190826192,0.0022415286735810083,0.0046535138724169145,0.13463784754276276,0.36343687772750854,0.457087904214859,0.22854482562632855,0.0,0.0,2
3.285,PINN Vanilla,0.24950898662209534,0.00460257299776127,0.0022443884727921383,0.004651344364656501,0.13485336303710938,0.36319780349731445,0.45618143677711487,0.2280915901751498,0.0,0.0,2
3.29,PINN Vanilla,0.24950341558456443,0.004624798235012522,0.002247194461747643,0.004648511765641211,0.13506868481636047,0.3629595637321472,0.4552770256996155,0.2276393829080232,0.0,0.0,2
3.295,PINN Vanilla,0.24949787257611775,0.004646911652330185,0.002249946773087514,0.0046459034700700175,0.13528387248516083,0.36272168159484863,0.4543738067150116,0.22718777168962254,0.0,0.0,2
3.3000000000000003,PINN Vanilla,0.24949236793816112,0.0046688719934496765,0.002252664022518369,0.004643378584996222,0.13549891114234924,0.36248451471328735,0.45347192883491516,0.2267368310260385,0.0,0.0,2
3.305,PINN Vanilla,0.2494868955463173,0.004690703691115663,0.0022553149071479713,0.0046401795530424395,0.13571378588676453,0.36224740743637085,0.4525706171989441,0.2262861734855993,0.0,0.0,2
3.31,PINN Vanilla,0.24948144580423853,0.0047124450292393176,0.0022579301745898187,0.004636690356665751,0.13592830300331116,0.36201125383377075,0.45167192816734314,0.22583682725235704,0.0,0.0,2
3.315,PINN Vanilla,0.24947603324055695,0.004734038046930077,0.002260489790994695,0.0046334576706374975,0.1361428201198578,0.361775279045105,0.45077383518218994,0.22538777904347776,0.0,0.0,2
3.3200000000000003,PINN Vanilla,0.24947064588964007,0.004755530480183141,0.002263009322641517,0.004629684189915995,0.13635718822479248,0.3615400791168213,0.44987767934799194,0.2249396994137781,0.0,0.0,2
3.325,PINN Vanilla,0.2494653008282187,0.004776854202659216,0.0022654675342227257,0.0046258591754088085,0.13657121360301971,0.36130547523498535,0.44898268580436707,0.22449220093158614,0.0,0.0,2
3.33,PINN Vanilla,0.24945998682081721,0.004798054037447172,0.0022678834329288595,0.004621737541963655,0.13678498566150665,0.36107075214385986,0.4480879604816437,0.22404483656035756,0.0,0.0,2
3.335,PINN Vanilla,0.24945470659434818,0.004819119105733576,0.0022702562302491878,0.004617728983103364,0.13699859380722046,0.3608376979827881,0.44719767570495605,0.22359969247063297,0.0,0.0,2
3.34,PINN Vanilla,0.24944945546984695,0.00484006807389762,0.0022725778247593667,0.00461333500840258,0.1372123658657074,0.3606037497520447,0.4463047683238983,0.22315323707371137,0.0,0.0,2
3.345,PINN Vanilla,0.2494442458301785,0.004860851541426392,0.002274845731327345,0.0046088364093704315,0.1374254673719406,0.36037153005599976,0.4454165995121002,0.22270915097047525,0.0,0.0,2
3.35,PINN Vanilla,0.24943907369673274,0.004881485380686905,0.002277073693890356,0.004604091418822287,0.13763877749443054,0.3601388931274414,0.4445270001888275,0.22226434960876806,0.0,0.0,2
3.355,PINN Vanilla,0.2494339199215176,0.004902045981160498,0.0022792469594551746,0.00459939354219574,0.13785162568092346,0.3599076271057129,0.4436414837837219,0.22182158971394708,0.0,0.0,2
3.36,PINN Vanilla,0.24942882424592994,0.004922374797518801,0.0022813714119610698,0.004594113384317172,0.13806459307670593,0.35967594385147095,0.44275444746017456,0.22137806985700056,0.0,0.0,2
3.365,PINN Vanilla,0.24942374517023586,0.0049426373898441645,0.0022834578034578333,0.004589247409716418,0.1382768452167511,0.3594456911087036,0.4418717622756958,0.22093672557790364,0.0,0.0,2
3.37,PINN Vanilla,0.24941871409118196,0.0049627085031659175,0.0022854846315984298,0.004583565748793594,0.13848945498466492,0.35921555757522583,0.4409884214401245,0.22049505347200743,0.0,0.0,2
3.375,PINN Vanilla,0.24941371372342133,0.00498265709608188,0.002287469981072648,0.004577938445720797,0.13870127499103546,0.3589858412742615,0.44010746479034424,0.22005457346356305,0.0,0.0,2
3.38,PINN Vanilla,0.24940874396264576,0.005002483584721813,0.0022894128759829197,0.004572683419119761,0.13891366124153137,0.3587566018104553,0.4392269551753998,0.21961431697339087,0.0,0.0,2
3.3850000000000002,PINN Vanilla,0.24940381191670916,0.005022159612834519,0.002291312530334318,0.004566527043139146,0.13912515342235565,0.3585280776023865,0.43834877014160156,0.21917522277823423,0.0,0.0,2
3.39,PINN Vanilla,0.24939893056452297,0.005041633402024228,0.002293141415194799,0.004560642114159685,0.13933730125427246,0.3582999110221863,0.43747037649154663,0.21873602427455055,0.0,0.0,2
3.395,PINN Vanilla,0.24939407709240935,0.0050609959657512285,0.0022949406395255563,0.004554303476165783,0.13954800367355347,0.35807234048843384,0.4365959167480469,0.21829879273166233,0.0,0.0,2
3.4,PINN Vanilla,0.2493892654180529,0.005080191780454449,0.0022966938777159514,0.004547861539962561,0.13975979387760162,0.3578454256057739,0.43572086095809937,0.21786126316441118,0.0,0.0,2
3.4050000000000002,PINN Vanilla,0.24938449166715168,0.005099236302371476,0.002298394936379561,0.004541290797200753,0.13997022807598114,0.35761862993240356,0.4348481595516205,0.2174249107933937,0.0,0.0,2
3.41,PINN Vanilla,0.24937975655496142,0.005118126678043168,0.002300046421333788,0.004534627330441826,0.1401815414428711,0.35739248991012573,0.4339754581451416,0.21698855842237622,0.0,0.0,2
3.415,PINN Vanilla,0.24937505324184916,0.005136890193673222,0.0023016653102396856,0.004527728373014184,0.140391543507576,0.3571664094924927,0.4331050217151642,0.21655333854393796,0.0,0.0,2
3.42,PINN Vanilla,0.24937039986252807,0.0051554545021808736,0.002303221638434216,0.004520778122101138,0.14060240983963013,0.3569421172142029,0.4322366416454315,0.21611914684955186,0.0,0.0,2
3.4250000000000003,PINN Vanilla,0.24936577859520934,0.005173890702258602,0.0023047441968419066,0.004513534238394429,0.1408122479915619,0.3567168712615967,0.4313685894012451,0.2156851190685654,0.0,0.0,2
3.43,PINN Vanilla,0.24936119174957297,0.00519218957961091,0.002306224573358601,0.004506479296091437,0.1410226821899414,0.35649341344833374,0.43050241470336914,0.21525203006432225,0.0,0.0,2
3.435,PINN Vanilla,0.24935665433108828,0.0052102912710411025,0.002307649119327637,0.004498967663952552,0.141231968998909,0.35626912117004395,0.4296373724937439,0.21481950730636873,0.0,0.0,2
3.44,PINN Vanilla,0.24935215899348281,0.005228225083953273,0.00230901101559895,0.004491328347039497,0.14144189655780792,0.3560466170310974,0.428774356842041,0.2143879978312492,0.0,0.0,2
3.4450000000000003,PINN Vanilla,0.24934768949449085,0.005246055815650846,0.002310356908377901,0.004483390542243504,0.14165061712265015,0.35582345724105835,0.4279120862483978,0.21395686088658342,0.0,0.0,2
3.45,PINN Vanilla,0.24934327855706237,0.005263652920374073,0.002311642739428797,0.004475704886778065,0.14186009764671326,0.35560178756713867,0.4270510673522949,0.2135263497930798,0.0,0.0,2
3.455,PINN Vanilla,0.24933889426291012,0.005281143733740987,0.002312890356063308,0.004467706244894926,0.14206868410110474,0.3553798794746399,0.42619237303733826,0.2130970009945917,0.0,0.0,2
3.46,PINN Vanilla,0.24933455297350907,0.005298462982871769,0.0023140844874045244,0.0044592703743771556,0.14227785170078278,0.3551589250564575,0.42533373832702637,0.21266768199853991,0.0,0.0,2
3.465,PINN Vanilla,0.24933025731146358,0.005315600205082636,0.002315254564126425,0.004450895164542806,0.1424858421087265,0.35493820905685425,0.42447739839553833,0.21223951039628547,0.0,0.0,2
3.47,PINN Vanilla,0.24932600654661677,0.005332558313279809,0.002316341890883022,0.004442276393648165,0.14269426465034485,0.3547182083129883,0.4236222803592682,0.2118119497439751,0.0,0.0,2
3.475,PINN Vanilla,0.24932179202139398,0.005349371846209384,0.002317412825946457,0.004433558357266443,0.1429021656513214,0.3544987440109253,0.4227692186832428,0.2113854172757169,0.0,0.0,2
3.48,PINN Vanilla,0.24931761895120166,0.005366019997397729,0.002318436385093557,0.004424742194556575,0.1431100070476532,0.35427945852279663,0.42191648483276367,0.21095904872085836,0.0,0.0,2
3.485,PINN Vanilla,0.24931348638236545,0.005382506571457331,0.002319405796297605,0.004416073206051613,0.14331766963005066,0.3540611267089844,0.4210658371448517,0.21053372325127012,0.0,0.0,2
3.49,PINN Vanilla,0.24930940277874492,0.00539879780245387,0.002320326769537481,0.004406748011084094,0.14352521300315857,0.3538423180580139,0.4202144145965576,0.21010801035001003,0.0,0.0,2
3.495,PINN Vanilla,0.24930535681545757,0.0054149388701584585,0.0023212177817496823,0.004397695392717033,0.1437322050333023,0.3536251187324524,0.4193672239780426,0.20968441342172695,0.0,0.0,2
3.5,PINN Vanilla,0.249301360845566,0.005430880492952448,0.00232205970611722,0.004388042378374174,0.14393918216228485,0.3534075617790222,0.41851985454559326,0.20926072708613497,0.0,0.0,2
3.505,PINN Vanilla,0.24929739828407788,0.0054466888354214775,0.00232284897628587,0.00437868177042644,0.14414575695991516,0.3531911373138428,0.4176747500896454,0.20883817324312218,0.0,0.0,2
3.5100000000000002,PINN Vanilla,0.24929347196221374,0.005462352602623021,0.0023236124680645126,0.004368985784853036,0.144351989030838,0.3529745936393738,0.41683048009872437,0.20841603663421757,0.0,0.0,2
3.515,PINN Vanilla,0.24928959934413455,0.005477802122594114,0.002324316993269691,0.004359303432097644,0.14455822110176086,0.35275936126708984,0.41598859429359436,0.20799509212276474,0.0,0.0,2
3.52,PINN Vanilla,0.24928577873110794,0.005493044172300427,0.0023249902206131058,0.0043493427014786035,0.14476454257965088,0.3525438904762268,0.415146142244339,0.20757386448816711,0.0,0.0,2
3.525,PINN Vanilla,0.24928199023008368,0.005508158113576819,0.0023256028702987163,0.004339237941938551,0.1449701189994812,0.3523295521736145,0.41430753469467163,0.2071545591107105,0.0,0.0,2
3.5300000000000002,PINN Vanilla,0.24927824370563054,0.0055231045924646165,0.00232618919704497,0.004329279958803889,0.14517612755298615,0.3521146774291992,0.41346657276153564,0.20673407653702028,0.0,0.0,2
3.535,PINN Vanilla,0.24927455024421238,0.005537839380345943,0.002326722276613782,0.004335670263816815,0.14538128674030304,0.351901650428772,0.412631094455719,0.2063163357874692,0.0,0.0,2
3.54,PINN Vanilla,0.24927088874578499,0.005552446654268006,0.002327226715216099,0.0043582362920470685,0.1455863118171692,0.35168784856796265,0.4117943346500397,0.20589795428553778,0.0,0.0,2
3.545,PINN Vanilla,0.2492672753930094,0.00556686185471569,0.0023276785308818117,0.004380597998507096,0.14579129219055176,0.3514753580093384,0.41096025705337524,0.20548091389323964,0.0,0.0,2
3.5500000000000003,PINN Vanilla,0.24926369898021244,0.0055811296858836,0.0023281001896855763,0.0044027298771406875,0.14599564671516418,0.3512631058692932,0.41012799739837646,0.2050647824752485,0.0,0.0,2
3.555,PINN Vanilla,0.2492601844519379,0.005595150633381204,0.0023284490684332537,0.004424576622095666,0.14620019495487213,0.3510512709617615,0.409295916557312,0.20464874046456624,0.0,0.0,2
3.56,PINN Vanilla,0.24925670793652557,0.005609019931410154,0.002328787575808515,0.0044463213488040165,0.14640428125858307,0.3508397936820984,0.4084656238555908,0.20423359252697287,0.0,0.0,2
3.565,PINN Vanilla,0.24925327971577665,0.005622696561494176,0.0023290653996473737,0.004467610733210781,0.14660800993442535,0.35062897205352783,0.40763717889785767,0.20381936846490462,0.0,0.0,2
3.5700000000000003,PINN Vanilla,0.24924989677965664,0.005636192531940611,0.0023293103846768093,0.004488568290911432,0.14681188762187958,0.3504185676574707,0.406809002161026,0.20340527851379972,0.0,0.0,2
3.575,PINN Vanilla,0.24924654620885872,0.005649559383357037,0.002329513732015265,0.004509824179093291,0.14701524376869202,0.350208580493927,0.4059833288192749,0.20299244026501922,0.0,0.0,2
3.58,PINN Vanilla,0.24924325563013575,0.00566268690088072,0.002329678460767954,0.004530429034135752,0.14721857011318207,0.3499995470046997,0.4051590859889984,0.2025803172747098,0.0,0.0,2
3.585,PINN Vanilla,0.24924000534415267,0.005675653673534405,0.002329790187058604,0.00455074479651596,0.1474212259054184,0.34979021549224854,0.40433546900749207,0.2021685072099815,0.0,0.0,2
3.59,PINN Vanilla,0.2492367896884682,0.0056884822912037026,0.002329870770623783,0.0045709247925243,0.14762410521507263,0.34958213567733765,0.40351420640945435,0.20175787434148684,0.0,0.0,2
3.595,PINN Vanilla,0.24923363184928915,0.005701080254252172,0.0023299118728154792,0.0045908541292668525,0.14782650768756866,0.3493737578392029,0.40269291400909424,0.20134722657177404,0.0,0.0,2
3.6,PINN Vanilla,0.24923051884770417,0.005713499341075034,0.002329907683277964,0.004610537125004421,0.14802870154380798,0.34916675090789795,0.4018745422363281,0.2009380391214397,0.0,0.0,2
3.605,PINN Vanilla,0.24922745421528839,0.005725725462717694,0.00232985243811199,0.00462985889023293,0.1482306867837906,0.34895938634872437,0.40105655789375305,0.2005290453869413,0.0,0.0,2
3.61,PINN Vanilla,0.24922443053126359,0.005737788223819411,0.0023297750273491985,0.004649062164982454,0.14843232929706573,0.3487532138824463,0.4002411365509033,0.2001213331572036,0.0,0.0,2
3.615,PINN Vanilla,0.24922145111858868,0.005749674367684334,0.002329658320968942,0.004668061865072293,0.14863401651382446,0.34854692220687866,0.39942556619644165,0.19971354642137512,0.0,0.0,2
3.62,PINN Vanilla,0.2492185233384373,0.005761354527461183,0.0023294915319502494,0.004686892117080843,0.14883509278297424,0.34834176301956177,0.39861345291137695,0.1993074882268518,0.0,0.0,2
3.625,PINN Vanilla,0.24921563632786295,0.005772872040062013,0.002329285218617946,0.0047052294208677625,0.14903594553470612,0.34813636541366577,0.39780113101005554,0.19890132572380145,0.0,0.0,2
3.63,PINN Vanilla,0.24921280041337035,0.005784185708669096,0.0023290470889883266,0.004723197312405225,0.14923669397830963,0.34793204069137573,0.3969910442829132,0.19849628081211215,0.0,0.0,2
3.6350000000000002,PINN Vanilla,0.2492100122869017,0.005795308730531428,0.0023287639804121713,0.004741217351859006,0.14943736791610718,0.34772783517837524,0.3961814343929291,0.19809147431991325,0.0,0.0,2
3.64,PINN Vanilla,0.2492072598785164,0.005806289257773636,0.002328442802386141,0.004758697821518887,0.14963749051094055,0.34752410650253296,0.39537352323532104,0.19768751719714872,0.0,0.0,2
3.645,PINN Vanilla,0.24920457389950773,0.005817004769989929,0.0023280773505183505,0.00477600067878492,0.1498371958732605,0.3473209738731384,0.3945677876472473,0.19728464786330902,0.0,0.0,2
3.65,PINN Vanilla,0.24920190931856653,0.005827634916217585,0.0023276802667624983,0.004793070649443731,0.15003690123558044,0.3471181392669678,0.3937627077102661,0.19688210635626852,0.0,0.0,2
3.6550000000000002,PINN Vanilla,0.2491993124932053,0.005837994756630358,0.0023272429876072674,0.004809792855254236,0.1502363085746765,0.34691619873046875,0.3929597735404968,0.19648063773693467,0.0,0.0,2
3.66,PINN Vanilla,0.2491967551559212,0.005848197062314849,0.0023267709208964985,0.004826410046563534,0.15043561160564423,0.34671396017074585,0.3921567499637604,0.19607912441394637,0.0,0.0,2
3.665,PINN Vanilla,0.249194243937731,0.005858215379326215,0.002326258473054425,0.004842419916104679,0.15063446760177612,0.3465130925178528,0.391356885433197,0.19567919062008174,0.0,0.0,2
3.67,PINN Vanilla,0.24919177767634415,0.00586805434453558,0.0023257065743366467,0.004858571854692684,0.1508329212665558,0.34631192684173584,0.39055752754211426,0.1952795101469256,0.0,0.0,2
3.6750000000000003,PINN Vanilla,0.24918936403095746,0.005877683402150451,0.0023251048844493993,0.004874065532655736,0.151031494140625,0.3461119532585144,0.38976019620895386,0.19488084295660352,0.0,0.0,2
3.68,PINN Vanilla,0.24918699142336867,0.005887148742542137,0.002324495242934319,0.004889620539130002,0.15122967958450317,0.34591180086135864,0.38896334171295166,0.19448241418577178,0.0,0.0,2
3.685,PINN Vanilla,0.24918466046452545,0.005896447928380703,0.0023238351992586432,0.004904704765823109,0.15142732858657837,0.3457126021385193,0.3881692588329315,0.19408537122822778,0.0,0.0,2
3.69,PINN Vanilla,0.2491823934465649,0.005905492026853665,0.0023231203743697953,0.0049193523487656154,0.1516249030828476,0.34551340341567993,0.38737523555755615,0.19368835807312007,0.0,0.0,2
3.6950000000000003,PINN Vanilla,0.2491801719516518,0.005914354514536142,0.0023223894783576545,0.004934074261094379,0.15182244777679443,0.34531545639038086,0.3865841031074524,0.1932927903361727,0.0,0.0,2
3.7,PINN Vanilla,0.249177978217602,0.005923106252332304,0.002321616420575452,0.004948457603982548,0.15201926231384277,0.34511667490005493,0.385792076587677,0.1928967755626809,0.0,0.0,2
3.705,PINN Vanilla,0.2491758520752194,0.005931588338231209,0.002320805672066296,0.004962476908582147,0.1522161364555359,0.3449198007583618,0.3850044012069702,0.19250293636703864,0.0,0.0,2
3.71,PINN Vanilla,0.24917375418543838,0.005939957712490701,0.0023199577622045643,0.004976136508234474,0.15241259336471558,0.3447225093841553,0.3842160403728485,0.19210875444337897,0.0,0.0,2
3.715,PINN Vanilla,0.24917172180116198,0.005948065757442501,0.002319072889801957,0.004989589747525003,0.15260881185531616,0.34452611207962036,0.38343045115470886,0.19171595833300706,0.0,0.0,2
3.72,PINN Vanilla,0.2491697344630959,0.005955994093909835,0.002318154630968472,0.0050024535289415195,0.15280485153198242,0.34432995319366455,0.3826451301574707,0.19132329633359846,0.0,0.0,2
3.725,PINN Vanilla,0.24916778138279938,0.005963785761569596,0.002317203460421504,0.005015417638056963,0.15300077199935913,0.34413403272628784,0.3818609118461609,0.19093118567926134,0.0,0.0,2
3.73,PINN Vanilla,0.2491658871024849,0.005971342851102001,0.0023162116446822935,0.005028218185674338,0.15319591760635376,0.3439391255378723,0.3810802698135376,0.19054086317110192,0.0,0.0,2
3.735,PINN Vanilla,0.24916403730213665,0.005978722491138425,0.0023151897839560126,0.005040174049414647,0.15339097380638123,0.3437442183494568,0.3802994191646576,0.19015043635441548,0.0,0.0,2
3.74,PINN Vanilla,0.24916223752498648,0.005985902567370205,0.002314123423796148,0.00505221343169715,0.1535854935646057,0.3435502052307129,0.3795214891433716,0.1897614698571075,0.0,0.0,2
3.745,PINN Vanilla,0.24916047780215764,0.005992922849884999,0.0023130415913540626,0.005063893627295424,0.15378037095069885,0.3433561325073242,0.3787429630756378,0.18937220533543658,0.0,0.0,2
3.75,PINN Vanilla,0.24915877708792708,0.005999707722013578,0.002311903547272372,0.005075367976669853,0.15397469699382782,0.3431631326675415,0.3779676556587219,0.18898455014532559,0.0,0.0,2
3.755,PINN Vanilla,0.24915711852908157,0.006006324418388752,0.002310727577433707,0.005086104365904509,0.15416842699050903,0.34297001361846924,0.37719282507896423,0.18859713337470496,0.0,0.0,2
3.7600000000000002,PINN Vanilla,0.24915550470352196,0.006012762654667967,0.002309544995604552,0.005097090598615073,0.1543624997138977,0.3427776098251343,0.3764190971851349,0.1882102679491558,0.0,0.0,2
3.765,PINN Vanilla,0.24915393622219584,0.0060190199935216205,0.002308305934129966,0.005107705151906616,0.15455585718154907,0.34258562326431274,0.37564757466316223,0.18782450521374958,0.0,0.0,2
3.77,PINN Vanilla,0.24915242411196253,0.006025052444119698,0.0023070330265377013,0.005117654327373711,0.15474900603294373,0.34239447116851807,0.3748777210712433,0.1874395769465596,0.0,0.0,2
3.775,PINN Vanilla,0.2491509492993357,0.0060309360987083754,0.002305744323222801,0.005130081355915583,0.15494206547737122,0.3422030806541443,0.3741077780723572,0.18705460397571522,0.0,0.0,2
3.7800000000000002,PINN Vanilla,0.24914952330291293,0.006036625004704761,0.0023044159723010172,0.0051429434541781505,0.1551346480846405,0.34201276302337646,0.3733411729335785,0.18667129994130333,0.0,0.0,2
3.785,PINN Vanilla,0.24914815813303015,0.006042071247772535,0.002303042864288483,0.005155537564478008,0.15532679855823517,0.34182244539260864,0.372575044631958,0.18628823432638184,0.0,0.0,2
3.79,PINN Vanilla,0.24914682008326075,0.006047409297177863,0.002301648150657753,0.005167897787881071,0.15551906824111938,0.341633141040802,0.3718106150627136,0.18590601808089474,0.0,0.0,2
3.795,PINN Vanilla,0.24914553889632246,0.006052520496574518,0.00230021686419971,0.005179491980101147,0.15571054816246033,0.3414437770843506,0.37104830145835876,0.18552485982189612,0.0,0.0,2
3.8000000000000003,PINN Vanilla,0.24914430928230308,0.006057425949671295,0.0022987534889581645,0.005191427123174719,0.15590225160121918,0.3412551283836365,0.3702860474586487,0.1851437313653338,0.0,0.0,2
3.805,PINN Vanilla,0.249143128782511,0.006062135465234352,0.0022972499237648835,0.0052026644305621095,0.15609335899353027,0.34106695652008057,0.36952653527259827,0.1847639738208411,0.0,0.0,2
3.81,PINN Vanilla,0.24914198307693028,0.0060667061718953945,0.0022957339906517433,0.005213953253526249,0.15628421306610107,0.34087902307510376,0.3687674403190613,0.1843844248934024,0.0,0.0,2
3.815,PINN Vanilla,0.2491409002542498,0.006071026011932637,0.0022941621769632763,0.005224880651256425,0.15647459030151367,0.34069162607192993,0.3680104613304138,0.18400593395245224,0.0,0.0,2
3.8200000000000003,PINN Vanilla,0.24913986177742503,0.006075168937497592,0.0022925704023457824,0.005235182692886253,0.15666517615318298,0.3405047059059143,0.3672545552253723,0.18362797945535536,0.0,0.0,2
3.825,PINN Vanilla,0.24913885630667232,0.006079180187808558,0.002290955684277154,0.005245698131843224,0.15685509145259857,0.3403184413909912,0.366500586271286,0.1832509935374381,0.0,0.0,2
3.83,PINN Vanilla,0.24913791219890138,0.006082946635096582,0.002289300022901071,0.0052556563943496615,0.15704475343227386,0.34013205766677856,0.3657474219799042,0.1828744099524108,0.0,0.0,2
3.835,PINN Vanilla,0.24913700492680094,0.006086566129234259,0.0022876120984785635,0.005265777020986351,0.1572341024875641,0.3399469256401062,0.36499646306037903,0.18249892905752646,0.0,0.0,2
3.84,PINN Vanilla,0.2491361515223982,0.00608997072222375,0.002285895091658748,0.005274693387845031,0.1574234515428543,0.33976155519485474,0.36424627900123596,0.18212383559431394,0.0,0.0,2
3.845,PINN Vanilla,0.24913534943759463,0.0060931705795135615,0.0022841403553075256,0.005284138310656272,0.157612144947052,0.33957743644714355,0.36349886655807495,0.18175012794438913,0.0,0.0,2
3.85,PINN Vanilla,0.24913458178937456,0.006096233054630986,0.0022823768546744857,0.005292834568546068,0.15780091285705566,0.33939307928085327,0.3627515733242035,0.18137647989933695,0.0,0.0,2
3.855,PINN Vanilla,0.24913386864960216,0.006099078072376245,0.0022805688723526443,0.005301561298870883,0.1579885184764862,0.3392096161842346,0.3620077669620514,0.18100457529680802,0.0,0.0,2
3.86,PINN Vanilla,0.24913320505619072,0.006101725428622881,0.0022787267871089787,0.005309607520705528,0.15817725658416748,0.33902621269226074,0.3612622022628784,0.18063179152240838,0.0,0.0,2
3.865,PINN Vanilla,0.2491325843483212,0.006104201696209891,0.002276859912683147,0.005317752367107131,0.1583642065525055,0.33884334564208984,0.36052101850509644,0.18026119822707645,0.0,0.0,2
3.87,PINN Vanilla,0.2491320165395739,0.0061064669267081656,0.0022749584000870166,0.005325463666666919,0.1585518717765808,0.3386611342430115,0.3597796857357025,0.17989053042565378,0.0,0.0,2
3.875,PINN Vanilla,0.2491314874291422,0.006108577773172797,0.0022730340871447105,0.005332894699134727,0.15873855352401733,0.33847904205322266,0.35904067754745483,0.17952102491924665,0.0,0.0,2
3.88,PINN Vanilla,0.2491310072094204,0.006110493573809641,0.0022710821780814404,0.005340380804359224,0.15892577171325684,0.33829760551452637,0.35830187797546387,0.17915162372136653,0.0,0.0,2
3.8850000000000002,PINN Vanilla,0.24913057802617572,0.006112205768241048,0.002269097706483021,0.00534752118162668,0.1591118425130844,0.33811670541763306,0.3575662076473236,0.1787837871513919,0.0,0.0,2
3.89,PINN Vanilla,0.24913018992543243,0.0061137540671080395,0.0022670821194988888,0.005354420525735648,0.15929850935935974,0.33793628215789795,0.3568306267261505,0.17841599528507174,0.0,0.0,2
3.895,PINN Vanilla,0.2491298502981665,0.0061151089846651786,0.0022650354726845086,0.0053611327964239175,0.1594836711883545,0.33775609731674194,0.35609835386276245,0.17804985745396595,0.0,0.0,2
3.9,PINN Vanilla,0.24912956345081352,0.006116253340710088,0.0022629596451441197,0.005367807600558994,0.1596696674823761,0.33757662773132324,0.3553658425807953,0.17768360041311498,0.0,0.0,2
3.9050000000000002,PINN Vanilla,0.24912931430339835,0.006117247295674849,0.0022608711613105684,0.005373803691821943,0.15985462069511414,0.33739715814590454,0.35463523864746094,0.17731829705022548,0.0,0.0,2
3.91,PINN Vanilla,0.24912912273407004,0.006118011547171683,0.0022638787297183847,0.005380057485942669,0.16003994643688202,0.337218701839447,0.3539063632488251,0.17695385795798851,0.0,0.0,2
3.915,PINN Vanilla,0.24912896989285968,0.006118621295740609,0.0022617405906892613,0.005386014269153583,0.16022410988807678,0.3370400071144104,0.35317856073379517,0.1765899553096049,0.0,0.0,2
3.92,PINN Vanilla,0.24912885545194172,0.00611907784921721,0.0022595759787600663,0.0053916592468627456,0.1604083925485611,0.33686262369155884,0.35245364904403687,0.17622749807938157,0.0,0.0,2
3.9250000000000003,PINN Vanilla,0.2491287895590069,0.006119340724148685,0.0022573937784967557,0.005397175424391276,0.16059216856956482,0.3366849422454834,0.35172897577285767,0.17586516005890343,0.0,0.0,2
3.93,PINN Vanilla,0.24912877795100236,0.006119387033414037,0.0022551573832079513,0.005402368683571801,0.16077616810798645,0.33650824427604675,0.35100600123405457,0.17550367140785972,0.0,0.0,2
3.935,PINN Vanilla,0.24912880171835444,0.006119292215341815,0.0022529169955908153,0.005407648277006072,0.16095925867557526,0.3363315463066101,0.3502849042415619,0.1751431215335593,0.0,0.0,2
3.94,PINN Vanilla,0.24912888661026977,0.006118953545399552,0.0022506317925183733,0.00541271884365091,0.16114239394664764,0.33615565299987793,0.34956496953964233,0.17478315280676662,0.0,0.0,2
3.9450000000000003,PINN Vanilla,0.249129006713629,0.0061184744020373405,0.0022483274124046972,0.005417098053668967,0.16132505238056183,0.33598002791404724,0.34884679317474365,0.17442406325184467,0.0,0.0,2
3.95,PINN Vanilla,0.24912918314337754,0.006117770548760896,0.002245990861891504,0.005421729607608727,0.16150781512260437,0.33580487966537476,0.34812912344932556,0.17406522701763125,0.0,0.0,2
3.955,PINN Vanilla,0.2491294000744822,0.006116905118355596,0.002243630896800013,0.005426250648347952,0.16168954968452454,0.33562999963760376,0.3474142551422119,0.1737077914979237,0.0,0.0,2
3.96,PINN Vanilla,0.24912964546680472,0.006115926144051917,0.002241249460688453,0.0054301884791183586,0.16187140345573425,0.33545586466789246,0.34670060873031616,0.17335096692816018,0.0,0.0,2
3.9650000000000003,PINN Vanilla,0.24912995372712635,0.006114696362571293,0.0022388406915718304,0.005434040598824075,0.16205286979675293,0.33528217673301697,0.34598851203918457,0.17299491722174035,0.0,0.0,2
3.97,PINN Vanilla,0.24913029901683353,0.006113318855128542,0.002236403280667594,0.005437848433453352,0.16223403811454773,0.3351084589958191,0.3452772796154022,0.1726392996506468,0.0,0.0,2
3.975,PINN Vanilla,0.24913070735335371,0.006111689827144256,0.0022339322911054285,0.0054415291026719825,0.1624147891998291,0.33493566513061523,0.34456801414489746,0.172284665559951,0.0,0.0,2
3.98,PINN Vanilla,0.2491311364322903,0.006109978048842278,0.0022314419903517735,0.00544471833644139,0.16259536147117615,0.3347628712654114,0.3438597619533539,0.17193053811067222,0.0,0.0,2
3.985,PINN Vanilla,0.249131630510092,0.006108006962432892,0.0022289269010637275,0.005447678928729993,0.16277576982975006,0.3345913290977478,0.3431541621685028,0.1715777368698086,0.0,0.0,2
3.99,PINN Vanilla,0.24913214558362984,0.006105952115105616,0.002226391849342529,0.005450640502703663,0.1629553586244583,0.3344193696975708,0.3424496352672577,0.17122547207279826,0.0,0.0,2
3.995,PINN Vanilla,0.24913272318244004,0.006103647827884166,0.0022238245840187835,0.00545348793915551,0.1631353497505188,0.3342486023902893,0.34174591302871704,0.17087360960867792,0.0,0.0,2
4.0,PINN Vanilla,0.2491333424150946,0.006101177445556784,0.0022212303663536772,0.005455867697703121,0.16331377625465393,0.3340774178504944,0.341045081615448,0.1705231925627179,0.0,0.0,2
4.005,PINN Vanilla,0.24913401068747065,0.006098511422931066,0.0022186176002675006,0.005458493648719198,0.16349343955516815,0.33390751481056213,0.3403445780277252,0.17017293943015752,0.0,0.0,2
4.01,PINN Vanilla,0.24913472048938295,0.0060956797213288436,0.0022159674629719443,0.0054605859764167985,0.1636715531349182,0.3337375819683075,0.3396463096141815,0.16982380388895818,0.0,0.0,2
4.015,PINN Vanilla,0.24913546340167544,0.006092715928343093,0.0022133182281738953,0.005462644030992725,0.16385024785995483,0.33356809616088867,0.33894848823547363,0.16947489186603107,0.0,0.0,2
4.0200000000000005,PINN Vanilla,0.2491362624615433,0.006089528138807921,0.00221062550488679,0.005464330714600896,0.16402781009674072,0.3333989977836609,0.33825311064720154,0.16912720174299206,0.0,0.0,2
4.025,PINN Vanilla,0.2491371098905804,0.006086147384092327,0.0022079065424023226,0.005465950679016063,0.1642058789730072,0.3332306146621704,0.3375585675239563,0.1687799288540612,0.0,0.0,2
4.03,PINN Vanilla,0.24913799424469493,0.0060826193195441455,0.0022051691842835458,0.005467209941484363,0.1643829345703125,0.33306241035461426,0.3368670344352722,0.16843416098816325,0.0,0.0,2
4.035,PINN Vanilla,0.24913892522454284,0.006078905245122443,0.002202405824459411,0.005468377094336507,0.164560005068779,0.33289486169815063,0.3361758589744568,0.16808857193688306,0.0,0.0,2
4.04,PINN Vanilla,0.2491398935168984,0.006075042315244263,0.0021996293285235606,0.005469479464887683,0.16473641991615295,0.33272767066955566,0.3354870676994324,0.16774417498305472,0.0,0.0,2
4.045,PINN Vanilla,0.24914090564847013,0.0060710044920943024,0.0021968174221698735,0.005470349023081911,0.16491323709487915,0.33256077766418457,0.33479809761047363,0.16739968862191745,0.0,0.0,2
4.05,PINN Vanilla,0.2491419628262522,0.006066786960459878,0.0021939878124317483,0.005471185755227093,0.16508862376213074,0.3323945701122284,0.334113210439682,0.16705724372766642,0.0,0.0,2
4.055,PINN Vanilla,0.249143066108227,0.006062385499599295,0.002191144607381551,0.005471486734249464,0.16526475548744202,0.3322286009788513,0.33342745900154114,0.16671436669808912,0.0,0.0,2
4.0600000000000005,PINN Vanilla,0.24914421848952792,0.00605778816065218,0.0021882596036098393,0.0054718615359727885,0.16543987393379211,0.33206331729888916,0.3327450454235077,0.16637315860494434,0.0,0.0,2
4.065,PINN Vanilla,0.2491454063653948,0.006053049218790764,0.0021853639766802307,0.005471896919416408,0.1656150221824646,0.3318978548049927,0.3320620059967041,0.16603163758621847,0.0,0.0,2
4.07,PINN Vanilla,0.24914663372933887,0.006048152742201065,0.0021824435004652487,0.00547201842035655,0.16578972339630127,0.33173343539237976,0.33138248324394226,0.16569187491123402,0.0,0.0,2
4.075,PINN Vanilla,0.24914791056513808,0.006043058901348129,0.002179501749629082,0.005471644255993835,0.16596418619155884,0.33156919479370117,0.3307034969329834,0.1653523804581762,0.0,0.0,2
4.08,PINN Vanilla,0.24914923155307792,0.006037788918834796,0.0021765316931904406,0.005471128228524136,0.16613784432411194,0.3314056098461151,0.3300269842147827,0.16501412280622468,0.0,0.0,2
4.085,PINN Vanilla,0.24915058603882811,0.006032385299314265,0.0021735450218806555,0.005470673179645558,0.16631165146827698,0.3312419652938843,0.3293510675430298,0.1646761631786361,0.0,0.0,2
4.09,PINN Vanilla,0.24915199001133465,0.006026784256083308,0.0021705312236555596,0.005469891742141686,0.16648522019386292,0.33107948303222656,0.32867759466171265,0.1643394254509356,0.0,0.0,2
4.095,PINN Vanilla,0.24915342627465747,0.006021054391057616,0.002167512979367956,0.00546871110068059,0.16665810346603394,0.33091670274734497,0.32800471782684326,0.16400298574759808,0.0,0.0,2
4.1,PINN Vanilla,0.24915492539107822,0.006015073778302166,0.0021644521516070822,0.005467824290948997,0.16683092713356018,0.33075475692749023,0.32733362913131714,0.1636674401173494,0.0,0.0,2
4.105,PINN Vanilla,0.24915645006299042,0.00600899121382636,0.0021613835577638804,0.005466321480147973,0.16700319945812225,0.3305933475494385,0.32666489481925964,0.1633330716833344,0.0,0.0,2
4.11,PINN Vanilla,0.2491580189019444,0.006002732448243191,0.0021582894846553036,0.005464802638223909,0.16717559099197388,0.33043205738067627,0.3259960412979126,0.1629986436444468,0.0,0.0,2
4.115,PINN Vanilla,0.2491596328020098,0.00599629391472859,0.002155172728081855,0.005462980531667994,0.16734707355499268,0.3302714228630066,0.32533055543899536,0.1626658994432099,0.0,0.0,2
4.12,PINN Vanilla,0.24916128313541436,0.005989710033134503,0.002152042255001512,0.005461365979248511,0.1675187200307846,0.33011093735694885,0.32466527819633484,0.16233325955050001,0.0,0.0,2
4.125,PINN Vanilla,0.24916297478973887,0.005982961304822987,0.0021488899567731643,0.005459147672108866,0.16768938302993774,0.32995131611824036,0.3240031898021698,0.16200221408813195,0.0,0.0,2
4.13,PINN Vanilla,0.24916472090780759,0.005975995297480427,0.0021457063793189988,0.005457080960424632,0.16786041855812073,0.3297916650772095,0.3233405351638794,0.16167088550261904,0.0,0.0,2
4.135,PINN Vanilla,0.24916649225354218,0.005968928646253094,0.0021425169740006134,0.005454623055210828,0.1680305302143097,0.32963281869888306,0.3226814270019531,0.16134133016206573,0.0,0.0,2
4.14,PINN Vanilla,0.2491683104336264,0.005961675152893383,0.0021392998237978107,0.00545216569982615,0.16820088028907776,0.3294740319252014,0.3220219910144806,0.1610116109081128,0.0,0.0,2
4.1450000000000005,PINN Vanilla,0.24917017620801948,0.005954231785600701,0.0021360594662736283,0.005449306072311255,0.1683703362941742,0.32931625843048096,0.3213663697242737,0.16068379901008276,0.0,0.0,2
4.15,PINN Vanilla,0.2491720752567055,0.005946655673006863,0.0021328049318366086,0.005446435357133517,0.16854025423526764,0.3291579484939575,0.32070887088775635,0.16035504833530942,0.0,0.0,2
4.155,PINN Vanilla,0.24917401239275955,0.005938927613709096,0.0021295297045494585,0.005443394571874649,0.1687089502811432,0.3290013372898102,0.3200569152832031,0.16002906928711153,0.0,0.0,2
4.16,PINN Vanilla,0.24917598648369335,0.005931052125684478,0.0021262465300937866,0.005440296453374127,0.16887763142585754,0.3288438320159912,0.3194035291671753,0.15970237498044257,0.0,0.0,2
4.165,PINN Vanilla,0.24917801855504534,0.005922945329121186,0.002122921601173938,0.005436936696761596,0.16904598474502563,0.328687846660614,0.31875407695770264,0.15937764763456908,0.0,0.0,2
4.17,PINN Vanilla,0.2491800793707373,0.00591472385916505,0.002119594300887406,0.005433476471151666,0.16921404004096985,0.32853156328201294,0.31810441613197327,0.15905281598016857,0.0,0.0,2
4.175,PINN Vanilla,0.24918218545615695,0.0059063217890186264,0.002116243973589693,0.005429828203054932,0.16938188672065735,0.32837629318237305,0.3174571990966797,0.15872920622565617,0.0,0.0,2
4.18,PINN Vanilla,0.2491843206882479,0.005897803440408612,0.0021128807524011715,0.005425724226498008,0.16954903304576874,0.32822084426879883,0.31681114435195923,0.15840617761865153,0.0,0.0,2
4.1850000000000005,PINN Vanilla,0.24918649804592155,0.005889117034939346,0.002109497241711078,0.005421945600028788,0.16971637308597565,0.32806605100631714,0.31616610288619995,0.1580836556530639,0.0,0.0,2
4.19,PINN Vanilla,0.24918871973454976,0.00588025377444498,0.0021060940937796275,0.005417528193442711,0.1698828935623169,0.32791197299957275,0.31552448868751526,0.15776284732756324,0.0,0.0,2
4.195,PINN Vanilla,0.24919097381830238,0.005871261276026448,0.0021026763632876785,0.005413110140426003,0.17004962265491486,0.3277578353881836,0.3148815929889679,0.15744139824968226,0.0,0.0,2
4.2,PINN Vanilla,0.24919326972961447,0.005862101909690094,0.0020992304127564376,0.005408554414407685,0.17021529376506805,0.3276045322418213,0.31424298882484436,0.15712209494721452,0.0,0.0,2
4.205,PINN Vanilla,0.24919561390578768,0.005852749994302854,0.0020957715324996886,0.005403857549353908,0.17038127779960632,0.32745134830474854,0.3136041760444641,0.15680268733621974,0.0,0.0,2
4.21,PINN Vanilla,0.24919799274206184,0.005843259805037074,0.0020922914510401276,0.005399317015015503,0.1705462634563446,0.3272988200187683,0.3129681944847107,0.156484695340949,0.0,0.0,2
4.215,PINN Vanilla,0.2492004105448725,0.005833614161690485,0.0020887977633534866,0.0053941215868075765,0.17071127891540527,0.3271464705467224,0.31233328580856323,0.15616723978953156,0.0,0.0,2
4.22,PINN Vanilla,0.24920286799967312,0.005823810329697766,0.002085287358671381,0.005389038768092436,0.17087575793266296,0.3269948363304138,0.3117004930973053,0.15585084222460263,0.0,0.0,2
4.225,PINN Vanilla,0.24920534756779694,0.005813918278257267,0.002081774954787848,0.005383732754401238,0.17104047536849976,0.3268432915210724,0.3110673129558563,0.15553425094383777,0.0,0.0,2
4.23,PINN Vanilla,0.2492078817635777,0.005803808293868206,0.0020782232069290873,0.005378333094257448,0.1712043285369873,0.3266926109790802,0.3104380965232849,0.15521964152508652,0.0,0.0,2
4.235,PINN Vanilla,0.249210453912616,0.005793546897798799,0.0020746678679351505,0.005372668292562055,0.17136794328689575,0.3265417218208313,0.3098086714744568,0.15490492779780826,0.0,0.0,2
4.24,PINN Vanilla,0.2492130539864304,0.005783174097925342,0.002071098520683031,0.005366996756220432,0.17153146862983704,0.3263917565345764,0.30918124318122864,0.1545912124521459,0.0,0.0,2
4.245,PINN Vanilla,0.24921569554507755,0.005772635797416611,0.002067505634585155,0.005361142930712048,0.17169415950775146,0.32624202966690063,0.3085564970970154,0.15427883821611682,0.0,0.0,2
4.25,PINN Vanilla,0.24921837843954586,0.005761932590743266,0.0020638980020642786,0.005355057618997794,0.17185671627521515,0.3260928988456726,0.30793309211730957,0.15396713453490438,0.0,0.0,2
4.255,PINN Vanilla,0.24922109591960928,0.005751091407426875,0.0020602766101888294,0.005348794842226168,0.17201903462409973,0.3259437680244446,0.30730995535850525,0.15365556496465527,0.0,0.0,2
4.26,PINN Vanilla,0.24922384956479093,0.005740105946078161,0.0020566430478765377,0.005342743307916897,0.17218106985092163,0.32579565048217773,0.30668964982032776,0.1533454110101302,0.0,0.0,2
4.265,PINN Vanilla,0.24922663933038733,0.005728976385038355,0.002052991486496158,0.005335921997952187,0.17234265804290771,0.3256472945213318,0.3060694932937622,0.15303533156169585,0.0,0.0,2
4.2700000000000005,PINN Vanilla,0.24922946776449703,0.005717692558858948,0.002049323747387098,0.005329513198186975,0.17250390350818634,0.32549965381622314,0.3054521083831787,0.15272663792654925,0.0,0.0,2
4.275,PINN Vanilla,0.2492323390096428,0.00570623794125541,0.002045634719230714,0.005322372565642941,0.1726648509502411,0.32535257935523987,0.30483609437942505,0.15241862974743742,0.0,0.0,2
4.28,PINN Vanilla,0.24923524355888388,0.005694650459456454,0.00204192874116733,0.005315721541894192,0.17282572388648987,0.3252057731151581,0.3042214512825012,0.15211130702436038,0.0,0.0,2
4.285,PINN Vanilla,0.24923817503452322,0.005682955556806942,0.0020382262057757547,0.0053084997068124085,0.17298582196235657,0.3250594735145569,0.30360838770866394,0.1518047740658452,0.0,0.0,2
4.29,PINN Vanilla,0.2492411554604771,0.005671065370541445,0.0020344878889699447,0.0053015934302095835,0.1731458306312561,0.3249133825302124,0.3029969334602356,0.15149904577310996,0.0,0.0,2
4.295,PINN Vanilla,0.24924416849017164,0.0056590451140928165,0.0020307455612311653,0.005293843286585609,0.17330506443977356,0.3247680068016052,0.3023882508277893,0.15119470329366244,0.0,0.0,2
4.3,PINN Vanilla,0.24924720425903818,0.005646934141419506,0.0020269995467599605,0.005286780581146955,0.1734645664691925,0.32462278008461,0.30177927017211914,0.15089021180203346,0.0,0.0,2
4.305,PINN Vanilla,0.24925029781460784,0.0056345926330193,0.0020232299849472384,0.005279107413389383,0.17362330853939056,0.3244783282279968,0.3011731803417206,0.15058716572856481,0.0,0.0,2
4.3100000000000005,PINN Vanilla,0.24925341403484366,0.005622160705629796,0.002019439052986025,0.005271219259377791,0.17378178238868713,0.32433372735977173,0.3005678951740265,0.15028452198798614,0.0,0.0,2
4.315,PINN Vanilla,0.24925656355917475,0.005609595914044984,0.0020156445287077235,0.0052635341001388,0.17394007742404938,0.3241899311542511,0.29996421933174133,0.14998268291318745,0.0,0.0,2
4.32,PINN Vanilla,0.2492597535401585,0.005596869723672437,0.0020118384334610016,0.005255203377674489,0.17409762740135193,0.3240460753440857,0.2993622422218323,0.14968169320782318,0.0,0.0,2
4.325,PINN Vanilla,0.2492629750967028,0.005584017564964408,0.0020080152711368917,0.005247000022914061,0.17425525188446045,0.323903352022171,0.2987625300884247,0.14938183599503813,0.0,0.0,2
4.33,PINN Vanilla,0.24926623308658621,0.005571020058177001,0.0020041813086212217,0.005239011239136615,0.17441251873970032,0.32376033067703247,0.2981627881526947,0.1490819638810349,0.0,0.0,2
4.335,PINN Vanilla,0.2492695210427048,0.005557903003337211,0.0020003334149966676,0.005230424959226099,0.17456912994384766,0.3236185610294342,0.2975671887397766,0.14878416303635422,0.0,0.0,2
4.34,PINN Vanilla,0.24927285221219084,0.005544613552002433,0.001996467889559188,0.005222011682121663,0.17472559213638306,0.32347649335861206,0.2969711124897003,0.14848612377218318,0.0,0.0,2
4.345,PINN Vanilla,0.249276213526726,0.0055312038392504575,0.001992592831886345,0.005213268392793791,0.17488181591033936,0.3233352303504944,0.2963774800300598,0.14818930640790023,0.0,0.0,2
4.3500000000000005,PINN Vanilla,0.24927960868179821,0.005517659122208733,0.0019887036184897643,0.005204311821216501,0.17503777146339417,0.3231940269470215,0.2957843542098999,0.1478927423643258,0.0,0.0,2
4.355,PINN Vanilla,0.24928303372859978,0.0055039951543501215,0.0019848105292239312,0.005195466664361603,0.17519326508045197,0.3230534791946411,0.29519352316856384,0.14759732571454875,0.0,0.0,2
4.36,PINN Vanilla,0.24928649865090868,0.005490172106139558,0.0019809037103226735,0.00518665265598911,0.17534813284873962,0.3229132890701294,0.29460492730140686,0.14730302665613276,0.0,0.0,2
4.365,PINN Vanilla,0.24928998802602315,0.005476251505291451,0.0019769906843791368,0.005177472249932535,0.17550328373908997,0.3227732479572296,0.2940160632133484,0.14700859348675344,0.0,0.0,2
4.37,PINN Vanilla,0.24929352578520797,0.005462137879816065,0.001973056773609145,0.005167987066443891,0.17565760016441345,0.3226340413093567,0.2934308350086212,0.14671597826598815,0.0,0.0,2
4.375,PINN Vanilla,0.24929708375036738,0.005447943644117427,0.001969119529274663,0.005158864007301922,0.175811767578125,0.3224950432777405,0.2928459346294403,0.14642352695862246,0.0,0.0,2
4.38,PINN Vanilla,0.2493006786555054,0.005433602039139015,0.0019651698715605175,0.005149203050635431,0.17596545815467834,0.32235658168792725,0.292263388633728,0.14613225284749046,0.0,0.0,2
4.385,PINN Vanilla,0.24930429992079756,0.005419155272298642,0.001961216073911769,0.005139692734185686,0.17611876130104065,0.3222179412841797,0.2916814088821411,0.14584126185950325,0.0,0.0,2
4.39,PINN Vanilla,0.24930796256661436,0.005404543420952424,0.0019572401543978936,0.005130152862171611,0.17627161741256714,0.32208043336868286,0.2911025583744049,0.14555183549942152,0.0,0.0,2
4.3950000000000005,PINN Vanilla,0.24931166726350806,0.005389763809982339,0.0019532439898700595,0.005119873736021074,0.1764242947101593,0.3219427168369293,0.29052379727363586,0.14526245384299427,0.0,0.0,2
4.4,PINN Vanilla,0.2493153823465111,0.005374942764406441,0.0019492631439462507,0.005109872136668081,0.1765766441822052,0.32180607318878174,0.2899479866027832,0.14497454740716362,0.0,0.0,2
4.405,PINN Vanilla,0.2493191424608233,0.005359942069793156,0.0019452673394722627,0.005100143612408514,0.17672881484031677,0.32166916131973267,0.2893722653388977,0.1446866856749874,0.0,0.0,2
4.41,PINN Vanilla,0.24932292930781863,0.0053448347271413165,0.0019412535226056684,0.005089782221366634,0.17688077688217163,0.32153356075286865,0.28879913687705994,0.14440012034879005,0.0,0.0,2
4.415,PINN Vanilla,0.2493267445713284,0.005329614018932107,0.0019372363775656263,0.005079306716880172,0.17703178524971008,0.3213975429534912,0.2882274389266968,0.14411427028106377,0.0,0.0,2
4.42,PINN Vanilla,0.24933060267567655,0.005314222400404612,0.0019332061372860528,0.005069169069763124,0.17718277871608734,0.3212622404098511,0.28765758872032166,0.14382934408886267,0.0,0.0,2
4.425,PINN Vanilla,0.24933448189497015,0.005298746545382722,0.0019291748501936551,0.005058580973565707,0.1773335337638855,0.3211270570755005,0.2870880365371704,0.143544566908843,0.0,0.0,2
4.43,PINN Vanilla,0.24933839809894584,0.005283123142739826,0.0019251288666766616,0.005047894031268374,0.17748384177684784,0.3209928274154663,0.2865219712257385,0.14326153317134666,0.0,0.0,2
4.4350000000000005,PINN Vanilla,0.24934233817458176,0.0052674045058951685,0.0019210857730172465,0.005037098163273024,0.17763365805149078,0.32085829973220825,0.28595617413520813,0.1429786335448136,0.0,0.0,2
4.44,PINN Vanilla,0.24934632073342822,0.005251516385461855,0.0019170262264471764,0.005026123793529513,0.17778384685516357,0.32072484493255615,0.2853916883468628,0.14269638957187905,0.0,0.0,2
4.445,PINN Vanilla,0.24935032638907453,0.00523553612207423,0.0019129582021461164,0.005015420597391462,0.17793262004852295,0.32059136033058167,0.28482988476753235,0.14241548670857782,0.0,0.0,2
4.45,PINN Vanilla,0.24935436667501948,0.005219417703702218,0.001908883881570109,0.005004397526095994,0.17808161675930023,0.32045847177505493,0.2842693626880646,0.1421352245976569,0.0,0.0,2
4.455,PINN Vanilla,0.24935843022167706,0.00520320648845816,0.001904809853069957,0.004993047890845426,0.17823027074337006,0.32032597064971924,0.28371021151542664,0.14185564794277078,0.0,0.0,2
4.46,PINN Vanilla,0.24936252939701103,0.005186853135276329,0.0019007243250910516,0.004981936451826818,0.17837870121002197,0.3201936185359955,0.2831518054008484,0.14157644381833837,0.0,0.0,2
4.465,PINN Vanilla,0.24936665251851103,0.005170404250657464,0.0018966346830390445,0.0049705718206742855,0.1785266250371933,0.32006165385246277,0.28259551525115967,0.14129829768039442,0.0,0.0,2
4.47,PINN Vanilla,0.24937081326544308,0.005153805262193614,0.0018925382631422897,0.004958855882142232,0.1786743700504303,0.3199306130409241,0.28204140067100525,0.14102123933137525,0.0,0.0,2
4.4750000000000005,PINN Vanilla,0.24937500007450603,0.005137102300809233,0.0018884288223473007,0.004947327527525469,0.17882132530212402,0.3197997212409973,0.28148946166038513,0.14074526877128088,0.0,0.0,2
4.48,PINN Vanilla,0.24937921217083953,0.00512029845775166,0.0018843291024215959,0.004935781196884925,0.1789684295654297,0.31966865062713623,0.2809367775917053,0.1404689256807328,0.0,0.0,2
4.485,PINN Vanilla,0.24938345552980923,0.00510336989474689,0.0018802196909914622,0.004924026385219993,0.17911483347415924,0.31953877210617065,0.2803882658481598,0.1401946687607254,0.0,0.0,2
4.49,PINN Vanilla,0.24938772594928763,0.005086333375868094,0.0018761111507825438,0.004912111544961961,0.1792609691619873,0.31940871477127075,0.2798396944999695,0.1399203820382817,0.0,0.0,2
4.495,PINN Vanilla,0.24939202862978005,0.0050691681540884935,0.0018719895291447106,0.00490042611193614,0.17940697073936462,0.31927940249443054,0.2792932987213135,0.13964718310476276,0.0,0.0,2
4.5,PINN Vanilla,0.2493963638842108,0.005051872981020026,0.0018678625590399,0.004888172825889658,0.17955243587493896,0.31915053725242615,0.2787487506866455,0.139374908046769,0.0,0.0,2
4.505,PINN Vanilla,0.2494007197469475,0.005034495592657449,0.0018637408183794816,0.004876433456009077,0.1796979308128357,0.319021999835968,0.27820509672164917,0.13910308002531965,0.0,0.0,2
4.51,PINN Vanilla,0.24940510277450106,0.005017009832291195,0.001859611667218404,0.004864080401640158,0.17984282970428467,0.3188934922218323,0.27766236662864685,0.1388317139416329,0.0,0.0,2
4.515,PINN Vanilla,0.2494095202535393,0.004999386630305479,0.001855478780872565,0.004851627358647526,0.1799871027469635,0.3187658190727234,0.2771231234073639,0.13856209130046943,0.0,0.0,2
4.5200000000000005,PINN Vanilla,0.2494139603674414,0.004981673128224506,0.001851352704054975,0.0048393536061938636,0.18013139069080353,0.31863826513290405,0.2765839993953705,0.1382925282641785,0.0,0.0,2
4.525,PINN Vanilla,0.24941843807697317,0.004963809641192926,0.0018472073831152798,0.004826749069929637,0.1802750825881958,0.3185112476348877,0.27604734897613525,0.13802420202899388,0.0,0.0,2
4.53,PINN Vanilla,0.24942292587459108,0.004945905908496741,0.0018430774553221043,0.004814286652244926,0.1804189383983612,0.3183844983577728,0.2755109369754791,0.13775599500355443,0.0,0.0,2
4.535,PINN Vanilla,0.24942745131254218,0.004927852012508605,0.0018389400880478432,0.004801586183793671,0.1805620789527893,0.31825852394104004,0.2749776542186737,0.13748935260602047,0.0,0.0,2
4.54,PINN Vanilla,0.2494320109188559,0.0049096618043952475,0.001834798888952587,0.004789114166050934,0.1807050108909607,0.31813251972198486,0.2744447588920593,0.1372229039243224,0.0,0.0,2
4.545,PINN Vanilla,0.24943658728897594,0.004891404718331213,0.0018306627315373787,0.0047762243354512735,0.18084728717803955,0.31800687313079834,0.2739143371582031,0.13695769204373062,0.0,0.0,2
4.55,PINN Vanilla,0.24944119001925014,0.004873042470405218,0.0018265343032696883,0.004763295931573486,0.18098989129066467,0.31788182258605957,0.2733842134475708,0.13669262917532032,0.0,0.0,2
4.555,PINN Vanilla,0.2494458222538235,0.004854562517286006,0.00182239687285058,0.004750258105960747,0.1811314821243286,0.3177570104598999,0.27285701036453247,0.13642902662628847,0.0,0.0,2
4.5600000000000005,PINN Vanilla,0.24945047853887103,0.004835986616600219,0.0018182650723526414,0.004737471757962075,0.1812729835510254,0.3176330327987671,0.2723312973976135,0.13616616913816404,0.0,0.0,2
4.565,PINN Vanilla,0.24945516251027605,0.004817300263263504,0.0018141311373978482,0.004724470132823955,0.18141421675682068,0.3175086975097656,0.27180585265159607,0.1359034457610029,0.0,0.0,2
4.57,PINN Vanilla,0.24945987525582336,0.0047984991176397915,0.0018099985925557943,0.004711316535951082,0.18155503273010254,0.31738531589508057,0.2712830901145935,0.13564206349347505,0.0,0.0,2
4.575,PINN Vanilla,0.24946460217237496,0.004779641437855141,0.0018058737748982653,0.004698297365407833,0.18169546127319336,0.31726187467575073,0.27076154947280884,0.13538129217589126,0.0,0.0,2
4.58,PINN Vanilla,0.2494693619012835,0.004760652855628392,0.0018017523005397014,0.004684821205744261,0.18183575570583344,0.3171394467353821,0.270242303609848,0.13512166825210487,0.0,0.0,2
4.585,PINN Vanilla,0.2494741511642935,0.004741546449314382,0.0017976271433279528,0.004671408255195353,0.18197587132453918,0.3170167803764343,0.2697225511074066,0.13486179100760992,0.0,0.0,2
4.59,PINN Vanilla,0.24947895903885386,0.0047223657936132524,0.0017935071671095477,0.00465834843100571,0.18211519718170166,0.316895067691803,0.2692068815231323,0.13460395523000124,0.0,0.0,2
4.595,PINN Vanilla,0.2494837952256205,0.004703072188484292,0.0017893977263539677,0.004644424945628389,0.18225444853305817,0.31677335500717163,0.26869162917137146,0.1343463280694466,0.0,0.0,2
4.6000000000000005,PINN Vanilla,0.24948866657912752,0.004683638288276726,0.001785287488063654,0.004631034673143519,0.18239319324493408,0.3166521489620209,0.2681778073310852,0.13408941616736306,0.0,0.0,2
4.605,PINN Vanilla,0.24949354371428512,0.004664181322606932,0.001781184965838561,0.004617462958194818,0.1825316846370697,0.3165310323238373,0.2676653265953064,0.13383317482009613,0.0,0.0,2
4.61,PINN Vanilla,0.24949845249950908,0.004644598091366272,0.0017770939435032397,0.004603855422367742,0.18266978859901428,0.3164108991622925,0.26715579628944397,0.13357840869342585,0.0,0.0,2
4.615,PINN Vanilla,0.2495033919811251,0.004624892399167118,0.0017730006756082374,0.004590131192313829,0.1828078329563141,0.31629055738449097,0.2666459083557129,0.1333234637521378,0.0,0.0,2
4.62,PINN Vanilla,0.24950835368037247,0.004605098071390534,0.00176891851864509,0.004576261384303004,0.1829453706741333,0.31617066264152527,0.2661384046077728,0.13306971090830155,0.0,0.0,2
4.625,PINN Vanilla,0.24951333744823956,0.004585215702507401,0.0017648461898342445,0.004562575006506309,0.18308241665363312,0.31605151295661926,0.26563307642936707,0.13281704585339008,0.0,0.0,2
4.63,PINN Vanilla,0.24951833198964618,0.004565290353394675,0.0017607899582815075,0.004548704152145144,0.1832195222377777,0.31593239307403564,0.2651277780532837,0.13256439569969677,0.0,0.0,2
4.635,PINN Vanilla,0.24952336640656017,0.004545205923929885,0.0017567282300944397,0.0045349397764776755,0.18335583806037903,0.3158140480518341,0.2646259069442749,0.13231345918609042,0.0,0.0,2
4.64,PINN Vanilla,0.24952842067182085,0.004525042310971582,0.0017526727856276283,0.004520650842424978,0.1834922581911087,0.31569570302963257,0.2641238272190094,0.13206241836395705,0.0,0.0,2
4.6450000000000005,PINN Vanilla,0.24953349173069023,0.004504811701168336,0.0017474770231861623,0.00450640489698062,0.18362745642662048,0.3155779540538788,0.2636258602142334,0.13181343390992806,0.0,0.0,2
4.65,PINN Vanilla,0.2495385941565039,0.004484455955288576,0.0017434935990524902,0.004492425659854804,0.1837635040283203,0.3154602646827698,0.26312607526779175,0.13156354048159205,0.0,0.0,2
4.655,PINN Vanilla,0.24954370534420037,0.00446406525453318,0.0017395396062979207,0.004478464051077102,0.18389874696731567,0.31534337997436523,0.26262959837913513,0.13131530108847042,0.0,0.0,2
4.66,PINN Vanilla,0.24954885910451435,0.0044435047135066635,0.0017355805170423085,0.00446423361684678,0.18403387069702148,0.31522637605667114,0.26213371753692627,0.13106735971971176,0.0,0.0,2
4.665,PINN Vanilla,0.24955402141809485,0.004422910049863589,0.0017316427229162005,0.004450033601337555,0.18416836857795715,0.31511032581329346,0.26164063811302185,0.13082081906545898,0.0,0.0,2
4.67,PINN Vanilla,0.2495592139363291,0.004402194887015122,0.0017277194444679776,0.004435802905536357,0.18430258333683014,0.31499427556991577,0.2611485421657562,0.13057477015140506,0.0,0.0,2
4.675,PINN Vanilla,0.24956442143023036,0.004381419979864001,0.0017238043401072672,0.0044212375120085134,0.18443626165390015,0.31487900018692017,0.26065927743911743,0.13033013685307518,0.0,0.0,2
4.68,PINN Vanilla,0.2495696540027859,0.004360545023298656,0.0017199038198397539,0.004407040548767449,0.18456996977329254,0.31476345658302307,0.2601693868637085,0.13008519062916418,0.0,0.0,2
4.6850000000000005,PINN Vanilla,0.2495749076008799,0.004339586186921488,0.0017160211000854708,0.0043925908724042895,0.1847032755613327,0.3146487772464752,0.2596820294857025,0.12984151100879576,0.0,0.0,2
4.69,PINN Vanilla,0.24958017092943213,0.004318588531609342,0.0017121650782115161,0.004378330423205401,0.18483629822731018,0.3145342469215393,0.25919580459594727,0.12959839763471692,0.0,0.0,2
4.695,PINN Vanilla,0.24958547332882902,0.00429743500608685,0.001708306159614603,0.004363592685743878,0.18496915698051453,0.31442028284072876,0.2587115168571472,0.1293562528398177,0.0,0.0,2
4.7,PINN Vanilla,0.24959078963100934,0.004276226016450474,0.0017044787279519062,0.004349221957049065,0.18510103225708008,0.3143066465854645,0.2582297921180725,0.12911538954967916,0.0,0.0,2
4.705,PINN Vanilla,0.24959612664580366,0.004254934395390781,0.0017006644002114193,0.0043344779193085214,0.18523338437080383,0.314193457365036,0.25774797797203064,0.12887448155588618,0.0,0.0,2
4.71,PINN Vanilla,0.24960148991644404,0.004233538028598446,0.0016968673486003466,0.004320069257655157,0.18536469340324402,0.31408026814460754,0.2572683095932007,0.12863464644979983,0.0,0.0,2
4.715,PINN Vanilla,0.2496068664044144,0.004212088932257437,0.0016930862312192173,0.004305217201555411,0.1854965090751648,0.3139675557613373,0.25678884983062744,0.12839491565224054,0.0,0.0,2
4.72,PINN Vanilla,0.24961226619780086,0.004190546860703262,0.001689325848903149,0.004290630402282003,0.18562716245651245,0.3138556480407715,0.2563137710094452,0.1281573753337489,0.0,0.0,2
4.7250000000000005,PINN Vanilla,0.2496176807880404,0.004168945758211247,0.0016855987087571434,0.004275875274078245,0.18575790524482727,0.313743531703949,0.2558378279209137,0.12791940287993103,0.0,0.0,2
4.73,PINN Vanilla,0.24962312419712565,0.004147229685091226,0.0016818796201714425,0.004261319135526853,0.18588843941688538,0.31363222002983093,0.25536417961120605,0.12768257781991052,0.0,0.0,2
4.735,PINN Vanilla,0.24962858201563382,0.004125456126657034,0.0016781960651188136,0.004246627480813225,0.18601852655410767,0.31352072954177856,0.2548912763595581,0.1274461252903437,0.0,0.0,2
4.74,PINN Vanilla,0.24963407015800498,0.0041035615934410545,0.001674522293619137,0.004231893567037848,0.18614819645881653,0.31341034173965454,0.25442153215408325,0.1272112522899005,0.0,0.0,2
4.745,PINN Vanilla,0.2496395605504515,0.004081658083717885,0.0016708869422507604,0.004216904123655163,0.18627752363681793,0.3132997751235962,0.2539519965648651,0.12697648359798436,0.0,0.0,2
4.75,PINN Vanilla,0.2496450756788256,0.0040596558918630414,0.0016672786031624745,0.004202260834118565,0.18640699982643127,0.3131901025772095,0.2534843981266022,0.1267426834852478,0.0,0.0,2
4.755,PINN Vanilla,0.24965060988068602,0.004037577607762135,0.0016636881633628586,0.004187566031893852,0.18653550744056702,0.3130800724029541,0.2530181109905243,0.12650953902610976,0.0,0.0,2
4.76,PINN Vanilla,0.24965616762638115,0.00401540539729483,0.001660128241892711,0.004172596310917709,0.1866641491651535,0.3129711151123047,0.25255391001701355,0.12627743765224203,0.0,0.0,2
4.765,PINN Vanilla,0.24966174806654476,0.003993142648944185,0.0016565848484669163,0.004157566702006565,0.18679209053516388,0.31286191940307617,0.2520905137062073,0.1260457386112643,0.0,0.0,2
4.7700000000000005,PINN Vanilla,0.24966733078658604,0.0039708708051921955,0.001653086402246078,0.004142896573489541,0.1869201958179474,0.31275373697280884,0.25162920355796814,0.1258150826555569,0.0,0.0,2
4.775,PINN Vanilla,0.24967294129729292,0.0039484880926598485,0.0016496096380307142,0.004127856401792085,0.18704748153686523,0.3126453161239624,0.2511686682701111,0.12558481413152134,0.0,0.0,2
4.78,PINN Vanilla,0.249678573086858,0.0039260204897153695,0.0016461643043216285,0.004112887629696527,0.1871749460697174,0.3125375509262085,0.25070980191230774,0.12535538007570207,0.0,0.0,2
4.785,PINN Vanilla,0.24968421356380008,0.0039035182291306393,0.0016427564789145191,0.004098014507846082,0.1873018741607666,0.31243011355400085,0.250252902507782,0.1251269295002805,0.0,0.0,2
4.79,PINN Vanilla,0.24968987864255926,0.0038809178214379287,0.0016393786512374302,0.0040831096179070325,0.18742841482162476,0.31232309341430664,0.24979764223098755,0.12489929849185709,0.0,0.0,2
4.795,PINN Vanilla,0.24969555604457877,0.0038582682510205015,0.0016360290461967732,0.004068097249451341,0.18755459785461426,0.31221628189086914,0.24934369325637817,0.12467232313703216,0.0,0.0,2
4.8,PINN Vanilla,0.2497012634277346,0.003835499073103725,0.0016327203736949628,0.004053274177736987,0.1876806765794754,0.31210988759994507,0.2488907277584076,0.12444583952240611,0.0,0.0,2
4.805,PINN Vanilla,0.2497069689780476,0.003812737207176313,0.0016294491436011757,0.0040383992899040155,0.1878063678741455,0.31200405955314636,0.24844011664390564,0.12422053310401371,0.0,0.0,2
4.8100000000000005,PINN Vanilla,0.24971270826458952,0.003789840753088581,0.0016262165378088693,0.0040231669347521315,0.18793141841888428,0.3118981719017029,0.24799060821533203,0.12399577803069278,0.0,0.0,2
4.815,PINN Vanilla,0.24971845035254978,0.0037669331229521425,0.0016230238554117854,0.004008185160202737,0.1880565583705902,0.31179288029670715,0.24754217267036438,0.12377155940122517,0.0,0.0,2
4.82,PINN Vanilla,0.24972421869635605,0.0037439207470831713,0.0016198570678107266,0.0039932125329766865,0.18818143010139465,0.3116878271102905,0.24709472060203552,0.12354783251195643,0.0,0.0,2
4.825,PINN Vanilla,0.2497300028651955,0.003720845238428822,0.00161674540002475,0.003978157788126546,0.18830618262290955,0.3115835189819336,0.2466493844985962,0.12332516360917617,0.0,0.0,2
4.83,PINN Vanilla,0.24973579809069657,0.0036977256200505268,0.0016136565028175174,0.003963169241280484,0.1884300410747528,0.3114788830280304,0.2462056577205658,0.12310329937217589,0.0,0.0,2
4.835,PINN Vanilla,0.24974162249267123,0.0036744896043145975,0.0016106170392128987,0.003948203648817705,0.18855403363704681,0.3113754987716675,0.24576377868652344,0.12288235901070076,0.0,0.0,2
4.84,PINN Vanilla,0.24974745252728484,0.003651231117587212,0.0016076203227132903,0.00393309336679748,0.18867745995521545,0.3112718462944031,0.24532312154769897,0.12266202959916968,0.0,0.0,2
4.845,PINN Vanilla,0.24975329257547876,0.0036279326824306076,0.0016046778192116565,0.003918157497892483,0.18880070745944977,0.31116896867752075,0.2448841631412506,0.12244254955707301,0.0,0.0,2
4.8500000000000005,PINN Vanilla,0.24975915525853656,0.003604543947178748,0.0016017760824729628,0.003903220045548106,0.18892362713813782,0.31106579303741455,0.24444514513015747,0.12222303971254006,0.0,0.0,2
4.855,PINN Vanilla,0.24976503095030808,0.0035811033146371835,0.0015989184420697807,0.003888552493001851,0.189046248793602,0.31096363067626953,0.24400946497917175,0.12200519880443964,0.0,0.0,2
4.86,PINN Vanilla,0.24977092958986782,0.003557571133612079,0.0015961079491077046,0.0038735162075113627,0.1891688108444214,0.3108614683151245,0.24357393383979797,0.12178743240242995,0.0,0.0,2
4.865,PINN Vanilla,0.2497768319398167,0.003534024150267235,0.001593351678682781,0.0038583422835917758,0.18929049372673035,0.31075993180274963,0.24314168095588684,0.12157130513441651,0.0,0.0,2
4.87,PINN Vanilla,0.24978275641798994,0.003510388888027533,0.001590638174734976,0.0038433527509930676,0.18941232562065125,0.3106585741043091,0.24270933866500854,0.12135513316274862,0.0,0.0,2
4.875,PINN Vanilla,0.24978868868947052,0.0034867225349715365,0.0015879913277624213,0.0038286397560364227,0.1895335614681244,0.31055748462677,0.2422790825366974,0.12114000427635108,0.0,0.0,2
4.88,PINN Vanilla,0.2497946434915068,0.003462966297949935,0.0015853807829261097,0.003813650309746841,0.18965458869934082,0.3104569911956787,0.24185043573379517,0.1209256800557335,0.0,0.0,2
4.885,PINN Vanilla,0.24980061337351822,0.003439149900496142,0.0015828294630049092,0.0037987416146889053,0.1897754967212677,0.3103564381599426,0.24142181873321533,0.12071137073633406,0.0,0.0,2
4.89,PINN Vanilla,0.2498065966665747,0.003415280000681896,0.0015803331993674576,0.0037836640573630786,0.1898963749408722,0.31025683879852295,0.2409956455230713,0.12049828331682275,0.0,0.0,2
4.8950000000000005,PINN Vanilla,0.24981258226931116,0.0033914008865722632,0.001577898159511986,0.0037690892598932213,0.19001635909080505,0.31015679240226746,0.24057093262672424,0.12028592605700066,0.0,0.0,2
4.9,PINN Vanilla,0.24981859494745753,0.003367413757141305,0.001575516941533961,0.0037543484266786553,0.19013595581054688,0.3100576400756836,0.24014830589294434,0.1200746118824489,0.0,0.0,2
4.905,PINN Vanilla,0.24982461577653908,0.0033433941101645367,0.0015731924364763583,0.003739262265982146,0.19025582075119019,0.30995866656303406,0.23972603678703308,0.11986347652251492,0.0,0.0,2
4.91,PINN Vanilla,0.24983064842224142,0.003319327321663559,0.0015709293321718128,0.003724526962844421,0.1903749406337738,0.3098601698875427,0.23930630087852478,0.1196536077661235,0.0,0.0,2
4.915,PINN Vanilla,0.24983668535947823,0.0032952434124070597,0.0015687392424883527,0.0037098236982496258,0.19049419462680817,0.3097617030143738,0.2388860285282135,0.1194434707878054,0.0,0.0,2
4.92,PINN Vanilla,0.2498427548259499,0.003271029730202813,0.0015665983231690158,0.0036950011655598747,0.19061294198036194,0.3096640706062317,0.23846939206123352,0.11923515175810133,0.0,0.0,2
4.925,PINN Vanilla,0.24984882465004943,0.0032468146212689397,0.0015645244369008075,0.003680204147977484,0.19073158502578735,0.3095666766166687,0.23805281519889832,0.11902686253083354,0.0,0.0,2
4.93,PINN Vanilla,0.24985490518808387,0.0032225567698936706,0.0015625239592232199,0.003665508434864906,0.19084937870502472,0.3094695210456848,0.23763903975486755,0.11881997401807164,0.0,0.0,2
4.9350000000000005,PINN Vanilla,0.2498610071241858,0.0031982135525297642,0.001560581107413183,0.0036510432804884863,0.19096744060516357,0.3093724846839905,0.23722457885742188,0.11861274277729235,0.0,0.0,2
4.94,PINN Vanilla,0.24986711788177512,0.003173835142502135,0.0015587120575586346,0.003636330561471335,0.1910848319530487,0.3092763125896454,0.23681426048278809,0.11840758280583556,0.0,0.0,2
4.945,PINN Vanilla,0.24987324936687969,0.0031493740416038904,0.0015568989813099811,0.0036215578415296767,0.19120219349861145,0.3092007040977478,0.23640277981758118,0.11820184168687103,0.0,0.0,2
4.95,PINN Vanilla,0.24987937438488028,0.0031249387407328616,0.0015551745666677675,0.003607004063928665,0.1913190484046936,0.3091447055339813,0.23599481582641602,0.11799785891164792,0.0,0.0,2
4.955,PINN Vanilla,0.24988551799953007,0.003100429249921791,0.0015535157215380623,0.003592593781573339,0.1914358288049698,0.30908825993537903,0.23558670282363892,0.11779380163033407,0.0,0.0,2
4.96,PINN Vanilla,0.24989168137311957,0.0030758409322996687,0.0015519275040040627,0.0035783133441720794,0.1915523111820221,0.3090321123600006,0.23518043756484985,0.11759066822454538,0.0,0.0,2
4.965,PINN Vanilla,0.24989785447716736,0.003051213795742458,0.001550419754206741,0.003563373148665838,0.19166827201843262,0.3089752495288849,0.23477604985237122,0.11738847359549998,0.0,0.0,2
4.97,PINN Vanilla,0.2499040378034117,0.003026545878497282,0.0015489809017257866,0.0035492890201649363,0.19178414344787598,0.3089187443256378,0.23437264561653137,0.11718677070665345,0.0,0.0,2
4.9750000000000005,PINN Vanilla,0.24991021963953994,0.0030018839059587003,0.0015476178180675298,0.003534829650568838,0.19189995527267456,0.30886173248291016,0.23397040367126465,0.1169856489653147,0.0,0.0,2
4.98,PINN Vanilla,0.2499164282381537,0.0029771151664872994,0.001546334979924345,0.0035204786156947665,0.19201499223709106,0.3088046908378601,0.23357009887695312,0.11678549580315553,0.0,0.0,2
4.985,PINN Vanilla,0.24992264316976093,0.0029523211620123765,0.001545140297745075,0.003506122258402411,0.19212976098060608,0.30874744057655334,0.23317193984985352,0.116586415528703,0.0,0.0,2
4.99,PINN Vanilla,0.24992886625230334,0.0029274946399916427,0.0015440223253146033,0.003491849279361303,0.19224493205547333,0.3086898922920227,0.23277315497398376,0.11638702232866935,0.0,0.0,2
4.995,PINN Vanilla,0.24993510468304178,0.0029026068874916625,0.0015429918957796085,0.0034775926868015894,0.19235923886299133,0.30863240361213684,0.2323775589466095,0.11618922355897751,0.0,0.0,2
5.0,PINN Vanilla,0.24994135196507,0.0028776838234335846,0.0015420340073085052,0.0034634683976970115,0.1924734115600586,0.308574914932251,0.23198235034942627,0.1159916185051216,0.0,0.0,2
0.0,PINN Conservative,0.2506768216639759,5.6417492275241145e-05,0.00017078985083919683,0.00048549336998313374,-0.000420987606048584,0.9998406171798706,2.0010022670030594,1.0005049575215512,0.0,0.000420987606048584,2
0.005,PINN Conservative,0.2506693729162218,2.6701270630480893e-05,0.00019796465638668209,0.0004313777383747608,-0.00040428340435028076,0.9950486421585083,1.9914428740739822,0.9957252427885126,0.0,0.00040428340435028076,2
0.01,PINN Conservative,0.25066162811219717,4.1960453465816305e-06,0.00026769560848597106,0.000603451982343739,-0.00038908421993255615,0.9903160333633423,1.9820071458816528,0.9910073606601776,0.0,0.00038908421993255615,2
0.015,PINN Conservative,0.25065364595502637,3.604026393486745e-05,0.0003468044516487855,0.0007674994190967621,-0.0003752708435058594,0.985617995262146,1.9726446717977524,0.9863261057260496,0.0,0.0003752708435058594,2
0.02,PINN Conservative,0.2506454636678102,6.868288635991761e-05,0.00042401980698334395,0.0009205857989482147,-0.00041081011295318604,0.9809796810150146,1.9634056389331818,0.9817065716374891,0.0,0.00041081011295318604,2
0.025,PINN Conservative,0.25063712877035166,0.00010193433592447655,0.000496043729101332,0.0010626802887117037,-0.00046432018280029297,0.9763765335083008,1.9542405009269714,0.9771239851193257,0.0,0.00046432018280029297,2
0.03,PINN Conservative,0.25062866919487736,0.0001356831791010106,0.0005618273210422863,0.001193274841212344,-0.000517919659614563,0.9718334674835205,1.945197731256485,0.9726025830028765,0.0,0.000517919659614563,2
0.035,PINN Conservative,0.2506201447695496,0.00016969073591418174,0.0006212430717757311,0.0013120434397326242,-0.00057181715965271,0.9673255681991577,1.9362287372350693,0.9681180688519518,0.0,0.00057181715965271,2
0.04,PINN Conservative,0.2506115774586799,0.00020386938138686875,0.0006744708188781361,0.0014192168348370893,-0.0006259679794311523,0.9628782272338867,1.927383467555046,0.9636954171081672,0.0,0.0006259679794311523,2
0.045,PINN Conservative,0.25060298532992625,0.00023814703595009777,0.0007217469377979594,0.0015152762969669609,-0.0006801635026931763,0.9584665298461914,1.9186115115880966,0.9593094223610257,0.0,0.0006801635026931763,2
0.05,PINN Conservative,0.2505944315493109,0.0002722717034859375,0.0007635119406282085,0.0016008092014779263,-0.0007338225841522217,0.9541140794754028,1.909959077835083,0.9549831889492653,0.0,0.0007338225841522217,2
0.055,PINN Conservative,0.25058590860664864,0.00030627334531588713,0.0008001130775608608,0.0016756203278149862,-0.0007876604795455933,0.9497977495193481,1.9013812243938446,0.9506942458359193,0.0,0.0007876604795455933,2
0.06,PINN Conservative,0.25057745479792376,0.00033999918247727153,0.0008320003776872097,0.0017408080717122298,-0.0008410066366195679,0.9455403089523315,1.892923280596733,0.9464652577737904,0.0,0.0008410066366195679,2
0.065,PINN Conservative,0.2505691097751262,0.0003732910263239611,0.0008595122389762485,0.0017967694162228098,-0.0008938461542129517,0.9413188695907593,1.8845378905534744,0.942272546727242,0.0,0.0008938461542129517,2
0.07,PINN Conservative,0.2505608715340497,0.00040615687248676216,0.0008830957512088356,0.0018435863758187176,-0.0009461939334869385,0.9371557235717773,1.87627013027668,0.9381386507887224,0.0,0.0009461939334869385,2
0.075,PINN Conservative,0.25055275804549476,0.0004385250278023138,0.0009031018476508112,0.0018823914581118095,-0.0009976625442504883,0.9330288171768188,1.8680754750967026,0.9340413075383189,0.0,0.0009976625442504883,2
0.08,PINN Conservative,0.25054481718689225,0.0004702044888435121,0.0009198505678111775,0.0019126507349447874,-0.0010488927364349365,0.9289586544036865,1.8599963784217834,0.9300017437612829,0.0,0.0010488927364349365,2
0.085,PINN Conservative,0.2505370257198813,0.0005012879633118432,0.0009337621371444516,0.0019357973089285663,-0.0010988712310791016,0.9249246120452881,1.8519889563322067,0.925998017413892,0.0,0.0010988712310791016,2
0.09,PINN Conservative,0.25052942030876896,0.000531629181698402,0.0009450976055712316,0.0019519272714460523,-0.0011483579874038696,0.9209467172622681,1.844094842672348,0.9220509454978985,0.0,0.0011483579874038696,2
0.095,PINN Conservative,0.25052201760560294,0.0005611617119053129,0.0009542084299805088,0.0019615416267831365,-0.0011969655752182007,0.9170047044754028,1.8362727463245392,0.9181398823755587,0.0,0.0011969655752182007,2
0.1,PINN Conservative,0.2505148003175857,0.0005899545422539881,0.0009613692799348249,0.0019647866581974927,-0.0012442171573638916,0.9131174087524414,1.8285597115755081,0.9142833502610301,0.0,0.0012442171573638916,2
0.105,PINN Conservative,0.2505078002661469,0.0006178807235327833,0.0009668766101149982,0.0019952479741152176,-0.0012909471988677979,0.9092657566070557,1.8209183514118195,0.9104626555761468,0.0,0.0012909471988677979,2
0.11,PINN Conservative,0.2505010394304993,0.0006448525713171681,0.0009709532658085504,0.0020331860552472002,-0.0013365745544433594,0.90546715259552,1.813383549451828,0.9066952401967503,0.0,0.0013365745544433594,2
0.115,PINN Conservative,0.2504944939836862,0.0006709651414676723,0.0009738869747847452,0.0020670588793595835,-0.001380831003189087,0.9017045497894287,1.805919960141182,0.9029634312781176,0.0,0.001380831003189087,2
0.12,PINN Conservative,0.2504881824180486,0.0006961446601737931,0.0009758799093210297,0.002096639126259313,-0.001423954963684082,0.8979934453964233,1.7985588014125824,0.8992828378462584,0.0,0.001423954963684082,2
0.125,PINN Conservative,0.25048211137950444,0.0007203646140436123,0.000977151057189702,0.0021226420263938464,-0.0014660954475402832,0.8943175077438354,1.791268229484558,0.8956375379495819,0.0,0.0014660954475402832,2
0.13,PINN Conservative,0.25047629564255497,0.000743566061310072,0.000977886971912188,0.0021449492283494975,-0.0015069693326950073,0.8906915187835693,1.7840766906738281,0.8920417548008099,0.0,0.0015069693326950073,2
0.135,PINN Conservative,0.25047072227299233,0.0007658006020273817,0.0009782464922545875,0.0021639021939749217,-0.001546233892440796,0.8871006965637207,1.7769542783498764,0.8884805350275315,0.0,0.001546233892440796,2
0.14,PINN Conservative,0.2504653939753773,0.0007870574465526694,0.0009784158173501637,0.002179051424037017,-0.0015842467546463013,0.8835585117340088,1.769927829504013,0.8849672971766885,0.0,0.0015842467546463013,2
0.145,PINN Conservative,0.25046032293140913,0.0008072879969087267,0.0009785267068144158,0.002191132498200207,-0.0016211867332458496,0.8800511360168457,1.7629715651273727,0.8814891516945832,0.0,0.0016211867332458496,2
0.15,PINN Conservative,0.2504554866030814,0.0008265821667849739,0.0009786811308502093,0.0022001334368879494,-0.0016564875841140747,0.8765894174575806,1.7561046481132507,0.8780556800644845,0.0,0.0016564875841140747,2
0.155,PINN Conservative,0.25045091152191185,0.0008448341106775663,0.0009790123998569048,0.002206065226005577,-0.0016903132200241089,0.8731629848480225,1.7493073493242264,0.8746570176799787,0.0,0.0016903132200241089,2
0.16,PINN Conservative,0.25044658666849157,0.0008620877896932551,0.0009795864191766447,0.0022090932881858732,-0.0017227530479431152,0.8697810173034668,1.742597222328186,0.8713019413585548,0.0,0.0017227530479431152,2
0.165,PINN Conservative,0.25044252152740976,0.0008783053657734463,0.000980481940651302,0.0022090225762199153,-0.001753494143486023,0.8664336204528809,1.7359551787376404,0.8679809068699892,0.0,0.001753494143486023,2
0.17,PINN Conservative,0.25043868862837576,0.0008935964295866181,0.0009817681601338533,0.0022064308435709324,-0.0017829537391662598,0.8631287813186646,1.7293966263532639,0.8647016181440641,0.0,0.0017829537391662598,2
0.17500000000000002,PINN Conservative,0.250435108907521,0.0009078774580034097,0.0009834769382912883,0.0022017450379991886,-0.0018105804920196533,0.8598580360412598,1.7229046672582626,0.8614556261900901,0.0,0.0018105804920196533,2
0.18,PINN Conservative,0.25043177527934335,0.0009211767181044558,0.0009856558280211104,0.00219431457182305,-0.0018367022275924683,0.8566281795501709,1.7164929658174515,0.8582497632165875,0.0,0.0018367022275924683,2
0.185,PINN Conservative,0.25042868524044776,0.0009335041969967013,0.000988292953591252,0.002184342939894668,-0.0018610507249832153,0.8534318208694458,1.7101460248231888,0.85507628059012,0.0,0.0018610507249832153,2
0.19,PINN Conservative,0.250425819501281,0.0009449368489089922,0.0009914067591656674,0.002172448404453478,-0.0018835663795471191,0.8502751588821411,1.7038763165473938,0.8519414144704819,0.0,0.0018835663795471191,2
0.195,PINN Conservative,0.2504231987744572,0.0009553920424177906,0.0009949980317911693,0.002169658708891014,-0.0019049495458602905,0.8471516370773315,1.6976720243692398,0.848839256524678,0.0,0.0019049495458602905,2
0.2,PINN Conservative,0.25042080258578087,0.0009649514577931808,0.000999046760072455,0.0022035476617736226,-0.0019242316484451294,0.8440653085708618,1.6915386319160461,0.8457725485768472,0.0,0.0019242316484451294,2
0.20500000000000002,PINN Conservative,0.2504186261668804,0.0009736341180971492,0.0010035428894366145,0.002236191444385251,-0.0019415318965911865,0.8410117626190186,1.6854685246944427,0.842737483365753,0.0,0.0019415318965911865,2
0.21,PINN Conservative,0.2504166741445663,0.000981421565015107,0.001008440954290685,0.002267888700555744,-0.0019572675228118896,0.8379940986633301,1.6794683784246445,0.8397373987642605,0.0,0.0019572675228118896,2
0.215,PINN Conservative,0.2504149598926308,0.0009882604448043495,0.0010137137855402319,0.0022987364336666204,-0.0019709914922714233,0.8350092172622681,1.6735309660434723,0.8367686812269687,0.0,0.0019709914922714233,2
0.22,PINN Conservative,0.25041344623267675,0.0009942990778973298,0.0010193115519562858,0.0023281579247010076,-0.0019833147525787354,0.8320579528808594,1.667658731341362,0.8338325526537658,0.0,0.0019833147525787354,2
0.225,PINN Conservative,0.2504121332764628,0.0009995370184414682,0.0010252121989780673,0.002356281294946383,-0.0019932687282562256,0.8291386365890503,1.6618468016386032,0.8309265766954846,0.0,0.0019932687282562256,2
0.23,PINN Conservative,0.2504110240414741,0.0010039622284053861,0.0010313865656075725,0.002383423175450485,-0.002002015709877014,0.8262518644332886,1.6560991555452347,0.828052742664748,0.0,0.002002015709877014,2
0.23500000000000001,PINN Conservative,0.25041012322157646,0.0010075559819628145,0.0010377393980225268,0.0024095029287945872,-0.002008378505706787,0.8233965635299683,1.650409758090973,0.825208033064881,0.0,0.002008378505706787,2
0.24,PINN Conservative,0.25040941013395807,0.0010104007916435802,0.001044278651692368,0.0024343162918273997,-0.0020129531621932983,0.8205723762512207,1.644780233502388,0.8223932600122725,0.0,0.0020129531621932983,2
0.245,PINN Conservative,0.2504088965654375,0.0010124496348169639,0.0010509186213817237,0.0024584814292844146,-0.002015531063079834,0.8177787065505981,1.639208823442459,0.8196075443350519,0.0,0.002015531063079834,2
0.25,PINN Conservative,0.250408560857177,0.0010137889177953957,0.0010576434830481068,0.0024811999202771,-0.002016022801399231,0.8150147199630737,1.6336929351091385,0.8168495896272404,0.0,0.002016022801399231,2
0.255,PINN Conservative,0.2504083952531221,0.0010144495827774224,0.0010643740195200892,0.002502714643191689,-0.0020148754119873047,0.8122807741165161,1.6282347738742828,0.814120498578981,0.0,0.0020148754119873047,2
0.26,PINN Conservative,0.2504084130451085,0.001014378602979207,0.0010711031895346912,0.0025231989403086217,-0.0020118653774261475,0.8095757961273193,1.62283156812191,0.8114188853769857,0.0,0.0020118653774261475,2
0.265,PINN Conservative,0.2504085838720205,0.0010136971017999541,0.001077796255288484,0.002542518551456745,-0.0020065903663635254,0.8068995475769043,1.6174821108579636,0.8087441465219197,0.0,0.0020065903663635254,2
0.27,PINN Conservative,0.2504089420139792,0.0010122683212617522,0.0010843839114049218,0.0025607020733798237,-0.0019991546869277954,0.8042508363723755,1.6121837198734283,0.8060949409041497,0.0,0.0019991546869277954,2
0.275,PINN Conservative,0.25040945139527343,0.0010102361827142405,0.0010908580946312463,0.0025778944685614577,-0.0019899457693099976,0.8016304969787598,1.6069388091564178,0.8034724755223457,0.0,0.0019899457693099976,2
0.28,PINN Conservative,0.25041012029349824,0.001007567663311731,0.0010971748475668607,0.002594097960525372,-0.0019783824682235718,0.7990365028381348,1.6017423272132874,0.8008742246200315,0.0,0.0019783824682235718,2
0.28500000000000003,PINN Conservative,0.2504109384119513,0.001004303840977463,0.001103302153014789,0.0026085436474796823,-0.0019653290510177612,0.7964704036712646,1.596599355340004,0.7983027288549015,0.0,0.0019653290510177612,2
0.29,PINN Conservative,0.25041189195215724,0.0010004997636958916,0.0011092237620535857,0.0026225206818756234,-0.0019500255584716797,0.7939294576644897,1.591502457857132,0.7957542703730278,0.0,0.0019500255584716797,2
0.295,PINN Conservative,0.25041298359632513,0.000996144730994926,0.0011149033590100153,0.0026355210291747794,-0.0019322633743286133,0.7914154529571533,1.586454764008522,0.7932304138023158,0.0,0.0019322633743286133,2
0.3,PINN Conservative,0.2504142198264601,0.0009912128834001631,0.0011203598298163487,0.002647004255715678,-0.0019129067659378052,0.7889256477355957,1.5814527124166489,0.7907293784471969,0.0,0.0019129067659378052,2
0.305,PINN Conservative,0.25041558575630213,0.0009857636085319045,0.0011255113248505345,0.0026574798878791,-0.0018910467624664307,0.7864619493484497,1.5764975398778915,0.7882517827082243,0.0,0.0018910467624664307,2
0.31,PINN Conservative,0.2504170741811397,0.0009798256490474013,0.0011303994719206033,0.0026673086479657784,-0.0018670856952667236,0.7840217351913452,1.5715855360031128,0.7857957713837386,0.0,0.0018670856952667236,2
0.315,PINN Conservative,0.2504186712652447,0.0009734542015481918,0.0011349645140623801,0.002675872091865661,-0.0018413066864013672,0.781606912612915,1.5667204856872559,0.7833632369284443,0.0,0.0018413066864013672,2
0.32,PINN Conservative,0.2504204099699857,0.000966517769121628,0.001139239579821928,0.0026834215196463833,-0.001813247799873352,0.77921462059021,1.5618965923786163,0.7809512810554121,0.0,0.001813247799873352,2
0.325,PINN Conservative,0.2504222474396231,0.0009591873215332931,0.0011431873219023784,0.0026897920749782557,-0.0017833858728408813,0.7768471240997314,1.5571182817220688,0.7785621165955366,0.0,0.0017833858728408813,2
0.33,PINN Conservative,0.2504241929724815,0.000951425763813111,0.001146805378046064,0.002695642377896143,-0.001751035451889038,0.7745009660720825,1.5523777306079865,0.7761918319790543,0.0,0.001751035451889038,2
0.335,PINN Conservative,0.2504262403100731,0.0009432580637294405,0.001150119940295567,0.002700238359865974,-0.0017165839672088623,0.7721784114837646,1.5476795881986618,0.773842751795996,0.0,0.0017165839672088623,2
0.34,PINN Conservative,0.2504283905699851,0.0009346797627520594,0.0011531084305082878,0.002703716005576902,-0.0016804039478302002,0.7698773145675659,1.5430210828781128,0.7715134902330741,0.0,0.0016804039478302002,2
0.34500000000000003,PINN Conservative,0.2504306320622566,0.0009257374971051881,0.0011557468290264588,0.0027066220965927383,-0.0016414821147918701,0.7675994634628296,1.538403108716011,0.769204494326833,0.0,0.0016414821147918701,2
0.35000000000000003,PINN Conservative,0.2504329703152182,0.0009164092119271305,0.001158073638996285,0.002708373059325784,-0.0016007721424102783,0.7653415203094482,1.5338214188814163,0.7669136406536867,0.0,0.0016007721424102783,2
0.355,PINN Conservative,0.25043540007621073,0.0009067158623090455,0.001160078760137763,0.0027090814377448277,-0.0015580356121063232,0.7631058692932129,1.529279664158821,0.7646427546128582,0.0,0.0015580356121063232,2
0.36,PINN Conservative,0.2504379067793491,0.0008967155577591344,0.00116180097635807,0.0027092137760887187,-0.001513153314590454,0.7608902454376221,1.5247735232114792,0.7623896755277162,0.0,0.001513153314590454,2
0.365,PINN Conservative,0.25044048451632284,0.0008864318690395017,0.0011632192949558786,0.0027081504373730816,-0.0014659911394119263,0.7586953639984131,1.5203037112951279,0.760154761027496,0.0,0.0014659911394119263,2
0.37,PINN Conservative,0.2504431465342643,0.0008758119477074312,0.0011643256062270552,0.0027065450745750634,-0.0014161169528961182,0.7565205097198486,1.5158683210611343,0.7579370574342366,0.0,0.0014161169528961182,2
0.375,PINN Conservative,0.25044587607681773,0.0008649226419900055,0.0011651555425838062,0.002703754516825904,-0.0013651102781295776,0.7543655633926392,1.511470228433609,0.7557380027154887,0.0,0.0013651102781295776,2
0.38,PINN Conservative,0.2504486792162063,0.0008537397272073837,0.0011657388912348476,0.0027003937429944383,-0.0013113170862197876,0.7522300481796265,1.507104143500328,0.7535549519050315,0.0,0.0013113170862197876,2
0.385,PINN Conservative,0.25045153722912095,0.0008423378985994854,0.0011660492881965803,0.0026964139962435017,-0.0012557953596115112,0.7501134872436523,1.502772256731987,0.7513890002423987,0.0,0.0012557953596115112,2
0.39,PINN Conservative,0.2504544590711596,0.0008306814284788948,0.0011661481877204445,0.0026915125678762144,-0.00119762122631073,0.7480161190032959,1.4984730929136276,0.7492394101172921,0.0,0.00119762122631073,2
0.395,PINN Conservative,0.2504574404805901,0.00081878731870698,0.0011659881350277806,0.0026858049445882244,-0.0011379122734069824,0.7459366321563721,1.4942061007022858,0.7471059058571757,0.0,0.0011379122734069824,2
0.4,PINN Conservative,0.2504604626819494,0.0008067304725883748,0.001165635425720382,0.002679240065684949,-0.0010759234428405762,0.7438760995864868,1.48997101187706,0.7449883533510866,0.0,0.0010759234428405762,2
0.405,PINN Conservative,0.25046355384588265,0.0007943985054425346,0.0011651155254443198,0.002671958858527484,-0.001011490821838379,0.7418330907821655,1.485766351222992,0.7428860149887261,0.0,0.001011490821838379,2
0.41000000000000003,PINN Conservative,0.25046667917072796,0.0007819302558949558,0.001164427496962587,0.0026643456348969677,-0.0009450912475585938,0.7398085594177246,1.4815933406352997,0.7407995017200384,0.0,0.0009450912475585938,2
0.41500000000000004,PINN Conservative,0.25046985026448987,0.0007692794146802863,0.0011635632717253092,0.00265568060574352,-0.0008765459060668945,0.7377995252609253,1.4774470180273056,0.7387263324922019,0.0,0.0008765459060668945,2
0.42,PINN Conservative,0.250473065055907,0.0007564542449407913,0.0011625750751938528,0.002646625082498145,-0.0008058696985244751,0.7358098030090332,1.4733335971832275,0.7366696142092004,0.0,0.0008058696985244751,2
0.425,PINN Conservative,0.2504763116240504,0.0007435023043303297,0.0011614875234753318,0.002636900466759319,-0.0007331371307373047,0.7338348627090454,1.469245433807373,0.7346255247085791,0.0,0.0007331371307373047,2
0.43,PINN Conservative,0.2504795880094173,0.0007304314101383655,0.0011602961580016813,0.0026267734385247306,-0.0006582587957382202,0.7318789958953857,1.465189978480339,0.7325977892948747,0.0,0.0006582587957382202,2
0.435,PINN Conservative,0.2504829044491055,0.0007172007222295246,0.0011590588656252368,0.0026158510114676517,-0.0005813688039779663,0.7299365997314453,1.4611563682556152,0.7305809764740727,0.0,0.0005813688039779663,2
0.44,PINN Conservative,0.25048623031377815,0.0007039324340506191,0.0011577485821592352,0.0026045148381862505,-0.0005024075508117676,0.728013277053833,1.457156628370285,0.7285810988876954,0.0,0.0005024075508117676,2
0.445,PINN Conservative,0.2504896077588203,0.0006904583698483529,0.0011564022743097092,0.002593086726927788,-0.00042134523391723633,0.7261025905609131,1.4531767666339874,0.7265911604138227,0.0,0.00042134523391723633,2
0.45,PINN Conservative,0.25049298740923426,0.000676975507480239,0.0011550631537307428,0.0025803664685393776,-0.0003380030393600464,0.7242107391357422,1.449229121208191,0.7246173301567674,0.0,0.0003380030393600464,2
0.455,PINN Conservative,0.2504963972270491,0.0006633722945243685,0.0011537388598360384,0.0025677159945484774,-0.0002527683973312378,0.7223306894302368,1.445300355553627,0.7226529398214088,0.0,0.0002527683973312378,2
0.46,PINN Conservative,0.25049980575591346,0.000649774223739829,0.0011524313619066416,0.002554320524838159,-0.00016564130783081055,0.7204698324203491,1.441405788064003,0.7207056486338745,0.0,0.00016564130783081055,2
0.465,PINN Conservative,0.2505032360404732,0.0006360893602370249,0.0011511704670711944,0.0025410816891444656,-7.59810209274292e-05,0.718619704246521,1.4375258684158325,0.7187656813950598,0.0,7.59810209274292e-05,2
0.47000000000000003,PINN Conservative,0.2505066812336447,0.0006223450199433591,0.0011499810986105364,0.0025269018085480334,1.539289951324463e-05,0.7167888879776001,1.4336814284324646,0.7168434540564499,0.0,0.0,2
0.47500000000000003,PINN Conservative,0.2505101393386724,0.0006085491687660437,0.0011488887008004724,0.0025127929083248943,0.00010885298252105713,0.7149672508239746,1.42985001206398,0.7149277385501706,0.0,0.0,2
0.48,PINN Conservative,0.25051358371228,0.0005948080980612813,0.0011479120795942735,0.0024983227078177765,0.00020444393157958984,0.7131650447845459,1.4260524064302444,0.7130289284758797,0.0,0.0,2
0.485,PINN Conservative,0.25051704460382485,0.0005810011302822255,0.0011470318958523536,0.002483723651040886,0.0003017038106918335,0.711371660232544,1.4222684353590012,0.7111369357088914,0.0,0.0,2
0.49,PINN Conservative,0.25052051314711593,0.0005671636364342728,0.0011463019207406241,0.0024689405882392275,0.0004010498523712158,0.709598183631897,1.418518751859665,0.7092620867933819,0.0,0.0,2
0.495,PINN Conservative,0.2505239760577681,0.0005533486135776659,0.0011457263078242747,0.002453637644748211,0.0005026906728744507,0.7078315019607544,1.4147774130105972,0.7073914102189538,0.0,0.0,2
0.5,PINN Conservative,0.25052743165940067,0.0005395627495077384,0.001145315916960614,0.0024381966431145444,0.000606343150138855,0.7060854434967041,1.411072924733162,0.7055391590007652,0.0,0.0,2
0.505,PINN Conservative,0.25053088051080724,0.0005258038149591574,0.001145092843388297,0.0024229395325978988,0.0007113218307495117,0.7043454647064209,1.4073764830827713,0.7036909311114765,0.0,0.0,2
0.51,PINN Conservative,0.25053432186692975,0.0005120747822853308,0.0011450640224987892,0.002407259274261546,0.0008190274238586426,0.7026257514953613,1.4037150591611862,0.7018602121535112,0.0,0.0,2
0.515,PINN Conservative,0.2505377562791111,0.0004983734519449627,0.0011452433207470199,0.002391757809067684,0.0009282529354095459,0.7009114027023315,1.4000604003667831,0.7000328757720656,0.0,0.0,2
0.52,PINN Conservative,0.25054118553549076,0.00048469269028969736,0.0011456372758958827,0.002376611060463948,0.0010397732257843018,0.699217677116394,1.3964416086673737,0.6982234730066605,0.0,0.0,2
0.525,PINN Conservative,0.25054459805786633,0.0004710786876911761,0.0011462484369032667,0.002360978765843522,0.0011527985334396362,0.6975284814834595,1.3928281664848328,0.696416745009913,0.0,0.0,2
0.53,PINN Conservative,0.25054799961298724,0.0004575084381342491,0.001147107962801472,0.002345710586416313,0.0012679696083068848,0.6958597898483276,1.3892509639263153,0.6946281368944331,0.0,0.0,2
0.535,PINN Conservative,0.25055138735473176,0.0004439932960085219,0.0011481984807203422,0.002330003730331428,0.001385018229484558,0.6941953897476196,1.3856779336929321,0.6928416149494938,0.0,0.0,2
0.54,PINN Conservative,0.2505547577366235,0.00043054740971610884,0.0011495494313815858,0.002315033298334759,0.0015037059783935547,0.6925504207611084,1.3821401000022888,0.6910726913431868,0.0,0.0,2
0.545,PINN Conservative,0.2505580986291172,0.00041721916916994675,0.001151137088922132,0.002300262851081798,0.0016241967678070068,0.6909109354019165,1.3786086589097977,0.6893069640481726,0.0,0.0,2
0.55,PINN Conservative,0.25056143452972196,0.00040391084339115113,0.0011529956836621375,0.0022850651646677093,0.0017469674348831177,0.689288854598999,1.3751076757907867,0.6875564657981053,0.0,0.0,2
0.555,PINN Conservative,0.2505647403076293,0.00039072268985899196,0.0011550973469429823,0.0022705505722113283,0.0018711388111114502,0.6876726150512695,1.371614322066307,0.6858097822598836,0.0,0.0,2
0.56,PINN Conservative,0.25056803081929707,0.0003775954398471001,0.0011574579268674534,0.00225648087885449,0.00199754536151886,0.6860733032226562,1.368150383234024,0.6840778062239738,0.0,0.0,2
0.5650000000000001,PINN Conservative,0.2505712941810491,0.00036457650239180776,0.001160090871633101,0.0022500387149049124,0.002125561237335205,0.6844800710678101,1.3646949082612991,0.6823500621340179,0.0,0.0,2
0.5700000000000001,PINN Conservative,0.25057454116642497,0.0003516228972636326,0.0011629660337258243,0.002290190648358101,0.002255171537399292,0.6829028129577637,1.3612681478261948,0.6806366753677472,0.0,0.0,2
0.5750000000000001,PINN Conservative,0.2505777679309251,0.0003387499618055647,0.0011661151512281454,0.0023317499374930113,0.002386629581451416,0.6813322305679321,1.3578504920005798,0.6789278409236207,0.0,0.0,2
0.58,PINN Conservative,0.25058097261935497,0.0003259650971776403,0.001169510440183111,0.0023749165249948856,0.0025203973054885864,0.6797760725021362,1.3544565439224243,0.6772308603985305,0.0,0.0,2
0.585,PINN Conservative,0.25058414816111346,0.0003132965110135277,0.0011731461512961931,0.0024189519807499317,0.002655312418937683,0.6782275438308716,1.351075679063797,0.6755404215082073,0.0,0.0,2
0.59,PINN Conservative,0.2505873119160535,0.00030067494747947,0.001177036801392545,0.0024644683152930044,0.0027922242879867554,0.6766917705535889,1.3477164208889008,0.673860786001041,0.0,0.0,2
0.595,PINN Conservative,0.25059043089300415,0.00028823202238249075,0.0011811683207652724,0.0025111317140543293,0.002930581569671631,0.6751648187637329,1.3443711400032043,0.672188139165186,0.0,0.0,2
0.6,PINN Conservative,0.25059354493767044,0.0002758087742647914,0.0011855231043199762,0.0025591826371936695,0.0030710548162460327,0.6736494302749634,1.341045156121254,0.6705251408680817,0.0,0.0,2
0.605,PINN Conservative,0.2505966141447427,0.0002635644023724785,0.001190115507912378,0.002607690721842946,0.003212660551071167,0.6721433401107788,1.337735429406166,0.6688702711854768,0.0,0.0,2
0.61,PINN Conservative,0.25059968954324746,0.00025129533022370863,0.0011949383181767523,0.0026576306094962428,0.0033567696809768677,0.6706478595733643,1.3344416618347168,0.66722338110519,0.0,0.0,2
0.615,PINN Conservative,0.25060271289199615,0.00023923390668094852,0.0011999632311830526,0.002708132437361961,0.0035015344619750977,0.6691620349884033,1.331166073679924,0.6655855807679733,0.0,0.0,2
0.62,PINN Conservative,0.2506057225242259,0.00022722720416377517,0.0012051910650705316,0.0027595435219050606,0.003648817539215088,0.6676856279373169,1.3279049396514893,0.6639550075215581,0.0,0.0,2
0.625,PINN Conservative,0.25060871822387004,0.00021527608465419623,0.0012106261602973663,0.002811812477217601,0.0037971138954162598,0.6662195920944214,1.3246619403362274,0.6623335016663858,0.0,0.0,2
0.63,PINN Conservative,0.25061169406026623,0.0002034042080855407,0.0012162547787331654,0.0028648609760630554,0.003947362303733826,0.664762020111084,1.321432426571846,0.6607187386124254,0.0,0.0,2
0.635,PINN Conservative,0.25061464674025796,0.00019162471225928152,0.0012220512387353826,0.0029182254886571564,0.0040986984968185425,0.6633154153823853,1.3182230293750763,0.6591140338807145,0.0,0.0,2
0.64,PINN Conservative,0.25061756560206433,0.00017998013155232176,0.001228027106685082,0.0029719803146827494,0.004252418875694275,0.6618762016296387,1.3150233626365662,0.657514194396729,0.0,0.0,2
0.645,PINN Conservative,0.25062047395110154,0.00016837749075105206,0.0012341700677981312,0.0030266800566441914,0.004406929016113281,0.660448431968689,1.3118457943201065,0.6559254041659999,0.0,0.0,2
0.65,PINN Conservative,0.25062336123734735,0.0001568588783795748,0.0012404713779791928,0.0030813578464187405,0.004563719034194946,0.6590272188186646,1.308676965534687,0.6543409837174925,0.0,0.0,2
0.655,PINN Conservative,0.25062623026222014,0.00014541311838896188,0.0012469032185682218,0.0031363172375322226,0.004721283912658691,0.6576178073883057,1.3055307939648628,0.652767891920082,0.0,0.0,2
0.66,PINN Conservative,0.2506290917992594,0.00013399723054973085,0.0012534879169432194,0.003191630314797623,0.004880785942077637,0.6562141180038452,1.3023927211761475,0.651198849528703,0.0,0.0,2
0.665,PINN Conservative,0.2506319296732547,0.00012267574465329312,0.0012601994725098965,0.0032470756744349943,0.005041733384132385,0.6548230648040771,1.2992770746350288,0.6496410203039802,0.0,0.0,2
0.67,PINN Conservative,0.25063474953174614,0.00011142613026111509,0.0012670409183464203,0.0033026599558941723,0.005204424262046814,0.6534361839294434,1.2961673960089684,0.6480861750481913,0.0,0.0,2
0.675,PINN Conservative,0.2506375669911506,0.00010018608684689656,0.0012739737950817735,0.003358543992682494,0.005368024110794067,0.6520625352859497,1.2930819392204285,0.6465434407574521,0.0,0.0,2
0.68,PINN Conservative,0.25064036691188835,8.901601263069482e-05,0.001281033017605121,0.0034142679303697243,0.005533367395401001,0.6506928205490112,1.2900025099515915,0.6450037202380832,0.0,0.0,2
0.685,PINN Conservative,0.25064315433055184,7.789581450402308e-05,0.0012881748143577943,0.0034699661840798934,0.005700156092643738,0.6493363380432129,1.2869464606046677,0.643475689724351,0.0,0.0,2
0.6900000000000001,PINN Conservative,0.2506459406912329,6.67798371190441e-05,0.0012954048786179987,0.0035252133867178636,0.0058685243129730225,0.6479827165603638,1.28389373421669,0.6419493206964424,0.0,0.0,2
0.6950000000000001,PINN Conservative,0.25064871484786294,5.5712546882276346e-05,0.0013027314677001198,0.003579746739201908,0.006038114428520203,0.6466432809829712,1.2808673232793808,0.6404361094441581,0.0,0.0,2
0.7000000000000001,PINN Conservative,0.25065149090439104,4.463767714435219e-05,0.0013101290624902865,0.0036327005295496567,0.006209120154380798,0.6453057527542114,1.2778427302837372,0.6389238071661808,0.0,0.0,2
0.705,PINN Conservative,0.2506542529761793,3.361859847917955e-05,0.0013175909688062756,0.0036845010639015,0.0063812583684921265,0.6439828872680664,1.2748457118868828,0.6374252922402946,0.0,0.0,2
0.71,PINN Conservative,0.2506570108085873,2.261643250437183e-05,0.0013251229833377948,0.003734293423241518,0.006555154919624329,0.6426615715026855,1.2718496471643448,0.6359272541533892,0.0,0.0,2
0.715,PINN Conservative,0.25065976649522803,1.1622826907546576e-05,0.001332706414496152,0.0037835032923769947,0.006730318069458008,0.6413537263870239,1.2688780426979065,0.6344414462412785,0.0,0.0,2
0.72,PINN Conservative,0.25066252621263285,6.131408789916565e-07,0.0013403485779757687,0.0038311957594265693,0.006906688213348389,0.6400485038757324,1.2659101337194443,0.6329574860802181,0.0,0.0,2
0.725,PINN Conservative,0.25066528727859283,1.0401925109423854e-05,0.001348024148799443,0.0038769721132851306,0.007084161043167114,0.6387560367584229,1.2629663571715355,0.6314855921805527,0.0,0.0,2
0.73,PINN Conservative,0.2506680428534748,2.1395084853226883e-05,0.0013557455652247398,0.003921531035444754,0.007263511419296265,0.6374664306640625,1.2600251212716103,0.6300149686097344,0.0,0.0,2
0.735,PINN Conservative,0.2506708231791856,3.248698617589144e-05,0.0013635090073894226,0.003964914388410241,0.007443785667419434,0.6361885070800781,1.2571061849594116,0.6285554948753951,0.0,0.0,2
0.74,PINN Conservative,0.25067359161376973,4.353144873885131e-05,0.0013712945619647715,0.0040066604314603245,0.007625460624694824,0.6349145174026489,1.2541928440332413,0.6270988188447629,0.0,0.0,2
0.745,PINN Conservative,0.25067637842893625,5.464923925951306e-05,0.0013791046302198972,0.004046730050820652,0.007808417081832886,0.6336507797241211,1.2512984946370125,0.6256516386153954,0.0,0.0,2
0.75,PINN Conservative,0.25067915415763875,6.572280116174295e-05,0.0013869404392528133,0.004085557395471787,0.007992446422576904,0.6323918104171753,1.2484120205044746,0.6242083960329234,0.0,0.0,2
0.755,PINN Conservative,0.25068196281045696,7.692771135931593e-05,0.00139480497802121,0.004122970209951501,0.008178040385246277,0.6311421394348145,1.2455417066812515,0.622773233635992,0.0,0.0,2
0.76,PINN Conservative,0.2506847735196354,8.814082525218783e-05,0.001402662606019448,0.004158517795478718,0.008364170789718628,0.629897952079773,1.2426824122667313,0.6213435809644706,0.0,0.0,2
0.765,PINN Conservative,0.25068759694695497,9.940467721704031e-05,0.0014105421496943737,0.004192930372329318,0.008552074432373047,0.6286623477935791,1.239837035536766,0.6199208871618243,0.0,0.0,2
0.77,PINN Conservative,0.25069042649120116,0.00011069293220285396,0.0014184366647525541,0.004225542897232905,0.008741214871406555,0.6274325847625732,1.2370014637708664,0.6185030958599484,0.0,0.0,2
0.775,PINN Conservative,0.2506932874992492,0.00012210670967112788,0.0014263213289487143,0.004256989673352755,0.008931323885917664,0.6262103319168091,1.2341798916459084,0.6170923044052974,0.0,0.0,2
0.78,PINN Conservative,0.2506961480304601,0.00013351858483338032,0.0014342112983796614,0.004286905353816373,0.009122505784034729,0.6249945759773254,1.231369525194168,0.61568711580867,0.0,0.0,2
0.785,PINN Conservative,0.25069903520494724,0.00014503675135205682,0.0014421066224469719,0.004315463229552233,0.00931517779827118,0.6237859129905701,1.2285712659358978,0.614287980831915,0.0,0.0,2
0.79,PINN Conservative,0.2507019429057839,0.0001566368062057533,0.0014499845843459985,0.004342694458350938,0.009508654475212097,0.6225839853286743,1.225785292685032,0.6128949888823414,0.0,0.0,2
0.795,PINN Conservative,0.250704853281379,0.00016824753180794643,0.0014578705804696,0.004367938771726258,0.009703502058982849,0.62138831615448,1.2230102866888046,0.6115074805810461,0.0,0.0,2
0.8,PINN Conservative,0.2507078000009062,0.00018000324880716555,0.0014657352506417364,0.004392078268237218,0.009899362921714783,0.6202000379562378,1.220247969031334,0.6101263164733772,0.0,0.0,2
0.805,PINN Conservative,0.25071075340360427,0.00019178562781627228,0.0014735951844187724,0.0044154370421611855,0.010096639394760132,0.6190169453620911,1.217493586242199,0.6087491198150401,0.0,0.0,2
0.81,PINN Conservative,0.250713730491698,0.000203662497938511,0.0014814280324416628,0.004436663543194629,0.010294556617736816,0.6178419589996338,1.214755229651928,0.6073799362867619,0.0,0.0,2
0.8150000000000001,PINN Conservative,0.2507167355492713,0.00021565095020625275,0.00148924049302085,0.004456976800718455,0.010493889451026917,0.6166715621948242,1.212023302912712,0.606013967696299,0.0,0.0,2
0.8200000000000001,PINN Conservative,0.25071975512057565,0.00022769730391748166,0.0014970470513915447,0.00448858584845277,0.010693922638893127,0.6155093312263489,1.2093070521950722,0.6046558371465819,0.0,0.0,2
0.8250000000000001,PINN Conservative,0.2507227975651624,0.00023983490887697587,0.0015048338733430824,0.0045195218898944,0.010895565152168274,0.6143516302108765,1.2065968066453934,0.6033007091923214,0.0,0.0,2
0.8300000000000001,PINN Conservative,0.25072587369382404,0.0002521068939319657,0.0015125719131863255,0.004549636960709886,0.011097729206085205,0.6132020950317383,1.2039026468992233,0.6019536241705561,0.0,0.0,2
0.835,PINN Conservative,0.25072896145284196,0.0002644252774228678,0.0015202953092850514,0.0045786982222689,0.01130133867263794,0.6120563745498657,1.2012133225798607,0.6006089568714353,0.0,0.0,2
0.84,PINN Conservative,0.25073206486552974,0.00027680611005803955,0.0015279951455654992,0.0046071233623822885,0.01150597631931305,0.6109195947647095,1.1985401213169098,0.5992723511313325,0.0,0.0,2
0.845,PINN Conservative,0.25073521192371867,0.00028936106315332266,0.0015356651513171236,0.004634755505992384,0.011711537837982178,0.6097855567932129,1.1958707720041275,0.597937671373675,0.0,0.0,2
0.85,PINN Conservative,0.2507383631616833,0.00030193269115088406,0.001543287348155923,0.00466139463281225,0.011917784810066223,0.6086608171463013,1.193218782544136,0.5966116715755888,0.0,0.0,2
0.855,PINN Conservative,0.25074153746664546,0.0003145963432086012,0.0015570012892089926,0.004687458967022579,0.012125417590141296,0.6075387001037598,1.1905702501535416,0.5952874003188076,0.0,0.0,2
0.86,PINN Conservative,0.2507447401210668,0.00032737309331178684,0.001564565778699017,0.0047123989826049865,0.012333899736404419,0.6064261198043823,1.1879384890198708,0.593971514722539,0.0,0.0,2
0.865,PINN Conservative,0.25074796226620694,0.00034022760017885987,0.0015720844069087956,0.004736418188903226,0.012543469667434692,0.6053155660629272,1.1853087693452835,0.5926566498597134,0.0,0.0,2
0.87,PINN Conservative,0.2507512090206149,0.00035318028387783967,0.0015795545009659555,0.004760100200226481,0.012753918766975403,0.6042145490646362,1.1826970130205154,0.5913507667061264,0.0,0.0,2
0.875,PINN Conservative,0.2507544626146557,0.0003661602537804067,0.001586976740528704,0.004782629096577992,0.012965470552444458,0.6031151413917542,1.1800862029194832,0.5900453566662156,0.0,0.0,2
0.88,PINN Conservative,0.2507577572092416,0.000379303792288521,0.0015943566610916368,0.004804395408939323,0.013177990913391113,0.6020259857177734,1.1774938330054283,0.5887491667550336,0.0,0.0,2
0.885,PINN Conservative,0.2507610468044879,0.0003924273863056749,0.00160166226979009,0.004825173062344205,0.013390868902206421,0.6009379029273987,1.1749029010534286,0.5874536958276273,0.0,0.0,2
0.89,PINN Conservative,0.2507643669098618,0.0004056726981932461,0.0016089167351925366,0.0048452488903830936,0.013605758547782898,0.599859893321991,1.1723280996084213,0.5861662901845434,0.0,0.0,2
0.895,PINN Conservative,0.2507677154168489,0.0004190313161907786,0.0016161134514700308,0.004864710941387965,0.013820841908454895,0.5987825989723206,1.1697547808289528,0.5848796258770622,0.0,0.0,2
0.9,PINN Conservative,0.2507710565775635,0.0004323606267841054,0.0016232497377787107,0.004883109030556668,0.014037370681762695,0.5977158546447754,1.167199045419693,0.5836017532882882,0.0,0.0,2
0.905,PINN Conservative,0.2507744215652349,0.00044578499323818344,0.0016303155104819402,0.004900740971952942,0.014254197478294373,0.5966494083404541,1.1646433249115944,0.5823238881501234,0.0,0.0,2
0.91,PINN Conservative,0.25077779895067237,0.00045925881965214166,0.0016373071038219026,0.0049172465546526226,0.01447269320487976,0.5955935716629028,1.1621049866080284,0.581054714147443,0.0,0.0,2
0.915,PINN Conservative,0.2507811965346339,0.00047281322656586843,0.0016442403206225263,0.004933468585974182,0.014691106975078583,0.5945382118225098,1.1595679074525833,0.5797861697212295,0.0,0.0,2
0.92,PINN Conservative,0.25078459227085137,0.00048636026204315304,0.001651089193951723,0.004948496056328598,0.014911666512489319,0.5934925675392151,1.1570457890629768,0.578525105706526,0.0,0.0,2
0.925,PINN Conservative,0.2507880066484215,0.000499981665801489,0.001657861748610166,0.004963268322757501,0.01513206958770752,0.5924478769302368,1.1545256450772285,0.577265028897525,0.0,0.0,2
0.93,PINN Conservative,0.25079142417758726,0.000513615642614786,0.0016645650958927423,0.004978299019722021,0.01535390317440033,0.5914124846458435,1.1520208269357681,0.5760126150399563,0.0,0.0,2
0.935,PINN Conservative,0.25079484701901694,0.0005272708123073283,0.0016711782693466686,0.004992947417912563,0.015576057136058807,0.5903780460357666,1.1495172753930092,0.5747608344841587,0.0,0.0,2
0.9400000000000001,PINN Conservative,0.2507982866689565,0.000540993038291889,0.0016777034716108944,0.005007390683962339,0.015799865126609802,0.5893532037734985,1.1470288559794426,0.5735166200218758,0.0,0.0,2
0.9450000000000001,PINN Conservative,0.25080170437693616,0.0005546277284698886,0.0016841447265882534,0.005022143298542024,0.01602395623922348,0.5883290767669678,1.1445408388972282,0.5722726067260377,0.0,0.0,2
0.9500000000000001,PINN Conservative,0.2508051349669697,0.0005683138106376053,0.001690492452237781,0.005036339758265701,0.016249246895313263,0.5873140096664429,1.1420686095952988,0.5710364873505135,0.0,0.0,2
0.9550000000000001,PINN Conservative,0.25080857785046123,0.0005820489366357738,0.001696749060513036,0.005050651336354954,0.016474895179271698,0.586300253868103,1.139597587287426,0.5698009714743242,0.0,0.0,2
0.96,PINN Conservative,0.25081200104206824,0.0005957055033345706,0.001702906344718459,0.005064868671132185,0.01670214533805847,0.5852948427200317,1.1371398493647575,0.5685720978161243,0.0,0.0,2
0.965,PINN Conservative,0.25081542983651184,0.0006093844221305592,0.0017089679978513044,0.005078706806350447,0.016929633915424347,0.5842908620834351,1.1346835494041443,0.5673439431416999,0.0,0.0,2
0.97,PINN Conservative,0.2508188472390177,0.0006230178936436462,0.0017149206026435089,0.005092377209830509,0.01715826988220215,0.5832951664924622,1.132241651415825,0.5661229894809454,0.0,0.0,2
0.975,PINN Conservative,0.25082226289063714,0.0006366443801263469,0.0017207786972807983,0.005105790773642489,0.017387524247169495,0.5823012590408325,1.1298010721802711,0.5649026951990939,0.0,0.0,2
0.98,PINN Conservative,0.25082566305249954,0.0006502090713827359,0.0017265209091394602,0.0051194931896857004,0.01761776953935623,0.5813152194023132,1.127374067902565,0.5636891884221087,0.0,0.0,2
0.985,PINN Conservative,0.2508290490806105,0.0006637173770956032,0.0017321537270343287,0.0051324238750842174,0.01784873753786087,0.5803306698799133,1.1249480545520782,0.5624761771106268,0.0,0.0,2
0.99,PINN Conservative,0.2508324271142485,0.0006771937894571346,0.0017376829711091744,0.005145554077429407,0.018080592155456543,0.5793536901473999,1.1225348189473152,0.5612695546964258,0.0,0.0,2
0.995,PINN Conservative,0.2508357773125174,0.0006905591546967453,0.001743085248775652,0.005158100825563436,0.0183136984705925,0.578378438949585,1.1201215982437134,0.5600629397328339,0.0,0.0,2
1.0,PINN Conservative,0.25083911620080496,0.0007038793996125441,0.0017483680370240808,0.005170618686614781,0.018546700477600098,0.5774111747741699,1.1177248805761337,0.5588645763187912,0.0,0.0,2
1.0050000000000001,PINN Conservative,0.25084243479371093,0.0007171186776225184,0.0017535407448690638,0.00518256197178165,0.01878178119659424,0.576445460319519,1.115325190126896,0.5576647265082383,0.0,0.0,2
1.01,PINN Conservative,0.25079794469475747,0.00053962875782084,0.0017585898082444662,0.005194260207517197,0.01901601254940033,0.5754871368408203,1.1129422187805176,0.5564732362810663,0.0,0.0,2
1.0150000000000001,PINN Conservative,0.2508489887714388,0.0007432652812189095,0.0017635032001591755,0.005205677963801329,0.019252344965934753,0.5745304822921753,1.1105580627918243,0.5552811537304728,0.0,0.0,2
1.02,PINN Conservative,0.2508522362411024,0.0007562208183769215,0.001768310121164353,0.0052168849721464655,0.019488945603370667,0.5735809803009033,1.1081867143511772,0.5540954749783783,0.0,0.0,2
1.025,PINN Conservative,0.25085544341057564,0.0007690155809416736,0.0017729658117154813,0.0052275105255620916,0.01972644031047821,0.5726336240768433,1.1058167591691017,0.5529104928582322,0.0,0.0,2
1.03,PINN Conservative,0.2508586268499496,0.000781715674051509,0.001777504437708517,0.005238085889484136,0.019964732229709625,0.571692943572998,1.1034583523869514,0.5517312849601183,0.0,0.0,2
1.035,PINN Conservative,0.25081107920408247,0.0005920278996875843,0.0017819068410146223,0.005248304259048209,0.020204097032546997,0.5707544088363647,1.101101353764534,0.5505527811445619,0.0,0.0,2
1.04,PINN Conservative,0.25081360110640527,0.0006020888402463036,0.0017861770776908968,0.005258207083057548,0.02044381946325302,0.5698222517967224,1.0987563878297806,0.5493802936958326,0.0,0.0,2
1.045,PINN Conservative,0.2508679483607414,0.0008189031436635313,0.0017903225510606184,0.005267515385549204,0.02068421244621277,0.5688923597335815,1.0964133366942406,0.5482087636503693,0.0,0.0,2
1.05,PINN Conservative,0.25087099102139493,0.0008310416106052546,0.0017943040196566687,0.005276674977014895,0.0209260955452919,0.5679692029953003,1.0940800234675407,0.5470421025779357,0.0,0.0,2
1.055,PINN Conservative,0.2508739817515018,0.0008429729045178058,0.0017981552891154177,0.005285221398345405,0.021168000996112823,0.5670478343963623,1.0917499214410782,0.5458770471117576,0.0,0.0,2
1.06,PINN Conservative,0.25087692292034647,0.0008547064774845472,0.0018018715497434227,0.0052935629342246784,0.02141120284795761,0.5661330223083496,1.0894296541810036,0.5447169090475681,0.0,0.0,2
1.065,PINN Conservative,0.2508798318430784,0.0008663114069978944,0.001805443648233995,0.005301314837977501,0.021654397249221802,0.5652198195457458,1.0871120765805244,0.5435581158183165,0.0,0.0,2
1.07,PINN Conservative,0.25088267251849194,0.0008776440689428173,0.0018088670887273252,0.0053089803250064155,0.021899186074733734,0.5643132925033569,1.0848037973046303,0.542403971769127,0.0,0.0,2
1.075,PINN Conservative,0.25088549150526546,0.0008888902056815991,0.0018121499871118552,0.005315986239081735,0.022144347429275513,0.5634087920188904,1.0824984312057495,0.5412512843140114,0.0,0.0,2
1.08,PINN Conservative,0.2508882254660132,0.0008997971374545353,0.0018152810415303458,0.00532257335479757,0.022390291094779968,0.5625104904174805,1.0802031829953194,0.5401036558224569,0.0,0.0,2
1.085,PINN Conservative,0.25089092800021195,0.0009105786953625377,0.0018182713691298185,0.005329238641377063,0.022637031972408295,0.5616142153739929,1.0779100358486176,0.5389570778667818,0.0,0.0,2
1.09,PINN Conservative,0.2508935707136991,0.0009211216030190175,0.001821110846317611,0.005334888537157648,0.022884637117385864,0.5607239007949829,1.0756261572241783,0.5378151341899506,0.0,0.0,2
1.095,PINN Conservative,0.25089615769684337,0.0009314421786437908,0.0018238003965114177,0.0053400754937323255,0.02313315123319626,0.5598357915878296,1.0733445957303047,0.5366743490828305,0.0,0.0,2
1.1,PINN Conservative,0.2508986819237473,0.0009415123929449739,0.0018263331285163836,0.005344795401707125,0.02338169515132904,0.5589536428451538,1.071074217557907,0.5355391556578202,0.0,0.0,2
1.105,PINN Conservative,0.25090114905685207,0.0009513548358076236,0.0018287365360028316,0.005349600113144462,0.023631900548934937,0.5580732822418213,1.0688031241297722,0.5344036046035744,0.0,0.0,2
1.11,PINN Conservative,0.2509035548269751,0.0009609524756474425,0.001830975304835403,0.005353527406689512,0.02388184517621994,0.5571993589401245,1.0665452554821968,0.5332746659648816,0.0,0.0,2
1.115,PINN Conservative,0.250905885063112,0.0009702487783033825,0.0018330616669576156,0.005356697752564761,0.024133644998073578,0.5563266277313232,1.0642854943871498,0.5321447810988363,0.0,0.0,2
1.12,PINN Conservative,0.2509081662297251,0.000979349321766722,0.0018349962627090865,0.00536035832129482,0.024384990334510803,0.555460512638092,1.0620395317673683,0.5310217954967935,0.0,0.0,2
1.125,PINN Conservative,0.25091037669777894,0.0009881678186194067,0.0018367807188577328,0.005362950844558685,0.024637967348098755,0.5545955896377563,1.0597920417785645,0.5298980462073207,0.0,0.0,2
1.1300000000000001,PINN Conservative,0.2509125060886147,0.0009966628639791074,0.0018384082701219885,0.005364793899587016,0.024891257286071777,0.5537369847297668,1.0575556233525276,0.5287798327203896,0.0,0.0,2
1.135,PINN Conservative,0.250914578907192,0.0010049322185478593,0.0018398964869093613,0.005366636346781105,0.025145187973976135,0.5528795719146729,1.0553204119205475,0.5276622227327936,0.0,0.0,2
1.1400000000000001,PINN Conservative,0.25091658914089227,0.0010129518954341298,0.0018412251040347619,0.00536782887047204,0.025400422513484955,0.5520288348197937,1.053095743060112,0.5265498840511172,0.0,0.0,2
1.145,PINN Conservative,0.250918515108526,0.0010206353991549287,0.0018424186850619533,0.005368897196119896,0.025655746459960938,0.5511788725852966,1.0508710071444511,0.5254375118417001,0.0,0.0,2
1.1500000000000001,PINN Conservative,0.25092036175727866,0.0010280024661367237,0.001843443902533095,0.005368944371712092,0.02591221034526825,0.5503356456756592,1.0486577898263931,0.524330898953097,0.0,0.0,2
1.155,PINN Conservative,0.2509221430644395,0.001035108857728451,0.0018443216979218888,0.005369012563590271,0.026168860495090485,0.5494930744171143,1.0464449524879456,0.5232244760550253,0.0,0.0,2
1.16,PINN Conservative,0.25092384923249506,0.0010419154874836741,0.0018450470540930988,0.0053683618751056705,0.02642674744129181,0.5486571788787842,1.0442423447966576,0.5221231680000827,0.0,0.0,2
1.165,PINN Conservative,0.25092547611147187,0.0010484057993938257,0.0018456335495246918,0.005367139686313596,0.026685096323490143,0.5478217601776123,1.0420399382710457,0.5210219605283627,0.0,0.0,2
1.17,PINN Conservative,0.2509270206540825,0.0010545676365338163,0.0018460594074282475,0.005365966710644571,0.026944197714328766,0.5469932556152344,1.0398490354418755,0.5199265049268477,0.0,0.0,2
1.175,PINN Conservative,0.2509285005629065,0.0010604716220196204,0.0018463488898918534,0.005363641535400643,0.027203887701034546,0.5461652278900146,1.0376577824354172,0.5188308742360194,0.0,0.0,2
1.18,PINN Conservative,0.2509298919513824,0.0010660224622021787,0.001846485713915962,0.005360960106264169,0.027463950216770172,0.5453437566757202,1.0354787334799767,0.5177413455940226,0.0,0.0,2
1.185,PINN Conservative,0.25093119983375095,0.001071240161019861,0.0018464905879572386,0.005358193945644185,0.027725718915462494,0.5445228815078735,1.0332970097661018,0.516650479567697,0.0,0.0,2
1.19,PINN Conservative,0.25093242793530246,0.0010761395802392627,0.0018463397870532503,0.005354569238095359,0.027987346053123474,0.5437089204788208,1.031128816306591,0.5155663786944105,0.0,0.0,2
1.195,PINN Conservative,0.2509335875064137,0.001080765602396552,0.001846054292441013,0.00535069329940599,0.028250448405742645,0.5428949594497681,1.028958022594452,0.5144809776898406,0.0,0.0,2
1.2,PINN Conservative,0.25093465432524703,0.0010850215962833816,0.0018456183544899676,0.005346285307565833,0.02851305902004242,0.5420879125595093,1.0268015265464783,0.5134027255446769,0.0,0.0,2
1.205,PINN Conservative,0.2509356495663526,0.0010889920361827879,0.0018450532783699986,0.005341403811682348,0.028777115046977997,0.5412807464599609,1.0246413350105286,0.5123226256484631,0.0,0.0,2
1.21,PINN Conservative,0.25093654957413697,0.001092582549875128,0.001844343641915353,0.005336106002009212,0.029041625559329987,0.5404806137084961,1.022494949400425,0.5112494287415561,0.0,0.0,2
1.215,PINN Conservative,0.2509373720511796,0.001095863760476377,0.0018435020761804815,0.005330161823939458,0.029306747019290924,0.5396803617477417,1.0203464925289154,0.5101751961999879,0.0,0.0,2
1.22,PINN Conservative,0.25093811937421584,0.0010988451497941556,0.0018425294846564325,0.0053237079062552276,0.029572859406471252,0.5388873219490051,1.018209584057331,0.5091067378804518,0.0,0.0,2
1.225,PINN Conservative,0.2509387649074199,0.0011014204561951907,0.0018414230414247037,0.005317092148867893,0.029838979244232178,0.5380938053131104,1.0160725116729736,0.5080381976042159,0.0,0.0,2
1.23,PINN Conservative,0.2509393373876812,0.0011037043233489531,0.0018401785799654702,0.0053099536165462854,0.030107051134109497,0.5373072624206543,1.0139455273747444,0.506974701390323,0.0,0.0,2
1.235,PINN Conservative,0.2509398264586928,0.0011056554355438953,0.001838820873515619,0.0053025106788734885,0.030374377965927124,0.5365207195281982,1.0118190124630928,0.5059114398706159,0.0,0.0,2
1.24,PINN Conservative,0.2509402361586692,0.0011072899029348979,0.0018373212037332064,0.005294276315796348,0.030643247067928314,0.5357406139373779,1.0097025483846664,0.5048532037867292,0.0,0.0,2
1.245,PINN Conservative,0.2509405667856338,0.001108608914463501,0.0018357105259893087,0.005285791237787836,0.030912064015865326,0.5349608659744263,1.0075871273875237,0.5037954892454776,0.0,0.0,2
1.25,PINN Conservative,0.2509408016279342,0.0011095458002435212,0.0018339776368575865,0.005276688562830818,0.031181901693344116,0.5341876149177551,1.0054821372032166,0.5027429901305777,0.0,0.0,2
1.2550000000000001,PINN Conservative,0.25094094856828475,0.0011101320077739364,0.0018321068510535052,0.0052669722207898464,0.03145260363817215,0.5334142446517944,1.0033755600452423,0.5016896975258114,0.0,0.0,2
1.26,PINN Conservative,0.250941023655236,0.0011104315615459478,0.001830143582848741,0.005257321619968294,0.031723544001579285,0.5326471328735352,1.001280814409256,0.5006423207046498,0.0,0.0,2
1.2650000000000001,PINN Conservative,0.2509410040229561,0.0011103532400346626,0.0018280596341473197,0.005246876789966243,0.03199587017297745,0.5318803787231445,0.9991842806339264,0.4995940498103992,0.0,0.0,2
1.27,PINN Conservative,0.2509409139156344,0.0011099937636189887,0.0018258668218683065,0.005236408799398337,0.032267436385154724,0.5311194658279419,0.9971003532409668,0.49855208213142516,0.0,0.0,2
1.2750000000000001,PINN Conservative,0.2509407351166012,0.0011092804582587385,0.0018235693950734797,0.005224883897130342,0.03254096955060959,0.5303592681884766,0.9950145781040192,0.4975091905769259,0.0,0.0,2
1.28,PINN Conservative,0.25094047433137917,0.0011082400751345816,0.0018172429387420623,0.005213517319173057,0.03281412273645401,0.5296046733856201,0.9929406270384789,0.49647221108072676,0.0,0.0,2
1.285,PINN Conservative,0.25094013812392973,0.0011068988006793469,0.0018147699483765877,0.005201498261658284,0.033088646829128265,0.5288512706756592,0.9908663555979729,0.4954350713964325,0.0,0.0,2
1.29,PINN Conservative,0.2509397112131121,0.0011051956719255788,0.0018122010981458296,0.00518885676697587,0.03336331993341446,0.5281023979187012,0.9888008087873459,0.494402294043751,0.0,0.0,2
1.295,PINN Conservative,0.2509392099380495,0.0011031958725826467,0.0018095389451273768,0.005176277683908478,0.0336386039853096,0.5273552536964417,0.9867380037903786,0.4933708876031391,0.0,0.0,2
1.3,PINN Conservative,0.2509386201575401,0.0011008429873838783,0.0018067819259568452,0.005162971162828683,0.0339152067899704,0.5266125202178955,0.9846810102462769,0.49234238690006593,0.0,0.0,2
1.305,PINN Conservative,0.2509379624053838,0.0010982189343874444,0.0018039191288798048,0.005149251576595168,0.03419112414121628,0.5258719325065613,0.9826302453875542,0.49131700055158567,0.0,0.0,2
1.31,PINN Conservative,0.25093721855431816,0.0010952513962365058,0.0018009899429309922,0.0051353175949500965,0.034469179809093475,0.5251350402832031,0.9805822819471359,0.49029301491761124,0.0,0.0,2
1.315,PINN Conservative,0.2509363928064706,0.001091957137003901,0.0017979697667613987,0.005120753808425416,0.034746088087558746,0.5244001746177673,0.9785411208868027,0.48927243048667907,0.0,0.0,2
1.32,PINN Conservative,0.2509354958981278,0.0010883789883015863,0.0017948655628756542,0.005106057669501236,0.035024888813495636,0.5236694812774658,0.9765045866370201,0.4882541594698643,0.0,0.0,2
1.325,PINN Conservative,0.25093452253192683,0.0010844958166968393,0.001791698277182423,0.0050909611293034965,0.0353035107254982,0.5229410529136658,0.9744735583662987,0.48723864145310225,0.0,0.0,2
1.33,PINN Conservative,0.25093347250670217,0.0010803068196548402,0.001788441975048888,0.005075480741543126,0.03558293730020523,0.5222160816192627,0.9724473208189011,0.4862255188071575,0.0,0.0,2
1.335,PINN Conservative,0.25093235254287743,0.00107583880780256,0.0017851300913981436,0.005059497747966504,0.03586325794458389,0.5214935541152954,0.9704250991344452,0.4852144041003581,0.0,0.0,2
1.34,PINN Conservative,0.25093115643411895,0.0010710670214363544,0.0017817323376418314,0.00504342108275823,0.03614383190870285,0.5207745432853699,0.9684091359376907,0.48420641864936975,0.0,0.0,2
1.345,PINN Conservative,0.250929878793657,0.001065969970441703,0.0017782826104246858,0.005026687135647738,0.036425404250621796,0.520058274269104,0.9663967341184616,0.48320021389395,0.0,0.0,2
1.35,PINN Conservative,0.25092854113876845,0.0010606334963838603,0.001774771708812899,0.005009720532793971,0.03670622408390045,0.5193445086479187,0.9643915817141533,0.4821976338598447,0.0,0.0,2
1.355,PINN Conservative,0.2509271213635805,0.0010549694095380855,0.0017711929503076093,0.004992262560937419,0.036988839507102966,0.5186339616775513,0.9623890891671181,0.4811963837594591,0.0,0.0,2
1.36,PINN Conservative,0.25092563921213173,0.001049056477268686,0.0017675730886459646,0.004974805368718457,0.037271350622177124,0.5179262161254883,0.9603929817676544,0.4801983262450616,0.0,0.0,2
1.365,PINN Conservative,0.2509240837916734,0.0010428512437695631,0.001763901267745192,0.004956987064587776,0.03755475580692291,0.5172214508056641,0.9584013819694519,0.4792025225399089,0.0,0.0,2
1.37,PINN Conservative,0.25092246440053007,0.001036390804010572,0.0017601823539007658,0.004938609365338492,0.03783863037824631,0.5165190696716309,0.9564134478569031,0.4782085516845884,0.0,0.0,2
1.375,PINN Conservative,0.25092077696323417,0.0010296588992190837,0.001756423517595501,0.004920030904058709,0.03812244534492493,0.5158203840255737,0.9544338881969452,0.4772187680715674,0.0,0.0,2
1.3800000000000001,PINN Conservative,0.2509190280735495,0.001022681834722081,0.0017556628315978098,0.004901357823812916,0.038407810032367706,0.5151234865188599,0.9524543806910515,0.4762290105356781,0.0,0.0,2
1.385,PINN Conservative,0.2509172062724831,0.001015413895724982,0.001751786339368946,0.004882220481394556,0.038692407310009,0.5144305229187012,0.9504851549863815,0.4752443939200498,0.0,0.0,2
1.3900000000000001,PINN Conservative,0.25091532701253916,0.001007916728836572,0.001747865763548796,0.004862732828707125,0.038978755474090576,0.513738751411438,0.9485148191452026,0.4742592222340455,0.0,0.0,2
1.395,PINN Conservative,0.25091338679194475,0.0010001763639958569,0.0017439150406966981,0.004843087663045087,0.039264678955078125,0.5130517482757568,0.9465553164482117,0.4732794671408378,0.0,0.0,2
1.4000000000000001,PINN Conservative,0.2509113827571275,0.0009921814170894157,0.001739947164115986,0.004822969805916302,0.039551444351673126,0.5123653411865234,0.9445957392454147,0.4722996747945848,0.0,0.0,2
1.405,PINN Conservative,0.25090933054685616,0.0009839942778147733,0.0017359527666770997,0.004803049977123011,0.03983850032091141,0.5116838812828064,0.9426455199718475,0.4713245614308301,0.0,0.0,2
1.41,PINN Conservative,0.25090719874948286,0.0009754896317537409,0.0017319488939322079,0.004782320391056666,0.04012594372034073,0.5110030174255371,0.9406961649656296,0.47034988020240176,0.0,0.0,2
1.415,PINN Conservative,0.2509050285741689,0.0009668318797709436,0.0017279162487465474,0.004761804075887735,0.04041413962841034,0.5103268623352051,0.9387556836009026,0.46937963581167685,0.0,0.0,2
1.42,PINN Conservative,0.2509027955979111,0.0009579235881232144,0.0017238803651793717,0.004740622770777525,0.04070238769054413,0.5096510052680969,0.9368149936199188,0.46840928711242485,0.0,0.0,2
1.425,PINN Conservative,0.250900515444577,0.0009488270870604472,0.001719836007052863,0.004719655080660523,0.0409921258687973,0.5089806318283081,0.9348831549286842,0.4674433640749628,0.0,0.0,2
1.43,PINN Conservative,0.25089817288517974,0.0009394816216799014,0.0017157834010887024,0.004698225453338659,0.0412808358669281,0.5083098411560059,0.9329534396529198,0.4664785027492937,0.0,0.0,2
1.435,PINN Conservative,0.25089578491449377,0.0009299549913618916,0.0017117270076793534,0.004676746501954321,0.04157089442014694,0.5076450109481812,0.9310325607657433,0.46551805963480536,0.0,0.0,2
1.44,PINN Conservative,0.25089334805309793,0.0009202333152162056,0.0017076810454048643,0.004654817585041535,0.04186071455478668,0.5069797039031982,0.9291115403175354,0.4645575457395309,0.0,0.0,2
1.445,PINN Conservative,0.25089086871594213,0.0009103421852053446,0.0017036298608331664,0.004632847142630736,0.04215124249458313,0.5063198804855347,0.927200585603714,0.4636020647306857,0.0,0.0,2
1.45,PINN Conservative,0.2508883266523483,0.000900200812764826,0.0016996011006448683,0.0046108323789643135,0.04244251549243927,0.5056600570678711,0.9252884984016418,0.46264601747555095,0.0,0.0,2
1.455,PINN Conservative,0.2508857521265747,0.0008899299348880195,0.0016955644351385997,0.00458846443519538,0.04273358732461929,0.5050050616264343,0.9233869388699532,0.4616952340757269,0.0,0.0,2
1.46,PINN Conservative,0.2508831198886039,0.0008794288185199248,0.0016915438603511265,0.004565563896441818,0.04302569478750229,0.504350483417511,0.9214842468500137,0.46074388442961317,0.0,0.0,2
1.465,PINN Conservative,0.25088046047836565,0.0008688193004246704,0.0016875545989617098,0.004543091917429104,0.04331757873296738,0.5037006139755249,0.9195924252271652,0.4597979700028188,0.0,0.0,2
1.47,PINN Conservative,0.25087775980681204,0.0008580451734000765,0.0016835766123819093,0.004520225720832202,0.04361063987016678,0.5030513405799866,0.9176991209387779,0.45885131424042164,0.0,0.0,2
1.475,PINN Conservative,0.2508750169724228,0.0008471028408985928,0.0016796258372053852,0.004497377365044172,0.04390297830104828,0.5024064183235168,0.9158162921667099,0.4579098962562033,0.0,0.0,2
1.48,PINN Conservative,0.2508722358345988,0.0008360076997108401,0.0016756911393208049,0.0044742813633519285,0.04419635236263275,0.5017622709274292,0.9139338955283165,0.45696869433964815,0.0,0.0,2
1.485,PINN Conservative,0.2508694054111841,0.0008247159373480364,0.0016717899544496145,0.004450947235547495,0.04448944330215454,0.501121997833252,0.912059836089611,0.4560316610388698,0.0,0.0,2
1.49,PINN Conservative,0.2508665473684671,0.000813313989845984,0.0016679257399834654,0.004428045293705343,0.04478351026773453,0.5004831552505493,0.9101870134472847,0.45509524613864455,0.0,0.0,2
1.495,PINN Conservative,0.25086366282403494,0.0008018063157349053,0.0016640830432370908,0.00440454499797005,0.04507770389318466,0.49984750151634216,0.9083208367228508,0.4541621542100663,0.0,0.0,2
1.5,PINN Conservative,0.2508607340008023,0.0007901219946633299,0.0016602902534873832,0.0043811057783576385,0.04537196457386017,0.4992142617702484,0.9064594209194183,0.45323144275108707,0.0,0.0,2
1.5050000000000001,PINN Conservative,0.2508577874451878,0.0007783669315816257,0.0016565305752012243,0.004357389056730776,0.04566704481840134,0.4985834062099457,0.9046019092202187,0.45230268335168516,0.0,0.0,2
1.51,PINN Conservative,0.250854800321162,0.0007664500238594969,0.0016528002245941133,0.004333857485054521,0.045961908996105194,0.49795472621917725,0.9027489423751831,0.4513761963880508,0.0,0.0,2
1.5150000000000001,PINN Conservative,0.25085179377347255,0.0007544556268851612,0.0016491278916029885,0.004310161344431476,0.046257682144641876,0.49732843041419983,0.9008996784687042,0.45045156090077126,0.0,0.0,2
1.52,PINN Conservative,0.2508487549573185,0.000742332497286428,0.0016454987584695307,0.004286356731735122,0.04655282944440842,0.4967048168182373,0.8990571051836014,0.44953027073696594,0.0,0.0,2
1.5250000000000001,PINN Conservative,0.2508456877693536,0.0007300961804718877,0.0016419115993093732,0.00426261290636773,0.04684891551733017,0.49608325958251953,0.8972176313400269,0.44861053029984793,0.0,0.0,2
1.53,PINN Conservative,0.25084261225163956,0.0007178266327465018,0.0016383762532529663,0.004239180847236901,0.047145068645477295,0.4954646825790405,0.8953840881586075,0.44769375520514126,0.0,0.0,2
1.5350000000000001,PINN Conservative,0.2508394930288198,0.0007053827267731393,0.0016348879529702286,0.004215319251014399,0.04744138568639755,0.49484774470329285,0.8935534581542015,0.44677843670450856,0.0,0.0,2
1.54,PINN Conservative,0.2508363717719915,0.0006929307062748166,0.0016314567408116257,0.004191356921777953,0.04773830622434616,0.4942338764667511,0.8917286768555641,0.4458660425679373,0.0,0.0,2
1.545,PINN Conservative,0.25083321775496026,0.0006803479913991088,0.0016280765921924134,0.0041674189490213814,0.04803512990474701,0.4936215281486511,0.8899070769548416,0.4449552391364034,0.0,0.0,2
1.55,PINN Conservative,0.250830055639148,0.0006677329670426366,0.0016247612801929315,0.004143647524617405,0.048332348465919495,0.49301233887672424,0.8880911841988564,0.4440472892881447,0.0,0.0,2
1.555,PINN Conservative,0.2508268657028677,0.0006550069550112101,0.0016214886948900476,0.004119988513813705,0.048629261553287506,0.49240466952323914,0.8862798362970352,0.4431416118756535,0.0,0.0,2
1.56,PINN Conservative,0.2508236648589375,0.0006422374277267187,0.0016182819389444234,0.004096203782518085,0.048927389085292816,0.49180033802986145,0.884472593665123,0.4422379871059622,0.0,0.0,2
1.565,PINN Conservative,0.2508204600661995,0.0006294521469693659,0.0016151436169967582,0.004072513142971704,0.04922442138195038,0.4911969304084778,0.8826699927449226,0.44133668320099734,0.0,0.0,2
1.57,PINN Conservative,0.2508172426223757,0.0006166163956519345,0.001612064800999537,0.004048878315221854,0.04952298104763031,0.4905974268913269,0.8808724880218506,0.44043792740433574,0.0,0.0,2
1.575,PINN Conservative,0.2508139988780024,0.0006036757202607394,0.0016090382454815929,0.004025377398517216,0.04982062429189682,0.4899982213973999,0.8790775239467621,0.43954044193652125,0.0,0.0,2
1.58,PINN Conservative,0.2508107527419927,0.0005907255036154003,0.0016060694820452426,0.0040017914904104945,0.050119154155254364,0.4894038438796997,0.8772904574871063,0.43864690529151584,0.0,0.0,2
1.585,PINN Conservative,0.2508074979111554,0.0005777405996059949,0.0016031733229315,0.003978410178907335,0.050417713820934296,0.4888087213039398,0.8755027949810028,0.4377530706221475,0.0,0.0,2
1.59,PINN Conservative,0.2508042476177218,0.0005647737972289376,0.0016003452108711291,0.0039549441059223145,0.05071640759706497,0.4882185161113739,0.8737249970436096,0.43686416825598606,0.0,0.0,2
1.595,PINN Conservative,0.250800974570215,0.0005517162191800096,0.0015975759515042592,0.003931803733959682,0.05101531744003296,0.48762816190719604,0.8719462156295776,0.4359747741496257,0.0,0.0,2
1.6,PINN Conservative,0.25079770097881576,0.0005386564713129368,0.00159486907971689,0.003908646689489953,0.05131401866674423,0.48704254627227783,0.8701779991388321,0.4350906625250987,0.0,0.0,2
1.605,PINN Conservative,0.2507944291830065,0.000525603886817592,0.001592238208416109,0.0038858842698759194,0.05161367356777191,0.4864565432071686,0.8684069365262985,0.43420512783423865,0.0,0.0,2
1.61,PINN Conservative,0.2507911521568897,0.00051253043640187,0.001589656926650517,0.003862923608609431,0.05191228538751602,0.48587507009506226,0.8666477054357529,0.4333255089269831,0.0,0.0,2
1.615,PINN Conservative,0.2507878785356881,0.0004994705696406433,0.0015871640376210548,0.0038404272434989645,0.05221215635538101,0.48529380559921265,0.8648864328861237,0.43244486928628456,0.0,0.0,2
1.62,PINN Conservative,0.25078460582345746,0.00048641432915078194,0.0015847142987131682,0.0038176155694225056,0.052511148154735565,0.4847167730331421,0.8631357103586197,0.4315695046768102,0.0,0.0,2
1.625,PINN Conservative,0.2507813284248116,0.0004733393925582454,0.0015823407359895662,0.0037951850537677745,0.05281108617782593,0.48413968086242676,0.8613832741975784,0.4306932832472924,0.0,0.0,2
1.6300000000000001,PINN Conservative,0.2507780626341703,0.000460310765231061,0.0015800378887865234,0.0037729805432788616,0.05311017483472824,0.4835667610168457,0.8596408814191818,0.4298220835282903,0.0,0.0,2
1.635,PINN Conservative,0.2507747965306046,0.0004472808895153701,0.0015777969538731792,0.0037509225025837006,0.05341010540723801,0.4829941987991333,0.8578983694314957,0.42895082420441566,0.0,0.0,2
1.6400000000000001,PINN Conservative,0.25077154131233714,0.0004342944398824053,0.0015756227182781683,0.0037291787303532914,0.05371006578207016,0.48242518305778503,0.8561626225709915,0.42808294745706055,0.0,0.0,2
1.645,PINN Conservative,0.25076828469336054,0.0004213024022250872,0.0015735153293728681,0.003707534907727017,0.054009631276130676,0.4818568825721741,0.8544291257858276,0.4272161957516756,0.0,0.0,2
1.6500000000000001,PINN Conservative,0.2507650353834035,0.00040833952335422684,0.001571461065386644,0.003685989669000453,0.0543096661567688,0.4812919795513153,0.8527023941278458,0.4263528266228101,0.0,0.0,2
1.655,PINN Conservative,0.2507617975547912,0.0003954224484489517,0.0015694849327856212,0.0036648936919929653,0.05460961163043976,0.4807281792163849,0.8509777933359146,0.42549052293104217,0.0,0.0,2
1.6600000000000001,PINN Conservative,0.25075857590138934,0.00038256990333486636,0.0015675673735225054,0.003643910925485508,0.05491027235984802,0.4801672697067261,0.8492575734853745,0.42463040971834193,0.0,0.0,2
1.665,PINN Conservative,0.25075535810738825,0.0003697327550114019,0.0015654168420012964,0.0036229911357028993,0.05520954728126526,0.4796079099178314,0.8475441187620163,0.42377367908216124,0.0,0.0,2
1.67,PINN Conservative,0.25075215927511474,0.0003569712530808677,0.0015636621169761726,0.0036024773255552422,0.05551063269376755,0.47905057668685913,0.8458305150270462,0.4229168739398898,0.0,0.0,2
1.675,PINN Conservative,0.2507489671558144,0.0003442365320543752,0.001561958812637171,0.0035823243110451874,0.055810339748859406,0.4784958064556122,0.8441254943609238,0.4220643603484449,0.0,0.0,2
1.68,PINN Conservative,0.2507457896620037,0.0003315601583241706,0.001560322573722288,0.0035621366195815046,0.056110680103302,0.4779423773288727,0.842421755194664,0.42121248750938034,0.0,0.0,2
1.685,PINN Conservative,0.250742627181113,0.0003189436775144777,0.0015587415333475764,0.0035423083711389053,0.0564102903008461,0.47739139199256897,0.8407244682312012,0.4203638407840447,0.0,0.0,2
1.69,PINN Conservative,0.25073948008567115,0.0003063885758014468,0.0015572113292030387,0.003522895752477606,0.05671118199825287,0.47684234380722046,0.8390291631221771,0.41951618498971593,0.0,0.0,2
1.695,PINN Conservative,0.2507363509982827,0.00029390531586952456,0.0015557466599719473,0.003503355380324258,0.05701114237308502,0.4762953221797943,0.8373394757509232,0.418671338075008,0.0,0.0,2
1.7,PINN Conservative,0.2507332425862553,0.000281504538743171,0.001554320520607214,0.0034844586549309386,0.05731143057346344,0.4757496118545532,0.8356523662805557,0.4178277801156698,0.0,0.0,2
1.705,PINN Conservative,0.25073016195744297,0.00026921460067380246,0.0015529593943334496,0.0034658207369525074,0.05761146545410156,0.4752069413661957,0.8339719474315643,0.41698756747980575,0.0,0.0,2
1.71,PINN Conservative,0.2507270903885367,0.00025696080642149944,0.0015516392837390367,0.0034472733634672292,0.057911649346351624,0.4746653437614441,0.8322930485010147,0.4161481148060673,0.0,0.0,2
1.715,PINN Conservative,0.25072404884547017,0.0002448267980095555,0.001550369516504138,0.0034291219008361074,0.05821177363395691,0.4741266071796417,0.8306201547384262,0.4153116647277855,0.0,0.0,2
1.72,PINN Conservative,0.2507210200503471,0.0002327436465637461,0.0015491514968040013,0.0034109507706469033,0.058511845767498016,0.47358861565589905,0.828949362039566,0.41447626518538316,0.0,0.0,2
1.725,PINN Conservative,0.25071801080554745,0.00022073848967013216,0.0015479671541373157,0.0033933521766447705,0.058812208473682404,0.4730541706085205,0.8272848874330521,0.41364402470122813,0.0,0.0,2
1.73,PINN Conservative,0.2507150363326075,0.00020887205250808203,0.001546843655555558,0.0033757100712091676,0.05911201983690262,0.47251975536346436,0.8256219029426575,0.41281252927798046,0.0,0.0,2
1.735,PINN Conservative,0.250712079100311,0.00019707439560272995,0.001545741922064208,0.003358589066574602,0.05941232293844223,0.4719889760017395,0.8239651471376419,0.41198414820932566,0.0,0.0,2
1.74,PINN Conservative,0.25070915066450855,0.00018539162015493533,0.0015446994079903482,0.0033417742210074958,0.059711433947086334,0.47145840525627136,0.822311669588089,0.4111574062746671,0.0,0.0,2
1.745,PINN Conservative,0.2507062456905844,0.00017380244411467115,0.0015436922197123138,0.0033253039695274322,0.06001219153404236,0.47093188762664795,0.820662334561348,0.4103327356093311,0.0,0.0,2
1.75,PINN Conservative,0.25070336662977954,0.00016231664652416815,0.001542704540118586,0.0033087326549636614,0.060311220586299896,0.47040489315986633,0.8190166354179382,0.40950988289260903,0.0,0.0,2
1.7550000000000001,PINN Conservative,0.2507005217522385,0.00015096722050618528,0.0015417741639665208,0.0032926374073094927,0.0606115460395813,0.46988198161125183,0.8173758536577225,0.4086894888768814,0.0,0.0,2
1.76,PINN Conservative,0.25069770158082266,0.00013971635772550074,0.0015408597648673284,0.003277014297768152,0.060910530388355255,0.4693584442138672,0.8157364428043365,0.4078697803171885,0.0,0.0,2
1.7650000000000001,PINN Conservative,0.2506949062049391,0.0001285644148650195,0.001539976997815525,0.003261261196279855,0.0612105056643486,0.4688396155834198,0.8141051828861237,0.407054147240659,0.0,0.0,2
1.77,PINN Conservative,0.2506921417042615,0.00011753564632773335,0.0015391237306462756,0.0032457853864231445,0.06150975823402405,0.468319833278656,0.8124728947877884,0.4062380000721034,0.0,0.0,2
1.7750000000000001,PINN Conservative,0.2506894128397109,0.00010664904545181339,0.0015382979677554753,0.0032306746683545967,0.061809293925762177,0.46780455112457275,0.8108497858047485,0.4054264424787373,0.0,0.0,2
1.78,PINN Conservative,0.25068671375513096,9.588124953986932e-05,0.0015375071355607534,0.00321590307845232,0.06210854649543762,0.4672887325286865,0.8092258423566818,0.4046144676512631,0.0,0.0,2
1.7850000000000001,PINN Conservative,0.25068403544276974,8.51963228397713e-05,0.0015367201859382386,0.003201124363237315,0.06240776181221008,0.46677684783935547,0.807609349489212,0.40380621812832573,0.0,0.0,2
1.79,PINN Conservative,0.2506814075931909,7.471271363303316e-05,0.001535953951700096,0.00318678211572572,0.06270705163478851,0.46626466512680054,0.805992603302002,0.40299784194503413,0.0,0.0,2
1.795,PINN Conservative,0.2506787975281479,6.430005450091641e-05,0.001535220817914232,0.003172869784115212,0.0630054920911789,0.46575626730918884,0.8043853789567947,0.4021942267009407,0.0,0.0,2
1.8,PINN Conservative,0.25067623012512946,5.405759232249256e-05,0.0015344913945017362,0.0031587262633065993,0.06330487877130508,0.46524783968925476,0.8027763366699219,0.4013897024825403,0.0,0.0,2
1.805,PINN Conservative,0.2506736913546922,4.392935768366833e-05,0.0015337832597688086,0.0031449368678955897,0.06360289454460144,0.4647428095340729,0.801176056265831,0.4005895592222753,0.0,0.0,2
1.81,PINN Conservative,0.25067119421809936,3.396721815099825e-05,0.0015330784528768948,0.0031315340206306136,0.06390218436717987,0.46423816680908203,0.7995746582746506,0.3997888571663297,0.0,0.0,2
1.815,PINN Conservative,0.2506687147170307,2.407543422217945e-05,0.0015323933190802856,0.003118291619891675,0.06420018523931503,0.4637366235256195,0.797981858253479,0.39899245411181977,0.0,0.0,2
1.82,PINN Conservative,0.2506662870794537,1.4390555811295295e-05,0.001531722362105039,0.003105146417345328,0.06449893116950989,0.4632352590560913,0.796388566493988,0.39819580518721037,0.0,0.0,2
1.825,PINN Conservative,0.2506638927906754,4.838719936840062e-06,0.0015310359164120635,0.003092201288965535,0.06479637324810028,0.46273723244667053,0.7948036044836044,0.39740332115307325,0.0,0.0,2
1.83,PINN Conservative,0.2506615338996055,4.571899429481188e-06,0.001530358199787965,0.003079453402417609,0.06509489566087723,0.46223968267440796,0.7932180762290955,0.3966105539957913,0.0,0.0,2
1.835,PINN Conservative,0.25065919806808257,1.3890524459019139e-05,0.0015296892273931413,0.003066905438289594,0.06539218872785568,0.4617449641227722,0.7916397601366043,0.3958213929333011,0.0,0.0,2
1.84,PINN Conservative,0.25065690934658075,2.3021207585421104e-05,0.0015290102041740574,0.0030545418265504193,0.0656902939081192,0.46125084161758423,0.7900619059801102,0.3950324628396922,0.0,0.0,2
1.845,PINN Conservative,0.25065466422587657,3.197794859305351e-05,0.0015283393458384897,0.0030422412936071536,0.06598737835884094,0.4607591927051544,0.7884907424449921,0.39424687806955744,0.0,0.0,2
1.85,PINN Conservative,0.25065245547890685,4.078957930950591e-05,0.001527646279652954,0.0030302315445939892,0.06628511101007462,0.4602687656879425,0.786920577287674,0.3934617924902306,0.0,0.0,2
1.855,PINN Conservative,0.2506502899155023,4.9428932424902184e-05,0.0015269644760606295,0.003018425218994064,0.06658201664686203,0.4597802460193634,0.7853560447692871,0.3926795232411337,0.0,0.0,2
1.86,PINN Conservative,0.2506481507197025,5.796309395485448e-05,0.001526262833399124,0.0030062428292119553,0.06687893718481064,0.4592931568622589,0.7837939858436584,0.39189849079314304,0.0,0.0,2
1.865,PINN Conservative,0.25064605368673826,6.632905000791698e-05,0.0015255494002953068,0.0029949486454244334,0.06717585772275925,0.4588080644607544,0.7822360098361969,0.3911194998120386,0.0,0.0,2
1.87,PINN Conservative,0.2506440086886289,7.448741690215746e-05,0.0015248317156544853,0.0029831561522390276,0.06747233867645264,0.458324670791626,0.7806828171014786,0.3903429004764468,0.0,0.0,2
1.875,PINN Conservative,0.2506419821456077,8.257215860364318e-05,0.001524090553419519,0.0029717769253648357,0.06776906549930573,0.45784249901771545,0.7791302502155304,0.3895666140664362,0.0,0.0,2
1.8800000000000001,PINN Conservative,0.25064000151306415,9.047374389064048e-05,0.0015233368043369737,0.002960586679531682,0.06806514412164688,0.4573623538017273,0.7775839865207672,0.38879347926406377,0.0,0.0,2
1.885,PINN Conservative,0.25063806412369033,9.82028137887165e-05,0.001522569391721974,0.002949366826940497,0.06836158037185669,0.4568834900856018,0.7760395407676697,0.3880212534359984,0.0,0.0,2
1.8900000000000001,PINN Conservative,0.2506361701637509,0.00010575862520891032,0.0015217739588466949,0.0029382920699604215,0.06865673512220383,0.45640695095062256,0.774501621723175,0.3872522909747073,0.0,0.0,2
1.895,PINN Conservative,0.25063431305438305,0.00011316742403190267,0.0015209641233699428,0.0029273110352447534,0.06895317882299423,0.45593106746673584,0.7729628682136536,0.3864829112793081,0.0,0.0,2
1.9000000000000001,PINN Conservative,0.25063249458372616,0.00012042207660955937,0.0015201209230193196,0.002916304913838985,0.06924816220998764,0.4554578363895416,0.7714322358369827,0.38571759216585416,0.0,0.0,2
1.905,PINN Conservative,0.2506307145878675,0.0001275232368593954,0.001519250484984396,0.0029056924927747807,0.06954368203878403,0.4549846351146698,0.769899919629097,0.38495143113357483,0.0,0.0,2
1.9100000000000001,PINN Conservative,0.2506289815902712,0.00013443690105933908,0.0015183620436203026,0.00289500448825504,0.06983818113803864,0.45451459288597107,0.7683766782283783,0.3841898075222215,0.0,0.0,2
1.915,PINN Conservative,0.2506272875741126,0.00014119505173106514,0.0015174309090817922,0.002884150650914713,0.07013368606567383,0.4540451169013977,0.7668517678976059,0.38342734944265183,0.0,0.0,2
1.92,PINN Conservative,0.25062563333660387,0.00014779450845667312,0.0015164856379848116,0.002873488765953544,0.07042807340621948,0.45357826352119446,0.7653349190950394,0.3826689221425912,0.0,0.0,2
1.925,PINN Conservative,0.25062402791529914,0.0001541992165901006,0.0015154958028045311,0.00286295748253744,0.07072258740663528,0.45311155915260315,0.763817623257637,0.38191027132425825,0.0,0.0,2
1.93,PINN Conservative,0.25062245161831403,0.00016048773543027637,0.0015144777939099206,0.0028523609857499937,0.07101671397686005,0.4526481330394745,0.7623074352741241,0.3811551744464536,0.0,0.0,2
1.935,PINN Conservative,0.2506209190413358,0.00016660183657528788,0.0015134271823159847,0.0028421164425683487,0.07131074368953705,0.45218417048454285,0.760796457529068,0.380399682686368,0.0,0.0,2
1.94,PINN Conservative,0.2506194351539018,0.00017252169442810746,0.0015123327341789537,0.002831633409958789,0.07160446047782898,0.45172399282455444,0.7592936158180237,0.3796482589588367,0.0,0.0,2
1.945,PINN Conservative,0.2506179927736523,0.00017827596247476136,0.001511209615710952,0.0028213176461838185,0.0718979462981224,0.45126286149024963,0.7577892690896988,0.3788960827197889,0.0,0.0,2
1.95,PINN Conservative,0.2506165806651118,0.0001839094638044516,0.0015100349236813072,0.0028110850607630106,0.07219115644693375,0.45080557465553284,0.7562928050756454,0.37814784785294125,0.0,0.0,2
1.955,PINN Conservative,0.2506152150779965,0.00018935737139004957,0.0015088213999821757,0.0028007105740176647,0.0724840760231018,0.4503479599952698,0.7547963708639145,0.3773996278873117,0.0,0.0,2
1.96,PINN Conservative,0.2506138906255367,0.0001946411753465179,0.001507576789627833,0.0027904104369993604,0.07277742773294449,0.4498935341835022,0.753304585814476,0.3766537325117132,0.0,0.0,2
1.965,PINN Conservative,0.2506126125305893,0.00019974003947685184,0.0015062697859532152,0.0027802536286079677,0.07306940108537674,0.44943881034851074,0.7518158257007599,0.37590934960975664,0.0,0.0,2
1.97,PINN Conservative,0.2506113786250355,0.0002046626133289296,0.001504920806076276,0.002770197370834157,0.0733623281121254,0.4489876627922058,0.7503321766853333,0.37516752226671246,0.0,0.0,2
1.975,PINN Conservative,0.2506101745069029,0.00020946635249365902,0.0015035408644711267,0.0027597248513141076,0.07365396618843079,0.4485355317592621,0.7488483190536499,0.3744255906151412,0.0,0.0,2
1.98,PINN Conservative,0.25060901968181154,0.00021407344075996502,0.00150210331831096,0.002749487087040786,0.073946513235569,0.44808733463287354,0.7473708689212799,0.3736868627254717,0.0,0.0,2
1.985,PINN Conservative,0.2506078991144898,0.00021854386021847653,0.0015006227041476146,0.002739546627643197,0.07423735409975052,0.4476383626461029,0.7458949685096741,0.3729489096991459,0.0,0.0,2
1.99,PINN Conservative,0.25060682695359016,0.00022282116587892713,0.0014990857342022362,0.0027294886573757393,0.07452956587076187,0.4471931755542755,0.7444237172603607,0.3722132812628511,0.0,0.0,2
1.995,PINN Conservative,0.25060579532384897,0.00022693677551647952,0.0014975016088045006,0.002719271432214329,0.07482004165649414,0.4467471241950989,0.7429539412260056,0.3714783904368546,0.0,0.0,2
2.0,PINN Conservative,0.25060480152070547,0.00023090147877378444,0.001495874460196197,0.00270894474417073,0.0751112625002861,0.4463046193122864,0.7414903938770294,0.370746613965451,0.0,0.0,2
2.005,PINN Conservative,0.2506038480624559,0.00023470522909648775,0.0014941883938954458,0.0026988161975010083,0.0754014104604721,0.44586166739463806,0.7400272339582443,0.37001503120988327,0.0,0.0,2
2.0100000000000002,PINN Conservative,0.2506029321551325,0.0002383591728097022,0.0014924451040598467,0.002688616854502862,0.07569213956594467,0.4454217255115509,0.738568902015686,0.3692858624516555,0.0,0.0,2
2.015,PINN Conservative,0.2506020627617838,0.0002418275525024182,0.001490651457657567,0.0026784993455374606,0.07598192244768143,0.44498178362846375,0.7371126115322113,0.36855771442687085,0.0,0.0,2
2.02,PINN Conservative,0.2506012398004534,0.000245110695133504,0.001488785174328444,0.002668217312009849,0.07627188414335251,0.44454464316368103,0.7356609106063843,0.3678318611896809,0.0,0.0,2
2.025,PINN Conservative,0.25060044050961755,0.0002482994060982027,0.0014869021226086299,0.0026579755516783626,0.07656168192625046,0.4441072344779968,0.7342090755701065,0.3671059408970093,0.0,0.0,2
2.0300000000000002,PINN Conservative,0.25059968694299484,0.00025130570373693093,0.0014849265006911484,0.0026478019383139872,0.07685089111328125,0.4436732232570648,0.7327653467655182,0.3663840737356739,0.0,0.0,2
2.035,PINN Conservative,0.25059897778183243,0.00025413484911539534,0.001482906358333158,0.0026376195635828964,0.07713985443115234,0.44323867559432983,0.7313204854726791,0.3656616403280488,0.0,0.0,2
2.04,PINN Conservative,0.25059830983728193,0.0002567995639056405,0.0014808274731277367,0.0026273018341792104,0.07742855697870255,0.44280704855918884,0.7298820465803146,0.3649424181329346,0.0,0.0,2
2.045,PINN Conservative,0.25059767255932114,0.00025934193663154723,0.0014787086626161497,0.0026169703983903864,0.07771728932857513,0.44237545132637024,0.7284432649612427,0.36422302457381167,0.0,0.0,2
2.05,PINN Conservative,0.25059709024429344,0.00026166503884971534,0.001476507563432759,0.0026070798630790787,0.07800517976284027,0.4419463872909546,0.727011188864708,0.36350698378877194,0.0,0.0,2
2.055,PINN Conservative,0.2505965202972295,0.0002639388000021573,0.0014742491309297661,0.0025962195331307447,0.0782938152551651,0.4415176212787628,0.725578248500824,0.36279051086840597,0.0,0.0,2
2.06,PINN Conservative,0.2505960099101069,0.0002659749512266475,0.0014719396930097137,0.0025862226394420817,0.07858100533485413,0.44109103083610535,0.7241520881652832,0.36207742797516856,0.0,0.0,2
2.065,PINN Conservative,0.25059552528709195,0.0002679083184719251,0.0014695742470590488,0.002575782907154253,0.07886912673711777,0.4406653344631195,0.7227258831262589,0.36136432273010394,0.0,0.0,2
2.07,PINN Conservative,0.25059508547186876,0.00026966292838574886,0.0014671230207508202,0.0025651387159432854,0.07915578782558441,0.44024142622947693,0.7213061153888702,0.36065443614815923,0.0,0.0,2
2.075,PINN Conservative,0.2505946868658068,0.00027125313743516866,0.001464639954259256,0.0025546036651504372,0.07944335043430328,0.43981799483299255,0.7198851555585861,0.3599439535174886,0.0,0.0,2
2.08,PINN Conservative,0.25059431169182084,0.0002727498659714335,0.0014620753843974318,0.0025511820260053497,0.07972924411296844,0.43939676880836487,0.7184719890356064,0.35923736755536356,0.0,0.0,2
2.085,PINN Conservative,0.25059398087114115,0.0002740696503119272,0.0014594626844905627,0.002551116575960688,0.08001606911420822,0.4389761984348297,0.7170577496290207,0.3585302451493852,0.0,0.0,2
2.09,PINN Conservative,0.2505937006250026,0.0002751876713060388,0.0014567763756581364,0.0025504796442210598,0.08030186593532562,0.43855759501457214,0.7156496644020081,0.35782619984495434,0.0,0.0,2
2.095,PINN Conservative,0.25059343259036565,0.0002762569754283453,0.0014540370419988892,0.0025496652035827405,0.08058780431747437,0.438139408826828,0.7142421007156372,0.3571224153118411,0.0,0.0,2
2.1,PINN Conservative,0.2505932196080687,0.00027710665236089404,0.0014512369083793,0.002548858297033163,0.08087293058633804,0.43772321939468384,0.7128399461507797,0.3564213353498216,0.0,0.0,2
2.105,PINN Conservative,0.2505930354446175,0.00027784135866532517,0.0014483750628730145,0.0025476401554527794,0.08115832507610321,0.4373079836368561,0.7114388346672058,0.3557207769304373,0.0,0.0,2
2.11,PINN Conservative,0.25059288264811064,0.00027845092889290906,0.0014454438044387429,0.002546253605686166,0.08144348114728928,0.4368942677974701,0.7100409120321274,0.3550218129413948,0.0,0.0,2
2.115,PINN Conservative,0.25059277437627336,0.0002788828712838345,0.0014424559436216542,0.0025446161120750155,0.08172821998596191,0.4364814758300781,0.708646222949028,0.3543244657345213,0.0,0.0,2
2.12,PINN Conservative,0.25059269917756344,0.0002791828709086467,0.0014393873720744787,0.002542556248042671,0.08201238512992859,0.4360705018043518,0.7072555273771286,0.3536291152908796,0.0,0.0,2
2.125,PINN Conservative,0.25059264978766466,0.0002793799082131261,0.0014362983563409968,0.002540649165502562,0.08229641616344452,0.4356602430343628,0.7058662474155426,0.3529344726550999,0.0,0.0,2
2.13,PINN Conservative,0.2505926323980095,0.00027944928294081566,0.001433124959110441,0.002538143913364932,0.08258035778999329,0.4352516829967499,0.7044808566570282,0.3522417746282885,0.0,0.0,2
2.1350000000000002,PINN Conservative,0.2505926646366718,0.0002793206692105722,0.0014298610910155724,0.0025356192727272187,0.08286359161138535,0.43484383821487427,0.7030979841947556,0.3515503357544105,0.0,0.0,2
2.14,PINN Conservative,0.2505927193686368,0.0002791023201326934,0.0014265777909281529,0.0025331196141228363,0.08314702659845352,0.4344373047351837,0.7017171084880829,0.3508598952621485,0.0,0.0,2
2.145,PINN Conservative,0.2505928071141245,0.00027875226607700944,0.0014231977735195828,0.002530186350230501,0.08342978358268738,0.4340324401855469,0.7003412246704102,0.35017195072392615,0.0,0.0,2
2.15,PINN Conservative,0.2505929165929558,0.0002783155084738426,0.0014197786040800785,0.0025269067978956894,0.08371295034885406,0.43362849950790405,0.698965772986412,0.34948422225336695,0.0,0.0,2
2.1550000000000002,PINN Conservative,0.2505930745303633,0.0002776854290079006,0.0014162890697811297,0.002523577543094513,0.08399459719657898,0.43322569131851196,0.6975955665111542,0.3487991163972018,0.0,0.0,2
2.16,PINN Conservative,0.2505932576954367,0.00027695470565685423,0.0014127415508172264,0.0025198493747475292,0.08427746593952179,0.43282413482666016,0.6962253004312515,0.3481139807386003,0.0,0.0,2
2.165,PINN Conservative,0.2505934773460033,0.00027607842616182704,0.0014091237915669261,0.0025161089669675785,0.0845583975315094,0.43242403864860535,0.6948619335889816,0.347432294712,0.0,0.0,2
2.17,PINN Conservative,0.2505937212109568,0.0002751055451824893,0.001405449010696774,0.002512125441697932,0.08484064042568207,0.4320247173309326,0.6934966593980789,0.3467496550074382,0.0,0.0,2
2.1750000000000003,PINN Conservative,0.2505939929857852,0.000274021319846178,0.0014017207302418038,0.002507844276243232,0.08512119948863983,0.43162667751312256,0.6921379268169403,0.34607028612025986,0.0,0.0,2
2.18,PINN Conservative,0.2505942990630867,0.000272800247360952,0.0013979370402457797,0.0025033470688355375,0.08540259301662445,0.4312298893928528,0.6907796561717987,0.34539114820196276,0.0,0.0,2
2.185,PINN Conservative,0.25059464637935186,0.0002714146551169465,0.001394065088627379,0.002498863314712274,0.08568276464939117,0.43083450198173523,0.6894264817237854,0.34471455839196896,0.0,0.0,2
2.19,PINN Conservative,0.2505950070470574,0.00026997579830079644,0.0013901746271461962,0.0024940344890809762,0.0859634280204773,0.43044009804725647,0.688074380159378,0.34403850502582844,0.0,0.0,2
2.195,PINN Conservative,0.25059539629519006,0.00026842292200976095,0.0013861879460249327,0.0024890477616470452,0.08624308556318283,0.4300471246242523,0.6867268085479736,0.3433647166448464,0.0,0.0,2
2.2,PINN Conservative,0.25059582123905444,0.0002667276402688298,0.0013821640056491218,0.0024836474078834825,0.08652287721633911,0.4296548664569855,0.6853800266981125,0.34269132314614525,0.0,0.0,2
2.205,PINN Conservative,0.25059627006202956,0.0002649370946028762,0.001378075860289791,0.002478431908990608,0.08680184185504913,0.42926397919654846,0.6840378195047379,0.34202021698442975,0.0,0.0,2
2.21,PINN Conservative,0.250596745349467,0.0002630409709452012,0.00137393337963281,0.0024726843441749136,0.08708103001117706,0.428873747587204,0.6826965063810349,0.3413495578592587,0.0,0.0,2
2.215,PINN Conservative,0.2505972517877819,0.0002610205731935725,0.0013697228283675081,0.0024668976038988433,0.0873597040772438,0.4284854233264923,0.6813597977161407,0.3406812009722915,0.0,0.0,2
2.22,PINN Conservative,0.2505977681949737,0.0002589604053537342,0.0013654753376650534,0.002460918093361686,0.08763861656188965,0.42809778451919556,0.6800236999988556,0.34001314956029627,0.0,0.0,2
2.225,PINN Conservative,0.2505983242094519,0.00025674222720932955,0.0013611504349842875,0.002454738619781849,0.08791656792163849,0.42771148681640625,0.6786920428276062,0.33934731842980503,0.0,0.0,2
2.23,PINN Conservative,0.2505989102572205,0.00025440423350075054,0.0013567854036823247,0.002448210158731201,0.08819423615932465,0.4273260235786438,0.6773627996444702,0.33868269429798376,0.0,0.0,2
2.235,PINN Conservative,0.2505995137244465,0.0002519967461705494,0.001352353136701492,0.0024417127219701906,0.08847227692604065,0.4269419312477112,0.6760348826646805,0.3380187332703701,0.0,0.0,2
2.24,PINN Conservative,0.2506001465171578,0.00024947226701183364,0.0013478927279224947,0.002435016713474125,0.08874894678592682,0.4265584945678711,0.6747115850448608,0.33735708193156927,0.0,0.0,2
2.245,PINN Conservative,0.2506007914468648,0.00024689936821703,0.0013433534579157607,0.0024281736764050765,0.08902628719806671,0.42617666721343994,0.6733897030353546,0.33669613840063045,0.0,0.0,2
2.25,PINN Conservative,0.25060147319734116,0.00024417957571895755,0.001338771644208918,0.002421051293106824,0.08930279314517975,0.42579564452171326,0.6720711439847946,0.33603685635551517,0.0,0.0,2
2.255,PINN Conservative,0.2506021681651475,0.00024140705367210136,0.0013341541627825125,0.0024137992406890185,0.08957969397306442,0.4254157841205597,0.6707538962364197,0.3353782299639983,0.0,0.0,2
2.2600000000000002,PINN Conservative,0.2506028932258489,0.0002385144782729842,0.0013294528668255274,0.002406247361746716,0.08985505253076553,0.4250369668006897,0.6694422215223312,0.3347223901002751,0.0,0.0,2
2.265,PINN Conservative,0.2506036388948562,0.00023553968757975742,0.0013247224950873045,0.002398763327487452,0.09013143181800842,0.4246595799922943,0.6681309938430786,0.3340667737548241,0.0,0.0,2
2.27,PINN Conservative,0.2506044076532128,0.00023247278365581478,0.0013199418072630113,0.0023909346618444793,0.09040621668100357,0.42428261041641235,0.6668234765529633,0.33341301261103246,0.0,0.0,2
2.275,PINN Conservative,0.2506051904410126,0.00022934991031822174,0.001315109159908088,0.0023828340938040204,0.09068192541599274,0.4239073693752289,0.6655176430940628,0.33276009338606616,0.0,0.0,2
2.2800000000000002,PINN Conservative,0.25060600055754206,0.00022611801105910503,0.0013102239193075367,0.0023748430676984733,0.09095607697963715,0.4235326945781708,0.6642162799835205,0.33210940934382205,0.0,0.0,2
2.285,PINN Conservative,0.25060682617872976,0.00022282425712648882,0.0013052956331869767,0.0023665501325212945,0.0912310928106308,0.42315956950187683,0.662915363907814,0.3314589488198501,0.0,0.0,2
2.29,PINN Conservative,0.2506076729446652,0.0002194461478054335,0.001300318419831791,0.002358099309103301,0.09150486439466476,0.4227869510650635,0.6616185456514359,0.3308105372133735,0.0,0.0,2
2.295,PINN Conservative,0.25060854084789774,0.00021598371281953283,0.0012953008650968979,0.002349550485122587,0.09177881479263306,0.42241570353507996,0.6603238582611084,0.33016319104399444,0.0,0.0,2
2.3000000000000003,PINN Conservative,0.25060942951589843,0.00021243843834538003,0.0012902264371172662,0.002340608702229241,0.09205225110054016,0.42204514145851135,0.6590315699577332,0.32951704442267626,0.0,0.0,2
2.305,PINN Conservative,0.2506103355884554,0.00020882372969657133,0.0012851374593552268,0.0023318391605365862,0.0923255980014801,0.42167598009109497,0.6577426195144653,0.3288725667377906,0.0,0.0,2
2.31,PINN Conservative,0.2506112540885808,0.00020515944219372844,0.001279969778388797,0.0023227555459831573,0.092598557472229,0.42130762338638306,0.6564552038908005,0.32822885646563954,0.0,0.0,2
2.315,PINN Conservative,0.2506121982559564,0.0002013927571175075,0.0012747836286014346,0.002313688601089381,0.09287098050117493,0.4209403693675995,0.6551713943481445,0.3275869492408844,0.0,0.0,2
2.32,PINN Conservative,0.25061314827948833,0.00019760270934367485,0.0012695553044276698,0.0023042036719082004,0.09314325451850891,0.4205739498138428,0.6538899093866348,0.32694620431114474,0.0,0.0,2
2.325,PINN Conservative,0.2506141240447762,0.00019370996676141124,0.001264301227434291,0.0022946704650426697,0.09341545403003693,0.4202089011669159,0.6526103168725967,0.32630640560875745,0.0,0.0,2
2.33,PINN Conservative,0.25061510922759794,0.00018977965363245534,0.001258980301374143,0.002285007597764288,0.09368719160556793,0.41984453797340393,0.6513338685035706,0.3256681789848847,0.0,0.0,2
2.335,PINN Conservative,0.2506161142885687,0.0001857700381158312,0.0012536324850790268,0.0022750420797898463,0.09395833313465118,0.41948166489601135,0.650061160326004,0.32503182246388956,0.0,0.0,2
2.34,PINN Conservative,0.2506171339526775,0.0001817021644732578,0.0012482618902972132,0.0022653087375089087,0.09422950446605682,0.4191190004348755,0.6487888246774673,0.3243956522081212,0.0,0.0,2
2.345,PINN Conservative,0.2506181683391335,0.00017757555712834055,0.0012428402311054965,0.0022551575257155343,0.0945000946521759,0.41875773668289185,0.6475201845169067,0.3237613297034032,0.0,0.0,2
2.35,PINN Conservative,0.2506192197054627,0.0001733812098500747,0.0012373863112378502,0.0022448542138017724,0.09477077424526215,0.4183976650238037,0.6462546437978745,0.3231285569253725,0.0,0.0,2
2.355,PINN Conservative,0.2506202752143147,0.00016917033628727841,0.0012319062784700075,0.002234594010626423,0.09504024684429169,0.4180383086204529,0.6449921429157257,0.32249730407159294,0.0,0.0,2
2.36,PINN Conservative,0.25062135566771054,0.00016485994833373018,0.0012263775463465028,0.0022240901981548933,0.09531055390834808,0.41767948865890503,0.643728643655777,0.32186555202700534,0.0,0.0,2
2.365,PINN Conservative,0.25062243758887076,0.0001605437048441482,0.0012208327063328772,0.0022135944449165335,0.09557953476905823,0.4173224866390228,0.6424721330404282,0.3212372943180734,0.0,0.0,2
2.37,PINN Conservative,0.2506235467717054,0.0001561187029449444,0.0012152600740334074,0.002202842026272356,0.09584968537092209,0.41696593165397644,0.6412141174077988,0.32060828409762504,0.0,0.0,2
2.375,PINN Conservative,0.2506246533319356,0.00015170416372974453,0.0012096544163025524,0.002191844641390883,0.09611733257770538,0.416610449552536,0.6399628520011902,0.3199826490030871,0.0,0.0,2
2.38,PINN Conservative,0.2506257741078737,0.00014723291201215483,0.0012040311980356583,0.002180948861901788,0.09638653695583344,0.4162560701370239,0.638711079955101,0.3193567605878406,0.0,0.0,2
2.3850000000000002,PINN Conservative,0.2506269074007871,0.0001427117247582903,0.0011983674454820173,0.0021697501391942375,0.09665427356958389,0.41590219736099243,0.6374628394842148,0.3187326379669447,0.0,0.0,2
2.39,PINN Conservative,0.2506280482858422,0.00013816024922339408,0.0011927012247013823,0.0021587424367377483,0.09692269563674927,0.415549635887146,0.6362159699201584,0.3181092008020835,0.0,0.0,2
2.395,PINN Conservative,0.25062920802086613,0.00013353357314858978,0.0011869869806373605,0.0021472562434916576,0.09718997031450272,0.41519805788993835,0.6349736601114273,0.31748804352359894,0.0,0.0,2
2.4,PINN Conservative,0.2506303606107833,0.00012893540194250686,0.0011812595243185524,0.002135684752276157,0.09745700657367706,0.414847195148468,0.6337333470582962,0.31686788462673027,0.0,0.0,2
2.4050000000000002,PINN Conservative,0.2506315374746921,0.00012424039146380534,0.0011755051638842999,0.00212418785384183,0.09772349894046783,0.4144972860813141,0.6324954926967621,0.3162489550803587,0.0,0.0,2
2.41,PINN Conservative,0.25063271886855387,0.0001195273090765711,0.0011697430464104347,0.002112535819829009,0.09799062460660934,0.4141480028629303,0.6312579661607742,0.31563018944738686,0.0,0.0,2
2.415,PINN Conservative,0.250633914113045,0.00011475897064038914,0.0011639425831213844,0.002100690499621638,0.09825654327869415,0.41380056738853455,0.6300263851881027,0.3150143966074354,0.0,0.0,2
2.42,PINN Conservative,0.25063511208444855,0.00010997975339099636,0.0011581491359205327,0.002088826994040782,0.09852246940135956,0.4134531617164612,0.6287951469421387,0.31439877513149267,0.0,0.0,2
2.4250000000000003,PINN Conservative,0.250636313505471,0.00010518677414532374,0.0011523279842851287,0.002076886479142337,0.09878820180892944,0.4131067991256714,0.6275667548179626,0.3137845767218831,0.0,0.0,2
2.43,PINN Conservative,0.25063752135634443,0.0001003681434904049,0.0011464920857439886,0.0020646702555722762,0.09905330836772919,0.4127615988254547,0.6263410151004791,0.3131717045206886,0.0,0.0,2
2.435,PINN Conservative,0.2506387470364573,9.547838441930143e-05,0.0011406351998973787,0.0020525516402319366,0.0993185043334961,0.41241729259490967,0.6251174658536911,0.31255992755902795,0.0,0.0,2
2.44,PINN Conservative,0.250639959715307,9.064049291430959e-05,0.0011347829796448463,0.0020402708041907802,0.09958313405513763,0.41207355260849,0.6238960921764374,0.31194923838629207,0.0,0.0,2
2.445,PINN Conservative,0.250641190312803,8.573111631111396e-05,0.0011289075447212717,0.002027976757466521,0.09984755516052246,0.41173097491264343,0.6226776093244553,0.3113399946317165,0.0,0.0,2
2.45,PINN Conservative,0.2506424270272257,8.079733668673572e-05,0.0011230338178729866,0.002015476178908626,0.10011132061481476,0.4113890528678894,0.621461883187294,0.3107321292398197,0.0,0.0,2
2.455,PINN Conservative,0.25064366595447085,7.5854729172916e-05,0.0011171357670358218,0.0020029198227383693,0.10037527233362198,0.4110482335090637,0.6202480345964432,0.3101252026246661,0.0,0.0,2
2.46,PINN Conservative,0.2506449139043691,7.087612645977869e-05,0.0011112475873265148,0.001990282898661988,0.10063837468624115,0.4107080399990082,0.619037002325058,0.30951968417462744,0.0,0.0,2
2.465,PINN Conservative,0.2506461644023659,6.588735829813323e-05,0.0011053411975443966,0.0019775096741256326,0.10090161859989166,0.4103688895702362,0.6178276538848877,0.3089150076434142,0.0,0.0,2
2.47,PINN Conservative,0.2506474130973222,6.0905783231809684e-05,0.0010994533932543675,0.001964568242574072,0.10116387903690338,0.4100304841995239,0.6166220307350159,0.30831219376446933,0.0,0.0,2
2.475,PINN Conservative,0.25064866539090896,5.590985169843618e-05,0.0010935288898064697,0.0019517060163889988,0.10142678022384644,0.4096928834915161,0.615416944026947,0.30770964810745116,0.0,0.0,2
2.48,PINN Conservative,0.2506499264612796,5.087890584279259e-05,0.001087625641976765,0.0019388055068254584,0.10168832540512085,0.4093565046787262,0.6142170578241348,0.30710970271299975,0.0,0.0,2
2.485,PINN Conservative,0.25065118150413057,4.58720063256481e-05,0.0010817218140098204,0.0019256608013653032,0.10195066034793854,0.4090205430984497,0.6130163669586182,0.30650935498565834,0.0,0.0,2
2.49,PINN Conservative,0.2506524478942158,4.081983786672231e-05,0.0010758246813960823,0.0019125982899055871,0.10221149027347565,0.4086858630180359,0.6118214130401611,0.3059118757428104,0.0,0.0,2
2.495,PINN Conservative,0.25065371779352447,3.5753669623651546e-05,0.0010699256305649405,0.0018994332743678122,0.10247287899255753,0.4083517789840698,0.6106259822845459,0.3053141580804721,0.0,0.0,2
2.5,PINN Conservative,0.25065497134625936,3.075271481310098e-05,0.0010640381554992502,0.0018861678177453656,0.10273320972919464,0.4080185294151306,0.6094351559877396,0.3047187426563375,0.0,0.0,2
2.505,PINN Conservative,0.2506562486216428,2.565712027167054e-05,0.0010581530450381456,0.0018728914900974503,0.10299386084079742,0.407685786485672,0.6082445383071899,0.30412343154073007,0.0,0.0,2
2.5100000000000002,PINN Conservative,0.2506575137898328,2.0609826472395375e-05,0.001052267753719918,0.001859464459193605,0.1032538115978241,0.4073544144630432,0.607058197259903,0.30353025874992673,0.0,0.0,2
2.515,PINN Conservative,0.2506587870121004,1.553040153325475e-05,0.0010464032411870417,0.0018459219977524088,0.10351380705833435,0.4070234000682831,0.6058729439973831,0.30293762985358585,0.0,0.0,2
2.52,PINN Conservative,0.25066004754602933,1.0501595771719232e-05,0.0010405423321148298,0.001832340956864631,0.10377281904220581,0.40669378638267517,0.6046919226646423,0.30234711693022187,0.0,0.0,2
2.525,PINN Conservative,0.25066130919754526,5.46833148040436e-06,0.0010347000826747698,0.0018190496439912662,0.10403226315975189,0.40636444091796875,0.6035108119249344,0.3017565593032035,0.0,0.0,2
2.5300000000000002,PINN Conservative,0.2506625847741964,3.795139044245597e-07,0.0010288602331032556,0.0018053300805431771,0.10429070889949799,0.40603628754615784,0.6023341715335846,0.30116823685890726,0.0,0.0,2
2.535,PINN Conservative,0.25066384530812524,4.649291856889502e-06,0.0010230623710341723,0.001791671692581931,0.10454937815666199,0.4057084321975708,0.6011580228805542,0.30058016028471046,0.0,0.0,2
2.54,PINN Conservative,0.2506651109158995,9.698339344659705e-06,0.0010172652138223763,0.0017779100541761017,0.10480715334415436,0.40538206696510315,0.5999865829944611,0.299994438102981,0.0,0.0,2
2.545,PINN Conservative,0.2506663778275254,1.4752588450948737e-05,0.0010114871900483047,0.0017641737739926278,0.10506527125835419,0.4050557613372803,0.5988148003816605,0.2994085445572428,0.0,0.0,2
2.5500000000000003,PINN Conservative,0.2506676371917131,1.977672761754781e-05,0.001005728819864488,0.0017501600198251976,0.10532291233539581,0.4047311544418335,0.5976472496986389,0.29882476698448157,0.0,0.0,2
2.555,PINN Conservative,0.2506688859313729,2.4758481025213123e-05,0.001000002900590095,0.0017363642736354379,0.10557974874973297,0.4044061601161957,0.5964805781841278,0.2982414289976557,0.0,0.0,2
2.56,PINN Conservative,0.25067014426738043,2.9778518344052002e-05,0.0009942871760639396,0.0017225221565498328,0.10583632439374924,0.4040831923484802,0.5953189581632614,0.2976606167673059,0.0,0.0,2
2.565,PINN Conservative,0.2506713925227525,3.475833972210197e-05,0.0009886070018728266,0.0017086876210795632,0.10609297454357147,0.4037596583366394,0.5941556394100189,0.29707895516752164,0.0,0.0,2
2.57,PINN Conservative,0.2506726445630195,3.9753260655276995e-05,0.0009829516785178302,0.0016943450903261215,0.10634920746088028,0.4034385085105896,0.5929983407258987,0.2965003036138032,0.0,0.0,2
2.575,PINN Conservative,0.2506738924384119,4.473156613291852e-05,0.0009773301035683193,0.0016804219913404972,0.10660483688116074,0.4031164050102234,0.5918404906988144,0.29592137638754906,0.0,0.0,2
2.58,PINN Conservative,0.2506751260161402,4.9652832149744916e-05,0.000971729970984463,0.00166644460694787,0.10686038434505463,0.4027968943119049,0.5906880497932434,0.29534515373238873,0.0,0.0,2
2.585,PINN Conservative,0.250676368236542,5.4608577465480466e-05,0.0009661721019898123,0.0016523791998477866,0.10711558908224106,0.4024766981601715,0.5895349532365799,0.2947686032504291,0.0,0.0,2
2.59,PINN Conservative,0.25067759924381994,5.95195888630171e-05,0.0009606463987363867,0.0016382664560002924,0.1073707789182663,0.40215814113616943,0.5883853435516357,0.2941937962109928,0.0,0.0,2
2.595,PINN Conservative,0.25067881695181154,6.437754375312332e-05,0.0009551524543371953,0.0016240513043638272,0.10762465000152588,0.40183931589126587,0.587238073348999,0.293620158917181,0.0,0.0,2
2.6,PINN Conservative,0.2506800293624403,6.921436521072895e-05,0.000949691093893004,0.0016101088490536042,0.10787943750619888,0.40152260661125183,0.5860930532217026,0.29304764666533945,0.0,0.0,2
2.605,PINN Conservative,0.2506812521219256,7.409247265673115e-05,0.0009442900466116247,0.0015957431434611702,0.10813283920288086,0.4012051522731781,0.5849496126174927,0.2924759241780597,0.0,0.0,2
2.61,PINN Conservative,0.25068246211111567,7.891963396581713e-05,0.0009389064787798805,0.001581467124460667,0.10838674753904343,0.40088993310928345,0.5838100165128708,0.2919061239479209,0.0,0.0,2
2.615,PINN Conservative,0.250683667175472,8.372714801943855e-05,0.0009335743422345122,0.0015673108159038884,0.10863921791315079,0.40057405829429626,0.5826712101697922,0.29133671860006316,0.0,0.0,2
2.62,PINN Conservative,0.25068486240506194,8.849542700843276e-05,0.0009282864853901986,0.001553016151171649,0.10889287292957306,0.400260329246521,0.5815355181694031,0.2907688704295018,0.0,0.0,2
2.625,PINN Conservative,0.2506860549375417,9.325294607837015e-05,0.0009230506567014859,0.0015387442680962482,0.10914480686187744,0.3999461233615875,0.5804019272327423,0.2902020727948198,0.0,0.0,2
2.63,PINN Conservative,0.25068723438680196,9.795827062332772e-05,0.0009178679216616167,0.0015245818355323348,0.1093972772359848,0.3996337354183197,0.5792707800865173,0.2896364970600259,0.0,0.0,2
2.6350000000000002,PINN Conservative,0.2506884033456447,0.00010262174443271243,0.0009127194443268013,0.0015103548768082842,0.10964858531951904,0.3993208706378937,0.5781414806842804,0.28907184520075724,0.0,0.0,2
2.64,PINN Conservative,0.25068957484513543,0.00010729535396723289,0.0009076310307747848,0.0014959900017553762,0.10990068316459656,0.3990103006362915,0.5770154893398285,0.2885088473767029,0.0,0.0,2
2.645,PINN Conservative,0.250690733060241,0.00011191596644128922,0.0009025871008844225,0.0014817255033955368,0.11015167832374573,0.3986986577510834,0.5758893191814423,0.2879457601453397,0.0,0.0,2
2.65,PINN Conservative,0.25069188299775147,0.00011650355606943565,0.0008976154527409172,0.001467596512568059,0.11040260642766953,0.39838939905166626,0.5747684389352798,0.28738531788019767,0.0,0.0,2
2.6550000000000002,PINN Conservative,0.250693036131561,0.00012110389709344195,0.0008926895054003787,0.0014533205221631817,0.11065280437469482,0.3980792164802551,0.5736472904682159,0.2868247415040924,0.0,0.0,2
2.66,PINN Conservative,0.25069416911155007,0.0001256238359590214,0.0008878234253821742,0.0014391727673715993,0.11090335994958878,0.397771418094635,0.5725300163030624,0.28626610228634625,0.0,0.0,2
2.665,PINN Conservative,0.2506952895596626,0.0001300937798411383,0.0008830069507066067,0.0014246866408693104,0.11115284264087677,0.3974626362323761,0.5714133381843567,0.28570776109296303,0.0,0.0,2
2.67,PINN Conservative,0.2506964090391996,0.00013455985966380303,0.0008782683185513128,0.0014104834232163133,0.11140306293964386,0.39715662598609924,0.5703005194664001,0.28515134960732996,0.0,0.0,2
2.6750000000000003,PINN Conservative,0.25069751373678467,0.00013896696799559438,0.0008735705932676197,0.0013964555035709814,0.11165174841880798,0.396849125623703,0.569188117980957,0.28459514673875097,0.0,0.0,2
2.68,PINN Conservative,0.25069861408323074,0.00014335671778399858,0.0008689601926732899,0.0013820466299034329,0.11190064251422882,0.3965439796447754,0.5680802166461945,0.28404119395411226,0.0,0.0,2
2.685,PINN Conservative,0.25069970067590497,0.00014769159792906813,0.0008644074549806749,0.0013678356031076033,0.112149178981781,0.39623841643333435,0.5669724345207214,0.2834873007743462,0.0,0.0,2
2.69,PINN Conservative,0.2507007686570289,0.00015195222868724038,0.000859912575335046,0.001368751399119461,0.11239742487668991,0.39593422412872314,0.5658680945634842,0.2829351286852761,0.0,0.0,2
2.695,PINN Conservative,0.25070184948295376,0.00015626410281738173,0.0008555074856437298,0.0013722951078554702,0.11264535039663315,0.39563047885894775,0.5647649317979813,0.2823835451943229,0.0,0.0,2
2.7,PINN Conservative,0.25070290787518046,0.00016048647938775285,0.0008511684517830716,0.0013761056637811575,0.1128925308585167,0.39532777667045593,0.5636660903692245,0.28183412238000105,0.0,0.0,2
2.705,PINN Conservative,0.2507039433270695,0.0001646173371981782,0.0008469014942692426,0.001379319464405615,0.11314001679420471,0.39502471685409546,0.5625658333301544,0.28128399175781726,0.0,0.0,2
2.71,PINN Conservative,0.25070499286055586,0.0001688043724869681,0.0008427035441634672,0.0013830399057997989,0.11338670551776886,0.3947236239910126,0.5614713430404663,0.280736744521345,0.0,0.0,2
2.715,PINN Conservative,0.25070600862801096,0.00017285670072139423,0.0008385780258621383,0.0013865226873166492,0.11363343894481659,0.3944225013256073,0.5603762865066528,0.28018921416172793,0.0,0.0,2
2.72,PINN Conservative,0.2507070201709869,0.0001768921757124217,0.0008345492436397836,0.0013902156456425119,0.11387981474399567,0.39412251114845276,0.5592850148677826,0.27964357625681563,0.0,0.0,2
2.725,PINN Conservative,0.2507080359682443,0.0001809446228410018,0.0008305843318348456,0.0013936129894918659,0.11412563174962997,0.39382246136665344,0.5581945329904556,0.2790983332341842,0.0,0.0,2
2.73,PINN Conservative,0.2507090199813249,0.00018487026937502127,0.0008267047616513187,0.0013971030408504448,0.11437103152275085,0.39352381229400635,0.5571079254150391,0.278555027369912,0.0,0.0,2
2.735,PINN Conservative,0.2507100019231441,0.00018878765276677552,0.0008229079685218744,0.0014006867369441012,0.11461661756038666,0.3932253122329712,0.5560209453105927,0.27801153524041294,0.0,0.0,2
2.74,PINN Conservative,0.2507109673097732,0.00019263899046693142,0.0008191913854883341,0.0014040968368703166,0.11486105620861053,0.39292779564857483,0.5549385845661163,0.27747035279972676,0.0,0.0,2
2.745,PINN Conservative,0.2507119137868287,0.00019641488983842832,0.0008155670796322911,0.00140727476051411,0.11510617285966873,0.39263057708740234,0.553856298327446,0.27692920761208595,0.0,0.0,2
2.75,PINN Conservative,0.25071285880357047,0.0002001849633974853,0.0008120197087574541,0.0014110262370658488,0.11534979194402695,0.39233464002609253,0.552778884768486,0.2763904987736123,0.0,0.0,2
2.755,PINN Conservative,0.25071378447860504,0.00020387787466342503,0.0008085608208805263,0.0014144352418294925,0.11559408903121948,0.39203882217407227,0.5517007112503052,0.27585140995407587,0.0,0.0,2
2.7600000000000002,PINN Conservative,0.2507147029414775,0.00020754201354852004,0.0008051933803921895,0.0014177992910847093,0.11583733558654785,0.3917437791824341,0.5506260991096497,0.2753141018301081,0.0,0.0,2
2.765,PINN Conservative,0.25071560062468073,0.00021112325349839658,0.0008019300584923574,0.0014211811066005553,0.1160811260342598,0.3914494812488556,0.549552395939827,0.2747772481932938,0.0,0.0,2
2.77,PINN Conservative,0.25071649074554464,0.00021467432406161688,0.000798741877019901,0.00142476065712821,0.11632377654314041,0.39115574955940247,0.5484821647405624,0.27424213054839375,0.0,0.0,2
2.775,PINN Conservative,0.250717366576195,0.00021816838488739447,0.0007956457492529952,0.0014282411151740337,0.11656638979911804,0.390862375497818,0.5474126040935516,0.273707348180902,0.0,0.0,2
2.7800000000000002,PINN Conservative,0.25071823094785234,0.00022161673091836856,0.0007926458517390917,0.0014316237177437463,0.11680810898542404,0.39057010412216187,0.5463470667600632,0.27317457747786017,0.0,0.0,2
2.785,PINN Conservative,0.2507190792039039,0.0002250007849462393,0.0007897529884305591,0.0014349395442768142,0.11705060303211212,0.3902783989906311,0.5452818870544434,0.2726419855894361,0.0,0.0,2
2.79,PINN Conservative,0.2507199160009625,0.0002283391241793065,0.0007869411797935554,0.0014386369471781069,0.11729167401790619,0.3899875581264496,0.5442210137844086,0.2721115469270344,0.0,0.0,2
2.795,PINN Conservative,0.2507207330167296,0.00023159854743054,0.0007842342687226692,0.0014419424229553668,0.11753356456756592,0.3896969258785248,0.5431588888168335,0.2715804824134705,0.0,0.0,2
2.8000000000000003,PINN Conservative,0.2507215455546977,0.00023484010683795487,0.000781620811510296,0.001445393809940354,0.11777380108833313,0.3894069194793701,0.5421015620231628,0.2710518169960283,0.0,0.0,2
2.805,PINN Conservative,0.2507223350554707,0.00023798976107958954,0.0007791042541573764,0.0014490223455229656,0.11801479756832123,0.389117956161499,0.5410451292991638,0.2705235986151306,0.0,0.0,2
2.81,PINN Conservative,0.2507231194674971,0.00024111911414758034,0.0007766798172231734,0.0014519652362617874,0.118254654109478,0.3888290524482727,0.5399904996156693,0.26999628175793083,0.0,0.0,2
2.815,PINN Conservative,0.2507238789722326,0.0002441491014427885,0.0007743693187808626,0.0014553862844043919,0.11849448084831238,0.3885411024093628,0.5389387607574463,0.26947041031889135,0.0,0.0,2
2.82,PINN Conservative,0.25072462131828094,0.00024711063543994544,0.0007721502832168975,0.0014588400048413108,0.11873405426740646,0.3882533013820648,0.5378874689340591,0.2689447623981241,0.0,0.0,2
2.825,PINN Conservative,0.25072536113858246,0.0002500620931591544,0.0007700412290062465,0.001462447193594174,0.11897372454404831,0.38796719908714294,0.5368398278951645,0.26842093987657994,0.0,0.0,2
2.83,PINN Conservative,0.25072607640177036,0.00025291558211161367,0.0007680269926210668,0.0014656432305453215,0.1192125529050827,0.3876805305480957,0.5357925891876221,0.2678973185214808,0.0,0.0,2
2.835,PINN Conservative,0.2507267826125028,0.0002557329569706013,0.0007661268794284387,0.001469294043305036,0.1194511353969574,0.3873952031135559,0.5347485542297363,0.2673752990473325,0.0,0.0,2
2.84,PINN Conservative,0.25072747803479456,0.0002585072921529188,0.0007643083153225779,0.0014726462153064057,0.11968940496444702,0.3871101438999176,0.5337055623531342,0.26685380111581936,0.0,0.0,2
2.845,PINN Conservative,0.25072813939303185,0.0002611457313395537,0.0007626071484538224,0.0014761512881275585,0.11992741376161575,0.38682615756988525,0.5326658338308334,0.2663339348676934,0.0,0.0,2
2.85,PINN Conservative,0.2507287999838593,0.0002637811090019993,0.0007610027875776972,0.0014794068592148268,0.12016482651233673,0.3865419328212738,0.5316270887851715,0.2658145603597663,0.0,0.0,2
2.855,PINN Conservative,0.25072943200916076,0.00026630252663674723,0.0007595071327445008,0.0014828318900667048,0.12040218710899353,0.38625943660736084,0.5305912494659424,0.2652966387206086,0.0,0.0,2
2.86,PINN Conservative,0.25073005740344545,0.0002687974903263217,0.0007581130874969589,0.0014863685400223203,0.12063925713300705,0.3859761953353882,0.5295552462339401,0.2647786351247511,0.0,0.0,2
2.865,PINN Conservative,0.25073066343367123,0.0002712152025522187,0.0007568217886867679,0.0014896609799934235,0.12087568640708923,0.3856949806213379,0.5285244286060333,0.26426322434085125,0.0,0.0,2
2.87,PINN Conservative,0.25073126468807483,0.00027361386199297843,0.000755640390722991,0.0014933070894844747,0.12111230939626694,0.3854129910469055,0.5274919420480728,0.2637469790887352,0.0,0.0,2
2.875,PINN Conservative,0.25073184461891673,0.0002759274526803748,0.0007545525930523657,0.001496712689179669,0.12134765088558197,0.3851329982280731,0.5264659821987152,0.26323399720339347,0.0,0.0,2
2.88,PINN Conservative,0.25073239714652323,0.00027813172021119465,0.0007535770274755277,0.001500177702997818,0.12158390134572983,0.3848520815372467,0.5254366546869278,0.262719331480401,0.0,0.0,2
2.8850000000000002,PINN Conservative,0.25073293875157854,0.00028029241304154044,0.0007526969087300942,0.0015037040649973354,0.1218189150094986,0.3845732808113098,0.5244137644767761,0.26220788442052845,0.0,0.0,2
2.89,PINN Conservative,0.2507334751635792,0.0002824323885690355,0.0007519238292899609,0.0015072341374526843,0.12205430865287781,0.38429367542266846,0.5233888328075409,0.2616954166272128,0.0,0.0,2
2.895,PINN Conservative,0.25073398027569077,0.0002844474955318067,0.0007512467138649888,0.0015104718967233755,0.12228845059871674,0.3840160369873047,0.5223703980445862,0.26118619729945336,0.0,0.0,2
2.9,PINN Conservative,0.25073447886854433,0.0002864365944026481,0.0007506880330751386,0.0015138366070731046,0.12252315878868103,0.3837376832962036,0.5213491022586823,0.2606755474547517,0.0,0.0,2
2.9050000000000002,PINN Conservative,0.25073495198041224,0.00028832403878840805,0.000750212269618215,0.0015177177624164928,0.12275674939155579,0.38346099853515625,0.5203336775302887,0.2601678331500251,0.0,0.0,2
2.91,PINN Conservative,0.2507354128211739,0.0002901625285142763,0.0007498584273376533,0.001520895562743374,0.1229909211397171,0.383184015750885,0.5193169116973877,0.25965944829048193,0.0,0.0,2
2.915,PINN Conservative,0.25073586276173615,0.00029195753271045216,0.0007495887083699319,0.0015243247571015694,0.12322379648685455,0.3829081058502197,0.518304705619812,0.2591533433173153,0.0,0.0,2
2.92,PINN Conservative,0.250736287198961,0.0002936507932509864,0.0007494247189721421,0.0015279808557894792,0.12345713376998901,0.382632315158844,0.517291784286499,0.25864688071491315,0.0,0.0,2
2.9250000000000003,PINN Conservative,0.25073669803887627,0.00029528980834254997,0.0007493566180321086,0.00153132644963061,0.12368924915790558,0.382358193397522,0.5162848234176636,0.25814339835614053,0.0,0.0,2
2.93,PINN Conservative,0.25073708810657286,0.00029684595422248896,0.0007493901773379736,0.0015348118433148317,0.12392222881317139,0.3820832669734955,0.5152745246887207,0.25763824706093535,0.0,0.0,2
2.935,PINN Conservative,0.2507374581694605,0.0002983222924145497,0.0007495205296736046,0.0015383478204765155,0.12415377795696259,0.38180989027023315,0.5142702460289001,0.257136105811796,0.0,0.0,2
2.94,PINN Conservative,0.25073780552297853,0.00029970803327608164,0.0007497554341422163,0.0015418832263388582,0.12438597530126572,0.3815363049507141,0.5132647603750229,0.2566333610633217,0.0,0.0,2
2.945,PINN Conservative,0.2507381537407639,0.00030109722206763734,0.000750065839760635,0.0015455930093610237,0.1246166080236435,0.3812640309333801,0.5122644007205963,0.2561331793243688,0.0,0.0,2
2.95,PINN Conservative,0.25073847255110765,0.0003023690920718103,0.0007504893934028359,0.0015490280543796753,0.12484820187091827,0.3809918463230133,0.5112626552581787,0.255632304678772,0.0,0.0,2
2.955,PINN Conservative,0.25073877488076707,0.00030357521361943767,0.00075100045928582,0.0015527872552423272,0.12507836520671844,0.38072049617767334,0.5102655589580536,0.25513375462320625,0.0,0.0,2
2.96,PINN Conservative,0.2507390573024752,0.0003047019138854643,0.0007515986703029454,0.0015560786591808928,0.1253090649843216,0.3804492950439453,0.5092679560184479,0.254634951246932,0.0,0.0,2
2.965,PINN Conservative,0.2507393363863232,0.00030581529800823335,0.0007523008878827314,0.0015595018154911378,0.1255389004945755,0.380179226398468,0.5082742273807526,0.2541380850290169,0.0,0.0,2
2.97,PINN Conservative,0.25073957888782045,0.00030678273958096566,0.0007530838302542645,0.0015634430912320196,0.12576892971992493,0.37990957498550415,0.5072804093360901,0.2536411741074474,0.0,0.0,2
2.975,PINN Conservative,0.2507398120164873,0.00030771278894834743,0.0007539535708460267,0.0015669844699627289,0.12599797546863556,0.37964004278182983,0.5062894821166992,0.2531457086040382,0.0,0.0,2
2.98,PINN Conservative,0.2507400231957438,0.0003085552727857957,0.0007549204810358727,0.0015706934847642406,0.12622730433940887,0.3793714642524719,0.5052998960018158,0.2526509136554456,0.0,0.0,2
2.985,PINN Conservative,0.250740216329694,0.0003093257662246088,0.0007559647903212376,0.0015742447746215915,0.12645557522773743,0.37910324335098267,0.5043129324913025,0.25215743001405005,0.0,0.0,2
2.99,PINN Conservative,0.2507403986901047,0.0003100532794339395,0.0007570984672770805,0.0015779686564036943,0.1266842484474182,0.37883591651916504,0.5033271610736847,0.2516645424213804,0.0,0.0,2
2.995,PINN Conservative,0.2507405486404898,0.00031065149527169643,0.0007583045717082686,0.0015815398223593125,0.12691229581832886,0.3785685896873474,0.5023429095745087,0.2511724147908363,0.0,0.0,2
3.0,PINN Conservative,0.2507406978458168,0.00031124673875626715,0.0007596063113526133,0.0015851396304107923,0.12713991105556488,0.3783022165298462,0.5013613402843475,0.25068162826992546,0.0,0.0,2
3.005,PINN Conservative,0.25074082230031514,0.0003117432406621978,0.0007609875288026007,0.001588979266678725,0.1273675113916397,0.3780360221862793,0.5003797709941864,0.2501908417490146,0.0,0.0,2
3.0100000000000002,PINN Conservative,0.25074091835320017,0.00031212643645772426,0.000762433954127524,0.0015926738964401888,0.12759444117546082,0.37777063250541687,0.4994017779827118,0.24970184337428153,0.0,0.0,2
3.015,PINN Conservative,0.2507410078346731,0.0003124834160966068,0.0007639677824447771,0.0015962857450972923,0.1278214305639267,0.3775058090686798,0.49842455983161926,0.24921323243122023,0.0,0.0,2
3.02,PINN Conservative,0.2507410781234505,0.0003127638279129207,0.0007655769147838423,0.0016001452839772279,0.12804767489433289,0.37724149227142334,0.4974498450756073,0.24872587319048337,0.0,0.0,2
3.025,PINN Conservative,0.250741117179394,0.0003129196386764127,0.0007672656445284603,0.0016036293348045128,0.128274068236351,0.3769775629043579,0.4964755177497864,0.2482387076655824,0.0,0.0,2
3.0300000000000002,PINN Conservative,0.25074115063250085,0.00031305309734226997,0.0007690151684756524,0.0016072472320027842,0.1284996122121811,0.37671440839767456,0.4955047070980072,0.24775330048442287,0.0,0.0,2
3.035,PINN Conservative,0.2507411641478541,0.00031310701583237244,0.0007708392129509003,0.0016112103109194864,0.12872527539730072,0.3764513432979584,0.49453383684158325,0.24726786350082705,0.0,0.0,2
3.04,PINN Conservative,0.25074115505814576,0.00031307075312137433,0.000772726033881229,0.001614835861116215,0.12895016372203827,0.3761897385120392,0.49356743693351746,0.24678466169995336,0.0,0.0,2
3.045,PINN Conservative,0.25074112917482877,0.00031296749356554573,0.0007746896976377837,0.0016184544747021579,0.12917542457580566,0.3759273588657379,0.49259912967681885,0.24630050622111824,0.0,0.0,2
3.0500000000000003,PINN Conservative,0.2507410823702814,0.00031278077032710096,0.0007767250406557669,0.0016222179531836245,0.12939925491809845,0.37566685676574707,0.4916366934776306,0.2458192862822582,0.0,0.0,2
3.055,PINN Conservative,0.2507410276681187,0.0003125625401431547,0.0007788200497964684,0.0016261469400171147,0.12962384521961212,0.37540581822395325,0.49067190289497375,0.24533688914716448,0.0,0.0,2
3.06,PINN Conservative,0.25074094450473805,0.00031223076606071767,0.0007809707290644048,0.0016296927507174486,0.1298474669456482,0.37514612078666687,0.48971202969551086,0.24485695071306512,0.0,0.0,2
3.065,PINN Conservative,0.2507408339083197,0.00031178954992755,0.0007831820072153048,0.0016336905652098443,0.13007137179374695,0.3748859763145447,0.4887506067752838,0.2443762374156221,0.0,0.0,2
3.0700000000000003,PINN Conservative,0.2507407160252335,0.00031131926417848476,0.0007854574765805363,0.001637406207932679,0.13029401004314423,0.37462759017944336,0.4877951741218567,0.24389851926302675,0.0,0.0,2
3.075,PINN Conservative,0.2507405791580679,0.00031077324286548616,0.0007877942946899468,0.00164142930767891,0.13051727414131165,0.3743685483932495,0.4868372082710266,0.24341953450688886,0.0,0.0,2
3.08,PINN Conservative,0.25074042685329934,0.00031016563439089,0.0007901796538307438,0.001644962354258428,0.13073965907096863,0.37411096692085266,0.48588407039642334,0.24294296374809088,0.0,0.0,2
3.085,PINN Conservative,0.25074023942649387,0.00030941790917891855,0.000792622810389308,0.0016489315070485344,0.13096213340759277,0.37385284900665283,0.4849294126033783,0.24246563302716737,0.0,0.0,2
3.09,PINN Conservative,0.25074005681276346,0.00030868938536961085,0.0007951175071510222,0.0016528167898312018,0.13118351995944977,0.3735964894294739,0.48398086428642273,0.2419913570559641,0.0,0.0,2
3.095,PINN Conservative,0.25073984803259397,0.00030785647251012203,0.0007976627063010579,0.0016565804624846803,0.13140559196472168,0.37333959341049194,0.48302939534187317,0.2415156207653824,0.0,0.0,2
3.1,PINN Conservative,0.25073961551487467,0.00030692886047234413,0.0008002518590519696,0.0016604631923323177,0.13162623345851898,0.37308403849601746,0.4820837676525116,0.24104280511355763,0.0,0.0,2
3.105,PINN Conservative,0.2507393643110993,0.00030592670181239464,0.0008029017934375668,0.0016642506866584306,0.13184773921966553,0.3728281855583191,0.4811357259750366,0.2405687824630629,0.0,0.0,2
3.11,PINN Conservative,0.2507390892058613,0.0003048291900564196,0.000805590963600864,0.0016683582618739479,0.1320679783821106,0.3725739121437073,0.4801931381225586,0.2400974867354892,0.0,0.0,2
3.115,PINN Conservative,0.2507388020604851,0.0003036836450701913,0.0008083245090957079,0.00167223425668378,0.1322886347770691,0.37231898307800293,0.4792487621307373,0.23962529693482662,0.0,0.0,2
3.12,PINN Conservative,0.2507384931296112,0.00030245118847154444,0.0008110989158118246,0.0016761201222384448,0.1325080692768097,0.3720654845237732,0.4783099293708801,0.2391558787607395,0.0,0.0,2
3.125,PINN Conservative,0.2507381670922043,0.00030115048663978194,0.000813913028987611,0.001680167922467779,0.13272793591022491,0.37181174755096436,0.477369099855423,0.2386854622050365,0.0,0.0,2
3.13,PINN Conservative,0.2507378190606835,0.00029976204093674425,0.0008167584074339324,0.00168399329900204,0.13294708728790283,0.3715592622756958,0.4764326512813568,0.2382172361284012,0.0,0.0,2
3.1350000000000002,PINN Conservative,0.2507374559342863,0.00029831337535432664,0.0008196523589057606,0.0016878079591790551,0.13316625356674194,0.37130653858184814,0.4754955470561981,0.23774868222496665,0.0,0.0,2
3.14,PINN Conservative,0.25073708216846013,0.0002968222645662305,0.0008225799543285746,0.0016919130363250434,0.13338442146778107,0.371055006980896,0.47456276416778564,0.2372822889981635,0.0,0.0,2
3.145,PINN Conservative,0.25073667225241686,0.0002951869351927773,0.000825534350915912,0.0016957752175194019,0.13360315561294556,0.3708032965660095,0.47362834215164185,0.23681507620436226,0.0,0.0,2
3.15,PINN Conservative,0.2507362556457522,0.00029352491408606403,0.0008285372514929465,0.001699457254835779,0.13382098078727722,0.3705527186393738,0.472697913646698,0.23634986017379278,0.0,0.0,2
3.1550000000000002,PINN Conservative,0.25073581440746806,0.0002917646269771054,0.0008315581880685948,0.0017038563836836995,0.13403868675231934,0.37030231952667236,0.47176864743232727,0.23588522529073105,0.0,0.0,2
3.16,PINN Conservative,0.25073535919189477,0.00028994857851921056,0.0008346154086442887,0.001707753892660424,0.13425585627555847,0.37005239725112915,0.47084078192710876,0.23542129076492227,0.0,0.0,2
3.165,PINN Conservative,0.2507348803728821,0.000288038365906609,0.0008376982729141924,0.0017115106112970957,0.13447290658950806,0.36980295181274414,0.4699145555496216,0.2349581758061116,0.0,0.0,2
3.17,PINN Conservative,0.2507343864142897,0.0002860677550737287,0.0008408192453635408,0.001715368177451826,0.13468988239765167,0.369554340839386,0.4689895808696747,0.23449568669846316,0.0,0.0,2
3.1750000000000003,PINN Conservative,0.25073387469351316,0.00028402628333678713,0.0008439505219391653,0.0017195682463728157,0.13490624725818634,0.36930587887763977,0.46806710958480835,0.2340344492931391,0.0,0.0,2
3.18,PINN Conservative,0.2507333407551052,0.00028189617602230444,0.0008471127891457573,0.0017235776300908445,0.13512195646762848,0.3690578043460846,0.46714550256729126,0.23357364402314135,0.0,0.0,2
3.185,PINN Conservative,0.25073279169201873,0.00027970572993473076,0.0008503111442526726,0.001727548610992835,0.1353377401828766,0.3688105046749115,0.46622592210769653,0.2331138520359776,0.0,0.0,2
3.19,PINN Conservative,0.2507322250157597,0.00027744501741364444,0.0008535088976925415,0.001731752697475164,0.13555341958999634,0.36856359243392944,0.46530699729919434,0.23265438787561313,0.0,0.0,2
3.1950000000000003,PINN Conservative,0.2507316319495442,0.0002750790241363326,0.0008567348712678746,0.0017355673447614905,0.13576821982860565,0.36831745505332947,0.46439141035079956,0.23219659265168116,0.0,0.0,2
3.2,PINN Conservative,0.2507310299277308,0.00027267730317160504,0.0008599723463401693,0.0017395025126077934,0.13598346710205078,0.3680713176727295,0.46347492933273315,0.2317383503912048,0.0,0.0,2
3.205,PINN Conservative,0.2507304057925942,0.0002701873627592076,0.0008632440235248688,0.0017436807466443827,0.13619764149188995,0.3678261637687683,0.4625628590583801,0.23128231351101428,0.0,0.0,2
3.21,PINN Conservative,0.25072976614534875,0.00026763553794949545,0.0008665253581306245,0.0017476285619031362,0.1364121288061142,0.36758095026016235,0.46164974570274353,0.2308257550881886,0.0,0.0,2
3.215,PINN Conservative,0.25072910825908207,0.00026501094992970053,0.0008698160914993439,0.0017520049773060986,0.13662564754486084,0.3673367500305176,0.4607408046722412,0.23037128283590355,0.0,0.0,2
3.22,PINN Conservative,0.2507284272462132,0.00026229410006144187,0.0008731184939587593,0.0017557404925017117,0.1368393748998642,0.3670925498008728,0.459831178188324,0.22991646785560113,0.0,0.0,2
3.225,PINN Conservative,0.25072773258388065,0.00025952279667949835,0.0008764387132693118,0.0017596729709902226,0.1370520442724228,0.3668493628501892,0.4589254856109619,0.2294636198360942,0.0,0.0,2
3.23,PINN Conservative,0.25072701090574284,0.0002566437157645376,0.0008797653142376543,0.0017637462216088529,0.13726554811000824,0.3666059076786041,0.4580179452896118,0.22900984794106213,0.0,0.0,2
3.235,PINN Conservative,0.2507262789309027,0.0002537235569263375,0.0008831090461964739,0.001767933870322702,0.13747753202915192,0.36636364459991455,0.45711565017700195,0.22855869866042403,0.0,0.0,2
3.24,PINN Conservative,0.25072552633285544,0.0002507211233468399,0.0008864529765225667,0.0017719115344705383,0.137690469622612,0.3661215901374817,0.45621147751808167,0.22810661060304263,0.0,0.0,2
3.245,PINN Conservative,0.2507247576415541,0.00024765448693479916,0.0008898093875600989,0.0017760104968833068,0.1379016637802124,0.36588016152381897,0.45531219244003296,0.22765696634543744,0.0,0.0,2
3.25,PINN Conservative,0.2507239737957718,0.00024452739285529194,0.0008931735410282371,0.001780115019750672,0.13811367750167847,0.3656390905380249,0.4544123113155365,0.2272070240634693,0.0,0.0,2
3.255,PINN Conservative,0.25072316920757315,0.00024131754845809267,0.0008965370987560339,0.0017840795769394346,0.13832460343837738,0.3653985857963562,0.45351526141166687,0.22675849739722517,0.0,0.0,2
3.2600000000000002,PINN Conservative,0.2507223504185679,0.00023805105100591277,0.0008999066946470344,0.001788235493273116,0.13853564858436584,0.36515820026397705,0.4526180624961853,0.22630989622489034,0.0,0.0,2
3.265,PINN Conservative,0.25072151306271573,0.0002347104825077344,0.0009032795907241191,0.0017924167226818777,0.13874594867229462,0.36491894721984863,0.451725035905838,0.22586338122309615,0.0,0.0,2
3.27,PINN Conservative,0.2507206609696152,0.0002313111208602459,0.0009066617211328031,0.001796402432343469,0.13895659148693085,0.36467957496643066,0.4508311152458191,0.22541641918475755,0.0,0.0,2
3.275,PINN Conservative,0.2507197811454537,0.00022780112822048655,0.0009100381155401913,0.0018004122266386813,0.13916610181331635,0.3644412159919739,0.44994083046913147,0.22497127509503295,0.0,0.0,2
3.2800000000000002,PINN Conservative,0.25071889260411284,0.00022425635904632223,0.00091341735504794,0.001804479413967719,0.1393764615058899,0.3642025589942932,0.4490489959716797,0.22452535614196467,0.0,0.0,2
3.285,PINN Conservative,0.25071798720955873,0.00022064435523924078,0.0009167871728839041,0.0018082498856621387,0.1395852416753769,0.3639652132987976,0.4481622874736786,0.22408200019841779,0.0,0.0,2
3.29,PINN Conservative,0.25071705551445506,0.00021692742735817438,0.0009201635158526768,0.0018127106504944868,0.13979433476924896,0.3637275695800781,0.44727447628974915,0.22363809290979944,0.0,0.0,2
3.295,PINN Conservative,0.2507161186784508,0.00021318999023897136,0.0009235302876667999,0.0018169413813506896,0.14000284671783447,0.363491415977478,0.44639062881469727,0.22319616748319474,0.0,0.0,2
3.3000000000000003,PINN Conservative,0.25071516211330913,0.0002093738452028702,0.0009269040323436883,0.0018207072170934868,0.14021146297454834,0.36325424909591675,0.4455048739910126,0.2227532883786286,0.0,0.0,2
3.305,PINN Conservative,0.2507141857594254,0.00020547875446134148,0.0009302603262681659,0.0018247865879231773,0.14041949808597565,0.36301887035369873,0.44462329149246216,0.2223124954446031,0.0,0.0,2
3.31,PINN Conservative,0.2507131995111706,0.00020154419086709893,0.0009336264285532447,0.0018295914625782728,0.14062713086605072,0.36278313398361206,0.44374212622642517,0.2218719111276317,0.0,0.0,2
3.315,PINN Conservative,0.25071219199895883,0.0001975247963080226,0.0009369772415530177,0.0018364962343642155,0.14083437621593475,0.3625487983226776,0.442864328622818,0.22143301064831095,0.0,0.0,2
3.3200000000000003,PINN Conservative,0.25071115615963957,0.00019339239287381637,0.0009403159008298196,0.0018431570828995048,0.14104169607162476,0.36231398582458496,0.4419853687286377,0.22099352902148245,0.0,0.0,2
3.325,PINN Conservative,0.2507101204246285,0.00018926040556925997,0.0009436560195128424,0.0018502039036502604,0.14124834537506104,0.36208048462867737,0.4411108195781708,0.22055625277493981,0.0,0.0,2
3.33,PINN Conservative,0.25070906704664253,0.00018505803293703696,0.0009469847833116908,0.0018568956943169623,0.14145490527153015,0.3618464767932892,0.44023486971855164,0.22011827617114424,0.0,0.0,2
3.335,PINN Conservative,0.2507079875022175,0.00018075127125463281,0.0009502985699051069,0.0018636239490247841,0.1416608840227127,0.361613929271698,0.4393630921840668,0.2196823857378893,0.0,0.0,2
3.34,PINN Conservative,0.25070690794289135,0.0001764444501252624,0.0009536134455835486,0.0018700649148884474,0.14186683297157288,0.36138102412223816,0.4384904205799103,0.21924604826809,0.0,0.0,2
3.345,PINN Conservative,0.2507058008015158,0.0001720275924741698,0.0009568978567838066,0.001876669707270906,0.1420723795890808,0.36114925146102905,0.43762102723121643,0.21881134993228687,0.0,0.0,2
3.35,PINN Conservative,0.2507046712189915,0.00016752120753993455,0.0009601902453296828,0.0018830251825788236,0.14227747917175293,0.3609173893928528,0.43675196170806885,0.21837681550988342,0.0,0.0,2
3.355,PINN Conservative,0.250703542172909,0.00016301696270025026,0.0009634616069023307,0.0018897314837461598,0.14248225092887878,0.36068663001060486,0.43588629364967346,0.21794397982634878,0.0,0.0,2
3.36,PINN Conservative,0.25070238833129427,0.0001584137979403627,0.0009667159489611744,0.001896077459586254,0.14268679916858673,0.36045557260513306,0.43502023816108704,0.2175109504269782,0.0,0.0,2
3.365,PINN Conservative,0.2507012164741757,0.00015373876167643687,0.0009699552473268515,0.0019020970242419333,0.14289119839668274,0.3602256178855896,0.43415576219558716,0.21707871079216948,0.0,0.0,2
3.37,PINN Conservative,0.2507000443488362,0.00014906265536512482,0.0009731888132352731,0.0019085989599826325,0.14309477806091309,0.3599955439567566,0.43329358100891113,0.2166476185511581,0.0,0.0,2
3.375,PINN Conservative,0.2506988433450463,0.00014427134063738707,0.0009763943512648037,0.0019144549051003934,0.14329861104488373,0.35976642370224,0.4324323832988739,0.2162170180503456,0.0,0.0,2
3.38,PINN Conservative,0.2506976263523104,0.00013941623920653453,0.0009795886713250192,0.0019207418771745033,0.14350177347660065,0.3595373332500458,0.43157288432121277,0.21578726691896752,0.0,0.0,2
3.3850000000000002,PINN Conservative,0.25069640055298825,0.00013452600455881496,0.000982776911934163,0.0019269573773881832,0.14370495080947876,0.35930904746055603,0.4307143986225128,0.21535802242900645,0.0,0.0,2
3.39,PINN Conservative,0.2506951601803305,0.00012957763067952162,0.0009859349164391734,0.0019330757512054375,0.14390739798545837,0.3590811789035797,0.429858922958374,0.2149302829620783,0.0,0.0,2
3.395,PINN Conservative,0.2506939131468537,0.00012460268396112227,0.000989069513053124,0.0019388329319213748,0.14410996437072754,0.358853816986084,0.42900317907333374,0.21450240938418683,0.0,0.0,2
3.4,PINN Conservative,0.25069263224303745,0.00011949261405870932,0.0009921986342438572,0.0019446801153874538,0.14431163668632507,0.3586265444755554,0.42815014719963074,0.21407589181714679,0.0,0.0,2
3.4050000000000002,PINN Conservative,0.25069135098159334,0.00011438111742666952,0.0009953144938689487,0.0019503234455266472,0.1445135623216629,0.35839998722076416,0.4272974133491516,0.21364952326228823,0.0,0.0,2
3.41,PINN Conservative,0.2506900616437199,0.0001092374004842041,0.0009983942616176437,0.0019562141308477887,0.14471487700939178,0.3581739068031311,0.42644721269607544,0.21322442131097222,0.0,0.0,2
3.415,PINN Conservative,0.2506887513995173,0.00010401027930653174,0.0010014604732177094,0.0019617006997895148,0.14491623640060425,0.3579481244087219,0.4255968928337097,0.21279925975478362,0.0,0.0,2
3.42,PINN Conservative,0.2506874121129515,9.866729579447582e-05,0.001004509495836062,0.001967472791533087,0.14511655271053314,0.35772308707237244,0.42475074529647827,0.21237618436913566,0.0,0.0,2
3.4250000000000003,PINN Conservative,0.2506860745251181,9.333108924831347e-05,0.0010075382431212058,0.0019728491440211826,0.14531731605529785,0.3574982285499573,0.42390382289886475,0.2119527215518159,0.0,0.0,2
3.43,PINN Conservative,0.2506847335845234,8.798150711192722e-05,0.0010105296104300345,0.0019783107917182297,0.14551708102226257,0.35727402567863464,0.4230602979660034,0.21153095747336495,0.0,0.0,2
3.435,PINN Conservative,0.2506833617389204,8.250863175797039e-05,0.0010135163804570987,0.0019838917395831324,0.14571714401245117,0.3570500910282135,0.422216534614563,0.21110907418516883,0.0,0.0,2
3.44,PINN Conservative,0.25068198260664964,7.70066867883374e-05,0.001016471209134741,0.001989238568052498,0.14591647684574127,0.3568267822265625,0.4213753640651703,0.21068848730295156,0.0,0.0,2
3.4450000000000003,PINN Conservative,0.2506805904209616,7.14526661874357e-05,0.0010194100743405956,0.001994444897471137,0.14611558616161346,0.3566039204597473,0.42053547501564026,0.21026854117311464,0.0,0.0,2
3.45,PINN Conservative,0.25067918787896654,6.585732987498645e-05,0.0010223207720650965,0.0019995745512556007,0.14631439745426178,0.35638147592544556,0.4196966886520386,0.20984914638834914,0.0,0.0,2
3.455,PINN Conservative,0.2506777718663218,6.0208253413776505e-05,0.0010252126393270075,0.0020047509622866944,0.14651326835155487,0.3561590313911438,0.4188583195209503,0.20942996022063776,0.0,0.0,2
3.46,PINN Conservative,0.25067634333670163,5.450924141607028e-05,0.0010280629781274867,0.002009918754634743,0.14671093225479126,0.3559378385543823,0.41802477836608887,0.20901318805026628,0.0,0.0,2
3.465,PINN Conservative,0.25067491351068044,4.8805057523439094e-05,0.0010309117524847607,0.002014813940686422,0.1469092071056366,0.3557165861129761,0.41718947887420654,0.20859553670802408,0.0,0.0,2
3.47,PINN Conservative,0.2506734557151797,4.2989291485526327e-05,0.0010337190102024671,0.002019768584135939,0.14710633456707,0.35549604892730713,0.41635772585868835,0.20817965861074145,0.0,0.0,2
3.475,PINN Conservative,0.2506720013320448,3.7187138825924045e-05,0.0010365008688287005,0.002024518706556233,0.1473042368888855,0.35527563095092773,0.41552501916885376,0.20776330367447812,0.0,0.0,2
3.48,PINN Conservative,0.2506705290824177,3.131370913283216e-05,0.0010392534324228586,0.0020290983573474364,0.1475008726119995,0.3550560474395752,0.41469621658325195,0.2073489007977921,0.0,0.0,2
3.485,PINN Conservative,0.25066903507709526,2.53534867214758e-05,0.0010419921531384408,0.00203401842715345,0.14769773185253143,0.35483652353286743,0.413867324590683,0.20693445321745166,0.0,0.0,2
3.49,PINN Conservative,0.250667536094785,1.937340898971924e-05,0.0010446894974819967,0.0020386871250395733,0.14789363741874695,0.35461798310279846,0.4130421280860901,0.2065218533881615,0.0,0.0,2
3.495,PINN Conservative,0.2506660319864752,1.3372881466570906e-05,0.0010473649402444776,0.0020431981173364977,0.14809024333953857,0.35439929366111755,0.41221481561660767,0.20610819557238289,0.0,0.0,2
3.5,PINN Conservative,0.2506645177006724,7.331751596799177e-06,0.0010500221812266854,0.002047615272153025,0.1482853889465332,0.35418134927749634,0.411391943693161,0.20569675803810827,0.0,0.0,2
3.505,PINN Conservative,0.2506629863381388,1.222495387844389e-06,0.0010526336889603992,0.002052032263539838,0.14848102629184723,0.35396361351013184,0.4105690121650696,0.20528529070139734,0.0,0.0,2
3.5100000000000002,PINN Conservative,0.2506614488363268,4.911253013074632e-06,0.0010552189620573337,0.002056185141535105,0.14867576956748962,0.3537468910217285,0.40974947810173035,0.20487552210355525,0.0,0.0,2
3.515,PINN Conservative,0.25065990364551566,1.1075676100416948e-05,0.0010577977969481462,0.002060406006017479,0.148870587348938,0.35352984070777893,0.40892860293388367,0.20446508295089652,0.0,0.0,2
3.52,PINN Conservative,0.25065833963453793,1.731518083373473e-05,0.0010603242089261208,0.0020648779488707247,0.14906486868858337,0.35331404209136963,0.4081122577190399,0.20405690878339625,0.0,0.0,2
3.525,PINN Conservative,0.25065677525103114,2.3556171743867086e-05,0.001062827644200833,0.002068711181541838,0.14925920963287354,0.3530978858470917,0.4072943329811096,0.2036479448513341,0.0,0.0,2
3.5300000000000002,PINN Conservative,0.25065519388020063,2.986493231049897e-05,0.001065310567976682,0.0020727146512377614,0.14945253729820251,0.35288292169570923,0.40648090839385986,0.2032412310032123,0.0,0.0,2
3.535,PINN Conservative,0.2506536077558997,3.619265649170806e-05,0.0010677571549580955,0.0020765946221847353,0.1496463418006897,0.3526676297187805,0.40566596388816833,0.20283375719296495,0.0,0.0,2
3.54,PINN Conservative,0.25065201370418094,4.25520065127941e-05,0.0010701685408295728,0.0020806534082122297,0.14983923733234406,0.35245364904403687,0.4048551619052887,0.20242835465204012,0.0,0.0,2
3.545,PINN Conservative,0.2506504060924055,4.8965453365102895e-05,0.0010725555876489766,0.0020846270817590495,0.1500324010848999,0.352239191532135,0.4040430784225464,0.20202231135873494,0.0,0.0,2
3.5500000000000003,PINN Conservative,0.250648794308305,5.539554539609615e-05,0.0010749087053562832,0.0020883113228346573,0.15022486448287964,0.352026104927063,0.4032352864742279,0.20161841384084303,0.0,0.0,2
3.555,PINN Conservative,0.25064717973768735,6.183675402860829e-05,0.0010772210918914835,0.002092038255777917,0.1504170000553131,0.35181257128715515,0.40242695808410645,0.20121424810102445,0.0,0.0,2
3.56,PINN Conservative,0.2506455471515658,6.834983416560162e-05,0.001079517528921203,0.0020954843565402226,0.15060867369174957,0.35160037875175476,0.40162214636802673,0.20081184070494731,0.0,0.0,2
3.565,PINN Conservative,0.2506439190357926,7.484508018237024e-05,0.0010817762894283767,0.002099130766093471,0.1508006453514099,0.35138773918151855,0.4008159339427948,0.2004087329516172,0.0,0.0,2
3.5700000000000003,PINN Conservative,0.25064226853847527,8.142961569419494e-05,0.001083995364173681,0.0021024155466182193,0.1509915441274643,0.3511761426925659,0.40001359581947327,0.20000756235664632,0.0,0.0,2
3.575,PINN Conservative,0.25064061526954196,8.802520836057223e-05,0.0010861886464682265,0.002105700634400298,0.15118291974067688,0.3509645462036133,0.3992103040218353,0.1996059149226947,0.0,0.0,2
3.58,PINN Conservative,0.2506389541924002,9.465195129021037e-05,0.001088357024321448,0.0021090499447802835,0.1513732224702835,0.3507538437843323,0.39841118454933167,0.19920635365928374,0.0,0.0,2
3.585,PINN Conservative,0.2506372905671599,0.0001012888596681352,0.0010904744282645101,0.00211243798804428,0.1515635997056961,0.35054320096969604,0.39761218428611755,0.19880685200074538,0.0,0.0,2
3.59,PINN Conservative,0.25063561876118207,0.00010795840448613546,0.0010925767583165665,0.002115362439390145,0.15175369381904602,0.35033345222473145,0.39681488275527954,0.19840819971164142,0.0,0.0,2
3.595,PINN Conservative,0.2506339443325999,0.0001146384119879182,0.0010946362434662588,0.0021185428709508125,0.15194328129291534,0.3501237630844116,0.3960188329219818,0.19801017327369969,0.0,0.0,2
3.6,PINN Conservative,0.2506322537958624,0.0001213826817696533,0.0010966675976217897,0.002121447159184109,0.1521323323249817,0.34991493821144104,0.3952257037162781,0.1976136071551364,0.0,0.0,2
3.605,PINN Conservative,0.2506305661350491,0.00012811547826718602,0.0010986545263094402,0.002124347844776997,0.15232186019420624,0.3497058153152466,0.39443090558052063,0.19721620656835687,0.0,0.0,2
3.61,PINN Conservative,0.2506288808137181,0.00013483894157506726,0.0011006162986556913,0.0021271002375685133,0.15251025557518005,0.34949806332588196,0.39364108443260193,0.19682129448500799,0.0,0.0,2
3.615,PINN Conservative,0.2506271710544827,0.00014165989807352498,0.001102539012625816,0.0021298278696346706,0.15269894897937775,0.34928977489471436,0.3928496539592743,0.19642557773587913,0.0,0.0,2
3.62,PINN Conservative,0.2506254621297123,0.00014847752553611294,0.0011044357599362207,0.002132713879165804,0.15288685262203217,0.34908270835876465,0.3920625150203705,0.19603200676216354,0.0,0.0,2
3.625,PINN Conservative,0.25062375147640725,0.000155302048858527,0.001106287105223369,0.002135345359054408,0.15307490527629852,0.3488753139972687,0.3912738561630249,0.1956376758263224,0.0,0.0,2
3.63,PINN Conservative,0.25062202990055105,0.00016217014688119362,0.001108115583522091,0.0021379948568845952,0.15326207876205444,0.3486691117286682,0.3904894292354584,0.19524546086345823,0.0,0.0,2
3.6350000000000002,PINN Conservative,0.250620320543647,0.00016898949830868273,0.0011099021025967558,0.0021403388747624486,0.1534493863582611,0.34846293926239014,0.3897048234939575,0.1948531564932852,0.0,0.0,2
3.64,PINN Conservative,0.2506185969561341,0.00017586562168530652,0.0011116411161864765,0.002142858578583706,0.15363609790802002,0.348257452249527,0.38892289996147156,0.19446219323274544,0.0,0.0,2
3.645,PINN Conservative,0.2506168623715641,0.0001827856169979001,0.0011133706446660255,0.0021449622514320144,0.1538226455450058,0.3480522334575653,0.38814130425453186,0.1940713938856053,0.0,0.0,2
3.65,PINN Conservative,0.2506151356399062,0.0001896742837056696,0.0011150517789847193,0.0021473992817984677,0.15400885045528412,0.34784767031669617,0.38736221194267273,0.19368184624078955,0.0,0.0,2
3.6550000000000002,PINN Conservative,0.25061340411007427,0.0001965820923693581,0.0011166972377025764,0.0021495183496390013,0.1541948914527893,0.3476428985595703,0.3865828514099121,0.1932921644850105,0.0,0.0,2
3.66,PINN Conservative,0.2506116671115162,0.00020351171810665598,0.0011183015722165553,0.002151323786721615,0.1543806940317154,0.347439169883728,0.3858054280281067,0.19290345130841102,0.0,0.0,2
3.665,PINN Conservative,0.2506099269986155,0.00021045376828094555,0.0011198813069434284,0.002153445774030094,0.15456566214561462,0.34723585844039917,0.3850313425064087,0.1925164070682441,0.0,0.0,2
3.67,PINN Conservative,0.2506081806570294,0.00021742066732944,0.0011214159224774897,0.002155382004839168,0.15475060045719147,0.34703269600868225,0.38425710797309875,0.19212928832198642,0.0,0.0,2
3.6750000000000003,PINN Conservative,0.25060643793642545,0.00022437312074054575,0.0011229149059045088,0.0021572262191486558,0.1549350917339325,0.3468300998210907,0.38348478078842163,0.19174312325369022,0.0,0.0,2
3.68,PINN Conservative,0.2506046855449679,0.00023136415529832088,0.001124385035014475,0.0021592211689365204,0.15511992573738098,0.34662801027297974,0.38271331787109375,0.19135739032072027,0.0,0.0,2
3.685,PINN Conservative,0.2506029474437239,0.0002382981801186533,0.0011258167444413566,0.0021608347459103894,0.1553037315607071,0.34642601013183594,0.38194361329078674,0.19097253655962104,0.0,0.0,2
3.69,PINN Conservative,0.2506011930704119,0.00024529712113645303,0.00112720109193296,0.0021623991093246975,0.15548749268054962,0.34622514247894287,0.38117605447769165,0.19058875568622846,0.0,0.0,2
3.6950000000000003,PINN Conservative,0.2505994409322741,0.0002522871450940297,0.0011285657316891713,0.0021640378021252626,0.15567079186439514,0.3460240960121155,0.3804096579551697,0.1902055559603436,0.0,0.0,2
3.7,PINN Conservative,0.2505976920276882,0.00025926426903822,0.0011298717382503996,0.002165665751031498,0.15585413575172424,0.3458237051963806,0.37964388728141785,0.18982266916003987,0.0,0.0,2
3.705,PINN Conservative,0.2505959422886374,0.0002662447220178372,0.001131161621975442,0.0021668998593267763,0.1560366153717041,0.3456237316131592,0.3788805603981018,0.18944100425962423,0.0,0.0,2
3.71,PINN Conservative,0.2505941888391974,0.00027323997731752654,0.001132412312190273,0.0021683405068001482,0.15621933341026306,0.3454241156578064,0.3781181573867798,0.1890598012969712,0.0,0.0,2
3.715,PINN Conservative,0.2505924455076458,0.00028019486805845763,0.0011336123853754314,0.0021693661776550077,0.1564011424779892,0.34522491693496704,0.37735748291015625,0.1886794626049707,0.0,0.0,2
3.72,PINN Conservative,0.25059069323539757,0.00028718542703961664,0.0011347845556357317,0.0021707560649522617,0.1565832644701004,0.3450263440608978,0.3765980303287506,0.18829973486291426,0.0,0.0,2
3.725,PINN Conservative,0.2505889419764283,0.0002941719436202032,0.0011359093714737342,0.0021719184544021775,0.15676482021808624,0.3448278307914734,0.3758397698402405,0.18792060316958373,0.0,0.0,2
3.73,PINN Conservative,0.25058719828724885,0.00030112826109076116,0.0011370028977543357,0.0021730364916435763,0.15694580972194672,0.34463009238243103,0.3750843107700348,0.18754287219075907,0.0,0.0,2
3.735,PINN Conservative,0.25058543983101866,0.00030814349060500474,0.0011380577804709342,0.0021738462868108877,0.15712669491767883,0.34443265199661255,0.37432923913002014,0.18716533492777035,0.0,0.0,2
3.74,PINN Conservative,0.2505836960375311,0.000315100224204991,0.0011390752128762767,0.0021747992051651677,0.15730737149715424,0.3442358672618866,0.37357592582702637,0.18678867683665235,0.0,0.0,2
3.745,PINN Conservative,0.2505819526910784,0.0003220551743928884,0.0011400625543621671,0.002175571750769545,0.15748760104179382,0.34403926134109497,0.3728235960006714,0.18641251048573318,0.0,0.0,2
3.75,PINN Conservative,0.25058021889627,0.0003289720190107325,0.0011410031946647737,0.0021764066710515673,0.15766750276088715,0.34384316205978394,0.37207335233688354,0.18603738722008437,0.0,0.0,2
3.755,PINN Conservative,0.2505784812420609,0.00033590426041897603,0.0011419001034884862,0.002177069875319182,0.15784722566604614,0.34364771842956543,0.371324747800827,0.18566308352143368,0.0,0.0,2
3.7600000000000002,PINN Conservative,0.25057673467695735,0.0003428720511735149,0.0011427644093257611,0.002177744504483603,0.15802663564682007,0.3434526324272156,0.3705773949623108,0.1852894056739452,0.0,0.0,2
3.765,PINN Conservative,0.2505750028491022,0.00034978104877852215,0.0011435868872639156,0.0021782858728081056,0.15820527076721191,0.3432576060295105,0.36983153223991394,0.18491647288736407,0.0,0.0,2
3.77,PINN Conservative,0.25057327108085176,0.00035668980859522136,0.0011443799062567505,0.0021785194911768113,0.15838445723056793,0.3430629372596741,0.3690852224826813,0.18454331658251075,0.0,0.0,2
3.775,PINN Conservative,0.2505715400874617,0.00036359547716435884,0.001145133336103912,0.0021789861249695286,0.1585625410079956,0.34286898374557495,0.3683426082134247,0.18417200802870773,0.0,0.0,2
3.7800000000000002,PINN Conservative,0.25056982327997707,0.000370444552125482,0.0011458382962050643,0.002179332468695949,0.15874049067497253,0.3426756262779236,0.36760157346725464,0.18380148923946654,0.0,0.0,2
3.785,PINN Conservative,0.25056809756159804,0.0003773291764329005,0.0011465161889788033,0.0021798012619351215,0.15891854465007782,0.34248244762420654,0.3668607473373413,0.1834310747587524,0.0,0.0,2
3.79,PINN Conservative,0.2505663882195952,0.0003841484684132019,0.0011471460629421133,0.0021796517662883708,0.15909606218338013,0.34228989481925964,0.3661218285560608,0.18306161395599968,0.0,0.0,2
3.795,PINN Conservative,0.2505646819174292,0.00039095563319200736,0.0011477446803019682,0.0021799909858331024,0.15927305817604065,0.342097669839859,0.3653849959373474,0.1826931962385173,0.0,0.0,2
3.8000000000000003,PINN Conservative,0.2505629712045195,0.00039778039430272944,0.0011482885992519618,0.002180018574537479,0.15945017337799072,0.3419058322906494,0.3646485209465027,0.1823249573356527,0.0,0.0,2
3.805,PINN Conservative,0.2505612738579514,0.0004045518313938978,0.0011488039567062746,0.002180007068332823,0.15962626039981842,0.3417145013809204,0.3639150857925415,0.18195823835703914,0.0,0.0,2
3.81,PINN Conservative,0.2505595878213646,0.00041127814816125415,0.0011492904030040226,0.0021796031527690496,0.15980270504951477,0.3415234684944153,0.36318129301071167,0.18159134056380785,0.0,0.0,2
3.815,PINN Conservative,0.2505578951835635,0.00041803079997918707,0.0011497245859099661,0.002179615802196444,0.15997830033302307,0.341333270072937,0.362451434135437,0.18122640973137202,0.0,0.0,2
3.8200000000000003,PINN Conservative,0.2505562236160042,0.0004246993936441766,0.0011501178983300668,0.002179065849881534,0.16015394032001495,0.34114307165145874,0.36172041296958923,0.18086089775142844,0.0,0.0,2
3.825,PINN Conservative,0.2505545485615733,0.0004313818979227509,0.0011504812134545057,0.002178970882789677,0.16032911837100983,0.34095364809036255,0.3609928786754608,0.18049712921400812,0.0,0.0,2
3.83,PINN Conservative,0.25055288185179253,0.00043803111184395637,0.0011507972723738024,0.002178560346672076,0.16050446033477783,0.3407639265060425,0.3602640926837921,0.1801327348254256,0.0,0.0,2
3.835,PINN Conservative,0.25055121527612234,0.0004446797907411365,0.0011510766458433439,0.0021779577549297935,0.16067880392074585,0.3405754566192627,0.35953959822654724,0.17977048621225636,0.0,0.0,2
3.84,PINN Conservative,0.25054957769811176,0.00045121278564571774,0.0011512998348291767,0.002177525037543926,0.16085359454154968,0.3403868079185486,0.3588143587112427,0.17940786506863343,0.0,0.0,2
3.845,PINN Conservative,0.25054793019592786,0.0004577853722969454,0.0011515067512264682,0.0021767896573239853,0.161027193069458,0.3401992917060852,0.35809341073036194,0.17904738970042375,0.0,0.0,2
3.85,PINN Conservative,0.2505462938696148,0.0004643133736479434,0.0011516683304501625,0.002176322156241195,0.1612010896205902,0.3400111794471741,0.35737064480781555,0.17868600535790707,0.0,0.0,2
3.855,PINN Conservative,0.2505446663796904,0.00047080612288769903,0.0011517798074301233,0.002175590388073967,0.16137412190437317,0.3398245573043823,0.3566525876522064,0.1783269754078577,0.0,0.0,2
3.86,PINN Conservative,0.2505430547446015,0.0004772356204481436,0.00115186704698066,0.0021743602275814955,0.1615474820137024,0.3396376967430115,0.35593292117118835,0.17796714079202838,0.0,0.0,2
3.865,PINN Conservative,0.2505414525270464,0.00048362754746211734,0.0011519059438782862,0.0021737684539719915,0.16172030568122864,0.33945173025131226,0.3552168011665344,0.1776090794211586,0.0,0.0,2
3.87,PINN Conservative,0.2505398395955565,0.0004900622169172654,0.0011519042989823801,0.0021727762745551438,0.1618928164243698,0.3392655551433563,0.35450083017349243,0.17725109255637958,0.0,0.0,2
3.875,PINN Conservative,0.2505382651537659,0.0004963433345976265,0.001151866162991456,0.0021718052079427452,0.16206496953964233,0.3390803337097168,0.3537870943546295,0.17689422328296164,0.0,0.0,2
3.88,PINN Conservative,0.2505366889536383,0.0005026314670321892,0.0011517781056386697,0.00217047210756266,0.16223686933517456,0.33889514207839966,0.3530740439891815,0.1765376967375611,0.0,0.0,2
3.8850000000000002,PINN Conservative,0.25053511118888877,0.0005089258414086202,0.0011516623326349913,0.0021691686846148084,0.16240844130516052,0.3387110233306885,0.3523634374141693,0.17618239209204864,0.0,0.0,2
3.89,PINN Conservative,0.25053356198966525,0.000515106255757132,0.00115149888477423,0.002168137636094747,0.16257965564727783,0.33852672576904297,0.35165396332740784,0.1758276536928258,0.0,0.0,2
3.895,PINN Conservative,0.25053201305866263,0.0005212856000584791,0.0011512985589335705,0.0021667871912505743,0.16275042295455933,0.3383431136608124,0.3509463965892792,0.17547386897156442,0.0,0.0,2
3.9,PINN Conservative,0.2505304797142746,0.0005274027627274585,0.0011510570586350621,0.002165240832362636,0.1629210114479065,0.3381595015525818,0.3502393662929535,0.17512035247222968,0.0,0.0,2
3.9050000000000002,PINN Conservative,0.25052895630896116,0.0005334802742023823,0.0011507725499972123,0.002163800852816755,0.16309130191802979,0.33797699213027954,0.34953439235687256,0.17476786415694714,0.0,0.0,2
3.91,PINN Conservative,0.250527443662286,0.0005395148648950115,0.0011504504773514664,0.0021621734967368633,0.16326108574867249,0.3377942442893982,0.34883061051368713,0.17441597189039051,0.0,0.0,2
3.915,PINN Conservative,0.2505259522646668,0.0005454646840695516,0.0011500871076679294,0.002160452435500726,0.16343124210834503,0.3376125693321228,0.34812796115875244,0.1740646458701235,0.0,0.0,2
3.92,PINN Conservative,0.25052447499334835,0.0005513581474243855,0.0011496763488097255,0.0021587313375663886,0.16360025107860565,0.3374307155609131,0.3474273681640625,0.17371434803390864,0.0,0.0,2
3.9250000000000003,PINN Conservative,0.2505229962021115,0.0005572576743799673,0.0011492348809002983,0.002156865449771117,0.16376934945583344,0.3372501730918884,0.34672898054122925,0.17336515288783674,0.0,0.0,2
3.93,PINN Conservative,0.2505215372145178,0.0005630781961833767,0.0011487417647520653,0.0021551868530829132,0.16393791139125824,0.33706897497177124,0.3460308313369751,0.17301607695151,0.0,0.0,2
3.935,PINN Conservative,0.2505200942158701,0.0005688349312834497,0.0011482350197220906,0.002153193160301381,0.16410650312900543,0.33688920736312866,0.3453350067138672,0.1726681633101988,0.0,0.0,2
3.94,PINN Conservative,0.250518658295274,0.0005745634290267033,0.001147660683376898,0.0021513654577327013,0.1642744094133377,0.3367089629173279,0.3446398675441742,0.17232059239690498,0.0,0.0,2
3.9450000000000003,PINN Conservative,0.2505172456055882,0.0005801992487918435,0.0011470456893055087,0.0021492013518033537,0.16444244980812073,0.33652982115745544,0.3439466059207916,0.17197396026035447,0.0,0.0,2
3.95,PINN Conservative,0.2505158508270981,0.0005857636131823736,0.0011464019748559631,0.0021471223176998677,0.16460996866226196,0.3363505005836487,0.343254029750824,0.17162767085182135,0.0,0.0,2
3.955,PINN Conservative,0.25051445566117786,0.0005913295231964632,0.0011457070034330166,0.0021451027924317967,0.16477686166763306,0.3361721634864807,0.34256452322006226,0.17128291626875744,0.0,0.0,2
3.96,PINN Conservative,0.2505130904465916,0.000596775944605468,0.0011449766193431011,0.0021440631642445918,0.16494381427764893,0.3359939455986023,0.3418753445148468,0.17093832559909314,0.0,0.0,2
3.9650000000000003,PINN Conservative,0.25051173056662107,0.0006022010839642244,0.0011442178222139437,0.0021435911604091307,0.16511064767837524,0.33581653237342834,0.34118780493736267,0.17059455449642696,0.0,0.0,2
3.97,PINN Conservative,0.25051039767265343,0.000607518564684339,0.0011433884521193517,0.002142810659007066,0.16527633368968964,0.33563894033432007,0.3405021131038666,0.17025170726928596,0.0,0.0,2
3.975,PINN Conservative,0.2505090730041268,0.000612803230623258,0.0011425453399793754,0.0021418448299819204,0.1654425859451294,0.33546221256256104,0.3398171067237854,0.16990920277016233,0.0,0.0,2
3.98,PINN Conservative,0.2505077665746214,0.0006180151333518727,0.001141650189739349,0.0021411328613289426,0.16560809314250946,0.33528557419776917,0.3391343951225281,0.1695678456648361,0.0,0.0,2
3.985,PINN Conservative,0.25050648149848004,0.0006231418484331916,0.0011407184946320551,0.002140207490673063,0.16577355563640594,0.3351099491119385,0.3384529650211334,0.16922712931189018,0.0,0.0,2
3.99,PINN Conservative,0.25050520627200623,0.000628229269002917,0.0011397368068797396,0.0021392491196327024,0.16593846678733826,0.3349338173866272,0.33777183294296265,0.16888656197112575,0.0,0.0,2
3.995,PINN Conservative,0.25050394721329233,0.0006332521895046034,0.0011387237398266766,0.0021384425818464226,0.16610342264175415,0.3347588777542114,0.3370931148529053,0.16854720162903128,0.0,0.0,2
4.0,PINN Conservative,0.2505027200728657,0.0006381477743881467,0.001137662423521288,0.0021373907410293658,0.16626746952533722,0.33458399772644043,0.3364163041114807,0.16820879496489827,0.0,0.0,2
4.005,PINN Conservative,0.250501499578357,0.0006430168458797719,0.0011365615762411968,0.002136197781192173,0.16643182933330536,0.3344099521636963,0.33574050664901733,0.16787089494218227,0.0,0.0,2
4.01,PINN Conservative,0.25050030560791514,0.0006477801015918105,0.001135414444472025,0.002134784549266855,0.16659530997276306,0.33423593640327454,0.3350665867328644,0.16753393369620959,0.0,0.0,2
4.015,PINN Conservative,0.25049912369251276,0.0006524952646261865,0.001134237961865427,0.002133691419362038,0.1667591631412506,0.334062397480011,0.3343929052352905,0.16719709165998206,0.0,0.0,2
4.0200000000000005,PINN Conservative,0.2504979619085791,0.0006571301146729173,0.0011330119615054121,0.0021322070665369397,0.16692222654819489,0.3338891267776489,0.33372142910957336,0.16686135231389748,0.0,0.0,2
4.025,PINN Conservative,0.25049681460857415,0.0006617071821700936,0.0011317499283259285,0.0021309016641515854,0.16708505153656006,0.33371683955192566,0.3330516219139099,0.16652644743602915,0.0,0.0,2
4.03,PINN Conservative,0.2504957013279202,0.0006661485320127074,0.0011304338175490483,0.0021290340817614606,0.16724753379821777,0.33354422450065613,0.3323826789855957,0.16619197469348712,0.0,0.0,2
4.035,PINN Conservative,0.2504945998042824,0.0006705429781194205,0.0011290892584458671,0.0021277109312378695,0.16740992665290833,0.3333727717399597,0.33171579241752625,0.16585853013499727,0.0,0.0,2
4.04,PINN Conservative,0.2504935183823111,0.0006748572301321994,0.0011277034533571984,0.002125893055514083,0.167571559548378,0.33320116996765137,0.3310506343841553,0.16552594984716,0.0,0.0,2
4.045,PINN Conservative,0.25049246022105237,0.0006790786852731536,0.001126267203927355,0.0021243592374077247,0.1677335798740387,0.3330304026603699,0.3303859829902649,0.1651936228800312,0.0,0.0,2
4.05,PINN Conservative,0.2504914303123953,0.0006831874287744739,0.0011248032822613432,0.0021225769557179364,0.16789454221725464,0.3328596353530884,0.3297235667705536,0.1648624135042635,0.0,0.0,2
4.055,PINN Conservative,0.2504904082566502,0.0006872648436711913,0.0011232909801970207,0.002120609733806511,0.1680559366941452,0.33268988132476807,0.3290623426437378,0.16453180017722172,0.0,0.0,2
4.0600000000000005,PINN Conservative,0.250489415407181,0.0006912257423162319,0.0011217378258275837,0.0021185589738348387,0.16821593046188354,0.3325200080871582,0.3284032642841339,0.16420225973788655,0.0,0.0,2
4.065,PINN Conservative,0.25048844608664533,0.0006950927740420615,0.0011201379778593692,0.0021166086589342603,0.1683771014213562,0.3323509693145752,0.32774442434310913,0.16387283850829654,0.0,0.0,2
4.07,PINN Conservative,0.2504874918907883,0.0006988994669945785,0.0011185071330572709,0.002114412444901903,0.16853667795658112,0.33218181133270264,0.3270876705646515,0.1635444603639769,0.0,0.0,2
4.075,PINN Conservative,0.25048656503856204,0.0007025970745786058,0.0011168283081498306,0.0021126000348551943,0.1686968356370926,0.3320137858390808,0.3264320492744446,0.16321664846594686,0.0,0.0,2
4.08,PINN Conservative,0.25048566386103654,0.0007061922548656609,0.0011151075509473868,0.0021101630953499484,0.1688559651374817,0.33184540271759033,0.32577836513519287,0.16288980514709642,0.0,0.0,2
4.085,PINN Conservative,0.25048478633165383,0.0007096930926571107,0.0011133456421479472,0.0021077978555603116,0.16901549696922302,0.3316783607006073,0.3251262307167053,0.16256373669158963,0.0,0.0,2
4.09,PINN Conservative,0.25048393021523974,0.0007131085050129564,0.0011115417357026995,0.0021054814376988973,0.16917388141155243,0.3315107226371765,0.32447510957717896,0.1622381748774999,0.0,0.0,2
4.095,PINN Conservative,0.2504830966591837,0.000716433914508822,0.001109702036571598,0.0021029156229362966,0.16933277249336243,0.3313441872596741,0.32382526993751526,0.1619132538157905,0.0,0.0,2
4.1,PINN Conservative,0.2504822979420426,0.0007196203367614432,0.0011078098454281701,0.0021007095532312725,0.16949105262756348,0.3311777114868164,0.32317638397216797,0.16158880959306182,0.0,0.0,2
4.105,PINN Conservative,0.2504815069586041,0.000722775905986078,0.0011058892594341234,0.0020980830393365624,0.1696489304304123,0.3310120403766632,0.32253023982048035,0.16126573628240273,0.0,0.0,2
4.11,PINN Conservative,0.25048075550794624,0.0007257737621414207,0.0011039249454960205,0.0020953708570441987,0.1698063164949417,0.33084630966186523,0.3218853771686554,0.160943303724124,0.0,0.0,2
4.115,PINN Conservative,0.25048002089560056,0.000728704443110591,0.0011019182524662963,0.0020925368737124694,0.16996382176876068,0.33068162202835083,0.3212418258190155,0.16062152681944375,0.0,0.0,2
4.12,PINN Conservative,0.2504793148338797,0.0007315212234990301,0.0010998696666855861,0.002089883604316445,0.17012077569961548,0.3305165767669678,0.3205985426902771,0.16029988402572684,0.0,0.0,2
4.125,PINN Conservative,0.2504786345213654,0.0007342352793552228,0.0010977769750701943,0.0020868186677999723,0.17027737200260162,0.3303527235984802,0.31995895504951477,0.15998008898306024,0.0,0.0,2
4.13,PINN Conservative,0.2504779773205521,0.0007368571328099181,0.0010956443471174877,0.002083961465695172,0.1704338788986206,0.33018869161605835,0.3193190097808838,0.15966011512577585,0.0,0.0,2
4.135,PINN Conservative,0.25047735193371795,0.0007393520667761201,0.0010934597777685253,0.0020808195149574216,0.17059007287025452,0.330025851726532,0.31868186593055725,0.15934154198299735,0.0,0.0,2
4.14,PINN Conservative,0.2504767563641074,0.0007417280471605984,0.0010912525676402527,0.0020777905964755594,0.17074573040008545,0.32986247539520264,0.3180450201034546,0.1590231178524003,0.0,0.0,2
4.1450000000000005,PINN Conservative,0.25047618713974973,0.0007439989251304143,0.00108899792016351,0.002074789151719214,0.1709011346101761,0.3297001123428345,0.31741034984588623,0.15870578151072806,0.0,0.0,2
4.15,PINN Conservative,0.2504756349921229,0.0007462016767608257,0.0010866967390546333,0.0020712825847734595,0.17105653882026672,0.3295377492904663,0.31677597761154175,0.1583885941812373,0.0,0.0,2
4.155,PINN Conservative,0.25047511684894586,0.0007482687701838625,0.001084353301894667,0.0020681092039601112,0.17121118307113647,0.3293763995170593,0.3161448538303375,0.1580730310845246,0.0,0.0,2
4.16,PINN Conservative,0.25047463102638745,0.0007502069229180092,0.0010819828666134026,0.0020645575941974914,0.17136579751968384,0.329214870929718,0.3155139982700348,0.15775760209877526,0.0,0.0,2
4.165,PINN Conservative,0.2504741796553137,0.0007520076340326923,0.001079560470754511,0.002061138232940185,0.17152008414268494,0.3290543556213379,0.31488466262817383,0.15744293307515145,0.0,0.0,2
4.17,PINN Conservative,0.25047374843060993,0.0007537279727123211,0.0010770928293305905,0.002057527129886938,0.17167410254478455,0.3288935422897339,0.31425634026527405,0.15712877069294465,0.0,0.0,2
4.175,PINN Conservative,0.25047334635257745,0.0007553320329283594,0.0010745940819711227,0.002053668512869422,0.17182770371437073,0.3287338614463806,0.3136308193206787,0.15681600902524373,0.0,0.0,2
4.18,PINN Conservative,0.2504729767590763,0.0007568064985379926,0.0010720533972872067,0.0020500449719661473,0.17198112607002258,0.3285742700099945,0.3130059242248535,0.15650356028312393,0.0,0.0,2
4.1850000000000005,PINN Conservative,0.25047263117134594,0.0007581851949219505,0.0010694664294664496,0.0020464757502596798,0.1721344292163849,0.3284153938293457,0.31238237023353577,0.15619178209582074,0.0,0.0,2
4.19,PINN Conservative,0.2504723215252163,0.000759420504979851,0.0010668421297230426,0.0020424819007165973,0.1722869575023651,0.3282560110092163,0.31175974011421204,0.15588046584628015,0.0,0.0,2
4.195,PINN Conservative,0.2504720364660027,0.0007605577273766264,0.0010641722354200963,0.0020383449714457824,0.17243923246860504,0.3280980885028839,0.3111402988433838,0.15557074402708135,0.0,0.0,2
4.2,PINN Conservative,0.25047178797423864,0.0007615490666703314,0.0010614769373693508,0.002034423222394055,0.1725916862487793,0.3279399275779724,0.31052014231681824,0.155260664578647,0.0,0.0,2
4.205,PINN Conservative,0.2504715676605704,0.0007624279915598981,0.001058726857510049,0.002030184013998293,0.17274343967437744,0.3277825713157654,0.30990228056907654,0.15495173252401004,0.0,0.0,2
4.21,PINN Conservative,0.25047137682139897,0.0007631893301504014,0.0010559382693507368,0.0020262271919990194,0.17289508879184723,0.3276253342628479,0.3092860281467438,0.15464360513515302,0.0,0.0,2
4.215,PINN Conservative,0.2504712255150082,0.0007637929556713914,0.001053105027864693,0.0020221393201869664,0.17304609715938568,0.32746899127960205,0.3086722791194916,0.15433672944862042,0.0,0.0,2
4.22,PINN Conservative,0.25047109986841704,0.0007642942133425973,0.0010502379358262883,0.002017311294547297,0.17319731414318085,0.3273124694824219,0.3080580532550812,0.15402961534259746,0.0,0.0,2
4.225,PINN Conservative,0.25047101482749007,0.0007646334777556305,0.0010473335358208286,0.0020131683646372744,0.1733475774526596,0.32715675234794617,0.3074469268321991,0.15372405096326186,0.0,0.0,2
4.23,PINN Conservative,0.2504709491282704,0.0007648955798751037,0.0010443833488352134,0.0020086225392041968,0.1734982430934906,0.3270012140274048,0.3068353831768036,0.15341827796687219,0.0,0.0,2
4.235,PINN Conservative,0.2504709198623898,0.0007650123339153101,0.0010414034868935034,0.0020041567783499747,0.17364808917045593,0.32684651017189026,0.30622756481170654,0.15311436762275096,0.0,0.0,2
4.24,PINN Conservative,0.2504709372818472,0.000764942840293688,0.0010383732921138823,0.0019993900330583236,0.17379790544509888,0.32669180631637573,0.30561959743499756,0.152810382772539,0.0,0.0,2
4.245,PINN Conservative,0.25047097890079045,0.0007647768046347216,0.0010352963366164504,0.001994524496542527,0.17394717037677765,0.3265381157398224,0.30501455068588257,0.1525078582417055,0.0,0.0,2
4.25,PINN Conservative,0.2504710505306723,0.0007644910425823624,0.001032183076412226,0.001989901945398498,0.17409683763980865,0.32638391852378845,0.3044077157974243,0.15220443963778316,0.0,0.0,2
4.255,PINN Conservative,0.25047116133570696,0.0007640489941901167,0.0010290450914785196,0.001985175048892396,0.1742452085018158,0.32623082399368286,0.3038060665130615,0.15190361384581852,0.0,0.0,2
4.26,PINN Conservative,0.2504712929129603,0.0007635240765862463,0.0010258676552735043,0.0019799899351577444,0.17439401149749756,0.3260776102542877,0.30320286750793457,0.15160201319051017,0.0,0.0,2
4.265,PINN Conservative,0.2504714822173121,0.0007627688610436785,0.0010226269066402492,0.0019747079847967086,0.17454200983047485,0.3259255290031433,0.30260375142097473,0.15130245400208808,0.0,0.0,2
4.2700000000000005,PINN Conservative,0.25047169081866766,0.0007619366615488923,0.0010193636972083897,0.001969691230925663,0.17469002306461334,0.3257733881473541,0.3020043969154358,0.15100277560392078,0.0,0.0,2
4.275,PINN Conservative,0.2504719356745484,0.0007609598273395423,0.0010160599107148424,0.0019644852465366958,0.1748378872871399,0.32562190294265747,0.30140697956085205,0.1507040657849331,0.0,0.0,2
4.28,PINN Conservative,0.25047222360968613,0.000759811131658786,0.001012712440234347,0.0019593987085436693,0.17498499155044556,0.3254702687263489,0.30081045627593994,0.15040580300248985,0.0,0.0,2
4.285,PINN Conservative,0.25047254402935526,0.000758532841371403,0.0010093277834790863,0.0019538691008912923,0.17513184249401093,0.32531970739364624,0.3002168536186218,0.15010900053942505,0.0,0.0,2
4.29,PINN Conservative,0.25047289842367193,0.0007571190117705781,0.0010059072215418661,0.0019485856017167902,0.17527875304222107,0.325169175863266,0.2996225655078888,0.14981185534834285,0.0,0.0,2
4.295,PINN Conservative,0.2504732855111363,0.0007555747553040484,0.0010024481736676416,0.0019428366766233718,0.17542524635791779,0.3250194191932678,0.29903101921081543,0.14951608106933026,0.0,0.0,2
4.3,PINN Conservative,0.25047371461987517,0.0007538628581080267,0.000998948663655587,0.001937341299267259,0.17557120323181152,0.3248697519302368,0.2984411418437958,0.14922114125853392,0.0,0.0,2
4.305,PINN Conservative,0.25047418981790565,0.0007519670911328137,0.0009954088180687555,0.0019314475330187153,0.1757173091173172,0.3247208595275879,0.2978517711162567,0.1489264547684461,0.0,0.0,2
4.3100000000000005,PINN Conservative,0.2504746914654972,0.0007499658056132888,0.0009918324262356976,0.0019258445422620785,0.17586266994476318,0.32457178831100464,0.2972645163536072,0.14863282626484675,0.0,0.0,2
4.315,PINN Conservative,0.25047522832453273,0.0007478240466737047,0.000988220796674998,0.0019200293949552805,0.17600807547569275,0.3244236707687378,0.29667791724205017,0.14833952558804664,0.0,0.0,2
4.32,PINN Conservative,0.25047581386566187,0.0007454880741653013,0.000984562325419656,0.001913886585683422,0.176152765750885,0.3242757320404053,0.2960934042930603,0.14804726799651688,0.0,0.0,2
4.325,PINN Conservative,0.2504764312207701,0.0007430251821684045,0.0009808712140492943,0.0019079327151886316,0.17629744112491608,0.3241281509399414,0.29551032185554504,0.1477557256634582,0.0,0.0,2
4.33,PINN Conservative,0.2504770830124619,0.0007404249079990106,0.0009771397749284787,0.00190187081845139,0.17644184827804565,0.32398101687431335,0.2949284613132477,0.1474647942803436,0.0,0.0,2
4.335,PINN Conservative,0.2504777763783934,0.000737658776511992,0.0009733843219466995,0.0018957271167633905,0.1765861064195633,0.3238345980644226,0.29434749484062195,0.1471743099337734,0.0,0.0,2
4.34,PINN Conservative,0.25047851146757627,0.0007347261932365786,0.0009695846698980055,0.001889535091537442,0.1767297238111496,0.3236883282661438,0.29376909136772156,0.14688510709196392,0.0,0.0,2
4.345,PINN Conservative,0.2504792857915165,0.0007316370858331922,0.0009657436017210914,0.0018829407903642181,0.17687328159809113,0.3235424757003784,0.2931916415691376,0.14659638108913514,0.0,0.0,2
4.3500000000000005,PINN Conservative,0.25048009346425554,0.0007284149358931552,0.0009618638660928301,0.0018766333384495626,0.1770159751176834,0.3233969211578369,0.29261577129364014,0.1463084448508682,0.0,0.0,2
4.355,PINN Conservative,0.25048094731569315,0.0007250085594914651,0.0009579616858499217,0.0018699011481472239,0.17715957760810852,0.3232520818710327,0.2920398712158203,0.14602049371138312,0.0,0.0,2
4.36,PINN Conservative,0.25048184286057973,0.0007214358501957557,0.0009540159600298553,0.0018634929418717139,0.17730161547660828,0.3231075406074524,0.2914677858352661,0.14573444992782092,0.0,0.0,2
4.365,PINN Conservative,0.25048277504742167,0.0007177169605617015,0.0009500436919414692,0.0018567637895420264,0.17744427919387817,0.32296323776245117,0.29089462757110596,0.1454478697004054,0.0,0.0,2
4.37,PINN Conservative,0.25048374636471293,0.000713841962928881,0.0009460194277462332,0.0018501010618595104,0.17758576571941376,0.32281962037086487,0.290325403213501,0.1451632564337854,0.0,0.0,2
4.375,PINN Conservative,0.2504847564697268,0.0007098122245799548,0.0009419687110214967,0.0018431735481405087,0.1777280569076538,0.3226761519908905,0.2897546589374542,0.14487788320503983,0.0,0.0,2
4.38,PINN Conservative,0.25048581252992175,0.0007055991514756412,0.0009378789502007453,0.0018363723181555325,0.17786914110183716,0.32253336906433105,0.2891882658004761,0.14459468555414384,0.0,0.0,2
4.385,PINN Conservative,0.25048691469430945,0.0007012021491451702,0.0009337519512360173,0.001829492391431653,0.1780104637145996,0.32239091396331787,0.2886216938495636,0.14431139849593896,0.0,0.0,2
4.39,PINN Conservative,0.2504880531579258,0.0006966603337587937,0.0009295960971688493,0.001822269179019842,0.17815111577510834,0.3222483992576599,0.2880561649799347,0.14402863298036925,0.0,0.0,2
4.3950000000000005,PINN Conservative,0.2504892431497576,0.0006919129504137705,0.0009254115471222304,0.0018149644869062675,0.17829200625419617,0.3221069574356079,0.2874925136566162,0.14374680624154285,0.0,0.0,2
4.4,PINN Conservative,0.2504904589802029,0.0006870624858542606,0.000921189189780121,0.0018078504868839773,0.17843201756477356,0.3219657838344574,0.28693097829818726,0.14346603748920492,0.0,0.0,2
4.405,PINN Conservative,0.2504917269498112,0.0006820040160062788,0.0009169173106318494,0.0018006324493016201,0.17857185006141663,0.32182496786117554,0.2863706648349762,0.14318587968681104,0.0,0.0,2
4.41,PINN Conservative,0.2504930329322817,0.0006767938966897529,0.0009126405163040851,0.0017929999716811418,0.1787116676568985,0.32168465852737427,0.28581151366233826,0.14290630303192495,0.0,0.0,2
4.415,PINN Conservative,0.2504943873584273,0.0006713905149574183,0.0009083156181283261,0.0017854330596168144,0.17885105311870575,0.32154425978660583,0.2852523624897003,0.14262672637703883,0.0,0.0,2
4.42,PINN Conservative,0.2504957862943413,0.0006658095648351699,0.0009039599171732105,0.001778166678906623,0.1789901852607727,0.3214048743247986,0.28469666838645935,0.14234887826345782,0.0,0.0,2
4.425,PINN Conservative,0.25049722903966926,0.0006600538403352953,0.0008995757852679285,0.001770310355370841,0.17912861704826355,0.3212655782699585,0.28414207696914673,0.1420715814949483,0.0,0.0,2
4.43,PINN Conservative,0.2504987032711508,0.0006541725041821788,0.0008951577642086646,0.0017629405641241824,0.17926737666130066,0.3211269974708557,0.2835882604122162,0.14179467215811062,0.0,0.0,2
4.4350000000000005,PINN Conservative,0.25050022946298145,0.0006480838761055147,0.0008907096638180315,0.0017548091951210543,0.17940548062324524,0.3209882974624634,0.28303518891334534,0.14151813535172664,0.0,0.0,2
4.44,PINN Conservative,0.25050180456042315,0.0006418001427539865,0.0008862306430186226,0.0017471119247060574,0.17954358458518982,0.32085055112838745,0.2824844419956207,0.14124276084035814,0.0,0.0,2
4.445,PINN Conservative,0.2505034186542036,0.0006353608364277173,0.000881728319014612,0.0017387794486484753,0.1796809434890747,0.320712685585022,0.28193482756614685,0.14096795257527928,0.0,0.0,2
4.45,PINN Conservative,0.25050507302582287,0.0006287608446783054,0.0008771917528496598,0.0017307690165328515,0.17981858551502228,0.32057565450668335,0.28138628602027893,0.14069368075405372,0.0,0.0,2
4.455,PINN Conservative,0.2505067968070509,0.0006218839484897912,0.0008726299660454103,0.0017228457809150832,0.17995530366897583,0.3204386234283447,0.28083986043930054,0.14042046691931667,0.0,0.0,2
4.46,PINN Conservative,0.2505085392445328,0.0006149326245728165,0.0008680427205373875,0.0017143576576710284,0.18009254336357117,0.32030293345451355,0.2802947759628296,0.14014792363939624,0.0,0.0,2
4.465,PINN Conservative,0.25051032987237,0.0006077890488404529,0.0008634187662484472,0.0017059501514544717,0.18022869527339935,0.3201667070388794,0.27975085377693176,0.13987596150698356,0.0,0.0,2
4.47,PINN Conservative,0.2505121728181841,0.0006004367544549148,0.0008587832083284309,0.0016974416479449417,0.18036513030529022,0.3200315237045288,0.27920830249786377,0.1396046848306057,0.0,0.0,2
4.4750000000000005,PINN Conservative,0.2505140670686962,0.0005928797838167745,0.0008540996497835023,0.001689030784286727,0.18050076067447662,0.3198961019515991,0.2786671817302704,0.1393341234126989,0.0,0.0,2
4.48,PINN Conservative,0.25051600767672083,0.0005851378733522784,0.000849408518644791,0.0016805124863901177,0.1806367039680481,0.31976163387298584,0.2781270444393158,0.13906405373499098,0.0,0.0,2
4.485,PINN Conservative,0.25051798565685773,0.0005772468696429962,0.000844674653507638,0.0016718008852414923,0.18077172338962555,0.3196271061897278,0.2775886654853821,0.13879486322915377,0.0,0.0,2
4.49,PINN Conservative,0.25052001960575604,0.0005691325827492182,0.0008399349407335536,0.0016628995145496206,0.18090690672397614,0.31949350237846375,0.2770518958568573,0.13852647738909654,0.0,0.0,2
4.495,PINN Conservative,0.2505220949202778,0.0005608532707966723,0.0008351654174926428,0.0016541700075763388,0.18104144930839539,0.31936001777648926,0.2765168845653534,0.13825897072091,0.0,0.0,2
4.5,PINN Conservative,0.25052421592175983,0.0005523916941359039,0.0008303712822549632,0.0016454399244367757,0.18117596209049225,0.3192272186279297,0.27598267793655396,0.13799186638561348,0.0,0.0,2
4.505,PINN Conservative,0.2505263877511027,0.0005437273435285549,0.00082556035197695,0.001636348020356282,0.18131023645401,0.31909406185150146,0.2754487991333008,0.13772492596371658,0.0,0.0,2
4.51,PINN Conservative,0.2505286021232607,0.0005348932715443505,0.0008207307517202834,0.0016272256298841548,0.1814441680908203,0.3189621567726135,0.2749176025390625,0.13745932665145294,0.0,0.0,2
4.515,PINN Conservative,0.2505308654755356,0.0005258637970500078,0.0008158632141113774,0.0016181656647032416,0.18157780170440674,0.3188300132751465,0.2743871212005615,0.13719408496842486,0.0,0.0,2
4.5200000000000005,PINN Conservative,0.2505331890583041,0.00051659403750958,0.0008109955634258377,0.001608933206628138,0.1817111372947693,0.31869906187057495,0.2738588750362396,0.13692996087675785,0.0,0.0,2
4.525,PINN Conservative,0.2505355521142485,0.0005071668026881681,0.000806095503862098,0.0015996509609997323,0.1818443387746811,0.31856781244277954,0.2733306586742401,0.13666585168630901,0.0,0.0,2
4.53,PINN Conservative,0.25053796470165274,0.0004975419658151006,0.0008011814421961647,0.0015901734078810903,0.18197691440582275,0.3184374272823334,0.272805392742157,0.13640321771645675,0.0,0.0,2
4.535,PINN Conservative,0.250540424898267,0.0004877271955620941,0.0007962609171135637,0.0015805684199086678,0.18210986256599426,0.3183068335056305,0.27227941155433655,0.13614022611736898,0.0,0.0,2
4.54,PINN Conservative,0.25054293848574183,0.00047769942646703253,0.0007913138076953681,0.0015711021070347053,0.18224184215068817,0.3181774616241455,0.2717568874359131,0.13587896305958633,0.0,0.0,2
4.545,PINN Conservative,0.250545502483845,0.0004674705479433253,0.0007863598553995805,0.0015616259102171348,0.18237410485744476,0.31804776191711426,0.27123352885246277,0.13561728276769552,0.0,0.0,2
4.55,PINN Conservative,0.25054810655117055,0.0004570818162559966,0.000781374011243866,0.001551577052368247,0.18250523507595062,0.3179188668727875,0.27071428298950195,0.1353576588439091,0.0,0.0,2
4.555,PINN Conservative,0.25055076472461246,0.0004464772322671376,0.0007764067334661897,0.0015420914843556344,0.18263721466064453,0.3177904784679413,0.27019402384757996,0.13509752827870566,0.0,0.0,2
4.5600000000000005,PINN Conservative,0.25055347654223464,0.0004356586388362467,0.0007714060848459426,0.0015318613621729815,0.18276798725128174,0.31766241788864136,0.2696766257286072,0.1348388282304444,0.0,0.0,2
4.565,PINN Conservative,0.25055623212456724,0.0004246654493688498,0.0007664072527821892,0.0015220590734721373,0.1828988790512085,0.31753426790237427,0.26915955543518066,0.13458029209558275,0.0,0.0,2
4.57,PINN Conservative,0.25055904999375367,0.0004134237711600688,0.0007613938628755804,0.0015119230792853267,0.18302924931049347,0.3174072504043579,0.2686452865600586,0.134323156675227,0.0,0.0,2
4.575,PINN Conservative,0.25056190507113957,0.0004020336536244595,0.0007563776228757482,0.0015016820111384277,0.18315958976745605,0.31727999448776245,0.2681303322315216,0.13406567852685386,0.0,0.0,2
4.58,PINN Conservative,0.250564814090729,0.0003904283377052779,0.0007513434127544991,0.0014914329120742642,0.1832892745733261,0.317153662443161,0.26761868596076965,0.13380985441369508,0.0,0.0,2
4.585,PINN Conservative,0.25056778442859673,0.00037857839710438585,0.0007463128463696526,0.0014811976786495151,0.18341906368732452,0.31702762842178345,0.2671075761318207,0.13355429852246298,0.0,0.0,2
4.59,PINN Conservative,0.2505707958042624,0.00036656473928019863,0.0007412776075265502,0.00147083072389681,0.1835486888885498,0.3169018626213074,0.26659733057022095,0.13329917476655714,0.0,0.0,2
4.595,PINN Conservative,0.2505738692432644,0.0003543034844208932,0.0007362486509794568,0.0014600480650890368,0.18367788195610046,0.3167768120765686,0.2660891115665436,0.13304506429348534,0.0,0.0,2
4.6000000000000005,PINN Conservative,0.2505769840627911,0.0003418771450556321,0.0007312060852355333,0.0014497153262860163,0.18380649387836456,0.31665170192718506,0.26558250188827515,0.13279175848619354,0.0,0.0,2
4.605,PINN Conservative,0.25058014804124856,0.00032925468981552996,0.0007261771710867116,0.001438900748477634,0.18393510580062866,0.3165271282196045,0.26507601141929626,0.1325385122837743,0.0,0.0,2
4.61,PINN Conservative,0.2505833776444199,0.00031637042969122906,0.0007211516010503935,0.0014281140252451197,0.18406356871128082,0.3164031207561493,0.2645714581012726,0.13228623466053469,0.0,0.0,2
4.615,PINN Conservative,0.2505866558402779,0.0003032923126805706,0.0007161228229202482,0.0014171464923282695,0.18419156968593597,0.31627926230430603,0.26406821608543396,0.13203461269089353,0.0,0.0,2
4.62,PINN Conservative,0.2505899739712479,0.0002900548775296516,0.0007111125224696004,0.0014064227772470073,0.18431954085826874,0.31615620851516724,0.26356613636016846,0.13178357186876016,0.0,0.0,2
4.625,PINN Conservative,0.2505933560878041,0.0002765621766716763,0.0007061074953012204,0.0013953488854061002,0.18444691598415375,0.3160332143306732,0.26306581497192383,0.13153341021849752,0.0,0.0,2
4.63,PINN Conservative,0.2505967839509251,0.000262886973317392,0.0007011120705589451,0.0013844944427993666,0.1845741868019104,0.31591054797172546,0.26256614923477173,0.1312835763950341,0.0,0.0,2
4.635,PINN Conservative,0.2506002728641035,0.0002489682153285619,0.0006961260194486495,0.0013730080398295375,0.18470120429992676,0.31578871607780457,0.2620685398578644,0.13103477075562286,0.0,0.0,2
4.64,PINN Conservative,0.25060381032526513,0.00023485577879449462,0.0006911617678811064,0.001361997095709555,0.18482793867588043,0.31566688418388367,0.2615719437599182,0.13078647175762867,0.0,0.0,2
4.6450000000000005,PINN Conservative,0.2506074037849905,0.00022051994018155614,0.0006862206899685398,0.001350674745434044,0.18495412170886993,0.31554579734802246,0.2610771358013153,0.13053906683272332,0.0,0.0,2
4.65,PINN Conservative,0.25061105291545416,0.00020596200732521925,0.0006812755184571319,0.0013391943420286156,0.18508031964302063,0.31542497873306274,0.26058346033096313,0.13029222815410757,0.0,0.0,2
4.655,PINN Conservative,0.2506147558242085,0.00019118953000326795,0.0006763647383994697,0.0013277675266438749,0.18520614504814148,0.3153042793273926,0.26009035110473633,0.13004567259863664,0.0,0.0,2
4.66,PINN Conservative,0.2506185082495215,0.00017621951007684876,0.0006714886892532004,0.0013161481925362262,0.18533176183700562,0.31518393754959106,0.2595990002155304,0.1297999962150364,0.0,0.0,2
4.665,PINN Conservative,0.25062232147157215,0.00016100694611586086,0.0006666366351410428,0.0013045218038183481,0.18545715510845184,0.3150646686553955,0.25910940766334534,0.1295551990033069,0.0,0.0,2
4.67,PINN Conservative,0.25062617778778096,0.00014562246123650036,0.0006618108962869608,0.0012925903693034035,0.18558236956596375,0.3149450421333313,0.25861966609954834,0.12931032728548666,0.0,0.0,2
4.675,PINN Conservative,0.2506300951540472,0.00012999442172237268,0.0006570094685954795,0.0012807258871948002,0.1857072114944458,0.31482648849487305,0.25813284516334534,0.12906691588704486,0.0,0.0,2
4.68,PINN Conservative,0.2506340765953066,0.00011411075981894816,0.0006522631175231837,0.0012689509112551178,0.18583150207996368,0.31470787525177,0.2576470375061035,0.12882401113002012,0.0,0.0,2
4.6850000000000005,PINN Conservative,0.25063810063898584,9.805713875036025e-05,0.0006475394016758296,0.0012570322783364563,0.18595606088638306,0.31459006667137146,0.25716274976730347,0.1285818663351209,0.0,0.0,2
4.69,PINN Conservative,0.25064218823611756,8.174997593983877e-05,0.0006428636021577561,0.001244822365418008,0.18607978522777557,0.3144720494747162,0.25667887926101685,0.1283399301572757,0.0,0.0,2
4.695,PINN Conservative,0.2506463249921801,6.524669725425477e-05,0.0006382367889357925,0.0012328089818363086,0.18620391190052032,0.31435519456863403,0.2561967670917511,0.12809887315130125,0.0,0.0,2
4.7,PINN Conservative,0.25065051610767863,4.852655566738508e-05,0.0006336411604272973,0.0012204241649651504,0.18632718920707703,0.31423792243003845,0.25571537017822266,0.12785817377456235,0.0,0.0,2
4.705,PINN Conservative,0.250654768958688,3.1560124880870005e-05,0.0006290990628440843,0.0012080316527065538,0.18645057082176208,0.31412166357040405,0.25523605942726135,0.12761851748309377,0.0,0.0,2
4.71,PINN Conservative,0.2506590762883427,1.4376355616231675e-05,0.0006246253096603658,0.001195714895037836,0.18657314777374268,0.31400561332702637,0.25475841760635376,0.12737969565984147,0.0,0.0,2
4.715,PINN Conservative,0.25066343271732355,3.003291734939653e-06,0.0006202088332641349,0.0011831971309689826,0.1866961568593979,0.31389009952545166,0.2542811334133148,0.12714105265120695,0.0,0.0,2
4.72,PINN Conservative,0.25066786198318025,2.0673516350711598e-05,0.0006158444642130986,0.0011706627378527679,0.18681849539279938,0.31377458572387695,0.2538052201271057,0.1269030950986072,0.0,0.0,2
4.7250000000000005,PINN Conservative,0.25067232434451603,3.84757729031569e-05,0.0006115488818666494,0.0011578768327070166,0.1869405210018158,0.3136599659919739,0.25333139300346375,0.1266661806312778,0.0,0.0,2
4.73,PINN Conservative,0.25067685811221624,5.6562899801916934e-05,0.0006073212481020801,0.0011450043163174772,0.18706227838993073,0.3135454058647156,0.25285908579826355,0.12643002612607393,0.0,0.0,2
4.735,PINN Conservative,0.2506814486682417,7.487657947385473e-05,0.0006031755635468172,0.001132218980658739,0.18718406558036804,0.3134312033653259,0.2523863613605499,0.12619366300381596,0.0,0.0,2
4.74,PINN Conservative,0.2506860910505059,9.339701604597926e-05,0.0005990923799625264,0.0011195765340538677,0.18730546534061432,0.3133173882961273,0.25191566348075867,0.12595831316439207,0.0,0.0,2
4.745,PINN Conservative,0.2506907938569786,0.00011215851047563649,0.0005951103937470041,0.0011065675281049514,0.1874265819787979,0.3132043182849884,0.25144654512405396,0.12572375308953,0.0,0.0,2
4.75,PINN Conservative,0.250695553198457,0.0001311455470787159,0.0005912048997600957,0.0010937574051421706,0.18754740059375763,0.31309130787849426,0.2509787678718567,0.12548986356948455,0.0,0.0,2
4.755,PINN Conservative,0.2507003716826441,0.00015036852909159078,0.0005873869319523877,0.0010802985826867118,0.1876678466796875,0.3129788637161255,0.25051212310791016,0.12525654029572872,0.0,0.0,2
4.76,PINN Conservative,0.2507052391618492,0.00016978697306179176,0.0005836567847088776,0.0010670197077606858,0.18778827786445618,0.312866747379303,0.2500467896461487,0.1250238726755714,0.0,0.0,2
4.765,PINN Conservative,0.2507101758718493,0.00018948160810661392,0.0005800448933467826,0.0010538409815147864,0.18790815770626068,0.3127552270889282,0.24958261847496033,0.12479178620292183,0.0,0.0,2
4.7700000000000005,PINN Conservative,0.25071516376733805,0.000209380443827422,0.0005765168700652372,0.001040392365899534,0.18802833557128906,0.3126438856124878,0.24911969900131226,0.12456032558143446,0.0,0.0,2
4.775,PINN Conservative,0.2507202086001637,0.000229506426792178,0.0005731069010713825,0.00102690046695475,0.18814752995967865,0.31253284215927124,0.24865850806236267,0.12432972923059965,0.0,0.0,2
4.78,PINN Conservative,0.2507253243327143,0.0002499152589030732,0.0005698028816869198,0.0010133981072734666,0.18826711177825928,0.3124224841594696,0.24819791316986084,0.1240994309041278,0.0,0.0,2
4.785,PINN Conservative,0.2507304757088425,0.000270466288398707,0.0005666251668639066,0.0009998898950485113,0.1883857697248459,0.31231212615966797,0.24773895740509033,0.12386995214465407,0.0,0.0,2
4.79,PINN Conservative,0.2507357002496722,0.00029130920299485716,0.0005635663201887508,0.000986109153498338,0.18850505352020264,0.3122023940086365,0.24728024005889893,0.12364059259492552,0.0,0.0,2
4.795,PINN Conservative,0.25074098129570505,0.0003123775408698325,0.0005606331540902297,0.000982110533100905,0.18862313032150269,0.3120931386947632,0.2468249499797821,0.12341294668528395,0.0,0.0,2
4.8,PINN Conservative,0.2507463203817608,0.00033367742507201177,0.0005578408202879035,0.0009783965775213566,0.18874184787273407,0.3119843602180481,0.24636933207511902,0.12318513686224275,0.0,0.0,2
4.805,PINN Conservative,0.25075172229111214,0.0003552279381096832,0.000555175002768477,0.0009751579887001538,0.1888594776391983,0.31187576055526733,0.24591541290283203,0.12295817640863597,0.0,0.0,2
4.8100000000000005,PINN Conservative,0.25075718413293385,0.000377017547252121,0.0005526611623234217,0.0009717474011820271,0.18897736072540283,0.3117676377296448,0.2454630434513092,0.12273199081837287,0.0,0.0,2
4.815,PINN Conservative,0.25076270489394686,0.0003990422100983098,0.0005502901186746454,0.0009686419987298689,0.1890946328639984,0.31165969371795654,0.24501115083694458,0.12250604364760014,0.0,0.0,2
4.82,PINN Conservative,0.25076827575266386,0.0004212667339848593,0.0005480785730517613,0.0009655045558785436,0.1892123520374298,0.31155234575271606,0.2445600926876068,0.12228051371093553,0.0,0.0,2
4.825,PINN Conservative,0.2507739072889092,0.0004437333263291399,0.0005460247202214783,0.0009624849647026923,0.1893291473388672,0.3114454448223114,0.24411150813102722,0.12205622057537717,0.0,0.0,2
4.83,PINN Conservative,0.25077960623800777,0.0004664688572057535,0.000544131304325341,0.0009596633942545729,0.18944589793682098,0.3113389015197754,0.2436639666557312,0.12183244898245399,0.0,0.0,2
4.835,PINN Conservative,0.2507853559702637,0.0004894069836876058,0.0005424062517362752,0.0009566714153131928,0.1895623505115509,0.3112325668334961,0.24321702122688293,0.12160897541389376,0.0,0.0,2
4.84,PINN Conservative,0.25079117539525053,0.0005126231441031346,0.0005408509688419886,0.0009536455974850644,0.18967857956886292,0.311127245426178,0.24277278780937195,0.12138685785618496,0.0,0.0,2
4.845,PINN Conservative,0.2507970504760744,0.0005360613393148739,0.0005394693657805357,0.0009510375681690275,0.18979467451572418,0.3110215663909912,0.24232792854309082,0.12116442737289507,0.0,0.0,2
4.8500000000000005,PINN Conservative,0.2508029863387348,0.0005597420191139944,0.0005382821272127517,0.0009482324598319714,0.18991050124168396,0.3109166622161865,0.241885244846344,0.12094308467852995,0.0,0.0,2
4.855,PINN Conservative,0.25080898100137733,0.0005836572770406926,0.0005372772665988145,0.0009457875231592971,0.1900261789560318,0.31081175804138184,0.24144315719604492,0.12072204000852778,0.0,0.0,2
4.86,PINN Conservative,0.2508150365948679,0.0006078156140253204,0.0005364632289963533,0.0009431669754713379,0.19014115631580353,0.31070786714553833,0.24100375175476074,0.1205023364481589,0.0,0.0,2
4.865,PINN Conservative,0.2508211459517481,0.0006321884360285964,0.0005358298579527862,0.000940575006905281,0.1902565360069275,0.3106037378311157,0.24056312441825867,0.12028202193784597,0.0,0.0,2
4.87,PINN Conservative,0.250827322393656,0.000656828888728954,0.0005354187786422586,0.0009383988883172045,0.19037088751792908,0.31050044298171997,0.2401265799999237,0.12006374889441927,0.0,0.0,2
4.875,PINN Conservative,0.25083356367051624,0.000681727995618761,0.000535200650473793,0.0009362112216501906,0.190485879778862,0.31039711833000183,0.23968824744224548,0.1198445817779037,0.0,0.0,2
4.88,PINN Conservative,0.25083985817432425,0.0007068394474328864,0.0005351871833648017,0.0009338161113230103,0.19059976935386658,0.31029465794563293,0.23925459384918213,0.11962775415263732,0.0,0.0,2
4.885,PINN Conservative,0.25084622216224695,0.0007322281009218317,0.0005353966703749386,0.0009317189208928323,0.1907142549753189,0.3101921081542969,0.23881852626800537,0.11940971952870098,0.0,0.0,2
4.89,PINN Conservative,0.2508526342660191,0.0007578087089908914,0.0005358059429657145,0.0009298634683111706,0.1908278465270996,0.3100905418395996,0.238386332988739,0.11919362206312384,0.0,0.0,2
4.8950000000000005,PINN Conservative,0.25085911549627804,0.0007836650920049226,0.0005364426502993465,0.0009280049517381705,0.19094164669513702,0.30998867750167847,0.2379533350467682,0.1189771222646567,0.0,0.0,2
4.9,PINN Conservative,0.25086565679311773,0.0008097611061470809,0.000537299447144536,0.0009258817893001425,0.1910548210144043,0.30988791584968567,0.23752343654632568,0.11876217219287692,0.0,0.0,2
4.905,PINN Conservative,0.25087225726246853,0.0008360931845934103,0.0005383692046866322,0.0009357100649388939,0.19116787612438202,0.30978694558143616,0.23709383606910706,0.11854737113327862,0.0,0.0,2
4.91,PINN Conservative,0.2508789277523758,0.0008627046048088888,0.0005396686637796616,0.0009495283418092804,0.19128073751926422,0.3096868395805359,0.2366657853126526,0.11833334493702401,0.0,0.0,2
4.915,PINN Conservative,0.2508856474906208,0.0008895124975816705,0.0005411910531062385,0.000963433027940136,0.19139322638511658,0.30958670377731323,0.23623892664909363,0.11811991478949528,0.0,0.0,2
4.92,PINN Conservative,0.25089243847131754,0.0009166046067832519,0.0005429425488764015,0.0009775616118200825,0.19150575995445251,0.30948707461357117,0.2358124852180481,0.11790669325902063,0.0,0.0,2
4.925,PINN Conservative,0.250899286657572,0.0009439249332757245,0.0005449225705414366,0.0009915384173681263,0.1916179060935974,0.3093879818916321,0.23538804054260254,0.11769447011016188,0.0,0.0,2
4.93,PINN Conservative,0.25090619745850584,0.000971495056345054,0.0005471384203786913,0.0010056967275221818,0.19172993302345276,0.30928897857666016,0.23496416211128235,0.11748253008444792,0.0,0.0,2
4.9350000000000005,PINN Conservative,0.2509131774902346,0.0009993413704890047,0.0005495836746202182,0.001019903983963899,0.19184152781963348,0.30919089913368225,0.23454239964485168,0.11727164804522244,0.0,0.0,2
4.94,PINN Conservative,0.2509202155917885,0.0010274193498538704,0.0005522695010532757,0.001034413443912613,0.19195309281349182,0.30909276008605957,0.23412084579467773,0.117060870314524,0.0,0.0,2
4.945,PINN Conservative,0.25092731398344065,0.0010557378520531292,0.0005551805497373001,0.001048793968550954,0.19206425547599792,0.3089953064918518,0.23370134830474854,0.11685112076787776,0.0,0.0,2
4.95,PINN Conservative,0.2509344638735058,0.001084261803316659,0.0005583180502756386,0.0010630313729956542,0.1921752691268921,0.30889758467674255,0.23328128457069397,0.1166410880980867,0.0,0.0,2
4.955,PINN Conservative,0.25094168977439424,0.0011130889940703108,0.0005616985815899466,0.0010776003972485515,0.19228561222553253,0.30880075693130493,0.23286443948745728,0.11643266475985559,0.0,0.0,2
4.96,PINN Conservative,0.25094896328449273,0.001142106118204123,0.0005652925343948616,0.0010924952400577503,0.19239652156829834,0.3087044358253479,0.23244771361351013,0.11622430102649707,0.0,0.0,2
4.965,PINN Conservative,0.2509563093930485,0.0011714128684495251,0.0005691258637455848,0.0011067876893693651,0.19250643253326416,0.30860814452171326,0.23203301429748535,0.1160169505759726,0.0,0.0,2
4.97,PINN Conservative,0.2509637222439053,0.001200985882109127,0.0005731903273458326,0.0011216736830868823,0.19261658191680908,0.3085123896598816,0.2316187620162964,0.11580982364372033,0.0,0.0,2
4.9750000000000005,PINN Conservative,0.2509712107330563,0.0012308606490822574,0.0005774930180810562,0.0011365310335677281,0.1927262842655182,0.30841705203056335,0.23120620846748352,0.11560354608090248,0.0,0.0,2
4.98,PINN Conservative,0.2509787314385178,0.0012608639406148496,0.000582009502799358,0.0011514230901739086,0.19283553957939148,0.30832216143608093,0.2307949662208557,0.11539792417168312,0.0,0.0,2
4.985,PINN Conservative,0.25098632469773313,0.0012911566799179114,0.000586746929266624,0.0011661984579247608,0.19294524192810059,0.30822768807411194,0.23038390278816223,0.11519239166977266,0.0,0.0,1
4.99,PINN Conservative,0.2509939951449635,0.0013217573550296253,0.0005917180861527936,0.00118118664583583,0.19305410981178284,0.308133065700531,0.22997435927391052,0.11498761912998773,0.0,0.0,1
4.995,PINN Conservative,0.25100171703100227,0.0013525632414173024,0.0005968999542288607,0.0011963961614168683,0.19316309690475464,0.30803826451301575,0.22956368327140808,0.11478228034391318,0.0,0.0,1
5.0,PINN Conservative,0.2510095060914757,0.0013836371151843014,0.000602309929362204,0.0012115458518791034,0.19327205419540405,0.307943195104599,0.22915294766426086,0.11457691175540233,0.0,0.0,1
