time,method,mass,conservation_error,l2_vs_cn,linf_vs_cn,min_c,max_c,tv,tv_ratio,overshoot_rel,negative_depth_rel,extrema_count
0.0,CN,0.25066267990416874,0.0,0.0,0.0,3.7266531720786777e-06,1.0,1.9999923558199433,1.0,0.0,0.0,1
0.005,CN,0.2506626776384472,9.038926559324277e-09,0.0,0.0,5.942096560473784e-06,0.9950371306652288,1.9900626592364998,0.9950351327321086,0.0,0.0,3
0.01,CN,0.2506626767273724,1.2673591167274249e-08,0.0,0.0,6.919524209653292e-06,0.9901473684024815,1.9802807390268864,0.9901441539335406,0.0,0.0,1
0.015,CN,0.25066267508957385,1.920746595095775e-08,0.0,0.0,8.540646951675858e-06,0.9853289353263692,1.9706409647003484,0.9853242483481586,0.0,0.0,3
0.02,CN,0.2506626739266045,2.3847045055400643e-08,0.0,0.0,9.726977561523342e-06,0.9805801135088688,1.961140627698708,0.9805740616916973,0.0,0.0,1
0.025,CN,0.2506626722459853,3.055174956109281e-08,0.0,0.0,1.1413421990544886e-05,0.9758992424039272,1.9517757606241979,0.9758916102576912,0.0,0.0,3
0.03,CN,0.25066267081477817,3.6261443374859866e-08,0.0,0.0,1.2842696286134822e-05,0.9712847164060293,1.9425436098349815,0.97127551721996,0.0,0.0,1
0.035,CN,0.25066266895633993,4.36755436204385e-08,0.0,0.0,1.4713898576491907e-05,0.9667349825345681,1.9334406242399518,0.9667240070261633,0.0,0.0,2
0.04,CN,0.2506626672286007,5.056822995939761e-08,0.0,0.0,1.6431038841628806e-05,0.9622485382364112,1.9244640811355653,0.9622357183193266,0.0,0.0,1
0.045,CN,0.2506626651194328,5.898259741409063e-08,0.0,0.0,1.8552100559244492e-05,0.9578239292996185,1.9156108263842149,0.9578090740246183,0.0,0.0,2
0.05,CN,0.25066266306088536,6.719501836325007e-08,0.0,0.0,2.0599552052998808e-05,0.9534597478716992,1.9068781649701037,0.9534427266289899,0.0,0.0,1
0.055,CN,0.25066266064407894,7.683668669050458e-08,0.0,0.0,2.30270869239675e-05,0.949154630576299,1.898263263935397,0.94913525964811,0.0,0.0,2
0.06,CN,0.2506626582161667,8.65226609290951e-08,0.0,0.0,2.544384285735709e-05,0.9449072567225678,1.8897634932290721,0.944885358051441,0.0,0.0,1
0.065,CN,0.25066265543961025,9.759952498512313e-08,0.0,0.0,2.8229474613838767e-05,0.9407163466018836,1.88137627568057,0.9406917332487784,0.0,0.0,2
0.07,CN,0.25066265260019754,1.0892714944857961e-07,0.0,0.0,3.10582045614681e-05,0.9365806598669196,1.8730990675743104,0.9365531133774709,0.0,0.0,1
0.075,CN,0.25066264941271077,1.2164338936009653e-07,0.0,0.0,3.425246220766723e-05,0.9324989939884121,1.8649295080826809,0.9324683180192005,0.0,0.0,2
0.08,CN,0.25066264611645744,1.3479354528720328e-07,0.0,0.0,3.753915367751749e-05,0.9284701827852376,1.8568651459253913,0.9284361215291377,0.0,0.0,1
0.085,CN,0.2506626424661873,1.4935602480391488e-07,0.0,0.0,4.119308159419256e-05,0.9244930950237482,1.8489038113367287,0.9244554390202795,0.0,0.0,2
0.09,CN,0.2506626386647964,1.6452138937161287e-07,0.0,0.0,4.498680530723944e-05,0.9205666330825142,1.8410431431926102,0.9205250899260722,0.0,0.0,1
0.095,CN,0.2506626344984893,1.8114255961804308e-07,0.0,0.0,4.915268988658244e-05,0.9166897316789119,1.8332811463796412,0.9166440766860057,0.0,0.0,2
0.1,CN,0.2506626301409042,1.9852681932409526e-07,0.0,0.0,5.350541484984189e-05,0.9128613575452739,1.825615544328192,0.9128112610109145,0.0,0.0,1
0.105,CN,0.2506626254035727,2.1742604865237198e-07,0.0,0.0,5.823711149447109e-05,0.9090823829692958,1.8180482593174006,0.9090276040440411,0.0,0.0,2
0.11,CN,0.25066262043615495,2.3724318998672504e-07,0.0,0.0,6.320353863767435e-05,0.9053499091463084,1.81057323802635,0.9052900791133591,0.0,0.0,1
0.115,CN,0.25066261507094845,2.586472797512909e-07,0.0,0.0,6.85565950707297e-05,0.90166298994061,1.803188811476823,0.9015978517265703,0.0,0.0,2
0.12,CN,0.25066260943765006,2.8112090201319525e-07,0.0,0.0,7.419399522723447e-05,0.8980207059526486,1.7958928346241383,0.8979498493572343,0.0,0.0,1
0.125,CN,0.2506626033858384,3.0526415167933683e-07,0.0,0.0,8.0225660609948e-05,0.8944221635553166,1.7886837954807244,0.8943453160086764,0.0,0.0,2
0.13,CN,0.25066259702837623,3.306267711576211e-07,0.0,0.0,8.659371023099054e-05,0.8908664939723698,1.7815595921105283,0.890783200708853,0.0,0.0,1
0.135,CN,0.2506625902294028,3.5775076680947726e-07,0.0,0.0,9.336287515726123e-05,0.8873528523968165,1.7745188711029463,0.8872628267498758,0.0,0.0,2
0.14,CN,0.25066258308743583,3.8624310944702815e-07,0.0,0.0,0.00010052348686124988,0.8838804171472344,1.7675595565743625,0.8837831561859697,0.0,0.0,1
0.145,CN,0.2506625754790157,4.1659633202912596e-07,0.0,0.0,0.00010809057893265455,0.8804483888601062,1.7606804581964575,0.8803435938507003,0.0,0.0,2
0.15,CN,0.2506625674903296,4.4846659729788246e-07,0.0,0.0,0.00011610772592409547,0.8770559897163746,1.7538795074946614,0.8769431055028297,0.0,0.0,1
0.155,CN,0.250662559008578,4.823039106052051e-07,0.0,0.0,0.0001245345755338079,0.8737024627004918,1.7471556844100262,0.8735811811109344,0.0,0.0,2
0.16,CN,0.2506625501092724,5.17807024086816e-07,0.0,0.0,0.00013346721053085993,0.8703870708904209,1.740506921521848,0.8702567869607116,0.0,0.0,2
0.165,CN,0.25066254068885463,5.55389075722041e-07,0.0,0.0,0.0001428237956149892,0.8671090967769878,1.7339323373477096,0.8669694823092681,0.0,0.0,2
0.17,CN,0.25066253081353695,5.947859164423582e-07,0.0,0.0,0.000152727619733813,0.8638678416112395,1.7274299089719802,0.8637182556949226,0.0,0.0,2
0.17500000000000002,CN,0.2506625203878329,6.363784825228695e-07,0.0,0.0,0.00016308994105008836,0.8606626247784044,1.7209988207330138,0.8605026992852932,0.0,0.0,2
0.18,CN,0.2506625094698143,6.799351005423068e-07,0.0,0.0,0.00017403166530603284,0.8574927831972137,1.7146371468455306,0.8573218501840599,0.0,0.0,2
0.185,CN,0.2506624979710941,7.258083841225716e-07,0.0,0.0,0.00018546711515213314,0.8543576707433451,1.7083441141889302,0.8541753218294451,0.0,0.0,2
0.19,CN,0.250662485942588,7.737952088252463e-07,0.0,0.0,0.00019751453066425704,0.8512566576959107,1.702117888656455,0.8510621971645648,0.0,0.0,2
0.195,CN,0.2506624733021939,8.242231150661464e-07,0.0,0.0,0.00021009144359051616,0.84818913020582,1.6959577362879201,0.8479821092079239,0.0,0.0,2
0.2,CN,0.2506624600945157,8.769141585769527e-07,0.0,0.0,0.00022331322483526366,0.8451544897851061,1.6898619095277416,0.8449341841783908,0.0,0.0,2
0.20500000000000002,CN,0.25066244624304895,9.321735484337296e-07,0.0,0.0,0.00023710068999244745,0.8421521528161481,1.6838297105631725,0.8419180731682584,0.0,0.0,2
0.21,CN,0.25066243178681524,9.898456108070738e-07,0.0,0.0,0.000251566197958348,0.8391815500799547,1.677859473576052,0.8389329432652629,0.0,0.0,2
0.215,CN,0.2506624166543244,1.050215550288123e-06,0.0,0.0,0.00026663386971671066,0.8362421263025955,1.6719505342050207,0.835978462287455,0.0,0.0,2
0.22,CN,0.25066240087965036,1.1131474317833007e-06,0.0,0.0,0.00028241295621705167,0.8333333397189825,1.6661013038550392,0.833053835934279,0.0,0.0,2
0.225,CN,0.25066238439582,1.178908439215846e-06,0.0,0.0,0.00029883086488089193,0.8304546616532078,1.6603111491952491,0.8301587475390955,0.0,0.0,2
0.23,CN,0.25066236723251534,1.2473801585517748e-06,0.0,0.0,0.0003159936791985666,0.8276055761147232,1.654578554623,0.8272924392976828,0.0,0.0,2
0.23500000000000001,CN,0.2506623493268534,1.3188134567196122e-06,0.0,0.0,0.0003338320433723226,0.8247855794096175,1.6489029156573776,0.8244546089684286,0.0,0.0,2
0.24,CN,0.2506623307046135,1.3931054888178294e-06,0.0,0.0,0.00035244884231645405,0.8219941797663839,1.6432827857243673,0.8216445332615611,0.0,0.0,2
0.245,CN,0.2506623113066353,1.470492271050896e-06,0.0,0.0,0.00037177788425847206,0.8192308969754962,1.637717587223409,0.8188619233756965,0.0,0.0,2
0.25,CN,0.25066229115522876,1.5508847991733032e-06,0.0,0.0,0.00039191884661088914,0.8164952620422238,1.6322059388957881,0.8161060886788377,0.0,0.0,2
0.255,CN,0.2506622701946377,1.6345055082817878e-06,0.0,0.0,0.0004128086117236671,0.8137868168520964,1.6267472882376748,0.813376752918014,0.0,0.0,2
0.26,CN,0.2506622484440871,1.721277702078929e-06,0.0,0.0,0.0004345436579484962,0.8111051138485018,1.6213403158264592,0.810673256379399,0.0,0.0,2
0.265,CN,0.2506622258509496,1.811411332983342e-06,0.0,0.0,0.0004570638393899973,0.808449715721863,1.615984492636009,0.8079953345489156,0.0,0.0,2
0.27,CN,0.250662202431708,1.904840644480748e-06,0.0,0.0,0.000480462457374227,0.8058201951099432,1.610678557819113,0.8053423570005486,0.0,0.0,2
0.275,CN,0.25066217813662295,2.001764067880465e-06,0.0,0.0,0.0005046822266280952,0.8032161343087912,1.6054220043543928,0.8027140702226399,0.0,0.0,2
0.28,CN,0.250662152979742,2.102125561569464e-06,0.0,0.0,0.0005298133041170433,0.8006371249938884,1.6002136269129879,0.8001098715484556,0.0,0.0,2
0.28500000000000003,CN,0.25066212691400314,2.2061128757363793e-06,0.0,0.0,0.0005558011482267188,0.7980827679510645,1.5950529391353891,0.7975295177973118,0.0,0.0,2
0.29,CN,0.2506626837263363,1.5248251490392775e-08,0.0,0.0,0.0005827328125173268,0.7955526728168076,1.5899387883436087,0.7949724326280119,0.0,0.0,2
0.295,CN,0.25066268372633765,1.5248256805374766e-08,0.0,0.0,0.0006105563785679619,0.7930464578275483,1.584870707613229,0.7924383825774546,0.0,0.0,2
0.3,CN,0.250662683726339,1.5248262120356757e-08,0.0,0.0,0.0006393480061606732,0.7905637499748898,1.5798476106962334,0.7899268245195558,0.0,0.0,2
0.305,CN,0.25066268372634026,1.5248267213881164e-08,0.0,0.0,0.0006690740036572381,0.7881054069289293,1.5748714634324208,0.7874387413779718,0.0,0.0,2
0.31,CN,0.25066268372634165,1.524827275032074e-08,0.0,0.0,0.000699776326035662,0.7856698253302035,1.5699387966623228,0.7849723985663385,0.0,0.0,2
0.315,CN,0.25066268372634287,1.5248277622387565e-08,0.0,0.0,0.0007314679330084849,0.7832566559948465,1.565049060098587,0.7825275209399282,0.0,0.0,2
0.32,CN,0.2506626837263442,1.5248282937369556e-08,0.0,0.0,0.0007641674622600135,0.7808655571932912,1.5602013633416765,0.7801036632972708,0.0,0.0,2
0.325,CN,0.2506626837263455,1.5248288030893963e-08,0.0,0.0,0.000797888839241055,0.7784961944468969,1.5553951749655637,0.777700559924337,0.0,0.0,2
0.33,CN,0.25066268372634687,1.524829356733354e-08,0.0,0.0,0.0008326491386306701,0.7761482403313219,1.55062964468997,0.7753177856793625,0.0,0.0,2
0.335,CN,0.25066268372634815,1.5248298660857945e-08,0.0,0.0,0.0008684630714414844,0.7738213742863791,1.5459042592043999,0.7729550839061186,0.0,0.0,2
0.34,CN,0.2506626837263495,1.5248303975839937e-08,0.0,0.0,0.00090534626367649,0.7715152824321067,1.5412182061449522,0.7706120484211021,0.0,0.0,2
0.34500000000000003,CN,0.2506626837263508,1.5248309290821928e-08,0.0,0.0,0.0009433140490672679,0.7692296573908368,1.5365709896088189,0.7682884312719616,0.0,0.0,2
0.35000000000000003,CN,0.25066268372635214,1.524831460580392e-08,0.0,0.0,0.0009823807070925678,0.7669641981150267,1.5319618330956468,0.7659838442070362,0.0,0.0,2
0.355,CN,0.2506626837263535,1.524831992078591e-08,0.0,0.0,0.0010225620471675328,0.764718609720612,1.5273902574380127,0.7636980476416989,0.0,0.0,2
0.36,CN,0.2506626837263548,1.52483252357679e-08,0.0,0.0,0.0010638710936615495,0.7624926033257088,1.5228555200840148,0.7614306702985797,0.0,0.0,2
0.365,CN,0.25066268372635614,1.5248330550749893e-08,0.0,0.0,0.0011063239990680785,0.760285895894444,1.5183571579625563,0.759181480641245,0.0,0.0,2
0.37,CN,0.2506626837263574,1.5248335644274303e-08,0.0,0.0,0.0011499326145987506,0.7580982100857016,1.513894460681724,0.7569501234723809,0.0,0.0,2
0.375,CN,0.25066268372635875,1.5248340959256294e-08,0.0,0.0,0.0011947133164046772,0.7559292741066616,1.5094669806587615,0.7547363749997537,0.0,0.0,2
0.38,CN,0.2506626837263601,1.5248346274238285e-08,0.0,0.0,0.0012406768561540919,0.7537788215708807,1.5050740379898078,0.7525398952701335,0.0,0.0,2
0.385,CN,0.25066268372636136,1.5248351367762692e-08,0.0,0.0,0.0012878397262910078,0.7516465913608154,1.5007152000016006,0.7503604679460625,0.0,0.0,2
0.39,CN,0.2506626837263628,1.524835712565985e-08,0.0,0.0,0.0013362116452124565,0.7495323274945618,1.4963898157136994,0.7481977675360763,0.0,0.0,2
0.395,CN,0.250662683726364,1.5248361997726674e-08,0.0,0.0,0.001385809125321801,0.7474357789967291,1.4920974668107565,0.7460515848817014,0.0,0.0,2
0.4,CN,0.25066268372636535,1.5248367312708666e-08,0.0,0.0,0.0014366409115539203,0.7453566997732232,1.4878375297701236,0.7439216082204225,0.0,0.0,2
0.405,CN,0.25066268372636674,1.524837284914824e-08,0.0,0.0,0.001488723450037118,0.7432948484898676,1.4836096001083472,0.7418076353097395,0.0,0.0,2
0.41000000000000003,CN,0.250662683726368,1.5248377942672648e-08,0.0,0.0,0.0015420645663661498,0.74124998845467,1.4794130803863235,0.7397093674289589,0.0,0.0,2
0.41500000000000004,CN,0.25066268372636935,1.524838325765464e-08,0.0,0.0,0.001596680563409653,0.7392218875036417,1.4752475794504396,0.7376266090005267,0.0,0.0,2
0.42,CN,0.25066268372637074,1.5248388794094212e-08,0.0,0.0,0.0016525783965421338,0.7372103178900254,1.4711125246553376,0.7355590737006696,0.0,0.0,2
0.425,CN,0.25066268372637207,1.5248394109076203e-08,0.0,0.0,0.001709774156862479,0.7352150561768239,1.4670075376976954,0.7335065723770038,0.0,0.0,2
0.43,CN,0.25066268372637335,1.5248399202600613e-08,0.0,0.0,0.0017682739742467006,0.7332358831324971,1.462932069514256,0.7314688304968511,0.0,0.0,2
0.435,CN,0.2506626837263747,1.5248404517582604e-08,0.0,0.0,0.0018280936672795379,0.7312725836297388,1.4588857541935483,0.729445665103777,0.0,0.0,2
0.44,CN,0.25066268372637596,1.524840961110701e-08,0.0,0.0,0.001889238581194405,0.7293249465472048,1.454868065115143,0.7274368128865604,0.0,0.0,2
0.445,CN,0.2506626837263773,1.5248414926089002e-08,0.0,0.0,0.0019517242084341603,0.727392764674116,1.4508786483208445,0.7254420968654268,0.0,0.0,2
0.45,CN,0.2506626837263786,1.5248420241070993e-08,0.0,0.0,0.0020155551470483796,0.7254758346176032,1.4469169985608827,0.723461264414526,0.0,0.0,2
0.455,CN,0.25066268372637995,1.5248425556052985e-08,0.0,0.0,0.002080746516231814,0.7235739567127475,1.442982773410441,0.7214941443207951,0.0,0.0,2
0.46,CN,0.2506626837263813,1.5248430871034976e-08,0.0,0.0,0.002147302201324166,0.7216869349351706,1.4390754879805223,0.7195404941388088,0.0,0.0,2
0.465,CN,0.2506626837263826,1.5248436186016967e-08,0.0,0.0,0.002215236907141003,0.7198145768161393,1.4351948109773898,0.7176001482210658,0.0,0.0,2
0.47000000000000003,CN,0.25066268372638395,1.5248441500998958e-08,0.0,0.0,0.0022845538381637246,0.717956693360059,1.4313402769207746,0.7156728738265419,0.0,0.0,2
0.47500000000000003,CN,0.2506626837263853,1.524844681598095e-08,0.0,0.0,0.0023552672491704675,0.7161130989643169,1.427511565262322,0.7137585106804474,0.0,0.0,2
0.48,CN,0.25066268372638667,1.5248452352420525e-08,0.0,0.0,0.002427379693331733,0.7142836113413499,1.4237082290322682,0.7118568352970459,0.0,0.0,2
0.485,CN,0.250662683726388,1.5248457667402517e-08,0.0,0.0,0.002500904944740698,0.7124680514429103,1.4199299580575864,0.7099676925892315,0.0,0.0,2
0.49,CN,0.2506626837263894,1.524846320384209e-08,0.0,0.0,0.002575844932779151,0.7106662433864169,1.4161763230308604,0.7080908679024756,0.0,0.0,2
0.495,CN,0.2506626837263907,1.524846851882408e-08,0.0,0.0,0.0026522129247927846,0.7088780143833658,1.4124470237991482,0.7062262111597335,0.0,0.0,2
0.5,CN,0.250662683726392,1.524847361234849e-08,0.0,0.0,0.002730010252116064,0.7071031946696889,1.4087416479159178,0.7043735161369512,0.0,0.0,2
0.505,CN,0.2506626837263934,1.5248479148788063e-08,0.0,0.0,0.0028092089827618815,0.7053424945811065,1.405061740534646,0.7025335554138197,0.0,0.0,2
0.51,CN,0.2506626837263948,1.524848468522764e-08,0.0,0.0,0.0028898505758963564,0.7035948601841586,1.4014050438744539,0.700705200095585,0.0,0.0,2
0.515,CN,0.25066268372639605,1.5248489778752045e-08,0.0,0.0,0.0029719441585516295,0.7018601304901911,1.397771283144436,0.6988883127862693,0.0,0.0,2
0.52,CN,0.2506626837263974,1.5248495093734037e-08,0.0,0.0,0.00305549313844856,0.7001381474082836,1.3941600714529456,0.6970827000393096,0.0,0.0,2
0.525,CN,0.2506626837263988,1.5248500851631194e-08,0.0,0.0,0.0031405058229620926,0.6984287555458523,1.3905711438174746,0.6952882293629455,0.0,0.0,2
0.53,CN,0.2506626837264001,1.5248505945155604e-08,0.0,0.0,0.0032269852947619357,0.6967318021497148,1.3870041276226885,0.693504714448798,0.0,0.0,2
0.535,CN,0.2506626837264015,1.5248511481595176e-08,0.0,0.0,0.003314939100844401,0.6950471370487389,1.3834587669731544,0.6917320273486612,0.0,0.0,2
0.54,CN,0.25066268372640277,1.5248516575119583e-08,0.0,0.0,0.0034043699910280313,0.6933746125979807,1.3799347029437485,0.6899699885992876,0.0,0.0,2
0.545,CN,0.2506626837264041,1.5248521890101574e-08,0.0,0.0,0.0034952847705394465,0.6917140836243219,1.3764316883808894,0.6882184746234139,0.0,0.0,2
0.55,CN,0.2506626837264055,1.524852742654115e-08,0.0,0.0,0.0035876858499619482,0.6900654073735016,1.372949377492003,0.6864773125240924,0.0,0.0,2
0.555,CN,0.25066268372640677,1.5248532520065557e-08,0.0,0.0,0.0036815793117127454,0.6884284434585553,1.3694875315354216,0.684746382930033,0.0,0.0,2
0.56,CN,0.25066268372640804,1.5248537613589967e-08,0.0,0.0,0.0037769672221084037,0.6868030538095723,1.3660458173201544,0.6830255192451035,0.0,0.0,2
0.5650000000000001,CN,0.2506626837264094,1.5248542928571958e-08,0.0,0.0,0.003873854959989628,0.6851891026247606,1.3626240042009654,0.6813146061462451,0.0,0.0,2
0.5700000000000001,CN,0.25066268372641076,1.524854846501153e-08,0.0,0.0,0.003972244243660544,0.6835864563227602,1.3592217710825427,0.6796134830851882,0.0,0.0,2
0.5750000000000001,CN,0.25066268372641204,1.524855355853594e-08,0.0,0.0,0.004072139767819803,0.6819949834961884,1.3558388951142522,0.6779220386361899,0.0,0.0,2
0.58,CN,0.2506626837264133,1.5248558652060347e-08,0.0,0.0,0.004173542900230119,0.6804145548663522,1.3524750668141543,0.6762401180576891,0.0,0.0,2
0.585,CN,0.25066268372641465,1.5248563967042338e-08,0.0,0.0,0.004276457671019967,0.6788450432391234,1.349130070837305,0.6745676136768022,0.0,0.0,2
0.59,CN,0.250662683726416,1.524856928202433e-08,0.0,0.0,0.004380885096027986,0.6772863234619204,1.3458036088550491,0.6729043763286313,0.0,0.0,2
0.595,CN,0.2506626837264173,1.524857459700632e-08,0.0,0.0,0.004486828560463813,0.675738272381765,1.342495472751471,0.6712503019548212,0.0,0.0,2
0.6,CN,0.2506626837264187,1.5248580133445897e-08,0.0,0.0,0.004594288727934805,0.674200768804396,1.3392053749120247,0.669605246747549,0.0,0.0,2
0.605,CN,0.25066268372642,1.5248585226970303e-08,0.0,0.0,0.004703268358410143,0.6726736934543937,1.3359331141847557,0.6679691101304529,0.0,0.0,2
0.61,CN,0.25066268372642136,1.524859076340988e-08,0.0,0.0,0.004813767763963559,0.6711569289362973,1.3326784132498108,0.6663417534430768,0.0,0.0,2
0.615,CN,0.2506626837264227,1.524859607839187e-08,0.0,0.0,0.004925789098981826,0.6696503596966791,1.3294410776651386,0.664723079464023,0.0,0.0,2
0.62,CN,0.25066268372642403,1.524860139337386e-08,0.0,0.0,0.005039332325637668,0.6681538719871485,1.3262208400048168,0.6631129544798193,0.0,0.0,2
0.625,CN,0.25066268372642536,1.5248606708355853e-08,0.0,0.0,0.005154399012330349,0.6666673538282597,1.3230175122930687,0.6615112845022185,0.0,0.0,2
0.63,CN,0.25066268372642675,1.5248612244795425e-08,0.0,0.0,0.005270988773830627,0.6651906949743034,1.3198308366147709,0.6599179405731657,0.0,0.0,2
0.635,CN,0.2506626837264281,1.5248617559777417e-08,0.0,0.0,0.005389102612043326,0.6637237868789415,1.3166606312267186,0.6583328318207111,0.0,0.0,2
0.64,CN,0.2506626837264294,1.5248622874759408e-08,0.0,0.0,0.005508739797635684,0.6622665226616812,1.31350664735813,0.6567558338589887,0.0,0.0,2
0.645,CN,0.2506626837264308,1.5248628411198984e-08,0.0,0.0,0.005629900785374435,0.6608187970751409,1.3103687092740859,0.6551868588202028,0.0,0.0,2
0.65,CN,0.25066268372643213,1.5248633726180975e-08,0.0,0.0,0.005752584505856203,0.6593805064731237,1.3072465769974986,0.653625786715351,0.0,0.0,2
0.655,CN,0.2506626837264334,1.524863881970538e-08,0.0,0.0,0.005876790885897809,0.6579515487794134,1.304140080586426,0.6520725325731376,0.0,0.0,2
0.66,CN,0.2506626837264348,1.5248644356144954e-08,0.0,0.0,0.006002518520729737,0.6565318234573485,1.3010489885217753,0.6505269806335735,0.0,0.0,2
0.665,CN,0.2506626837264362,1.524864989258453e-08,0.0,0.0,0.006129766828210613,0.6551212314800839,1.2979731364478,0.6489890487184716,0.0,0.0,2
0.67,CN,0.2506626837264375,1.524865520756652e-08,0.0,0.0,0.00625853407352032,0.6537196753015752,1.2949123009819217,0.6474586251361157,0.0,0.0,2
0.675,CN,0.25066268372643885,1.5248660522548512e-08,0.0,0.0,0.006388819184329234,0.6523270588282223,1.2918663231559315,0.6459356304020977,0.0,0.0,2
0.68,CN,0.2506626837264401,1.524866561607292e-08,0.0,0.0,0.006520620101635187,0.6509432873911885,1.288834987415761,0.6444199567389712,0.0,0.0,2
0.685,CN,0.25066268372644146,1.524867093105491e-08,0.0,0.0,0.0066539352814458125,0.6495682677193523,1.2858181399898205,0.6429115272606477,0.0,0.0,2
0.6900000000000001,CN,0.2506626837264428,1.52486762460369e-08,0.0,0.0,0.006788762346943078,0.6482019079128937,1.2828155728573656,0.6414102379563573,0.0,0.0,2
0.6950000000000001,CN,0.25066268372644407,1.524868133956131e-08,0.0,0.0,0.006925099300732664,0.6468441174174745,1.2798271372598955,0.6399160144465655,0.0,0.0,2
0.7000000000000001,CN,0.25066268372644546,1.5248686876000884e-08,0.0,0.0,0.007062943249850936,0.645494806999026,1.276852632837248,0.6384287565508082,0.0,0.0,2
0.705,CN,0.2506626837264468,1.5248692190982875e-08,0.0,0.0,0.0072022219558245115,0.6441545564960397,1.2738933908327223,0.6369491298932791,0.0,0.0,2
0.71,CN,0.2506626837264482,1.524869772742245e-08,0.0,0.0,0.0073430013066334366,0.6428226036193951,1.2709477284511215,0.6354762930731638,0.0,0.0,2
0.715,CN,0.25066268372644956,1.5248703263862024e-08,0.0,0.0,0.007485277743283492,0.6414988626480244,1.2680155072499595,0.6340101768689547,0.0,0.0,2
0.72,CN,0.2506626837264509,1.5248708578844015e-08,0.0,0.0,0.007629048656449765,0.6401832495130821,1.265096539049202,0.632550687190275,0.0,0.0,2
0.725,CN,0.25066268372645223,1.5248713893826006e-08,0.0,0.0,0.007774310165468815,0.6388756813458392,1.2621906906021778,0.6310977574135345,0.0,0.0,2
0.73,CN,0.25066268372645356,1.5248719208807997e-08,0.0,0.0,0.007921059297685249,0.6375760764557495,1.2592977803378953,0.6296512967528903,0.0,0.0,2
0.735,CN,0.25066268372645495,1.5248724745247573e-08,0.0,0.0,0.008069291862994541,0.6362843543089995,1.256417679199041,0.6282112406794391,0.0,0.0,2
0.74,CN,0.2506626837264563,1.5248730060229565e-08,0.0,0.0,0.008219004538174457,0.6350004355075416,1.2535502119749116,0.6267775015874946,0.0,0.0,2
0.745,CN,0.25066268372645756,1.524873515375397e-08,0.0,0.0,0.008370192835779153,0.6337242417685792,1.2506952536558749,0.6253500169720015,0.0,0.0,2
0.75,CN,0.25066268372645895,1.5248740690193547e-08,0.0,0.0,0.008522853094798716,0.6324556959045167,1.247852635152703,0.623928702288023,0.0,0.0,2
0.755,CN,0.2506626837264603,1.5248746005175538e-08,0.0,0.0,0.008676980542405848,0.6311947218033314,1.245022235366961,0.6225134969861099,0.0,0.0,2
0.76,CN,0.25066268372646155,1.5248751098699945e-08,0.0,0.0,0.008832571192563613,0.6299412444093949,1.2422038911015827,0.6211043194674174,0.0,0.0,2
0.765,CN,0.25066268372646294,1.524875663513952e-08,0.0,0.0,0.008989619998872303,0.6286951897046889,1.2393974850378187,0.6197011110723465,0.0,0.0,2
0.77,CN,0.25066268372646433,1.5248762171579093e-08,0.0,0.0,0.009148122662979182,0.6274564846904455,1.2366028596505263,0.618303793038025,0.0,0.0,2
0.775,CN,0.25066268372646555,1.524876704364592e-08,0.0,0.0,0.009308073876560345,0.6262250573691691,1.2338199012738658,0.6169123085313157,0.0,0.0,2
0.78,CN,0.25066268372646694,1.524877258008549e-08,0.0,0.0,0.009469469041580978,0.6250008367270626,1.231048457843079,0.6155265815195489,0.0,0.0,2
0.785,CN,0.25066268372646827,1.5248777895067482e-08,0.0,0.0,0.009632302599270835,0.6237837527168033,1.2282884192230075,0.6141465569349349,0.0,0.0,2
0.79,CN,0.25066268372646966,1.5248783431507058e-08,0.0,0.0,0.009796569664443906,0.6225737362407137,1.225539638606028,0.6127721613733816,0.0,0.0,2
0.795,CN,0.2506626837264709,1.5248788303573884e-08,0.0,0.0,0.009962264439182583,0.6213707191342692,1.2228020092697922,0.6114033414735108,0.0,0.0,2
0.8,CN,0.2506626837264722,1.5248793618555875e-08,0.0,0.0,0.01012938176355477,0.620174634149967,1.2200753894685308,0.610040026362167,0.0,0.0,2
0.805,CN,0.25066268372647355,1.5248798933537866e-08,0.0,0.0,0.010297915611607514,0.6189854149415235,1.2173596757789853,0.6086821643275233,0.0,0.0,2
0.81,CN,0.2506626837264749,1.5248804248519857e-08,0.0,0.0,0.010467860560921628,0.6178029960484174,1.2146547313295684,0.6073296869335245,0.0,0.0,2
0.8150000000000001,CN,0.25066268372647627,1.524880978495943e-08,0.0,0.0,0.010639210368426704,0.6166273128807398,1.2119604558863992,0.6059825440630386,0.0,0.0,2
0.8200000000000001,CN,0.2506626837264776,1.524881509994142e-08,0.0,0.0,0.010811959361310904,0.615458301704376,1.2092767172716852,0.6046406696269168,0.0,0.0,2
0.8250000000000001,CN,0.25066268372647893,1.5248820414923412e-08,0.0,0.0,0.010986101090103702,0.6142958996264813,1.2066034183350465,0.6033040150497833,0.0,0.0,2
0.8300000000000001,CN,0.25066268372648026,1.5248825729905404e-08,0.0,0.0,0.011161629643514328,0.6131400445812663,1.203940431419087,0.6019725165026961,0.0,0.0,2
0.835,CN,0.2506626837264816,1.5248831044887395e-08,0.0,0.0,0.011338538376182839,0.6119906753160672,1.2012876623547226,0.6006461269009336,0.0,0.0,2
0.84,CN,0.2506626837264829,1.5248836359869386e-08,0.0,0.0,0.011516821150058218,0.6108477313777119,1.1986449878382484,0.5993247845924071,0.0,0.0,2
0.845,CN,0.25066268372648426,1.5248841674851377e-08,0.0,0.0,0.011696471134190452,0.6097111530991519,1.1960123165832135,0.5980084439337172,0.0,0.0,2
0.85,CN,0.25066268372648565,1.5248847211290953e-08,0.0,0.0,0.01187748197527896,0.6085808815863807,1.1933895294793084,0.5966970453694813,0.0,0.0,2
0.855,CN,0.2506626837264869,1.524885230481536e-08,0.0,0.0,0.012059846666866962,0.6074568587056031,1.190776538027447,0.5953905446499872,0.0,0.0,2
0.86,CN,0.25066268372648826,1.524885761979735e-08,0.0,0.0,0.012243558651696448,0.6063390270706783,1.1881732271565744,0.5940888842394876,0.0,0.0,2
0.865,CN,0.2506626837264896,1.5248862934779342e-08,0.0,0.0,0.012428610757667335,0.6052273300308035,1.1855795110629685,0.5927920212359575,0.0,0.0,2
0.87,CN,0.2506626837264909,1.5248868249761334e-08,0.0,0.0,0.012614996234628013,0.6041217116584525,1.1829952785665783,0.5914999000491589,0.0,0.0,2
0.875,CN,0.25066268372649225,1.5248873564743325e-08,0.0,0.0,0.012802707754475435,0.6030221167375506,1.1804204464701826,0.5902124790803223,0.0,0.0,2
0.88,CN,0.2506626837264936,1.5248878879725316e-08,0.0,0.0,0.012991738384992025,0.6019284907518939,1.1778549073421525,0.5889297046134276,0.0,0.0,2
0.885,CN,0.25066268372649486,1.5248883973249726e-08,0.0,0.0,0.013182080651486551,0.6008407798737831,1.175298580505931,0.5876515363100426,0.0,0.0,2
0.89,CN,0.2506626837264962,1.5248889288231717e-08,0.0,0.0,0.01337372745025998,0.5997589309528986,1.1727513621411387,0.5863779222597789,0.0,0.0,2
0.895,CN,0.2506626837264976,1.524889482467129e-08,0.0,0.0,0.013566671169219807,0.598682891505383,1.1702131740089587,0.5851088233430786,0.0,0.0,2
0.9,CN,0.2506626837264989,1.524890013965328e-08,0.0,0.0,0.013760904298760522,0.5976126097031451,1.1676839162578299,0.5838441896339702,0.0,0.0,2
0.905,CN,0.25066268372650025,1.5248905454635272e-08,0.0,0.0,0.013956321605160067,0.5965485645322105,1.1651647683306021,0.5825846108561329,0.0,0.0,2
0.91,CN,0.25066268372650163,1.5248910991074845e-08,0.0,0.0,0.014153012016836978,0.5954901702020007,1.1626543700643714,0.5813294069255152,0.0,0.0,2
0.915,CN,0.2506626837265029,1.5248916084599255e-08,0.0,0.0,0.014350967934260973,0.5944373762969862,1.1601526463514515,0.5800785402881302,0.0,0.0,2
0.92,CN,0.25066268372650424,1.5248921399581246e-08,0.0,0.0,0.014550181569252238,0.5933901335826834,1.1576595040421849,0.5788319643689716,0.0,0.0,2
0.925,CN,0.25066268372650563,1.524892693602082e-08,0.0,0.0,0.014750645198711144,0.5923483934287317,1.155174871388612,0.5775896432939222,0.0,0.0,2
0.93,CN,0.2506626837265069,1.524893202954523e-08,0.0,0.0,0.014952350915426356,0.5913121077993944,1.1526986583236727,0.5763515320292797,0.0,0.0,2
0.935,CN,0.2506626837265083,1.52489375659848e-08,0.0,0.0,0.015155290881335262,0.5902812292442637,1.1502307952518098,0.5751175957771328,0.0,0.0,2
0.9400000000000001,CN,0.2506626837265096,1.5248942880966792e-08,0.0,0.0,0.01535945707911215,0.5892557108891197,1.147771195076395,0.5738877909890008,0.0,0.0,2
0.9450000000000001,CN,0.25066268372651096,1.5248948195948783e-08,0.0,0.0,0.015564841564116265,0.5882355064269866,1.1453197902838559,0.5726620839079685,0.0,0.0,2
0.9500000000000001,CN,0.2506626837265123,1.5248953510930775e-08,0.0,0.0,0.015771436217556587,0.587220570109337,1.142876496640087,0.5714404324168221,0.0,0.0,2
0.9550000000000001,CN,0.25066268372651357,1.5248958604455185e-08,0.0,0.0,0.015979232996375662,0.5862108567374823,1.140441248645398,0.5702228037655913,0.0,0.0,2
0.96,CN,0.25066268372651496,1.5248964140894757e-08,0.0,0.0,0.016188223688699904,0.5852063216541051,1.138013964824375,0.5690091572164133,0.0,0.0,2
0.965,CN,0.25066268372651623,1.5248969234419167e-08,0.0,0.0,0.016398400160992636,0.58420692073497,1.1355945816253366,0.5677994609933262,0.0,0.0,2
0.97,CN,0.2506626837265176,1.524897477085874e-08,0.0,0.0,0.01660975411641664,0.5832126103807725,1.1331830202316517,0.5665936756878639,0.0,0.0,2
0.975,CN,0.25066268372651895,1.524898008584073e-08,0.0,0.0,0.01682227733866854,0.5822233475091553,1.1307792189759382,0.5653917704662171,0.0,0.0,2
0.98,CN,0.25066268372652023,1.524898517936514e-08,0.0,0.0,0.017035961453805447,0.5812390895468562,1.1283831016041992,0.564193707201242,0.0,0.0,2
0.985,CN,0.25066268372652156,1.5248990494347132e-08,0.0,0.0,0.017250798170245055,0.5802597944220209,1.125994608271728,0.5629994559704706,0.0,0.0,2
0.99,CN,0.25066268372652284,1.524899558787154e-08,0.0,0.0,0.01746677904453895,0.5792854205566372,1.1236136651946305,0.5618089798818151,0.0,0.0,2
0.995,CN,0.25066268372652417,1.524900090285353e-08,0.0,0.0,0.017683895717089445,0.5783159268591251,1.121240214291266,0.5606222498943441,0.0,0.0,2
1.0,CN,0.2506626837265255,1.524900621783552e-08,0.0,0.0,0.017902139682288164,0.577351272717052,1.1188741841587793,0.5594392303064932,0.0,0.0,2
1.0050000000000001,CN,0.25066268372652684,1.5249011532817512e-08,0.0,0.0,0.01812150251956234,0.5763914179899878,1.1165155184209452,0.5582598929300426,0.0,0.0,2
1.01,CN,0.25066268372652817,1.5249016847799504e-08,0.0,0.0,0.018341975668238517,0.5754363230024857,1.1141641479702153,0.5570842032110858,0.0,0.0,2
1.0150000000000001,CN,0.25066268372652944,1.5249021941323914e-08,0.0,0.0,0.018563550653587092,0.5744859485371911,1.1118200180800129,0.5559121337862296,0.0,0.0,2
1.02,CN,0.25066268372653083,1.5249027477763486e-08,0.0,0.0,0.0187862188667174,0.5735402558280781,1.1094830618555644,0.5547436512079598,0.0,0.0,2
1.025,CN,0.2506626837265321,1.5249032571287893e-08,0.0,0.0,0.019009971785341157,0.5725992065538045,1.1071532261660053,0.5535787289107423,0.0,0.0,2
1.03,CN,0.2506626837265335,1.524903810772747e-08,0.0,0.0,0.01923480075895564,0.5716627628311887,1.1048304462498861,0.5524173345137288,0.0,0.0,2
1.035,CN,0.25066268372653483,1.524904342270946e-08,0.0,0.0,0.019460697224093815,0.5707308872088005,1.1025146705198772,0.5512594422231557,0.0,0.0,2
1.04,CN,0.2506626837265361,1.5249048516233867e-08,0.0,0.0,0.019687652495007483,0.5698035426606716,1.1002058362713563,0.5501050206865923,0.0,0.0,2
1.045,CN,0.25066268372653744,1.5249053831215858e-08,0.0,0.0,0.019915657973214856,0.5688806925801103,1.0979038934100656,0.5489540448568136,0.0,0.0,2
1.05,CN,0.25066268372653877,1.524905914619785e-08,0.0,0.0,0.020144704943854914,0.5679623007736346,1.0956087812145525,0.5478064843729776,0.0,0.0,2
1.055,CN,0.2506626837265401,1.524906446117984e-08,0.0,0.0,0.02037478477938198,0.5670483314550055,1.093320451034821,0.5466623149099932,0.0,0.0,2
1.06,CN,0.25066268372654144,1.524906977616183e-08,0.0,0.0,0.020605888741725226,0.5661387492393696,1.0910388440616623,0.5455215070631435,0.0,0.0,2
1.065,CN,0.25066268372654277,1.5249075091143823e-08,0.0,0.0,0.02083800818001567,0.5652335191375063,1.0887639130421343,0.5443840372058674,0.0,0.0,2
1.07,CN,0.2506626837265441,1.5249080406125814e-08,0.0,0.0,0.021071134338650807,0.5643326065501644,1.086495601010971,0.5432498768554227,0.0,0.0,2
1.075,CN,0.2506626837265454,1.5249085499650224e-08,0.0,0.0,0.021305258548971827,0.5634359772625169,1.0842338620666099,0.5421190030609407,0.0,0.0,2
1.08,CN,0.2506626837265467,1.5249090814632215e-08,0.0,0.0,0.021540372043302315,0.5625435974386914,1.0819786410219598,0.5409913882287704,0.0,0.0,2
1.085,CN,0.25066268372654804,1.5249096129614206e-08,0.0,0.0,0.021776466140523282,0.5616554336164168,1.0797298932826718,0.5398670100616517,0.0,0.0,2
1.09,CN,0.2506626837265494,1.5249101444596198e-08,0.0,0.0,0.02201353206612708,0.5607714527017391,1.0774875653764828,0.5387458418233513,0.0,0.0,2
1.095,CN,0.2506626837265507,1.524910675957819e-08,0.0,0.0,0.022251561131663707,0.5598916219638502,1.0752516139735289,0.5376278618488541,0.0,0.0,2
1.1,CN,0.25066268372655204,1.524911207456018e-08,0.0,0.0,0.02249054446126672,0.5590159090299905,1.0730219874544844,0.536513044328399,0.0,0.0,2
1.105,CN,0.25066268372655337,1.524911738954217e-08,0.0,0.0,0.022730353389112324,0.558144715946458,1.0707997517946235,0.53540192225166,0.0,0.0,2
1.11,CN,0.25066268372655465,1.5249122483066578e-08,0.0,0.0,0.022971098307518287,0.5572775735510828,1.0685837434581902,0.5342939138485354,0.0,0.0,2
1.115,CN,0.250662683726556,1.524912779804857e-08,0.0,0.0,0.023212770501011646,0.5564144499399023,1.066373920424284,0.5331889981084948,0.0,0.0,2
1.12,CN,0.2506626837265573,1.524913311303056e-08,0.0,0.0,0.02345536125675158,0.5555553141693861,1.0641702339948322,0.532087150682409,0.0,0.0,2
1.125,CN,0.25066268372655864,1.5249138428012552e-08,0.0,0.0,0.023698861866993957,0.5547001356292093,1.0619726445342765,0.5309883517524226,0.0,0.0,2
1.1300000000000001,CN,0.25066268372656,1.5249143742994543e-08,0.0,0.0,0.02394326363007322,0.5538488840376625,1.0597811048276384,0.5298925777109565,0.0,0.0,2
1.135,CN,0.2506626837265613,1.5249149057976534e-08,0.0,0.0,0.02418855785036934,0.5530015294371556,1.0575955763422054,0.5287998092915808,0.0,0.0,2
1.1400000000000001,CN,0.2506626837265627,1.5249154594416107e-08,0.0,0.0,0.024434735841583736,0.5521580421897789,1.0554160132937502,0.5277100236020942,0.0,0.0,2
1.145,CN,0.2506626837265641,1.5249160130855683e-08,0.0,0.0,0.02468178892442821,0.5513183929729542,1.0532423782162854,0.5266232019094315,0.0,0.0,2
1.1500000000000001,CN,0.25066268372656536,1.524916522438009e-08,0.0,0.0,0.024929708431983767,0.5504825527751468,1.0510746267058955,0.52553932201155,0.0,0.0,2
1.155,CN,0.2506626837265668,1.5249170982277246e-08,0.0,0.0,0.025178485705319366,0.5496504928916602,1.0489127223284056,0.5244583656912926,0.0,0.0,2
1.16,CN,0.25066268372656814,1.5249176297259238e-08,0.0,0.0,0.025428112100733733,0.5488221849204818,1.0467566220115978,0.5233803114124682,0.0,0.0,2
1.165,CN,0.25066268372656947,1.524918161224123e-08,0.0,0.0,0.025678578983499976,0.5479976007582251,1.0446062903193452,0.5223051414569455,0.0,0.0,2
1.17,CN,0.25066268372657086,1.5249187148680805e-08,0.0,0.0,0.025929877736802897,0.5471767125961072,1.0424616854642954,0.5212328349309685,0.0,0.0,2
1.175,CN,0.25066268372657213,1.524919224220521e-08,0.0,0.0,0.02618199975379303,0.5463594929160206,1.0403227729757196,0.520163374599107,0.0,0.0,2
1.18,CN,0.2506626837265735,1.5249197778644787e-08,0.0,0.0,0.026434936448044094,0.545545914486647,1.0381895123059908,0.5190967401874698,0.0,0.0,2
1.185,CN,0.2506626837265748,1.5249202872169194e-08,0.0,0.0,0.02668867924408845,0.5447359503596533,1.0360618699182214,0.5180329149275492,0.0,0.0,2
1.19,CN,0.2506626837265761,1.5249207965693604e-08,0.0,0.0,0.026943219589230263,0.5439295738659307,1.0339398064610017,0.516971879143565,0.0,0.0,2
1.195,CN,0.25066268372657746,1.5249213502133176e-08,0.0,0.0,0.02719854894272369,0.5431267586119133,1.031823289300769,0.5159136165186737,0.0,0.0,2
1.2,CN,0.25066268372657874,1.5249218595657586e-08,0.0,0.0,0.027454658788788163,0.5423274784759401,1.029712280240403,0.5148581079542419,0.0,0.0,2
1.205,CN,0.25066268372658,1.5249223689181993e-08,0.0,0.0,0.027711540624580016,0.5415317076046894,1.0276067475201636,0.5138053375703391,0.0,0.0,2
1.21,CN,0.2506626837265814,1.524922922562157e-08,0.0,0.0,0.02796918597426588,0.5407394204096592,1.0255066540568094,0.5127552868252735,0.0,0.0,2
1.215,CN,0.25066268372658274,1.524923454060356e-08,0.0,0.0,0.028227586375929325,0.5399505915637115,1.0234119689358971,0.5117079402617645,0.0,0.0,2
1.22,CN,0.250662683726584,1.5249239634127967e-08,0.0,0.0,0.028486733396568327,0.539165195997667,1.021322656149108,0.5106632798755839,0.0,0.0,2
1.225,CN,0.2506626837265854,1.5249245170567543e-08,0.0,0.0,0.028746618618067928,0.5383832088969622,1.0192386855997273,0.5096212906183167,0.0,0.0,2
1.23,CN,0.25066268372658673,1.5249250485549534e-08,0.0,0.0,0.029007233652997396,0.5376046056983448,1.0171600223168142,0.5085819550044259,0.0,0.0,2
1.235,CN,0.25066268372658806,1.5249255800531525e-08,0.0,0.0,0.029268570129771194,0.5368293620866398,1.0150866369947151,0.5075452583810286,0.0,0.0,2
1.24,CN,0.25066268372658934,1.524926089405593e-08,0.0,0.0,0.029530619709130148,0.5360574539915497,1.0130184956636825,0.5065111837631859,0.0,0.0,2
1.245,CN,0.2506626837265907,1.5249266209037923e-08,0.0,0.0,0.029793374068604286,0.535288857584517,1.0109555697833439,0.5054797168806574,0.0,0.0,2
1.25,CN,0.25066268372659195,1.5249271302562333e-08,0.0,0.0,0.030056824919570575,0.534523549275632,1.0088978263502608,0.5044508412316605,0.0,0.0,2
1.2550000000000001,CN,0.2506626837265933,1.5249276617544324e-08,0.0,0.0,0.030320963991123266,0.5337615057105856,1.0068452375644261,0.5034245429161386,0.0,0.0,2
1.26,CN,0.25066268372659467,1.5249282153983897e-08,0.0,0.0,0.030585783047608565,0.5330027037676777,1.0047977713550806,0.5024008058986508,0.0,0.0,2
1.2650000000000001,CN,0.25066268372659595,1.5249287247508303e-08,0.0,0.0,0.03085127387200013,0.532247120554863,1.0027554006384947,0.5013796166372805,0.0,0.0,2
1.27,CN,0.25066268372659734,1.524929278394788e-08,0.0,0.0,0.031117428283819158,0.5314947334068494,1.0007180942441656,0.5003609595467169,0.0,0.0,2
1.2750000000000001,CN,0.2506626837265986,1.5249297877472286e-08,0.0,0.0,0.03138423812210507,0.5307455198822384,0.9986858257813512,0.4993448214315383,0.0,0.0,2
1.28,CN,0.25066268372659994,1.5249303192454277e-08,0.0,0.0,0.031651695263636065,0.5299994577607116,0.9966585649485595,0.49833118714094093,0.0,0.0,2
1.285,CN,0.2506626837266012,1.5249308285978687e-08,0.0,0.0,0.0319197916055788,0.5292565250402562,0.994636286025517,0.4973200438147389,0.0,0.0,2
1.29,CN,0.2506626837266026,1.524931382241826e-08,0.0,0.0,0.03218851908393108,0.5285166999344401,0.9926189595496125,0.4963113767215702,0.0,0.0,2
1.295,CN,0.2506626837266039,1.524931891594267e-08,0.0,0.0,0.032457869655927445,0.5277799608697209,0.9906065604492773,0.49530517332560264,0.0,0.0,2
1.3,CN,0.2506626837266053,1.5249324452382242e-08,0.0,0.0,0.03272783531600743,0.5270462864828043,0.9885990600769862,0.4943014193030188,0.0,0.0,2
1.305,CN,0.2506626837266066,1.5249329767364233e-08,0.0,0.0,0.03299827269100934,0.5263160194498276,0.986597432436997,0.4933006016578091,0.0,0.0,2
1.31,CN,0.25066268372660794,1.5249335082346224e-08,0.0,0.0,0.03326930864290552,0.5255887726038977,0.9846006476215301,0.4923022054341154,0.0,0.0,2
1.315,CN,0.2506626837266092,1.5249340175870634e-08,0.0,0.0,0.03354093526886539,0.5248645245928932,0.9826086805569492,0.49130621809507163,0.0,0.0,2
1.32,CN,0.25066268372661055,1.5249345490852626e-08,0.0,0.0,0.03381314470232561,0.5241432548995317,0.9806215041702517,0.4903126261041249,0.0,0.0,2
1.325,CN,0.2506626837266119,1.5249350805834617e-08,0.0,0.0,0.0340859291056811,0.5234249432037446,0.9786390952441956,0.48932141785260963,0.0,0.0,2
1.33,CN,0.2506626837266132,1.5249356120816608e-08,0.0,0.0,0.034359280678039866,0.5227095693802665,0.976661427433583,0.4883325801678767,0.0,0.0,2
1.335,CN,0.25066268372661454,1.52493614357986e-08,0.0,0.0,0.03463319164849502,0.5219971134962584,0.9746884780882785,0.487346101724815,0.0,0.0,2
1.34,CN,0.25066268372661593,1.5249366972238172e-08,0.0,0.0,0.034907654283262875,0.521287555808979,0.9727202215658043,0.48636196970213674,0.0,0.0,2
1.345,CN,0.25066268372661726,1.5249372287220163e-08,0.0,0.0,0.03518266087950788,0.5205808767634731,0.9707566357648543,0.4853801730491465,0.0,0.0,2
1.35,CN,0.2506626837266186,1.5249377602202154e-08,0.0,0.0,0.03545820377189312,0.5198770569903108,0.9687976957214856,0.48440069928382523,0.0,0.0,2
1.355,CN,0.2506626837266199,1.5249382695726564e-08,0.0,0.0,0.035734275326930895,0.5191760773033453,0.9668433798655405,0.48342353762105283,0.0,0.0,2
1.36,CN,0.25066268372662126,1.5249388232166137e-08,0.0,0.0,0.0360108679489745,0.5184779186975176,0.9648936638882926,0.48244867590641966,0.0,0.0,2
1.365,CN,0.2506626837266226,1.5249393547148128e-08,0.0,0.0,0.036287974075067585,0.5177825623466821,0.9629485267336448,0.4814761036118369,0.0,0.0,2
1.37,CN,0.2506626837266239,1.524939886213012e-08,0.0,0.0,0.036565586180405556,0.5170899896014737,0.9610079447256076,0.48050580889926453,0.0,0.0,2
1.375,CN,0.2506626837266252,1.524940395565453e-08,0.0,0.0,0.03684369677365703,0.5164001819871966,0.959071897305621,0.47953778148938336,0.0,0.0,2
1.3800000000000001,CN,0.2506626837266266,1.5249409492094102e-08,0.0,0.0,0.03712229840192302,0.5157131212017523,0.9571403614087517,0.47857200984968257,0.0,0.0,2
1.385,CN,0.25066268372662787,1.524941458561851e-08,0.0,0.0,0.03740138364650479,0.5150287891135925,0.955213316958005,0.47760848394162647,0.0,0.0,2
1.3900000000000001,CN,0.2506626837266292,1.52494199006005e-08,0.0,0.0,0.03768094512738705,0.5143471677597053,0.9532907414786053,0.47664719252778426,0.0,0.0,2
1.395,CN,0.25066268372663053,1.524942521558249e-08,0.0,0.0,0.03796097549942798,0.5136682393436247,0.9513726153596772,0.47568812580268083,0.0,0.0,2
1.4000000000000001,CN,0.25066268372663186,1.5249430530564482e-08,0.0,0.0,0.03824146745639228,0.51299198623348,0.9494589166964489,0.47473127281388844,0.0,0.0,2
1.405,CN,0.2506626837266332,1.5249435845546473e-08,0.0,0.0,0.03852241372753933,0.5123183909600573,0.94754962632924,0.4737766239815302,0.0,0.0,2
1.41,CN,0.2506626837266345,1.5249441160528465e-08,0.0,0.0,0.03880380708123135,0.5116474362149067,0.9456447229038434,0.47282416862846177,0.0,0.0,2
1.415,CN,0.25066268372663586,1.5249446475510456e-08,0.0,0.0,0.03908564032189606,0.5109791048484593,0.9437441876973429,0.47187389739318936,0.0,0.0,2
1.42,CN,0.25066268372663714,1.5249451569034866e-08,0.0,0.0,0.039367906293234424,0.5103133798681867,0.9418479998873548,0.47092579986448113,0.0,0.0,2
1.425,CN,0.2506626837266385,1.524945710547444e-08,0.0,0.0,0.039650597875535896,0.5096502444367729,0.9399561411737763,0.46997986689225096,0.0,0.0,2
1.43,CN,0.2506626837266398,1.5249462198998848e-08,0.0,0.0,0.039933707988508683,0.508989681870327,0.938068591247978,0.46903608832214516,0.0,0.0,2
1.435,CN,0.25066268372664113,1.524946751398084e-08,0.0,0.0,0.040217229588925804,0.5083316756366033,0.9361853322191852,0.4680944552087422,0.0,0.0,2
1.44,CN,0.25066268372664247,1.524947282896283e-08,0.0,0.0,0.040501155673101,0.5076762093532647,0.934306344275089,0.4671549576458498,0.0,0.0,2
1.445,CN,0.2506626837266438,1.5249478143944822e-08,0.0,0.0,0.040785479274844695,0.5070232667861554,0.9324316099212064,0.4662175868861931,0.0,0.0,2
1.45,CN,0.25066268372664513,1.5249483458926813e-08,0.0,0.0,0.041070193467606764,0.5063728318476102,0.9305611098247444,0.4652823332633385,0.0,0.0,2
1.455,CN,0.25066268372664646,1.5249488773908804e-08,0.0,0.0,0.04135529136272311,0.5057248885947789,0.9286948268749118,0.4643491882218579,0.0,0.0,2
1.46,CN,0.25066268372664785,1.5249494310348377e-08,0.0,0.0,0.04164076611124597,0.5050794212279771,0.9268327422022206,0.46341814232697104,0.0,0.0,2
1.465,CN,0.2506626837266492,1.5249499625330368e-08,0.0,0.0,0.04192661090246152,0.5044364140890608,0.9249748390673844,0.4624891872090029,0.0,0.0,2
1.47,CN,0.2506626837266505,1.524950494031236e-08,0.0,0.0,0.042212818965428375,0.5037958516598244,0.9231210990485963,0.46156231365701467,0.0,0.0,2
1.475,CN,0.2506626837266518,1.524951003383677e-08,0.0,0.0,0.042499383567747816,0.5031577185604154,0.9212715057662959,0.4606375134811949,0.0,0.0,2
1.48,CN,0.2506626837266531,1.524951534881876e-08,0.0,0.0,0.04278629801682898,0.5025219995477811,0.9194260412312822,0.4597147776869088,0.0,0.0,2
1.485,CN,0.25066268372665446,1.5249520663800752e-08,0.0,0.0,0.043073555658894876,0.5018886795141227,0.9175846894123376,0.45879409825851686,0.0,0.0,2
1.49,CN,0.25066268372665584,1.5249526200240325e-08,0.0,0.0,0.04336114987999278,0.5012577434853864,0.9157474327383222,0.4578754664104155,0.0,0.0,2
1.495,CN,0.2506626837266572,1.5249531515222316e-08,0.0,0.0,0.043649074105218226,0.500629176619763,0.9139142555153631,0.45695887429563836,0.0,0.0,2
1.5,CN,0.2506626837266585,1.5249536830204307e-08,0.0,0.0,0.043937321799489094,0.5000029642062144,0.9120851405763624,0.45604431333060363,0.0,0.0,2
1.5050000000000001,CN,0.2506626837266598,1.5249541923728714e-08,0.0,0.0,0.04422574223317721,0.4993794023126583,0.9102609823210203,0.45513223071687076,0.0,0.0,2
1.51,CN,0.2506626837266612,1.524954746016829e-08,0.0,0.0,0.0445144727938299,0.49875816413715146,0.9084408515894009,0.454222161872696,0.0,0.0,2
1.5150000000000001,CN,0.2506626837266625,1.524955277515028e-08,0.0,0.0,0.04480350716136021,0.49813923474746613,0.9066247319279971,0.4533140985712944,0.0,0.0,2
1.52,CN,0.25066268372666384,1.5249558090132272e-08,0.0,0.0,0.045092838967912184,0.4975225999625365,0.9048126069622109,0.4524080326253357,0.0,0.0,2
1.5250000000000001,CN,0.25066268372666517,1.5249563405114263e-08,0.0,0.0,0.04538246188612496,0.4969082457247382,0.9030044619698874,0.45150395667371424,0.0,0.0,2
1.53,CN,0.25066268372666656,1.5249568941553836e-08,0.0,0.0,0.045672369627307086,0.4962961580985341,0.90120028094054,0.45060186271115626,0.0,0.0,2
1.5350000000000001,CN,0.2506626837266679,1.5249574256535827e-08,0.0,0.0,0.04596255594324585,0.495686323269135,0.8994000494483546,0.44970174352472697,0.0,0.0,2
1.54,CN,0.2506626837266693,1.5249579792975403e-08,0.0,0.0,0.04625301462444695,0.49507872754118243,0.8976037518348591,0.4488035912851605,0.0,0.0,2
1.545,CN,0.25066268372667055,1.524958488649981e-08,0.0,0.0,0.04654373950185614,0.4944733573374429,0.8958113739613112,0.44790739892305864,0.0,0.0,2
1.55,CN,0.2506626837266719,1.52495902014818e-08,0.0,0.0,0.04683472444516573,0.493870199197529,0.8940229005095827,0.44701315877932807,0.0,0.0,2
1.555,CN,0.2506626837266733,1.5249595737921377e-08,0.0,0.0,0.04712596336444866,0.4932692397766247,0.8922383176190452,0.44612086392362804,0.0,0.0,2
1.56,CN,0.25066268372667466,1.524960127436095e-08,0.0,0.0,0.047417450208530935,0.4926704658442397,0.8904576103006514,0.4452305068614063,0.0,0.0,2
1.565,CN,0.25066268372667594,1.524960636788536e-08,0.0,0.0,0.04770917896654077,0.4920738642829747,0.8886807649632305,0.4443420807970514,0.0,0.0,2
1.57,CN,0.25066268372667727,1.524961168286735e-08,0.0,0.0,0.048001143666345565,0.4914794220873,0.8869077669359585,0.44345557839512345,0.0,0.0,2
1.575,CN,0.25066268372667866,1.5249617219306923e-08,0.0,0.0,0.04829333837601855,0.4908871263623579,0.8851386028887428,0.4425709929905505,0.0,0.0,2
1.58,CN,0.25066268372668,1.5249622534288914e-08,0.0,0.0,0.04858575720233826,0.49029696432277237,0.8833732584585121,0.4416883174017696,0.0,0.0,2
1.585,CN,0.2506626837266813,1.5249627849270905e-08,0.0,0.0,0.048878394292175185,0.4897089232914834,0.8816117205681597,0.44080754509020237,0.0,0.0,2
1.59,CN,0.25066268372668266,1.5249633164252897e-08,0.0,0.0,0.04917124383105327,0.48912299069858794,0.8798539751522663,0.4399286690231122,0.0,0.0,2
1.595,CN,0.25066268372668393,1.5249638257777307e-08,0.0,0.0,0.04946430004445755,0.48853915408019855,0.8781000093788808,0.4390516827844991,0.0,0.0,2
1.6,CN,0.2506626837266852,1.5249643351301713e-08,0.0,0.0,0.04975755719645716,0.4879574010773228,0.876349809470487,0.43817657948557864,0.0,0.0,2
1.605,CN,0.25066268372668665,1.524964910919887e-08,0.0,0.0,0.05005100959093582,0.48737771943474917,0.8746033628327372,0.43730335282915284,0.0,0.0,2
1.61,CN,0.25066268372668793,1.524965420272328e-08,0.0,0.0,0.05034465157027458,0.48680009699994997,0.8728606559666117,0.43643199606568606,0.0,0.0,2
1.615,CN,0.2506626837266892,1.5249659296247687e-08,0.0,0.0,0.05063847751650811,0.48622452172200126,0.871121676508052,0.4355625030131255,0.0,0.0,2
1.62,CN,0.2506626837266906,1.5249664832687263e-08,0.0,0.0,0.050932481850065735,0.48565098165051296,0.8693864112274683,0.4346948670566509,0.0,0.0,2
1.625,CN,0.25066268372669187,1.524966992621167e-08,0.0,0.0,0.05122665903085517,0.48507946493457565,0.867654847984026,0.43382908212582183,0.0,0.0,2
1.6300000000000001,CN,0.2506626837266932,1.524967524119366e-08,0.0,0.0,0.05152100355706043,0.4845099598217153,0.8659269738088112,0.43296514173615647,0.0,0.0,2
1.635,CN,0.2506626837266946,1.5249680777633233e-08,0.0,0.0,0.05181550996615587,0.4839424546568726,0.8642027767773828,0.4321030399254115,0.0,0.0,2
1.6400000000000001,CN,0.25066268372669587,1.5249685871157643e-08,0.0,0.0,0.05211017283375904,0.48337693788138036,0.862482244173066,0.4312427703352253,0.0,0.0,2
1.645,CN,0.25066268372669714,1.524969096468205e-08,0.0,0.0,0.052404986774576875,0.48281339803196743,0.8607653642812056,0.4303843271082478,0.0,0.0,2
1.6500000000000001,CN,0.25066268372669853,1.5249696501121626e-08,0.0,0.0,0.0526999464413127,0.48225182373976627,0.8590521246292232,0.429527704008166,0.0,0.0,2
1.655,CN,0.2506626837266998,1.5249701594646032e-08,0.0,0.0,0.05299504652554693,0.4816922037293371,0.8573425137058668,0.4286728952793319,0.0,0.0,2
1.6600000000000001,CN,0.2506626837267012,1.5249707131085608e-08,0.0,0.0,0.05329028175669573,0.48113452681770597,0.8556365192747997,0.4278198948035537,0.0,0.0,2
1.665,CN,0.25066268372670253,1.52497124460676e-08,0.0,0.0,0.05358564690282913,0.48057878191340664,0.8539341300220022,0.4269686969238001,0.0,0.0,2
1.67,CN,0.25066268372670386,1.524971776104959e-08,0.0,0.0,0.05388113676967966,0.48002495801554734,0.8522353339397943,0.42611929563620793,0.0,0.0,2
1.675,CN,0.25066268372670514,1.5249722854573997e-08,0.0,0.0,0.0541767462013998,0.4794730442128767,0.8505401199054314,0.42527168537938376,0.0,0.0,2
1.68,CN,0.25066268372670647,1.524972816955599e-08,0.0,0.0,0.05447247007961978,0.47892302968286954,0.8488484761325733,0.42442586026013496,0.0,0.0,2
1.685,CN,0.2506626837267078,1.524973348453798e-08,0.0,0.0,0.05476830332414615,0.4783749036908221,0.8471603916839849,0.42358181480982304,0.0,0.0,2
1.69,CN,0.25066268372670913,1.524973879951997e-08,0.0,0.0,0.05506424089206651,0.4778286555889552,0.845475854987614,0.4227395432423998,0.0,0.0,2
1.695,CN,0.25066268372671047,1.5249744114501962e-08,0.0,0.0,0.05536027777839212,0.47728427481553204,0.843794855286156,0.4218990401791925,0.0,0.0,2
1.7,CN,0.25066268372671185,1.5249749650941538e-08,0.0,0.0,0.0556564090152082,0.4767417508939869,0.8421173812150375,0.4210602999378925,0.0,0.0,2
1.705,CN,0.25066268372671313,1.5249754744465945e-08,0.0,0.0,0.055952481740998684,0.4762013426360313,0.8404442564619659,0.42022373436392774,0.0,0.0,2
1.71,CN,0.2506626837267144,1.5249759837990355e-08,0.0,0.0,0.05624863875518067,0.47566276929955675,0.8387746336110311,0.41938891974772374,0.0,0.0,2
1.715,CN,0.25066268372671574,1.5249765152972346e-08,0.0,0.0,0.056544875368976455,0.4751260200662728,0.8371085007301464,0.4185558501232143,0.0,0.0,2
1.72,CN,0.2506626837267171,1.5249770467954337e-08,0.0,0.0,0.05684118677040566,0.47459108480697654,0.8354458468658139,0.4177245200136295,0.0,0.0,2
1.725,CN,0.2506626837267184,1.5249775782936328e-08,0.0,0.0,0.057137568184110206,0.47405795347327734,0.8337866617851937,0.4168949243025299,0.0,0.0,2
1.73,CN,0.2506626837267197,1.5249780876460735e-08,0.0,0.0,0.0574340148714607,0.47352661609677676,0.8321309347229189,0.41606705760721147,0.0,0.0,2
1.735,CN,0.250662683726721,1.5249786191442726e-08,0.0,0.0,0.0577305221301892,0.4729970627882807,0.8304786556052233,0.4152409148907718,0.0,0.0,2
1.74,CN,0.25066268372672235,1.5249791506424717e-08,0.0,0.0,0.05802708529449016,0.47246928373700026,0.8288298138489787,0.41441649086162663,0.0,0.0,2
1.745,CN,0.25066268372672373,1.5249797042864293e-08,0.0,0.0,0.05832369973465188,0.47194326920978585,0.827184399534807,0.413593780560068,0.0,0.0,2
1.75,CN,0.25066268372672507,1.524980235784628e-08,0.0,0.0,0.058620360857151804,0.4714190095503449,0.8255424022561407,0.4127727787827921,0.0,0.0,2
1.7550000000000001,CN,0.25066268372672634,1.524980745137069e-08,0.0,0.0,0.0589170641042867,0.47089649517849064,0.8239038122434488,0.4119534806450149,0.0,0.0,2
1.76,CN,0.25066268372672773,1.5249812987810264e-08,0.0,0.0,0.059213804954262185,0.4703757165893843,0.8222686192612385,0.4111358810289704,0.0,0.0,2
1.7650000000000001,CN,0.25066268372672906,1.5249818302792255e-08,0.0,0.0,0.059510578920822725,0.46985666435279977,0.8206368136854474,0.41031997512260904,0.0,0.0,2
1.77,CN,0.2506626837267304,1.5249823617774246e-08,0.0,0.0,0.05980738155333488,0.469339329112382,0.8190083854463638,0.4095057578910557,0.0,0.0,2
1.7750000000000001,CN,0.2506626837267317,1.5249828932756237e-08,0.0,0.0,0.06010420843641791,0.4688237015849327,0.8173833250611575,0.40869322459287716,0.0,0.0,2
1.78,CN,0.250662683726733,1.5249834026280647e-08,0.0,0.0,0.06040105519002037,0.46830977255968265,0.8157616226207911,0.40788237027353574,0.0,0.0,2
1.7850000000000001,CN,0.2506626837267344,1.524983956272022e-08,0.0,0.0,0.06069791746905191,0.46779753289759474,0.8141432687795656,0.4070731902601641,0.0,0.0,2
1.79,CN,0.2506626837267358,1.5249845099159796e-08,0.0,0.0,0.06099479096345356,0.46728697353065796,0.8125282537841935,0.4062656796760999,0.0,0.0,2
1.795,CN,0.2506626837267371,1.5249850414141787e-08,0.0,0.0,0.061291671397830545,0.46677808546120064,0.8109165684221488,0.4054598339150625,0.0,0.0,2
1.8,CN,0.2506626837267384,1.5249855507666194e-08,0.0,0.0,0.061588554531516626,0.4662708597612041,0.809308203091132,0.40465564817588384,0.0,0.0,2
1.805,CN,0.2506626837267398,1.524986104410577e-08,0.0,0.0,0.0618854361582085,0.46576528757163177,0.8077031487079628,0.40385311791695633,0.0,0.0,2
1.81,CN,0.25066268372674105,1.5249866137630176e-08,0.0,0.0,0.062182312106023284,0.4652613601017591,0.8061013958167412,0.40305223841031196,0.0,0.0,2
1.815,CN,0.2506626837267424,1.5249871452612167e-08,0.0,0.0,0.062479178237136224,0.4647590686285179,0.8045029354599313,0.4022530051771656,0.0,0.0,2
1.82,CN,0.25066268372674366,1.5249876546136577e-08,0.0,0.0,0.06277603044783059,0.46425840449584077,0.8029077583236002,0.4014554135605331,0.0,0.0,2
1.825,CN,0.25066268372674494,1.5249881639660984e-08,0.0,0.0,0.06307286466813855,0.46375935911402255,0.8013158555722785,0.40065945914266277,0.0,0.0,2
1.83,CN,0.2506626837267463,1.524988717610056e-08,0.0,0.0,0.06336967686188451,0.46326192395907867,0.7997272180297241,0.3998651373354162,0.0,0.0,2
1.835,CN,0.25066268372674766,1.524989249108255e-08,0.0,0.0,0.0636664630263288,0.4627660905721208,0.7981418369790738,0.3990724437803449,0.0,0.0,2
1.84,CN,0.250662683726749,1.5249897806064542e-08,0.0,0.0,0.06396321919220462,0.46227185055873216,0.7965597033776496,0.3982813739560927,0.0,0.0,2
1.845,CN,0.25066268372675027,1.524990289958895e-08,0.0,0.0,0.06425994142336534,0.4617791955883559,0.794980808623851,0.39749192356184293,0.0,0.0,2
1.85,CN,0.2506626837267516,1.524990821457094e-08,0.0,0.0,0.06455662581681437,0.46128811739368397,0.7934051438045784,0.3967040881410287,0.0,0.0,2
1.855,CN,0.25066268372675293,1.524991352955293e-08,0.0,0.0,0.06485326850235643,0.4607986077700611,0.7918327004302602,0.39591786344884805,0.0,0.0,2
1.86,CN,0.25066268372675427,1.5249918844534923e-08,0.0,0.0,0.06514986564262072,0.4603106585748865,0.7902634697135291,0.39513324509160047,0.0,0.0,2
1.865,CN,0.25066268372675565,1.52499243809745e-08,0.0,0.0,0.06544641343271661,0.4598242617270333,0.7886974432737185,0.3943502288789367,0.0,0.0,2
1.87,CN,0.250662683726757,1.5249929695956486e-08,0.0,0.0,0.06574290810024964,0.4593394092062604,0.7871346124454799,0.39356881047816594,0.0,0.0,2
1.875,CN,0.2506626837267583,1.5249935010938478e-08,0.0,0.0,0.06603934590498184,0.45885609305264796,0.7855749689540275,0.3927889857518794,0.0,0.0,2
1.8800000000000001,CN,0.25066268372675965,1.524994032592047e-08,0.0,0.0,0.0663357231388413,0.45837430536602325,0.784018504252453,0.3920107504266067,0.0,0.0,2
1.885,CN,0.2506626837267609,1.524994541944488e-08,0.0,0.0,0.0666320361255867,0.457894038305404,0.7824652101689253,0.39123410041641665,0.0,0.0,2
1.8900000000000001,CN,0.25066268372676226,1.524995073442687e-08,0.0,0.0,0.06692828122081058,0.4574152840884421,0.7809150782715142,0.3904590315053279,0.0,0.0,2
1.895,CN,0.25066268372676365,1.5249956270866443e-08,0.0,0.0,0.06722445481160848,0.4569380349908774,0.7793681004885211,0.3896855396574759,0.0,0.0,2
1.9000000000000001,CN,0.250662683726765,1.5249961585848434e-08,0.0,0.0,0.06752055331657605,0.45646228334599553,0.7778242684996564,0.3889136207126998,0.0,0.0,2
1.905,CN,0.25066268372676626,1.5249966679372844e-08,0.0,0.0,0.06781642545541047,0.45598825765995316,0.77628434202249,0.38814365453123656,0.0,0.0,2
1.9100000000000001,CN,0.25066268372676764,1.5249972215812416e-08,0.0,0.0,0.06811221530688813,0.45551571336464486,0.7747475436197006,0.3873752523929397,0.0,0.0,2
1.915,CN,0.250662683726769,1.5249977530794408e-08,0.0,0.0,0.0684079196077748,0.45504464238941306,0.7732138638149963,0.3866084095596452,0.0,0.0,2
1.92,CN,0.25066268372677025,1.5249982624318818e-08,0.0,0.0,0.06870353490577787,0.45457503730358584,0.7716832945139176,0.38584312198410786,0.0,0.0,2
1.925,CN,0.25066268372677164,1.524998816075839e-08,0.0,0.0,0.06899905777913069,0.4541068907313057,0.7701558279409947,0.38507938577857787,0.0,0.0,2
1.93,CN,0.25066268372677303,1.5249993697197966e-08,0.0,0.0,0.06929448483642275,0.4536401953510276,0.7686314561038693,0.38431719694686084,0.0,0.0,2
1.935,CN,0.2506626837267743,1.5249998790722373e-08,0.0,0.0,0.06958981271643615,0.4531749438950164,0.7671101713166195,0.3835565516459811,0.0,0.0,2
1.94,CN,0.2506626837267757,1.525000432716195e-08,0.0,0.0,0.06988503808797353,0.4527111291488551,0.7655919656860947,0.3827974459293483,0.0,0.0,2
1.945,CN,0.250662683726777,1.525000964214394e-08,0.0,0.0,0.0701801576496967,0.45224874395095277,0.7640768316135352,0.3820398759975681,0.0,0.0,2
1.95,CN,0.25066268372677836,1.525001495712593e-08,0.0,0.0,0.07047516812995203,0.45178778119206714,0.7625647613022051,0.38128383795225756,0.0,0.0,2
1.955,CN,0.2506626837267797,1.5250020272107922e-08,0.0,0.0,0.07077006628661074,0.4513282338148188,0.7610557472382061,0.38052932803645323,0.0,0.0,2
1.96,CN,0.2506626837267811,1.5250025808547495e-08,0.0,0.0,0.07106484890689255,0.4508700948132248,0.7595497817185118,0.37977634239862723,0.0,0.0,2
1.965,CN,0.25066268372678246,1.525003134498707e-08,0.0,0.0,0.0713595128072077,0.4504133572322301,0.7580468573118658,0.37902487732313705,0.0,0.0,2
1.97,CN,0.25066268372678385,1.5250036881426643e-08,0.0,0.0,0.07165405483297861,0.44995801416723785,0.75654696640634,0.3782749290040041,0.0,0.0,2
1.975,CN,0.25066268372678513,1.5250041974951053e-08,0.0,0.0,0.07194847185848363,0.4495040587636655,0.7550501016511629,0.37752649376582875,0.0,0.0,2
1.98,CN,0.2506626837267865,1.5250047511390626e-08,0.0,0.0,0.0722427607866774,0.44905148421647756,0.7535562555229985,0.37677956784692845,0.0,0.0,2
1.985,CN,0.2506626837267878,1.5250052604915036e-08,0.0,0.0,0.07253691854903602,0.448600283769749,0.7520654207494677,0.37603414761109977,0.0,0.0,2
1.99,CN,0.2506626837267892,1.5250058141354608e-08,0.0,0.0,0.07283094210537623,0.448150450716215,0.7505775898933966,0.3752902293397416,0.0,0.0,2
1.995,CN,0.25066268372679057,1.525006367779418e-08,0.0,0.0,0.07312482844370208,0.44770197839683895,0.7490927557587881,0.3745478094348416,0.0,0.0,2
2.0,CN,0.25066268372679185,1.525006877131859e-08,0.0,0.0,0.07341857458002327,0.44725486020037375,0.7476109109922817,0.3738068842197056,0.0,0.0,2
2.005,CN,0.2506626837267932,1.5250074086300582e-08,0.0,0.0,0.07371217755820242,0.44680908956293797,0.7461320484723146,0.37306745013353837,0.0,0.0,2
2.0100000000000002,CN,0.25066268372679457,1.5250079622740154e-08,0.0,0.0,0.0740056344497738,0.44636465996758584,0.7446561609270703,0.3723295035404179,0.0,0.0,2
2.015,CN,0.25066268372679595,1.525008515917973e-08,0.0,0.0,0.07429894235379131,0.44592156494389507,0.7431832413075359,0.37159304091582424,0.0,0.0,2
2.02,CN,0.25066268372679723,1.5250090252704137e-08,0.0,0.0,0.07459209839664689,0.44547979806754423,0.7417132824212527,0.3708580586635143,0.0,0.0,2
2.025,CN,0.2506626837267986,1.5250095789143713e-08,0.0,0.0,0.07488509973191969,0.44503935295990915,0.7402462772899332,0.37012455329433097,0.0,0.0,2
2.0300000000000002,CN,0.2506626837268,1.5250101325583285e-08,0.0,0.0,0.07517794354019389,0.4446002232876489,0.7387822187983601,0.3693925212506521,0.0,0.0,2
2.035,CN,0.2506626837268014,1.525010686202286e-08,0.0,0.0,0.07547062702890936,0.44416240276231234,0.7373211000372093,0.3686619590778023,0.0,0.0,2
2.04,CN,0.2506626837268027,1.5250112177004852e-08,0.0,0.0,0.07576314743217943,0.4437258851399331,0.7358629139664667,0.36793286325576113,0.0,0.0,2
2.045,CN,0.25066268372680406,1.5250117491986844e-08,0.0,0.0,0.07605550201064239,0.44329066422064,0.7344076537440621,0.3672052303634804,0.0,0.0,2
2.05,CN,0.2506626837268054,1.5250122806968835e-08,0.0,0.0,0.0763476880512798,0.4428567338482659,0.7329553124032101,0.3664790569175541,0.0,0.0,2
2.055,CN,0.2506626837268068,1.5250128343408407e-08,0.0,0.0,0.07663970286726847,0.4424240879099631,0.7315058831674464,0.3657543395297371,0.0,0.0,2
2.06,CN,0.25066268372680806,1.5250133436932817e-08,0.0,0.0,0.07693154379779914,0.44199272033582265,0.7300593591413098,0.36503107475228574,0.0,0.0,2
2.065,CN,0.25066268372680944,1.525013897337239e-08,0.0,0.0,0.07722320820793013,0.4415626250984951,0.7286157336123464,0.3643092592289602,0.0,0.0,2
2.07,CN,0.2506626837268108,1.525014428835438e-08,0.0,0.0,0.0775146934884056,0.44113379621281745,0.7271749997545727,0.3635888895467555,0.0,0.0,2
2.075,CN,0.25066268372681205,1.525014938187879e-08,0.0,0.0,0.07780599705551056,0.44070622773544826,0.7257371509180066,0.3628699623806681,0.0,0.0,2
2.08,CN,0.2506626837268134,1.5250154696860782e-08,0.0,0.0,0.0780971163508896,0.44027991376449377,0.7243021803443666,0.36215247435154424,0.0,0.0,2
2.085,CN,0.2506626837268147,1.5250160011842774e-08,0.0,0.0,0.07838804884140277,0.4398548484391552,0.7228700814446443,0.36143642216486715,0.0,0.0,2
2.09,CN,0.2506626837268161,1.5250165548282346e-08,0.0,0.0,0.07867879201894534,0.4394310259393605,0.7214408475265409,0.3607218024744747,0.0,0.0,2
2.095,CN,0.25066268372681744,1.5250170863264337e-08,0.0,0.0,0.07896934340030397,0.4390084404854198,0.7200144720605743,0.3600086120156133,0.0,0.0,2
2.1,CN,0.2506626837268188,1.5250176399703913e-08,0.0,0.0,0.07925970052697812,0.4385870863376678,0.7185909484187738,0.35929684747428486,0.0,0.0,2
2.105,CN,0.25066268372682016,1.5250181714685904e-08,0.0,0.0,0.07954971623985996,0.43816716694139796,0.7171709778706918,0.35858685948660585,0.0,0.0,2
2.11,CN,0.2506626837268215,1.5250187029667892e-08,0.0,0.0,0.07983953279154093,0.4377484668299967,0.7157538449148875,0.35787829030048846,0.0,0.0,2
2.115,CN,0.2506626837268228,1.5250192344649884e-08,0.0,0.0,0.08012914806711752,0.43733097982922686,0.7143395414908358,0.3571711358856548,0.0,0.0,2
2.12,CN,0.2506626837268242,1.525019788108946e-08,0.0,0.0,0.08041855970887227,0.43691470036447544,0.7129280611042161,0.3564653929949321,0.0,0.0,2
2.125,CN,0.25066268372682554,1.525020319607145e-08,0.0,0.0,0.08070776538296552,0.43649962289938227,0.7115193974056304,0.3557610584536092,0.0,0.0,2
2.13,CN,0.2506626837268269,1.5250208511053442e-08,0.0,0.0,0.08099676277927075,0.4360857419355042,0.7101135439603141,0.35505812904429157,0.0,0.0,2
2.1350000000000002,CN,0.2506626837268282,1.5250213826035433e-08,0.0,0.0,0.08128554961122283,0.435673052011999,0.7087104944729603,0.3543566016193137,0.0,0.0,2
2.14,CN,0.25066268372682954,1.5250219141017424e-08,0.0,0.0,0.08157412361565605,0.43526154770529113,0.7073102425669164,0.3536564729903371,0.0,0.0,2
2.145,CN,0.25066268372683087,1.5250224455999416e-08,0.0,0.0,0.08186248255265205,0.43485122362876494,0.7059127819997395,0.3529577400361284,0.0,0.0,2
2.15,CN,0.2506626837268322,1.5250229770981407e-08,0.0,0.0,0.08215062420537948,0.4344420744324389,0.7045181064514997,0.3522603995967105,0.0,0.0,2
2.1550000000000002,CN,0.25066268372683354,1.5250235085963398e-08,0.0,0.0,0.08243854637994336,0.43403409480266103,0.7031262097314335,0.35156444857668995,0.0,0.0,2
2.16,CN,0.250662683726835,1.5250240843860555e-08,0.0,0.0,0.0827262469052251,0.43362727946179247,0.7017370855749834,0.350869883843776,0.0,0.0,2
2.165,CN,0.25066268372683637,1.5250246380300128e-08,0.0,0.0,0.08301372363273357,0.43322162316790586,0.7003507278419179,0.3501767023278411,0.0,0.0,2
2.17,CN,0.25066268372683764,1.5250251473824538e-08,0.0,0.0,0.0833009744364457,0.4328171207144815,0.698967130321752,0.3494849009236309,0.0,0.0,2
2.1750000000000003,CN,0.250662683726839,1.525025678880653e-08,0.0,0.0,0.08358799721265893,0.4324137669301044,0.6975862869236796,0.3487944765857307,0.0,0.0,2
2.18,CN,0.2506626837268403,1.525026210378852e-08,0.0,0.0,0.08387478987983314,0.4320115566781689,0.6962081914900193,0.3481054262352881,0.0,0.0,2
2.185,CN,0.2506626837268417,1.5250267640228093e-08,0.0,0.0,0.0841613503784443,0.43161048485658776,0.6948328379783255,0.3474177468510687,0.0,0.0,2
2.19,CN,0.250662683726843,1.5250272955210084e-08,0.0,0.0,0.08444767667082678,0.4312105463974927,0.6934602202825038,0.34673143538001355,0.0,0.0,2
2.195,CN,0.25066268372684436,1.5250278270192075e-08,0.0,0.0,0.08473376674102877,0.43081173626695457,0.6920903324074228,0.3460464888245457,0.0,0.0,2
2.2,CN,0.2506626837268457,1.5250283585174067e-08,0.0,0.0,0.08501961859465652,0.430414049464692,0.690723168297402,0.34536290415681314,0.0,0.0,2
2.205,CN,0.250662683726847,1.5250288900156058e-08,0.0,0.0,0.08530523025872923,0.43001748102379206,0.6893587220036207,0.34468067840239425,0.0,0.0,2
2.21,CN,0.2506626837268483,1.5250293993680468e-08,0.0,0.0,0.08559059978152582,0.4296220260104266,0.68799698751967,0.34399980855807305,0.0,0.0,2
2.215,CN,0.25066268372684963,1.525029930866246e-08,0.0,0.0,0.08587572523244114,0.42922767952358065,0.6866379589420668,0.3433202916720967,0.0,0.0,2
2.22,CN,0.25066268372685097,1.525030462364445e-08,0.0,0.0,0.08616060470183297,0.42883443669477106,0.6852816303125753,0.342642124765336,0.0,0.0,2
2.225,CN,0.2506626837268523,1.525030993862644e-08,0.0,0.0,0.08644523630087982,0.4284422926877807,0.6839279957721047,0.3419653049082343,0.0,0.0,2
2.23,CN,0.2506626837268537,1.5250315475066014e-08,0.0,0.0,0.08672961816143017,0.4280512426983858,0.6825770494095291,0.3412898291452173,0.0,0.0,2
2.235,CN,0.25066268372685496,1.525032056859042e-08,0.0,0.0,0.0870137484358604,0.42766128195409203,0.6812287854092404,0.3406156945684699,0.0,0.0,2
2.24,CN,0.2506626837268564,1.5250326326487578e-08,0.0,0.0,0.08729762529692545,0.4272724057138676,0.679883197906191,0.3399428982454571,0.0,0.0,2
2.245,CN,0.25066268372685774,1.525033164146957e-08,0.0,0.0,0.08758124693761854,0.4268846092678858,0.678540281127372,0.33927143728966336,0.0,0.0,2
2.25,CN,0.25066268372685907,1.525033695645156e-08,0.0,0.0,0.08786461157102278,0.4264978879372606,0.6772000292528164,0.3386013087910941,0.0,0.0,2
2.255,CN,0.2506626837268604,1.525034227143355e-08,0.0,0.0,0.088147717430172,0.42611223707379653,0.6758624365512567,0.3379325098841046,0.0,0.0,2
2.2600000000000002,CN,0.25066268372686173,1.5250347586415543e-08,0.0,0.0,0.08843056276790418,0.42572765205973134,0.6745274972468499,0.3372650376807624,0.0,0.0,2
2.265,CN,0.25066268372686307,1.5250352901397534e-08,0.0,0.0,0.0887131458567232,0.42534412830748847,0.6731952056492458,0.3365988893358814,0.0,0.0,2
2.27,CN,0.2506626837268644,1.5250358216379525e-08,0.0,0.0,0.0889954649886536,0.42496166125941975,0.671865556025786,0.3359340619831215,0.0,0.0,2
2.275,CN,0.2506626837268657,1.5250363309903935e-08,0.0,0.0,0.08927751847510401,0.4245802463875705,0.6705385427262314,0.33527055279735235,0.0,0.0,2
2.2800000000000002,CN,0.25066268372686706,1.5250368846343508e-08,0.0,0.0,0.08955930464672263,0.4241998791934251,0.6692141600602157,0.3346083589333799,0.0,0.0,2
2.285,CN,0.25066268372686845,1.5250374382783084e-08,0.0,0.0,0.08984082185326242,0.4238205552076719,0.6678924024168297,0.3339474775857389,0.0,0.0,2
2.29,CN,0.25066268372686973,1.525037947630749e-08,0.0,0.0,0.09012206846343823,0.42344226998996054,0.6665732641471265,0.33328790592994506,0.0,0.0,2
2.295,CN,0.25066268372687106,1.525038479128948e-08,0.0,0.0,0.09040304286479237,0.42306501912866706,0.6652567396787783,0.33262964117982385,0.0,0.0,2
2.3000000000000003,CN,0.25066268372687245,1.5250390327729057e-08,0.0,0.0,0.09068374346355423,0.4226887982406571,0.6639428234034132,0.3319726805311785,0.0,0.0,2
2.305,CN,0.25066268372687384,1.525039586416863e-08,0.0,0.0,0.09096402888113657,0.42231378972792555,0.6626321629070357,0.33131734777824906,0.0,0.0,2
2.31,CN,0.2506626837268752,1.5250401400608206e-08,0.0,0.0,0.09124403734200935,0.42193980202160725,0.6613240985744553,0.33066331311217945,0.0,0.0,2
2.315,CN,0.25066268372687656,1.5250406715590197e-08,0.0,0.0,0.09152376761307476,0.42156683029098596,0.6600186232341589,0.3300105729471996,0.0,0.0,2
2.32,CN,0.2506626837268779,1.525041203057219e-08,0.0,0.0,0.0918032181761986,0.4211948702710029,0.6587157313648553,0.3293591245226532,0.0,0.0,2
2.325,CN,0.2506626837268793,1.525041756701176e-08,0.0,0.0,0.09208238753122298,0.42082391772389377,0.6574154175139857,0.3287089651122506,0.0,0.0,2
2.33,CN,0.2506626837268806,1.5250422881993752e-08,0.0,0.0,0.09236127419583308,0.420453968438968,0.6561176761983901,0.3280600919744013,0.0,0.0,2
2.335,CN,0.250662683726882,1.5250428418433328e-08,0.0,0.0,0.09263987670542419,0.4200850182323889,0.6548225020012339,0.32741250240067754,0.0,0.0,2
2.34,CN,0.25066268372688333,1.525043373341532e-08,0.0,0.0,0.09291819361297182,0.41971706294695543,0.6535298894767467,0.32676619366818377,0.0,0.0,2
2.345,CN,0.2506626837268847,1.5250439269854892e-08,0.0,0.0,0.09319622348889942,0.4193500984518906,0.6522398332431745,0.32612116308603273,0.0,0.0,2
2.35,CN,0.2506626837268861,1.5250444806294464e-08,0.0,0.0,0.09347396492094887,0.4189841206426244,0.6509523278914275,0.3254774079496692,0.0,0.0,2
2.355,CN,0.2506626837268874,1.5250449899818874e-08,0.0,0.0,0.09375141651405042,0.41861912544058705,0.6496673680742109,0.32483492558543536,0.0,0.0,2
2.36,CN,0.2506626837268887,1.5250455214800866e-08,0.0,0.0,0.09402857689019514,0.4182551087929948,0.648384948418421,0.3241937133067694,0.0,0.0,2
2.365,CN,0.25066268372689005,1.5250460529782857e-08,0.0,0.0,0.09430544468830496,0.4178920666726498,0.6471050636106213,0.32355376845694267,0.0,0.0,2
2.37,CN,0.2506626837268914,1.5250465844764848e-08,0.0,0.0,0.09458201856410717,0.4175299950777263,0.6458277083130267,0.3229150883670526,0.0,0.0,2
2.375,CN,0.2506626837268927,1.525047115974684e-08,0.0,0.0,0.09485829719000595,0.41716889003157637,0.6445528772454714,0.32227767039700606,0.0,0.0,2
2.38,CN,0.2506626837268941,1.5250476696186412e-08,0.0,0.0,0.09513427925495851,0.41680874758252173,0.6432805651048445,0.3216415118952376,0.0,0.0,2
2.3850000000000002,CN,0.2506626837268955,1.5250482232625988e-08,0.0,0.0,0.09540996346434688,0.41644956380365866,0.6420107666436847,0.3210066102380064,0.0,0.0,2
2.39,CN,0.25066268372689676,1.5250487326150394e-08,0.0,0.0,0.09568534853985665,0.41609133479265537,0.6407434765929217,0.3203729627907673,0.0,0.0,2
2.395,CN,0.25066268372689815,1.525049286258997e-08,0.0,0.0,0.09596043321934945,0.4157340566715649,0.6394786897372552,0.31974056694586017,0.0,0.0,2
2.4,CN,0.2506626837268996,1.5250498620487127e-08,0.0,0.0,0.09623521625674289,0.41537772558662134,0.6382164008410549,0.3191094200854599,0.0,0.0,2
2.4050000000000002,CN,0.25066268372690087,1.5250503714011534e-08,0.0,0.0,0.09650969642188562,0.4150223377080527,0.6369566047206352,0.31847951961771376,0.0,0.0,2
2.41,CN,0.25066268372690226,1.525050925045111e-08,0.0,0.0,0.09678387250043753,0.4146678892298921,0.6356992961732204,0.31785086294122394,0.0,0.0,2
2.415,CN,0.25066268372690353,1.5250514343975516e-08,0.0,0.0,0.09705774329374624,0.4143143763697848,0.6344444700462323,0.3172234474796915,0.0,0.0,2
2.42,CN,0.2506626837269049,1.5250519880415092e-08,0.0,0.0,0.09733130761872932,0.4139617953688053,0.6331921211691736,0.3165972706478579,0.0,0.0,2
2.4250000000000003,CN,0.25066268372690625,1.5250525195397084e-08,0.0,0.0,0.09760456430775158,0.41361014249126854,0.6319422444200723,0.31597232988472745,0.0,0.0,2
2.43,CN,0.2506626837269076,1.5250530510379075e-08,0.0,0.0,0.09787751220850836,0.4132594140245495,0.6306948346601587,0.31534862262090535,0.0,0.0,2
2.435,CN,0.250662683726909,1.5250536046818647e-08,0.0,0.0,0.09815015018390565,0.4129096062788992,0.6294498867975813,0.31472614631045615,0.0,0.0,2
2.44,CN,0.25066268372691025,1.5250541140343057e-08,0.0,0.0,0.09842247711194323,0.41256071558726554,0.6282073957247614,0.3141048983995807,0.0,0.0,2
2.445,CN,0.2506626837269116,1.525054645532505e-08,0.0,0.0,0.09869449188559723,0.41221273830511596,0.6269673563794991,0.3134848763571695,0.0,0.0,2
2.45,CN,0.25066268372691297,1.525055199176462e-08,0.0,0.0,0.09896619341270382,0.4118656708102577,0.6257297636848891,0.3128660776447601,0.0,0.0,2
2.455,CN,0.25066268372691436,1.5250557528204197e-08,0.0,0.0,0.09923758061584315,0.4115195095026642,0.6244946126079212,0.31224849974583785,0.0,0.0,2
2.46,CN,0.25066268372691564,1.5250562621728604e-08,0.0,0.0,0.09950865243222537,0.4111742508043023,0.6232618981018638,0.3116321401370272,0.0,0.0,2
2.465,CN,0.250662683726917,1.525056815816818e-08,0.0,0.0,0.09977940781357526,0.41082989115895857,0.6220316151624549,0.3110169963161877,0.0,0.0,2
2.47,CN,0.25066268372691836,1.5250573473150167e-08,0.0,0.0,0.10004984572601931,0.41048642703206917,0.620803758772647,0.310403065774786,0.0,0.0,2
2.475,CN,0.2506626837269197,1.525057878813216e-08,0.0,0.0,0.10031996514997214,0.4101438549105519,0.6195783239564969,0.3097903460248409,0.0,0.0,2
2.48,CN,0.25066268372692097,1.525058388165657e-08,0.0,0.0,0.10058976508002516,0.4098021713026369,0.6183553057261701,0.3091788345724257,0.0,0.0,2
2.485,CN,0.2506626837269223,1.525058919663856e-08,0.0,0.0,0.10085924452483384,0.40946137273770244,0.6171346991336222,0.3085685289435086,0.0,0.0,2
2.49,CN,0.25066268372692363,1.525059451162055e-08,0.0,0.0,0.1011284025070083,0.40912145576610914,0.615916499219775,0.30795942665854126,0.0,0.0,2
2.495,CN,0.250662683726925,1.5250600048060124e-08,0.0,0.0,0.10139723806300091,0.40878241695903833,0.6147007010640781,0.30735152525723897,0.0,0.0,2
2.5,CN,0.25066268372692635,1.5250605363042115e-08,0.0,0.0,0.10166575024299908,0.408444252908327,0.6134872997357628,0.30674482227420785,0.0,0.0,2
2.505,CN,0.25066268372692774,1.525061089948169e-08,0.0,0.0,0.1019338044635055,0.4081071280965795,0.6122768933765286,0.30613961678144086,0.0,0.0,2
2.5100000000000002,CN,0.25066268372692907,1.5250616214463682e-08,0.0,0.0,0.10220153344773482,0.4077708709326757,0.6110688733441281,0.3055356044566511,0.0,0.0,2
2.515,CN,0.2506626837269304,1.5250621529445673e-08,0.0,0.0,0.1024689366180428,0.4074354775579734,0.6098632330855869,0.30493278202333896,0.0,0.0,2
2.52,CN,0.25066268372693173,1.5250626844427664e-08,0.0,0.0,0.10273601307977959,0.40710094465036234,0.6086599677328768,0.3043311470474808,0.0,0.0,2
2.525,CN,0.25066268372693307,1.5250632159409656e-08,0.0,0.0,0.10300276195146595,0.40676726890756787,0.6074590724529737,0.30373069711255557,0.0,0.0,2
2.5300000000000002,CN,0.2506626837269344,1.5250637474391647e-08,0.0,0.0,0.10326918236468585,0.4064344470469898,0.6062605424048539,0.3031314297980421,0.0,0.0,2
2.535,CN,0.25066268372693573,1.5250642789373638e-08,0.0,0.0,0.10353527346398528,0.40610247580556114,0.6050643727814224,0.3025333427003836,0.0,0.0,2
2.54,CN,0.25066268372693706,1.525064810435563e-08,0.0,0.0,0.10380103440676446,0.40577135193958935,0.603870558768272,0.30193643341236737,0.0,0.0,2
2.545,CN,0.2506626837269384,1.525065341933762e-08,0.0,0.0,0.10406646436317725,0.4054410722246147,0.602679095583889,0.30134069954322734,0.0,0.0,2
2.5500000000000003,CN,0.2506626837269398,1.5250658955777193e-08,0.0,0.0,0.1043315625160271,0.40511163345525736,0.6014899784401019,0.30074613869886874,0.0,0.0,2
2.555,CN,0.2506626837269411,1.5250664270759184e-08,0.0,0.0,0.10459632806066582,0.404783032445075,0.600303202580636,0.30015274850114504,0.0,0.0,2
2.56,CN,0.25066268372694245,1.5250669585741176e-08,0.0,0.0,0.10486076020489107,0.4044552660264166,0.5991187632431889,0.2995605265688959,0.0,0.0,2
2.565,CN,0.2506626837269437,1.5250674679265586e-08,0.0,0.0,0.10512485816884759,0.40412833105027846,0.5979366556963944,0.29896947053642936,0.0,0.0,2
2.57,CN,0.2506626837269451,1.5250680215705158e-08,0.0,0.0,0.10538862118492447,0.40380222438616437,0.5967568752034609,0.2983795780353403,0.0,0.0,2
2.575,CN,0.25066268372694644,1.525068553068715e-08,0.0,0.0,0.10565204849765883,0.403476942921943,0.595579417057616,0.2977908467122337,0.0,0.0,2
2.58,CN,0.25066268372694783,1.5250691067126725e-08,0.0,0.0,0.10591513936363404,0.4031524835637047,0.5944042765472204,0.29720327421128095,0.0,0.0,2
2.585,CN,0.25066268372694916,1.5250696382108717e-08,0.0,0.0,0.10617789305138418,0.4028288432356323,0.5932314489897856,0.29661685819122874,0.0,0.0,2
2.59,CN,0.2506626837269505,1.5250701697090704e-08,0.0,0.0,0.10644030884129375,0.40250601887985227,0.5920609296984968,0.2960315963086607,0.0,0.0,2
2.595,CN,0.25066268372695183,1.5250707012072696e-08,0.0,0.0,0.10670238602550403,0.4021840074563097,0.5908927140148386,0.29544748623431033,0.0,0.0,2
2.6,CN,0.25066268372695316,1.5250712327054687e-08,0.0,0.0,0.10696412390781347,0.40186280594262364,0.5897267972764937,0.29486452563701,0.0,0.0,2
2.605,CN,0.2506626837269546,1.5250718084951844e-08,0.0,0.0,0.10722552180358516,0.40154241133396135,0.5885631748486259,0.2942827121993327,0.0,0.0,2
2.61,CN,0.2506626837269559,1.5250723178476254e-08,0.0,0.0,0.10748657903964899,0.4012228206429,0.5874018420930974,0.29370204360220087,0.0,0.0,2
2.615,CN,0.25066268372695727,1.5250728714915827e-08,0.0,0.0,0.10774729495421011,0.4009040308993005,0.5862427943984676,0.29312251753988516,0.0,0.0,2
2.62,CN,0.2506626837269586,1.5250734029897818e-08,0.0,0.0,0.10800766889675267,0.40058603915017,0.5850860271504634,0.29254413170524035,0.0,0.0,2
2.625,CN,0.25066268372695993,1.525073934487981e-08,0.0,0.0,0.1082677002279481,0.4002688424595413,0.5839315357607604,0.2919668838040954,0.0,0.0,2
2.63,CN,0.2506626837269613,1.5250744881319385e-08,0.0,0.0,0.10852738831956239,0.39995243790833807,0.5827793156386565,0.2913907715410905,0.0,0.0,2
2.6350000000000002,CN,0.25066268372696265,1.5250750196301376e-08,0.0,0.0,0.10878673255436436,0.399636822594252,0.5816293622186675,0.29081579263347485,0.0,0.0,2
2.64,CN,0.25066268372696404,1.525075573274095e-08,0.0,0.0,0.1090457323260329,0.3993219936316156,0.5804816709333728,0.2902419447975294,0.0,0.0,2
2.645,CN,0.2506626837269653,1.525076082626536e-08,0.0,0.0,0.10930438703906924,0.399007948151276,0.5793362372398643,0.28966922576179144,0.0,0.0,2
2.65,CN,0.2506626837269667,1.525076636270493e-08,0.0,0.0,0.10956269610870331,0.39869468330047403,0.5781930565937133,0.289097633254038,0.0,0.0,2
2.6550000000000002,CN,0.25066268372696804,1.5250771677686922e-08,0.0,0.0,0.10982065896080771,0.39838219624272,0.5770521244743372,0.2885271650139689,0.0,0.0,2
2.66,CN,0.2506626837269694,1.52507772141265e-08,0.0,0.0,0.11007827503180545,0.39807048415767415,0.5759134363600273,0.2879578187807214,0.0,0.0,2
2.665,CN,0.25066268372697076,1.525078252910849e-08,0.0,0.0,0.11033554376858531,0.3977595442410215,0.5747769877522703,0.28738959230503014,0.0,0.0,2
2.67,CN,0.2506626837269721,1.525078784409048e-08,0.0,0.0,0.11059246462841069,0.3974493737043601,0.5736427741518086,0.2868224833372578,0.0,0.0,2
2.6750000000000003,CN,0.2506626837269734,1.5250793159072472e-08,0.0,0.0,0.11084903707883537,0.397139969775072,0.5725107910819565,0.2862564896390528,0.0,0.0,2
2.68,CN,0.2506626837269748,1.5250798695512045e-08,0.0,0.0,0.1111052605976147,0.3968313296962181,0.5713810340656449,0.2856916089718723,0.0,0.0,2
2.685,CN,0.25066268372697614,1.5250804010494036e-08,0.0,0.0,0.11136113467262186,0.39652345072641115,0.5702534986477839,0.2851278391081626,0.0,0.0,2
2.69,CN,0.25066268372697753,1.5250809546933612e-08,0.0,0.0,0.11161665880176058,0.3962163301397067,0.569128180373234,0.28456517782034557,0.0,0.0,2
2.695,CN,0.2506626837269789,1.5250815083373184e-08,0.0,0.0,0.11187183249288213,0.39590996522548716,0.568005074808272,0.28400362289155107,0.0,0.0,2
2.7,CN,0.25066268372698025,1.5250820398355176e-08,0.0,0.0,0.11212665526369947,0.39560435328834803,0.5668841775194473,0.2834431721050454,0.0,0.0,2
2.705,CN,0.25066268372698164,1.525082593479475e-08,0.0,0.0,0.11238099987675228,0.39529964335705237,0.5657660410422136,0.2828841017296112,0.0,0.0,2
2.71,CN,0.2506626837269829,1.5250831028319158e-08,0.0,0.0,0.11263499263954337,0.39499568080389796,0.5646501034991647,0.2823261308254717,0.0,0.0,2
2.715,CN,0.2506626837269843,1.525083656475873e-08,0.0,0.0,0.11288863344923375,0.3946924624860493,0.5635363588131157,0.28176925635402283,0.0,0.0,2
2.72,CN,0.2506626837269857,1.5250842101198306e-08,0.0,0.0,0.11314192186279239,0.3943899857718098,0.56242480259995,0.2812134761231979,0.0,0.0,2
2.725,CN,0.250662683726987,1.5250847416180298e-08,0.0,0.0,0.11339485744661977,0.3940882480441088,0.5613154304953436,0.2806587879508266,0.0,0.0,2
2.73,CN,0.25066268372698824,1.5250852288247123e-08,0.0,0.0,0.11364743977646788,0.39378724670040255,0.5602082381361221,0.28010518965531334,0.0,0.0,2
2.735,CN,0.25066268372698963,1.5250857824686696e-08,0.0,0.0,0.11389966843735949,0.3934869791525624,0.5591032211784195,0.2795526790647168,0.0,0.0,2
2.74,CN,0.25066268372699096,1.5250863139668687e-08,0.0,0.0,0.11415154302350904,0.39318744282677254,0.5580003752797866,0.2790012540078042,0.0,0.0,2
2.745,CN,0.2506626837269923,1.5250868454650678e-08,0.0,0.0,0.1144030631382442,0.3928886351634199,0.5568996961166057,0.27845091232275826,0.0,0.0,2
2.75,CN,0.2506626837269937,1.5250873991090254e-08,0.0,0.0,0.1146542283939268,0.3925905536169972,0.5558011793669371,0.27790165184860094,0.0,0.0,2
2.755,CN,0.25066268372699496,1.525087908461466e-08,0.0,0.0,0.1149050384118754,0.392293195655994,0.5547048207272203,0.2773534704335438,0.0,0.0,2
2.7600000000000002,CN,0.2506626837269963,1.5250884399596652e-08,0.0,0.0,0.1151554928222883,0.39199655876279776,0.5536106158958121,0.276806365926757,0.0,0.0,2
2.765,CN,0.2506626837269977,1.5250889936036228e-08,0.0,0.0,0.11540559126416698,0.3917006404335919,0.5525185605890155,0.2762603361863839,0.0,0.0,2
2.77,CN,0.250662683726999,1.525089525101822e-08,0.0,0.0,0.11565533338523924,0.39140543817825385,0.5514286505252817,0.27571537907164184,0.0,0.0,2
2.775,CN,0.2506626837270004,1.525090078745779e-08,0.0,0.0,0.11590471884188423,0.39111094952025866,0.5503408814405896,0.27517149245051215,0.0,0.0,2
2.7800000000000002,CN,0.25066268372700173,1.5250906102439783e-08,0.0,0.0,0.11615374729905728,0.3908171719965751,0.5492552490732845,0.27462867419215936,0.0,0.0,2
2.785,CN,0.2506626837270031,1.525091163887936e-08,0.0,0.0,0.11640241843021491,0.3905241031575734,0.5481717491788363,0.2740869221743103,0.0,0.0,2
2.79,CN,0.25066268372700445,1.525091695386135e-08,0.0,0.0,0.1166507319172418,0.390231740566925,0.5470903775152971,0.27354623427598285,0.0,0.0,2
2.795,CN,0.25066268372700584,1.5250922490300922e-08,0.0,0.0,0.1168986874503762,0.3899400818015055,0.5460111298574454,0.27300660838455826,0.0,0.0,2
2.8000000000000003,CN,0.25066268372700723,1.5250928026740498e-08,0.0,0.0,0.11714628472813779,0.3896491244513014,0.5449340019828479,0.27246804238881184,0.0,0.0,2
2.805,CN,0.2506626837270085,1.5250933120264905e-08,0.0,0.0,0.11739352345725489,0.38935886611931336,0.5438589896854209,0.2719305341856936,0.0,0.0,2
2.81,CN,0.25066268372700995,1.5250938878162062e-08,0.0,0.0,0.1176404033525926,0.38906930442146437,0.5427860887620615,0.27139408167364404,0.0,0.0,2
2.815,CN,0.2506626837270113,1.5250944193144053e-08,0.0,0.0,0.11788692413708113,0.3887804369865032,0.5417152950256521,0.2708586827590965,0.0,0.0,2
2.82,CN,0.2506626837270126,1.5250949508126044e-08,0.0,0.0,0.1181330855416459,0.38849226145591653,0.540646604292239,0.27032433535006606,0.0,0.0,2
2.825,CN,0.25066268372701395,1.5250954823108036e-08,0.0,0.0,0.11837888730513554,0.38820477548383453,0.5395800123935102,0.26979103736238874,0.0,0.0,2
2.83,CN,0.2506626837270153,1.5250960138090027e-08,0.0,0.0,0.11862432917425357,0.3879179767369377,0.538515515164481,0.2692587867135643,0.0,0.0,2
2.835,CN,0.2506626837270167,1.5250965895987184e-08,0.0,0.0,0.11886941090348785,0.3876318628943734,0.5374531084554802,0.2687275813287491,0.0,0.0,2
2.84,CN,0.250662683727018,1.525097098951159e-08,0.0,0.0,0.11911413225504275,0.38734643164765803,0.5363927881203252,0.2681974191348439,0.0,0.0,2
2.845,CN,0.2506626837270194,1.5250976525951167e-08,0.0,0.0,0.11935849299876965,0.3870616807005975,0.5353345500278248,0.26766829806624537,0.0,0.0,2
2.85,CN,0.2506626837270208,1.525098206239074e-08,0.0,0.0,0.1196024929121,0.38677760776919173,0.534278390050437,0.2671402160591745,0.0,0.0,2
2.855,CN,0.2506626837270221,1.525098737737273e-08,0.0,0.0,0.11984613177997734,0.38649421058155076,0.5332243040752894,0.26661317105718724,0.0,0.0,2
2.86,CN,0.25066268372702344,1.5250992692354722e-08,0.0,0.0,0.12008940939479089,0.3862114868778088,0.5321722879933157,0.26608716100574265,0.0,0.0,2
2.865,CN,0.25066268372702477,1.5250998007336713e-08,0.0,0.0,0.1203323255563084,0.3859294344100371,0.5311223377098175,0.2655621838574836,0.0,0.0,2
2.87,CN,0.25066268372702616,1.525100354377629e-08,0.0,0.0,0.12057488007161112,0.38564805094215854,0.5300744491340399,0.2650382375670249,0.0,0.0,2
2.875,CN,0.2506626837270275,1.525100885875828e-08,0.0,0.0,0.12081707275502751,0.38536733424986613,0.5290286181893108,0.2645153200960227,0.0,0.0,2
2.88,CN,0.25066268372702877,1.5251013952282687e-08,0.0,0.0,0.12105890342806873,0.3850872821205366,0.527984840803037,0.2639934294081726,0.0,0.0,2
2.8850000000000002,CN,0.2506626837270301,1.5251019267264678e-08,0.0,0.0,0.12130037191936416,0.38480789235314683,0.5269431129164213,0.2634725634740682,0.0,0.0,2
2.89,CN,0.2506626837270315,1.5251024803704254e-08,0.0,0.0,0.12154147806459706,0.38452916275819393,0.5259034304748766,0.26295272026640837,0.0,0.0,2
2.895,CN,0.2506626837270328,1.5251030118686245e-08,0.0,0.0,0.12178222170644132,0.3842510911576131,0.5248657894373465,0.26243389776465703,0.0,0.0,2
2.9,CN,0.25066268372703415,1.5251035433668236e-08,0.0,0.0,0.122022602694498,0.3839736753846961,0.5238301857671034,0.26191609395044263,0.0,0.0,2
2.9050000000000002,CN,0.25066268372703554,1.525104097010781e-08,0.0,0.0,0.12226250136061556,0.3836970509896841,0.5227971299012704,0.26139956404330233,0.0,0.0,2
2.91,CN,0.2506626837270368,1.525104606363222e-08,0.0,0.0,0.12250203709577909,0.3834210779466866,0.5217661030020893,0.26088404862336545,0.0,0.0,2
2.915,CN,0.2506626837270382,1.525105160007179e-08,0.0,0.0,0.12274121013286823,0.3831457536482179,0.5207370993890881,0.2603695448503851,0.0,0.0,2
2.92,CN,0.25066268372703954,1.5251056915053783e-08,0.0,0.0,0.12298002034873015,0.38287107597539916,0.5197101150669059,0.2598560507266732,0.0,0.0,2
2.9250000000000003,CN,0.2506626837270409,1.525106245149336e-08,0.0,0.0,0.12321846762681779,0.3825970428202897,0.518685146052939,0.25934356426092037,0.0,0.0,2
2.93,CN,0.2506626837270423,1.525106798793293e-08,0.0,0.0,0.12345655185712977,0.3823236520858147,0.5176621883692262,0.25883208346413833,0.0,0.0,2
2.935,CN,0.2506626837270437,1.5251073524372507e-08,0.0,0.0,0.12369427293614997,0.38205090168568273,0.5166412380503285,0.25832160635359996,0.0,0.0,2
2.94,CN,0.250662683727045,1.5251078617896913e-08,0.0,0.0,0.12393163076678843,0.3817787895443149,0.5156222911355451,0.25781213094894745,0.0,0.0,2
2.945,CN,0.2506626837270463,1.5251083932878905e-08,0.0,0.0,0.12416862525832355,0.3815073135967677,0.5146053436764757,0.25730365527597293,0.0,0.0,2
2.95,CN,0.25066268372704764,1.5251089247860896e-08,0.0,0.0,0.12440525632634192,0.3812364717886588,0.5135903917295473,0.2567961773628825,0.0,0.0,2
2.955,CN,0.25066268372704903,1.525109478430047e-08,0.0,0.0,0.12464152389268161,0.380966262076094,0.5125774313632736,0.25628969524392536,0.0,0.0,2
2.96,CN,0.2506626837270504,1.5251100320740044e-08,0.0,0.0,0.12487742788537406,0.38069668242559407,0.5115664586510835,0.25578420695580856,0.0,0.0,2
2.965,CN,0.25066268372705175,1.5251105635722036e-08,0.0,0.0,0.12511296823858656,0.38042773081401876,0.510557469678278,0.2552797105411751,0.0,0.0,2
2.97,CN,0.2506626837270531,1.5251110950704027e-08,0.0,0.0,0.12534814489256718,0.3801594052285007,0.5095504605351584,0.25477620404516815,0.0,0.0,2
2.975,CN,0.2506626837270544,1.5251116265686018e-08,0.0,0.0,0.12558295779358558,0.37989170366636965,0.508545427323702,0.2542736855187689,0.0,0.0,2
2.98,CN,0.25066268372705575,1.525112158066801e-08,0.0,0.0,0.1258174068938803,0.37962462413508236,0.5075423661509565,0.2537721530154938,0.0,0.0,2
2.985,CN,0.25066268372705713,1.5251127117107582e-08,0.0,0.0,0.12605149215160105,0.3793581646521525,0.5065412731354509,0.25327160459459985,0.0,0.0,2
2.99,CN,0.2506626837270584,1.5251132210631992e-08,0.0,0.0,0.12628521353075506,0.379092323245082,0.5055421444008624,0.25277203831791833,0.0,0.0,2
2.995,CN,0.25066268372705974,1.5251137525613983e-08,0.0,0.0,0.1265185710011511,0.3788270979512903,0.5045449760821599,0.2522734522529262,0.0,0.0,2
3.0,CN,0.2506626837270611,1.5251142840595974e-08,0.0,0.0,0.12675156453834652,0.3785624868180465,0.5035497643195281,0.2517758444697086,0.0,0.0,2
3.005,CN,0.25066268372706246,1.5251148377035547e-08,0.0,0.0,0.12698419412359313,0.37829848790240006,0.5025565052642598,0.2512792130439044,0.0,0.0,2
3.0100000000000002,CN,0.2506626837270638,1.5251153692017538e-08,0.0,0.0,0.1272164597437833,0.3780350992711164,0.5015651950729334,0.2507835560537956,0.0,0.0,2
3.015,CN,0.2506626837270651,1.525115900699953e-08,0.0,0.0,0.12744836139139706,0.37777231900060554,0.5005758299130579,0.25028887158312924,0.0,0.0,2
3.02,CN,0.2506626837270665,1.5251164543439105e-08,0.0,0.0,0.12767989906445004,0.37751014517685966,0.49958840595748755,0.24979515771832522,0.0,0.0,2
3.025,CN,0.25066268372706785,1.5251169858421096e-08,0.0,0.0,0.12791107276644148,0.37724857589538374,0.4986029193898374,0.24930241255118377,0.0,0.0,2
3.0300000000000002,CN,0.25066268372706924,1.525117539486067e-08,0.0,0.0,0.1281418825063006,0.3769876092611338,0.4976193663991284,0.24881063417620805,0.0,0.0,2
3.035,CN,0.2506626837270706,1.5251180931300245e-08,0.0,0.0,0.12837232829833806,0.3767272433884481,0.496637743184976,0.24831982069319852,0.0,0.0,2
3.04,CN,0.2506626837270719,1.525118602482465e-08,0.0,0.0,0.12860241016219195,0.3764674764009855,0.4956580459524532,0.24782997020468445,0.0,0.0,2
3.045,CN,0.2506626837270733,1.5251191561264227e-08,0.0,0.0,0.12883212812277942,0.3762083064316603,0.49468027091707356,0.24734108081841538,0.0,0.0,2
3.0500000000000003,CN,0.25066268372707456,1.5251196654788634e-08,0.0,0.0,0.12906148221024547,0.37594973162258133,0.4937044142998581,0.2468531506448946,0.0,0.0,2
3.055,CN,0.25066268372707595,1.525120219122821e-08,0.0,0.0,0.12929047245991304,0.37569175012498457,0.4927304723321131,0.24636617779976805,0.0,0.0,2
3.06,CN,0.2506626837270773,1.52512075062102e-08,0.0,0.0,0.129519098912234,0.37543436009917536,0.49175844125069895,0.24588016040145871,0.0,0.0,2
3.065,CN,0.2506626837270787,1.5251213042649774e-08,0.0,0.0,0.1297473616127394,0.37517755971446287,0.4907883173026152,0.2453950965734592,0.0,0.0,2
3.0700000000000003,CN,0.25066268372707995,1.525121813617418e-08,0.0,0.0,0.12997526061199147,0.3749213471491014,0.4898200967404573,0.2449109844420601,0.0,0.0,2
3.075,CN,0.2506626837270814,1.5251223894071337e-08,0.0,0.0,0.13020279596553444,0.3746657205902292,0.48885377582682155,0.24442782213855244,0.0,0.0,2
3.08,CN,0.2506626837270827,1.525122920905333e-08,0.0,0.0,0.13042996773384735,0.37441067823380664,0.487889350829938,0.24394560779704402,0.0,0.0,2
3.085,CN,0.2506626837270841,1.5251234745492905e-08,0.0,0.0,0.13065677598229572,0.3741562182845566,0.48692681802789683,0.2434643395565729,0.0,0.0,2
3.09,CN,0.25066268372708544,1.5251240060474896e-08,0.0,0.0,0.13088322078108514,0.3739023389559066,0.48596617370446293,0.2429840155590144,0.0,0.0,2
3.095,CN,0.2506626837270868,1.5251245375456887e-08,0.0,0.0,0.13110930220521352,0.37364903846992886,0.48500741415312976,0.24250463395110813,0.0,0.0,2
3.1,CN,0.25066268372708816,1.525125091189646e-08,0.0,0.0,0.13133502033442532,0.37339631505728077,0.4840505356730963,0.24202619288244656,0.0,0.0,2
3.105,CN,0.2506626837270895,1.525125622687845e-08,0.0,0.0,0.13156026306589264,0.37314429239607616,0.4830960098255611,0.24154892813453013,0.0,0.0,2
3.11,CN,0.2506626837270909,1.5251261763318027e-08,0.0,0.0,0.13178514267129854,0.3728928431794449,0.482143357450842,0.24107260012660206,0.0,0.0,2
3.115,CN,0.2506626837270922,1.5251267078300018e-08,0.0,0.0,0.1320096596145659,0.3726419652061598,0.4811925732179259,0.2405972061931456,0.0,0.0,2
3.12,CN,0.2506626837270935,1.5251272171824425e-08,0.0,0.0,0.13223381399379422,0.3723916567432676,0.48024365346218095,0.24012274450183782,0.0,0.0,2
3.125,CN,0.25066268372709494,1.5251277929721582e-08,0.0,0.0,0.1324576059115927,0.3721419160660966,0.47929659452830564,0.239649213225021,0.0,0.0,2
3.13,CN,0.25066268372709627,1.5251283244703573e-08,0.0,0.0,0.13268103547503668,0.3718927414582047,0.4783513927667866,0.23917661053793146,0.0,0.0,2
3.1350000000000002,CN,0.25066268372709766,1.525128878114315e-08,0.0,0.0,0.1329041027956222,0.3716441312113224,0.47740804453732794,0.2387049346204143,0.0,0.0,2
3.14,CN,0.250662683727099,1.525129409612514e-08,0.0,0.0,0.1331268079892245,0.37139608362529847,0.4764665462054446,0.23823418365522006,0.0,0.0,2
3.145,CN,0.2506626837271004,1.5251299632564713e-08,0.0,0.0,0.1333491511760526,0.3711485970080447,0.475526894145754,0.23776435582965053,0.0,0.0,2
3.15,CN,0.25066268372710176,1.525130516900429e-08,0.0,0.0,0.13357113248060787,0.37090166967548266,0.47458908473870887,0.2372954493339251,0.0,0.0,2
3.1550000000000002,CN,0.2506626837271031,1.525131048398628e-08,0.0,0.0,0.13379275203164043,0.3706552999514921,0.47365311437375845,0.23682746236276156,0.0,0.0,2
3.16,CN,0.25066268372710443,1.525131579896827e-08,0.0,0.0,0.13401400996210747,0.3704094861678528,0.47271897944620367,0.23636039311380344,0.0,0.0,2
3.165,CN,0.25066268372710576,1.5251321113950262e-08,0.0,0.0,0.1342349064091311,0.37016422666419807,0.4717866763602361,0.23589423978913968,0.0,0.0,2
3.17,CN,0.2506626837271071,1.5251326428932253e-08,0.0,0.0,0.13445544151395677,0.36991951978795645,0.47085620152591956,0.23542900059379535,0.0,0.0,2
3.1750000000000003,CN,0.2506626837271084,1.5251331743914245e-08,0.0,0.0,0.13467561542191217,0.36967536389430494,0.4699275513621026,0.23496467373718782,0.0,0.0,2
3.18,CN,0.25066268372710976,1.5251337058896236e-08,0.0,0.0,0.13489542828236561,0.36943175734611594,0.46900072229353185,0.2345012574316836,0.0,0.0,2
3.185,CN,0.2506626837271111,1.5251342373878227e-08,0.0,0.0,0.13511488024868606,0.36918869851390435,0.4680757107536307,0.23403874989398757,0.0,0.0,2
3.19,CN,0.2506626837271124,1.5251347688860215e-08,0.0,0.0,0.13533397147820203,0.36894618577577787,0.46715251318173545,0.2335771493437611,0.0,0.0,2
3.1950000000000003,CN,0.2506626837271138,1.525135322529979e-08,0.0,0.0,0.13555270213216308,0.3687042175173897,0.4662311260257681,0.23311645400495834,0.0,0.0,2
3.2,CN,0.2506626837271152,1.5251358761739364e-08,0.0,0.0,0.135771072375698,0.3684627921318842,0.4653115457395759,0.2326566621044962,0.0,0.0,2
3.205,CN,0.25066268372711653,1.5251364076721355e-08,0.0,0.0,0.13598908237777713,0.36822190801984794,0.46439376878549016,0.23219777187353358,0.0,0.0,2
3.21,CN,0.2506626837271178,1.5251369170245765e-08,0.0,0.0,0.13620673231117222,0.367981563589266,0.46347779163179054,0.23173978154620348,0.0,0.0,2
3.215,CN,0.25066268372711925,1.5251374928142922e-08,0.0,0.0,0.1364240223524187,0.3677417572554659,0.4625636107551456,0.23128268936083354,0.0,0.0,2
3.22,CN,0.25066268372712064,1.5251380464582494e-08,0.0,0.0,0.13664095268177595,0.36750248744107417,0.4616512226381788,0.23082649355872872,0.0,0.0,2
3.225,CN,0.2506626837271219,1.5251385558106904e-08,0.0,0.0,0.13685752348319022,0.36726375257596583,0.46074062377181807,0.23037119238534629,0.0,0.0,2
3.23,CN,0.25066268372712336,1.525139131600406e-08,0.0,0.0,0.1370737349442558,0.36702555109721924,0.45983181065295553,0.22991678408912558,0.0,0.0,2
3.235,CN,0.2506626837271247,1.5251396630986053e-08,0.0,0.0,0.13728958725617824,0.36678788144906604,0.4589247797867011,0.22946326692261493,0.0,0.0,2
3.24,CN,0.250662683727126,1.5251401945968044e-08,0.0,0.0,0.1375050806137368,0.3665507420828474,0.45801952768413656,0.22901063914134853,0.0,0.0,2
3.245,CN,0.25066268372712736,1.5251407260950035e-08,0.0,0.0,0.1377202152152475,0.36631413145696295,0.4571160508644754,0.22855889900492646,0.0,0.0,2
3.25,CN,0.25066268372712863,1.5251412354474442e-08,0.0,0.0,0.13793499126252576,0.3660780480368312,0.45621434585291426,0.22810804477594046,0.0,0.0,2
3.255,CN,0.25066268372713,1.5251417890914018e-08,0.0,0.0,0.13814940896085187,0.36584249029483734,0.4553144091826982,0.22765807472100638,0.0,0.0,2
3.2600000000000002,CN,0.25066268372713135,1.525142320589601e-08,0.0,0.0,0.13836346851893216,0.36560745671029066,0.45441623739305625,0.2272089871097321,0.0,0.0,2
3.265,CN,0.25066268372713274,1.525142874233558e-08,0.0,0.0,0.13857717014886592,0.3653729457693817,0.4535198270311956,0.2267607802157147,0.0,0.0,2
3.27,CN,0.2506626837271341,1.5251434057317573e-08,0.0,0.0,0.13879051406610765,0.3651389559651317,0.45262517465030416,0.22631345231554145,0.0,0.0,2
3.275,CN,0.2506626837271355,1.525143981521473e-08,0.0,0.0,0.13900350048943347,0.3649054857973542,0.4517322768114723,0.22586700168975105,0.0,0.0,2
3.2800000000000002,CN,0.25066268372713685,1.525144513019672e-08,0.0,0.0,0.13921612964090477,0.36467253377260833,0.45084113008177984,0.22542142662187678,0.0,0.0,2
3.285,CN,0.25066268372713824,1.5251450666636297e-08,0.0,0.0,0.1394284017458348,0.36444009840415387,0.44995173103612734,0.22497672539936245,0.0,0.0,2
3.29,CN,0.2506626837271396,1.525145620307587e-08,0.0,0.0,0.1396403170327528,0.36420817821191065,0.44906407625540967,0.22453289631264886,0.0,0.0,2
3.295,CN,0.25066268372714096,1.525146151805786e-08,0.0,0.0,0.13985187573337193,0.36397677172241216,0.448178162328267,0.22408993765604968,0.0,0.0,2
3.3000000000000003,CN,0.2506626837271423,1.5251466833039852e-08,0.0,0.0,0.14006307808255256,0.3637458774687673,0.4472939858493392,0.22364784772687826,0.0,0.0,2
3.305,CN,0.2506626837271437,1.5251472369479428e-08,0.0,0.0,0.14027381938488187,0.3635156085827611,0.44641198247201425,0.2232068443526612,0.0,0.0,2
3.31,CN,0.25066268372714506,1.5251477905919e-08,0.0,0.0,0.1404842047992983,0.3632858489503834,0.4455317096485655,0.22276670625868938,0.0,0.0,2
3.315,CN,0.25066268372714645,1.5251483442358573e-08,0.0,0.0,0.1406942349432224,0.36305659668318396,0.4446531623662374,0.22232743093857554,0.0,0.0,2
3.3200000000000003,CN,0.2506626837271478,1.5251488757340564e-08,0.0,0.0,0.14090391006338474,0.36282785034231724,0.44377633725207555,0.22188901670583594,0.0,0.0,2
3.325,CN,0.25066268372714906,1.5251493850864974e-08,0.0,0.0,0.14111323040949442,0.3625996084952904,0.44290123094065637,0.2214514618777524,0.0,0.0,2
3.33,CN,0.25066268372715045,1.5251499387304547e-08,0.0,0.0,0.1413221962342053,0.3623718697159222,0.44202784007253415,0.22101476477459564,0.0,0.0,2
3.335,CN,0.2506626837271518,1.5251504702286538e-08,0.0,0.0,0.14153080779308516,0.3621446325842987,0.4411561612957202,0.22057892372036492,0.0,0.0,2
3.34,CN,0.2506626837271531,1.525151001726853e-08,0.0,0.0,0.1417390653445826,0.36191789568673943,0.440286191264207,0.22014393704205007,0.0,0.0,2
3.345,CN,0.25066268372715445,1.525151533225052e-08,0.0,0.0,0.1419469691499973,0.36169165761575106,0.4394179266393789,0.21970980307033688,0.0,0.0,2
3.35,CN,0.25066268372715594,1.5251521311605262e-08,0.0,0.0,0.14215451947344807,0.36146591696999386,0.4385513640885941,0.21927652013889812,0.0,0.0,2
3.355,CN,0.2506626837271573,1.5251526626587254e-08,0.0,0.0,0.14236171658184169,0.3612406723542384,0.4376865002865471,0.21884408658507465,0.0,0.0,2
3.36,CN,0.25066268372715855,1.525153172011166e-08,0.0,0.0,0.14256856074484286,0.36101592237932945,0.43682333191389755,0.21841250074918997,0.0,0.0,2
3.365,CN,0.2506626837271599,1.525153703509365e-08,0.0,0.0,0.14277505223484285,0.3607916656621454,0.4359618556585833,0.21798176097520663,0.0,0.0,2
3.37,CN,0.2506626837271613,1.5251542571533227e-08,0.0,0.0,0.14298119132693057,0.3605679008255593,0.43510206821449626,0.21755186561006434,0.0,0.0,2
3.375,CN,0.2506626837271627,1.5251548329430385e-08,0.0,0.0,0.14318697829886137,0.3603446264984037,0.4342439662827513,0.21712281300431416,0.0,0.0,2
3.38,CN,0.250662683727164,1.525155342295479e-08,0.0,0.0,0.1433924134310283,0.3601218413154326,0.4333875465704172,0.21669460151148426,0.0,0.0,2
3.3850000000000002,CN,0.2506626837271654,1.5251558959394367e-08,0.0,0.0,0.14359749700643187,0.3598995439172808,0.4325328057917207,0.21626722948868166,0.0,0.0,2
3.39,CN,0.25066268372716677,1.525156449583394e-08,0.0,0.0,0.1438022293106519,0.3596777329504307,0.4316797406668367,0.21584069529598754,0.0,0.0,2
3.395,CN,0.2506626837271681,1.525156981081593e-08,0.0,0.0,0.1440066106318171,0.35945640706717163,0.43082834792304264,0.21541499729703445,0.0,0.0,2
3.4,CN,0.25066268372716943,1.5251575125797922e-08,0.0,0.0,0.1442106412605779,0.35923556492556774,0.4299786242935578,0.21499013385842572,0.0,0.0,2
3.4050000000000002,CN,0.2506626837271709,1.525158088369508e-08,0.0,0.0,0.1444143214900765,0.3590152051894162,0.4291305665186471,0.21456610335028758,0.0,0.0,2
3.41,CN,0.25066268372717215,1.525158597721949e-08,0.0,0.0,0.14461765161591958,0.3587953265282179,0.42828417134451213,0.21414290414571466,0.0,0.0,2
3.415,CN,0.25066268372717354,1.5251591513659062e-08,0.0,0.0,0.14482063193615005,0.35857592761713436,0.4274394355243442,0.21372053462129634,0.0,0.0,2
3.42,CN,0.25066268372717493,1.5251597050098638e-08,0.0,0.0,0.14502326275121882,0.3583570071369595,0.42659635581726396,0.2132989931565868,0.0,0.0,2
3.4250000000000003,CN,0.25066268372717626,1.525160236508063e-08,0.0,0.0,0.14522554436395768,0.35813856377407755,0.4257549289893292,0.21287827813460872,0.0,0.0,2
3.43,CN,0.2506626837271776,1.5251607680062617e-08,0.0,0.0,0.14542747707955142,0.3579205962204344,0.4249151518125176,0.21245838794134478,0.0,0.0,2
3.435,CN,0.250662683727179,1.5251613216502193e-08,0.0,0.0,0.1456290612055117,0.3577031031734961,0.424077021065691,0.2120393209662198,0.0,0.0,2
3.44,CN,0.2506626837271803,1.5251618531484184e-08,0.0,0.0,0.1458302970516487,0.35748608333622267,0.42324053353362434,0.21162107560161503,0.0,0.0,2
3.4450000000000003,CN,0.25066268372718165,1.5251623846466175e-08,0.0,0.0,0.14603118493004563,0.3572695354170257,0.4224056860079277,0.2112036502433294,0.0,0.0,2
3.45,CN,0.25066268372718303,1.5251629382905748e-08,0.0,0.0,0.14623172515503174,0.3570534581297414,0.42157247528610986,0.2107870432901112,0.0,0.0,2
3.455,CN,0.2506626837271844,1.5251634919345324e-08,0.0,0.0,0.1464319180431559,0.3568378501935909,0.42074089817246946,0.21037125314410363,0.0,0.0,2
3.46,CN,0.25066268372718575,1.5251640234327315e-08,0.0,0.0,0.14663176391316066,0.3566227103331521,0.41991095147719115,0.20995627821039292,0.0,0.0,2
3.465,CN,0.2506626837271871,1.5251645549309306e-08,0.0,0.0,0.14683126308595676,0.356408037278322,0.4190826320172022,0.20954211689743663,0.0,0.0,2
3.47,CN,0.2506626837271884,1.5251650864291297e-08,0.0,0.0,0.14703041588459753,0.3561938297642887,0.41825593661530525,0.20912876761662996,0.0,0.0,2
3.475,CN,0.25066268372718975,1.525165617927329e-08,0.0,0.0,0.14722922263425225,0.3559800865314922,0.4174308621009978,0.20871622878271567,0.0,0.0,2
3.48,CN,0.25066268372719114,1.525166171571286e-08,0.0,0.0,0.14742768366218306,0.3557668063255988,0.41660740530963924,0.2083044988133674,0.0,0.0,2
3.485,CN,0.2506626837271925,1.5251667252152437e-08,0.0,0.0,0.14762579929771788,0.35555398789746406,0.41578556308324266,0.20789357612958562,0.0,0.0,2
3.49,CN,0.25066268372719386,1.5251672567134428e-08,0.0,0.0,0.14782356987222692,0.35534163000310504,0.4149653322696709,0.20748345915529576,0.0,0.0,2
3.495,CN,0.25066268372719525,1.5251678103574e-08,0.0,0.0,0.1480209957190975,0.3551297314036638,0.4141467097233929,0.20707414631772622,0.0,0.0,2
3.5,CN,0.25066268372719663,1.5251683640013577e-08,0.0,0.0,0.1482180771737103,0.354918290865379,0.4133296923047115,0.20666563604702248,0.0,0.0,2
3.505,CN,0.25066268372719797,1.5251688954995568e-08,0.0,0.0,0.1484147166892863,0.3547074120836751,0.4125146824969951,0.20625812958563788,0.0,0.0,2
3.5100000000000002,CN,0.2506626837271993,1.525169426997756e-08,0.0,0.0,0.14861101246158517,0.35449698888061726,0.41170127155145875,0.20585142255839886,0.0,0.0,2
3.515,CN,0.2506626837272007,1.525169980641713e-08,0.0,0.0,0.14880696520476924,0.3542870196121518,0.41088945475063443,0.20544551260656232,0.0,0.0,2
3.52,CN,0.2506626837272021,1.5251705342856708e-08,0.0,0.0,0.14900257526141736,0.354077503066427,0.41007922898428173,0.20504039817500214,0.0,0.0,2
3.525,CN,0.25066268372720335,1.5251710436381114e-08,0.0,0.0,0.14919784297597818,0.35386843803652207,0.4092705911486284,0.20463607771182626,0.0,0.0,2
3.5300000000000002,CN,0.25066268372720474,1.525171597282069e-08,0.0,0.0,0.14939276869474769,0.35365982332042145,0.4084635381456888,0.20423254966803595,0.0,0.0,2
3.535,CN,0.25066268372720607,1.525172128780268e-08,0.0,0.0,0.14958735276584637,0.3534516577209772,0.4076580668838953,0.20382981249784146,0.0,0.0,2
3.54,CN,0.25066268372720735,1.5251726381327088e-08,0.0,0.0,0.1497815955391957,0.35324394004589005,0.4068541742774602,0.2034278646583431,0.0,0.0,2
3.545,CN,0.2506626837272087,1.525173169630908e-08,0.0,0.0,0.14997549736649646,0.35303666910766934,0.40605185724697285,0.2030267046098296,0.0,0.0,2
3.5500000000000003,CN,0.25066268372721007,1.5251737232748652e-08,0.0,0.0,0.15016905860120583,0.3528298437236117,0.4052511127187817,0.20262633081546935,0.0,0.0,2
3.555,CN,0.25066268372721145,1.5251742769188228e-08,0.0,0.0,0.15036227959851586,0.3526234627157672,0.40445193762557863,0.2022267417416024,0.0,0.0,2
3.56,CN,0.2506626837272128,1.525174808417022e-08,0.0,0.0,0.1505551607153299,0.35241752491091327,0.40365432890579656,0.20182793585743936,0.0,0.0,2
3.565,CN,0.2506626837272142,1.525175362060979e-08,0.0,0.0,0.1507477023102426,0.3522120291405262,0.40285828350417807,0.2014299116353457,0.0,0.0,2
3.5700000000000003,CN,0.2506626837272155,1.5251758935591783e-08,0.0,0.0,0.15093990474351754,0.3520069742407514,0.40206379837118733,0.2010326675505477,0.0,0.0,2
3.575,CN,0.2506626837272169,1.525176447203136e-08,0.0,0.0,0.15113176837706527,0.35180235905237606,0.40127087046356,0.2006362020814073,0.0,0.0,2
3.58,CN,0.25066268372721817,1.5251769565555765e-08,0.0,0.0,0.15132329357442287,0.35159818242080204,0.4004794967437414,0.20024051370914142,0.0,0.0,2
3.585,CN,0.25066268372721956,1.525177510199534e-08,0.0,0.0,0.15151448070073215,0.35139444319601776,0.3996896741804109,0.19984560091808393,0.0,0.0,2
3.59,CN,0.250662683727221,1.5251780859892498e-08,0.0,0.0,0.1517053301227195,0.35119114023256914,0.398901399747938,0.1994514621954138,0.0,0.0,2
3.595,CN,0.2506626837272224,1.525178639633207e-08,0.0,0.0,0.15189584220867397,0.3509882723895343,0.39811467042689097,0.1990580960314094,0.0,0.0,2
3.6,CN,0.2506626837272237,1.5251791711314062e-08,0.0,0.0,0.15208601732842805,0.35078583853049833,0.39732948320352,0.19866550091919005,0.0,0.0,2
3.605,CN,0.25066268372722506,1.5251797026296053e-08,0.0,0.0,0.15227585585333614,0.35058383752351957,0.3965458350702272,0.19827367535495108,0.0,0.0,2
3.61,CN,0.2506626837272264,1.5251802341278044e-08,0.0,0.0,0.15246535815625495,0.35038226824111146,0.39576372302508506,0.19788261783772296,0.0,0.0,2
3.615,CN,0.2506626837272278,1.525180787771762e-08,0.0,0.0,0.15265452461152357,0.3501811295602093,0.39498314407228463,0.19749232686959553,0.0,0.0,2
3.62,CN,0.2506626837272291,1.525181319269961e-08,0.0,0.0,0.15284335559494264,0.34998042036214894,0.3942040952216693,0.19710280095548477,0.0,0.0,2
3.625,CN,0.2506626837272305,1.5251818729139184e-08,0.0,0.0,0.15303185148375603,0.3497801395326369,0.39342657348916754,0.19671403860334916,0.0,0.0,2
3.63,CN,0.2506626837272318,1.5251824044121175e-08,0.0,0.0,0.15322001265662966,0.3495802859617273,0.392650575896342,0.1963260383239644,0.0,0.0,2
3.6350000000000002,CN,0.25066268372723316,1.5251829359103167e-08,0.0,0.0,0.15340783949363368,0.3493808585437939,0.39187609947080804,0.19593879863113245,0.0,0.0,2
3.64,CN,0.2506626837272345,1.5251834674085158e-08,0.0,0.0,0.15359533237622222,0.3491818561775063,0.3911031412457962,0.19555231804146292,0.0,0.0,2
3.645,CN,0.2506626837272358,1.525183998906715e-08,0.0,0.0,0.1537824916872146,0.34898327776580357,0.3903316982605586,0.1951665950745762,0.0,0.0,2
3.65,CN,0.25066268372723716,1.525184530404914e-08,0.0,0.0,0.1539693178107763,0.34878512221586944,0.38956176755994476,0.19478162825289144,0.0,0.0,2
3.6550000000000002,CN,0.2506626837272385,1.525185061903113e-08,0.0,0.0,0.154155811132401,0.34858738843910964,0.3887933461947961,0.19439741610182368,0.0,0.0,2
3.66,CN,0.2506626837272399,1.5251856155470707e-08,0.0,0.0,0.15434197203889025,0.3483900753511218,0.388026431221531,0.1940139571495765,0.0,0.0,2
3.665,CN,0.2506626837272412,1.5251861470452695e-08,0.0,0.0,0.15452780091833718,0.3481931818716745,0.3872610197025222,0.19363124992733063,0.0,0.0,2
3.67,CN,0.25066268372724254,1.5251866785434687e-08,0.0,0.0,0.15471329816010662,0.34799670692468426,0.3864971087057124,0.19324929296905186,0.0,0.0,2
3.6750000000000003,CN,0.25066268372724393,1.5251872321874262e-08,0.0,0.0,0.1548984641548175,0.3478006494381889,0.38573469530496607,0.19286808481166678,0.0,0.0,2
3.68,CN,0.2506626837272452,1.525187741539867e-08,0.0,0.0,0.15508329929432552,0.34760500834432195,0.3849737765796908,0.19248762399487365,0.0,0.0,2
3.685,CN,0.25066268372724665,1.5251883173295826e-08,0.0,0.0,0.15526780397170406,0.34740978257929334,0.38421434961519146,0.19210790906131933,0.0,0.0,2
3.69,CN,0.250662683727248,1.5251888488277817e-08,0.0,0.0,0.15545197858122758,0.3472149710833616,0.3834564115023005,0.19172893855641443,0.0,0.0,2
3.6950000000000003,CN,0.25066268372724937,1.5251894024717393e-08,0.0,0.0,0.15563582351835367,0.3470205728008124,0.3826999593377111,0.1913507110285001,0.0,0.0,2
3.7,CN,0.25066268372725076,1.5251899561156966e-08,0.0,0.0,0.15581933917970586,0.34682658667993504,0.3819449902236312,0.19097322502867467,0.0,0.0,2
3.705,CN,0.25066268372725203,1.5251904654681376e-08,0.0,0.0,0.1560024348455457,0.346633107921759,0.381191876000639,0.19059666647793788,0.0,0.0,2
3.71,CN,0.2506626837272534,1.525191019112095e-08,0.0,0.0,0.15618520199227462,0.3464400392338461,0.3804402391299435,0.19022084660617275,0.0,0.0,2
3.715,CN,0.2506626837272548,1.5251915727560524e-08,0.0,0.0,0.15636764138969558,0.34624737916608905,0.37969007517077225,0.18984576319298455,0.0,0.0,2
3.72,CN,0.25066268372725614,1.5251921042542515e-08,0.0,0.0,0.1565497534383061,0.3460551266841254,0.3789413812523049,0.18947141480295765,0.0,0.0,2
3.725,CN,0.2506626837272575,1.5251926357524507e-08,0.0,0.0,0.15673153853968239,0.3458632807574791,0.3781941545094905,0.18909780000356102,0.0,0.0,2
3.73,CN,0.2506626837272588,1.5251931672506498e-08,0.0,0.0,0.15691299709646375,0.3456718403595268,0.3774483920827152,0.18872491736498237,0.0,0.0,2
3.735,CN,0.25066268372726025,1.5251937430403655e-08,0.0,0.0,0.15709412951233542,0.3454808044674886,0.37670409111810754,0.18835276546028046,0.0,0.0,2
3.74,CN,0.2506626837272616,1.5251942745385646e-08,0.0,0.0,0.15727493619201358,0.3452901720623923,0.3759612487672138,0.187981342865223,0.0,0.0,2
3.745,CN,0.2506626837272629,1.5251948060367638e-08,0.0,0.0,0.15745541754122794,0.3450999421290642,0.3752198621872914,0.18761064815843326,0.0,0.0,2
3.75,CN,0.25066268372726425,1.525195337534963e-08,0.0,0.0,0.15763557396670697,0.34491011365609875,0.37447992854100653,0.18724067992123888,0.0,0.0,2
3.755,CN,0.25066268372726563,1.52519589117892e-08,0.0,0.0,0.15781540587616183,0.3447206856358414,0.3737414449966979,0.1868714367378039,0.0,0.0,2
3.7600000000000002,CN,0.25066268372726697,1.5251964226771193e-08,0.0,0.0,0.15799491367827037,0.34453165706436484,0.37300440872810026,0.1865029171949902,0.0,0.0,2
3.765,CN,0.25066268372726835,1.525196976321077e-08,0.0,0.0,0.15817409778266214,0.3443430269414498,0.3722688169145918,0.18613511988248152,0.0,0.0,2
3.77,CN,0.2506626837272697,1.525197507819276e-08,0.0,0.0,0.158352958599903,0.3441547942705609,0.37153466674092606,0.18576804339264927,0.0,0.0,2
3.775,CN,0.250662683727271,1.525198039317475e-08,0.0,0.0,0.15853149654147924,0.343966958058832,0.37080195539747973,0.18540168632067638,0.0,0.0,2
3.7800000000000002,CN,0.25066268372727235,1.5251985708156742e-08,0.0,0.0,0.15870971201978384,0.34377951731703504,0.3700706800799777,0.18503604726441997,0.0,0.0,2
3.785,CN,0.25066268372727374,1.5251991244596315e-08,0.0,0.0,0.15888760544809982,0.34359247105957347,0.3693408379897479,0.18467112482453868,0.0,0.0,2
3.79,CN,0.2506626837272751,1.5251996781035887e-08,0.0,0.0,0.15906517724058727,0.3434058183044477,0.3686124263334486,0.18430691760435622,0.0,0.0,2
3.795,CN,0.25066268372727646,1.525200209601788e-08,0.0,0.0,0.15924242781226663,0.34321955807324445,0.3678854423233051,0.18394342420998,0.0,0.0,2
3.8000000000000003,CN,0.2506626837272778,1.525200741099987e-08,0.0,0.0,0.1594193575790062,0.3430336893911108,0.3671598831768633,0.18358064325017762,0.0,0.0,2
3.805,CN,0.2506626837272792,1.5252012947439446e-08,0.0,0.0,0.15959596695750644,0.34284821128673854,0.3664357461172045,0.1832185733364844,0.0,0.0,2
3.81,CN,0.25066268372728057,1.5252018483879018e-08,0.0,0.0,0.15977225636528547,0.34266312279234223,0.3657130283727199,0.1828572130830907,0.0,0.0,2
3.815,CN,0.2506626837272819,1.525202379886101e-08,0.0,0.0,0.15994822622066543,0.34247842294363884,0.3649917271773039,0.18249656110693835,0.0,0.0,2
3.8200000000000003,CN,0.25066268372728323,1.5252029113843e-08,0.0,0.0,0.1601238769427592,0.3422941107798282,0.36427183977013866,0.18213661602761325,0.0,0.0,2
3.825,CN,0.25066268372728456,1.5252034428824992e-08,0.0,0.0,0.1602992089514549,0.34211018534357635,0.36355336339589084,0.1817773764674434,0.0,0.0,2
3.83,CN,0.25066268372728595,1.5252039965264568e-08,0.0,0.0,0.16047422266740233,0.34192664568099246,0.36283629530449774,0.1814188410513922,0.0,0.0,2
3.835,CN,0.2506626837272874,1.5252045723161725e-08,0.0,0.0,0.16064891851200105,0.3417434908416129,0.3621206327513493,0.18106100840714942,0.0,0.0,2
3.84,CN,0.25066268372728867,1.5252050816686132e-08,0.0,0.0,0.1608232969073837,0.34156071987837705,0.36140637299708755,0.18070387716503078,0.0,0.0,2
3.845,CN,0.25066268372729,1.5252056131668123e-08,0.0,0.0,0.16099735827640613,0.3413783318476171,0.36069351330778765,0.18034744595806868,0.0,0.0,2
3.85,CN,0.2506626837272914,1.52520616681077e-08,0.0,0.0,0.16117110304263108,0.3411963258090297,0.35998205095475533,0.17999171342191073,0.0,0.0,2
3.855,CN,0.2506626837272927,1.525206698308969e-08,0.0,0.0,0.16134453163031656,0.34101470082566404,0.3592719832147018,0.17963667819490733,0.0,0.0,2
3.86,CN,0.2506626837272941,1.5252072519529263e-08,0.0,0.0,0.16151764446440223,0.3408334559638997,0.3585633073695541,0.1792823389180169,0.0,0.0,2
3.865,CN,0.2506626837272955,1.525207805596884e-08,0.0,0.0,0.16169044197049623,0.3406525902934311,0.35785602070662004,0.17892869423488805,0.0,0.0,2
3.87,CN,0.2506626837272969,1.525208359240841e-08,0.0,0.0,0.16186292457486326,0.3404721028872452,0.35715012051840067,0.17857574279176616,0.0,0.0,2
3.875,CN,0.2506626837272982,1.5252088907390402e-08,0.0,0.0,0.16203509270441047,0.34029199282160966,0.3564456041027581,0.17822348323757717,0.0,0.0,2
3.88,CN,0.25066268372729955,1.5252094222372393e-08,0.0,0.0,0.16220694678667608,0.340112259176048,0.35574246876272886,0.1778719142238341,0.0,0.0,2
3.8850000000000002,CN,0.2506626837273009,1.5252099537354385e-08,0.0,0.0,0.1623784872498156,0.3399329010333268,0.35504071180668234,0.1775210344047166,0.0,0.0,2
3.89,CN,0.2506626837273023,1.5252105295251542e-08,0.0,0.0,0.16254971452259057,0.33975391747943384,0.3543403305481462,0.17717084243698328,0.0,0.0,2
3.895,CN,0.2506626837273036,1.5252110388775952e-08,0.0,0.0,0.16272062903435522,0.3395753076035647,0.35364132230595646,0.1768213369800471,0.0,0.0,2
3.9,CN,0.250662683727305,1.5252115925215524e-08,0.0,0.0,0.16289123121504537,0.3393970704981014,0.35294368440408963,0.17647251669589115,0.0,0.0,2
3.9050000000000002,CN,0.2506626837273063,1.5252121240197516e-08,0.0,0.0,0.16306143681459492,0.33921929367919157,0.35224776037413275,0.1761245533509655,0.0,0.0,2
3.91,CN,0.25066268372730766,1.5252126555179507e-08,0.0,0.0,0.16323133089279862,0.33904188784931233,0.3515532015005434,0.17577727258683248,0.0,0.0,2
3.915,CN,0.250662683727309,1.5252131870161498e-08,0.0,0.0,0.16340091424564906,0.3388648517147704,0.3508600036031158,0.17543067231338122,0.0,0.0,2
3.92,CN,0.2506626837273104,1.525213740660107e-08,0.0,0.0,0.16357018730462225,0.3386881843818829,0.3501681640306339,0.17508475120499864,0.0,0.0,2
3.9250000000000003,CN,0.2506626837273117,1.5252142721583062e-08,0.0,0.0,0.16373915050171448,0.33851188496006845,0.3494776801371141,0.17473950793868792,0.0,0.0,2
3.93,CN,0.25066268372731304,1.5252148036565053e-08,0.0,0.0,0.16390780426943066,0.3383359525618205,0.34878854928164404,0.17439494119398777,0.0,0.0,2
3.935,CN,0.2506626837273145,1.525215379446221e-08,0.0,0.0,0.1640761490407747,0.3381603863026995,0.348100768828515,0.1740510496530388,0.0,0.0,2
3.94,CN,0.2506626837273158,1.52521591094442e-08,0.0,0.0,0.1642441852492352,0.33798518530131005,0.34741433614707773,0.1737078320005114,0.0,0.0,2
3.9450000000000003,CN,0.2506626837273172,1.5252164645883777e-08,0.0,0.0,0.164411913328777,0.33781034867928705,0.3467292486118567,0.17336528692366276,0.0,0.0,2
3.95,CN,0.25066268372731854,1.525216996086577e-08,0.0,0.0,0.1645793337138285,0.33763587556128133,0.3460455036024245,0.17302341311227418,0.0,0.0,2
3.955,CN,0.25066268372731987,1.525217527584776e-08,0.0,0.0,0.16474644683927125,0.3374617650749378,0.34536309850349767,0.17268220925869893,0.0,0.0,2
3.96,CN,0.2506626837273212,1.525218059082975e-08,0.0,0.0,0.16491325314042815,0.3372880163508877,0.34468203070482917,0.17234167405780848,0.0,0.0,2
3.9650000000000003,CN,0.2506626837273226,1.5252186127269324e-08,0.0,0.0,0.16507975305305378,0.3371146285227237,0.34400229760129175,0.17200180620703423,0.0,0.0,2
3.97,CN,0.250662683727324,1.52521916637089e-08,0.0,0.0,0.16524594701332293,0.33694160072699175,0.3433238965927716,0.17166260440631437,0.0,0.0,2
3.975,CN,0.2506626837273254,1.5252197421606057e-08,0.0,0.0,0.16541183545782068,0.3367689321031702,0.34264682508425826,0.1713240673581386,0.0,0.0,2
3.98,CN,0.2506626837273267,1.5252202515130463e-08,0.0,0.0,0.16557741882353116,0.3365966217936575,0.3419710804857323,0.17098619376749236,0.0,0.0,2
3.985,CN,0.2506626837273281,1.525220805157004e-08,0.0,0.0,0.16574269754782667,0.33642466894375384,0.3412966602122585,0.170648982341903,0.0,0.0,2
3.99,CN,0.25066268372732947,1.5252213588009612e-08,0.0,0.0,0.16590767206845866,0.33625307270164806,0.3406235616838721,0.1703124317913833,0.0,0.0,2
3.995,CN,0.2506626837273308,1.5252218902991603e-08,0.0,0.0,0.16607234282354638,0.33608183221840165,0.33995178232567225,0.16997654082847788,0.0,0.0,2
4.0,CN,0.25066268372733214,1.5252224217973594e-08,0.0,0.0,0.16623671025156733,0.33591094664793353,0.33928131956771046,0.16964130816820758,0.0,0.0,2
4.005,CN,0.2506626837273335,1.525222975441317e-08,0.0,0.0,0.16640077479134685,0.3357404151470058,0.3386121708450809,0.16930673252811457,0.0,0.0,2
4.01,CN,0.25066268372733486,1.525223506939516e-08,0.0,0.0,0.16656453688204842,0.33557023687520576,0.33794433359780796,0.16897281262820618,0.0,0.0,2
4.015,CN,0.25066268372733624,1.5252240605834734e-08,0.0,0.0,0.16672799696316346,0.33540041099493545,0.3372778052709392,0.1686395471910013,0.0,0.0,2
4.0200000000000005,CN,0.25066268372733763,1.525224614227431e-08,0.0,0.0,0.1668911554745019,0.3352309366713939,0.3366125833144379,0.1683069349414767,0.0,0.0,2
4.025,CN,0.250662683727339,1.5252251678713882e-08,0.0,0.0,0.16705401285618152,0.33506181307256233,0.33594866518326305,0.16797497460710697,0.0,0.0,2
4.03,CN,0.25066268372734035,1.5252256993695874e-08,0.0,0.0,0.1672165695486209,0.3348930393691945,0.3352860483372777,0.16764366491781885,0.0,0.0,2
4.035,CN,0.2506626837273417,1.5252262308677865e-08,0.0,0.0,0.16737882599252535,0.33472461473479215,0.33462473024131323,0.16731300460602314,0.0,0.0,2
4.04,CN,0.2506626837273431,1.5252268066575022e-08,0.0,0.0,0.16754078262888195,0.33455653834560367,0.3339647083650924,0.16698299240657638,0.0,0.0,2
4.045,CN,0.25066268372734446,1.5252273381557013e-08,0.0,0.0,0.16770243989894856,0.3343888093805959,0.3333059801832776,0.16665362705680498,0.0,0.0,2
4.05,CN,0.2506626837273458,1.5252278696539005e-08,0.0,0.0,0.1678637982442434,0.33422142702145446,0.3326485431754113,0.1663249072964753,0.0,0.0,2
4.055,CN,0.2506626837273472,1.5252284232978577e-08,0.0,0.0,0.16802485810653725,0.3340543904525567,0.3319923948259572,0.16599683186781444,0.0,0.0,2
4.0600000000000005,CN,0.2506626837273485,1.5252289547960568e-08,0.0,0.0,0.16818561992784478,0.333887698860967,0.33133753262423016,0.16566939951547496,0.0,0.0,2
4.065,CN,0.2506626837273499,1.5252295084400144e-08,0.0,0.0,0.16834608415041313,0.33372135143641685,0.3306839540644549,0.16534260898656453,0.0,0.0,2
4.07,CN,0.25066268372735123,1.5252300399382135e-08,0.0,0.0,0.16850625121671572,0.33355534737129644,0.3300316566456879,0.16501645903060652,0.0,0.0,2
4.075,CN,0.25066268372735256,1.5252305714364127e-08,0.0,0.0,0.16866612156944163,0.33338968586063517,0.3293806378718721,0.1646909483995677,0.0,0.0,2
4.08,CN,0.25066268372735395,1.52523112508037e-08,0.0,0.0,0.16882569565148808,0.3332243661020936,0.32873089525176413,0.16436607584782156,0.0,0.0,2
4.085,CN,0.2506626837273553,1.525231656578569e-08,0.0,0.0,0.16898497390595044,0.3330593872959462,0.3280824262989903,0.16404184013217657,0.0,0.0,2
4.09,CN,0.25066268372735667,1.5252322102225266e-08,0.0,0.0,0.16914395677611427,0.3328947486450688,0.3274352285319687,0.16371824001183696,0.0,0.0,2
4.095,CN,0.250662683727358,1.5252327417207258e-08,0.0,0.0,0.16930264470544767,0.3327304493549261,0.3267892994739666,0.1633952742484317,0.0,0.0,2
4.1,CN,0.2506626837273594,1.525233295364683e-08,0.0,0.0,0.16946103813759072,0.3325664886335595,0.326144636653031,0.16307294160597952,0.0,0.0,2
4.105,CN,0.2506626837273608,1.5252338490086406e-08,0.0,0.0,0.16961905891801296,0.33240294701590034,0.32550155744736553,0.16275140077418876,0.0,0.0,2
4.11,CN,0.25066268372736217,1.525234402652598e-08,0.0,0.0,0.16977678602631394,0.3322397424346274,0.32485973976238025,0.16243049070514895,0.0,0.0,2
4.115,CN,0.2506626837273635,1.525234934150797e-08,0.0,0.0,0.16993422026382538,0.3320768737242972,0.3242191796638105,0.1621102094317202,0.0,0.0,2
4.12,CN,0.2506626837273648,1.525235443503238e-08,0.0,0.0,0.1700913620741178,0.3319143401043084,0.3235798747025713,0.16179055572935538,0.0,0.0,2
4.125,CN,0.25066268372736616,1.5252359971471952e-08,0.0,0.0,0.17024821190089245,0.33175214079656223,0.3229418224343541,0.1614715283758955,0.0,0.0,2
4.13,CN,0.25066268372736755,1.5252365507911528e-08,0.0,0.0,0.17040477018797529,0.33159027502545285,0.322305020419561,0.161153126151537,0.0,0.0,2
4.135,CN,0.25066268372736883,1.5252370601435935e-08,0.0,0.0,0.17056103737930853,0.3314287420178558,0.32166946622335585,0.1608353478388571,0.0,0.0,2
4.14,CN,0.25066268372737016,1.5252375916417926e-08,0.0,0.0,0.17071701391894145,0.3312675410031144,0.3210351574155994,0.16051819222278157,0.0,0.0,2
4.1450000000000005,CN,0.25066268372737155,1.52523814528575e-08,0.0,0.0,0.17087270025102572,0.3311066712130274,0.32040209157088895,0.16020165809060438,0.0,0.0,2
4.15,CN,0.2506626837273729,1.525238676783949e-08,0.0,0.0,0.17102809681980422,0.33094613188183575,0.3197702662684999,0.15988574423195867,0.0,0.0,2
4.155,CN,0.2506626837273742,1.525239208282148e-08,0.0,0.0,0.17118320406960602,0.33078592224621206,0.319139679092428,0.15957044943883764,0.0,0.0,2
4.16,CN,0.2506626837273755,1.525239717634589e-08,0.0,0.0,0.1713380224448379,0.33062604154524833,0.31851032763133025,0.15925577250556516,0.0,0.0,2
4.165,CN,0.2506626837273769,1.5252402712785464e-08,0.0,0.0,0.17149255238997632,0.3304664890204422,0.3178822094785629,0.15894171222881484,0.0,0.0,2
4.17,CN,0.2506626837273782,1.5252408027767455e-08,0.0,0.0,0.17164679434956095,0.3303072639156869,0.31725532223212627,0.1586282674075822,0.0,0.0,2
4.175,CN,0.2506626837273796,1.525241356420703e-08,0.0,0.0,0.1718007487681867,0.33014836547725834,0.31662966349470245,0.15831543684320373,0.0,0.0,2
4.18,CN,0.250662683727381,1.5252419100646603e-08,0.0,0.0,0.17195441609049797,0.3299897929538033,0.3160052308735957,0.15800321933932696,0.0,0.0,2
4.1850000000000005,CN,0.2506626837273824,1.525242463708618e-08,0.0,0.0,0.17210779676117893,0.32983154559632777,0.31538202198077503,0.1576916137019318,0.0,0.0,2
4.19,CN,0.25066268372738376,1.525243017352575e-08,0.0,0.0,0.1722608912249492,0.32967362265818534,0.31476003443281486,0.15738061873930098,0.0,0.0,2
4.195,CN,0.2506626837273851,1.5252435488507743e-08,0.0,0.0,0.1724136999265536,0.3295160233950678,0.3141392658509402,0.15707023326204242,0.0,0.0,2
4.2,CN,0.2506626837273865,1.525244102494732e-08,0.0,0.0,0.1725662233107585,0.3293587470649876,0.3135197138609558,0.15676045608305392,0.0,0.0,2
4.205,CN,0.25066268372738776,1.5252446118471725e-08,0.0,0.0,0.17271846182234304,0.32920179292827423,0.31290137609329916,0.1564512860175498,0.0,0.0,2
4.21,CN,0.25066268372738915,1.52524516549113e-08,0.0,0.0,0.17287041590609217,0.3290451602475575,0.3122842501829791,0.15614272188302986,0.0,0.0,2
4.215,CN,0.2506626837273905,1.5252456969893292e-08,0.0,0.0,0.1730220860067912,0.32888884828775655,0.3116683337696055,0.15583476249929457,0.0,0.0,2
4.22,CN,0.2506626837273918,1.5252462284875284e-08,0.0,0.0,0.17317347256921806,0.32873285631607246,0.3110536244973504,0.15552740668842543,0.0,0.0,2
4.225,CN,0.2506626837273932,1.5252467821314856e-08,0.0,0.0,0.1733245760381361,0.3285771836019734,0.31044012001497057,0.15522065327479637,0.0,0.0,2
4.23,CN,0.25066268372739453,1.5252473136296848e-08,0.0,0.0,0.17347539685828928,0.3284218294171827,0.30982781797575715,0.15491450108504842,0.0,0.0,2
4.235,CN,0.25066268372739586,1.525247845127884e-08,0.0,0.0,0.17362593547439426,0.3282667930356745,0.30921671603757794,0.15460894894811103,0.0,0.0,2
4.24,CN,0.25066268372739725,1.5252483987718415e-08,0.0,0.0,0.17377619233113412,0.328112073733654,0.30860681186281547,0.154303995695171,0.0,0.0,2
4.245,CN,0.25066268372739864,1.5252489524157987e-08,0.0,0.0,0.17392616787315215,0.3279576707895541,0.3079981031184074,0.15399964015969272,0.0,0.0,2
4.25,CN,0.2506626837274,1.5252495060597563e-08,0.0,0.0,0.1740758625450465,0.3278035834840188,0.30739058747578973,0.15369588117738972,0.0,0.0,2
4.255,CN,0.25066268372740136,1.5252500375579554e-08,0.0,0.0,0.17422527679136204,0.32764981109989805,0.3067842626109366,0.15339271758624462,0.0,0.0,2
4.26,CN,0.25066268372740275,1.5252505912019127e-08,0.0,0.0,0.17437441105658583,0.32749635292223256,0.3061791262043059,0.15309014822648193,0.0,0.0,2
4.265,CN,0.2506626837274041,1.5252511227001118e-08,0.0,0.0,0.1745232657851392,0.3273432082382443,0.30557517594086775,0.1527881719405823,0.0,0.0,2
4.2700000000000005,CN,0.25066268372740547,1.525251676344069e-08,0.0,0.0,0.1746718414213733,0.3271903763373296,0.3049724095100697,0.1524867875732651,0.0,0.0,2
4.275,CN,0.2506626837274068,1.5252522078422682e-08,0.0,0.0,0.17482013840956354,0.3270378565110424,0.3043708246058425,0.15218599397149127,0.0,0.0,2
4.28,CN,0.2506626837274082,1.5252527614862258e-08,0.0,0.0,0.1749681571939006,0.3268856480530908,0.3037704189265845,0.15188578998445562,0.0,0.0,2
4.285,CN,0.2506626837274096,1.525253315130183e-08,0.0,0.0,0.1751158982184888,0.3267337502593201,0.30317119017515703,0.15158617446358438,0.0,0.0,2
4.29,CN,0.2506626837274109,1.525253846628382e-08,0.0,0.0,0.17526336192733585,0.32658216242770993,0.3025731360588726,0.15128714626252945,0.0,0.0,2
4.295,CN,0.2506626837274123,1.5252544002723397e-08,0.0,0.0,0.17541054876435075,0.32643088385835556,0.30197625428948854,0.15098870423716512,0.0,0.0,2
4.3,CN,0.25066268372741357,1.5252549096247804e-08,0.0,0.0,0.17555745917333526,0.3262799138534657,0.30138054258319374,0.1506908472455815,0.0,0.0,2
4.305,CN,0.25066268372741496,1.525255463268738e-08,0.0,0.0,0.17570402071756347,0.32612932658466387,0.3007862941560768,0.1503937218963832,0.0,0.0,2
4.3100000000000005,CN,0.2506626837274164,1.5252560390584537e-08,0.0,0.0,0.17585030664866624,0.32597904655052085,0.30019321150139844,0.15009717943563203,0.0,0.0,2
4.315,CN,0.25066268372741773,1.5252565705566528e-08,0.0,0.0,0.17599631775877697,0.32582907269253125,0.29960129091727605,0.14980121801237964,0.0,0.0,2
4.32,CN,0.25066268372741907,1.525257102054852e-08,0.0,0.0,0.17614205449054054,0.325679404322289,0.2990105301409942,0.14950583649526394,0.0,0.0,2
4.325,CN,0.25066268372742045,1.5252576556988092e-08,0.0,0.0,0.17628751728646735,0.3255300407534465,0.29842092691423744,0.14921103375512296,0.0,0.0,2
4.33,CN,0.2506626837274218,1.5252581871970083e-08,0.0,0.0,0.1764327065889294,0.32538098130170334,0.29783247898305265,0.14891680866497578,0.0,0.0,2
4.335,CN,0.2506626837274232,1.525258740840966e-08,0.0,0.0,0.1765776228401548,0.3252322252847942,0.29724518409785894,0.14862316010002768,0.0,0.0,2
4.34,CN,0.25066268372742456,1.5252592944849232e-08,0.0,0.0,0.17672226648222153,0.32508377202248456,0.2966590400134286,0.14833008693766048,0.0,0.0,2
4.345,CN,0.25066268372742595,1.5252598481288808e-08,0.0,0.0,0.17686663795705274,0.324935620836556,0.29607404448888974,0.148037588057434,0.0,0.0,2
4.3500000000000005,CN,0.2506626837274272,1.5252603574813214e-08,0.0,0.0,0.17701073770641318,0.3247877710508011,0.2954901952877004,0.14774566234107295,0.0,0.0,2
4.355,CN,0.25066268372742867,1.525260933271037e-08,0.0,0.0,0.177154566171901,0.32464022199101067,0.2949074901776628,0.14745430867247422,0.0,0.0,2
4.36,CN,0.25066268372742995,1.525261442623478e-08,0.0,0.0,0.17729812379494572,0.3244929729849668,0.2943259269308899,0.14716352593768997,0.0,0.0,2
4.365,CN,0.2506626837274314,1.525262018413194e-08,0.0,0.0,0.17744141101680078,0.32434602336243323,0.29374550332382393,0.1468733130249371,0.0,0.0,2
4.37,CN,0.2506626837274327,1.525262549911393e-08,0.0,0.0,0.17758442827853965,0.3241993724551447,0.2931662171372008,0.14658366882457935,0.0,0.0,2
4.375,CN,0.2506626837274341,1.5252631035553502e-08,0.0,0.0,0.17772717602105192,0.32405301959679933,0.2925880661560647,0.14629459222913452,0.0,0.0,2
4.38,CN,0.2506626837274355,1.5252636571993075e-08,0.0,0.0,0.17786965468503674,0.32390696412304953,0.29201104816974066,0.14600608213326094,0.0,0.0,2
4.385,CN,0.25066268372743683,1.5252641886975066e-08,0.0,0.0,0.17801186471099803,0.3237612053714924,0.2914351609718468,0.14571813743376344,0.0,0.0,2
4.39,CN,0.25066268372743816,1.5252647201957057e-08,0.0,0.0,0.17815380653924193,0.32361574268166077,0.2908604023602608,0.14543075702957664,0.0,0.0,2
4.3950000000000005,CN,0.2506626837274395,1.525265251693905e-08,0.0,0.0,0.17829548060986888,0.32347057539501595,0.2902867701371412,0.14514393982177567,0.0,0.0,2
4.4,CN,0.2506626837274409,1.5252658053378625e-08,0.0,0.0,0.17843688736277247,0.32332570285493617,0.28971426210888646,0.1448576847135555,0.0,0.0,2
4.405,CN,0.2506626837274422,1.5252663368360616e-08,0.0,0.0,0.17857802723763094,0.32318112440671026,0.28914287608615974,0.14457199061024356,0.0,0.0,2
4.41,CN,0.2506626837274436,1.5252668904800188e-08,0.0,0.0,0.17871890067390614,0.3230368393975283,0.28857260988385225,0.14428685641928127,0.0,0.0,2
4.415,CN,0.25066268372744505,1.5252674662697346e-08,0.0,0.0,0.1788595081108367,0.3228928471764709,0.2880034613210942,0.14400228105022958,0.0,0.0,2
4.42,CN,0.2506626837274464,1.5252679977679337e-08,0.0,0.0,0.17899984998743493,0.32274914709450536,0.28743542822123613,0.14371826341475955,0.0,0.0,2
4.425,CN,0.25066268372744777,1.5252685514118913e-08,0.0,0.0,0.17913992674248136,0.3226057385044709,0.2868685084118462,0.14343480242665116,0.0,0.0,2
4.43,CN,0.2506626837274491,1.5252690829100904e-08,0.0,0.0,0.1792797388145215,0.3224626207610767,0.28630269972469746,0.1431518970017868,0.0,0.0,2
4.4350000000000005,CN,0.2506626837274505,1.5252696365540476e-08,0.0,0.0,0.17941928664185958,0.32231979322088816,0.2857379999957681,0.1428695460581514,0.0,0.0,2
4.44,CN,0.2506626837274518,1.5252701680522468e-08,0.0,0.0,0.17955857066255665,0.32217725524232127,0.28517440706521857,0.14258774851582107,0.0,0.0,2
4.445,CN,0.2506626837274532,1.5252707216962044e-08,0.0,0.0,0.17969759131442506,0.3220350061856339,0.2846119187774007,0.1423065032969676,0.0,0.0,2
4.45,CN,0.25066268372745454,1.5252712531944035e-08,0.0,0.0,0.1798363490350242,0.3218930454129169,0.284050532980833,0.1420258093258461,0.0,0.0,2
4.455,CN,0.2506626837274559,1.5252718068383607e-08,0.0,0.0,0.1799748442616563,0.32175137228808753,0.28349024752821117,0.14174566552880036,0.0,0.0,2
4.46,CN,0.2506626837274573,1.5252723604823183e-08,0.0,0.0,0.18011307743136293,0.32160998617687925,0.2829310602763795,0.14146607083424842,0.0,0.0,2
4.465,CN,0.25066268372745865,1.5252728919805174e-08,0.0,0.0,0.18025104898092037,0.32146888644683425,0.2823729690863402,0.14118702417268733,0.0,0.0,2
4.47,CN,0.25066268372746003,1.5252734456244747e-08,0.0,0.0,0.18038875934683632,0.3213280724672968,0.2818159718232318,0.14090852447668223,0.0,0.0,2
4.4750000000000005,CN,0.2506626837274615,1.5252740214141904e-08,0.0,0.0,0.18052620896534416,0.32118754360940327,0.28126006635633566,0.1406305706808697,0.0,0.0,2
4.48,CN,0.25066268372746275,1.5252745307666314e-08,0.0,0.0,0.18066339827240183,0.3210472992460754,0.2807052505590496,0.14035316172194467,0.0,0.0,2
4.485,CN,0.2506626837274642,1.525275106556347e-08,0.0,0.0,0.1808003277036844,0.3209073387520119,0.2801515223089007,0.14007629653866657,0.0,0.0,2
4.49,CN,0.25066268372746553,1.5252756380545463e-08,0.0,0.0,0.1809369976945843,0.3207676615036807,0.2795988794875153,0.1397999740718445,0.0,0.0,2
4.495,CN,0.2506626837274669,1.5252761916985035e-08,0.0,0.0,0.18107340868020402,0.32062826687931206,0.2790473199806332,0.1395241932643444,0.0,0.0,2
4.5,CN,0.2506626837274683,1.5252767453424608e-08,0.0,0.0,0.18120956109535416,0.3204891542588886,0.27849684167807864,0.13924895306107427,0.0,0.0,2
4.505,CN,0.2506626837274697,1.5252772989864183e-08,0.0,0.0,0.1813453878487425,0.32035039199813803,0.27794771547338065,0.13897438890931638,0.0,0.0,2
4.51,CN,0.2506626837274711,1.5252778526303756e-08,0.0,0.0,0.18148095681967366,0.320211910578495,0.27739966657028403,0.13870036341041794,0.0,0.0,2
4.515,CN,0.2506626837274724,1.5252783841285747e-08,0.0,0.0,0.18161626878115567,0.3200737090320828,0.2768526914865128,0.13842687482323432,0.0,0.0,2
4.5200000000000005,CN,0.25066268372747375,1.525278915626774e-08,0.0,0.0,0.1817513241661297,0.3199357867467539,0.27630678813137943,0.13815392210241775,0.0,0.0,2
4.525,CN,0.25066268372747513,1.5252794692707314e-08,0.0,0.0,0.1818861234072279,0.31979814311207405,0.275761954418249,0.13788150420464682,0.0,0.0,2
4.53,CN,0.25066268372747647,1.5252800007689306e-08,0.0,0.0,0.18202066693676802,0.3196607775193123,0.2752181882645188,0.13760962008861616,0.0,0.0,2
4.535,CN,0.2506626837274778,1.5252805322671297e-08,0.0,0.0,0.18215495518675248,0.3195236893614366,0.2746754875916221,0.1373382687150384,0.0,0.0,2
4.54,CN,0.2506626837274792,1.525281085911087e-08,0.0,0.0,0.18228898858886083,0.31938687803310506,0.27413385032501525,0.13706744904663784,0.0,0.0,2
4.545,CN,0.2506626837274806,1.5252816395550445e-08,0.0,0.0,0.18242276757445158,0.3192503429306574,0.2735932743941679,0.1367971600481453,0.0,0.0,2
4.55,CN,0.2506626837274819,1.5252821710532437e-08,0.0,0.0,0.18255629257455375,0.31911408345211,0.2730537577325581,0.1365274006862958,0.0,0.0,2
4.555,CN,0.25066268372748324,1.5252827025514428e-08,0.0,0.0,0.18268956401986752,0.3189780989971475,0.2725152982776664,0.13625816992982578,0.0,0.0,2
4.5600000000000005,CN,0.2506626837274846,1.5252832561954e-08,0.0,0.0,0.18282258234075796,0.3188423889671157,0.2719778939709624,0.13598946674946602,0.0,0.0,2
4.565,CN,0.250662683727486,1.5252838098393576e-08,0.0,0.0,0.1829553479672542,0.3187069527650142,0.271441542757903,0.1357212901179411,0.0,0.0,2
4.57,CN,0.2506626837274874,1.525284363483315e-08,0.0,0.0,0.18308786132904398,0.3185717897954903,0.2709062425879202,0.13545363900996304,0.0,0.0,2
4.575,CN,0.2506626837274888,1.5252849171272725e-08,0.0,0.0,0.18322012285547315,0.3184368994648304,0.270371991414415,0.1351865124022285,0.0,0.0,2
4.58,CN,0.2506626837274902,1.5252854707712297e-08,0.0,0.0,0.18335213297553937,0.31830228118095466,0.2698387871947502,0.13491990927341496,0.0,0.0,2
4.585,CN,0.2506626837274915,1.525286002269429e-08,0.0,0.0,0.1834838921178915,0.3181679343534097,0.26930662789024506,0.13465382860417813,0.0,0.0,2
4.59,CN,0.2506626837274929,1.5252865559133864e-08,0.0,0.0,0.18361540071082538,0.31803385839335996,0.2687755114661595,0.13438826937714407,0.0,0.0,2
4.595,CN,0.25066268372749423,1.5252870874115856e-08,0.0,0.0,0.18374665918228036,0.31790005271358424,0.2682454358917004,0.13412323057691236,0.0,0.0,2
4.6000000000000005,CN,0.25066268372749556,1.5252876189097847e-08,0.0,0.0,0.1838776679598383,0.31776651672846473,0.26771639913999534,0.13385871119004292,0.0,0.0,2
4.605,CN,0.25066268372749695,1.525288172553742e-08,0.0,0.0,0.18400842747071805,0.31763324985398406,0.26718839918810416,0.1335947102050618,0.0,0.0,2
4.61,CN,0.2506626837274983,1.525288704051941e-08,0.0,0.0,0.1841389381417738,0.3175002515077157,0.2666614340169968,0.13333122661245012,0.0,0.0,2
4.615,CN,0.2506626837274996,1.5252892355501402e-08,0.0,0.0,0.18426920039949318,0.31736752110881983,0.26613550161155486,0.13306825940464478,0.0,0.0,2
4.62,CN,0.250662683727501,1.5252897891940974e-08,0.0,0.0,0.18439921466999148,0.31723505807803426,0.2656105999605588,0.13280580757603225,0.0,0.0,2
4.625,CN,0.2506626837275023,1.5252902985465384e-08,0.0,0.0,0.18452898137901264,0.31710286183766934,0.2650867270566828,0.13254387012294572,0.0,0.0,2
4.63,CN,0.2506626837275036,1.5252908300447376e-08,0.0,0.0,0.1846585009519227,0.3169709318116005,0.2645638808964848,0.13228244604366035,0.0,0.0,2
4.635,CN,0.25066268372750505,1.5252914058344533e-08,0.0,0.0,0.18478777381370914,0.3168392674252635,0.26404205948040715,0.1320215343383935,0.0,0.0,2
4.64,CN,0.25066268372750644,1.5252919594784105e-08,0.0,0.0,0.1849168003889785,0.3167078681056451,0.2635212608127535,0.13176113400929318,0.0,0.0,2
4.6450000000000005,CN,0.2506626837275078,1.5252924909766097e-08,0.0,0.0,0.1850455811019528,0.3165767332812794,0.2630014829016979,0.13150124406044258,0.0,0.0,2
4.65,CN,0.25066268372750916,1.5252930446205672e-08,0.0,0.0,0.1851741163764654,0.31644586238223926,0.2624827237592672,0.13124186349785136,0.0,0.0,2
4.655,CN,0.2506626837275105,1.5252935761187664e-08,0.0,0.0,0.18530240663596173,0.316315254840131,0.2619649814013366,0.13098299132945335,0.0,0.0,2
4.66,CN,0.2506626837275118,1.5252941076169655e-08,0.0,0.0,0.1854304523034945,0.3161849100880892,0.26144825384762227,0.13072462656510278,0.0,0.0,2
4.665,CN,0.25066268372751316,1.5252946391151646e-08,0.0,0.0,0.18555825380172114,0.31605482756076786,0.26093253912167486,0.13046676821657127,0.0,0.0,2
4.67,CN,0.25066268372751455,1.525295192759122e-08,0.0,0.0,0.1856858115529011,0.3159250066943361,0.2604178352508702,0.1302094152975429,0.0,0.0,2
4.675,CN,0.25066268372751593,1.5252957464030795e-08,0.0,0.0,0.1858131259788952,0.3157954469264706,0.2599041402664012,0.12995256682361042,0.0,0.0,2
4.68,CN,0.2506626837275172,1.52529625575552e-08,0.0,0.0,0.18594019750116042,0.31566614769635076,0.25939145220327386,0.12969622181227303,0.0,0.0,2
4.6850000000000005,CN,0.2506626837275186,1.5252968093994777e-08,0.0,0.0,0.18606702654075014,0.31553710844465216,0.2588797691002973,0.1294403792829316,0.0,0.0,2
4.69,CN,0.25066268372751993,1.5252973408976768e-08,0.0,0.0,0.18619361351830874,0.3154083286135398,0.2583690890000784,0.12918503825688574,0.0,0.0,2
4.695,CN,0.2506626837275212,1.5252978502501175e-08,0.0,0.0,0.18631995885407188,0.3152798076466628,0.25785940994901246,0.12893019775732945,0.0,0.0,2
4.7,CN,0.25066268372752254,1.5252983817483166e-08,0.0,0.0,0.1864460629678629,0.3151515449891473,0.25735072999727493,0.12867585680934668,0.0,0.0,2
4.705,CN,0.25066268372752387,1.5252989132465157e-08,0.0,0.0,0.18657186375274737,0.31502360366948134,0.25684329941528294,0.12842214054862428,0.0,0.0,2
4.71,CN,0.25066268372752526,1.5252994668904733e-08,0.0,0.0,0.18669742406630757,0.31489591963567326,0.25633686438346254,0.12816892206489025,0.0,0.0,2
4.715,CN,0.25066268372752665,1.5253000205344306e-08,0.0,0.0,0.18682274465584728,0.31476849199786155,0.2558314216270593,0.12791619972076107,0.0,0.0,2
4.72,CN,0.250662683727528,1.5253005520326297e-08,0.0,0.0,0.1869478259388797,0.3146413202078587,0.2553269692142496,0.12766397255032125,0.0,0.0,2
4.7250000000000005,CN,0.25066268372752937,1.5253011056765873e-08,0.0,0.0,0.1870726683324959,0.314514403718922,0.25482350521694597,0.1274122395895234,0.0,0.0,2
4.73,CN,0.2506626837275308,1.525301681466303e-08,0.0,0.0,0.18719727225336136,0.3143877419857488,0.25432102771079385,0.12716099987618654,0.0,0.0,2
4.735,CN,0.25066268372753214,1.525302212964502e-08,0.0,0.0,0.18732163811771507,0.3142613344644696,0.25381953477516006,0.1269102524499904,0.0,0.0,2
4.74,CN,0.25066268372753353,1.5253027666084594e-08,0.0,0.0,0.18744576634136595,0.31413518061264345,0.2533190244931308,0.12665999635247446,0.0,0.0,2
4.745,CN,0.2506626837275349,1.5253033202524166e-08,0.0,0.0,0.18756965733969397,0.31400927988925026,0.2528194949514933,0.1264102306270286,0.0,0.0,2
4.75,CN,0.25066268372753625,1.5253038517506158e-08,0.0,0.0,0.18769331152764243,0.31388363175468925,0.25232094424074913,0.12616095431890004,0.0,0.0,2
4.755,CN,0.2506626837275376,1.525304383248815e-08,0.0,0.0,0.1878167293197217,0.313758235670768,0.251823370455084,0.12591216647517794,0.0,0.0,2
4.76,CN,0.25066268372753897,1.5253049368927725e-08,0.0,0.0,0.18793991113000336,0.31363309110070076,0.2513267716923768,0.12566386614479813,0.0,0.0,2
4.765,CN,0.25066268372754036,1.5253054905367297e-08,0.0,0.0,0.18806285737212058,0.31350819750910197,0.25083114605418516,0.1254160523785358,0.0,0.0,2
4.7700000000000005,CN,0.2506626837275417,1.525306022034929e-08,0.0,0.0,0.18818556845926418,0.31338355436197934,0.2503364916457401,0.1251687242290028,0.0,0.0,2
4.775,CN,0.2506626837275431,1.5253065756788864e-08,0.0,0.0,0.188308044804182,0.31325916112673013,0.24984280657593913,0.12492188075064431,0.0,0.0,2
4.78,CN,0.2506626837275445,1.525307151468602e-08,0.0,0.0,0.1884302868191763,0.3131350172721349,0.24935008895734015,0.12467552099973567,0.0,0.0,2
4.785,CN,0.25066268372754585,1.5253076829668013e-08,0.0,0.0,0.18855229491610281,0.31301112226835204,0.2488583369061509,0.12442964403437715,0.0,0.0,2
4.79,CN,0.2506626837275472,1.5253082144650004e-08,0.0,0.0,0.18867406950636695,0.31288747558691277,0.24836754854222762,0.12418424891449327,0.0,0.0,2
4.795,CN,0.2506626837275486,1.5253087681089577e-08,0.0,0.0,0.18879561100092407,0.3127640767007149,0.2478777219890615,0.12393933470182603,0.0,0.0,2
4.8,CN,0.25066268372754985,1.5253092774613987e-08,0.0,0.0,0.1889169198102767,0.31264092508401875,0.24738885537377645,0.12369490045993382,0.0,0.0,2
4.805,CN,0.25066268372755124,1.525309831105356e-08,0.0,0.0,0.189037996344472,0.31251802021244124,0.24690094682712208,0.12345094525418789,0.0,0.0,2
4.8100000000000005,CN,0.2506626837275526,1.5253103847493135e-08,0.0,0.0,0.18915884101310237,0.3123953615629496,0.2464139944834597,0.12320746815176528,0.0,0.0,2
4.815,CN,0.250662683727554,1.5253109383932708e-08,0.0,0.0,0.1892794542252999,0.3122729486138585,0.24592799648076838,0.12296446822165202,0.0,0.0,2
4.82,CN,0.2506626837275554,1.5253114920372283e-08,0.0,0.0,0.18939983638973856,0.3121507808448225,0.24544295096062452,0.12272194453463273,0.0,0.0,2
4.825,CN,0.25066268372755673,1.5253120235354275e-08,0.0,0.0,0.18951998791462993,0.3120288577368322,0.24495885606820367,0.12247989616329163,0.0,0.0,2
4.83,CN,0.25066268372755807,1.5253125550336266e-08,0.0,0.0,0.18963990920772283,0.31190717877220914,0.24447570995227008,0.12223832218200734,0.0,0.0,2
4.835,CN,0.2506626837275594,1.5253130865318257e-08,0.0,0.0,0.18975960067629977,0.31178574343459964,0.24399351076517248,0.12199722166695066,0.0,0.0,2
4.84,CN,0.25066268372756073,1.525313618030025e-08,0.0,0.0,0.18987906272717905,0.31166455120896985,0.24351225666282883,0.12175659369607707,0.0,0.0,2
4.845,CN,0.2506626837275621,1.525314171673982e-08,0.0,0.0,0.18999829576670907,0.3115436015816029,0.24303194580473322,0.12151643734913009,0.0,0.0,2
4.8500000000000005,CN,0.25066268372756345,1.5253147031721812e-08,0.0,0.0,0.19011730020076897,0.31142289404009044,0.2425525763539367,0.12127675170763173,0.0,0.0,2
4.855,CN,0.2506626837275648,1.5253152346703803e-08,0.0,0.0,0.19023607643476612,0.3113024280733307,0.2420741464770488,0.12103753585488325,0.0,0.0,2
4.86,CN,0.25066268372756617,1.5253157883143376e-08,0.0,0.0,0.1903546248736361,0.3111822031715207,0.24159665434422187,0.12079878887595734,0.0,0.0,2
4.865,CN,0.25066268372756756,1.5253163419582952e-08,0.0,0.0,0.19047294592183855,0.3110622188261545,0.24112009812915644,0.12056050985770077,0.0,0.0,2
4.87,CN,0.2506626837275689,1.5253168734564943e-08,0.0,0.0,0.19059103998335863,0.3109424745300153,0.24064447600908134,0.12032269788872446,0.0,0.0,2
4.875,CN,0.2506626837275702,1.5253174049546934e-08,0.0,0.0,0.1907089074617032,0.3108229697771726,0.24016978616475687,0.1200853520594051,0.0,0.0,2
4.88,CN,0.25066268372757167,1.525317980744409e-08,0.0,0.0,0.1908265487599006,0.3107037040629761,0.23969602678046192,0.11984847146187864,0.0,0.0,2
4.885,CN,0.250662683727573,1.5253185122426083e-08,0.0,0.0,0.19094396428049867,0.310584676884052,0.23922319604399164,0.11961205519003923,0.0,0.0,2
4.89,CN,0.2506626837275744,1.5253190658865655e-08,0.0,0.0,0.191061154425564,0.31046588773829703,0.2387512921466462,0.11937610233953348,0.0,0.0,2
4.8950000000000005,CN,0.2506626837275757,1.5253195973847647e-08,0.0,0.0,0.1911781195966792,0.31034733612487353,0.23828031328322652,0.11914061200775838,0.0,0.0,2
4.9,CN,0.2506626837275771,1.5253201510287222e-08,0.0,0.0,0.191294860194944,0.3102290215442069,0.23781025765202737,0.1189055832938579,0.0,0.0,2
4.905,CN,0.25066268372757844,1.5253206825269214e-08,0.0,0.0,0.19141131875175532,0.3101110021365482,0.23734135647040172,0.1186711318069504,0.0,0.0,2
4.91,CN,0.2506626837275798,1.5253212361708786e-08,0.0,0.0,0.19152755344294306,0.30999321885579306,0.2368733752941279,0.11843714032447698,0.0,0.0,2
4.915,CN,0.25066268372758116,1.5253217676690778e-08,0.0,0.0,0.19164356498595222,0.3098756708802073,0.23640631104449558,0.11820360730707659,0.0,0.0,2
4.92,CN,0.25066268372758255,1.5253223213130353e-08,0.0,0.0,0.1917593537793219,0.30975835771596605,0.2359401619364269,0.11797053186220692,0.0,0.0,2
4.925,CN,0.25066268372758393,1.5253228749569926e-08,0.0,0.0,0.1918749202211005,0.30964127887048026,0.2354749261882985,0.11773791309905286,0.0,0.0,2
4.93,CN,0.25066268372758527,1.5253234064551917e-08,0.0,0.0,0.19199026470884512,0.3095244338523922,0.2350106020219339,0.1175057501285228,0.0,0.0,2
4.9350000000000005,CN,0.2506626837275866,1.525323937953391e-08,0.0,0.0,0.19210538763961993,0.30940782217157137,0.23454718766259852,0.11727404206324601,0.0,0.0,2
4.94,CN,0.25066268372758804,1.5253245137431066e-08,0.0,0.0,0.19222028940999714,0.309291443339108,0.23408468133898508,0.11704278801756551,0.0,0.0,2
4.945,CN,0.2506626837275894,1.5253250452413057e-08,0.0,0.0,0.192334970416051,0.30917529686731055,0.2336230812832197,0.11681198710754097,0.0,0.0,2
4.95,CN,0.2506626837275907,1.5253255767395048e-08,0.0,0.0,0.1924494310533629,0.3090593822697009,0.23316238573084358,0.1165816384509396,0.0,0.0,2
4.955,CN,0.25066268372759204,1.525326108237704e-08,0.0,0.0,0.19256367171701502,0.30894369906100955,0.23270259292081413,0.11635174116723676,0.0,0.0,2
4.96,CN,0.2506626837275934,1.5253266618816615e-08,0.0,0.0,0.1926776928015908,0.30882824675717,0.23224370109549483,0.11612229437761083,0.0,0.0,2
4.965,CN,0.25066268372759476,1.5253271933798606e-08,0.0,0.0,0.19279149470117637,0.3087130248753173,0.2317857085006476,0.1158932972049394,0.0,0.0,2
4.97,CN,0.2506626837275961,1.5253277248780598e-08,0.0,0.0,0.19290507780935476,0.30859803293378046,0.23132861338543084,0.11566474877379834,0.0,0.0,2
4.9750000000000005,CN,0.2506626837275974,1.5253282563762586e-08,0.0,0.0,0.1930184425192088,0.3084832704520806,0.23087241400238845,0.11543664821045625,0.0,0.0,2
4.98,CN,0.25066268372759887,1.5253288321659743e-08,0.0,0.0,0.1931315892233179,0.3083687369509252,0.2304171086074461,0.11520899464287265,0.0,0.0,2
4.985,CN,0.2506626837276002,1.5253293636641734e-08,0.0,0.0,0.19324451831375794,0.30825443195220414,0.22996269545990225,0.11498178720069342,0.0,0.0,2
4.99,CN,0.25066268372760153,1.5253298951623725e-08,0.0,0.0,0.19335723018209977,0.30814035497898634,0.22950917282242586,0.11475502501524974,0.0,0.0,2
4.995,CN,0.2506626837276029,1.52533044880633e-08,0.0,0.0,0.1934697252194086,0.308026505555514,0.2290565389610441,0.11452870721955188,0.0,0.0,2
5.0,CN,0.2506626837276043,1.5253310024502874e-08,0.0,0.0,0.19358200381624252,0.3079128832071985,0.22860479214513996,0.114302832948288,0.0,0.0,2
0.0,PINN Vanilla,0.250662986522075,1.2232291875455454e-06,8.34702494705627e-05,0.00020260365546317938,-4.020892083644867e-05,1.000083565711975,2.0003277277573943,1.0001676866096387,8.356571197509766e-05,4.020892083644867e-05,2
0.005,PINN Vanilla,0.2506596515798012,1.2081273401794854e-05,0.00012692860371147846,0.00034005987392071724,-8.43442976474762e-05,0.9952673316001892,1.9907517228275537,0.9953796658444721,0.0,8.43442976474762e-05,2
0.01,PINN Vanilla,0.2506562294648031,2.5733545049914222e-05,0.00020314208303534288,0.0004623789457861016,-0.0001325691118836403,0.9905002117156982,1.9812730737030506,0.9906403231680262,0.0,0.0001325691118836403,2
0.015,PINN Vanilla,0.2506527724773625,3.9524937697228855e-05,0.00027810944418637205,0.0006458710352358343,-0.00017910636961460114,0.98578280210495,1.9718928271904588,0.9859501819855884,0.0,0.00017910636961460114,2
0.02,PINN Vanilla,0.25064931993559025,5.329859468347434e-05,0.0003467335000419289,0.0008308191908000251,-0.00022382847964763641,0.9811151623725891,1.9626114601269364,0.9813094807166493,0.0,0.00022382847964763641,4
0.025,PINN Vanilla,0.2506458984599451,6.69483156808159e-05,0.0004082681016059717,0.0009977090068488126,-0.00026711076498031616,0.9764977693557739,1.953429739922285,0.9767186030675759,0.0,0.00026711076498031616,2
0.03,PINN Vanilla,0.2506425480828623,8.031439428535079e-05,0.00046275830337932575,0.0011475296563661086,-0.0003087213262915611,0.9719302654266357,1.94434660859406,0.9721770200451241,0.0,0.0003087213262915611,2
0.035,PINN Vanilla,0.2506392870657148,9.332397811621466e-05,0.0005106365477965032,0.0012810805726011232,-0.00034860242158174515,0.9674132466316223,1.935363069176674,0.9676852331684173,0.0,0.00034860242158174515,2
0.04,PINN Vanilla,0.2506361626032742,0.00010578878716477883,0.0005522879399371088,0.001399181625314716,-0.00038650166243314743,0.9629468321800232,1.9264796106144786,0.9632434869105655,0.0,0.00038650166243314743,2
0.045,PINN Vanilla,0.25063317130645757,0.00011772234192362118,0.0005881387005781552,0.001503045977818307,-0.0004229433834552765,0.9585307240486145,1.917695508338511,0.9588514189857027,0.0,0.0004229433834552765,2
0.05,PINN Vanilla,0.25063035215670265,0.00012896912886452408,0.0006186955310541092,0.001593165941888075,-0.0004580225795507431,0.9541648030281067,1.9090110007673502,0.9545091486035739,0.0,0.0004580225795507431,2
0.055,PINN Vanilla,0.2506277269208806,0.00013944231068427514,0.0006443410643801661,0.00167063265428663,-0.000490821897983551,0.9498488903045654,1.9004244897514582,0.9502158766863562,0.0,0.000490821897983551,2
0.06,PINN Vanilla,0.2506252977564002,0.0001491332805619149,0.0006655613569935768,0.0017359697234707872,-0.0005221152678132057,0.9455832839012146,1.891936837695539,0.9459720344380494,0.0,0.0005221152678132057,2
0.065,PINN Vanilla,0.25062308724876514,0.00015795193532094285,0.0006826674194486994,0.0017903636394323574,-0.0005516847595572472,0.941367506980896,1.8835475137457252,0.9417773564307055,0.0,0.0005516847595572472,2
0.07,PINN Vanilla,0.25062110312841857,0.0001658674349371403,0.0006961119651959299,0.0018346414505949205,-0.00057933758944273,0.9372009634971619,1.8752546831965446,0.9376309253080822,0.0,0.00057933758944273,2
0.075,PINN Vanilla,0.2506193801518532,0.00017274112098416024,0.0007062172821112298,0.0018683392617937777,-0.0006054174154996872,0.9330840110778809,1.867059638723731,0.9335333874105167,0.0,0.0006054174154996872,2
0.08,PINN Vanilla,0.2506178975659425,0.00017865578650705637,0.0007132902637123509,0.0018933214005089627,-0.0006297500804066658,0.9290159344673157,1.8589606583118439,0.9294838817269978,0.0,0.0006297500804066658,2
0.085,PINN Vanilla,0.2506166743435899,0.00018353574052750764,0.0007176952776395652,0.0019096677097464598,-0.0006526410579681396,0.9249961972236633,1.8509570630267262,0.9254820687891496,0.0,0.0006526410579681396,2
0.09,PINN Vanilla,0.2506157172196547,0.0001873541148287199,0.0007196846712298161,0.001917844364816318,-0.0006734719499945641,0.9210240840911865,1.843046477995813,0.9215267611561512,0.0,0.0006734719499945641,2
0.095,PINN Vanilla,0.2506150242951701,0.00019011848519645568,0.0007195693670144918,0.0019187122526572453,-0.0006926665082573891,0.9171003699302673,1.8352307062596083,0.9176188603517001,0.0,0.0006926665082573891,2
0.1,PINN Vanilla,0.25061461891839304,0.0001917357055069945,0.0007175779908262519,0.0019125996247328636,-0.0007100002840161324,0.9132234454154968,1.8275062954053283,0.9137566401628069,0.0,0.0007100002840161324,2
0.105,PINN Vanilla,0.25061447719531155,0.00019230109913298944,0.0007139862962656567,0.001899944162938122,-0.000725889578461647,0.9093933701515198,1.8198743117973208,0.9099406337736832,0.0,0.000725889578461647,2
0.11,PINN Vanilla,0.25061461844947214,0.0001917375762318359,0.0007089963783086615,0.0018814707446564716,-0.0007399069145321846,0.9056095480918884,1.8123325444757938,0.9061697357002078,0.0,0.0007399069145321846,2
0.115,PINN Vanilla,0.25061503325868423,0.00019008272592763845,0.0007028596223523018,0.0018576713514925347,-0.0007520057260990143,0.901872456073761,1.8048814740031958,0.9024441862245232,0.0,0.0007520057260990143,2
0.12,PINN Vanilla,0.25061572576267666,0.0001873200330820483,0.0006957343029828268,0.0018284885305811516,-0.0007622428238391876,0.8981813788414001,1.7975205443799496,0.8987637073457785,0.0,0.0007622428238391876,2
0.125,PINN Vanilla,0.25061667801952014,0.00018352107567900174,0.0006878121207308913,0.0017950519439072221,-0.0007710307836532593,0.894534707069397,1.7902465909719467,0.8951267167408715,0.0,0.0007710307836532593,2
0.13,PINN Vanilla,0.2506179110417145,0.0001786020259232972,0.0006793049567921626,0.0017570169486374465,-0.0007780836895108223,0.8909320831298828,1.7830583052709699,0.891532560153193,0.0,0.0007780836895108223,2
0.135,PINN Vanilla,0.2506194132897074,0.00017260891999518343,0.0006703219909048983,0.0017147670365149636,-0.0007832590490579605,0.8873727917671204,1.7759540621191263,0.887980425000691,0.0,0.0007832590490579605,2
0.14,PINN Vanilla,0.2506211702693256,0.00016559958131376904,0.0006610528902625489,0.0016691172947044253,-0.000786815769970417,0.8838563561439514,1.768933653831482,0.8844702074405012,0.0,0.000786815769970417,2
0.145,PINN Vanilla,0.25062318437080855,0.0001575644741981114,0.0006516143340336147,0.001620504711288634,-0.000788392499089241,0.8803821206092834,1.7619943311437964,0.8810005328352497,0.0,0.000788392499089241,2
0.15,PINN Vanilla,0.25062544515775537,0.00014854523388805997,0.0006421251316322054,0.0015684138557742477,-0.000788646750152111,0.8769492506980896,1.7551364889368415,0.877571598626077,0.0,0.000788646750152111,2
0.155,PINN Vanilla,0.25062795634288365,0.00013852704877472574,0.0006327194772802089,0.0015143714823119547,-0.0007866630330681801,0.873557448387146,1.7483575604856014,0.8741821214455701,0.0,0.0007866630330681801,2
0.16,PINN Vanilla,0.2506307069016623,0.00012755390039985852,0.0006235053177273428,0.0014573167046464386,-0.0007829954847693443,0.8702058792114258,1.741656274534762,0.8708314656636422,0.0,0.0007829954847693443,2
0.165,PINN Vanilla,0.2506336761862042,0.0001157081619634684,0.0006145570492966938,0.0013981895801220279,-0.0007777605205774307,0.8668940663337708,1.7350321700796485,0.8675194007770753,0.0,0.0007777605205774307,2
0.17,PINN Vanilla,0.25063687762618087,0.00010293625679633947,0.000605971492461178,0.0013374425442528315,-0.0007704850286245346,0.8636212944984436,1.728482786566019,0.8642446965040461,0.0,0.0007704850286245346,2
0.17500000000000002,PINN Vanilla,0.25064029111946023,8.931838084977064e-05,0.0005978233577386399,0.0012748059182542404,-0.000761818140745163,0.8603874444961548,1.7220096103847027,0.8610080960428096,0.0,0.000761818140745163,2
0.18,PINN Vanilla,0.2506439143428581,7.486380229324553e-05,0.0005901760311647871,0.0012108473763392802,-0.0007511172443628311,0.8571909070014954,1.7156075611710548,0.8578070592013346,0.0,0.0007511172443628311,2
0.185,PINN Vanilla,0.2506477278717796,5.965001409414344e-05,0.0005830831050837904,0.0011838128097240545,-0.0007387073710560799,0.8540319204330444,1.7092777965590358,0.8546421647988138,0.0,0.0007387073710560799,2
0.19,PINN Vanilla,0.25065173479355896,4.36646995634451e-05,0.0005765716978947801,0.0011676668815247537,-0.0007245838642120361,0.8509093523025513,1.703018239699304,0.8515123744066073,0.0,0.0007245838642120361,2
0.195,PINN Vanilla,0.2506559223672377,2.695868780149893e-05,0.0005707165465546324,0.0011769243793925519,-0.0007087821140885353,0.8478227853775024,1.69682751968503,0.8484170025686804,0.0,0.0007087821140885353,2
0.2,PINN Vanilla,0.25066028227005177,9.565181852699875e-06,0.0005654961865963837,0.0011867458489776797,-0.0006911195814609528,0.8447714447975159,1.690704733133316,0.845355597591858,0.0,0.0006911195814609528,2
0.20500000000000002,PINN Vanilla,0.25066480554640314,8.480090595093458e-06,0.0005609653170541302,0.001195722767789677,-0.0006715673953294754,0.8417551517486572,1.6846482055261731,0.8423273222139455,0.0,0.0006715673953294754,2
0.21,PINN Vanilla,0.25066948667587735,2.7155106261586597e-05,0.0005570964352401998,0.0012040694770642912,-0.000650317408144474,0.8387730121612549,1.6786570586264133,0.8393317373146704,0.0,0.000650317408144474,2
0.215,PINN Vanilla,0.2506743146912197,4.641611210496378e-05,0.0005539166276171139,0.0012119734616581187,-0.0006274189800024033,0.835824191570282,1.6727298442274332,0.8363681187879635,0.0,0.0006274189800024033,2
0.22,PINN Vanilla,0.25067927400115897,6.620090791566651e-05,0.000551410914265987,0.0012190918217588275,-0.0006027165800333023,0.8329083919525146,1.6668650899082422,0.8334357304205157,0.0,0.0006027165800333023,2
0.225,PINN Vanilla,0.25068436387507265,8.650657892988866e-05,0.0005495582498119787,0.0012260200170637206,-0.0005762064829468727,0.8300253748893738,1.6610629633069038,0.830534656031679,0.0,0.0005762064829468727,2
0.23,PINN Vanilla,0.2506895703468474,0.00010727740838386337,0.0005483526422105833,0.001232471590852769,-0.0005478346720337868,0.8271737694740295,1.655319738201797,0.8276630325035219,0.0,0.0005478346720337868,2
0.23500000000000001,PINN Vanilla,0.25069488631747683,0.00012848507532274822,0.0005477624121917851,0.001238231536542298,-0.0005182512104511261,0.8243532776832581,1.6496368143707514,0.8248215597276343,0.0,0.0005182512104511261,2
0.24,PINN Vanilla,0.2507003098959105,0.0001501220355426251,0.000547760218194029,0.0012435125586324537,-0.00048614945262670517,0.8215638995170593,1.644011126831174,0.8220087052068623,0.0,0.00048614945262670517,2
0.245,PINN Vanilla,0.25070582247199513,0.0001721140452295768,0.0005482970640960607,0.0012486029745173257,-0.00045247841626405716,0.8188044428825378,1.6384421791881323,0.8192242207427912,0.0,0.00045247841626405716,2
0.25,PINN Vanilla,0.25071143027720993,0.00019448596440376834,0.0005493833321629188,0.001253377818487653,-0.0004172399640083313,0.816074550151825,1.6329292757436633,0.8164677584851099,0.0,0.0004172399640083313,2
0.255,PINN Vanilla,0.2507171042794364,0.00021712197160125602,0.0005509403909472274,0.0012574084659002173,-0.00038031861186027527,0.8133739829063416,1.6274719387292862,0.8137390795486648,0.0,0.00038031861186027527,2
0.26,PINN Vanilla,0.2507228544992397,0.00024006204311693448,0.0005529371643931082,0.001261681087056071,-0.00034122634679079056,0.8107017278671265,1.6220662835985422,0.811036241652803,0.0,0.00034122634679079056,2
0.265,PINN Vanilla,0.2507286633285696,0.00026323593295206815,0.0005553794727529831,0.0012652846362256613,-0.00030062999576330185,0.8080573678016663,1.616713642142713,0.8083599106957106,0.0,0.00030062999576330185,2
0.27,PINN Vanilla,0.2507345153354111,0.0002865820762380871,0.0005581733153947129,0.0012685495325301139,-0.0002584001049399376,0.8054404854774475,1.6114122150465846,0.8057091870163418,0.0,0.0002584001049399376,2
0.275,PINN Vanilla,0.2507404174562546,0.0003101281455841916,0.0005613382760289007,0.0012716090438734645,-0.00021419208496809006,0.8028513193130493,1.6061626160517335,0.8030843774866578,0.0,0.00021419208496809006,2
0.28,PINN Vanilla,0.2507463607131506,0.00033383832413284864,0.0005647826220858226,0.0012746135663459844,-0.00016822945326566696,0.800290048122406,1.6009647510945797,0.8004854350746891,0.0,0.00016822945326566696,2
0.28500000000000003,PINN Vanilla,0.2507523321178744,0.0003576607963336823,0.0005685387451607066,0.001277436316673236,-0.00012057647109031677,0.7977542877197266,1.595814228989184,0.797910164179074,0.0,0.00012057647109031677,2
0.29,PINN Vanilla,0.25075832453137287,0.00038156708146858505,0.0005725102649491509,0.0012798963214849305,-7.106270641088486e-05,0.7952442169189453,1.5907110134139657,0.7953585466389529,0.0,7.106270641088486e-05,2
0.295,PINN Vanilla,0.25076433768449374,0.0004055561057747767,0.0005767209731560037,0.0012823012416417067,-1.9500963389873505e-05,0.792759358882904,1.5856537381187081,0.7928298993266065,0.0,1.9500963389873505e-05,2
0.3,PINN Vanilla,0.2507703479523773,0.00042953361964260584,0.0005811311509032213,0.0012845970516021828,3.329198807477951e-05,0.7902988195419312,1.5806422382593155,0.7903241398196718,0.0,0.0,2
0.305,PINN Vanilla,0.2507763778446244,0.000453589423440097,0.0005856969064820238,0.0012869014232104502,8.81776213645935e-05,0.7878627181053162,1.5756748216226697,0.7878404220083558,0.0,0.0,2
0.31,PINN Vanilla,0.25078238310897744,0.00047754697609736117,0.0005904310056440614,0.0012888563154013362,0.00014469586312770844,0.7854502201080322,1.5707512339577079,0.7853786187666412,0.0,0.0,2
0.315,PINN Vanilla,0.25078838475793624,0.0005014901054100428,0.0005952646945945952,0.0012907035871644354,0.00020294636487960815,0.7830612063407898,1.5658701779320836,0.7829380814258756,0.0,0.0,2
0.32,PINN Vanilla,0.25079438063409204,0.0005254102045571824,0.0006002423411296586,0.001292581865629912,0.00026314612478017807,0.7806945443153381,1.5610295999795198,0.780517783198996,0.0,0.0,2
0.325,PINN Vanilla,0.2508003356419506,0.000549167262691348,0.0006053078328397864,0.0012946292148587383,0.0003246283158659935,0.7783507704734802,1.5562312733381987,0.7781186107084822,0.0,0.0,2
0.33,PINN Vanilla,0.250806272656657,0.0005728525384918141,0.0006104460330195512,0.001296588762607237,0.0003885049372911453,0.7760290503501892,1.5514717251062393,0.7757388274967568,0.0,0.0,2
0.335,PINN Vanilla,0.25081217734608824,0.0005964088550264205,0.0006156772526641422,0.0012984521855687672,0.0004536118358373642,0.7737289667129517,1.5467522973194718,0.7733791045842997,0.0,0.0,2
0.34,PINN Vanilla,0.25081804374652006,0.0006198124204636952,0.0006209729789555141,0.0013003990982961879,0.0005208216607570648,0.7714500427246094,1.5420703943818808,0.7710381441681426,0.0,0.0,2
0.34500000000000003,PINN Vanilla,0.25082385010551683,0.0006429764550898059,0.0006263142032204283,0.0013025151365689209,0.000589495524764061,0.7691918611526489,1.5374259101226926,0.7687158931626962,0.0,0.0,2
0.35000000000000003,PINN Vanilla,0.2508296145377683,0.0006659732261036634,0.0006317032909979066,0.0013047256018821648,0.0006599202752113342,0.766954779624939,1.5328200636431575,0.7664129611209151,0.0,0.0,2
0.355,PINN Vanilla,0.2508353163697759,0.0006887202581300441,0.0006371378262817991,0.0013070432898135355,0.0007325215265154839,0.7647374868392944,1.5282478602603078,0.7641268506917703,0.0,0.0,2
0.36,PINN Vanilla,0.2508409799085932,0.0007113145223399314,0.0006426298575618158,0.0013091483548909435,0.0008066948503255844,0.762540340423584,1.5237121060490608,0.7618589649180832,0.0,0.0,2
0.365,PINN Vanilla,0.25084655327582756,0.0007335490537686457,0.0006481519764931158,0.001311611829135916,0.0008823927491903305,0.760362446308136,1.5192111125215888,0.7596084595527132,0.0,0.0,2
0.37,PINN Vanilla,0.2508520658393393,0.0007555410132970051,0.000653724899509508,0.0013140463481863991,0.0009601544588804245,0.7582037448883057,1.514744022861123,0.7573749061856382,0.0,0.0,2
0.375,PINN Vanilla,0.2508575119720774,0.0007772679522262484,0.0006593270616246631,0.0013166437517554497,0.0010393653064966202,0.7560640573501587,1.5103106070309877,0.7551581897980809,0.0,0.0,2
0.38,PINN Vanilla,0.2508628722210417,0.0007986522642680438,0.0006649835087504346,0.001319452783198105,0.0011203363537788391,0.7539426684379578,1.5059088058769703,0.7529572808089999,0.0,0.0,2
0.385,PINN Vanilla,0.25086815469386076,0.0008197262941997296,0.0006706720346554477,0.0013221963461435109,0.0012030089274048805,0.7518397569656372,1.501540414057672,0.7507730765511255,0.0,0.0,2
0.39,PINN Vanilla,0.2508733603679577,0.0008404939413777748,0.0006764081859715553,0.0013252610310555456,0.001287560909986496,0.7497544884681702,1.4972022520378232,0.7486039872507465,0.0,0.0,2
0.395,PINN Vanilla,0.25087846446875506,0.0008608563694795561,0.0006821863357480707,0.0013284809993640073,0.0013735722750425339,0.7476871013641357,1.4928963147103786,0.7464510103581526,0.0,0.0,2
0.4,PINN Vanilla,0.2508834776664155,0.0008808561463205215,0.0006880190129292401,0.0013319672576535989,0.0014616474509239197,0.7456369400024414,1.4886196199804544,0.7443126548202031,0.0,0.0,2
0.405,PINN Vanilla,0.2508883987138981,0.0009004882969242786,0.0006939074275343891,0.0013553560352433935,0.0015514800325036049,0.7436038255691528,1.48437175527215,0.7421887143481593,0.0,0.0,2
0.41000000000000003,PINN Vanilla,0.25089322098530853,0.0009197263877810955,0.0006998503375438069,0.0013806653527840829,0.001642843708395958,0.7415874600410461,1.480154343880713,0.7400800005927469,0.0,0.0,2
0.41500000000000004,PINN Vanilla,0.2508979366128335,0.0009385390308389601,0.0007058392810487276,0.0014045940844243099,0.0017361454665660858,0.7395876049995422,1.4759646467864513,0.7379851440388858,0.0,0.0,2
0.42,PINN Vanilla,0.250902556689922,0.0009569704825823121,0.0007119017207420624,0.001427671688903731,0.0018307939171791077,0.7376042008399963,1.4718038830906153,0.7359047542395306,0.0,0.0,2
0.425,PINN Vanilla,0.2509070611121135,0.0009749405377705928,0.0007180289801689297,0.0014492643380559778,0.0019272919744253159,0.7356366515159607,1.467670892830938,0.7338382512113314,0.0,0.0,2
0.43,PINN Vanilla,0.25091146013326965,0.000992490103417152,0.000724220838974946,0.0014695570176224415,0.0020255912095308304,0.7336848378181458,1.4635642166249454,0.731784905260262,0.0,0.0,2
0.435,PINN Vanilla,0.2509157479740681,0.0010095961233484692,0.0007304787936560212,0.0014887442885032076,0.002125362865626812,0.7317484617233276,1.459484873805195,0.7297452260545493,0.0,0.0,2
0.44,PINN Vanilla,0.2509199188803325,0.0010262356417082086,0.0007368013622458156,0.0015066020267028302,0.0022269031032919884,0.7298282384872437,1.4554334171116352,0.7277194899652236,0.0,0.0,2
0.445,PINN Vanilla,0.25092397575965175,0.0010424202581050715,0.0007432069475636985,0.001523410068802189,0.0023300889879465103,0.7279233336448669,1.4514075703918934,0.7257065589117491,0.0,0.0,2
0.45,PINN Vanilla,0.2509279165174814,0.001058141616510617,0.0007496913646667136,0.0015388781054551104,0.002435341477394104,0.7260327935218811,1.4474067823030055,0.7237061572215897,0.0,0.0,2
0.455,PINN Vanilla,0.25093173991888784,0.0010733947902494588,0.0007562445610628467,0.0015532185393709041,0.002542131580412388,0.7241572141647339,1.44343078462407,0.7217181507837823,0.0,0.0,2
0.46,PINN Vanilla,0.25093543846998384,0.0010881498830196015,0.0007628668676759839,0.001566192897265395,0.0026505691930651665,0.722295880317688,1.4394794632680714,0.7197424825546013,0.0,0.0,2
0.465,PINN Vanilla,0.250939011347946,0.0011024036122285951,0.00076956421442299,0.0015783250105956548,0.0027605704963207245,0.7204486131668091,1.4355527702718973,0.7177791285523984,0.0,0.0,2
0.47000000000000003,PINN Vanilla,0.2509424640904183,0.0011161780698927387,0.0007763402486839496,0.001588570020596869,0.002872142009437084,0.7186153531074524,1.43164992518723,0.7158276985515237,0.0,0.0,2
0.47500000000000003,PINN Vanilla,0.2509457895690577,0.0011294448180208436,0.0007831917775670768,0.0016201087619037852,0.002985420636832714,0.716795802116394,1.4277700330130756,0.7138877450497695,0.0,0.0,2
0.48,PINN Vanilla,0.2509490034827033,0.00114226648595655,0.0007901115183087013,0.001664457171057275,0.003100418020039797,0.7149898409843445,1.423913687467575,0.7119595649073411,0.0,0.0,2
0.485,PINN Vanilla,0.25095207261946073,0.0011545105773329717,0.0007970924952300655,0.001708256324718497,0.003217126242816448,0.7131969928741455,1.420079124160111,0.710042275925558,0.0,0.0,2
0.49,PINN Vanilla,0.25095503055071483,0.0011663110226774096,0.0008041427961437752,0.001752267447937069,0.0033354870975017548,0.7114176154136658,1.4162675850093365,0.7081364990661201,0.0,0.0,2
0.495,PINN Vanilla,0.2509578543067912,0.0011775761861929073,0.0008112631276144702,0.0017963066094336551,0.003455628175288439,0.7096507549285889,1.4124770793132484,0.7062412389742213,0.0,0.0,2
0.5,PINN Vanilla,0.2509605554174634,0.0011883520650484102,0.0008184243429165123,0.0018402961826411946,0.0035773087292909622,0.7078971266746521,1.408709174953401,0.7043572795936353,0.0,0.0,2
0.505,PINN Vanilla,0.2509631211152302,0.001198587724252962,0.0008256514066283147,0.0018844823679088304,0.003700532019138336,0.7061558365821838,1.404962600208819,0.7024839850614438,0.0,0.0,2
0.51,PINN Vanilla,0.2509655701485465,0.0012083579593641098,0.0008329240330323944,0.0019286091062947998,0.0038255350664258003,0.7044271230697632,1.4012367967516184,0.7006210762126382,0.0,0.0,2
0.515,PINN Vanilla,0.2509678897149863,0.0012176116960619665,0.0008402444720731561,0.001972500456545913,0.0039517199620604515,0.702710747718811,1.3975332719273865,0.6987693067228926,0.0,0.0,2
0.52,PINN Vanilla,0.2509700745972807,0.001226328120442555,0.0008475906132920877,0.0020165029450381414,0.004079687874764204,0.701006293296814,1.3938493463210762,0.6969273368795629,0.0,0.0,2
0.525,PINN Vanilla,0.25097214937489504,0.001234605290442964,0.0008549815487655719,0.0020778503566805896,0.004209495615214109,0.6993141770362854,1.3901864825747907,0.6950958980064958,0.0,0.0,2
0.53,PINN Vanilla,0.2509740977683107,0.001242378260142353,0.0008623937234402051,0.002141079267221935,0.004340842831879854,0.6976336240768433,1.386543398257345,0.6932743488856483,0.0,0.0,2
0.535,PINN Vanilla,0.2509759161327968,0.001249632489159572,0.0008698259672557192,0.0022047655476167384,0.004473739303648472,0.6959646940231323,1.382919782306999,0.6914625339855556,0.0,0.0,2
0.54,PINN Vanilla,0.25097761794878193,0.0012564217566555713,0.0008772677662553809,0.0022681734555034267,0.00460863159969449,0.6943069696426392,1.3793147979304194,0.6896600349079521,0.0,0.0,2
0.545,PINN Vanilla,0.2509792025298814,0.001262743324349857,0.0008847264269247137,0.0023318180962156707,0.004744320642203093,0.6926608681678772,1.3757313000969589,0.68786827914297,0.0,0.0,2
0.55,PINN Vanilla,0.25098065487341975,0.0012685373401919143,0.0008921653938293348,0.0023949736739651986,0.00488186115399003,0.691025972366333,1.372166690416634,0.686085967490652,0.0,0.0,2
0.555,PINN Vanilla,0.2509820024436342,0.0012739133707002726,0.0008996130214186357,0.0024584128036750723,0.005021244287490845,0.6894022822380066,1.368620461318642,0.6843128461646265,0.0,0.0,2
0.56,PINN Vanilla,0.2509832346113401,0.0012788290115381426,0.0009070334062526273,0.0025216151628811743,0.005162114277482033,0.6877893805503845,1.365093172993511,0.6825491952612286,0.0,0.0,2
0.5650000000000001,PINN Vanilla,0.25098434909246886,0.0012832751505852408,0.0009144464648693754,0.0025844607280711097,0.005304533056914806,0.6861870884895325,1.3615842955186963,0.6807947498181728,0.0,0.0,2
0.5700000000000001,PINN Vanilla,0.2509853523960339,0.0012872777550632787,0.0009218260279331278,0.002647226921324822,0.005448326934129,0.6845958232879639,1.358095075469464,0.6790501331254746,0.0,0.0,3
0.5750000000000001,PINN Vanilla,0.25098624932812547,0.001290855998509355,0.000932357929861061,0.002709458044434041,0.005593909882009029,0.6830151081085205,1.3546239668503404,0.6773145721824426,0.0,0.0,3
0.58,PINN Vanilla,0.25098704055696747,0.0012940125467530083,0.0009397785368094177,0.002771371467049484,0.005740883760154247,0.6814447641372681,1.3511709896847606,0.6755880770008327,0.0,0.0,3
0.585,PINN Vanilla,0.2509877197216267,0.0012967220233272385,0.0009471615255724298,0.002832831497817767,0.0058891610242426395,0.6798846125602722,1.3477367479354143,0.6738709495631439,0.0,0.0,3
0.59,PINN Vanilla,0.25098829801240957,0.001299029071121877,0.0009544838602743692,0.0028936638552987757,0.00603934982791543,0.6783344149589539,1.3443187978118658,0.6721619679694881,0.0,0.0,3
0.595,PINN Vanilla,0.25098878831695787,0.0013009851044192254,0.0009617623391146936,0.002953730645589135,0.00619090860709548,0.676794707775116,1.3409202503971756,0.6704626877673411,0.0,0.0,3
0.6,PINN Vanilla,0.25098918361496203,0.0013025621162197631,0.0009689878422280831,0.00301361327880167,0.00634396867826581,0.6752647757530212,1.337539007421583,0.6687720598178125,0.0,0.0,3
0.605,PINN Vanilla,0.25098948436137314,0.001303761921516759,0.0009761294228209324,0.003072095075665782,0.006498529110103846,0.673744797706604,1.3341751834377646,0.6670901413974598,0.0,0.0,3
0.61,PINN Vanilla,0.2509896809472705,0.001304546186240226,0.0009831990275286386,0.00313027839884564,0.006654930766671896,0.6722344160079956,1.3308278806507587,0.665416483607086,0.0,0.0,3
0.615,PINN Vanilla,0.25098982092971006,0.00130510463570561,0.0009902060539730992,0.0031872741048642617,0.006812128238379955,0.6707335114479065,1.3274990739300847,0.6637520738852253,0.0,0.0,3
0.62,PINN Vanilla,0.2509898475245575,0.0013052107338588953,0.0009971329637805885,0.0032437126744124115,0.006971246562898159,0.6692423820495605,1.324186629615724,0.6620958453977905,0.0,0.0,3
0.625,PINN Vanilla,0.25098981300042966,0.0013050730024349454,0.0010039751833573678,0.003299313781408273,0.007131567224860191,0.66776043176651,1.32089111674577,0.660448082664916,0.0,0.0,3
0.63,PINN Vanilla,0.2509896978917534,0.0013046137849866144,0.0010107397177181471,0.0033539007048305498,0.00729356799274683,0.6662879586219788,1.3176125260069966,0.6588087810299709,0.0,0.0,3
0.635,PINN Vanilla,0.2509895235863516,0.001303918406632543,0.0010174171489836527,0.0034075095211112596,0.007457009516656399,0.6648246049880981,1.3143493570387363,0.6571771903097541,0.0,0.0,3
0.64,PINN Vanilla,0.2509892708966511,0.0013029103199853826,0.0010240102099794242,0.003460070823716739,0.007621897384524345,0.6633706092834473,1.3111042762175202,0.6555546436976268,0.0,0.0,3
0.645,PINN Vanilla,0.250988950699568,0.0013016329176884288,0.0010305103224360027,0.003511367140914999,0.007788290269672871,0.661925196647644,1.3078740667551756,0.6539395327933553,0.0,0.0,3
0.65,PINN Vanilla,0.25098856585379714,0.0013000976042903223,0.0010369228985479938,0.0035618740607383497,0.00795610249042511,0.6604890823364258,1.3046602793037891,0.652332632925946,0.0,0.0,3
0.655,PINN Vanilla,0.25098813471663767,0.0012983776148621463,0.0010432509844081302,0.0036110386240758886,0.008125090971589088,0.6590614318847656,1.3014623476192355,0.6507336609722545,0.0,0.0,3
0.66,PINN Vanilla,0.25098764590173983,0.0012964275244138057,0.0010494867229668867,0.003658987303352116,0.008295409381389618,0.6576426029205322,1.2982805157080293,0.6491427389360042,0.0,0.0,3
0.665,PINN Vanilla,0.25098711430002024,0.0012943067391425714,0.0010556411656285928,0.0037056437810662817,0.008467413485050201,0.6562325954437256,1.2951135765761137,0.64755926331786,0.0,0.0,3
0.67,PINN Vanilla,0.2509865351831543,0.0012919963957512724,0.0010617013755216912,0.0037511467277132043,0.008640985935926437,0.654831051826477,1.2919621700420976,0.6459835540283492,0.0,0.0,3
0.675,PINN Vanilla,0.25098592080362164,0.001289545374590594,0.0010676892489579664,0.003795756783346518,0.008815590292215347,0.6534377932548523,1.2888260735198855,0.6444154997739986,0.0,0.0,3
0.68,PINN Vanilla,0.2509852511826905,0.001286873972005237,0.0010735766895873249,0.0038386711037462903,0.008991767652332783,0.6520532965660095,1.2857053456827998,0.6428551298915816,0.0,0.0,3
0.685,PINN Vanilla,0.250984560409561,0.0012841181843078469,0.0010794082179502971,0.003880451909309181,0.009169347584247589,0.6506768465042114,1.2825980354100466,0.6413014688169725,0.0,0.0,3
0.6900000000000001,PINN Vanilla,0.25098383821360787,0.00128123703760732,0.0010851457726628322,0.003921040497494039,0.009347955696284771,0.6493086814880371,1.2795074814930558,0.6397561859522668,0.0,0.0,3
0.6950000000000001,PINN Vanilla,0.25098309326451296,0.0012782651189507592,0.0010908224523145957,0.0039601644673473435,0.009527954272925854,0.6479488611221313,1.276431436650455,0.6382181576524838,0.0,0.0,3
0.7000000000000001,PINN Vanilla,0.25098233109712625,0.001275224509207839,0.0010964301194748142,0.00399806591198623,0.009709353558719158,0.646597146987915,1.2733699399977922,0.6366874034754721,0.0,0.0,3
0.705,PINN Vanilla,0.25098154010623713,0.0012720689102593888,0.0011019617454816498,0.00403487461621617,0.00989244319498539,0.645253598690033,1.2703216774389148,0.6351632663706441,0.0,0.0,3
0.71,PINN Vanilla,0.2509807481076571,0.001268909291203394,0.0011074429586184385,0.004070390237903142,0.010076693259179592,0.6439176201820374,1.267287828028202,0.6336463358674429,0.0,0.0,3
0.715,PINN Vanilla,0.2509799461849036,0.0012657100804003096,0.0011128720981538858,0.004104328918725532,0.010262514464557171,0.642589807510376,1.2642667554318905,0.6321357937958593,0.0,0.0,3
0.72,PINN Vanilla,0.2509791254187005,0.001262435695065296,0.0011182446727196558,0.0041369400537975935,0.01044901181012392,0.6412695646286011,1.2612616093829274,0.6306332150283864,0.0,0.0,3
0.725,PINN Vanilla,0.250978316633031,0.0012592091051724492,0.0011235791191748312,0.004168476099418225,0.010637163184583187,0.6399569511413574,1.2582682641223073,0.6291365366776369,0.0,0.0,3
0.73,PINN Vanilla,0.2509775101421403,0.0012559916701279119,0.001128876027472841,0.004198676892126288,0.010826351121068,0.6386523246765137,1.2552900575101376,0.6276474276800434,0.0,0.0,3
0.735,PINN Vanilla,0.2509767051227393,0.0012527801054812054,0.0011341408489751864,0.004227813395312157,0.011016766540706158,0.637354850769043,1.2523245504125953,0.6261646684640331,0.0,0.0,3
0.74,PINN Vanilla,0.2509759151088076,0.0012496284040314166,0.001139382229351404,0.004255480932758767,0.011208763346076012,0.6360648274421692,1.2493710098788142,0.6246878925527721,0.0,0.0,3
0.745,PINN Vanilla,0.250975122978911,0.0012464682610977993,0.0011445947013489191,0.00428219808728998,0.011401981115341187,0.6347823739051819,1.2464309083297849,0.6232178361595695,0.0,0.0,3
0.75,PINN Vanilla,0.25097435018420244,0.0012433852544497638,0.0011497975264734143,0.004307253588103249,0.011596549302339554,0.6335070133209229,1.2435028674080968,0.6217538101030861,0.0,0.0,3
0.755,PINN Vanilla,0.25097361217532327,0.0012404410232644218,0.0011550000357880817,0.004331743331863836,0.011792274191975594,0.6322389841079712,1.240588071756065,0.6202964067067431,0.0,0.0,3
0.76,PINN Vanilla,0.25097288487479114,0.001237539512228112,0.0011601969122048744,0.004354655010331476,0.011989193968474865,0.6309783458709717,1.2376855164766312,0.6188451235200912,0.0,0.0,3
0.765,PINN Vanilla,0.2509721828531476,0.0012347388494257845,0.001165391050691889,0.004376669049650785,0.012186963111162186,0.6297247409820557,1.2347966255620122,0.6174006725419601,0.0,0.0,3
0.77,PINN Vanilla,0.25097151803690965,0.001232086614804325,0.0011706141256170295,0.004397502117022906,0.012386143207550049,0.6284781694412231,1.2319189887493849,0.615961848636332,0.0,0.0,3
0.775,PINN Vanilla,0.25097088245395593,0.0012295510041822934,0.0011758438892289483,0.004417448975237305,0.012586725875735283,0.6272384524345398,1.2290529031306505,0.6145288003497252,0.0,0.0,3
0.78,PINN Vanilla,0.25097027339134387,0.0012271211944782727,0.0011810974404541385,0.004436124498195802,0.012788364663720131,0.6260058283805847,1.2261983742937446,0.6131015304761183,0.0,0.0,3
0.785,PINN Vanilla,0.2509697109917181,0.0012248775432655208,0.0011863878958985833,0.004453692971953574,0.012991532683372498,0.6247804164886475,1.2233567787334323,0.6116807272655244,0.0,0.0,3
0.79,PINN Vanilla,0.2509691693661737,0.0012227167686954025,0.0011917124253053944,0.004470619260649008,0.013195685110986233,0.6235612630844116,1.2205254742875695,0.610265069631822,0.0,0.0,3
0.795,PINN Vanilla,0.2509686957672241,0.001220827381133624,0.001197088019788357,0.00448661307702305,0.013400711119174957,0.6223490834236145,1.2177064819261432,0.608855568063867,0.0,0.0,3
0.8,PINN Vanilla,0.2509682594854387,0.0012190868676055146,0.0012025102674319518,0.004501601577532389,0.013606919907033443,0.6211435794830322,1.2148990770801902,0.607451860275793,0.0,0.0,3
0.805,PINN Vanilla,0.2509678624784576,0.001217503037969308,0.001207975739835628,0.004515998470048814,0.013814127072691917,0.6199447512626648,1.212102939374745,0.6060537860795049,0.0,0.0,3
0.81,PINN Vanilla,0.25096751348022395,0.0012161107356378274,0.0012135150289727323,0.004529422282255807,0.014022928662598133,0.618752658367157,1.2093172864988446,0.6046609543180264,0.0,0.0,3
0.8150000000000001,PINN Vanilla,0.2509672205662357,0.0012149421772056617,0.0012191179284540134,0.004541943913273365,0.014232546091079712,0.6175670027732849,1.2065428774803877,0.6032737445067571,0.0,0.0,3
0.8200000000000001,PINN Vanilla,0.25096697783842703,0.0012139738327804819,0.0012247792193850816,0.004553927493542498,0.014443401247262955,0.6163875460624695,1.2037795446813107,0.601892072826345,0.0,0.0,3
0.8250000000000001,PINN Vanilla,0.25096679678466194,0.001213251532336073,0.0012305220853622502,0.004564967005240865,0.014655496925115585,0.615215003490448,1.201026363298297,0.6005154768733645,0.0,0.0,3
0.8300000000000001,PINN Vanilla,0.2509666625801476,0.0012127161334710079,0.0012363438033470716,0.004575929081556129,0.0148687195032835,0.6140483617782593,1.198284002020955,0.5991442909938977,0.0,0.0,3
0.835,PINN Vanilla,0.2509665851797911,0.0012124073505419236,0.0012422481453170295,0.004585852558494238,0.015082454308867455,0.612888514995575,1.1955536752939224,0.5977791224125841,0.0,0.0,3
0.84,PINN Vanilla,0.25096657116338633,0.0012123514331442303,0.0012405663854632783,0.004595273014254515,0.015297614969313145,0.6117343902587891,1.1928313709795475,0.5964179650529308,0.0,0.0,3
0.845,PINN Vanilla,0.25096661483217053,0.0012125256464902956,0.00124661811109144,0.0046043635593301015,0.01551407016813755,0.6105867624282837,1.1901205461472273,0.5950625474562425,0.0,0.0,3
0.85,PINN Vanilla,0.2509667176324876,0.0012129357606609872,0.0012527605801716053,0.004613117283448879,0.01573105715215206,0.6094451546669006,1.18742042966187,0.5937124840535,0.0,0.0,3
0.855,PINN Vanilla,0.2509668820127847,0.0012135915435527967,0.0012589998026021094,0.004621085098398332,0.015949346125125885,0.6083099246025085,1.184730350971222,0.5923674395672949,0.0,0.0,3
0.86,PINN Vanilla,0.25096711167879426,0.0012145077789079415,0.0012653297484071734,0.004628972074439297,0.016168760135769844,0.6071803569793701,1.1820498201996088,0.5910271690588538,0.0,0.0,3
0.865,PINN Vanilla,0.2509674086868765,0.0012156926704217205,0.0012717694163155947,0.004636258268505984,0.016389239579439163,0.6060572266578674,1.179379291832447,0.5896918997717534,0.0,0.0,3
0.87,PINN Vanilla,0.25095044788718224,0.001148028829515089,0.0012783093410968956,0.004662125560506701,0.01661074161529541,0.6049397587776184,1.1767173781991005,0.5883609378680239,0.0,0.0,3
0.875,PINN Vanilla,0.25096817552857126,0.0012187519279667526,0.0012849477392780186,0.004690459545702068,0.016832934692502022,0.6038280129432678,1.1740663331001997,0.5870354102522877,0.0,0.0,3
0.88,PINN Vanilla,0.25096866934373996,0.0012207219666214475,0.001291693163662945,0.004718414677180061,0.017056019976735115,0.6027225852012634,1.1714259963482618,0.5857152368304971,0.0,0.0,3
0.885,PINN Vanilla,0.2509692183081063,0.0012229120188723991,0.0012985433338251393,0.004745997139814391,0.017280589789152145,0.6016227006912231,1.1687941011041403,0.5843992841787468,0.0,0.0,3
0.89,PINN Vanilla,0.2509698326289656,0.001225362805960163,0.001305489141632843,0.004773215285739542,0.017505571246147156,0.6005286574363708,1.1661724373698235,0.5830884473014518,0.0,0.0,3
0.895,PINN Vanilla,0.2509705126229676,0.0012280755911352646,0.0013204103341491712,0.004800316032634679,0.017731985077261925,0.5994402170181274,1.1635588891804218,0.5817816682121236,0.0,0.0,3
0.9,PINN Vanilla,0.25097125874459764,0.0012310521875329437,0.001327576015071076,0.00482689408015192,0.017959171906113625,0.5983577370643616,1.160955522209406,0.5804799797514453,0.0,0.0,3
0.905,PINN Vanilla,0.25097206729464255,0.0012342778374191828,0.0013348333948649265,0.0048534296047822115,0.018187493085861206,0.5972806215286255,1.1583607774227858,0.5791826023994421,0.0,0.0,3
0.91,PINN Vanilla,0.25097293469496096,0.0012377382660667049,0.0013421886448334874,0.004879336488229842,0.018416645005345345,0.5962089896202087,1.1557757947593927,0.5778901061277085,0.0,0.0,3
0.915,PINN Vanilla,0.25097388664074266,0.0012415359825120327,0.001349646251814363,0.004904985416579804,0.01864670217037201,0.5951432585716248,1.153199441730976,0.5766019246899547,0.0,0.0,3
0.92,PINN Vanilla,0.2509748775623741,0.0012454891901925505,0.0013571860161443365,0.004929903755019515,0.01887722685933113,0.594082772731781,1.1506319995969534,0.5753181987164272,0.0,0.0,3
0.925,PINN Vanilla,0.25097593891620656,0.0012497233818675676,0.001364820361972587,0.004955049306875086,0.01910894364118576,0.5930279493331909,1.1480749566107988,0.5740396723367069,0.0,0.0,3
0.93,PINN Vanilla,0.25097706903331,0.0012542318994653448,0.0013725398575118249,0.004979668043182835,0.019341737031936646,0.5919783711433411,1.14552541077137,0.572764894544677,0.0,0.0,3
0.935,PINN Vanilla,0.2509782578665765,0.0012589746608008222,0.001380353889931513,0.005003935819527728,0.01957531087100506,0.5909343361854553,1.1429853606969118,0.5714948646532794,0.0,0.0,3
0.9400000000000001,PINN Vanilla,0.25097950360365234,0.0012639444356245181,0.0013882378125796742,0.005027929214757913,0.019809305667877197,0.5898951888084412,1.140452265739441,0.5702283123336669,0.0,0.0,3
0.9450000000000001,PINN Vanilla,0.25098081669025146,0.001269182896330442,0.0013962107804684114,0.005051530129760727,0.020044976845383644,0.5888615846633911,1.13792809471488,0.5689662219975635,0.0,0.0,3
0.9500000000000001,PINN Vanilla,0.25098218047432624,0.0012746236108209393,0.0014042477883539396,0.005074869030677932,0.020281068980693817,0.5878334045410156,1.1354148611426353,0.5677096004085204,0.0,0.0,3
0.9550000000000001,PINN Vanilla,0.25098360294662436,0.001280298457585771,0.001412364426447874,0.005097960390236935,0.02051817812025547,0.5868101716041565,1.1329080611467361,0.5664561956199449,0.0,0.0,3
0.96,PINN Vanilla,0.250985087618232,0.001286221443840534,0.0014205352045753691,0.005120392517661474,0.020755652338266373,0.5857922434806824,1.1304097436368465,0.5652070320905845,0.0,0.0,3
0.965,PINN Vanilla,0.25098661877401196,0.0012923298752214197,0.0014287715074877026,0.005142824666490155,0.02099408581852913,0.5847795009613037,1.1279210485517979,0.5639626797920337,0.0,0.0,2
0.97,PINN Vanilla,0.25098821944743416,0.0012987156420328548,0.0014370709612549768,0.005164621503337352,0.021233364939689636,0.5837715268135071,1.1254399120807648,0.5627221068149356,0.0,0.0,2
0.975,PINN Vanilla,0.2509898556601258,0.0013052431900998213,0.0014454238130385193,0.005186379239681824,0.021473485976457596,0.5827687978744507,1.12296711653471,0.5614857043162665,0.0,0.0,2
0.98,PINN Vanilla,0.2509915530793371,0.0013120149169956977,0.0014538144006663312,0.005207689661418061,0.021714456379413605,0.5817712545394897,1.1205025278031826,0.5602534052405448,0.0,0.0,2
0.985,PINN Vanilla,0.2509933005142959,0.0013189861779726237,0.0014622481876864148,0.005228508500959454,0.021956153213977814,0.5807784199714661,1.1180447861552238,0.5590245297196925,0.0,0.0,2
0.99,PINN Vanilla,0.25099510220810795,0.0013261739005834253,0.0014707263462649246,0.005248900534200088,0.02219875156879425,0.5797907114028931,1.1155947595834732,0.5577995117516883,0.0,0.0,2
0.995,PINN Vanilla,0.25099693521857286,0.0013334865586369263,0.001479231073641348,0.005269292997313518,0.022442378103733063,0.5788076519966125,1.1131516713649035,0.556577962973534,0.0,0.0,2
1.0,PINN Vanilla,0.2509988256953659,0.0013410284743053322,0.001487757399611605,0.005289102345189759,0.022686315700411797,0.5778298377990723,1.1107177454978228,0.555360995388634,0.0,0.0,2
1.0050000000000001,PINN Vanilla,0.2510007605310532,0.001348747356462094,0.0014963181144211058,0.005308441265837738,0.022930879145860672,0.5768564939498901,1.1082906052470207,0.554147420624841,0.0,0.0,2
1.01,PINN Vanilla,0.25100272666849216,0.0013565911146143673,0.001504881166116395,0.005327642516279599,0.02317632921040058,0.57588791847229,1.105870544910431,0.5529373858316842,0.0,0.0,2
1.0150000000000001,PINN Vanilla,0.25100474827177843,0.0013646561496129792,0.0015134609001168082,0.005346638331772638,0.02342221513390541,0.5749243497848511,1.1034592166543007,0.5517317170954446,0.0,0.0,2
1.02,PINN Vanilla,0.25100679915025853,0.0013728379758061794,0.0015220455788546867,0.005365142952930661,0.023669125512242317,0.5739654898643494,1.1010542381554842,0.5505292232499966,0.0,0.0,2
1.025,PINN Vanilla,0.2510088984165343,0.0013812128414884557,0.0015306322967333277,0.005383107450864139,0.02391652949154377,0.573011040687561,1.0986564699560404,0.5493303345680142,0.0,0.0,2
1.03,PINN Vanilla,0.25101102944463516,0.0013897144185947327,0.0015392025404803692,0.005400957479344885,0.02416490763425827,0.5720610022544861,1.0962653756141663,0.5481347828275708,0.0,0.0,2
1.035,PINN Vanilla,0.2510131971053781,0.0013983621388847511,0.0015477692396570148,0.005418288539825872,0.024413835257291794,0.5711160898208618,1.0938819497823715,0.5469430653568219,0.0,0.0,2
1.04,PINN Vanilla,0.25101539001986406,0.0014071106070922313,0.0015563238370055834,0.00543540323502141,0.02466350421309471,0.5701755881309509,1.0915053747594357,0.5457547733035948,0.0,0.0,2
1.045,PINN Vanilla,0.2510176232550295,0.0014160199316327437,0.001564842795063517,0.0054520797879090074,0.024913784116506577,0.5692398548126221,1.089136565104127,0.5445703639490213,0.0,0.0,2
1.05,PINN Vanilla,0.2510198930744084,0.0014250752061545234,0.0015733436757767606,0.005468436283561966,0.025164812803268433,0.5683085918426514,1.0867745410650969,0.5433893474155547,0.0,0.0,2
1.055,PINN Vanilla,0.25102217682637296,0.0014341860636838976,0.0015818014489000262,0.005484551000410003,0.025416377931833267,0.5673820376396179,1.0844202246516943,0.5422121847096316,0.0,0.0,2
1.06,PINN Vanilla,0.25102449174225355,0.001443421247323847,0.001590224041835976,0.005500072521791327,0.025668378919363022,0.5664598345756531,1.0820727832615376,0.5410384595284699,0.0,0.0,2
1.065,PINN Vanilla,0.2510268332026901,0.0014527623284829338,0.0015986018572663324,0.00551578150075353,0.025921115651726723,0.5655418038368225,1.0797321237623692,0.5398681253057629,0.0,0.0,2
1.07,PINN Vanilla,0.2510292070861908,0.0014622327590297728,0.0016069241562948985,0.00553038204491876,0.026174530386924744,0.5646284818649292,1.0773982089012861,0.538701163414988,0.0,0.0,2
1.075,PINN Vanilla,0.2510315844267609,0.0014717169812960428,0.001615188406524497,0.005544770437055278,0.026428230106830597,0.5637191534042358,1.0750705413520336,0.5375373251920673,0.0,0.0,2
1.08,PINN Vanilla,0.2510339975804093,0.0014813440771578152,0.0016234013184993573,0.005559144512030559,0.026679836213588715,0.5628145337104797,1.0727507397532463,0.5363774199594115,0.0,0.0,2
1.085,PINN Vanilla,0.25103642481565497,0.0014910273504979523,0.0016315526779120285,0.005573085659676798,0.026932448148727417,0.5619140863418579,1.0704377107322216,0.5352209010285796,0.0,0.0,2
1.09,PINN Vanilla,0.25103886780887863,0.0015007734891117873,0.0016396222611648578,0.005586731996451665,0.02718663215637207,0.561017632484436,1.0681308954954147,0.5340674890017315,0.0,0.0,2
1.095,PINN Vanilla,0.2510413242131474,0.0015105731300862962,0.0016476084330154647,0.005599791695890116,0.02744198590517044,0.5601255893707275,1.0658305026590824,0.5329172881873944,0.0,0.0,2
1.1,PINN Vanilla,0.2510438019335272,0.0015204578100903533,0.0016555280766259194,0.005612749213029074,0.02769845351576805,0.5592377185821533,1.0635369420051575,0.5317705034773175,0.0,0.0,2
1.105,PINN Vanilla,0.25104629270732426,0.0015303945657254576,0.001663362618538787,0.0056249589324097425,0.027956049889326096,0.5583541989326477,1.061250165104866,0.5306271106570214,0.0,0.0,2
1.11,PINN Vanilla,0.25104879133030794,0.001540362635103146,0.0016711057296516054,0.005637385758400396,0.028214681893587112,0.5574744939804077,1.058970794081688,0.5294874207894351,0.0,0.0,2
1.115,PINN Vanilla,0.251051298633218,0.0015503653323974916,0.0016787521249413799,0.005649022826161979,0.028474431484937668,0.5565990209579468,1.0566976144909859,0.528350826649919,0.0,0.0,2
1.12,PINN Vanilla,0.2510538130588832,0.00156039644539022,0.0016862991817636877,0.005660421419986222,0.028735291212797165,0.5557273626327515,1.0544309876859188,0.527217508915743,0.0,0.0,2
1.125,PINN Vanilla,0.2510563426986339,0.0015704882538385013,0.0016937398324176705,0.005671822741682615,0.028997253626585007,0.5548600554466248,1.052171029150486,0.5260875253291276,0.0,0.0,2
1.1300000000000001,PINN Vanilla,0.25105886849015974,0.0015805647100815526,0.0017010825047998278,0.005682284121512778,0.02925967052578926,0.5539968013763428,1.0499178133904934,0.5249609131431181,0.0,0.0,2
1.135,PINN Vanilla,0.251061409737915,0.0015907028277951862,0.0017083067608508983,0.005692594464389654,0.029520034790039062,0.553137481212616,1.0476708747446537,0.5238374395261809,0.0,0.0,2
1.1400000000000001,PINN Vanilla,0.25106394260004183,0.0016008074916716844,0.0017154229000909758,0.005702757211897554,0.029781028628349304,0.5522819757461548,1.0454305820167065,0.5227172888808908,0.0,0.0,2
1.145,PINN Vanilla,0.2510664879381659,0.0016109619276053558,0.0017224199012773145,0.005712302197684777,0.030042823404073715,0.551430344581604,1.0431955680251122,0.5215997776138649,0.0,0.0,2
1.1500000000000001,PINN Vanilla,0.2510690340176227,0.0016211193210306377,0.0017292932111433476,0.005721374312142338,0.03030506893992424,0.5505828261375427,1.0409674793481827,0.5204857290174061,0.0,0.0,2
1.155,PINN Vanilla,0.2510715699158611,0.0016312360972470564,0.0017360350533690155,0.005730438505447539,0.030567288398742676,0.5497390627861023,1.0387470573186874,0.5193755137593158,0.0,0.0,2
1.16,PINN Vanilla,0.2510741192214193,0.0016414063609623524,0.0017426572190829823,0.0057390397842023815,0.030830256640911102,0.548899233341217,1.036531988531351,0.5182679751325353,0.0,0.0,2
1.165,PINN Vanilla,0.2510766548216345,0.0016515219482374523,0.0017491514686709816,0.005747188674007343,0.03109385445713997,0.5480630993843079,1.034323275089264,0.5171636141905248,0.0,0.0,2
1.17,PINN Vanilla,0.2510791944079103,0.0016616534376031617,0.0017555036265335473,0.005755126698863043,0.03135759010910988,0.5472308993339539,1.0321217589080334,0.516062851892697,0.0,0.0,2
1.175,PINN Vanilla,0.25108172386512184,0.0016717445178249435,0.0017617196468618062,0.0057626222938693475,0.03162165358662605,0.5464022755622864,1.0299263447523117,0.5149651406192848,0.0,0.0,2
1.18,PINN Vanilla,0.251084245271981,0.0016818034817684352,0.0017677946164027269,0.005769935497748992,0.031886227428913116,0.545577347278595,1.0277372784912586,0.5138706033053381,0.0,0.0,2
1.185,PINN Vanilla,0.25108676618710185,0.0016918604839589392,0.001773722633086668,0.005776823615970095,0.03215119242668152,0.544756293296814,1.0255548544228077,0.5127793871003861,0.0,0.0,2
1.19,PINN Vanilla,0.25108927320316454,0.0017018620368971353,0.0017795163425132839,0.0057832448271671645,0.03241643309593201,0.5439386963844299,1.0233783014118671,0.511691106435409,0.0,0.0,2
1.195,PINN Vanilla,0.25109177743271016,0.001711852473234034,0.001785159956405952,0.005789496643339449,0.03268248587846756,0.543125331401825,1.0212085619568825,0.5106062325614311,0.0,0.0,2
1.2,PINN Vanilla,0.25109427290409825,0.001721807969556983,0.0017906464153471383,0.005795004415191162,0.03294886648654938,0.5423150062561035,1.0190438255667686,0.5095238602294497,0.0,0.0,2
1.205,PINN Vanilla,0.25109676258265995,0.0017317403558326466,0.0017959856924398914,0.005800605854767115,0.03321529179811478,0.5415086150169373,1.0168868862092495,0.5084453864286662,0.0,0.0,2
1.21,PINN Vanilla,0.2510992253273728,0.0017415652915341612,0.0018011741623202777,0.0058054691564839375,0.033482227474451065,0.5407056212425232,1.0147355049848557,0.5073696917050672,0.0,0.0,2
1.215,PINN Vanilla,0.2511016880311074,0.001751390063756131,0.001806204397696615,0.00581027559696513,0.03374973684549332,0.5399060249328613,1.012589756399393,0.5062968133116981,0.0,0.0,2
1.22,PINN Vanilla,0.25110414231196065,0.0017611812335234394,0.0018110726647754209,0.005814658920824337,0.03401734307408333,0.539110541343689,1.0104521065950394,0.5052279843243607,0.0,0.0,2
1.225,PINN Vanilla,0.2511065777502956,0.001770897232474212,0.0018157941836959503,0.00581863732389502,0.03428570553660393,0.5383180379867554,1.0083185881376266,0.5041612210183889,0.0,0.0,2
1.23,PINN Vanilla,0.25110901365801713,0.0017806151040076336,0.0018203377432500544,0.005822336178195876,0.03455428034067154,0.5375292897224426,1.0061920955777168,0.5030979706745954,0.0,0.0,2
1.235,PINN Vanilla,0.2511114179901781,0.0017902070072055728,0.0018247453721545483,0.005825706639611773,0.03482317551970482,0.5367439985275269,1.0040716528892517,0.502037745278086,0.0,0.0,2
1.24,PINN Vanilla,0.25111381367221497,0.0017997644013807875,0.0018289745728807506,0.00582845673692,0.035092275589704514,0.5359618663787842,1.0019569508731365,0.5009803902287222,0.0,0.0,2
1.245,PINN Vanilla,0.25111619027331494,0.0018092456735864556,0.0018330559182764819,0.005831554640198713,0.03536144271492958,0.535183310508728,0.9998504817485809,0.49992715164087165,0.0,0.0,2
1.25,PINN Vanilla,0.2511185557805004,0.0018186826874505412,0.0018369581889723006,0.005833933407314609,0.03563111275434494,0.5344082713127136,0.9977487958967686,0.49887630469853383,0.0,0.0,2
1.2550000000000001,PINN Vanilla,0.2511209100447597,0.0018280748485022737,0.0018407043634103767,0.005835711847025166,0.035900942981243134,0.5336365699768066,0.9956536814570427,0.4978287434747976,0.0,0.0,2
1.26,PINN Vanilla,0.2511232484243812,0.0018374036389803199,0.001844282066918063,0.005837212440163515,0.036171529442071915,0.5328682065010071,0.9935635589063168,0.4967836782051011,0.0,0.0,2
1.2650000000000001,PINN Vanilla,0.25112555043399354,0.0018465873340289829,0.0018476902236623871,0.005838673204820909,0.036441922187805176,0.5321030616760254,0.9914807453751564,0.4957422674591553,0.0,0.0,2
1.27,PINN Vanilla,0.25112785160914086,0.0018557677000419976,0.0018509410927979326,0.005839682629555695,0.036712951958179474,0.5313413143157959,0.9894031248986721,0.4947034532504717,0.0,0.0,2
1.2750000000000001,PINN Vanilla,0.25113013627380154,0.0018648821987043128,0.001854019624375999,0.005840080121859596,0.03698395937681198,0.5305827260017395,0.987332284450531,0.4936680290689167,0.0,0.0,2
1.28,PINN Vanilla,0.2511323999501767,0.001873912966172553,0.0018569432154646626,0.00584063870276573,0.037255849689245224,0.5298275351524353,0.9852667525410652,0.4926352591668443,0.0,0.0,2
1.285,PINN Vanilla,0.25113463900983357,0.0018828455270855139,0.0018596884678062258,0.005840542119785852,0.0375274196267128,0.529075562953949,0.9832079000771046,0.4916058290002892,0.0,0.0,2
1.29,PINN Vanilla,0.25113686558604265,0.0018917282862179294,0.001862271883095374,0.005839978413799282,0.03779945522546768,0.5283265709877014,0.9811540246009827,0.49057888733716476,0.0,0.0,2
1.295,PINN Vanilla,0.2511390671916308,0.0019005114269272359,0.0018647073423135024,0.005839539479036586,0.038071829825639725,0.5275810956954956,0.9791071154177189,0.48955542883378234,0.0,0.0,2
1.3,PINN Vanilla,0.2511412578597667,0.0019092509334893235,0.0018669582082966546,0.005838288209411881,0.038344427943229675,0.5268389582633972,0.9770663157105446,0.48853502508012014,0.0,0.0,2
1.305,PINN Vanilla,0.2511434320062401,0.0019179245281155425,0.0018690535653474046,0.005837125681324121,0.03861754760146141,0.5261000990867615,0.9750314503908157,0.48751758853152166,0.0,0.0,2
1.31,PINN Vanilla,0.25114557406678817,0.0019264701183440848,0.0018709837807789728,0.005835468582271602,0.038890291005373,0.525364100933075,0.973002627491951,0.48650317320490255,0.0,0.0,2
1.315,PINN Vanilla,0.25114770560711647,0.0019349737389433434,0.0018646941136428363,0.00583319723847904,0.039163798093795776,0.5246312618255615,0.9709789417684078,0.4854913264757617,0.0,0.0,2
1.32,PINN Vanilla,0.25114981232956074,0.0019433783504518385,0.0018662969639362003,0.005830868167602005,0.039437249302864075,0.5239015817642212,0.9689620807766914,0.4844828921255766,0.0,0.0,2
1.325,PINN Vanilla,0.251151911005378,0.001951750860544062,0.0018677446905614229,0.005828421276369566,0.03971129655838013,0.5231751203536987,0.9669507965445518,0.4834772461658374,0.0,0.0,2
1.33,PINN Vanilla,0.25115397265180966,0.0019599756446741596,0.0018690211206654568,0.00582503089140278,0.03998485580086708,0.5224516987800598,0.9649461023509502,0.48247489523796117,0.0,0.0,2
1.335,PINN Vanilla,0.25115602915361546,0.001968179904704324,0.0018701457170813497,0.0058220226999632085,0.04025881737470627,0.5217311978340149,0.9629472233355045,0.4814754519102759,0.0,0.0,2
1.34,PINN Vanilla,0.25115805447101613,0.0019762597568843622,0.0018711045011764948,0.0058181425123144045,0.040533244609832764,0.5210134387016296,0.9609527215361595,0.48047819719900614,0.0,0.0,2
1.345,PINN Vanilla,0.25116005947440884,0.001984258567850034,0.0018719104989475541,0.0058142987526106915,0.040807656943798065,0.5202992558479309,0.9589659310877323,0.47948479817793205,0.0,0.0,2
1.35,PINN Vanilla,0.2511620517447593,0.001992206581296759,0.001872558371004573,0.005810082764420903,0.041082412004470825,0.5195876955986023,0.9569839164614677,0.4784937870770661,0.0,0.0,2
1.355,PINN Vanilla,0.25116402339562793,0.0020000723348639836,0.0018730465375322652,0.005805505143383759,0.04135734215378761,0.5188791155815125,0.9550072327256203,0.47750544143159634,0.0,0.0,2
1.36,PINN Vanilla,0.2511659583412113,0.00200779165544298,0.0018733865417103449,0.005805320795626692,0.04163237288594246,0.5181730389595032,0.9530361406505108,0.4765198916271815,0.0,0.0,2
1.365,PINN Vanilla,0.25116790042072556,0.0020155394363053068,0.0018735700271238183,0.005809103727442408,0.041907746344804764,0.5174704790115356,0.951071348041296,0.47553749156775266,0.0,0.0,2
1.37,PINN Vanilla,0.25116979657858635,0.002023104016168197,0.0018736103372954107,0.005811710394954733,0.04218310862779617,0.5167706608772278,0.9491126053035259,0.47455811645560775,0.0,0.0,2
1.375,PINN Vanilla,0.25117168936878465,0.002030655160993676,0.0018734985099242087,0.00581424796199962,0.04245863854885101,0.5160734057426453,0.9471583254635334,0.47358097280088046,0.0,0.0,2
1.3800000000000001,PINN Vanilla,0.2511735453493895,0.0020380594567012767,0.0018732435128082994,0.005815773368808876,0.04273445904254913,0.5153793096542358,0.9452107101678848,0.47260716143106146,0.0,0.0,2
1.385,PINN Vanilla,0.2511754077672961,0.0020454894335421602,0.0018728379149998673,0.005817170160886398,0.04301032796502113,0.5146880745887756,0.9432684108614922,0.4716360080660295,0.0,0.0,2
1.3900000000000001,PINN Vanilla,0.2511772240623834,0.002052735406847902,0.0018722903624217842,0.005818016770991065,0.043286602944135666,0.5139995813369751,0.9413313195109367,0.4706674586888689,0.0,0.0,2
1.395,PINN Vanilla,0.2511790399551394,0.0020599797750828967,0.0018715899211348443,0.0058180641556694265,0.04356304183602333,0.513313889503479,0.9393994696438313,0.46970153006345,0.0,0.0,2
1.4000000000000001,PINN Vanilla,0.25118083027005217,0.0020671221024267535,0.001870764938899165,0.005817933778860321,0.043839115649461746,0.5126307606697083,0.937473714351654,0.46873864873714227,0.0,0.0,2
1.405,PINN Vanilla,0.2511826010905208,0.0020741866581449266,0.0018697940619834745,0.005816996517033907,0.04411577805876732,0.5119506120681763,0.9355533830821514,0.4677784794325374,0.0,0.0,2
1.41,PINN Vanilla,0.25118434106558585,0.002081128158434058,0.001868681277693221,0.005815355966811493,0.0443926639854908,0.5112730860710144,0.933637972921133,0.46682077069157923,0.0,0.0,2
1.415,PINN Vanilla,0.2511860774122181,0.0020880551833622075,0.0018754008905500087,0.005813474414527765,0.04466942325234413,0.5105984210968018,0.9317285716533661,0.46586606640873,0.0,0.0,2
1.42,PINN Vanilla,0.2511877816542985,0.0020948541295836955,0.0018740124633207305,0.005810788576133853,0.04494628682732582,0.5099264979362488,0.9298252202570438,0.4649143870731648,0.0,0.0,2
1.425,PINN Vanilla,0.2511894765980544,0.00210161598083555,0.001872500451920789,0.0058078016162688775,0.04522356763482094,0.5092572569847107,0.9279261492192745,0.46396484792505605,0.0,0.0,2
1.43,PINN Vanilla,0.2511911482736471,0.002108285005491765,0.0018708467897895304,0.005804557417871524,0.045500122010707855,0.5085906386375427,0.9260337166488171,0.46301862802328964,0.0,0.0,2
1.435,PINN Vanilla,0.25119279509037756,0.002114854857577893,0.0018690669945962241,0.005800288722034572,0.04577729105949402,0.5079266428947449,0.9241460300981998,0.46207478114051326,0.0,0.0,2
1.44,PINN Vanilla,0.2511944309696557,0.0021213810755165807,0.0018671713973566941,0.005795583247236717,0.046054694801568985,0.5072651505470276,0.9222632609307766,0.4611333929587313,0.0,0.0,2
1.445,PINN Vanilla,0.25119604368135356,0.002127814868127703,0.0018651276174255025,0.005790120670215594,0.04633190855383873,0.5066065192222595,0.9203867688775063,0.46019514334602163,0.0,0.0,2
1.45,PINN Vanilla,0.25119763451814675,0.0021341613924439444,0.0018629893590616454,0.005784391793653143,0.04660952463746071,0.5059504508972168,0.9185147546231747,0.45925913264133866,0.0,0.0,2
1.455,PINN Vanilla,0.25119921735301637,0.0021404759936850346,0.001860716245830496,0.00577812834955168,0.04688702151179314,0.5052969455718994,0.9166484922170639,0.45832599787175815,0.0,0.0,2
1.46,PINN Vanilla,0.2512007803283634,0.0021467113668472196,0.0018583280002097086,0.005771560310720902,0.04716462641954422,0.5046461224555969,0.914787296205759,0.4573953963092628,0.0,0.0,2
1.465,PINN Vanilla,0.2512023201622071,0.002152854418713975,0.0018558353682731604,0.00576412128755862,0.04744234308600426,0.5039976239204407,0.9129312634468079,0.4564673763828115,0.0,0.0,2
1.47,PINN Vanilla,0.2512038469798865,0.0021589455435674304,0.0018532141736313564,0.005756324314181473,0.047720350325107574,0.5033519268035889,0.911080114543438,0.45554179839348413,0.0,0.0,2
1.475,PINN Vanilla,0.2512053471431138,0.002164930332479293,0.0018504775091613985,0.0057478375963398096,0.047997985035181046,0.5027085542678833,0.9092346876859665,0.45461908143804114,0.0,0.0,2
1.48,PINN Vanilla,0.2512068368941548,0.002170873582753097,0.0018476420040925581,0.00573941252486454,0.04827610030770302,0.5020678639411926,0.9073937758803368,0.45369862201714745,0.0,0.0,2
1.485,PINN Vanilla,0.2512083132416012,0.0021767633603895988,0.0018446874103076939,0.005729990776431,0.04855402186512947,0.5014292597770691,0.9055579602718353,0.45278071070455705,0.0,0.0,2
1.49,PINN Vanilla,0.2512097732611003,0.002182587998902344,0.0018416449449255676,0.005720148590342304,0.04883217811584473,0.500793993473053,0.9037285409867764,0.4518659975659116,0.0,0.0,2
1.495,PINN Vanilla,0.25121119896322514,0.0021882757308192076,0.0018384916430934986,0.005710001012743986,0.049110379070043564,0.5001608729362488,0.9019034765660763,0.450953461867768,0.0,0.0,2
1.5,PINN Vanilla,0.25121262098103786,0.002193948764448578,0.0018352326481273532,0.005699252501193124,0.04938875511288643,0.49953001737594604,0.9000826217234135,0.45004303096668774,0.0,0.0,2
1.5050000000000001,PINN Vanilla,0.2512140255533161,0.002199552200423969,0.0018318799084668963,0.00568764547634816,0.049667008221149445,0.49890199303627014,0.8982682712376118,0.4491358522564682,0.0,0.0,2
1.51,PINN Vanilla,0.25121541323885344,0.0022050882680102707,0.0018284267670794015,0.005676102501028062,0.04994537681341171,0.4982762038707733,0.8964580781757832,0.4482307522661802,0.0,0.0,2
1.5150000000000001,PINN Vanilla,0.25121678785607243,0.00221057220051878,0.001824886262722054,0.00566409022848962,0.050223734229803085,0.49765312671661377,0.8946534916758537,0.4473284555675563,0.0,0.0,2
1.52,PINN Vanilla,0.2512181378118696,0.0022159577481306687,0.0018212365330495175,0.0056514508219297765,0.05050214007496834,0.49703213572502136,0.8928534276783466,0.44642842012878625,0.0,0.0,2
1.5250000000000001,PINN Vanilla,0.2512194744274022,0.0022212900757558034,0.001817516101625814,0.005638485304271655,0.05078066512942314,0.49641361832618713,0.891057975590229,0.4455306906535246,0.0,0.0,2
1.53,PINN Vanilla,0.2512208005748691,0.002226580641816147,0.0018137015653495276,0.00562479362871314,0.051059119403362274,0.4957974851131439,0.8892679922282696,0.444635695551793,0.0,0.0,2
1.5350000000000001,PINN Vanilla,0.25122209841385507,0.002231758273310567,0.0018097849703134826,0.005610807108555403,0.05133785307407379,0.4951836168766022,0.8874821700155735,0.4437427810326453,0.0,0.0,2
1.54,PINN Vanilla,0.2512233837991955,0.0022368862219183734,0.0018058076574974074,0.00559673285256429,0.05161619186401367,0.4945722222328186,0.8857020772993565,0.4428527312726865,0.0,0.0,2
1.545,PINN Vanilla,0.2512246720194819,0.0022420254803308384,0.001801732344459471,0.005581925470960404,0.05189474672079086,0.4939630925655365,0.8839262388646603,0.4419648086616182,0.0,0.0,2
1.55,PINN Vanilla,0.2512259309627118,0.0022470479401177053,0.001797589596106564,0.005566662785722015,0.052173320204019547,0.4933559000492096,0.8821544945240021,0.441078933105393,0.0,0.0,2
1.555,PINN Vanilla,0.2512271753586831,0.002252012364705356,0.001793359069284765,0.005551305141881721,0.05245177820324898,0.4927515387535095,0.880388893187046,0.44019612906275846,0.0,0.0,2
1.56,PINN Vanilla,0.2512284043841066,0.002256915469642868,0.0017890537966205025,0.005535008981248764,0.05273010581731796,0.49214932322502136,0.8786282390356064,0.4393157986223364,0.0,0.0,2
1.565,PINN Vanilla,0.2512296165749433,0.0022617514142564475,0.0017846860659987496,0.005519237241848544,0.05300890654325485,0.49154916405677795,0.8768700957298279,0.43843672360954333,0.0,0.0,2
1.57,PINN Vanilla,0.2512308148443701,0.0022665318204471594,0.0017802274599143127,0.0055021702712202206,0.05328728258609772,0.49095138907432556,0.8751187436282635,0.4375610442118356,0.0,0.0,2
1.575,PINN Vanilla,0.2512319966144862,0.0022712464038727835,0.0017757066083082399,0.005485226211618739,0.053565654903650284,0.4903559386730194,0.8733714558184147,0.43668739696775283,0.0,0.0,2
1.58,PINN Vanilla,0.25123317134380363,0.0022759328985591147,0.0017711264753703623,0.005467613522132209,0.05384450405836105,0.48976245522499084,0.8716277666389942,0.4358155490457613,0.0,0.0,2
1.585,PINN Vanilla,0.2512343266159298,0.0022805417702372885,0.0017664614924337942,0.005449584237529302,0.0541229210793972,0.48917144536972046,0.8698901459574699,0.43494673538431516,0.0,0.0,2
1.59,PINN Vanilla,0.25123546186462065,0.0022850707599188203,0.0017617479678190629,0.005431740006591947,0.05440139397978783,0.4885825514793396,0.8681560605764389,0.43407968937987174,0.0,0.0,2
1.595,PINN Vanilla,0.2512365979366007,0.0022896030340510526,0.001756972083681268,0.005413114603216827,0.05467992648482323,0.48799577355384827,0.8664267808198929,0.43321504619685464,0.0,0.0,2
1.6,PINN Vanilla,0.25123770367726705,0.0022940143036775705,0.001752117324418246,0.00539398550680259,0.05495832860469818,0.48741114139556885,0.8647023551166058,0.43235283004974334,0.0,0.0,2
1.605,PINN Vanilla,0.25123880730196857,0.002298417131820703,0.0017472223943126666,0.005374816912468876,0.05523684248328209,0.48682883381843567,0.8629823178052902,0.4314928081070043,0.0,0.0,2
1.61,PINN Vanilla,0.25123988755047344,0.00230272670237697,0.0017422652359864502,0.005355379590809395,0.05551547557115555,0.48624858260154724,0.8612658679485321,0.43063457989839976,0.0,0.0,2
1.615,PINN Vanilla,0.25124096967652465,0.002307043763263833,0.0017372596179545663,0.0053357651183669405,0.05579397827386856,0.48567044734954834,0.8595544993877411,0.4297788923474894,0.0,0.0,2
1.62,PINN Vanilla,0.2512420084066691,0.002311187699428765,0.0017321831232838681,0.005315438722459369,0.05607236549258232,0.48509445786476135,0.8578478284180164,0.4289255536010895,0.0,0.0,2
1.625,PINN Vanilla,0.25124306651949907,0.0023154089613668023,0.0017270666593078086,0.005295013431441578,0.05635067820549011,0.4845203459262848,0.856144804507494,0.4280740383912605,0.0,0.0,2
1.6300000000000001,PINN Vanilla,0.2512440916411581,0.002319498607497594,0.0017218965801099587,0.0052742151733816064,0.056629229336977005,0.48394837975502014,0.8544461615383625,0.4272247136604992,0.0,0.0,2
1.635,PINN Vanilla,0.251245106995106,0.0023235492860761036,0.001716682124822876,0.005253262007760745,0.05690735578536987,0.4833787977695465,0.8527527637779713,0.42637801154413185,0.0,0.0,2
1.6400000000000001,PINN Vanilla,0.2512461110092702,0.0023275547254362045,0.0017114196226385805,0.005231976650570153,0.057185836136341095,0.4828111529350281,0.8510627672076225,0.4255330100292856,0.0,0.0,2
1.645,PINN Vanilla,0.25124710002541567,0.0023315003313232026,0.0017061127866437457,0.005210547271605359,0.05746442824602127,0.48224565386772156,0.8493770621716976,0.4246901542898527,0.0,0.0,2
1.6500000000000001,PINN Vanilla,0.2512480733692648,0.0023353834137569466,0.0017007572779749378,0.005188830044834593,0.05774247646331787,0.4816821813583374,0.8476964086294174,0.4238498243068957,0.0,0.0,2
1.655,PINN Vanilla,0.2512490371689203,0.002339228420344453,0.0016953701152730438,0.005167039130470404,0.05802082270383835,0.4811204671859741,0.8460187241435051,0.4230109788577967,0.0,0.0,2
1.6600000000000001,PINN Vanilla,0.2512499944716694,0.0023430475080103677,0.0016899321493589802,0.00514462085094234,0.05829904228448868,0.4805613160133362,0.8443464860320091,0.4221748566063142,0.0,0.0,2
1.665,PINN Vanilla,0.25125092724338194,0.00234676873094189,0.00168446520310728,0.005121789280604999,0.05857725813984871,0.4800042510032654,0.8426789566874504,0.42134108874729903,0.0,0.0,2
1.67,PINN Vanilla,0.2512518458515408,0.0023504334494361795,0.0016789505167574667,0.005099097083569801,0.05885522812604904,0.4794488847255707,0.8410152271389961,0.4205092207935977,0.0,0.0,2
1.675,PINN Vanilla,0.25125276399403834,0.002354096310209396,0.001673414226491551,0.0050760206416199175,0.05913325399160385,0.4788956940174103,0.8393556401133537,0.4196794241092189,0.0,0.0,2
1.68,PINN Vanilla,0.2512536623068156,0.0023576800617978607,0.0016678294903551556,0.005052780998598856,0.05941145122051239,0.47834450006484985,0.8376997523009777,0.4188514770385426,0.0,0.0,2
1.685,PINN Vanilla,0.2512545395717027,0.002361179844403721,0.0016622143844143185,0.00502931266267749,0.059689342975616455,0.4777955114841461,0.8360490649938583,0.4180261302304331,0.0,0.0,2
1.69,PINN Vanilla,0.25125541582703614,0.0023646755994710276,0.0016565776054818925,0.005005899938344119,0.059967298060655594,0.4772481322288513,0.8344014286994934,0.4172023089345315,0.0,0.0,2
1.695,PINN Vanilla,0.2512562817186119,0.0023681300091027498,0.0016509027974613494,0.004981884929072637,0.060244884341955185,0.47670266032218933,0.832758542150259,0.4163808625202721,0.0,0.0,2
1.7,PINN Vanilla,0.25125712496042274,0.002371494059192472,0.0016386822322524916,0.004957637551912419,0.060522645711898804,0.47615933418273926,0.8311196193099022,0.41556139796802644,0.0,0.0,2
1.705,PINN Vanilla,0.25125795678794405,0.0023748125728285116,0.0016329920131395769,0.004933878184994689,0.060800403356552124,0.4756179749965668,0.8294841162860394,0.4147436433305632,0.0,0.0,2
1.71,PINN Vanilla,0.2512587842009964,0.002378113475271059,0.0016272755959113885,0.004909311471694974,0.0610777921974659,0.47507864236831665,0.827854011207819,0.4139285876762369,0.0,0.0,2
1.715,PINN Vanilla,0.2512595924288037,0.00238133783961441,0.0016215348152331989,0.004884855148569414,0.06135545298457146,0.47454097867012024,0.8262266218662262,0.41311488989541434,0.0,0.0,2
1.72,PINN Vanilla,0.2512603852786126,0.00238450085458425,0.0016157699975354275,0.00486016001405435,0.06163286417722702,0.4740053117275238,0.8246035315096378,0.41230334161530957,0.0,0.0,2
1.725,PINN Vanilla,0.251261169113219,0.0023876279040783667,0.0016099809853444172,0.004835417291933812,0.06191009655594826,0.4734712541103363,0.8229842409491539,0.4114936932405186,0.0,0.0,2
1.73,PINN Vanilla,0.2512619426772001,0.0023907139796816006,0.0016041749807887285,0.004810329866297085,0.06218720227479935,0.47293928265571594,0.8213694095611572,0.410686274460493,0.0,0.0,2
1.735,PINN Vanilla,0.2512626954354348,0.0023937170523168163,0.0015983469881143636,0.004785122408178577,0.06246424466371536,0.47240883111953735,0.819757804274559,0.4098804687373319,0.0,0.0,2
1.74,PINN Vanilla,0.2512634389102461,0.0023966830894293647,0.0015924934349143046,0.004759728701545209,0.06274151802062988,0.47188088297843933,0.8181507512927055,0.40907693917524285,0.0,0.0,2
1.745,PINN Vanilla,0.2512641733810308,0.0023996132056515805,0.001586637946602741,0.0047342578538756425,0.0630183145403862,0.47135427594184875,0.8165472447872162,0.4082751828581133,0.0,0.0,2
1.75,PINN Vanilla,0.2512648949697616,0.002402491929884079,0.001580754778290735,0.004708930428684241,0.06329558044672012,0.4708295464515686,0.814946360886097,0.40747473784818083,0.0,0.0,2
1.7550000000000001,PINN Vanilla,0.2512656003311279,0.002405305916260231,0.001574854482068432,0.00468311039664223,0.06357218325138092,0.4703070819377899,0.8133518397808075,0.40667747424832285,0.0,0.0,2
1.76,PINN Vanilla,0.25126630005985523,0.0024080974316450367,0.0015689393047114337,0.004657457838052943,0.06384889781475067,0.46978560090065,0.811758741736412,0.4058809221816314,0.0,0.0,2
1.7650000000000001,PINN Vanilla,0.2512669771090152,0.002410798468593246,0.0015630177683240588,0.00463133664565258,0.06412537395954132,0.46926671266555786,0.8101716190576553,0.40508735780917854,0.0,0.0,2
1.77,PINN Vanilla,0.25126764895766995,0.002413478758515232,0.001557087796365253,0.004605526041928799,0.06440208107233047,0.46874919533729553,0.8085862025618553,0.4042946465314647,0.0,0.0,2
1.7750000000000001,PINN Vanilla,0.25126830193400407,0.002416083758726529,0.0015511358132346094,0.004579456897722274,0.06467848271131516,0.4682333469390869,0.8070050776004791,0.4035040810291641,0.0,0.0,2
1.78,PINN Vanilla,0.2512689536735418,0.0024186838248312086,0.001545186214606261,0.00455433775706645,0.06495500355958939,0.4677196741104126,0.8054279461503029,0.4027155122900952,0.0,0.0,2
1.7850000000000001,PINN Vanilla,0.2512695759236815,0.0024211662451896375,0.0015392085357490905,0.004533519984966948,0.06523104012012482,0.46720755100250244,0.8038549870252609,0.4019290297215671,0.0,0.0,2
1.79,PINN Vanilla,0.2512701894268396,0.0024236137701197286,0.0015332248628687842,0.004512516685205192,0.06550730764865875,0.4666973948478699,0.8022858873009682,0.401144476860789,0.0,0.0,2
1.795,PINN Vanilla,0.2512708059772851,0.0024260734519749097,0.001527249434065311,0.004491598305557669,0.06578326970338821,0.46618854999542236,0.800719179213047,0.40036111982276734,0.0,0.0,2
1.8,PINN Vanilla,0.2512713990956547,0.0024284396533169354,0.0015212580276565604,0.004471034854469702,0.06605958938598633,0.46568191051483154,0.7991563677787781,0.39957971111901847,0.0,0.0,2
1.805,PINN Vanilla,0.2512719731181862,0.0024307296732422276,0.0015152594875456353,0.004449742753477447,0.06633517891168594,0.46517643332481384,0.7975974231958389,0.3988002358483242,0.0,0.0,2
1.81,PINN Vanilla,0.2512725476771595,0.002433021833261849,0.0015092518968262757,0.004428761805166749,0.06661107391119003,0.46467307209968567,0.7960423603653908,0.3980227014612937,0.0,0.0,2
1.815,PINN Vanilla,0.2512731062322857,0.0024352501471313895,0.0015032497886298618,0.004407664013687751,0.06688684225082397,0.46417132019996643,0.7944908067584038,0.3972469216927001,0.0,0.0,2
1.82,PINN Vanilla,0.25127364614605924,0.002437404092719657,0.001497241636642065,0.0043865000887332445,0.0671621784567833,0.4636715352535248,0.7929433137178421,0.3964731722150791,0.0,0.0,2
1.825,PINN Vanilla,0.2512741635814311,0.002439468362407034,0.0014912137788467077,0.004365351831207315,0.06743757426738739,0.4631733298301697,0.7913993746042252,0.3957011997077222,0.0,0.0,2
1.83,PINN Vanilla,0.2512746867537501,0.0024415555192154065,0.001485199303268171,0.0043439871860941615,0.06771320104598999,0.4626769721508026,0.7898587435483932,0.3949308812355797,0.0,0.0,2
1.835,PINN Vanilla,0.25127519627660533,0.002443588222509873,0.0014791892235224695,0.004322879536423338,0.06798816472291946,0.4621823728084564,0.7883223965764046,0.3941627048135459,0.0,0.0,2
1.84,PINN Vanilla,0.2512756836190822,0.0024455324388449893,0.0014731582428262155,0.004301478180978813,0.06826335936784744,0.46168920397758484,0.7867886573076248,0.39339583224810004,0.0,0.0,2
1.845,PINN Vanilla,0.2512761708274486,0.0024474761201563012,0.0014671421321471323,0.004280181474725378,0.06853820383548737,0.4611978828907013,0.7852595150470734,0.39263125819555345,0.0,0.0,2
1.85,PINN Vanilla,0.25127662836015247,0.0024493014126332874,0.0014611119786951696,0.004258855588279764,0.06881290674209595,0.4607079327106476,0.7837328016757965,0.3918678985922859,0.0,0.0,2
1.855,PINN Vanilla,0.2512770869433882,0.0024511308961283726,0.0014550991777186506,0.004237318114662408,0.0690879225730896,0.4602198600769043,0.7822094559669495,0.391106222826669,0.0,0.0,2
1.86,PINN Vanilla,0.2512775211185219,0.002452863005327478,0.0014490748297856701,0.004216005012502244,0.06936249881982803,0.4597332775592804,0.7806901857256889,0.39034658480263384,0.0,0.0,2
1.865,PINN Vanilla,0.2512779477313163,0.002454564945139706,0.0014430537549562467,0.004194421045567651,0.06963682919740677,0.45924827456474304,0.779173918068409,0.38958844807632703,0.0,0.0,2
1.87,PINN Vanilla,0.2512783667966726,0.0024562367750126865,0.001437044565089028,0.004173130195731872,0.06991121917963028,0.45876544713974,0.7776625901460648,0.3888327812269282,0.0,0.0,2
1.875,PINN Vanilla,0.25127876491844675,0.0024578250520322694,0.0014310251001266963,0.004151598260340561,0.07018524408340454,0.45828333497047424,0.7761529013514519,0.3880779339445275,0.0,0.0,2
1.8800000000000001,PINN Vanilla,0.2512791594490411,0.0024593990023088395,0.0014250125297031364,0.004130000292005401,0.0704595074057579,0.4578033685684204,0.7746472433209419,0.38732510205188125,0.0,0.0,2
1.885,PINN Vanilla,0.251279532954097,0.0024608890727733645,0.0014190144155645347,0.004108466608142,0.07073339819908142,0.45732465386390686,0.7731442898511887,0.3865736224447819,0.0,0.0,2
1.8900000000000001,PINN Vanilla,0.2512798962593081,0.002462338451720485,0.0014130031671642593,0.004086608763336996,0.07100705057382584,0.4568478763103485,0.7716459557414055,0.38582445252649544,0.0,0.0,2
1.895,PINN Vanilla,0.25128024044632935,0.002463711560080311,0.0014070162660183142,0.004065434279921135,0.07128068804740906,0.45637261867523193,0.7701507955789566,0.3850768695879417,0.0,0.0,2
1.9000000000000001,PINN Vanilla,0.2512805771008136,0.0024650546179474132,0.00140102320566499,0.0040437836583691045,0.07155438512563705,0.4558984935283661,0.7686575800180435,0.38433025895387213,0.0,0.0,2
1.905,PINN Vanilla,0.25128089912980817,0.002466339328518228,0.0013950301602730004,0.004021926032565501,0.07182790338993073,0.45542600750923157,0.7671678140759468,0.3835853731358031,0.0,0.0,2
1.9100000000000001,PINN Vanilla,0.25128120375424645,0.0024675546049143862,0.0013890583138140063,0.004000598689334264,0.07210104912519455,0.4549553394317627,0.7656824290752411,0.38284267779680176,0.0,0.0,2
1.915,PINN Vanilla,0.25128150657564424,0.0024687626882154445,0.0013830896351111417,0.0039788207762931765,0.072374127805233,0.454486221075058,0.7642004415392876,0.3821016811966693,0.0,0.0,2
1.92,PINN Vanilla,0.25128178589791084,0.0024698770234914454,0.0013771174039276526,0.003957191765487575,0.07264719903469086,0.4540184736251831,0.7627207562327385,0.38136183571563875,0.0,0.0,2
1.925,PINN Vanilla,0.2512820578143003,0.0024709618135749334,0.0013711695292871059,0.003935700151107779,0.0729198232293129,0.4535521864891052,0.7612449303269386,0.3806239199423583,0.0,0.0,2
1.93,PINN Vanilla,0.2512823159098627,0.0024719914665034056,0.001365213356529521,0.0039141779350709005,0.07319262623786926,0.45308780670166016,0.7597727105021477,0.3798878072164737,0.0,0.0,2
1.935,PINN Vanilla,0.2512825552895667,0.0024729464539155525,0.001359270210783205,0.003892390034153703,0.07346494495868683,0.45262444019317627,0.7583034560084343,0.3791531771617948,0.0,0.0,2
1.94,PINN Vanilla,0.25128278429806256,0.0024738600661689636,0.0013533429875969023,0.0038707512167470287,0.07373719662427902,0.45216262340545654,0.756837010383606,0.3784199515469263,0.0,0.0,2
1.945,PINN Vanilla,0.25128300686180616,0.0024747479675657196,0.0013474284063509571,0.0038493376762079867,0.07400932163000107,0.4517023265361786,0.755374364554882,0.37768862583737167,0.0,0.0,2
1.95,PINN Vanilla,0.2512831971496346,0.002475507106614706,0.0013415072028317254,0.003827616322103669,0.07428131997585297,0.4512437880039215,0.7539149969816208,0.37695893926181323,0.0,0.0,2
1.955,PINN Vanilla,0.25128338678181195,0.0024762636299927466,0.0013355983966205603,0.003805933090829147,0.07455337047576904,0.4507864713668823,0.7524577677249908,0.3762303218486569,0.0,0.0,2
1.96,PINN Vanilla,0.251283571995795,0.0024770025273152764,0.0013297117949235368,0.003784411848249139,0.07482494413852692,0.45033058524131775,0.751004695892334,0.3755037831554322,0.0,0.0,2
1.965,PINN Vanilla,0.2512837304323914,0.0024776345982580215,0.0013238312846405502,0.0037625437111720034,0.07509656250476837,0.44987666606903076,0.7495552971959114,0.3747790810373442,0.0,0.0,2
1.97,PINN Vanilla,0.2512838829532268,0.002478243068715068,0.0013179540195009528,0.003741140614306887,0.0753680020570755,0.44942358136177063,0.7481080517172813,0.3740554555322673,0.0,0.0,2
1.975,PINN Vanilla,0.25128402293473506,0.0024788015144650588,0.0013120911914427057,0.003719676653128348,0.07563918828964233,0.4489724338054657,0.7466647997498512,0.37333382679042226,0.0,0.0,2
1.98,PINN Vanilla,0.25120806679874663,0.0021757801950669344,0.001306229204045741,0.00369794150113828,0.07591014355421066,0.44852256774902344,0.74522465467453,0.3726137515005691,0.0,0.0,2
1.985,PINN Vanilla,0.25128425651043673,0.0024797333472443076,0.001300399394424248,0.003676664149290909,0.0761810764670372,0.4480743408203125,0.7437876909971237,0.37189526691575314,0.0,0.0,2
1.99,PINN Vanilla,0.25128435078263306,0.0024801094391155155,0.0012945664814356939,0.0036551117646238945,0.07645171135663986,0.44762754440307617,0.7423535361886024,0.3711781867707476,0.0,0.0,2
1.995,PINN Vanilla,0.2512844339311125,0.0024804411537507646,0.0012887556805759653,0.0036335555344430004,0.07672233879566193,0.4471821188926697,0.7409234344959259,0.3704631331914102,0.0,0.0,2
2.0,PINN Vanilla,0.25128450702130817,0.002480732741615785,0.001282956128505893,0.0036123266315904734,0.07699266076087952,0.4467378556728363,0.7394950315356255,0.3697489289815072,0.0,0.0,2
2.005,PINN Vanilla,0.25128455046564363,0.0024809060595404123,0.0012771549314085976,0.003590635072563922,0.07726310193538666,0.44629523158073425,0.7380702197551727,0.36903652036839096,0.0,0.0,2
2.0100000000000002,PINN Vanilla,0.2512845986783507,0.002481098400526583,0.0012713793180502103,0.0035690231915234405,0.07753317058086395,0.44585394859313965,0.7366485595703125,0.36832568755909384,0.0,0.0,2
2.015,PINN Vanilla,0.2512846346944573,0.002481242084088136,0.001265615690094271,0.003547799311096833,0.07780317217111588,0.44541412591934204,0.7352298647165298,0.3676163374210024,0.0,0.0,2
2.02,PINN Vanilla,0.25128464412689233,0.0024812797140817944,0.0012598557890391086,0.0035263822063997113,0.078072689473629,0.4449753165245056,0.7338142469525337,0.3669085258336848,0.0,0.0,2
2.025,PINN Vanilla,0.25128464545309565,0.0024812850048706522,0.0012541256392024083,0.0035052816479314297,0.07834219932556152,0.444538414478302,0.7324021086096764,0.36620245396358586,0.0,0.0,2
2.0300000000000002,PINN Vanilla,0.25128464249521515,0.002481273204627803,0.0012484018656980502,0.0034838476245621364,0.07861170172691345,0.44410234689712524,0.7309918031096458,0.36549729851840296,0.0,0.0,2
2.035,PINN Vanilla,0.25128460551798365,0.0024811256867303916,0.0012426833112819317,0.003462567157992605,0.0788806676864624,0.4436681866645813,0.7295867875218391,0.3647947880394413,0.0,0.0,2
2.04,PINN Vanilla,0.25128457149863265,0.002480989969075829,0.001236984949351925,0.0034412219696615537,0.07914991676807404,0.44323495030403137,0.7281821146607399,0.3640924489244884,0.0,0.0,2
2.045,PINN Vanilla,0.2512845188304784,0.002480779853416622,0.0012313012665077013,0.0034201200730511333,0.07941880077123642,0.4428032338619232,0.7267814800143242,0.36339212892459444,0.0,0.0,2
2.05,PINN Vanilla,0.2512844594791534,0.002480543075747748,0.001225627756778507,0.0033988854298404175,0.0796872079372406,0.4423729181289673,0.7253845110535622,0.36269364177453267,0.0,0.0,2
2.055,PINN Vanilla,0.2512843734622004,0.00248019991755189,0.0012199753753755023,0.0033779626721495287,0.07995595782995224,0.4419436454772949,0.7239889577031136,0.3619958624323329,0.0,0.0,2
2.06,PINN Vanilla,0.25128427767008565,0.002479817762079935,0.0012143342788033485,0.0033565852330773305,0.08022404462099075,0.4415160119533539,0.7225983142852783,0.36130053806582296,0.0,0.0,2
2.065,PINN Vanilla,0.2512841724306347,0.002479397917167354,0.0012087122128167484,0.0033357202618186504,0.08049218356609344,0.4410896301269531,0.7212094664573669,0.3606061114977064,0.0,0.0,2
2.07,PINN Vanilla,0.25128405699878953,0.002478937410460741,0.0012030943377410721,0.0033145510562257313,0.08076025545597076,0.44066449999809265,0.7198233604431152,0.35991305584165945,0.0,0.0,2
2.075,PINN Vanilla,0.25128392742574235,0.002478420488487234,0.0011975121798711243,0.003293549515280811,0.08102814108133316,0.4402405023574829,0.7184401899576187,0.3592214679556,0.0,0.0,2
2.08,PINN Vanilla,0.251283777356148,0.002477821797072861,0.0011919163683515022,0.003272733027926078,0.08129590004682541,0.4398181140422821,0.7170604765415192,0.3585316086108457,0.0,0.0,2
2.085,PINN Vanilla,0.25128362403810045,0.0024772101461976925,0.0011863661925716545,0.003251724077866544,0.08156312257051468,0.43939661979675293,0.7156826853752136,0.3578427103946619,0.0,0.0,2
2.09,PINN Vanilla,0.251283444426954,0.002476493600972354,0.0011808110966593946,0.003230867954832989,0.08183038979768753,0.43897703289985657,0.7143091782927513,0.35715595422858687,0.0,0.0,2
2.095,PINN Vanilla,0.25128325971215987,0.0024757566951266272,0.0011752835322129435,0.0032097412951463122,0.08209753036499023,0.4385581314563751,0.7129367813467979,0.3564697531328878,0.0,0.0,2
2.1,PINN Vanilla,0.25128305394202494,0.0024749357905747018,0.0011697668079774849,0.003189181440781813,0.08236394822597504,0.43814072012901306,0.7115693837404251,0.35578605171653305,0.0,0.0,2
2.105,PINN Vanilla,0.2512828496322038,0.0024741207118354376,0.00116426668679888,0.003168636911999534,0.08263089507818222,0.437724769115448,0.7102034613490105,0.35510308791047657,0.0,0.0,2
2.11,PINN Vanilla,0.25128261523693823,0.002473185609467285,0.001158774937543186,0.003147937909710727,0.08289740979671478,0.43730977177619934,0.7088401839137077,0.3544214465875307,0.0,0.0,2
2.115,PINN Vanilla,0.25128237731009745,0.0024722364181442055,0.0011533208783426389,0.0031272741939902815,0.08316344767808914,0.43689632415771484,0.7074809670448303,0.35374183555555744,0.0,0.0,2
2.12,PINN Vanilla,0.2512821241989734,0.002471226650259506,0.001147858460810531,0.0031065747490178347,0.08342953026294708,0.43648427724838257,0.7061245664954185,0.35306363268869917,0.0,0.0,2
2.125,PINN Vanilla,0.2512818563282492,0.0024701580000547146,0.0011424307725331753,0.003085925829963171,0.08369525521993637,0.43607327342033386,0.7047706097364426,0.35238665172172895,0.0,0.0,2
2.13,PINN Vanilla,0.2512815785855057,0.0024690499661679907,0.00113701949013431,0.00306565786689543,0.08396103233098984,0.435663640499115,0.7034197673201561,0.35171122793205517,0.0,0.0,2
2.1350000000000002,PINN Vanilla,0.2512812806591394,0.002467861411228686,0.0011316092606741255,0.003045184464326639,0.08422661572694778,0.43525534868240356,0.7020719051361084,0.35103729426419616,0.0,0.0,2
2.14,PINN Vanilla,0.2512809632793071,0.002466595248142799,0.0011262314472252287,0.003024757393669364,0.08449195325374603,0.43484821915626526,0.7007262408733368,0.35036445956117557,0.0,0.0,2
2.145,PINN Vanilla,0.251280662506819,0.0024653953388136672,0.0011208611362167108,0.0030044944029506,0.08475662767887115,0.43444210290908813,0.6993843913078308,0.34969353221407784,0.0,0.0,2
2.15,PINN Vanilla,0.2512803178057077,0.0024640201795300717,0.0011155140298029016,0.002984070069501646,0.08502159267663956,0.43403753638267517,0.6980445459485054,0.34902360697390056,0.0,0.0,2
2.1550000000000002,PINN Vanilla,0.2512799800783398,0.0024626728414738675,0.0011101917907567697,0.0029637602647176325,0.08528643101453781,0.43363386392593384,0.6967073157429695,0.34835498931561576,0.0,0.0,2
2.16,PINN Vanilla,0.2512796172872188,0.002461225513450738,0.0011048839680470634,0.0029436921472525968,0.08555078506469727,0.43323153257369995,0.6953729912638664,0.3476878245261003,0.0,0.0,2
2.165,PINN Vanilla,0.2512792529910805,0.0024597721812736058,0.001099596376276446,0.0029235363722244917,0.08581488579511642,0.43283069133758545,0.6940425336360931,0.3470225931696395,0.0,0.0,2
2.17,PINN Vanilla,0.25127887204289456,0.0024582524169988185,0.0010943183892259268,0.002903421626527819,0.08607892692089081,0.43243053555488586,0.6927134096622467,0.3463580286426909,0.0,0.0,2
2.1750000000000003,PINN Vanilla,0.25127846860140585,0.002456642917376175,0.0010890657037314448,0.002883606150043891,0.08634307235479355,0.43203186988830566,0.6913871020078659,0.34569487228085716,0.0,0.0,2
2.18,PINN Vanilla,0.25127805618941806,0.0024549976306189277,0.0010838243352415601,0.002863565428420159,0.08660643547773361,0.43163415789604187,0.6900642588734627,0.3450334481856331,0.0,0.0,2
2.185,PINN Vanilla,0.25127763115614676,0.002453301992195756,0.0010786049443641994,0.0028437434445216375,0.0868699699640274,0.4312381148338318,0.688744492828846,0.3443735626411828,0.0,0.0,2
2.19,PINN Vanilla,0.2512771968841555,0.002451569496590816,0.001073406917032414,0.0028236821120435907,0.0871332585811615,0.43084272742271423,0.6874260753393173,0.3437143513768537,0.0,0.0,2
2.195,PINN Vanilla,0.2512767526283862,0.0024497971714507,0.0010682261726838705,0.0028039526478210175,0.08739618211984634,0.43044862151145935,0.686111330986023,0.3430569766876612,0.0,0.0,2
2.2,PINN Vanilla,0.2512762897238138,0.0024479504483061604,0.001063068234278963,0.002784217090534419,0.08765885978937149,0.43005603551864624,0.6847996041178703,0.34240111074680624,0.0,0.0,2
2.205,PINN Vanilla,0.25127581427246354,0.0024460536707307493,0.0010579231198546435,0.002764596511118725,0.08792146295309067,0.42966410517692566,0.6834895312786102,0.3417460718235585,0.0,0.0,2
2.21,PINN Vanilla,0.2512753273844721,0.002444111267531316,0.0010528092984874208,0.0027451710147863295,0.08818358182907104,0.42927345633506775,0.682183101773262,0.3410928545742292,0.0,0.0,2
2.215,PINN Vanilla,0.25127482938021445,0.0024421245168197397,0.0010476971148223907,0.002725605653171717,0.08844605833292007,0.4288840889930725,0.6808788627386093,0.34044073256443386,0.0,0.0,2
2.22,PINN Vanilla,0.25127431859821103,0.0024400867902478747,0.001042624335160031,0.00270603447144481,0.08870791643857956,0.42849570512771606,0.6795767769217491,0.3397896871676496,0.0,0.0,2
2.225,PINN Vanilla,0.2511846838928759,0.0020824958422479686,0.0010375589489980458,0.002686578451027169,0.08896983414888382,0.4281085729598999,0.6782781854271889,0.3391403889386932,0.0,0.0,2
2.23,PINN Vanilla,0.2512732518911364,0.0024358312422140672,0.0010325165260569706,0.0026670996737021,0.08923120051622391,0.4277224540710449,0.6769814640283585,0.3384920257611756,0.0,0.0,2
2.235,PINN Vanilla,0.2512727076336744,0.0024336599678055635,0.0010275028662663553,0.002647959009967213,0.08949226886034012,0.427337646484375,0.6756885498762131,0.3378455662142763,0.0,0.0,2
2.24,PINN Vanilla,0.25127215394377733,0.0024314510634036225,0.0010225075481069576,0.0026287081319143757,0.08975338190793991,0.42695361375808716,0.6743971109390259,0.3371998442776753,0.0,0.0,2
2.245,PINN Vanilla,0.25127157000452305,0.0024291214814550566,0.0010175193115358415,0.002609400878783516,0.09001430869102478,0.4265710115432739,0.6731086224317551,0.33655559756167097,0.0,0.0,2
2.25,PINN Vanilla,0.25127098260819936,0.0024267781077868386,0.0010125643790279786,0.002590617663744424,0.09027493000030518,0.4261893630027771,0.6718228906393051,0.33591272920834525,0.0,0.0,2
2.255,PINN Vanilla,0.2512703853696587,0.0024243954693306206,0.0010076352845736181,0.0025716394567795453,0.09053541719913483,0.42580917477607727,0.670540489256382,0.3352715260661476,0.0,0.0,2
2.2600000000000002,PINN Vanilla,0.25126978355646157,0.0024219945806249715,0.0010027173578961753,0.0025526176539911877,0.09079548716545105,0.4254296123981476,0.6692598462104797,0.3346312020958206,0.0,0.0,2
2.265,PINN Vanilla,0.2512691658884289,0.002419530440239568,0.0009978307753784543,0.002533668815341672,0.0910554826259613,0.42505142092704773,0.6679819822311401,0.33399226766408585,0.0,0.0,2
2.27,PINN Vanilla,0.25126852902025004,0.002416989702308002,0.0009929642642910268,0.002514762119019673,0.09131517261266708,0.42467445135116577,0.6667074710130692,0.33335500961939274,0.0,0.0,2
2.275,PINN Vanilla,0.2512678907737138,0.0024144434655228647,0.0009881208172022333,0.0024960104765165553,0.09157449752092361,0.42429861426353455,0.6654355749487877,0.3327190591565921,0.0,0.0,2
2.2800000000000002,PINN Vanilla,0.25126724142581247,0.0024118529406725506,0.0009832927941312967,0.002477284340611577,0.0918339267373085,0.42392393946647644,0.6641658544540405,0.3320841964827162,0.0,0.0,2
2.285,PINN Vanilla,0.25126656376570483,0.0024091494663942945,0.0009784896606841727,0.002458754164887847,0.09209311753511429,0.423550009727478,0.6628982275724411,0.33145038061941523,0.0,0.0,2
2.29,PINN Vanilla,0.2512658806368711,0.0024064241750426504,0.0009737066850852864,0.002440071263063337,0.09235169738531113,0.42317718267440796,0.6616340205073357,0.33081827467089664,0.0,0.0,2
2.295,PINN Vanilla,0.2512651921883228,0.002403677661087724,0.0009689532795013424,0.0024216543412966113,0.0926104485988617,0.42280587553977966,0.6603721007704735,0.3301873123908709,0.0,0.0,2
2.3000000000000003,PINN Vanilla,0.2512644823789599,0.0024008459297619076,0.0009642126770185456,0.0024030727223231657,0.09286853671073914,0.42243531346321106,0.6591136083006859,0.32955806375093216,0.0,0.0,2
2.305,PINN Vanilla,0.25126377496868396,0.002398023769414051,0.0009595070988834358,0.0023846865963734337,0.09312696754932404,0.42206570506095886,0.6578560024499893,0.3289292584222333,0.0,0.0,2
2.31,PINN Vanilla,0.251263048052788,0.002395123792854898,0.0009548169491435273,0.0023666770631883965,0.09338492155075073,0.421697199344635,0.6566014662384987,0.32830198791900367,0.0,0.0,2
2.315,PINN Vanilla,0.251262317247689,0.0023922083006114128,0.0009501707079998206,0.0023481810882515497,0.09364237636327744,0.4213298559188843,0.6553502306342125,0.32767636772568387,0.0,0.0,2
2.32,PINN Vanilla,0.251261564075947,0.0023892035783198377,0.0009455186699933218,0.002329922007049748,0.09389989078044891,0.42096346616744995,0.6541007682681084,0.32705163415484384,0.0,0.0,2
2.325,PINN Vanilla,0.2512608018964531,0.002386162920276133,0.0009409108786023594,0.002311982813118979,0.09415698051452637,0.4205981194972992,0.6528545841574669,0.32642853971800007,0.0,0.0,2
2.33,PINN Vanilla,0.25126003406941916,0.002383099731794116,0.0009363250396086966,0.0022937911474433387,0.09441394358873367,0.4202338457107544,0.6516100317239761,0.3258062611228499,0.0,0.0,2
2.335,PINN Vanilla,0.2512592607215049,0.0023800145181733325,0.0009317632928052811,0.00227580281494863,0.09467083215713501,0.41987043619155884,0.6503680720925331,0.32518527893367855,0.0,0.0,2
2.34,PINN Vanilla,0.2512584633752706,0.0023768335650509106,0.0009272266221385246,0.0022580976928050223,0.09492716938257217,0.4195083677768707,0.6491296216845512,0.3245660513629441,0.0,0.0,2
2.345,PINN Vanilla,0.25125766403228067,0.002373644646021498,0.0009227197457542194,0.002240239169021191,0.09518343955278397,0.41914722323417664,0.6478931978344917,0.32394783707504365,0.0,0.0,2
2.35,PINN Vanilla,0.2512568495199087,0.002370395209877652,0.0009182264466161921,0.0022223543864762357,0.0954393520951271,0.41878682374954224,0.6466589421033859,0.3233307068507635,0.0,0.0,2
2.355,PINN Vanilla,0.2512560316473248,0.0023671323684199886,0.0009137710069388605,0.0022046977073207213,0.09569519013166428,0.4184279143810272,0.645427517592907,0.32271499224220734,0.0,0.0,2
2.36,PINN Vanilla,0.25125518765300536,0.002363765316253486,0.0009093353768574422,0.002187005534183717,0.09595072269439697,0.41806933283805847,0.6441979557275772,0.3221002089597854,0.0,0.0,2
2.365,PINN Vanilla,0.2512543506994846,0.002360426352826276,0.0009049333118309809,0.0021695219304321417,0.09620606154203415,0.41771239042282104,0.6429716646671295,0.3214870610860552,0.0,0.0,2
2.37,PINN Vanilla,0.25125349558889887,0.002357014953147409,0.0009005535713350282,0.0021521063029614207,0.09646110236644745,0.41735604405403137,0.6417468413710594,0.3208746470973187,0.0,0.0,2
2.375,PINN Vanilla,0.2512526231035592,0.0023535342381882612,0.0008961910571173499,0.0021344430316194013,0.09671583771705627,0.4170008897781372,0.6405254974961281,0.32026397282580105,0.0,0.0,2
2.38,PINN Vanilla,0.2512517586871984,0.002350085713816167,0.0008918857551437025,0.0021172336207184034,0.09697037190198898,0.41664648056030273,0.6393057256937027,0.3196540845935406,0.0,0.0,2
2.3850000000000002,PINN Vanilla,0.25125086066871904,0.002346503136307224,0.0008875766646274467,0.002099893630770955,0.09722472727298737,0.4162936508655548,0.6380900740623474,0.3190462564546891,0.0,0.0,2
2.39,PINN Vanilla,0.2512499737069013,0.0023429646685221156,0.0008833105244372102,0.002082560937856734,0.0974787175655365,0.4159412086009979,0.6368748694658279,0.3184386518341098,0.0,0.0,2
2.395,PINN Vanilla,0.2512490719631317,0.0023393672292465768,0.0008790746483776628,0.0020655573650099762,0.09773275256156921,0.41558998823165894,0.6356633678078651,0.31783289868988535,0.0,0.0,2
2.4,PINN Vanilla,0.2512481582090261,0.0023357218756344957,0.0008748695454619702,0.002048464624267457,0.0979863628745079,0.41523951292037964,0.6344529911875725,0.31722770806664596,0.0,0.0,2
2.4050000000000002,PINN Vanilla,0.2512472321018579,0.002332027240403876,0.0008706851522756768,0.002031412421876516,0.09823960065841675,0.41489002108573914,0.6332459449768066,0.31662418265453457,0.0,0.0,2
2.41,PINN Vanilla,0.2512462975084784,0.0023282987500682687,0.0008665340175195727,0.0020145393010236323,0.09849271923303604,0.41454169154167175,0.6320411562919617,0.3160217860096979,0.0,0.0,2
2.415,PINN Vanilla,0.2512453543767335,0.0023245361965631805,0.0008624024004438186,0.0019976451657800764,0.09874546527862549,0.414194256067276,0.6308386474847794,0.3154205293080495,0.0,0.0,2
2.42,PINN Vanilla,0.2512444107532503,0.002320771681304883,0.0008583289356227335,0.001980967861080221,0.09899844229221344,0.4138481914997101,0.6296389400959015,0.31482067332090696,0.0,0.0,2
2.4250000000000003,PINN Vanilla,0.2512434406355026,0.0023169014691611528,0.0008542568250513194,0.001964087145329127,0.09925051778554916,0.41350266337394714,0.6284420564770699,0.3142222292241839,0.0,0.0,2
2.43,PINN Vanilla,0.2512424693703654,0.0023130266795930465,0.0008502279795666225,0.0019475576298150776,0.09950269758701324,0.4131584167480469,0.6272476613521576,0.31362502937917625,0.0,0.0,2
2.435,PINN Vanilla,0.25124149265140316,0.002309130132398297,0.0008462266631092553,0.0019309658068998037,0.09975457191467285,0.4128149151802063,0.6260548308491707,0.31302861184812125,0.0,0.0,2
2.44,PINN Vanilla,0.25124050419032595,0.002305186740914613,0.0008422626758177188,0.0019143126179482078,0.10000608116388321,0.41247260570526123,0.6248654127120972,0.31243390050654424,0.0,0.0,2
2.445,PINN Vanilla,0.2512395025938752,0.002301190946841235,0.000838319674054669,0.0018978048996477342,0.10025746375322342,0.41213107109069824,0.6236780136823654,0.3118401987224967,0.0,0.0,2
2.45,PINN Vanilla,0.25123849786072994,0.002297182639160084,0.0008344211917548595,0.0018817399778048999,0.10050853341817856,0.41179049015045166,0.6224929168820381,0.31124764805755106,0.0,0.0,2
2.455,PINN Vanilla,0.2512374717816713,0.002293089173555009,0.0008305367074135719,0.0018650132273881487,0.10075924545526505,0.4114506244659424,0.6213101670145988,0.31065627086353453,0.0,0.0,2
2.46,PINN Vanilla,0.25123646323382876,0.0022890656474245786,0.0008267131378818727,0.0018487729175426515,0.10101006180047989,0.4111120402812958,0.6201288923621178,0.31006563127981634,0.0,0.0,2
2.465,PINN Vanilla,0.2512354305684569,0.0022849459062158936,0.0008228998800201083,0.0018327142218847597,0.10126056522130966,0.41077402234077454,0.6189505755901337,0.3094764706419993,0.0,0.0,2
2.47,PINN Vanilla,0.2512343846932056,0.0022807734651820186,0.0008191253286058964,0.0018166527461317,0.10151059180498123,0.41043704748153687,0.61777463555336,0.30888849837632953,0.0,0.0,2
2.475,PINN Vanilla,0.25123333387821933,0.00227658131744527,0.0008153874328822361,0.0018005913048825262,0.10176042467355728,0.4101012945175171,0.6166018024086952,0.30830207956265165,0.0,0.0,2
2.48,PINN Vanilla,0.25123227014392635,0.002272337629101278,0.000811678337780629,0.0017846077261297055,0.10201001167297363,0.4097658693790436,0.6154299303889275,0.30771614131325903,0.0,0.0,2
2.485,PINN Vanilla,0.2512312096282842,0.0022681067813239276,0.0008080106650506754,0.0017687952209769348,0.10225923359394073,0.4094316065311432,0.6142612025141716,0.307131775142381,0.0,0.0,2
2.49,PINN Vanilla,0.25123013808578276,0.0022638319427166747,0.000804378876118155,0.001752654256941391,0.10250844806432724,0.4090982675552368,0.6130942329764366,0.30654828814337365,0.0,0.0,2
2.495,PINN Vanilla,0.2512290516048672,0.002259497508424406,0.0008007715387804126,0.0017369323221772537,0.10275723040103912,0.40876585245132446,0.6119300052523613,0.3059661720564359,0.0,0.0,2
2.5,PINN Vanilla,0.2512279637753966,0.0022551576941727196,0.0007972120362568335,0.00172127198630935,0.10300588607788086,0.40843436121940613,0.6107683032751083,0.3053853188477361,0.0,0.0,2
2.505,PINN Vanilla,0.2512268747687342,0.0022508131836025025,0.000793685352018334,0.0017055175283769847,0.1032540574669838,0.40810370445251465,0.6096089482307434,0.30480563910996555,0.0,0.0,2
2.5100000000000002,PINN Vanilla,0.25122576802223945,0.002246397901299006,0.0007901893274840414,0.0016902783611247585,0.10350221395492554,0.4077739417552948,0.6084513664245605,0.3042268459946747,0.0,0.0,2
2.515,PINN Vanilla,0.25122465015202783,0.0022419382417595514,0.0007867307910978264,0.0016745541768464767,0.10374976694583893,0.4074450135231018,0.6072963252663612,0.30364932320823096,0.0,0.0,2
2.52,PINN Vanilla,0.25122353681921983,0.0022374966838522234,0.0007833207025322657,0.0016592950713587712,0.10399743169546127,0.40711700916290283,0.6061432808637619,0.3030727988034031,0.0,0.0,2
2.525,PINN Vanilla,0.2512224129289391,0.002233013007697642,0.0007799347345457467,0.0016437545964532313,0.10424479842185974,0.4067898094654083,0.6049925461411476,0.30249742924298173,0.0,0.0,2
2.5300000000000002,PINN Vanilla,0.25122127573192143,0.0022284762453120364,0.0007765937482220214,0.0016285531690107269,0.10449214279651642,0.4064635932445526,0.6038437634706497,0.30192303571234896,0.0,0.0,2
2.535,PINN Vanilla,0.2512201264128091,0.002223891122737088,0.0007732806587489665,0.0016132121591869997,0.10473846644163132,0.4061383605003357,0.6026993915438652,0.3013508475620021,0.0,0.0,2
2.54,PINN Vanilla,0.25121898318827174,0.0022193303140127614,0.0007700170793839866,0.0015983254569485877,0.10498526692390442,0.4058134853839874,0.6015540733933449,0.30077818629797903,0.0,0.0,2
2.545,PINN Vanilla,0.2512178348302843,0.002214749025773671,0.0007667911080899517,0.0015832227472909466,0.10523127764463425,0.4054900109767914,0.6004134863615036,0.3002078906023369,0.0,0.0,2
2.5500000000000003,PINN Vanilla,0.2512166627421977,0.002210073068080107,0.0007635942064053409,0.0015680484705584696,0.10547739267349243,0.4051671326160431,0.5992734953761101,0.29963789293105775,0.0,0.0,2
2.555,PINN Vanilla,0.2512155029252174,0.002205446065046434,0.0007604536897641231,0.0015530054967302226,0.10572290420532227,0.4048451781272888,0.5981373190879822,0.29906980261570143,0.0,0.0,2
2.56,PINN Vanilla,0.25121432167291663,0.0022007335474063766,0.0007573340602477749,0.001538051584280331,0.10596847534179688,0.4045240581035614,0.5970021933317184,0.29850223756828487,0.0,0.0,2
2.565,PINN Vanilla,0.2512131439149382,0.0021960349701037186,0.0007542661025124522,0.0015233493397234371,0.10621379315853119,0.4042036235332489,0.5958692729473114,0.2979357752110112,0.0,0.0,2
2.57,PINN Vanilla,0.2512119561955335,0.002191296652436445,0.0007512374008225377,0.0015084117658289847,0.10645855963230133,0.4038843810558319,0.5947395041584969,0.2973708886575567,0.0,0.0,2
2.575,PINN Vanilla,0.2512107597962024,0.002186523706852514,0.0007482459538886513,0.0014940572285098153,0.10670315474271774,0.40356606245040894,0.5936121642589569,0.2968072165533812,0.0,0.0,2
2.58,PINN Vanilla,0.25120955766737485,0.002181727903871403,0.0007452994875884933,0.0014793846020460522,0.10694772750139236,0.4032484292984009,0.5924858972430229,0.296244080893059,0.0,0.0,2
2.585,PINN Vanilla,0.25120835250616097,0.0021769200034119475,0.00074239534425109,0.0014732103511296835,0.10719187557697296,0.40293169021606445,0.5913629978895187,0.2956826290703875,0.0,0.0,2
2.59,PINN Vanilla,0.25120714233070635,0.002172092099014343,0.0007395281859257204,0.001474253684596083,0.10743595659732819,0.40261584520339966,0.5902412906289101,0.2951217732964419,0.0,0.0,2
2.595,PINN Vanilla,0.25120592223852894,0.0021672246325934656,0.0007367014233938204,0.0014755220217117504,0.10767937451601028,0.4023003876209259,0.5891221985220909,0.2945622251043888,0.0,0.0,2
2.6,PINN Vanilla,0.2512047018259766,0.0021623558880607087,0.0007339307197709493,0.0014766934725732317,0.10792271792888641,0.40198642015457153,0.588005930185318,0.2940040888027551,0.0,0.0,2
2.605,PINN Vanilla,0.251203467898071,0.0021574332250378493,0.0007311909341380129,0.001477895928512496,0.10816582292318344,0.401672899723053,0.5868911892175674,0.2934467161885515,0.0,0.0,2
2.61,PINN Vanilla,0.2512022348418834,0.0021525140396686073,0.0007284949220972418,0.0014787316444482834,0.1084086149930954,0.401360422372818,0.5857792869210243,0.2928907629153765,0.0,0.0,2
2.615,PINN Vanilla,0.2512009911313655,0.0021475523496460565,0.0007258428068076748,0.0014797890981602113,0.10865139961242676,0.40104833245277405,0.5846680030226707,0.29233511884247804,0.0,0.0,2
2.62,PINN Vanilla,0.251199750415981,0.0021426026084841025,0.0007232449246039693,0.0014806580696650196,0.10889340192079544,0.40073761343955994,0.583561085164547,0.2917816577980382,0.0,0.0,2
2.625,PINN Vanilla,0.25119849918037673,0.002137610897692643,0.0007206797620117444,0.001481344160919107,0.10913551598787308,0.40042731165885925,0.5824547335505486,0.29122847987674316,0.0,0.0,2
2.63,PINN Vanilla,0.2511972389072182,0.0021325831322549,0.0007181575160415139,0.0014821958581338612,0.10937725752592087,0.40011778473854065,0.5813510939478874,0.2906766579662996,0.0,0.0,2
2.6350000000000002,PINN Vanilla,0.2511959716454151,0.0021275274861427998,0.0007156811504863495,0.001482852906071641,0.10961882025003433,0.39980921149253845,0.5802491903305054,0.2901257040518131,0.0,0.0,2
2.64,PINN Vanilla,0.2511947129517796,0.0021225060220941127,0.0007132584943574962,0.0014837385718313723,0.10985970497131348,0.3995015621185303,0.5791507139801979,0.2895764637774136,0.0,0.0,2
2.645,PINN Vanilla,0.2511934476792815,0.002117458312165409,0.0007108760580395265,0.001484393921135918,0.11010083556175232,0.3991944491863251,0.5780526697635651,0.2890274395706772,0.0,0.0,2
2.65,PINN Vanilla,0.2511921633034947,0.0021123343910963775,0.0007085351458389636,0.0014847812035543306,0.11034158617258072,0.39888837933540344,0.5769578590989113,0.2884800321461099,0.0,0.0,2
2.6550000000000002,PINN Vanilla,0.2511908865198495,0.002107240758307935,0.0007062417095507713,0.0014854719613176526,0.11058191955089569,0.3985828757286072,0.5758647099137306,0.28793345546445426,0.0,0.0,2
2.66,PINN Vanilla,0.2511895960941913,0.0021020927017296226,0.0007039932667334424,0.00148583489941978,0.11082229763269424,0.39827805757522583,0.5747727602720261,0.2873874785568291,0.0,0.0,2
2.665,PINN Vanilla,0.25118831493705535,0.0020969816212272328,0.0007017955551319927,0.0014860761795885136,0.1110619604587555,0.3979742228984833,0.5736849382519722,0.2868435654679174,0.0,0.0,2
2.67,PINN Vanilla,0.2511870144158604,0.0020917932892607224,0.0006996430342322191,0.0014863478992515056,0.1113017201423645,0.3976712226867676,0.5725978165864944,0.2863000025576321,0.0,0.0,2
2.6750000000000003,PINN Vanilla,0.25118571621179603,0.0020866142013133034,0.0006975287287816058,0.001486916351083667,0.11154088377952576,0.3973689675331116,0.5715137869119644,0.2857579856487297,0.0,0.0,2
2.68,PINN Vanilla,0.2511844133585694,0.002081416565880957,0.0006954702447606982,0.0014869011773893659,0.11178003996610641,0.3970673978328705,0.5704315975308418,0.28521688889004787,0.0,0.0,2
2.685,PINN Vanilla,0.25118310951441547,0.002076214977218377,0.0006934565250093625,0.001487063255055765,0.1120186522603035,0.39676633477211,0.5693507194519043,0.28467644778496454,0.0,0.0,2
2.69,PINN Vanilla,0.2511817950457337,0.002070971002797084,0.0006914878393024541,0.0014873556581271319,0.11225731670856476,0.39646655321121216,0.5682724341750145,0.28413730308586005,0.0,0.0,2
2.695,PINN Vanilla,0.2511804880872371,0.0020657569896975125,0.0006895744032835052,0.0014872505192584096,0.11249566823244095,0.3961673080921173,0.5671958476305008,0.28359900775619,0.0,0.0,2
2.7,PINN Vanilla,0.2511791735365989,0.002060512688317352,0.0006877050155332956,0.0014875406990196849,0.11273383349180222,0.39586883783340454,0.5661215260624886,0.28306184491909914,0.0,0.0,2
2.705,PINN Vanilla,0.251177847824991,0.002055223861083706,0.0006858800939968945,0.0014874916840636465,0.11297139525413513,0.39557087421417236,0.5650495067238808,0.28252583320111024,0.0,0.0,2
2.71,PINN Vanilla,0.25117651455104373,0.0020499048644634045,0.0006840987224614445,0.0014874368937615179,0.11320871859788895,0.3952740430831909,0.5639798045158386,0.28199098005283224,0.0,0.0,2
2.715,PINN Vanilla,0.25117519913613817,0.0020446571151532204,0.0006823736598495998,0.0014871074977472198,0.11344590038061142,0.3949776589870453,0.5629113167524338,0.2814567341291938,0.0,0.0,2
2.72,PINN Vanilla,0.25117386114597345,0.0020393193035363106,0.0006806986272884434,0.0014868746413669864,0.11368290334939957,0.39468228816986084,0.561845526099205,0.28092383676579774,0.0,0.0,2
2.725,PINN Vanilla,0.25117252911627314,0.0020340052707459983,0.0006790687296570562,0.0014867215098178233,0.11391930282115936,0.3943875730037689,0.5607824847102165,0.28039231403977577,0.0,0.0,2
2.73,PINN Vanilla,0.2511711900234225,0.0020286630600460545,0.0006774841802913951,0.0014864953612639953,0.11415568739175797,0.3940938711166382,0.5597212910652161,0.279861715189279,0.0,0.0,2
2.735,PINN Vanilla,0.2511698551177981,0.0020233375539719825,0.0006759466278888397,0.0014859870219577354,0.11439201235771179,0.39380040764808655,0.558660663664341,0.279331399461927,0.0,0.0,2
2.74,PINN Vanilla,0.2511684969067576,0.002017919072684523,0.0006744556939619833,0.0014857621856881886,0.1146276667714119,0.3935081660747528,0.5576036870479584,0.27880290913379807,0.0,0.0,2
2.745,PINN Vanilla,0.2511671644747259,0.0020126034348234632,0.0006730325816391884,0.0014853136697269842,0.11486325412988663,0.3932165801525116,0.5565483644604683,0.27827524582327634,0.0,0.0,2
2.75,PINN Vanilla,0.2511658130735161,0.0020072121208458797,0.00067164445526868,0.001484968763395711,0.11509830504655838,0.3929257094860077,0.5554958134889603,0.27774896832604234,0.0,0.0,2
2.755,PINN Vanilla,0.2511644549518826,0.0020017939962411035,0.0006703024635170275,0.001484428914199365,0.11533340066671371,0.39263585209846497,0.5544446408748627,0.2772233800101477,0.0,0.0,2
2.7600000000000002,PINN Vanilla,0.2511631066799166,0.001996415166147478,0.0006690170680000722,0.0014838647851438402,0.11556824296712875,0.3923463523387909,0.5533950924873352,0.2766986038106421,0.0,0.0,2
2.765,PINN Vanilla,0.2511617428660395,0.0019909743327628264,0.0006677656495326583,0.0014831497347091993,0.11580237746238708,0.39205724000930786,0.5523475110530853,0.27617481109153424,0.0,0.0,2
2.77,PINN Vanilla,0.2511603850424292,0.001985557397099369,0.0006665730019510066,0.0014824594531572255,0.11603661626577377,0.39176931977272034,0.5513022691011429,0.2756521881180509,0.0,0.0,2
2.775,PINN Vanilla,0.251159018032253,0.001980103812318636,0.0006654313101667296,0.0014816806499889368,0.11627043038606644,0.3914821147918701,0.5502592697739601,0.2751306864612333,0.0,0.0,2
2.7800000000000002,PINN Vanilla,0.25115766187757277,0.0019746935347266965,0.0006643396217108919,0.0014809148277604156,0.11650412529706955,0.3911956250667572,0.5492182075977325,0.2746101533835952,0.0,0.0,2
2.785,PINN Vanilla,0.2511562964022162,0.001969246072994121,0.0006632970120834766,0.0014801606050501848,0.11673720926046371,0.39090967178344727,0.5481795892119408,0.27409084220584523,0.0,0.0,2
2.79,PINN Vanilla,0.25115492653101706,0.0019637810743765947,0.0006622998522621911,0.0014793711849942492,0.11697034537792206,0.39062440395355225,0.5471415743231773,0.27357183277776276,0.0,0.0,2
2.795,PINN Vanilla,0.25115356326103233,0.0019583424108098667,0.0006613623562215436,0.0014784549317611306,0.11720288544893265,0.39034003019332886,0.5461068600416183,0.2730544736595901,0.0,0.0,2
2.8000000000000003,PINN Vanilla,0.2511521861404183,0.0019528484911941909,0.0006604489107495654,0.0014776248367578404,0.1174355298280716,0.39005640149116516,0.5450736433267593,0.27253786332762947,0.0,0.0,2
2.805,PINN Vanilla,0.2511508117467167,0.001947365450391726,0.000659606525520488,0.001476598187307332,0.11766763031482697,0.3897733688354492,0.5440429002046585,0.272022489796775,0.0,0.0,2
2.81,PINN Vanilla,0.2511494423896077,0.0019419025026981907,0.0006588058026129383,0.0014755321871319227,0.11789954453706741,0.38949108123779297,0.5430133491754532,0.27150771231464643,0.0,0.0,2
2.815,PINN Vanilla,0.25114806555211566,0.001936409712576646,0.000658049267374586,0.0014746319678389241,0.11813091486692429,0.38920965790748596,0.5419870465993881,0.270994559065296,0.0,0.0,2
2.82,PINN Vanilla,0.2511466831639411,0.0019308947784226235,0.0006573393901182814,0.0014734513659084847,0.11836221814155579,0.38892850279808044,0.5409617871046066,0.27048192735858073,0.0,0.0,2
2.825,PINN Vanilla,0.25114530146122,0.0019253825788337008,0.0006566814362227284,0.0014725064311501557,0.11859321594238281,0.38864821195602417,0.539938397705555,0.2699702307033042,0.0,0.0,2
2.83,PINN Vanilla,0.2511439220085742,0.0019198793557519674,0.0006560705700208483,0.0014714391430910578,0.11882384866476059,0.38836848735809326,0.5389168933033943,0.2694594765500755,0.0,0.0,2
2.835,PINN Vanilla,0.2511425359249117,0.001914349678725282,0.0006555074221186814,0.0014700589098886607,0.11905447393655777,0.388089656829834,0.537897378206253,0.26894971705315823,0.0,0.0,2
2.84,PINN Vanilla,0.25114116027206207,0.0019088616146458615,0.0006549984235704041,0.0014688815578015602,0.11928485333919525,0.3878115117549896,0.5368799045681953,0.268440978289684,0.0,0.0,2
2.845,PINN Vanilla,0.2511397733911874,0.0019033287572010542,0.0006545306009525121,0.0014674762342068437,0.11951480805873871,0.38753387331962585,0.5358637124300003,0.26793288027859014,0.0,0.0,2
2.85,PINN Vanilla,0.2511383860334756,0.001897793997450004,0.0006541107150640161,0.0014663893145930307,0.1197446957230568,0.38725730776786804,0.5348503813147545,0.26742621278443846,0.0,0.0,2
2.855,PINN Vanilla,0.2511370008513334,0.0018922679169710904,0.0006537370432001612,0.001465086441043817,0.1199740394949913,0.3869810104370117,0.533838078379631,0.26692005938231284,0.0,0.0,2
2.86,PINN Vanilla,0.2511356083750727,0.0018867127371524637,0.0006534061746433957,0.001463538532280595,0.12020295858383179,0.3867054879665375,0.5328289270401001,0.26641548178400637,0.0,0.0,2
2.865,PINN Vanilla,0.25113422875106356,0.0018812088304294,0.0006531277835482186,0.00146234857912525,0.12043187022209167,0.3864307105541229,0.5318212136626244,0.26591162316947553,0.0,0.0,2
2.87,PINN Vanilla,0.2511328446194532,0.0018756869409685853,0.0006529005784273794,0.0014609566127670726,0.12066047638654709,0.38615643978118896,0.530814878642559,0.26540845373628397,0.0,0.0,2
2.875,PINN Vanilla,0.25113145957142136,0.0018701613955130324,0.000652713227521913,0.0014592751132164739,0.12088865786790848,0.3858831226825714,0.5298113822937012,0.26490670364412106,0.0,0.0,2
2.88,PINN Vanilla,0.2511300606802108,0.0018645806237321259,0.0006525641071555467,0.001458170535536707,0.12111659348011017,0.38561010360717773,0.5288090854883194,0.26440555332598853,0.0,0.0,2
2.8850000000000002,PINN Vanilla,0.2511286769509318,0.0018590603393420582,0.0006524667318490028,0.001456329705797621,0.12134452909231186,0.38533815741539,0.5278086215257645,0.26390531943277207,0.0,0.0,2
2.89,PINN Vanilla,0.25112728675454876,0.001853514254924775,0.0006524157604418443,0.001454945370655325,0.121571846306324,0.38506650924682617,0.5268107429146767,0.26340637822022994,0.0,0.0,2
2.895,PINN Vanilla,0.25112589567899724,0.0018479646631305018,0.0006524135304823587,0.0014532775542799858,0.12179917097091675,0.38479575514793396,0.5258141234517097,0.26290806658415455,0.0,0.0,2
2.9,PINN Vanilla,0.25112450192123675,0.0018424043708643594,0.0006524455701711782,0.001451680177615322,0.12202582508325577,0.3845258057117462,0.5248206406831741,0.2624113233012892,0.0,0.0,2
2.9050000000000002,PINN Vanilla,0.25112310905754587,0.0018368476454219517,0.0006525237704750498,0.001450121987036923,0.12225253880023956,0.3842564821243286,0.5238273739814758,0.2619146880522554,0.0,0.0,2
2.91,PINN Vanilla,0.25112172720581316,0.0018313348513624805,0.000652645448755985,0.0014485096203289416,0.12247900664806366,0.383987694978714,0.522836796939373,0.26141939763815947,0.0,0.0,2
2.915,PINN Vanilla,0.2511203402876856,0.0018258018452999253,0.0006528158783395459,0.0014468293031857926,0.12270510196685791,0.3837195038795471,0.5218480005860329,0.2609249975718478,0.0,0.0,2
2.92,PINN Vanilla,0.25111894866079115,0.0018202500539643562,0.0006530286191488835,0.0014453020401377081,0.12293078005313873,0.3834521174430847,0.5208616480231285,0.26043181940542426,0.0,0.0,2
2.9250000000000003,PINN Vanilla,0.25111756859719775,0.0018147443935527974,0.0006532884326799579,0.001443531117320651,0.12315614521503448,0.38318538665771484,0.5198771208524704,0.2599395539386123,0.0,0.0,2
2.93,PINN Vanilla,0.25111617463827157,0.0018091832987511707,0.0006535742983306523,0.0014416085826206015,0.12338156998157501,0.3829188644886017,0.5188930779695511,0.2594475306165952,0.0,0.0,2
2.935,PINN Vanilla,0.25111478520184777,0.0018036402461342614,0.0006539124740480447,0.0014398030308263032,0.12360656261444092,0.3826535642147064,0.5179117023944855,0.25895684095360233,0.0,0.0,2
2.94,PINN Vanilla,0.2511133975461128,0.001798104297442114,0.0006542901705880494,0.0014381648881637288,0.12383120507001877,0.3823886513710022,0.5169328898191452,0.25846743279537016,0.0,0.0,2
2.945,PINN Vanilla,0.251112007275224,0.0017925579157895566,0.0006547102306265918,0.0014364900672766967,0.12405559420585632,0.38212427496910095,0.5159550532698631,0.2579785126520323,0.0,0.0,2
2.95,PINN Vanilla,0.25111062829941533,0.0017870565950138446,0.0006551606621408843,0.0014344754502753632,0.1242796778678894,0.38186073303222656,0.5149793028831482,0.2574906355939648,0.0,0.0,2
2.955,PINN Vanilla,0.2511092427745464,0.0017815291472522703,0.0006556692893636379,0.0014329255586938983,0.12450340390205383,0.3815977871417999,0.5140057057142258,0.25700383514890845,0.0,0.0,2
2.96,PINN Vanilla,0.25110785608738684,0.0017759970626193536,0.0006562060236690854,0.0014309461854998262,0.12472706288099289,0.3813353180885315,0.5130333602428436,0.2565176605550143,0.0,0.0,2
2.965,PINN Vanilla,0.2511064690351488,0.001770463521533216,0.0006567801493023737,0.001429014034257714,0.12495040893554688,0.38107332587242126,0.5120627284049988,0.25603234278116366,0.0,0.0,2
2.97,PINN Vanilla,0.2511050897985699,0.0017649611604339333,0.0006573993849308206,0.0014270693704617199,0.1251731663942337,0.38081246614456177,0.5110953003168106,0.2555486268882639,0.0,0.0,2
2.975,PINN Vanilla,0.25110370899736906,0.0017594525573927822,0.0006580523548382852,0.001425366785916815,0.12539613246917725,0.3805519640445709,0.5101283639669418,0.25506515686546355,0.0,0.0,2
2.98,PINN Vanilla,0.25110232478380223,0.0017539303409728777,0.0006587366825222367,0.0014236060954639917,0.12561827898025513,0.38029199838638306,0.5091637820005417,0.2545828640388969,0.0,0.0,2
2.985,PINN Vanilla,0.25110094448924086,0.0017484237591319021,0.0006594731244319332,0.0014214369461276744,0.12584035098552704,0.38003265857696533,0.5082012265920639,0.25410158449516423,0.0,0.0,2
2.99,PINN Vanilla,0.2510995705872776,0.0017429426800826464,0.0006602372463192378,0.0014196017260310057,0.1260620653629303,0.3797740042209625,0.50723996758461,0.253620953154421,0.0,0.0,2
2.995,PINN Vanilla,0.25109818992018723,0.0017374346120650776,0.0006610343194671045,0.0014176506408200007,0.12628360092639923,0.3795158267021179,0.5062804967164993,0.2531412158867667,0.0,0.0,2
3.0,PINN Vanilla,0.25109681683778784,0.001731956802604504,0.0006618630972640536,0.0014158692134049189,0.12650500237941742,0.37925854325294495,0.505323052406311,0.25266249190194634,0.0,0.0,2
3.005,PINN Vanilla,0.25109544625878355,0.001726488980251318,0.0006627410953257403,0.0014139337184495004,0.12672610580921173,0.3790014982223511,0.504366934299469,0.2521844310213336,0.0,0.0,2
3.0100000000000002,PINN Vanilla,0.25109406870603584,0.001720993336670741,0.0006636403952133946,0.0014120346185027,0.126946359872818,0.3787449896335602,0.5034136027097702,0.25170776340461765,0.0,0.0,2
3.015,PINN Vanilla,0.25109269800782225,0.0017155250387409391,0.0006645842030954314,0.00141011814176345,0.12716685235500336,0.3784894049167633,0.502461314201355,0.2512316173305369,0.0,0.0,2
3.02,PINN Vanilla,0.25109132391214395,0.0017100431868800144,0.0006655614180549332,0.0014082855962315732,0.12738709151744843,0.37823447585105896,0.5015107840299606,0.25075635042832684,0.0,0.0,2
3.025,PINN Vanilla,0.2510899613350632,0.0017046072876019797,0.0006665564469119704,0.0014062454433254046,0.1276068091392517,0.3779800534248352,0.5005625188350677,0.250282216018696,0.0,0.0,2
3.0300000000000002,PINN Vanilla,0.25108860316872617,0.0016991889846556404,0.0006675998533005941,0.0014044349360827213,0.12782657146453857,0.3777262270450592,0.4996159225702286,0.24980891607728142,0.0,0.0,2
3.035,PINN Vanilla,0.2510872263014319,0.001693696075640163,0.0006686678504314044,0.0014023826153995445,0.12804566323757172,0.3774726688861847,0.49867041409015656,0.24933616003032924,0.0,0.0,2
3.04,PINN Vanilla,0.25108587329089666,0.0016882983413793692,0.0006697787566714268,0.0014005146791561396,0.12826475501060486,0.37722036242485046,0.4977276176214218,0.2488647599942285,0.0,0.0,2
3.045,PINN Vanilla,0.2510845152586701,0.0016828805734568338,0.0006709090271276184,0.0013985999234332191,0.1284833550453186,0.37696802616119385,0.49678604304790497,0.2483939709080718,0.0,0.0,2
3.0500000000000003,PINN Vanilla,0.25108315455913566,0.001677452164509174,0.0006720631543700956,0.0013967945765231415,0.12870189547538757,0.3767165243625641,0.4958459734916687,0.24792393433343154,0.0,0.0,2
3.055,PINN Vanilla,0.2510817953646185,0.0016720297597152957,0.0006732616006429148,0.0013947279365622567,0.12892021238803864,0.37646543979644775,0.49490733444690704,0.2474546130172624,0.0,0.0,2
3.06,PINN Vanilla,0.2510804423093798,0.0016666318471133818,0.0006744845685683682,0.0013927895884226493,0.12913790345191956,0.37621521949768066,0.4939716160297394,0.2469867520204717,0.0,0.0,2
3.065,PINN Vanilla,0.25107909280061746,0.0016612480829133608,0.0006757215071866776,0.0013910988189670959,0.12935565412044525,0.37596556544303894,0.4930371195077896,0.2465195019736251,0.0,0.0,2
3.0700000000000003,PINN Vanilla,0.2510777399986985,0.0016558511809114237,0.0006770083872671872,0.0013892603314668017,0.12957292795181274,0.37571683526039124,0.49210546910762787,0.24605367499311157,0.0,0.0,2
3.075,PINN Vanilla,0.2510763924568894,0.0016504752637242395,0.0006783121552681133,0.001387398321035016,0.12979000806808472,0.37546810507774353,0.4911736249923706,0.24558775115468007,0.0,0.0,2
3.08,PINN Vanilla,0.25107504321634794,0.0016450925695713832,0.0006796405479700372,0.0013855940419068014,0.13000690937042236,0.37522032856941223,0.4902445375919342,0.24512320567892726,0.0,0.0,2
3.085,PINN Vanilla,0.25107370644807836,0.0016397596326136815,0.0006809962011982743,0.001383796045294483,0.13022315502166748,0.3749731183052063,0.4893180578947067,0.24465996405976234,0.0,0.0,2
3.09,PINN Vanilla,0.2510723632425072,0.0016344010145231396,0.00068238346841054,0.0013823571780851585,0.13043956458568573,0.3747260570526123,0.4883912205696106,0.24419654362597965,0.0,0.0,2
3.095,PINN Vanilla,0.2510710256397726,0.0016290647485297895,0.0006837936832214208,0.00138057015082238,0.13065537810325623,0.37447991967201233,0.48746807873249054,0.24373497094324728,0.0,0.0,2
3.1,PINN Vanilla,0.2510696920305493,0.0016237444143506427,0.0006852293299097542,0.001378994284067403,0.13087107241153717,0.37423431873321533,0.48654524981975555,0.24327355472330545,0.0,0.0,2
3.105,PINN Vanilla,0.25106835769116903,0.0016184211672650543,0.000686685969731596,0.0013770699501037265,0.13108651340007782,0.3739892542362213,0.48562440276145935,0.24281312943437044,0.0,0.0,2
3.11,PINN Vanilla,0.2510670273751023,0.0016131139708876019,0.00068816091714612,0.0013756157908910716,0.13130147755146027,0.3737446069717407,0.48470552265644073,0.24235368762583318,0.0,0.0,2
3.115,PINN Vanilla,0.2510656996071341,0.0016078169399586575,0.0006896695367687908,0.001373796596700505,0.1315164417028427,0.37350091338157654,0.4837888032197952,0.24189532615561163,0.0,0.0,2
3.12,PINN Vanilla,0.2510643808245661,0.0016025557556112828,0.0006912148105657523,0.0013723573136680267,0.13173115253448486,0.37325745820999146,0.48287248611450195,0.24143716585183506,0.0,0.0,2
3.125,PINN Vanilla,0.25106305888295194,0.0015972819684855748,0.0006927475612532216,0.001370778702791231,0.1319454163312912,0.37301430106163025,0.4819582551717758,0.24098004863332884,0.0,0.0,2
3.13,PINN Vanilla,0.25106172901392004,0.0015919765555202111,0.000694310932925976,0.0013692967152708624,0.13215918838977814,0.3727724850177765,0.4810473173856735,0.24052457799942792,0.0,0.0,2
3.1350000000000002,PINN Vanilla,0.2510604139119389,0.0015867300545985333,0.0006959102396995175,0.0013680292889916013,0.13237285614013672,0.3725305497646332,0.48013634979724884,0.24006909246430885,0.0,0.0,2
3.14,PINN Vanilla,0.25105910451710245,0.0015815063219034755,0.000697517861919868,0.0013666903328968805,0.13258635997772217,0.37228941917419434,0.47922754287719727,0.23961468726750548,0.0,0.0,2
3.145,PINN Vanilla,0.25105779843032383,0.0015762957864575212,0.0006991523462327205,0.0013654481964943121,0.13279926776885986,0.37204861640930176,0.47832047939300537,0.23916115379196376,0.0,0.0,2
3.15,PINN Vanilla,0.251056491956115,0.0015710837053877862,0.0007007995607536449,0.0013640223386267025,0.13301193714141846,0.37180861830711365,0.47741560637950897,0.2387087155559559,0.0,0.0,2
3.1550000000000002,PINN Vanilla,0.25105518303811575,0.0015658618749989713,0.0007024670588008384,0.0013627087581419839,0.1332244724035263,0.3715691566467285,0.4765124171972275,0.23825711923877338,0.0,0.0,2
3.16,PINN Vanilla,0.2510538856983187,0.0015606862349813546,0.0007041586278806635,0.0013618159067879665,0.13343694806098938,0.37133002281188965,0.4756089597940445,0.23780538881062752,0.0,0.0,2
3.165,PINN Vanilla,0.25105258925259133,0.0015555141617876944,0.0007058607398945519,0.0013605944304155848,0.1336488276720047,0.37109169363975525,0.47470952570438385,0.2373556700469316,0.0,0.0,2
3.17,PINN Vanilla,0.2510513027459385,0.0015503817397880895,0.0007075979661227712,0.0013597606175696497,0.13386040925979614,0.3708539307117462,0.4738112837076187,0.23690654733196156,0.0,0.0,2
3.1750000000000003,PINN Vanilla,0.25105000023543855,0.0015451854716381822,0.0007093273996602886,0.0013588036084943855,0.13407190144062042,0.37061625719070435,0.47291333973407745,0.23645757362917302,0.0,0.0,2
3.18,PINN Vanilla,0.2510487155467274,0.0015400603021808656,0.0007110849606745106,0.0013579924200893823,0.13428263366222382,0.37037965655326843,0.4720192104578018,0.23601050728230738,0.0,0.0,2
3.185,PINN Vanilla,0.25104743434488797,0.0015349490433371339,0.0007128691246235851,0.001357394558013536,0.13449378311634064,0.3701432943344116,0.47112439572811127,0.23556309820742435,0.0,0.0,2
3.19,PINN Vanilla,0.2510461491495373,0.0015298218526794206,0.0007146459887469637,0.0013567224928570099,0.1347043812274933,0.3699072301387787,0.47023236751556396,0.2351170823964381,0.0,0.0,2
3.1950000000000003,PINN Vanilla,0.2510448778420689,0.0015247500666884025,0.0007164525266595297,0.0013561025751412381,0.13491468131542206,0.36967232823371887,0.4693419933319092,0.23467189360305907,0.0,0.0,2
3.2,PINN Vanilla,0.2510435966998341,0.0015196390456329789,0.0007182649073302614,0.0013558069288202024,0.13512450456619263,0.369437575340271,0.46845296025276184,0.23422737536449667,0.0,0.0,2
3.205,PINN Vanilla,0.2510423325300219,0.0015145957347870883,0.000720095193365754,0.001355584592867498,0.135334312915802,0.36920344829559326,0.46756577491760254,0.23378378100145944,0.0,0.0,2
3.21,PINN Vanilla,0.25104105746746086,0.0015095089681350993,0.0007219324653709116,0.001355198530038959,0.13554364442825317,0.36896976828575134,0.4666806161403656,0.23334119992125624,0.0,0.0,2
3.215,PINN Vanilla,0.2510398056805136,0.0015045150578021228,0.000723790246712567,0.001355172384489789,0.13575273752212524,0.3687368333339691,0.4657971262931824,0.23289945330926928,0.0,0.0,2
3.22,PINN Vanilla,0.25103853787481806,0.0014994572418718774,0.0007256637608418922,0.00135497441615956,0.1359618902206421,0.36850419640541077,0.4649137705564499,0.23245777375276402,0.0,0.0,2
3.225,PINN Vanilla,0.2510372847020628,0.0014944578029617353,0.0007275406206282303,0.001355138454406546,0.13617049157619476,0.36827197670936584,0.464032918214798,0.23201734589858317,0.0,0.0,2
3.23,PINN Vanilla,0.25103603892028353,0.001489487849796919,0.0007294300024629767,0.0013554150805408782,0.13637873530387878,0.3680405914783478,0.4631541222333908,0.23157794622845448,0.0,0.0,2
3.235,PINN Vanilla,0.25103478731215023,0.0014844946528288668,0.0007313409039338467,0.0013556856089920188,0.13658685982227325,0.3678094446659088,0.46227654814720154,0.23113915750826985,0.0,0.0,2
3.24,PINN Vanilla,0.2510335396975281,0.0014795173876747962,0.0007332420654076422,0.00135604152835328,0.1367948055267334,0.36757898330688477,0.461400106549263,0.23070093503437483,0.0,0.0,2
3.245,PINN Vanilla,0.2510323037952187,0.001474586847915506,0.0007351691008636444,0.0013565802394376325,0.1370023787021637,0.3673490285873413,0.46052567660808563,0.2302637183927048,0.0,0.0,2
3.25,PINN Vanilla,0.25103106638789197,0.0014696503040024342,0.0007371052649910826,0.0013574006398122118,0.13720935583114624,0.3671196699142456,0.4596533924341202,0.22982757463874134,0.0,0.0,2
3.255,PINN Vanilla,0.2510298307538035,0.0014647208342905304,0.0007390377822798875,0.0013583234736090355,0.13741663098335266,0.3668907880783081,0.4587816745042801,0.22939171400792274,0.0,0.0,2
3.2600000000000002,PINN Vanilla,0.2510286045670512,0.0014598290540192515,0.0007409899745893678,0.001359174520932871,0.1376233547925949,0.3666621744632721,0.4579116851091385,0.22895671764775669,0.0,0.0,2
3.265,PINN Vanilla,0.2510273816138508,0.0014549501737613588,0.0007429496876320938,0.0013602163981730753,0.13782955706119537,0.36643457412719727,0.45704515278339386,0.22852344982889577,0.0,0.0,2
3.27,PINN Vanilla,0.2510261468142273,0.0014500240330851033,0.0007449034656930153,0.0013614797586347094,0.13803569972515106,0.36620715260505676,0.45617853105068207,0.2280901373063804,0.0,0.0,2
3.275,PINN Vanilla,0.25102493922412417,0.0014452064427537552,0.0007468746166003019,0.001362785715494308,0.13824129104614258,0.365980327129364,0.4553145319223404,0.22765813609106203,0.0,0.0,2
3.2800000000000002,PINN Vanilla,0.2510237283408644,0.0014403757146204915,0.0007488588430417209,0.0013644313721696277,0.13844700157642365,0.3657536506652832,0.4544501304626465,0.22722593370929867,0.0,0.0,2
3.285,PINN Vanilla,0.2510225178301337,0.0014355464726640422,0.0007508466086913506,0.001365786927825574,0.13865222036838531,0.3655279874801636,0.4535892456769943,0.22679548967127672,0.0,0.0,2
3.29,PINN Vanilla,0.2510213187783959,0.0014307629455021752,0.0007528386423172003,0.0013675632045289654,0.13885685801506042,0.365302711725235,0.4527299553155899,0.22636584284842567,0.0,0.0,2
3.295,PINN Vanilla,0.2510201103240254,0.0014259419072408033,0.0007548310670606596,0.0013693499050712044,0.139061838388443,0.36507758498191833,0.4518702030181885,0.22593596505669333,0.0,0.0,2
3.3000000000000003,PINN Vanilla,0.2510189138352873,0.0014211686049744106,0.000756838961144304,0.0013714553147500252,0.13926605880260468,0.3648533821105957,0.45101432502269745,0.22550802442332019,0.0,0.0,2
3.305,PINN Vanilla,0.2510177229791882,0.0014164177736995852,0.0007588412301318809,0.001373539284339198,0.1394701898097992,0.3646296262741089,0.4501590430736542,0.22508038181431,0.0,0.0,2
3.31,PINN Vanilla,0.2510165318101647,0.0014116656940364747,0.0007608532742214215,0.0013755344521502733,0.13967397809028625,0.364406019449234,0.4493054151535034,0.224653566222907,0.0,0.0,2
3.315,PINN Vanilla,0.2510153454989197,0.0014069329941169269,0.0007628691572644181,0.0013778880795851656,0.139877587556839,0.36418312788009644,0.4484529495239258,0.22422733177901177,0.0,0.0,2
3.3200000000000003,PINN Vanilla,0.25101416340470334,0.0014022171177176265,0.0007648998518693389,0.0013801596238632863,0.14008082449436188,0.3639608919620514,0.4476028084754944,0.22380225963013206,0.0,0.0,2
3.325,PINN Vanilla,0.25101299209892775,0.0013975442809952181,0.0007669119089174962,0.0013826469532247088,0.14028400182724,0.3637388348579407,0.44675305485725403,0.22337738119708825,0.0,0.0,2
3.33,PINN Vanilla,0.251011823743582,0.0013928832147918433,0.0007689297066756456,0.0013851982110912875,0.14048640429973602,0.3635173738002777,0.4459058791399002,0.2229537917194142,0.0,0.0,2
3.335,PINN Vanilla,0.2510106564462187,0.0013882263693303827,0.0007709637359395223,0.001387687151104544,0.14068934321403503,0.3632963299751282,0.445059135556221,0.22253041830940334,0.0,0.0,2
3.34,PINN Vanilla,0.2510094974637034,0.0013836026953323586,0.0007729936782054188,0.0013901934681091466,0.14089137315750122,0.3630761206150055,0.4442151337862015,0.22210841581146204,0.0,0.0,2
3.345,PINN Vanilla,0.2510083331018689,0.0013789575609431872,0.0007750190155529594,0.0013929813821153547,0.14109335839748383,0.36285606026649475,0.44337181746959686,0.22168675604153812,0.0,0.0,2
3.35,PINN Vanilla,0.25100717575848125,0.001374340426122527,0.0007770531149943789,0.0013958864320025577,0.14129503071308136,0.3626364767551422,0.44252999126911163,0.22126584133252158,0.0,0.0,2
3.355,PINN Vanilla,0.25100602601468586,0.001369753609306271,0.0007790826438297192,0.0013985267818899527,0.14149634540081024,0.3624173104763031,0.44168995320796967,0.22084582069659392,0.0,0.0,2
3.36,PINN Vanilla,0.25100487501919294,0.0013651617989364317,0.0007811174719710564,0.0014015946558791348,0.1416974663734436,0.3621986508369446,0.44085125625133514,0.2204264706154829,0.0,0.0,2
3.365,PINN Vanilla,0.25100374339520953,0.001360647269753864,0.0007831525184917894,0.001404515573263987,0.1418982446193695,0.3619806170463562,0.44001442193984985,0.2200080518605061,0.0,0.0,2
3.37,PINN Vanilla,0.25100259815156484,0.0013560784059519866,0.0007851908107141024,0.0014076272639627074,0.14209896326065063,0.3617631494998932,0.43917904794216156,0.21959036326521855,0.0,0.0,2
3.375,PINN Vanilla,0.2510014660358431,0.0013515619150162095,0.0007872189231602148,0.0014107985663142641,0.1422993689775467,0.36154597997665405,0.43834444880485535,0.2191730621016028,0.0,0.0,2
3.38,PINN Vanilla,0.25100034385919595,0.0013470850752744879,0.0007892558385591607,0.0014140878757400999,0.1424991935491562,0.3613290786743164,0.4375118017196655,0.21875673696777576,0.0,0.0,2
3.3850000000000002,PINN Vanilla,0.25099922053515933,0.0013426036581083902,0.0007912882620293616,0.0014172833206185786,0.14269904792308807,0.3611131012439728,0.43668098747730255,0.2183413282588648,0.0,0.0,2
3.39,PINN Vanilla,0.2509981042891743,0.0013381504782993333,0.0007933087974779673,0.0014203510958957222,0.14289848506450653,0.3608972430229187,0.435851126909256,0.21792639638893455,0.0,0.0,2
3.395,PINN Vanilla,0.2509969823509457,0.0013336745897106223,0.000795340976304693,0.0014236413711356533,0.14309751987457275,0.36068195104599,0.435023695230484,0.21751267896828333,0.0,0.0,2
3.4,PINN Vanilla,0.25099587486684344,0.0013292563647770907,0.0007973663674194681,0.0014269083459068077,0.1432964950799942,0.3604673147201538,0.4341970831155777,0.21709937133113116,0.0,0.0,2
3.4050000000000002,PINN Vanilla,0.25099477073550247,0.0013248515154337828,0.0007993990715476098,0.0014304176417885284,0.1434948742389679,0.3602529764175415,0.433372363448143,0.21668700992133139,0.0,0.0,2
3.41,PINN Vanilla,0.25099367015063784,0.001320460814492368,0.0008014152344472133,0.0014339540663571015,0.14369294047355652,0.36003875732421875,0.43254895508289337,0.2162753041651301,0.0,0.0,2
3.415,PINN Vanilla,0.25099257458746455,0.001316090147212695,0.0008034282235962897,0.0014372154066773501,0.1438910812139511,0.35982546210289,0.43172673881053925,0.21586419445765473,0.0,0.0,2
3.42,PINN Vanilla,0.25099148647487185,0.001311749203466656,0.0008054463452906605,0.0014408572110831686,0.1440889686346054,0.35961243510246277,0.4309055358171463,0.2154535913915964,0.0,0.0,2
3.4250000000000003,PINN Vanilla,0.2509903889745476,0.0013073708080683002,0.0008074567250178144,0.0014443377039213279,0.14428620040416718,0.3593999743461609,0.4300871789455414,0.21504441139187114,0.0,0.0,2
3.43,PINN Vanilla,0.25098930442333245,0.0013030440721713418,0.000809461145739984,0.001447902240379051,0.14448332786560059,0.3591878116130829,0.429269477725029,0.21463555921894512,0.0,0.0,2
3.435,PINN Vanilla,0.25098822958767436,0.001298756095762173,0.0008114719283809018,0.0014514023620892935,0.14468032121658325,0.358976274728775,0.4284532964229584,0.21422746700814463,0.0,0.0,2
3.44,PINN Vanilla,0.2509871567040684,0.001294475906918875,0.0008134665882927154,0.0014549105375794569,0.1448771208524704,0.35876527428627014,0.4276386797428131,0.2138201571112969,0.0,0.0,2
3.4450000000000003,PINN Vanilla,0.2509860842227938,0.001290197323146324,0.0008154543781097139,0.0014586235004471204,0.14507339894771576,0.3585546910762787,0.4268253445625305,0.21341348796682955,0.0,0.0,2
3.45,PINN Vanilla,0.2509850163161757,0.0012859369896236475,0.00081743987032874,0.0014620833645350162,0.1452694982290268,0.3583446145057678,0.42601408064365387,0.21300785445702342,0.0,0.0,2
3.455,PINN Vanilla,0.2509839647561314,0.0012817418695334913,0.0008194287590823345,0.0014659062529999711,0.1454656422138214,0.35813477635383606,0.42520327866077423,0.21260245191609858,0.0,0.0,2
3.46,PINN Vanilla,0.2509829042553904,0.001277511081203107,0.0008214002171874511,0.0014693715000935748,0.14566126465797424,0.3579256236553192,0.42439451813697815,0.21219807010861688,0.0,0.0,2
3.465,PINN Vanilla,0.2509818558841946,0.0012733286827854382,0.0008233837064681846,0.0014733272080215132,0.14585639536380768,0.35771647095680237,0.4235864281654358,0.2117940235785435,0.0,0.0,2
3.47,PINN Vanilla,0.25098080319166205,0.001269129044718315,0.0008253393286183242,0.0014767077805378226,0.14605148136615753,0.35750818252563477,0.42278094589710236,0.21139128090505802,0.0,0.0,2
3.475,PINN Vanilla,0.25097976659238364,0.0012649936094839562,0.0008273002125664984,0.0014805705580179795,0.14624625444412231,0.35730037093162537,0.4219764471054077,0.2109890299717714,0.0,0.0,2
3.48,PINN Vanilla,0.25097872002422833,0.0012608184041613879,0.0008292509533917427,0.0014842509551378225,0.146440789103508,0.3570927083492279,0.4211730509996414,0.21058733038355626,0.0,0.0,2
3.485,PINN Vanilla,0.2509776886254551,0.0012567037159532523,0.0008312027526250705,0.0014880323186096112,0.14663514494895935,0.35688573122024536,0.42037129402160645,0.21018645036233924,0.0,0.0,2
3.49,PINN Vanilla,0.2509766691327097,0.0012526365259520093,0.0008331298782655254,0.0014917967848552816,0.14682896435260773,0.3566787540912628,0.41957053542137146,0.20978606953193019,0.0,0.0,2
3.495,PINN Vanilla,0.25097564537823225,0.0012485523340896195,0.0008350654380188762,0.00149551556282429,0.14702267944812775,0.35647302865982056,0.4187725931406021,0.20938709686663606,0.0,0.0,2
3.5,PINN Vanilla,0.2509746242761614,0.001244478723804945,0.0008369896176651544,0.0014994280785931013,0.14721624553203583,0.3562670946121216,0.4179746061563492,0.20898810184951472,0.0,0.0,2
3.505,PINN Vanilla,0.25097361849248434,0.0012404662251056947,0.0008389064200822745,0.001503264051305242,0.14740918576717377,0.35606157779693604,0.4171784073114395,0.20859000090548224,0.0,0.0,2
3.5100000000000002,PINN Vanilla,0.2509725998938086,0.0012364026019284079,0.0008408010397510191,0.001506722583104414,0.14760197699069977,0.3558569550514221,0.41638435423374176,0.2081929728491564,0.0,0.0,2
3.515,PINN Vanilla,0.250971594527364,0.0012323917677468713,0.0008427064390562562,0.00151043809110174,0.14779424667358398,0.35565221309661865,0.41559135913848877,0.20779647378607477,0.0,0.0,2
3.52,PINN Vanilla,0.2509705942422154,0.0012284012050153845,0.0008445984938192369,0.0015143386237581047,0.1479865163564682,0.3554484248161316,0.4148002862930298,0.2074009358515637,0.0,0.0,2
3.525,PINN Vanilla,0.25096958523988744,0.0012243758657492713,0.0008464701472050729,0.0015180146785483406,0.14817868173122406,0.35524460673332214,0.414009153842926,0.2070053681146163,0.0,0.0,2
3.5300000000000002,PINN Vanilla,0.2509685952514412,0.0012204263809412453,0.0008483399958544224,0.001521853793517547,0.148370161652565,0.3550410866737366,0.41321972012519836,0.20661064974710333,0.0,0.0,2
3.535,PINN Vanilla,0.25096761333942436,0.001216509116443645,0.0008502012398279981,0.001525596019514186,0.14856158196926117,0.3548387289047241,0.4124334305524826,0.20621750345810494,0.0,0.0,2
3.54,PINN Vanilla,0.25096663148701215,0.001212592089734353,0.0008520541818498393,0.0015294703209891014,0.14875295758247375,0.3546363115310669,0.4116467088460922,0.20582414110144343,0.0,0.0,2
3.545,PINN Vanilla,0.25096565163135554,0.0012086830289320517,0.0008539076167456281,0.001533451604365632,0.14894385635852814,0.3544343411922455,0.4108615070581436,0.20543153870690742,0.0,0.0,2
3.5500000000000003,PINN Vanilla,0.250964679643512,0.0012048053561810978,0.0008557462413729771,0.0015370381789882592,0.14913450181484222,0.3542325496673584,0.4100778102874756,0.20503968882388787,0.0,0.0,2
3.555,PINN Vanilla,0.25096371363103415,0.0012009515217043718,0.0008575554323692106,0.0015406938360422173,0.14932498335838318,0.35403186082839966,0.40929655730724335,0.20464906084075643,0.0,0.0,2
3.56,PINN Vanilla,0.2509627462923529,0.0011970923964383453,0.0008593613628737147,0.0015444657273299134,0.1495150923728943,0.35383087396621704,0.40851518511772156,0.2042583732527524,0.0,0.0,2
3.565,PINN Vanilla,0.2509617832750084,0.0011932505108219948,0.0008611719326491527,0.001548376283113495,0.14970485866069794,0.3536307215690613,0.40773631632328033,0.20386893736707276,0.0,0.0,2
3.5700000000000003,PINN Vanilla,0.2509608235061171,0.00118942158466644,0.0008629564530493497,0.0015520813528657196,0.14989472925662994,0.35343095660209656,0.4069577008485794,0.2034796281417474,0.0,0.0,2
3.575,PINN Vanilla,0.2509598775804045,0.001185647884836239,0.0008647356094018654,0.001555770471089235,0.15008395910263062,0.3532314896583557,0.4061812311410904,0.20309139180412866,0.0,0.0,2
3.58,PINN Vanilla,0.25095893561840077,0.0011818899979258656,0.0008665136545369419,0.0015594633726954132,0.15027311444282532,0.35303249955177307,0.40540602803230286,0.20270378876828118,0.0,0.0,2
3.585,PINN Vanilla,0.2509579898118975,0.0011781167736722806,0.0008682637285685546,0.0015631352153230305,0.1504618525505066,0.35283395648002625,0.4046320915222168,0.202316819034205,0.0,0.0,2
3.59,PINN Vanilla,0.2509570529013874,0.0011743790393178033,0.0008700097426672582,0.0015671384219854145,0.15065030753612518,0.3526356816291809,0.40385980904102325,0.201930676317736,0.0,0.0,2
3.595,PINN Vanilla,0.25095611695945286,0.001170645169022778,0.0008717387108870624,0.0015705779240335893,0.1508389115333557,0.35243791341781616,0.40308794379234314,0.20154474221832108,0.0,0.0,2
3.6,PINN Vanilla,0.2509551895260813,0.0011669452430030796,0.0008734714983267728,0.0015744750896327653,0.151026651263237,0.3522404134273529,0.4023185819387436,0.20116005982123053,0.0,0.0,2
3.605,PINN Vanilla,0.25095425641536734,0.0011632226676506936,0.0008751653963164278,0.001578165333379511,0.15121431648731232,0.3520435690879822,0.40155012905597687,0.20077583191129353,0.0,0.0,2
3.61,PINN Vanilla,0.2509533426463606,0.0011595772545916463,0.0008768682986630959,0.0015818117685674205,0.15140175819396973,0.351846843957901,0.4007825404405594,0.20039203613668277,0.0,0.0,2
3.615,PINN Vanilla,0.25095242036879084,0.0011558978972572723,0.000878548667846028,0.0015854727980978423,0.1515890210866928,0.3516506552696228,0.4000164866447449,0.20000900777480662,0.0,0.0,2
3.62,PINN Vanilla,0.2509515133947136,0.0011522795920609133,0.0008802272259400899,0.0015890986698013365,0.15177585184574127,0.3514549434185028,0.3992524892091751,0.19962700759698268,0.0,0.0,2
3.625,PINN Vanilla,0.2509506103843453,0.0011486770997846036,0.0008818796910787224,0.001592960393049736,0.15196186304092407,0.3512594699859619,0.3984903246164322,0.1992459238440748,0.0,0.0,2
3.63,PINN Vanilla,0.2509497071653607,0.0011450737752492157,0.0008835350593910852,0.0015964948653293676,0.15214833617210388,0.35106486082077026,0.3977291136980057,0.19886531693014767,0.0,0.0,2
3.6350000000000002,PINN Vanilla,0.2509488105773928,0.0011414969046587798,0.0008851689796820949,0.0016001008368567438,0.15233434736728668,0.35087016224861145,0.3969687223434448,0.19848511979971958,0.0,0.0,2
3.64,PINN Vanilla,0.2509479175508025,0.0011379342419174244,0.0008867822225313999,0.0016038524814105948,0.15252041816711426,0.35067594051361084,0.39620889723300934,0.1981052057924363,0.0,0.0,2
3.645,PINN Vanilla,0.2509470258802178,0.0011343769888590809,0.0008883937390345466,0.0016073814012657062,0.1527060717344284,0.35048237442970276,0.3954516649246216,0.19772658819113187,0.0,0.0,2
3.65,PINN Vanilla,0.25094613641500496,0.001130828533966806,0.0008899751119236086,0.001611060557230648,0.1528911143541336,0.35028907656669617,0.39469559490680695,0.19734855173733518,0.0,0.0,2
3.6550000000000002,PINN Vanilla,0.2509452559798958,0.0011273161039972214,0.0008915580545974125,0.0016145147408946903,0.15307611227035522,0.350096195936203,0.3939407467842102,0.19697112623348256,0.0,0.0,2
3.66,PINN Vanilla,0.2509443756192925,0.0011238039712631325,0.0008931218707795475,0.001618077505289417,0.15326069295406342,0.3499036729335785,0.3931873142719269,0.19659440853749194,0.0,0.0,2
3.665,PINN Vanilla,0.25094350102543855,0.001120314844543972,0.0008946716964639148,0.0016217459721070138,0.1534452736377716,0.3497118055820465,0.39243556559085846,0.19621853276032666,0.0,0.0,2
3.67,PINN Vanilla,0.2509426304548981,0.001116841768532947,0.0008962047918721548,0.0016253073435880672,0.15362955629825592,0.34951984882354736,0.3916839212179184,0.1958427091374249,0.0,0.0,2
3.6750000000000003,PINN Vanilla,0.2509417671412232,0.0011133976432436657,0.0008977265805104653,0.0016288343925004445,0.15381358563899994,0.34932854771614075,0.3909342885017395,0.19546789134674813,0.0,0.0,2
3.68,PINN Vanilla,0.2509409109801056,0.0011099820525466997,0.0008992377932884277,0.0016325202589445587,0.1539972722530365,0.3491377830505371,0.390185683965683,0.19509358764809745,0.0,0.0,2
3.685,PINN Vanilla,0.25094005970656896,0.001106585960487893,0.0009007328727213874,0.00163580200565705,0.15418072044849396,0.348947137594223,0.3894387483596802,0.194720118417663,0.0,0.0,2
3.69,PINN Vanilla,0.2509391957521441,0.0011031392789746324,0.0009022068035596111,0.0016392742703658092,0.15436416864395142,0.3487567901611328,0.38869211077690125,0.19434679819941006,0.0,0.0,2
3.6950000000000003,PINN Vanilla,0.250938346847892,0.0010997526389994099,0.0009036736515707139,0.0016427347611563392,0.15454696118831635,0.3485669195652008,0.3879471719264984,0.19397432735059153,0.0,0.0,2
3.7,PINN Vanilla,0.25093750560283684,0.0010963965548168996,0.0009051096808647856,0.0016460997547644296,0.15472956001758575,0.3483775556087494,0.38720475137233734,0.19360311565470648,0.0,0.0,2
3.705,PINN Vanilla,0.25093666638433954,0.0010930485554353129,0.0009065463289876545,0.0016495835172535833,0.15491195023059845,0.34818848967552185,0.3864625245332718,0.19323200081673939,0.0,0.0,2
3.71,PINN Vanilla,0.25093582348525545,0.0010896858726282507,0.0009079647591698551,0.0016531641897022387,0.1550937294960022,0.3479999005794525,0.38572269678115845,0.19286208552683318,0.0,0.0,2
3.715,PINN Vanilla,0.25093499433994315,0.0010863780594643018,0.0009093602154319543,0.0016565280284883688,0.15527552366256714,0.3478116989135742,0.3849835693836212,0.19249252041555343,0.0,0.0,2
3.72,PINN Vanilla,0.2509341726154091,0.0010830998509398328,0.0009107389643563415,0.0016597312420323918,0.15545731782913208,0.347623735666275,0.38424476981163025,0.1921231192176733,0.0,0.0,2
3.725,PINN Vanilla,0.250933350235224,0.0010798190267444184,0.0009121168525450732,0.0016630776606198494,0.15563839673995972,0.3474361002445221,0.3835085481405258,0.19175500697516296,0.0,0.0,2
3.73,PINN Vanilla,0.2509325180053713,0.0010764989080374104,0.0009134595801474717,0.0016665806825561513,0.15581940114498138,0.34724903106689453,0.3827725648880005,0.1913870139423978,0.0,0.0,2
3.735,PINN Vanilla,0.2509317014664414,0.0010732413870924197,0.0009148078826348394,0.0016698077544283207,0.15600012242794037,0.34706225991249084,0.382038876414299,0.19102016830343,0.0,0.0,2
3.74,PINN Vanilla,0.25093089444935346,0.0010700218528233284,0.0009161173965692648,0.0016729927994308391,0.15618042647838593,0.346875935792923,0.38130588829517365,0.19065367284308868,0.0,0.0,2
3.745,PINN Vanilla,0.25093007922172567,0.0010667695632200077,0.0009174403626856138,0.001676407674568614,0.15636102855205536,0.34668979048728943,0.38057370483875275,0.1902875797156373,0.0,0.0,2
3.75,PINN Vanilla,0.25092927043139956,0.00106354295474997,0.0009187143243094878,0.00167964390425146,0.15654055774211884,0.34650421142578125,0.3798443675041199,0.18992290965451908,0.0,0.0,2
3.755,PINN Vanilla,0.25092846597731133,0.0010603336453763532,0.0009199760950248382,0.001683115366832355,0.15672039985656738,0.3463189899921417,0.3791150003671646,0.1895582246921827,0.0,0.0,2
3.7600000000000002,PINN Vanilla,0.250927670940757,0.0010571619065494287,0.0009212443166991895,0.0016859705353966525,0.15690016746520996,0.3461337983608246,0.3783861994743347,0.1891938228529911,0.0,0.0,2
3.765,PINN Vanilla,0.250926876947284,0.0010539943290172305,0.0009224686758621839,0.001689407278284094,0.15707933902740479,0.3459494709968567,0.37766002118587494,0.1888307323209965,0.0,0.0,2
3.77,PINN Vanilla,0.25092608909308933,0.0010508512436765538,0.0009236865790574021,0.0016924083654420996,0.1572582870721817,0.345765084028244,0.37693357467651367,0.1884675076780386,0.0,0.0,2
3.775,PINN Vanilla,0.2509252949655058,0.001047683131120552,0.0009249040716743102,0.001695661778178481,0.15743674337863922,0.3455815017223358,0.37621085345745087,0.18810614568734912,0.0,0.0,2
3.7800000000000002,PINN Vanilla,0.2509245164692404,0.0010445773785382594,0.0009260892781055423,0.0016988694305484775,0.1576155126094818,0.3453978896141052,0.3754870295524597,0.18774423235158821,0.0,0.0,2
3.785,PINN Vanilla,0.2509237337559464,0.0010414548024359406,0.0009272541786497653,0.0017018737707978904,0.157793790102005,0.3452147841453552,0.37476494908332825,0.18738319073708892,0.0,0.0,2
3.79,PINN Vanilla,0.2509229582101109,0.0010383608203729036,0.0009284127633822463,0.001704880962759503,0.15797148644924164,0.34503182768821716,0.37404416501522064,0.18702279732557905,0.0,0.0,2
3.795,PINN Vanilla,0.25092217841744446,0.001035249895895686,0.000929538698880863,0.0017079829397552704,0.1581491231918335,0.3448498547077179,0.37332576513290405,0.186663596011521,0.0,0.0,2
3.8000000000000003,PINN Vanilla,0.2509214094132187,0.0010321820110951389,0.0009306641070689836,0.0017110915096552048,0.15832634270191193,0.3446676433086395,0.37260787189006805,0.18630464801817145,0.0,0.0,2
3.805,PINN Vanilla,0.2509206456094982,0.0010291348733210363,0.0009317533568363504,0.0017141732866037818,0.15850351750850677,0.34448614716529846,0.3718910962343216,0.18594625882050245,0.0,0.0,2
3.81,PINN Vanilla,0.2509198791831734,0.0010260772728631511,0.0009328501308460548,0.0017171587615554262,0.1586802750825882,0.3443051278591156,0.371176540851593,0.18558897976358543,0.0,0.0,2
3.815,PINN Vanilla,0.25091911767423175,0.0010230392899375797,0.0009339125015810332,0.0017200180502449092,0.15885679423809052,0.3441237211227417,0.3704613745212555,0.1852313952316964,0.0,0.0,2
3.8200000000000003,PINN Vanilla,0.25091836340725443,0.001020030198286564,0.0009349578589337571,0.0017231416269608557,0.1590328812599182,0.34394311904907227,0.36974868178367615,0.18487504750091363,0.0,0.0,2
3.825,PINN Vanilla,0.25091760347783587,0.0010169985167500486,0.0009359788952783847,0.0017259940817981878,0.1592089980840683,0.3437630236148834,0.36903703212738037,0.18451922131276602,0.0,0.0,2
3.83,PINN Vanilla,0.2509168579727413,0.0010140243799745582,0.0009369908455819352,0.0017287610786952956,0.15938492119312286,0.34358301758766174,0.36832602322101593,0.18416371550080857,0.0,0.0,2
3.835,PINN Vanilla,0.2509161073416474,0.001011029793408119,0.000937976257636003,0.0017316874114121084,0.15956030786037445,0.3434036076068878,0.3676174283027649,0.1838094166875211,0.0,0.0,2
3.84,PINN Vanilla,0.2509153635352852,0.0010080624335983006,0.000938958567339105,0.001734542102893144,0.1597355753183365,0.34322452545166016,0.3669094145298004,0.1834554084479875,0.0,0.0,2
3.845,PINN Vanilla,0.25091462159156824,0.0010051025046721124,0.0009399108385275171,0.0017372851243986909,0.15991079807281494,0.34304559230804443,0.3662014901638031,0.18310144491210834,0.0,0.0,2
3.85,PINN Vanilla,0.25091388408839727,0.0010021602909717731,0.0009408494362107917,0.0017400845299315182,0.16008542478084564,0.3428671658039093,0.36549632251262665,0.18274885973890784,0.0,0.0,2
3.855,PINN Vanilla,0.2509131501168015,0.0009992321662263607,0.0009417627655177871,0.0017428088360551541,0.16025999188423157,0.3426892161369324,0.36479201912879944,0.1823967067010336,0.0,0.0,2
3.86,PINN Vanilla,0.25091242201626324,0.0009963274636255262,0.0009426728981173845,0.0017455859615636005,0.16043436527252197,0.3425115942955017,0.36408862471580505,0.18204500815031288,0.0,0.0,2
3.865,PINN Vanilla,0.2509116851538422,0.0009933878061491664,0.0009435469724511444,0.0017484081035293308,0.1606084555387497,0.342334121465683,0.3633861392736435,0.18169376408674567,0.0,0.0,2
3.87,PINN Vanilla,0.2509109692871573,0.0009905319095904756,0.0009444120128606367,0.0017509726637977563,0.1607823222875595,0.3421572148799896,0.3626856505870819,0.18134351840479435,0.0,0.0,2
3.875,PINN Vanilla,0.25091024099290393,0.0009876264341777507,0.0009452575531943561,0.0017535378237348298,0.16095557808876038,0.3419804871082306,0.3619866520166397,0.18099401778375043,0.0,0.0,2
3.88,PINN Vanilla,0.25090951186418553,0.000984717629729156,0.0009460688491512637,0.0017562345486242248,0.16112878918647766,0.3418041467666626,0.36128823459148407,0.18064480773646036,0.0,0.0,2
3.8850000000000002,PINN Vanilla,0.2509087969809773,0.0009818656566771052,0.0009468834600678709,0.001758837716460071,0.16130194067955017,0.34162816405296326,0.3605908006429672,0.18029608942936917,0.0,0.0,2
3.89,PINN Vanilla,0.25090807728469394,0.000978994482222169,0.0009476698044697995,0.0017614078480350792,0.1614745557308197,0.3414526581764221,0.3598949760198593,0.17994817578805797,0.0,0.0,2
3.895,PINN Vanilla,0.25090736652910733,0.0009761589760076824,0.0009484407127518565,0.0017642168780765966,0.16164681315422058,0.34127748012542725,0.35920071601867676,0.1796010444606995,0.0,0.0,2
3.9,PINN Vanilla,0.250906662642956,0.0009733508748911584,0.0009491869582760617,0.00176657933134039,0.16181902587413788,0.3411021828651428,0.35850635170936584,0.17925386097907753,0.0,0.0,2
3.9050000000000002,PINN Vanilla,0.25090595044195674,0.0009705096023109767,0.0009499170308724187,0.0017688860934977901,0.16199111938476562,0.3409275412559509,0.3578137457370758,0.17890755666932626,0.0,0.0,2
3.91,PINN Vanilla,0.2509052374660971,0.0009676652384834547,0.0009506316040681236,0.001771538900314562,0.1621624380350113,0.34075310826301575,0.35712237656116486,0.1785618707601281,0.0,0.0,2
3.915,PINN Vanilla,0.25090453304350396,0.0009648549972723797,0.0009513180217976954,0.0017740114733288959,0.16233393549919128,0.34057945013046265,0.3564332127571106,0.17821728754107288,0.0,0.0,2
3.92,PINN Vanilla,0.2509038335233929,0.0009620643141466522,0.0009519828829842037,0.0017764212675079327,0.16250507533550262,0.3404056429862976,0.35574378073215485,0.17787257021105435,0.0,0.0,2
3.9250000000000003,PINN Vanilla,0.25090313301980516,0.0009592697075142846,0.0009526441157512988,0.0017787442497843031,0.16267603635787964,0.34023234248161316,0.35505637526512146,0.17752886616386984,0.0,0.0,2
3.93,PINN Vanilla,0.25090244585275673,0.0009565283060073168,0.0009532660694381614,0.0017810146814227212,0.16284672915935516,0.3400593101978302,0.35436925292015076,0.17718530367825774,0.0,0.0,2
3.935,PINN Vanilla,0.2509017429202797,0.0009537240095030573,0.0009538836077639338,0.0017833527061139054,0.16301721334457397,0.33988669514656067,0.3536837249994278,0.17684253840781652,0.0,0.0,2
3.94,PINN Vanilla,0.25090105378627797,0.0009509747609830313,0.0009544797629120796,0.0017857933315402197,0.1631874144077301,0.3397146463394165,0.35299958288669586,0.1765004660440192,0.0,0.0,2
3.9450000000000003,PINN Vanilla,0.25090036995708964,0.0009482466756190996,0.0009550597400110113,0.0017878889868749304,0.16335731744766235,0.33954256772994995,0.3523164689540863,0.17615890777224796,0.0,0.0,2
3.95,PINN Vanilla,0.25089967562258264,0.000945476680072629,0.0009556002691747337,0.001790523241064268,0.16352668404579163,0.3393706679344177,0.3516343832015991,0.17581786359250282,0.0,0.0,2
3.955,PINN Vanilla,0.25089898455142995,0.00094271970343392,0.000956138156161384,0.0017925107148844543,0.16369648277759552,0.339199423789978,0.3509533107280731,0.17547732605417468,0.0,0.0,2
3.96,PINN Vanilla,0.2508983024507763,0.0009399985139298146,0.0009566552691921869,0.001794656891301205,0.16386543214321136,0.33902835845947266,0.35027360916137695,0.17513747397188134,0.0,0.0,2
3.9650000000000003,PINN Vanilla,0.2508976231813433,0.0009372886193683484,0.0009571534021247652,0.0017966512163358206,0.16403459012508392,0.3388575613498688,0.34959448873996735,0.17479791246334186,0.0,0.0,2
3.97,PINN Vanilla,0.2508969454914334,0.0009345850261961595,0.00095762358531121,0.0017987473724259129,0.16420315206050873,0.33868736028671265,0.34891779720783234,0.17445956540408145,0.0,0.0,2
3.975,PINN Vanilla,0.25089626459777375,0.0009318686519042955,0.0009580804496427678,0.0018009793643041228,0.16437141597270966,0.33851730823516846,0.34824123978614807,0.1741212854003027,0.0,0.0,2
3.98,PINN Vanilla,0.25089559169113657,0.0009291841412406164,0.0009585109253075736,0.001803093818530832,0.16453950107097626,0.33834782242774963,0.3475671261548996,0.17378422729641205,0.0,0.0,2
3.985,PINN Vanilla,0.2508949169814589,0.0009264924374818369,0.0009589311132019301,0.0018050775091376092,0.1647072285413742,0.33817827701568604,0.34689292311668396,0.17344712448886693,0.0,0.0,2
3.99,PINN Vanilla,0.2508942454159262,0.0009238132770542031,0.000959324358351346,0.0018069259872079413,0.16487489640712738,0.33800891041755676,0.34621958434581757,0.1731104538166481,0.0,0.0,2
3.995,PINN Vanilla,0.25089356346428415,0.0009210926820206463,0.0009596995253034889,0.0018089152925945817,0.16504240036010742,0.3378405272960663,0.345548078417778,0.17277469956934538,0.0,0.0,2
4.0,PINN Vanilla,0.2508928995877507,0.0009184441962798788,0.000960050402081181,0.0018107271588721496,0.1652095466852188,0.33767184615135193,0.3448774218559265,0.17243937000675985,0.0,0.0,2
4.005,PINN Vanilla,0.25089222441613696,0.0009157506496618226,0.0009603905597311662,0.001812681452695586,0.1653759777545929,0.33750373125076294,0.3442089706659317,0.17210514313431727,0.0,0.0,2
4.01,PINN Vanilla,0.2508915635049345,0.0009131139938872766,0.0009606989659800453,0.001814445998616021,0.16554276645183563,0.3373359143733978,0.34353968501091003,0.1717704990277665,0.0,0.0,2
4.015,PINN Vanilla,0.2508908912539484,0.0009104320988945432,0.0009609992612225911,0.0018165524256442134,0.1657092124223709,0.33716851472854614,0.3428727239370346,0.1714370172162313,0.0,0.0,2
4.0200000000000005,PINN Vanilla,0.25089022506773495,0.0009077743988582782,0.0009612691571464921,0.0018182026124056172,0.16587534546852112,0.33700159192085266,0.34220699965953827,0.1711041538052492,0.0,0.0,2
4.025,PINN Vanilla,0.2508895697742703,0.0009051601546281118,0.0009615231347679318,0.0018200506977018027,0.1660413146018982,0.3368343710899353,0.3415413945913315,0.1707713499991397,0.0,0.0,2
4.03,PINN Vanilla,0.2508889149874451,0.0009025479315981208,0.0009617589181501758,0.0018217700737487297,0.1662069857120514,0.3366680145263672,0.3408774733543396,0.17043938811185555,0.0,0.0,2
4.035,PINN Vanilla,0.2508882442712786,0.000899872159653323,0.0009619632717573142,0.001823242170581052,0.1663721799850464,0.3365017771720886,0.34021538496017456,0.17010834264948746,0.0,0.0,2
4.04,PINN Vanilla,0.2508875954449179,0.0008972837154503721,0.0009621690251275536,0.001825009679684908,0.16653774678707123,0.3363357186317444,0.33955271542072296,0.1697770066133655,0.0,0.0,2
4.045,PINN Vanilla,0.2508869331777098,0.0008946416499928146,0.0009623375057677238,0.0018266892471131002,0.16670268774032593,0.33617013692855835,0.33889205753803253,0.1694466764094685,0.0,0.0,2
4.05,PINN Vanilla,0.25088626736402536,0.0008919854361331428,0.0009624871617352138,0.0018282196996469158,0.16686730086803436,0.3360050916671753,0.3382330685853958,0.16911718067378778,0.0,0.0,2
4.055,PINN Vanilla,0.25088561069965387,0.000889365722772777,0.0009626246451005667,0.001829713197413152,0.16703157126903534,0.33583971858024597,0.3375743478536606,0.1687878190490704,0.0,0.0,2
4.0600000000000005,PINN Vanilla,0.2508849506825211,0.0008867326338221874,0.0009627433933148839,0.0018312420417699316,0.16719554364681244,0.3356752097606659,0.336917981505394,0.16845963462058666,0.0,0.0,2
4.065,PINN Vanilla,0.25088430456817173,0.0008841550089854811,0.0009628282569279508,0.0018328224028174023,0.1673593372106552,0.33551105856895447,0.3362623602151871,0.1681318227225566,0.0,0.0,2
4.07,PINN Vanilla,0.25088364878296876,0.0008815388030021054,0.0009628960960086526,0.0018343396194511197,0.16752295196056366,0.3353467583656311,0.3356070816516876,0.16780418218853527,0.0,0.0,2
4.075,PINN Vanilla,0.25088299526274227,0.0008789316329728854,0.0009629555447066705,0.0018356746393826673,0.16768616437911987,0.33518320322036743,0.3349541574716568,0.16747771885074758,0.0,0.0,2
4.08,PINN Vanilla,0.25088234190642855,0.0008763251168614017,0.0009629832702554005,0.0018371292898428648,0.1678496152162552,0.3350195288658142,0.33430059254169464,0.16715093513676973,0.0,0.0,2
4.085,PINN Vanilla,0.25088169136643435,0.0008737298362458125,0.000962986930996694,0.0018385374344895289,0.16801252961158752,0.33485639095306396,0.33364857733249664,0.16682492628613557,0.0,0.0,2
4.09,PINN Vanilla,0.2508810289949181,0.0008710873546586051,0.0009629844227481483,0.0018398426384232947,0.16817502677440643,0.33469390869140625,0.33299897611141205,0.16650012443417134,0.0,0.0,2
4.095,PINN Vanilla,0.2508803833872082,0.0008685117510220743,0.000962950273154118,0.0018409281982360026,0.16833730041980743,0.33453139662742615,0.33234967291355133,0.1661754715943886,0.0,0.0,2
4.1,PINN Vanilla,0.25087973327934765,0.0008659181943713862,0.0009629027469442798,0.0018424235155065083,0.16849951446056366,0.3343692421913147,0.3317018300294876,0.1658515489142951,0.0,0.0,2
4.105,PINN Vanilla,0.2508790838867428,0.0008633274911797303,0.0009628315294691202,0.001843484751416713,0.168661430478096,0.3342074155807495,0.33105434477329254,0.16552780504881937,0.0,0.0,2
4.11,PINN Vanilla,0.2508784297257664,0.0008607177649267524,0.0009627247255002003,0.00184492745145165,0.16882304847240448,0.33404555916786194,0.33040791749954224,0.16520459017658787,0.0,0.0,2
4.115,PINN Vanilla,0.2508777823895218,0.0008581352654303954,0.0009626183780314447,0.0018457839863129655,0.16898462176322937,0.3338843882083893,0.3297630697488785,0.1648821650689182,0.0,0.0,2
4.12,PINN Vanilla,0.2508771258443596,0.0008555160276466458,0.0009624783298616763,0.0018469831624062238,0.16914571821689606,0.3337233066558838,0.32911862432956696,0.16455994112769354,0.0,0.0,2
4.125,PINN Vanilla,0.2508764775246384,0.0008529296046438704,0.0009623303365343583,0.0018481937144924077,0.1693069338798523,0.3335625231266022,0.32847537100315094,0.16423831323519475,0.0,0.0,2
4.13,PINN Vanilla,0.2508758264333012,0.0008503321244867639,0.0009621533316550602,0.0018491098243602067,0.16946758329868317,0.3334020674228668,0.32783351838588715,0.16391738569994893,0.0,0.0,2
4.135,PINN Vanilla,0.2508751755207779,0.0008477353576943601,0.0009619619507700268,0.0018500017546859149,0.16962815821170807,0.3332419991493225,0.32719261944293976,0.16359693500368383,0.0,0.0,2
4.14,PINN Vanilla,0.25087452736496946,0.0008451495886093211,0.0009617631661790065,0.001850953678106615,0.16978825628757477,0.3330821096897125,0.32655295729637146,0.16327710270797186,0.0,0.0,2
4.1450000000000005,PINN Vanilla,0.25087387269735356,0.0008425378411559462,0.0009615169147067772,0.0018520360549019732,0.16994795203208923,0.33292248845100403,0.32591456174850464,0.16295790371403115,0.0,0.0,2
4.15,PINN Vanilla,0.2508732220977547,0.0008399423227520489,0.0009612546630256474,0.0018527843867381377,0.17010758817195892,0.33276334404945374,0.32527753710746765,0.16263939017612525,0.0,0.0,2
4.155,PINN Vanilla,0.2508725695461037,0.0008373390167822811,0.0009609936301353144,0.0018537242475381577,0.1702672392129898,0.3326045274734497,0.3246404528617859,0.16232084683578302,0.0,0.0,2
4.16,PINN Vanilla,0.25087191155552885,0.0008347140126328363,0.0009607013667475019,0.0018546038367417972,0.17042604088783264,0.3324456512928009,0.32400573790073395,0.16200348814228357,0.0,0.0,2
4.165,PINN Vanilla,0.2508712624758484,0.0008321245578296869,0.000960385777099069,0.0018554778283406126,0.1705852746963501,0.33228734135627747,0.3233707547187805,0.16168599533782077,0.0,0.0,2
4.17,PINN Vanilla,0.2508706134706738,0.0008295354002620333,0.0009600450987374593,0.0018559651800355015,0.17074397206306458,0.33212894201278687,0.32273752987384796,0.1613693817052287,0.0,0.0,2
4.175,PINN Vanilla,0.2508699540793898,0.0008269048080882354,0.0009596842988574412,0.0018566409084868063,0.1709025502204895,0.3319714367389679,0.32210487127304077,0.1610530511957814,0.0,0.0,2
4.18,PINN Vanilla,0.25086930358409903,0.0008243097058137663,0.0009593174598833324,0.0018575355389999215,0.17106054723262787,0.3318138122558594,0.32147401571273804,0.16073762221003204,0.0,0.0,2
4.1850000000000005,PINN Vanilla,0.2508686509877446,0.0008217062215028782,0.0009589114107835559,0.0018577860534878532,0.17121878266334534,0.3316565155982971,0.32084354758262634,0.16042238694011862,0.0,0.0,2
4.19,PINN Vanilla,0.2508679956644776,0.0008190918583785577,0.0009585029203229171,0.0018587326894448641,0.17137672007083893,0.33149948716163635,0.3202137351036072,0.16010747949700443,0.0,0.0,2
4.195,PINN Vanilla,0.2508673299998047,0.0008164362389894345,0.00095806660252595,0.0018591558535046016,0.17153441905975342,0.33134281635284424,0.31958523392677307,0.15979322770748874,0.0,0.0,2
4.2,PINN Vanilla,0.2508666776120665,0.000813833586937403,0.0009576263888068152,0.00185971138235691,0.17169129848480225,0.33118632435798645,0.3189588189125061,0.1594800190032434,0.0,0.0,2
4.205,PINN Vanilla,0.25086601470410846,0.0008111889652558661,0.0009571421933508071,0.0018602541959557017,0.17184847593307495,0.3310302793979645,0.31833286583423615,0.15916704126787934,0.0,0.0,2
4.21,PINN Vanilla,0.25086535973846935,0.0008085760288611724,0.0009566442990954135,0.0018605667288453254,0.17200565338134766,0.33087432384490967,0.3177063763141632,0.15885379531058863,0.0,0.0,2
4.215,PINN Vanilla,0.250864691436291,0.0008059098873413005,0.000956127862131067,0.0018610427449647915,0.17216208577156067,0.3307189345359802,0.31708282232284546,0.15854201712328544,0.0,0.0,2
4.22,PINN Vanilla,0.2508640334159138,0.0008032847642977018,0.0009555917551739823,0.0018613640027969058,0.17231827974319458,0.33056360483169556,0.3164602816104889,0.1582307455773993,0.0,0.0,2
4.225,PINN Vanilla,0.2508633673191073,0.0008006274209438988,0.0009550508732063181,0.0018618631436080335,0.17247427999973297,0.33040857315063477,0.31583793461322784,0.1579195708894311,0.0,0.0,2
4.23,PINN Vanilla,0.2508627011626961,0.0007979698398015664,0.0009544798200030603,0.0018621343111842048,0.17263013124465942,0.3302537500858307,0.3152168095111847,0.15760900715140697,0.0,0.0,2
4.235,PINN Vanilla,0.25086203049123307,0.000795294246197889,0.0009538821233833028,0.001862407165744151,0.17278549075126648,0.330099493265152,0.314598485827446,0.1572998441278887,0.0,0.0,2
4.24,PINN Vanilla,0.25086136302351975,0.0007926314337138869,0.0009532764724032157,0.0018623300004529386,0.17294074594974518,0.32994502782821655,0.31397850811481476,0.15698985408676325,0.0,0.0,2
4.245,PINN Vanilla,0.2508606956005099,0.0007899687995710049,0.0009526416801141587,0.0018627875211912337,0.17309628427028656,0.329791396856308,0.3133606016635895,0.15668089968029905,0.0,0.0,2
4.25,PINN Vanilla,0.2508600176870825,0.0007872643146925502,0.0009519817844644029,0.0018629719920957855,0.1732509583234787,0.3296373784542084,0.3127434104681015,0.1563723029030704,0.0,0.0,2
4.255,PINN Vanilla,0.25085934416949773,0.0007845773666992673,0.0009513101908821205,0.0018626869425575343,0.17340579628944397,0.3294842839241028,0.31212764978408813,0.1560644213843128,0.0,0.0,2
4.26,PINN Vanilla,0.25085868442058584,0.0007819453477958424,0.0009506218189608539,0.001862842370172757,0.17356029152870178,0.32933107018470764,0.3115125000476837,0.15575684534052728,0.0,0.0,2
4.265,PINN Vanilla,0.2508579958826306,0.0007791984771586754,0.0009499257672590105,0.0018629993491461327,0.17371436953544617,0.3291781544685364,0.31089848279953003,0.15544983554303135,0.0,0.0,2
4.2700000000000005,PINN Vanilla,0.2508573169559243,0.0007764899498798696,0.0009491997209089674,0.0018628769276677892,0.17386840283870697,0.3290257453918457,0.3102857768535614,0.15514348139913392,0.0,0.0,2
4.275,PINN Vanilla,0.25085662926733515,0.0007737464677253172,0.0009484360973251187,0.0018629864875330249,0.17402207851409912,0.3288736343383789,0.3096745014190674,0.15483784251370758,0.0,0.0,2
4.28,PINN Vanilla,0.25085594829916974,0.0007710297961981789,0.0009476767303553864,0.0018625376706450925,0.17417579889297485,0.3287216126918793,0.3090630769729614,0.1545321291221905,0.0,0.0,2
4.285,PINN Vanilla,0.25085526029765626,0.0007682850656553414,0.0009469017786498318,0.0018625895680514648,0.17432907223701477,0.328569620847702,0.3084525018930435,0.15422684041539061,0.0,0.0,2
4.29,PINN Vanilla,0.2508545699417593,0.0007655309424758861,0.0009460919670215806,0.0018623154608059522,0.17448198795318604,0.32841822504997253,0.3078441023826599,0.15392263949751553,0.0,0.0,2
4.295,PINN Vanilla,0.25085388024151345,0.0007627794349673766,0.0009452740098157753,0.0018621120602127506,0.1746346801519394,0.3282671868801117,0.30723655223846436,0.15361886326435764,0.0,0.0,2
4.3,PINN Vanilla,0.2508531815260651,0.0007599919619833647,0.0009444347157179711,0.0018618867099081116,0.17478719353675842,0.32811659574508667,0.30663028359413147,0.15331572778358007,0.0,0.0,2
4.305,PINN Vanilla,0.2508524932265284,0.0007572460424992084,0.0009435725941079926,0.0018617083894887365,0.1749393492937088,0.32796573638916016,0.30602431297302246,0.15301274131498402,0.0,0.0,2
4.3100000000000005,PINN Vanilla,0.25085179059207463,0.0007544429349362676,0.0009426960308781225,0.0018611745729250617,0.17509128153324127,0.32781529426574707,0.30541954934597015,0.15271035834572294,0.0,0.0,2
4.315,PINN Vanilla,0.25085109005868456,0.0007516482094097461,0.0009417987561451269,0.0018609667051031065,0.17524313926696777,0.3276650905609131,0.30481554567813873,0.15240835535752462,0.0,0.0,2
4.32,PINN Vanilla,0.2508503874838354,0.0007488453396351134,0.00094088185407643,0.001860486687206897,0.17539478838443756,0.3275154232978821,0.3042127937078476,0.1521069782204885,0.0,0.0,2
4.325,PINN Vanilla,0.2508496824502947,0.0007460326610944346,0.0009399665362302213,0.0018601444928794675,0.17554590106010437,0.3273658752441406,0.3036115914583206,0.15180637594679605,0.0,0.0,2
4.33,PINN Vanilla,0.25084897345304513,0.000743204169633928,0.000939007468310346,0.001859503886084024,0.17569711804389954,0.32721656560897827,0.3030106872320175,0.1515059226852851,0.0,0.0,2
4.335,PINN Vanilla,0.2508482529073956,0.0007403296066961558,0.000938038094965866,0.0018588337512269737,0.175848126411438,0.32706743478775024,0.30241046845912933,0.15120581215179152,0.0,0.0,2
4.34,PINN Vanilla,0.2508475317209961,0.0007374524875344044,0.0009370526102565266,0.0018582833885333327,0.1759987622499466,0.32691848278045654,0.3018111139535904,0.15090613375362424,0.0,0.0,2
4.345,PINN Vanilla,0.25084681431949163,0.0007345904679279994,0.00093604870256417,0.0018575267508940119,0.17614905536174774,0.32676997780799866,0.30121371150016785,0.15060743138524563,0.0,0.0,2
4.3500000000000005,PINN Vanilla,0.2508461008518936,0.0007317441423470467,0.0009350286005484716,0.0018570115282853794,0.17629946768283844,0.32662174105644226,0.30061614513397217,0.1503086470601672,0.0,0.0,2
4.355,PINN Vanilla,0.2508453697264197,0.0007288273719916826,0.0009339917159543057,0.0018563952879989687,0.1764494776725769,0.3264736831188202,0.30002008378505707,0.15001061524660522,0.0,0.0,2
4.36,PINN Vanilla,0.2508446408957245,0.0007259197564844067,0.0009329336872168097,0.0018554552848969452,0.17659924924373627,0.32632580399513245,0.2994246482849121,0.14971289635862434,0.0,0.0,2
4.365,PINN Vanilla,0.2508439101725819,0.0007230045911997897,0.0009318718665105022,0.0018547179565245875,0.17674878239631653,0.3261783719062805,0.29883070290088654,0.14941592253155087,0.0,0.0,2
4.37,PINN Vanilla,0.2508431691825392,0.0007200484668856443,0.0009307791368009261,0.0018537463037399116,0.17689785361289978,0.32603099942207336,0.298237606883049,0.14911937338919456,0.0,0.0,2
4.375,PINN Vanilla,0.2508424302041533,0.000717100367925899,0.0009296717233025226,0.0018530250850368746,0.17704686522483826,0.3258841633796692,0.29764585196971893,0.14882349480165494,0.0,0.0,2
4.38,PINN Vanilla,0.2508416787832978,0.0007141026306647103,0.0009285484335001115,0.0018521783411158954,0.17719565331935883,0.3257374167442322,0.2970547080039978,0.14852792168908732,0.0,0.0,2
4.385,PINN Vanilla,0.2508409296274187,0.0007111139293576773,0.0009274079866747004,0.0018510701797966322,0.1773441582918167,0.3255908787250519,0.2964644730091095,0.1482328030636732,0.0,0.0,2
4.39,PINN Vanilla,0.2508401805460455,0.00070812552528614,0.0009262661593962335,0.0018501184761288147,0.17749235033988953,0.325444757938385,0.29587578773498535,0.1479384593016028,0.0,0.0,2
4.3950000000000005,PINN Vanilla,0.2508394265025856,0.0007051173253411688,0.0009250946065150234,0.0018489466274075883,0.17764055728912354,0.325298547744751,0.2952869385480881,0.14764403358283254,0.0,0.0,2
4.4,PINN Vanilla,0.2508386605381968,0.0007020615677425603,0.0009239086187843701,0.00184794194456539,0.17778834700584412,0.3251528739929199,0.29469969868659973,0.14735041252984227,0.0,0.0,2
4.405,PINN Vanilla,0.2508378961235287,0.0006990119926386325,0.0009226966525978948,0.0018467481948251097,0.17793603241443634,0.3250073492527008,0.29411327838897705,0.14705720126035107,0.0,0.0,2
4.41,PINN Vanilla,0.25083712856471563,0.0006959498742037803,0.000921480897456854,0.0018456240474490349,0.1780836582183838,0.3248620927333832,0.29352720081806183,0.14676416135486856,0.0,0.0,2
4.415,PINN Vanilla,0.2508363564908507,0.0006928697433073617,0.000920250333598131,0.001844321682733796,0.17823056876659393,0.32471710443496704,0.29294344782829285,0.14647228374440155,0.0,0.0,2
4.42,PINN Vanilla,0.2508355832695963,0.0006897850349867881,0.0009190098312425695,0.0018429822309978805,0.17837755382061005,0.32457244396209717,0.2923600524663925,0.14618058494855232,0.0,0.0,2
4.425,PINN Vanilla,0.2508347941040995,0.0006866367183042202,0.000917733390849286,0.0018419224255900035,0.1785244196653366,0.3244275748729706,0.29177621006965637,0.1458886626344309,0.0,0.0,2
4.43,PINN Vanilla,0.25083400145173096,0.0006834744910080673,0.0009164638559652822,0.0018403460052495157,0.17867080867290497,0.32428380846977234,0.29119597375392914,0.1455985433677053,0.0,0.0,2
4.4350000000000005,PINN Vanilla,0.25083321900665784,0.0006803529849529135,0.0009151684822273309,0.0018390647465259535,0.17881709337234497,0.32413965463638306,0.2906147688627243,0.14530793981138995,0.0,0.0,2
4.44,PINN Vanilla,0.2508324206769469,0.000677168108324073,0.0009138586320520007,0.0018376555565067232,0.17896337807178497,0.3239957094192505,0.29003408551216125,0.14501759702639216,0.0,0.0,2
4.445,PINN Vanilla,0.25083161705732365,0.0006739621279861045,0.0009125268930979546,0.001836162304687028,0.17910908162593842,0.32385218143463135,0.2894555479288101,0.144728327129101,0.0,0.0,2
4.45,PINN Vanilla,0.2508308123946192,0.0006707519863536309,0.000911201580555438,0.0018345332117565283,0.17925472557544708,0.32370883226394653,0.28887689113616943,0.14443899762693727,0.0,0.0,2
4.455,PINN Vanilla,0.2508300079256298,0.0006675426175330477,0.000909845138889022,0.0018329180213677576,0.17939990758895874,0.3235659599304199,0.2883005142211914,0.1441508080679618,0.0,0.0,2
4.46,PINN Vanilla,0.25082918436825297,0.0006642570970193243,0.0009084756767187484,0.0018313000664177959,0.17954497039318085,0.32342299818992615,0.28772448003292084,0.14386278987299506,0.0,0.0,2
4.465,PINN Vanilla,0.2508283675760033,0.0006609985654741353,0.0009071039544027151,0.0018295793130808091,0.1796896904706955,0.3232805132865906,0.2871492952108383,0.1435751963627455,0.0,0.0,2
4.47,PINN Vanilla,0.2508275462985041,0.0006577221403617553,0.0009057179830973138,0.001827905388240958,0.17983439564704895,0.32313811779022217,0.2865750193595886,0.14328805733964944,0.0,0.0,2
4.4750000000000005,PINN Vanilla,0.250826703861356,0.0006543613004137485,0.0009043114864480748,0.0018262193007924088,0.1799788922071457,0.3229959309101105,0.28600162267684937,0.14300135790248877,0.0,0.0,2
4.48,PINN Vanilla,0.2508258654028179,0.0006510163328325355,0.0009028910540658311,0.0018243036983310312,0.18012301623821259,0.3228541910648346,0.2854296714067459,0.14271538117440824,0.0,0.0,2
4.485,PINN Vanilla,0.2508250247091057,0.0006476624481915425,0.0009014610111690216,0.001822366048773505,0.1802668571472168,0.32271263003349304,0.28485822677612305,0.14242965776703623,0.0,0.0,2
4.49,PINN Vanilla,0.25082417306304,0.0006442648699559214,0.0009000193736864156,0.001820616587456747,0.1804107129573822,0.322571337223053,0.28428755700588226,0.14214432179133604,0.0,0.0,2
4.495,PINN Vanilla,0.25082332034409066,0.0006408630115314199,0.0008985665611862024,0.0018187276856869716,0.18055443465709686,0.3224303424358368,0.28371793031692505,0.14185950735827102,0.0,0.0,2
4.5,PINN Vanilla,0.2508224530220034,0.0006374028949811905,0.0008971037517471094,0.0018168292302827016,0.18069787323474884,0.3222891092300415,0.2831481993198395,0.1415746407709425,0.0,0.0,2
4.505,PINN Vanilla,0.2508215854465964,0.0006339417678307627,0.0008956185504479725,0.0018148384218427682,0.18084067106246948,0.3221483826637268,0.2825811505317688,0.14129111529324725,0.0,0.0,2
4.51,PINN Vanilla,0.2508207216858866,0.0006304958591293924,0.0008941270939695193,0.0018128272615997587,0.1809837520122528,0.3220081627368927,0.28201380372047424,0.14100744080337055,0.0,0.0,2
4.515,PINN Vanilla,0.2508198377043011,0.000626969280757915,0.0008926270419653793,0.0018107249525942115,0.18112632632255554,0.3218678832054138,0.2814480662345886,0.1407245709792738,0.0,0.0,2
4.5200000000000005,PINN Vanilla,0.25081895248591923,0.0006234377682798205,0.0008911283857692147,0.0018084366845825262,0.18126890063285828,0.3217281997203827,0.28088290989398956,0.14044199172893093,0.0,0.0,2
4.525,PINN Vanilla,0.2508180565834048,0.0006198636322544842,0.0008895969367992824,0.0018060516217957567,0.18141089379787445,0.3215881884098053,0.28031840920448303,0.1401597403053873,0.0,0.0,2
4.53,PINN Vanilla,0.2508171611428263,0.0006162913390882032,0.0008880632158590944,0.0018040497197915895,0.18155258893966675,0.32144880294799805,0.27975527942180634,0.1398781743378785,0.0,0.0,2
4.535,PINN Vanilla,0.25081625898182414,0.000612692235294508,0.0008865265323195654,0.0018015647837830162,0.18169435858726501,0.3213098347187042,0.2791939079761505,0.13959748754224038,0.0,0.0,2
4.54,PINN Vanilla,0.25081534604728245,0.0006090501512713305,0.0008849805717670549,0.0017994163043023037,0.1818358153104782,0.32117077708244324,0.2786324471235275,0.13931675604294783,0.0,0.0,2
4.545,PINN Vanilla,0.2508144338876011,0.0006054111584954932,0.0008834074214352665,0.0017967889444923113,0.18197716772556305,0.32103192806243896,0.27807165682315826,0.13903635982106358,0.0,0.0,2
4.55,PINN Vanilla,0.250813509270549,0.0006017224679714677,0.000881841782529777,0.0017944711910197753,0.18211811780929565,0.32089340686798096,0.27751240134239197,0.13875673101191396,0.0,0.0,2
4.555,PINN Vanilla,0.2508125772923233,0.0005980044105962703,0.0008802753701900575,0.001791997213683283,0.1822589933872223,0.3207549750804901,0.27695345878601074,0.13847725866555488,0.0,0.0,2
4.5600000000000005,PINN Vanilla,0.2508116407096388,0.0005942679840772657,0.0008786833271786666,0.0017893486807806225,0.1823996603488922,0.32061702013015747,0.2763955742120743,0.13819831531244003,0.0,0.0,2
4.565,PINN Vanilla,0.2508107041716578,0.0005905317358996029,0.000877084496464461,0.001786814201834741,0.18254007399082184,0.32047903537750244,0.2758381515741348,0.1379196029282065,0.0,0.0,2
4.57,PINN Vanilla,0.2508097456097605,0.0005867076249562895,0.0008754766881185023,0.001784159274438979,0.18268056213855743,0.32034170627593994,0.2752819210290909,0.13764148659269884,0.0,0.0,2
4.575,PINN Vanilla,0.25080878712236904,0.0005828838112484718,0.0008738758028890009,0.0017818017128158337,0.1828203946352005,0.32020407915115356,0.27472636103630066,0.1373637055345995,0.0,0.0,2
4.58,PINN Vanilla,0.25080782049894357,0.0005790275394419205,0.0008722573161179247,0.001778877829737624,0.1829603612422943,0.320066899061203,0.2741719037294388,0.13708647582157166,0.0,0.0,2
4.585,PINN Vanilla,0.25080684006214166,0.0005751161602039478,0.0008706301215567389,0.0017759735324162085,0.18309974670410156,0.31992992758750916,0.273618683218956,0.1368098645090969,0.0,0.0,2
4.59,PINN Vanilla,0.2508058660477402,0.0005712304026518491,0.0008689974879999425,0.0017732109581146127,0.1832391321659088,0.3197927176952362,0.27306482195854187,0.13653293282043202,0.0,0.0,2
4.595,PINN Vanilla,0.2508048765808346,0.0005672829984911865,0.000867367927948993,0.0017704393196127932,0.1833779364824295,0.3196566104888916,0.27251455187797546,0.1362577967285539,0.0,0.0,2
4.6000000000000005,PINN Vanilla,0.25080388456583047,0.0005633254288820158,0.0008657320614728033,0.0017676699085247827,0.18351680040359497,0.319520503282547,0.27196408808231354,0.1359825637787578,0.0,0.0,2
4.605,PINN Vanilla,0.25080287559330483,0.0005593002085100566,0.0008640815919215625,0.0017645700430545808,0.18365532159805298,0.3193844258785248,0.2714141011238098,0.1357075692484521,0.0,0.0,2
4.61,PINN Vanilla,0.2508018660098317,0.000555272550808715,0.0008624192140554193,0.001761722823661216,0.18379347026348114,0.3192482590675354,0.27086523175239563,0.13543313351382694,0.0,0.0,2
4.615,PINN Vanilla,0.25080085007846376,0.000551219568656331,0.000860771996390872,0.0017585760921366433,0.18393205106258392,0.3191128075122833,0.2703159302473068,0.1351584817115386,0.0,0.0,2
4.62,PINN Vanilla,0.25079981589317346,0.0005470937638468981,0.0008591196196268942,0.0017555232748623362,0.18406975269317627,0.3189774453639984,0.2697693407535553,0.13488518592010174,0.0,0.0,2
4.625,PINN Vanilla,0.25079877458512806,0.0005429395433390825,0.0008574558679934134,0.001752303228098273,0.18420733511447906,0.3188421428203583,0.26922303438186646,0.13461203169023725,0.0,0.0,2
4.63,PINN Vanilla,0.2507977353334429,0.0005387935265265658,0.0008557791193736203,0.0017492844135480468,0.1843450963497162,0.31870707869529724,0.2686769664287567,0.13433899667011795,0.0,0.0,2
4.635,PINN Vanilla,0.250796686857939,0.0005346107119794686,0.0008541096945688813,0.0017458908809482865,0.18448221683502197,0.31857237219810486,0.2681325376033783,0.13406678121699678,0.0,0.0,2
4.64,PINN Vanilla,0.2507956227809193,0.0005303656563530375,0.0008524415581286631,0.0017425637156840423,0.18461933732032776,0.3184378147125244,0.2675883620977402,0.13379469242422984,0.0,0.0,2
4.6450000000000005,PINN Vanilla,0.2507945510447028,0.0005260900449338943,0.000850761832968241,0.0017393455253079115,0.18475651741027832,0.3183034062385559,0.2670444846153259,0.1335227526436444,0.0,0.0,2
4.65,PINN Vanilla,0.250793482527137,0.000521827274081171,0.0008490908102606052,0.0017359319120381356,0.18489323556423187,0.31816914677619934,0.26650166511535645,0.1332513418563032,0.0,0.0,2
4.655,PINN Vanilla,0.25079237638413926,0.0005174143993836845,0.000847421707258114,0.0017326411983842327,0.18502947688102722,0.3180356025695801,0.2659618854522705,0.13298145099321304,0.0,0.0,2
4.66,PINN Vanilla,0.2507912918478253,0.000513087722933914,0.0008457423934643924,0.0017290185544630576,0.1851658970117569,0.31790170073509216,0.2654206305742264,0.1327108225198246,0.0,0.0,2
4.665,PINN Vanilla,0.25079018820822263,0.0005086848353438154,0.0008440693185745589,0.0017257031023900637,0.1853017956018448,0.3177682161331177,0.2648807317018509,0.13244087205186186,0.0,0.0,2
4.67,PINN Vanilla,0.250789067193866,0.0005042126324732149,0.0008423830065816508,0.0017219801402444945,0.18543735146522522,0.3176349103450775,0.2643421143293381,0.13217156233627947,0.0,0.0,2
4.675,PINN Vanilla,0.25078794945776484,0.0004997535079573427,0.0008407018244176515,0.0017182672840493352,0.18557298183441162,0.3175019323825836,0.26380443572998047,0.13190272200906875,0.0,0.0,2
4.68,PINN Vanilla,0.250786822319031,0.0004952568723421871,0.0008390487643995817,0.0017148040097777484,0.18570825457572937,0.3173690438270569,0.2632676512002945,0.13163432871840244,0.0,0.0,2
4.6850000000000005,PINN Vanilla,0.2507856751829388,0.0004906804587627474,0.0008373748396844255,0.0017109201753509606,0.18584318459033966,0.3172365725040436,0.26273176074028015,0.13136638246428056,0.0,0.0,2
4.69,PINN Vanilla,0.25078452612459684,0.000486096376511591,0.0008356934328910631,0.0017073427010271258,0.18597804009914398,0.31710419058799744,0.2621966600418091,0.13109883109243958,0.0,0.0,2
4.695,PINN Vanilla,0.2507833701670172,0.00048148477026809644,0.0008340286278310225,0.0017035603198478633,0.18611261248588562,0.31697195768356323,0.2616620510816574,0.13083152559069805,0.0,0.0,2
4.7,PINN Vanilla,0.25078220185637495,0.0004768238824060635,0.0008323795330541607,0.0016997019178051076,0.18624737858772278,0.3168399930000305,0.26112788915634155,0.13056444360722874,0.0,0.0,2
4.705,PINN Vanilla,0.2507810245454314,0.0004721270885154945,0.0008307124437013834,0.0016958504165516253,0.18638154864311218,0.31670817732810974,0.2605951875448227,0.13029809178344867,0.0,0.0,2
4.71,PINN Vanilla,0.2507798386961224,0.0004673962314552233,0.0008290602538402697,0.0016916289495817471,0.1865156590938568,0.3165765106678009,0.2600627839565277,0.13003188897185006,0.0,0.0,2
4.715,PINN Vanilla,0.25077864138782047,0.00046261965960014853,0.0008274110084165431,0.0016876307401572643,0.1866498440504074,0.316444993019104,0.2595302164554596,0.12976560420355165,0.0,0.0,2
4.72,PINN Vanilla,0.2507774274647238,0.0004577768042651674,0.0008257707623763187,0.001683757348280579,0.18678319454193115,0.3163140118122101,0.2590011954307556,0.12950109268021281,0.0,0.0,2
4.7250000000000005,PINN Vanilla,0.250776211589575,0.00045292616136431566,0.0008241336777265648,0.0016796535961084436,0.18691672384738922,0.3161829710006714,0.25847122073173523,0.12923610431789323,0.0,0.0,2
4.73,PINN Vanilla,0.2507749865204098,0.0004480388396230375,0.0008225100845823463,0.0016753131736094162,0.18704986572265625,0.3160523474216461,0.2579425722360611,0.12897177905978124,0.0,0.0,2
4.735,PINN Vanilla,0.25077374547719977,0.00044308779062561077,0.0008208853773677683,0.0016712884420202467,0.18718281388282776,0.3159217834472656,0.25741469860076904,0.12870784123334106,0.0,0.0,2
4.74,PINN Vanilla,0.2507724995166066,0.00043811712409609193,0.000819273951031972,0.0016670734781247254,0.18731549382209778,0.31579136848449707,0.2568877190351486,0.12844435044344535,0.0,0.0,2
4.745,PINN Vanilla,0.25077124291658426,0.0004331040123604516,0.0008176706971223331,0.001662608149725131,0.1874479353427887,0.31566134095191956,0.2563614845275879,0.1281812321840033,0.0,0.0,2
4.75,PINN Vanilla,0.25076997113227867,0.00042803032406319076,0.0008160747989653885,0.001658459231916265,0.18758031725883484,0.3155314326286316,0.25583650171756744,0.12791873977572346,0.0,0.0,2
4.755,PINN Vanilla,0.2507686910778286,0.0004229236426436138,0.0008144810414548392,0.0016540651917232307,0.1877124160528183,0.31540176272392273,0.2553114593029022,0.12765621756500733,0.0,0.0,2
4.76,PINN Vanilla,0.25076740048825763,0.00041777493214756523,0.0008129158753749176,0.001649890849837854,0.1878444105386734,0.31527236104011536,0.2547883093357086,0.12739464158164357,0.0,0.0,2
4.765,PINN Vanilla,0.2507660917043688,0.0004125536367823328,0.0008113503858812718,0.0016449956034701452,0.1879761517047882,0.31514284014701843,0.25426459312438965,0.127132782475135,0.0,0.0,2
4.7700000000000005,PINN Vanilla,0.250764790222049,0.00040736147048018564,0.000809802652356035,0.0016406572964042798,0.18810737133026123,0.3150138556957245,0.2537434697151184,0.12687221977460528,0.0,0.0,2
4.775,PINN Vanilla,0.2507634538412096,0.0004020300791462647,0.0008082618557776572,0.0016359525807694286,0.1882387101650238,0.3148849308490753,0.2532215118408203,0.12661123983996742,0.0,0.0,2
4.78,PINN Vanilla,0.2507621252089741,0.000396729600287518,0.0008067323056797359,0.0016315078281048945,0.18836970627307892,0.31475624442100525,0.2527015209197998,0.1263512433857273,0.0,0.0,2
4.785,PINN Vanilla,0.2507607804983856,0.000391364978042973,0.000805232593121896,0.0016268467226746575,0.18850046396255493,0.31462767720222473,0.2521812915802002,0.12609112772174202,0.0,0.0,2
4.79,PINN Vanilla,0.25075942017138025,0.00038593805527212775,0.0008037365897097338,0.0016219867464132287,0.1886311024427414,0.3144993484020233,0.2516627460718155,0.1258318539765821,0.0,0.0,2
4.795,PINN Vanilla,0.25075806039571785,0.00038051333204279974,0.0008022626489991628,0.0016172649626864932,0.1887618899345398,0.31437137722969055,0.2511441707611084,0.12557256533020397,0.0,0.0,2
4.8,PINN Vanilla,0.2507566735595467,0.00037498065293911284,0.0008007954725781613,0.0016122559373121237,0.18889179825782776,0.3142433762550354,0.25062717497348785,0.12531406644838772,0.0,0.0,2
4.805,PINN Vanilla,0.25075527934730074,0.00036941854753728764,0.000799353058087942,0.0016075392709639091,0.18902157247066498,0.3141157329082489,0.25011132657527924,0.12505614126347012,0.0,0.0,2
4.8100000000000005,PINN Vanilla,0.25075388364493867,0.00036385049742864714,0.0007979271926803906,0.0016025634109914644,0.18915148079395294,0.31398817896842957,0.24959568679332733,0.12479832038707957,0.0,0.0,2
4.815,PINN Vanilla,0.25075246411561986,0.00035818739145947686,0.0007965139122461284,0.0015975250160679133,0.18928109109401703,0.31386107206344604,0.24908094108104706,0.12454094654723345,0.0,0.0,2
4.82,PINN Vanilla,0.2507510378062727,0.000352497237074806,0.0007951183549387603,0.0015925259627236898,0.1894102543592453,0.3137338161468506,0.2485669106245041,0.12428393033662287,0.0,0.0,2
4.825,PINN Vanilla,0.2507495959997179,0.000346745257740008,0.0007937582657720113,0.0015873745415242446,0.1895393431186676,0.3136068880558014,0.2480538934469223,0.12402742076742931,0.0,0.0,2
4.83,PINN Vanilla,0.2507481503188612,0.0003409778221678444,0.0007924080080925377,0.0015822856389381412,0.18966837227344513,0.3134801983833313,0.24754123389720917,0.12377109001285352,0.0,0.0,2
4.835,PINN Vanilla,0.2507466827481987,0.00033512305885383397,0.000791075175502572,0.001576991536599237,0.18979723751544952,0.3133535385131836,0.24702875316143036,0.12351484866558662,0.0,0.0,2
4.84,PINN Vanilla,0.25074522484838985,0.00032930687668649285,0.0007897679546920711,0.0015719036884228044,0.1899256855249405,0.31322720646858215,0.2465181052684784,0.1232595237432358,0.0,0.0,2
4.845,PINN Vanilla,0.25074372306466125,0.0003233156229060296,0.0007884856934981321,0.0015665938857243322,0.19005367159843445,0.31310099363327026,0.2460089772939682,0.1230049587830105,0.0,0.0,2
4.8500000000000005,PINN Vanilla,0.2507422285825016,0.0003173534981884304,0.0007872262790107824,0.0015612830046754511,0.19018197059631348,0.3129750192165375,0.2454986572265625,0.12274979777405931,0.0,0.0,2
4.855,PINN Vanilla,0.25074070398509524,0.0003112712309480099,0.000785995394588879,0.0015557927344281297,0.1903100162744522,0.31284937262535095,0.24499015510082245,0.12249554573941511,0.0,0.0,2
4.86,PINN Vanilla,0.25073918299376985,0.0003052033498977904,0.0007847897813085571,0.0015504218397185965,0.19043760001659393,0.3127238154411316,0.24448291957378387,0.1222419270065422,0.0,0.0,2
4.865,PINN Vanilla,0.2507376519441607,0.0002990953420773422,0.0007836119568651247,0.0015449912880640682,0.19056501984596252,0.31259825825691223,0.2439759522676468,0.1219884423846326,0.0,0.0,2
4.87,PINN Vanilla,0.2507360968440773,0.00029289138669009833,0.0007824578869351795,0.0015394761335094653,0.19069218635559082,0.31247299909591675,0.2434697449207306,0.12173533774378578,0.0,0.0,2
4.875,PINN Vanilla,0.2507345345467331,0.00028665871836941893,0.0007813312986607846,0.0015337167088019243,0.19081942737102509,0.3123478889465332,0.24296371638774872,0.12148232251024785,0.0,0.0,2
4.88,PINN Vanilla,0.2507329539805653,0.0002803531679442813,0.0007802343423168279,0.0015281714595164475,0.19094598293304443,0.31222307682037354,0.24245955049991608,0.12123023860284414,0.0,0.0,2
4.885,PINN Vanilla,0.25073136973381066,0.00027403293409366847,0.0007791612838321135,0.0015223902083521534,0.19107265770435333,0.31209835410118103,0.24195541441440582,0.12097816959665858,0.0,0.0,2
4.89,PINN Vanilla,0.2507297655195,0.00026763304117270384,0.000778137362178925,0.0015169396937125268,0.19119898974895477,0.3119739890098572,0.2414531111717224,0.1207270170153891,0.0,0.0,2
4.8950000000000005,PINN Vanilla,0.2507281402051451,0.0002611489712046419,0.0007771362858001656,0.0015110753505773733,0.19132526218891144,0.31184956431388855,0.24095022678375244,0.12047557386036574,0.0,0.0,2
4.9,PINN Vanilla,0.2507265214473011,0.0002546910579460361,0.0007761629722552972,0.0015052447055881601,0.1914510577917099,0.3117256164550781,0.24044977128505707,0.12022534515462141,0.0,0.0,2
4.905,PINN Vanilla,0.25072487546503563,0.00024812453489555635,0.0007752215382997461,0.001499269435384143,0.19157662987709045,0.3116016983985901,0.2399495244026184,0.1199752207574041,0.0,0.0,2
4.91,PINN Vanilla,0.25072321537137054,0.00024150171547255813,0.0007743301175539908,0.001493418250215539,0.19170242547988892,0.31147781014442444,0.23944826424121857,0.1197245897187698,0.0,0.0,2
4.915,PINN Vanilla,0.25072154597938084,0.00023484180107948363,0.0007734582330251081,0.0014871849987300734,0.1918279528617859,0.3113544285297394,0.23894990980625153,0.11947541154890488,0.0,0.0,2
4.92,PINN Vanilla,0.2507198686152699,0.0002281500825054119,0.0007726309455087185,0.0014811960166088989,0.1919531226158142,0.31123101711273193,0.23845085501670837,0.1192258832004135,0.0,0.0,2
4.925,PINN Vanilla,0.2507181660681965,0.00022135789838757745,0.0007718381485875683,0.001475272975616615,0.19207803905010223,0.31110772490501404,0.23795297741889954,0.11897694345003894,0.0,0.0,2
4.93,PINN Vanilla,0.2507164560109379,0.00021453575294780094,0.0007710896186884002,0.001468969325407965,0.19220298528671265,0.31098484992980957,0.237455815076828,0.11872836132889993,0.0,0.0,2
4.9350000000000005,PINN Vanilla,0.2507147298753264,0.000207649464122669,0.000770359140398099,0.0014627442448927885,0.1923275738954544,0.31086209416389465,0.2369600087404251,0.11848045721318662,0.0,0.0,2
4.94,PINN Vanilla,0.25071299141645453,0.00020071401257270975,0.0007696842538135925,0.0014566526407724933,0.19245155155658722,0.3107394278049469,0.2364652156829834,0.11823305973889035,0.0,0.0,2
4.945,PINN Vanilla,0.2507112300693991,0.00019368725032751894,0.0007690479600246091,0.0014501339298494398,0.1925756186246872,0.31061694025993347,0.23597045242786407,0.11798567716581222,0.0,0.0,2
4.95,PINN Vanilla,0.25070945982635046,0.0001866249981832205,0.0007684532727243678,0.0014440411983903112,0.19269947707653046,0.3104947507381439,0.23547708988189697,0.11773899494998703,0.0,0.0,2
4.955,PINN Vanilla,0.25070767818391343,0.00017951726903220512,0.0007678927608633511,0.0014374510529228113,0.19282349944114685,0.3103727400302887,0.234983891248703,0.11749239469086166,0.0,0.0,2
4.96,PINN Vanilla,0.25070587570965314,0.00017232643288147854,0.0007673947855436651,0.0014340099561480912,0.19294682145118713,0.31025105714797974,0.2344922572374344,0.11724657674568903,0.0,0.0,2
4.965,PINN Vanilla,0.2507040661275389,0.00016510724047955706,0.0007669276662175023,0.001437393397304726,0.19307003915309906,0.3101290464401245,0.23400022089481354,0.11700055763407141,0.0,0.0,2
4.97,PINN Vanilla,0.25070223295688654,0.00015779394337011663,0.0007665206839754011,0.0014406626228884167,0.19319294393062592,0.3100077211856842,0.23351037502288818,0.11675563376198765,0.0,0.0,2
4.9750000000000005,PINN Vanilla,0.2507003900557759,0.0001504418273256988,0.0007661389015603125,0.0014440034566396975,0.1933160424232483,0.3098864257335663,0.2330201417207718,0.11651051617406796,0.0,0.0,2
4.98,PINN Vanilla,0.2506985294669869,0.00014301914761249404,0.0007658127152920015,0.0014472707727624656,0.1934385597705841,0.3097653388977051,0.23253163695335388,0.11626626285680083,0.0,0.0,2
4.985,PINN Vanilla,0.25069666056334994,0.0001355632964356315,0.0007655342883122322,0.0014503210479352435,0.19356107711791992,0.3096441328525543,0.2320423126220703,0.11602159975603465,0.0,0.0,2
4.99,PINN Vanilla,0.2506947751790287,0.00012804169680244492,0.0007653132199397869,0.0014536820505433312,0.1936836540699005,0.30952343344688416,0.2315542846918106,0.1157775848582579,0.0,0.0,2
4.995,PINN Vanilla,0.25069287341833135,0.00012045476484236264,0.000765143239435491,0.0014571923697881128,0.19380588829517365,0.3094027042388916,0.23106670379638672,0.11553379347875335,0.0,0.0,2
5.0,PINN Vanilla,0.250690948083997,0.00011277378762194917,0.0007650089075105503,0.0014603855993116643,0.19392745196819305,0.30928224325180054,0.23058131337165833,0.11529109733878266,0.0,0.0,2
0.0,PINN Conservative,0.2506576843746009,1.992929130795023e-05,7.980067180905615e-05,0.00035504476396631084,-0.0003511272370815277,1.000023603439331,2.000508952885866,1.0002582995202054,2.3603439331054688e-05,0.0003511272370815277,1
0.005,PINN Conservative,0.25066339848935626,2.8667418212992013e-06,0.00013412811200764864,0.0003854267328055792,-0.00037940964102745056,0.9953039884567261,1.9911614507436752,0.9955845305855443,0.0,0.00037940964102745056,1
0.01,PINN Conservative,0.25066774065047526,2.0189468605587967e-05,0.00022907768167260278,0.0005369995350166246,-0.0004080869257450104,0.990623950958252,1.9818920344114304,0.9909498047050823,0.0,0.0004080869257450104,1
0.015,PINN Conservative,0.25067081886157416,3.2469761388233796e-05,0.00032041905869783604,0.0007575802795392605,-0.0004373006522655487,0.9859846234321594,1.9727031253278255,0.986355332602794,0.0,0.0004373006522655487,1
0.02,PINN Conservative,0.25067272674664876,4.0081126092871094e-05,0.00040344885412016407,0.0009582014067020528,-0.0004667229950428009,0.981386125087738,1.9635946936905384,0.981801099377461,0.0,0.0004667229950428009,1
0.025,PINN Conservative,0.25067352725565456,4.327469685542344e-05,0.00047781936537523797,0.001140299596553207,-0.0004960335791110992,0.9768297076225281,1.9545686841011047,0.9772880773335676,0.0,0.0004960335791110992,1
0.03,PINN Conservative,0.25067331145703814,4.241378442720178e-05,0.0005437849345172396,0.0013046241032488304,-0.0005251951515674591,0.9723160266876221,1.9456262700259686,0.9728168532065783,0.0,0.0005251951515674591,1
0.035,PINN Conservative,0.2506721656676384,3.7842743376391925e-05,0.000601936185258099,0.001452184803836909,-0.0005548261106014252,0.9678454995155334,1.9367690719664097,0.96838823725023,0.0,0.0005548261106014252,1
0.04,PINN Conservative,0.2506701557748022,2.982442634177277e-05,0.0006528285988098877,0.001584339424528347,-0.000583890825510025,0.9634189605712891,1.9279976673424244,0.9640025181756242,0.0,0.000583890825510025,1
0.045,PINN Conservative,0.25066734702512644,1.8619129738365314e-05,0.000697018794255392,0.001701837456276667,-0.0006267502903938293,0.959036111831665,1.9193120561540127,0.959659695982761,0.0,0.0006267502903938293,1
0.05,PINN Conservative,0.2506638226956131,4.559080932195109e-06,0.0007351482410119963,0.001805664388125905,-0.0006759203970432281,0.9546979069709778,1.910713516175747,0.9553604095613684,0.0,0.0006759203970432281,1
0.055,PINN Conservative,0.25065963286533977,1.2155933344918974e-05,0.0007677148788518117,0.0018963845766422627,-0.0007232539355754852,0.950404703617096,1.9022032767534256,0.9511052735866949,0.0,0.0007232539355754852,1
0.06,PINN Conservative,0.25065483801066896,3.128464717117299e-05,0.0007952843900579274,0.001975143507522703,-0.0007691197097301483,0.9461563229560852,1.8937803283333778,0.9468937832799759,0.0,0.0007691197097301483,1
0.065,PINN Conservative,0.2506494995877149,5.2581885978812745e-05,0.0008183045405571236,0.002042583695949618,-0.0008126348257064819,0.9419527649879456,1.8854447677731514,0.9427259870701703,0.0,0.0008126348257064819,2
0.07,PINN Conservative,0.2506436757557096,7.58156278644612e-05,0.0008372806293976702,0.0020994388872235814,-0.0008545033633708954,0.9377949237823486,1.8771982938051224,0.9386027343267126,0.0,0.0008545033633708954,2
0.075,PINN Conservative,0.25063741340860746,0.00010079879290743297,0.0008526395762517668,0.002146342384083899,-0.0008950494229793549,0.9336820244789124,1.8690402656793594,0.9345237046734126,0.0,0.0008950494229793549,2
0.08,PINN Conservative,0.25063075742870594,0.0001273523265409998,0.0008647571424350255,0.0021841039598333722,-0.0009338445961475372,0.9296141862869263,1.8609703220427036,0.9304887174330002,0.0,0.0009338445961475372,2
0.085,PINN Conservative,0.25062375905364775,0.00015527182002468302,0.0008740647416765684,0.002213249341610213,-0.0009707175195217133,0.9255916476249695,1.8529880158603191,0.9264975490872033,0.0,0.0009707175195217133,2
0.09,PINN Conservative,0.2506164567396047,0.00018440385533942516,0.0008808610783423999,0.0022348238290337274,-0.0010059140622615814,0.9216141104698181,1.845094196498394,0.9225506243207389,0.0,0.0010059140622615814,2
0.095,PINN Conservative,0.25060888723097763,0.0002146018434482408,0.0008855286561334578,0.0022488827253085986,-0.0010394975543022156,0.9176812171936035,1.8372871279716492,0.9186470751376501,0.0,0.0010394975543022156,2
0.1,PINN Conservative,0.2506011110618713,0.0002456242880711414,0.000888319897895059,0.0022560092113528274,-0.0010710060596466064,0.9137930870056152,1.8295663185417652,0.9147866556678373,0.0,0.0010710060596466064,2
0.105,PINN Conservative,0.2505931435618552,0.00027741003303775457,0.0008895702198554279,0.0022569918034358594,-0.0011006221175193787,0.9099492430686951,1.8219318352639675,0.9109693994390415,0.0,0.0011006221175193787,2
0.11,PINN Conservative,0.25058501993492266,0.00030981863465183684,0.0008894524473305613,0.00225226583067506,-0.0011285357177257538,0.90614914894104,1.8143821246922016,0.9071945297252667,0.0,0.0011285357177257538,2
0.115,PINN Conservative,0.25057677909731885,0.0003426948394660633,0.0008882566522857633,0.002242067725242436,-0.0011543519794940948,0.9023934602737427,1.8069181554019451,0.9034625308161026,0.0,0.0011543519794940948,2
0.12,PINN Conservative,0.2505684522259983,0.00037591426935390163,0.0008861727852260182,0.002227195669424198,-0.0011786185204982758,0.8986806869506836,1.7995374165475368,0.8997721472839204,0.0,0.0011786185204982758,2
0.125,PINN Conservative,0.25056004616990707,0.00040944960095738297,0.0008833630675683886,0.0022076378559157117,-0.0012004934251308441,0.8950110077857971,1.7922392450273037,0.8961230475766162,0.0,0.0012004934251308441,2
0.13,PINN Conservative,0.2505516151506456,0.00044308452126015803,0.0008800191971659667,0.002184479783997495,-0.0012207813560962677,0.891383707523346,1.78502357006073,0.8925151963037969,0.0,0.0012207813560962677,2
0.135,PINN Conservative,0.2505431717243048,0.0004767689386774163,0.0008762529723300394,0.0021576535317075485,-0.0012387484312057495,0.8877988457679749,1.7778888121247292,0.8889478037009009,0.0,0.0012387484312057495,2
0.14,PINN Conservative,0.250534731840715,0.0005104392225545787,0.0008722138701368713,0.002127389435266358,-0.001254737377166748,0.8842557072639465,1.7708340026438236,0.885420385478338,0.0,0.001254737377166748,2
0.145,PINN Conservative,0.2505263308361175,0.0005439544016021641,0.0008680001025002899,0.0020943969338621526,-0.0012687966227531433,0.880753755569458,1.763858500868082,0.8819326212599184,0.0,0.0012687966227531433,2
0.15,PINN Conservative,0.250517980642617,0.0005772668735811443,0.0008636876764482454,0.0020591658790741763,-0.0012807287275791168,0.8772925138473511,1.7569609507918358,0.8784838330402163,0.0,0.0012807287275791168,2
0.155,PINN Conservative,0.25050969417206964,0.0006103251276080913,0.0008593757890561289,0.0020210782466428268,-0.0012905150651931763,0.873871922492981,1.7501408718526363,0.8750737805370888,0.0,0.0012905150651931763,2
0.16,PINN Conservative,0.250501492276788,0.0006430459749428572,0.0008550981361410292,0.00198147776797275,-0.0012983642518520355,0.8704909682273865,1.7433966025710106,0.8717016330076245,0.0,0.0012983642518520355,2
0.165,PINN Conservative,0.25049339352175615,0.0006753553519706742,0.0008509142479316983,0.0019400042439940979,-0.0013039559125900269,0.8671492338180542,1.7367266230285168,0.8683666304896978,0.0,0.0013039559125900269,2
0.17,PINN Conservative,0.2504854121189567,0.0007071965610509492,0.0008468603177363087,0.0018976333881793872,-0.001307271420955658,0.8638477921485901,1.7301334850490093,0.8650700489001124,0.0,0.001307271420955658,2
0.17500000000000002,PINN Conservative,0.25047755346447254,0.0007385480749147811,0.0008429496422750368,0.001853840065399237,-0.0013088583946228027,0.8605846166610718,1.7236132137477398,0.8618099007888981,0.0,0.0013088583946228027,2
0.18,PINN Conservative,0.2504698435775938,0.0007693060915517495,0.0008392064155291198,0.001809491006825814,-0.0013081170618534088,0.8573593497276306,1.7171648852527142,0.8585857242182922,0.0,0.0013081170618534088,2
0.185,PINN Conservative,0.2504622718766334,0.0007995128258102342,0.0008356324478268906,0.0017645388428147446,-0.0013051964342594147,0.8541711568832397,1.7107861265540123,0.8553963326787996,0.0,0.0013051964342594147,2
0.19,PINN Conservative,0.2504548772238197,0.0008290132397390765,0.0008322259312490076,0.0017193183295661774,-0.0012998320162296295,0.8510193824768066,1.7044757641851902,0.8522411394349559,0.0,0.0012998320162296295,2
0.195,PINN Conservative,0.2504476442411544,0.0008578686827115661,0.0008290002795325254,0.0016743397896822332,-0.001292593777179718,0.8479037880897522,1.6982346139848232,0.8491205524076079,0.0,0.001292593777179718,2
0.2,PINN Conservative,0.25044058925472223,0.0008860140230345121,0.0008259304039792319,0.0016291801182501398,-0.0012831315398216248,0.8448235392570496,1.6920591183006763,0.846032792763839,0.0,0.0012831315398216248,2
0.20500000000000002,PINN Conservative,0.2504337243232878,0.0009134011531691195,0.000823014293307728,0.0015845195061136574,-0.0012715868651866913,0.8417782187461853,1.6859499029815197,0.8429781734292306,0.0,0.0012715868651866913,2
0.21,PINN Conservative,0.2504270480703565,0.0009400355645377293,0.000820231092023667,0.0015774565837878489,-0.001257479190826416,0.8387671113014221,1.6799038238823414,0.839955122325268,0.0,0.001257479190826416,2
0.215,PINN Conservative,0.2504205711372199,0.0009658748045038751,0.0008175721482316686,0.0015834221550097031,-0.0012412182986736298,0.8357898592948914,1.6739212460815907,0.8369638219918735,0.0,0.0012412182986736298,2
0.22,PINN Conservative,0.25041430720128144,0.0009908643080902846,0.0008150115963090537,0.0015880429178631963,-0.001223001629114151,0.8328458070755005,1.668001253157854,0.834003814216589,0.0,0.001223001629114151,2
0.225,PINN Conservative,0.2504082416854801,0.0010150622293909925,0.0008125428922745759,0.0015918273498311518,-0.0012020021677017212,0.8299347758293152,1.6621414385735989,0.8310738957260491,0.0,0.0012020021677017212,2
0.23,PINN Conservative,0.2504023984260859,0.0010383734753906448,0.0008101482500655999,0.001594717657710222,-0.0011793188750743866,0.8270556330680847,1.6563424244523048,0.8281743775831827,0.0,0.0011793188750743866,2
0.23500000000000001,PINN Conservative,0.25039676504954717,0.0010608474094477738,0.000807823780451171,0.0015964166582518834,-0.0011542215943336487,0.8242079019546509,1.6506009995937347,0.8253036541817343,0.0,0.0011542215943336487,2
0.24,PINN Conservative,0.25039134337008023,0.0010824767938818881,0.0008055545197022939,0.0015977029611029306,-0.0011266320943832397,0.8213914036750793,1.644916843622923,0.822461565333609,0.0,0.0011266320943832397,2
0.245,PINN Conservative,0.25038615506328665,0.0011031751555030252,0.0008033062513614758,0.0015978008699917435,-0.001096978783607483,0.8186057209968567,1.6392899826169014,0.8196481240773725,0.0,0.001096978783607483,2
0.25,PINN Conservative,0.2503811940494927,0.0011229667487143986,0.0008011101528429083,0.0015968969895569477,-0.001065082848072052,0.8158494234085083,1.6337176598608494,0.8168619520503462,0.0,0.001065082848072052,2
0.255,PINN Conservative,0.25037644398584985,0.0011419167720871741,0.0007989314651898077,0.0015956417363947287,-0.001030758023262024,0.8131228685379028,1.6281991712749004,0.8141026972112513,0.0,0.001030758023262024,2
0.26,PINN Conservative,0.2503719254881146,0.0011599429806036486,0.0007967784094110283,0.0015932989935286404,-0.0009942539036273956,0.8104252815246582,1.6227345652878284,0.8113703837745674,0.0,0.0009942539036273956,2
0.265,PINN Conservative,0.25036763010360324,0.0011770790956128587,0.0007946483258508668,0.0015907664963960193,-0.0009553991258144379,0.807756245136261,1.6173220127820969,0.8086640971780306,0.0,0.0009553991258144379,2
0.27,PINN Conservative,0.25036356899887346,0.0011932805689687355,0.0007925396228711884,0.001587461521464807,-0.0009143427014350891,0.805115282535553,1.6119608916342258,0.8059835263587121,0.0,0.0009143427014350891,2
0.275,PINN Conservative,0.2503597350511702,0.00120857581636944,0.0007904665577890308,0.0015833778042875974,-0.0008713044226169586,0.8025013208389282,1.606649599969387,0.8033278703761364,0.0,0.0008713044226169586,2
0.28,PINN Conservative,0.25035612454265377,0.0012229796698581953,0.0007884095571341512,0.0015791109850912819,-0.0008257552981376648,0.7999148368835449,1.6013879403471947,0.8006970305097334,0.0,0.0008257552981376648,2
0.28500000000000003,PINN Conservative,0.25035274191573287,0.0012364744067779215,0.0007864036035824688,0.0015741714027174196,-0.0007778480648994446,0.7973542809486389,1.5961730889976025,0.7980895948690835,0.0,0.0007778480648994446,2
0.29,PINN Conservative,0.2503495846167209,0.0012490702148701543,0.000784430354982731,0.0015690698446141353,-0.0007275976240634918,0.7948204874992371,1.5910066813230515,0.7955063811585327,0.0,0.0007275976240634918,2
0.295,PINN Conservative,0.2503466533627363,0.001260764233244631,0.0007825214475624646,0.001563613670042117,-0.0006753318011760712,0.7923116683959961,1.5858860276639462,0.792946044543143,0.0,0.0006753318011760712,2
0.3,PINN Conservative,0.2503439505081626,0.0012715470692645126,0.000780678040154578,0.0015577864160021308,-0.0006205104291439056,0.7898284196853638,1.5808114558458328,0.7904087489363141,0.0,0.0006205104291439056,2
0.305,PINN Conservative,0.25034146249480566,0.001281472812330455,0.0007789192140609773,0.0015518754537088364,-0.0005636550486087799,0.7873695492744446,1.575780961662531,0.7878934922311255,0.0,0.0005636550486087799,2
0.31,PINN Conservative,0.25033919024281226,0.0012905377915857022,0.0007772651164692936,0.0015456441201602796,-0.0005044527351856232,0.7849348187446594,1.5707937255501747,0.7853998646440783,0.0,0.0005044527351856232,2
0.315,PINN Conservative,0.25033714158274256,0.0012987107675966549,0.0007757134483493733,0.001539603745731051,-0.0004429817199707031,0.7825254201889038,1.5658521242439747,0.7829290545473196,0.0,0.0004429817199707031,2
0.32,PINN Conservative,0.2503353137020024,0.0013060029609971884,0.0007742919109706185,0.001533358623353207,-0.0003792308270931244,0.7801399230957031,1.5609540529549122,0.7804800095423179,0.0,0.0003792308270931244,2
0.325,PINN Conservative,0.25033369825035356,0.0013124476844376999,0.000772999542826428,0.001527182184639768,-0.0003133900463581085,0.7777769565582275,1.5560963153839111,0.7780511314734267,0.0,0.0003133900463581085,2
0.33,PINN Conservative,0.2503322855215522,0.0013180836602515972,0.0007718785506878592,0.0015213413480999719,-0.0002451986074447632,0.7754372358322144,1.5512803830206394,0.7756431560882922,0.0,0.0002451986074447632,2
0.335,PINN Conservative,0.2503310961332174,0.0013228286359903887,0.0007709316901095712,0.0015155073033170192,-0.00017463788390159607,0.773119330406189,1.546502873301506,0.7732543920986544,0.0,0.00017463788390159607,2
0.34,PINN Conservative,0.2503300991673025,0.0013268059568876027,0.0007701893644194415,0.0015099698023320106,-0.00010228157043457031,0.7708230018615723,1.541764672845602,0.7708852828157535,0.0,0.00010228157043457031,2
0.34500000000000003,PINN Conservative,0.2503293111044916,0.001329949874487136,0.0007696324926181077,0.0015046350891083212,-2.7354806661605835e-05,0.7685481905937195,1.537064105272293,0.7685349900460684,0.0,2.7354806661605835e-05,2
0.35000000000000003,PINN Conservative,0.2503287308700385,0.0013322646764086573,0.0007693011262944418,0.0014998926168231586,4.971027374267578e-05,0.7662944793701172,1.5324010215699673,0.7662034392835086,0.0,0.0,2
0.355,PINN Conservative,0.25032834316790126,0.0013338113850665878,0.0007692026357815045,0.0014951642029749808,0.00012892857193946838,0.7640613317489624,1.5277748219668865,0.7638903306410587,0.0,0.0,2
0.36,PINN Conservative,0.2503281546607616,0.0013345634201910336,0.0007693625417049228,0.0014912239886339658,0.00021071359515190125,0.7618485689163208,1.5231841802597046,0.7615950010145113,0.0,0.0,2
0.365,PINN Conservative,0.25032815609127307,0.0013345577132725264,0.0007697747495661136,0.0014875555501709624,0.00029428303241729736,0.7596555948257446,1.5186293087899685,0.7593175565750456,0.0,0.0,2
0.37,PINN Conservative,0.2503283536229285,0.0013337696755179752,0.0007704500097396953,0.0014845153002208313,0.00038017332553863525,0.7574825882911682,1.5141097754240036,0.7570577812549985,0.0,0.0,2
0.375,PINN Conservative,0.2503287338558587,0.001332252764702442,0.0007714184290680612,0.0014820476298703106,0.000468328595161438,0.7553285360336304,1.509623222053051,0.7548144959954839,0.0,0.0,2
0.38,PINN Conservative,0.2503292981088164,0.001330001719760663,0.0007726616310222318,0.001480143645883547,0.0005582310259342194,0.7531934380531311,1.50517063960433,0.7525881962620055,0.0,0.0,2
0.385,PINN Conservative,0.2503300520870837,0.0013269937798965846,0.0007742032618094076,0.0014786443994744295,0.0006505362689495087,0.7510771155357361,1.5007516108453274,0.750378673437509,0.0,0.0,2
0.39,PINN Conservative,0.25033097958378514,0.0013232936012270026,0.0007760447862526529,0.0014780568162946674,0.0007449239492416382,0.748978853225708,1.4963639453053474,0.7481848322824606,0.0,0.0,2
0.395,PINN Conservative,0.25033208044432126,0.001318901800514829,0.000778179405349572,0.0014779380269232516,0.000841870903968811,0.7468990087509155,1.4920079931616783,0.7460068478861736,0.0,0.0,2
0.4,PINN Conservative,0.2503333539906891,0.0013138210826020126,0.0007806158573008069,0.0014781962135048624,0.0009404756128787994,0.7448366284370422,1.4876838587224483,0.7438447724029115,0.0,0.0,2
0.405,PINN Conservative,0.250334794232622,0.0013080753452093044,0.0007833645700021903,0.0014794854866998402,0.0010412819683551788,0.7427918314933777,1.4833906181156635,0.7416981438949116,0.0,0.0,3
0.41000000000000003,PINN Conservative,0.25033639976754807,0.0013016701837920668,0.000786415568850451,0.0014809642290226953,0.0011438094079494476,0.7407642602920532,1.479128424078226,0.7395670387309171,0.0,0.0,3
0.41500000000000004,PINN Conservative,0.25033816977590345,0.0012946088679389822,0.0007897610951322298,0.0014830194471427138,0.0012489520013332367,0.7387535572052002,1.4748950377106667,0.7374503374569146,0.0,0.0,3
0.42,PINN Conservative,0.2503401058893653,0.0012868848881962803,0.0007933923704017465,0.0014855453054580577,0.0013563446700572968,0.7367594242095947,1.4706901870667934,0.7353479040992884,0.0,0.0,3
0.425,PINN Conservative,0.2503421827647837,0.0012785993491634415,0.0007973199955442359,0.0014887238159847042,0.001465335488319397,0.7347815632820129,1.4665151089429855,0.7332603570585917,0.0,0.0,3
0.43,PINN Conservative,0.2503444324806335,0.0012696242761663836,0.0008015187078995891,0.0014923370358177132,0.0015765242278575897,0.7328197360038757,1.4623682983219624,0.7311869438233081,0.0,0.0,3
0.435,PINN Conservative,0.2503468307014557,0.0012600567536970423,0.0008060009518842582,0.0014959815982855309,0.0016898475587368011,0.7308740615844727,1.4582486115396023,0.7291270925591911,0.0,0.0,3
0.44,PINN Conservative,0.2503493766821923,0.0012498997541086042,0.0008107415153332793,0.0015001706802134883,0.0018046535551548004,0.7289440035820007,1.4541580602526665,0.7270818090984656,0.0,0.0,3
0.445,PINN Conservative,0.25035205246135617,0.0012392249334098266,0.0008157365984017292,0.0015046259453817112,0.0019222460687160492,0.7270289063453674,1.4500927701592445,0.7250491562827726,0.0,0.0,3
0.45,PINN Conservative,0.2503548767920586,0.0012279574774666361,0.0008209940463159459,0.0015094337568005,0.0020417384803295135,0.725129246711731,1.4460534527897835,0.7230294898786952,0.0,0.0,3
0.455,PINN Conservative,0.25035784861631716,0.0012161016070207254,0.0008264650068626056,0.0015141497472876391,0.002162940800189972,0.7232454419136047,1.4420438185334206,0.7210246650878929,0.0,0.0,3
0.46,PINN Conservative,0.2503609444219621,0.0012037511221135518,0.000832162208904914,0.0015190698543119246,0.002286043018102646,0.7213767766952515,1.4380608201026917,0.71903315826081,0.0,0.0,3
0.465,PINN Conservative,0.2503641811702403,0.001190838357120308,0.0008380808349985532,0.001524369667531637,0.002411097288131714,0.7195221185684204,1.434102077037096,0.7170537791626471,0.0,0.0,3
0.47000000000000003,PINN Conservative,0.25036754563450836,0.0011774160787446023,0.0008441821079555006,0.0015293438751235056,0.002538345754146576,0.7176820635795593,1.4301689378917217,0.7150872020735253,0.0,0.0,3
0.47500000000000003,PINN Conservative,0.25037103433534524,0.0011634981678764259,0.0008504838566725672,0.0015647070268480917,0.0026671886444091797,0.7158559560775757,1.4262605383992195,0.7131329948581183,0.0,0.0,3
0.48,PINN Conservative,0.25037465437315426,0.0011490562979881776,0.0008569484343139809,0.0016036639535567873,0.0027984492480754852,0.714043378829956,1.4223748929798603,0.711190164722767,0.0,0.0,3
0.485,PINN Conservative,0.2503783910069617,0.0011341492770911858,0.0008635771497812986,0.001642384228711144,0.0029312781989574432,0.7122446894645691,1.418513797223568,0.7092596094658649,0.0,0.0,3
0.49,PINN Conservative,0.2503822523225101,0.0011187448477206435,0.0008703485205834477,0.0016801705226705474,0.0030660852789878845,0.7104592323303223,1.4146761484444141,0.7073407777423403,0.0,0.0,3
0.495,PINN Conservative,0.25038621660694504,0.0011029296316842612,0.0008772754693817443,0.0017174723484265284,0.0032024607062339783,0.7086871266365051,1.4108623564243317,0.705433874443943,0.0,0.0,3
0.5,PINN Conservative,0.2503903038017454,0.0010866240739447082,0.000884319203761447,0.0017539510798048885,0.003340940922498703,0.7069283127784729,1.407071080058813,0.7035382290158563,0.0,0.0,3
0.505,PINN Conservative,0.2503944925218823,0.0010699134884737797,0.0008914820160704904,0.0017897641020871782,0.003481239080429077,0.7051820755004883,1.4033021070063114,0.7016537352869007,0.0,0.0,3
0.51,PINN Conservative,0.2503987875338646,0.001052778859641384,0.0008987546274587307,0.001824900644015616,0.0036233924329280853,0.7034488320350647,1.3995556309819221,0.6997804901149944,0.0,0.0,3
0.515,PINN Conservative,0.25040319803729677,0.0010351834863138456,0.0009061119611954847,0.0018591121664022145,0.0037674494087696075,0.7017275094985962,1.3958291932940483,0.6979172641496401,0.0,0.0,3
0.52,PINN Conservative,0.25040770775266014,0.001017192314412669,0.0009135662315815248,0.001892779319202724,0.0039131976664066315,0.7000192403793335,1.3921268209815025,0.69606607091794,0.0,0.0,3
0.525,PINN Conservative,0.2504122999776157,0.0009988719766689917,0.0009210974494385416,0.0019253201013158944,0.004060715436935425,0.6983229517936707,1.3884446173906326,0.6942249620856213,0.0,0.0,3
0.53,PINN Conservative,0.250417003406212,0.0009801080003241183,0.0009286922513694448,0.0019572824917671178,0.004210043698549271,0.6966384053230286,1.3847826682031155,0.6923939804936863,0.0,0.0,3
0.535,PINN Conservative,0.25042179921828234,0.0009609754670240245,0.0009363526566355685,0.0019882348249918094,0.00436096265912056,0.6949661374092102,1.3811431862413883,0.6905742325575822,0.0,0.0,3
0.54,PINN Conservative,0.25042668213322783,0.0009414954433230137,0.0009440689603434717,0.0020183084940543355,0.004513733088970184,0.6933054327964783,1.3775226324796677,0.6887639487576542,0.0,0.0,3
0.545,PINN Conservative,0.25043164539150914,0.0009216948958972571,0.0009518330180136498,0.002047610576230832,0.00466807559132576,0.6916563510894775,1.3739229179918766,0.686964084634516,0.0,0.0,3
0.55,PINN Conservative,0.2504366932474079,0.0009015568526085378,0.0009596314848028636,0.002075752055416956,0.004824444651603699,0.6900186538696289,1.3703417368233204,0.6851734872064134,0.0,0.0,3
0.555,PINN Conservative,0.2504418381880971,0.0008810314968149564,0.0009674740775525746,0.002103701842041797,0.004982303828001022,0.688392162322998,1.366780862212181,0.683393043095826,0.0,0.0,3
0.56,PINN Conservative,0.25044705039635323,0.0008602377820980152,0.0009753465726297674,0.0021298852567758417,0.0051419660449028015,0.6867769956588745,1.363239150494337,0.6816221804685076,0.0,0.0,3
0.5650000000000001,PINN Conservative,0.25045233574137116,0.0008391522937439238,0.0009832568440022778,0.0021555324005852264,0.005302909761667252,0.6851727962493896,1.3597178235650063,0.6798615102744022,0.0,0.0,3
0.5700000000000001,PINN Conservative,0.250457696169615,0.0008177672664798396,0.0009911957636020386,0.0021802594626059157,0.005465857684612274,0.6835792064666748,1.3562130257487297,0.6781091046684119,0.0,0.0,3
0.5750000000000001,PINN Conservative,0.2504631271529945,0.0007961007647828428,0.000999146746284182,0.0022041346905077794,0.005630139261484146,0.681996762752533,1.3527286723256111,0.676366921298071,0.0,0.0,3
0.58,PINN Conservative,0.25046861752681454,0.0007741973293686583,0.001007130421722328,0.0022269119541446433,0.005796309560537338,0.6804246306419373,1.3492611646652222,0.6746331608412879,0.0,0.0,3
0.585,PINN Conservative,0.2504741893205794,0.0007519690751786077,0.001015126076766559,0.002248757234009996,0.005963869392871857,0.678862988948822,1.3458127230405807,0.6729089334388149,0.0,0.0,3
0.59,PINN Conservative,0.25047981141693915,0.0007295401425513581,0.0010231428480189859,0.002307246351643819,0.006133038550615311,0.6773120760917664,1.342381626367569,0.6711933785453037,0.0,0.0,3
0.595,PINN Conservative,0.25048549166508044,0.0007068792177441039,0.0010311828307531614,0.0023681457443158844,0.006303746253252029,0.6757710576057434,1.3389676213264465,0.6694863695004003,0.0,0.0,3
0.6,PINN Conservative,0.2504912360794844,0.0006839623064345244,0.0010392469049175957,0.002428764122362366,0.006476294249296188,0.6742401123046875,1.335570901632309,0.6677880031620225,0.0,0.0,3
0.605,PINN Conservative,0.2504970297291877,0.0006608489745835991,0.0010473375922828766,0.0024889390636671288,0.006650090217590332,0.6727194786071777,1.3321917913854122,0.6660984415809176,0.0,0.0,3
0.61,PINN Conservative,0.2505028636902573,0.0006375748235538016,0.0010554410468794823,0.002548763377223459,0.006825484335422516,0.6712085008621216,1.3288290984928608,0.6644170887083598,0.0,0.0,3
0.615,PINN Conservative,0.2505087541546675,0.0006140752566759666,0.0010635741065631403,0.002611820269962626,0.007002301514148712,0.6697075366973877,1.3254844285547733,0.6627447473474769,0.0,0.0,3
0.62,PINN Conservative,0.25051468630321344,0.0005904093940584938,0.0010717315461037961,0.002680111549900165,0.007180493324995041,0.6682159304618835,1.3221554346382618,0.6610802440273396,0.0,0.0,3
0.625,PINN Conservative,0.25052066061832035,0.0005665753111021129,0.001079919311842139,0.002748067277918242,0.007360342890024185,0.6667339205741882,1.3188424557447433,0.6594237482493043,0.0,0.0,3
0.63,PINN Conservative,0.2505266655310991,0.0005426191610240832,0.0010881555500461676,0.0028156457847069404,0.007541682571172714,0.6652616262435913,1.3155458085238934,0.657775418338814,0.0,0.0,3
0.635,PINN Conservative,0.25053271315060577,0.0005184926356514618,0.0010964000755058832,0.0028832984161877495,0.0077242664992809296,0.6637986898422241,1.3122650794684887,0.6561350475414668,0.0,0.0,3
0.64,PINN Conservative,0.250538787044585,0.0004942612902372125,0.0011047006823154942,0.002950941942870394,0.007908519357442856,0.6623453497886658,1.3090010806918144,0.6545030419154573,0.0,0.0,3
0.645,PINN Conservative,0.2505448941495272,0.00046989745217191367,0.0011130342163436612,0.0030181201953239332,0.008093960583209991,0.6609011888504028,1.3057530783116817,0.6528790345182884,0.0,0.0,3
0.65,PINN Conservative,0.25055102720670425,0.0004454300796080965,0.001121424587457424,0.003085166633792261,0.008280836045742035,0.6594663262367249,1.3025203943252563,0.6512626863472475,0.0,0.0,3
0.655,PINN Conservative,0.25055718664452453,0.0004208574634426568,0.0011298602111891568,0.0031517568680059106,0.008469369262456894,0.658039927482605,1.2993003390729427,0.6496526525673967,0.0,0.0,3
0.66,PINN Conservative,0.2505633627716454,0.0003962182665615935,0.001138348323031101,0.0032184548196966672,0.008658990263938904,0.6566225290298462,1.2960976287722588,0.6480512912965077,0.0,0.0,3
0.665,PINN Conservative,0.2505695620700719,0.00037148662949116755,0.001146904641589237,0.0032845835309313802,0.008849851787090302,0.6552141308784485,1.29290921241045,0.6464570770223729,0.0,0.0,3
0.67,PINN Conservative,0.2505757622476669,0.00034675148504375154,0.0011555143211876334,0.003350460581301916,0.009042266756296158,0.6538143754005432,1.2897351123392582,0.6448700209209056,0.0,0.0,3
0.675,PINN Conservative,0.25058198348432803,0.00032193232702834004,0.0011641974208184572,0.0034163118112396397,0.009235825389623642,0.6524229049682617,1.2865754067897797,0.6432901621078038,0.0,0.0,3
0.68,PINN Conservative,0.25058820481412136,0.000297112797468891,0.0011729552010100591,0.003481910465952626,0.00943063199520111,0.6510398387908936,1.2834303341805935,0.6417176197928124,0.0,0.0,3
0.685,PINN Conservative,0.2505944396033885,0.00027223957234607203,0.0011817806070912643,0.0035467720789173996,0.009626992046833038,0.6496657133102417,1.2802992388606071,0.6401520661491322,0.0,0.0,3
0.6900000000000001,PINN Conservative,0.25060067050159,0.0002473818703383728,0.0011953476838688067,0.0036116939367792098,0.009824376553297043,0.6482994556427002,1.2771820351481438,0.6385934583357612,0.0,0.0,3
0.6950000000000001,PINN Conservative,0.250606909055263,0.00022249362740020122,0.0012044784862356521,0.0036759431495237797,0.010023076087236404,0.6469416618347168,1.2740792632102966,0.6370420664372781,0.0,0.0,3
0.7000000000000001,PINN Conservative,0.2506131352540108,0.0001976546735113558,0.0012137061179259387,0.0037400707476368845,0.01022326946258545,0.6455916166305542,1.270988304167986,0.6354965810091383,0.0,0.0,3
0.705,PINN Conservative,0.25061936079151953,0.00017281835758626215,0.0012230179881792776,0.003803836699847841,0.010424487292766571,0.6442499756813049,1.267911747097969,0.6339582965946683,0.0,0.0,3
0.71,PINN Conservative,0.2506255805101248,0.00014800525574103232,0.0012324301986023271,0.0038672515068880215,0.01062684878706932,0.6429163813591003,1.2648496963083744,0.6324272653481318,0.0,0.0,3
0.715,PINN Conservative,0.25063177383318563,0.00012329745694461276,0.0012419404348108867,0.003930187967999277,0.010830458253622055,0.6415904760360718,1.2617993243038654,0.6309020735164568,0.0,0.0,3
0.72,PINN Conservative,0.25063796216994544,9.8609550622975e-05,0.0012515485271937868,0.003992604089613548,0.011035330593585968,0.6402726173400879,1.258763127028942,0.6293839690766633,0.0,0.0,3
0.725,PINN Conservative,0.25064412982016826,7.400417169229667e-05,0.0012612842261830858,0.004054727598569883,0.011241350322961807,0.6389620900154114,1.2557383999228477,0.6278715997432044,0.0,0.0,3
0.73,PINN Conservative,0.2506502832733097,4.9455430955244974e-05,0.0012711033391141896,0.004116512456422337,0.011448152363300323,0.6376596093177795,1.2527278289198875,0.6263663084883655,0.0,0.0,3
0.735,PINN Conservative,0.25065638873353624,2.5098154359894816e-05,0.0012810561853013104,0.004177902385297789,0.011656522750854492,0.6363646984100342,1.249729109928012,0.6248669432617189,0.0,0.0,3
0.74,PINN Conservative,0.2506624914724382,7.517342853922805e-07,0.0012911212000367204,0.004239022409511746,0.011865857988595963,0.635077178478241,1.246744429692626,0.6233745974401458,0.0,0.0,3
0.745,PINN Conservative,0.25066855898685775,2.3454160353094287e-05,0.00130129845691893,0.004299277020761948,0.012076225131750107,0.6337972283363342,1.2437707874923944,0.6218877706572442,0.0,0.0,3
0.75,PINN Conservative,0.2506745879817756,4.750638432263985e-05,0.0013115959185201547,0.004359277110616046,0.012287801131606102,0.6325243711471558,1.2408093586564064,0.6204070505798047,0.0,0.0,3
0.755,PINN Conservative,0.2506805865559729,7.143724710445163e-05,0.0013220245369773172,0.004418951469016916,0.012500349432229996,0.6312593817710876,1.237861268222332,0.6189329997288124,0.0,0.0,3
0.76,PINN Conservative,0.25068654864653966,9.522256117284892e-05,0.0013325636865672533,0.00447796263405496,0.012714222073554993,0.6300011277198792,1.2349238116294146,0.6174642658187205,0.0,0.0,3
0.765,PINN Conservative,0.2506924699638041,0.00011884521320354037,0.0013432355610818382,0.004536601603647239,0.012928957119584084,0.6287503838539124,1.2319985423237085,0.6160016255755248,0.0,0.0,3
0.77,PINN Conservative,0.25069834539108,0.0001422847905595158,0.0013540395352567719,0.004594707614790451,0.013144783675670624,0.6275065541267395,1.2290850635617971,0.6145448806267588,0.0,0.0,3
0.775,PINN Conservative,0.2507041803896429,0.00016556308059123367,0.0013649562697650019,0.004652460722868347,0.013361580669879913,0.6262696981430054,1.2261839490383863,0.6130943178208718,0.0,0.0,3
0.78,PINN Conservative,0.2507099595088514,0.00018861844412069643,0.0013760037218262476,0.004709452194177219,0.0135794747620821,0.6250401735305786,1.2232935223728418,0.6116490989643429,0.0,0.0,3
0.785,PINN Conservative,0.25071569152735196,0.00021148590290140482,0.00138717848564321,0.004766149710436906,0.013798350468277931,0.6238172054290771,1.2204149160534143,0.6102097903034619,0.0,0.0,3
0.79,PINN Conservative,0.2507213690355422,0.0002341358968790482,0.00139847658464308,0.004822166663140859,0.014018503949046135,0.6226013898849487,1.2175476904958487,0.608776172045261,0.0,0.0,3
0.795,PINN Conservative,0.25072699136659526,0.00025656576579773305,0.001409904431842681,0.004877667866033273,0.014239393174648285,0.6213923692703247,1.2146922312676907,0.60734843697425,0.0,0.0,3
0.8,PINN Conservative,0.25073256446607434,0.0002787992290368688,0.0014214545354338318,0.004932909107937956,0.014460967853665352,0.6201896667480469,1.2118482682853937,0.6059264500481395,0.0,0.0,3
0.805,PINN Conservative,0.25073806534148774,0.0003007445597717955,0.0014331286729720137,0.004987471040748478,0.014683907851576805,0.6189939379692078,1.209014168009162,0.6045093944939097,0.0,0.0,3
0.81,PINN Conservative,0.2507435001824053,0.0003224264508281824,0.0014449225993516041,0.00504143602236784,0.014907624572515488,0.617804765701294,1.2061917148530483,0.6030981625219972,0.0,0.0,3
0.8150000000000001,PINN Conservative,0.2507488696575167,0.00034384756989315365,0.0014568367762365537,0.00509485104153878,0.015132080763578415,0.616622269153595,1.2033804636448622,0.6016925315454561,0.0,0.0,3
0.8200000000000001,PINN Conservative,0.2507541768886151,0.0003650203711272949,0.0014688699250361408,0.005147917469955002,0.015357527881860733,0.6154459714889526,1.2005803361535072,0.6002924624485885,0.0,0.0,3
0.8250000000000001,PINN Conservative,0.2507594190500679,0.00038593358188033003,0.0014810123760596794,0.005199969546910819,0.015584079548716545,0.6142763495445251,1.1977895703166723,0.5988970741968714,0.0,0.0,3
0.8300000000000001,PINN Conservative,0.25076458280161046,0.0004065339821655053,0.0014932766570385314,0.005251929300863982,0.015811264514923096,0.6131131649017334,1.1950110290199518,0.5975077982385735,0.0,0.0,3
0.835,PINN Conservative,0.25076967523247023,0.00042684985392480953,0.0015056564767217668,0.005303135309326475,0.01603955216705799,0.6119563579559326,1.1922416873276234,0.5961231221000524,0.0,0.0,3
0.84,PINN Conservative,0.2507746849730613,0.0004468358390463442,0.0015181383525240673,0.005353717797479627,0.016268538311123848,0.6108058094978333,1.1894839592278004,0.5947442527799781,0.0,0.0,3
0.845,PINN Conservative,0.2507796279583129,0.0004665555087372792,0.001530718946547963,0.005403742357813353,0.016498511657118797,0.6096615791320801,1.1867364067584276,0.5933704712945753,0.0,0.0,3
0.85,PINN Conservative,0.25078447940386855,0.0004859099876630236,0.001543399464874635,0.005453214246307066,0.016729362308979034,0.6085230708122253,1.1839977130293846,0.5920011191962667,0.0,0.0,3
0.855,PINN Conservative,0.2507892540264877,0.000504957987233558,0.0015561778897502025,0.005502147456316131,0.016960961744189262,0.6073909997940063,1.1812708582729101,0.5906376866068674,0.0,0.0,3
0.86,PINN Conservative,0.2507939493376764,0.000523689579788461,0.0015690515015489492,0.005550485611009558,0.017193442210555077,0.6062648892402649,1.1785535924136639,0.589279048484407,0.0,0.0,3
0.865,PINN Conservative,0.2507985626850279,0.0005420941837497958,0.001582012574822682,0.0055981836266659046,0.01742679812014103,0.6051447987556458,1.1758461277931929,0.5879253110000651,0.0,0.0,3
0.87,PINN Conservative,0.2508030816316607,0.0005601221831093683,0.0015950694004765796,0.005645484852656245,0.017660677433013916,0.6040304899215698,1.173148786649108,0.5865766352732625,0.0,0.0,3
0.875,PINN Conservative,0.25080751755647385,0.0005778189731334585,0.0016081933048414795,0.0056918511055413165,0.017895735800266266,0.6029223799705505,1.1704612281173468,0.5852328508713169,0.0,0.0,3
0.88,PINN Conservative,0.2508118636403235,0.0005951573493580302,0.001621392397199699,0.005737836642063865,0.018131494522094727,0.601820170879364,1.1677840631455183,0.5838942632692005,0.0,0.0,3
0.885,PINN Conservative,0.2508161176312717,0.0006121283278453277,0.0016346688880973501,0.005783151486518874,0.018368029966950417,0.6007237434387207,1.1651158351451159,0.5825601441698759,0.0,0.0,3
0.89,PINN Conservative,0.25082027258724,0.0006287042136926802,0.0016480069552434425,0.00582799025555575,0.018605122342705727,0.599632740020752,1.1624578423798084,0.581231142707659,0.0,0.0,3
0.895,PINN Conservative,0.25082433650270125,0.0006449169002514238,0.0016614170590598376,0.005872281354533139,0.018842987716197968,0.5985476970672607,1.159809796139598,0.5799071145269987,0.0,0.0,3
0.9,PINN Conservative,0.2508283104300501,0.0006607705859711093,0.0016748751298624328,0.00591581506084383,0.01908162049949169,0.5974683165550232,1.1571705266833305,0.5785874747550831,0.0,0.0,3
0.905,PINN Conservative,0.2508321879729631,0.0006762397531979986,0.0016883890798329631,0.005958587263239968,0.0193207785487175,0.5963946580886841,1.1545419059693813,0.5772731593746767,0.0,0.0,3
0.91,PINN Conservative,0.25083596656471513,0.0006913141621745989,0.0017019450949942111,0.006000846308452696,0.019560886546969414,0.5953266024589539,1.1519223023205996,0.5759633525440863,0.0,0.0,3
0.915,PINN Conservative,0.25083964431472144,0.0007059862705543568,0.0017155429358461137,0.0060425493753438805,0.01980164274573326,0.5942640900611877,1.1493122670799494,0.5746583299358472,0.0,0.0,3
0.92,PINN Conservative,0.25084322209097465,0.0007202595411288717,0.001729187731002759,0.0060835833196147375,0.020043114200234413,0.5932074189186096,1.1467125602066517,0.5733584715310226,0.0,0.0,3
0.925,PINN Conservative,0.250846700364724,0.0007341358539118017,0.0017428551138664186,0.006124131084209299,0.02028529904782772,0.5921559929847717,1.144120579585433,0.5720624762670027,0.0,0.0,3
0.93,PINN Conservative,0.25085007946006976,0.0007476165018768229,0.0017565464263890717,0.00616390802674149,0.02052813395857811,0.5911099910736084,1.1415384747087955,0.5707714188941464,0.0,0.0,3
0.935,PINN Conservative,0.2508533513993027,0.0007606696585501316,0.0017702694072920043,0.006203157058021647,0.02077156864106655,0.5900693535804749,1.1389658451080322,0.569485099177335,0.0,0.0,3
0.9400000000000001,PINN Conservative,0.2508565255571159,0.0007733327235680878,0.0017840021422952208,0.0062419566195430695,0.021015714854002,0.5890342593193054,1.1364028677344322,0.5682036055925511,0.0,0.0,3
0.9450000000000001,PINN Conservative,0.2508596011679622,0.0007856026428375113,0.0017977437898816996,0.006279821671098694,0.021260825917124748,0.5880039930343628,1.1338461078703403,0.5669252207744033,0.0,0.0,3
0.9500000000000001,PINN Conservative,0.25086255661398194,0.000797393173525517,0.0018114927939239958,0.006317193740570205,0.021506354212760925,0.5869790315628052,1.131299700587988,0.5656520122669095,0.0,0.0,3
0.9550000000000001,PINN Conservative,0.25086541822180175,0.0008088093437384468,0.0018252423759936417,0.006354025833395085,0.021752364933490753,0.5859596729278564,1.1287633907049894,0.5643838524783894,0.0,0.0,3
0.96,PINN Conservative,0.2508681788630786,0.0008198227154853336,0.00183898936064194,0.006390373782729528,0.021999157965183258,0.5849449634552002,1.1262348890304565,0.563119596809024,0.0,0.0,3
0.965,PINN Conservative,0.25087082565203334,0.0008303818819146633,0.0018527213271455896,0.006425650732507306,0.022246673703193665,0.5839356184005737,1.1237148083746433,0.5618595516651114,0.0,0.0,3
0.97,PINN Conservative,0.2508733653444799,0.0008405137948405887,0.0018664447970576262,0.006460771070106952,0.022494737058877945,0.5829315185546875,1.1212041284888983,0.5606042069241983,0.0,0.0,3
0.975,PINN Conservative,0.25087580681033456,0.0008502538401300819,0.0018801398955181187,0.006494844616178139,0.02274312824010849,0.5819319486618042,1.1187015976756811,0.5593529367351224,0.0,0.0,3
0.98,PINN Conservative,0.25087813801132164,0.0008595539919834557,0.0018938155834465258,0.006528658974801163,0.022992337122559547,0.580937385559082,1.1162084564566612,0.5581063613610892,0.0,0.0,3
0.985,PINN Conservative,0.2508803616575899,0.0008684250623363884,0.0019074578902314036,0.006561976163293896,0.023242030292749405,0.5799482464790344,1.1137246564030647,0.5568644565876191,0.0,0.0,3
0.99,PINN Conservative,0.250882477829233,0.000876867370716296,0.001921069755895449,0.006594274224328414,0.023492159321904182,0.5789640545845032,1.111248441040516,0.5556263441741676,0.0,0.0,3
0.995,PINN Conservative,0.2508844893574717,0.0008848922120667038,0.0019346362004499353,0.006625928240014095,0.023743193596601486,0.5779841542243958,1.1087797824293375,0.5543920101508425,0.0,0.0,3
1.0,PINN Conservative,0.25088639100268506,0.0008924786833119668,0.0019481562648316435,0.006657114624461839,0.023994186893105507,0.5770096182823181,1.1063212770968676,0.5531627527862752,0.0,0.0,3
1.0050000000000001,PINN Conservative,0.25088819389976585,0.0008996712062734344,0.001961637154091696,0.006687906950132438,0.024246271699666977,0.5760394334793091,1.1038692649453878,0.5519367420246118,0.0,0.0,3
1.01,PINN Conservative,0.25088988761231323,0.0009064281457110356,0.0019750517175629546,0.006717840761924169,0.024498911574482918,0.5750740766525269,1.1014251466840506,0.5507146782231054,0.0,0.0,3
1.0150000000000001,PINN Conservative,0.25089147704839726,0.0009127690820029238,0.0019884204932518264,0.006747457380058122,0.024751931428909302,0.5741139054298401,1.0989918317645788,0.5494980161131774,0.0,0.0,3
1.02,PINN Conservative,0.2508929531909528,0.0009186580422425874,0.002001723331368481,0.006776180472504827,0.025005392730236053,0.5731577277183533,1.0965645741671324,0.5482843826758379,0.0,0.0,3
1.025,PINN Conservative,0.2508943204544487,0.0009241126376232973,0.0020149625401054702,0.006804369029662433,0.02525964379310608,0.5722068548202515,1.0941465366631746,0.5470753593028629,0.0,0.0,3
1.03,PINN Conservative,0.25089558912254895,0.0009291738940525573,0.0020281256200860866,0.006831971868144552,0.025514166802167892,0.5712599754333496,1.0917364228516817,0.5458702977912628,0.0,0.0,3
1.035,PINN Conservative,0.25089675422385355,0.0009338219785023304,0.002041212085111024,0.006859057601272062,0.02576930820941925,0.5703180432319641,1.0893343295902014,0.5446692465699967,0.0,0.0,3
1.04,PINN Conservative,0.2508978119976821,0.0009380418880195038,0.002054215622673523,0.0068853439611824135,0.026025190949440002,0.5693805813789368,1.0869394112378359,0.5434717828169997,0.0,0.0,3
1.045,PINN Conservative,0.25089877452328824,0.000941881811882645,0.0020671432549259124,0.006911199629365421,0.026281164959073067,0.5684475898742676,1.0845541581511497,0.5422791517153133,0.0,0.0,3
1.05,PINN Conservative,0.25089961973391495,0.0009452537164159922,0.002079984150409091,0.006936211837026855,0.02653781697154045,0.5675190687179565,1.0821750462055206,0.5410895911958913,0.0,0.0,3
1.055,PINN Conservative,0.2509003672655674,0.0009482359379926275,0.0020927316159264943,0.006961224409752768,0.02679489180445671,0.5665948987007141,1.0798048805445433,0.5399045038358921,0.0,0.0,3
1.06,PINN Conservative,0.25090102251619123,0.0009508500113124614,0.0021053983149176155,0.006985297335014212,0.02705231122672558,0.5656754374504089,1.0774435587227345,0.538723838412378,0.0,0.0,3
1.065,PINN Conservative,0.2509015663247558,0.0009530194948780885,0.00211795113926296,0.007008497872766622,0.027310416102409363,0.5647600889205933,1.0750877857208252,0.537545947409418,0.0,0.0,3
1.07,PINN Conservative,0.25090201431512854,0.0009548067189391816,0.0021304089537896795,0.007031498946554884,0.027568738907575607,0.5638494491577148,1.072741724550724,0.5363729123409218,0.0,0.0,3
1.075,PINN Conservative,0.2509023638311776,0.00095620108705645,0.002142770062767174,0.007053818481736827,0.027827274054288864,0.5629428029060364,1.0704030618071556,0.5352035764998306,0.0,0.0,3
1.08,PINN Conservative,0.2509026028122755,0.0009571544842594251,0.002155007030379881,0.007075300410601573,0.028086800128221512,0.562040388584137,1.068070661276579,0.5340373717772029,0.0,0.0,3
1.085,PINN Conservative,0.2509027553536,0.0009577630364562442,0.002167142385398957,0.007096544989877947,0.02834612876176834,0.5611422061920166,1.0657474268227816,0.5328757501104816,0.0,0.0,3
1.09,PINN Conservative,0.2509028090182694,0.0009579771276380486,0.002179167714760019,0.007117086838995267,0.028606384992599487,0.5602483749389648,1.0634310115128756,0.5317175380287378,0.0,0.0,3
1.095,PINN Conservative,0.25090275879949353,0.0009577767835905057,0.0021910799965697766,0.0071371742985817666,0.028867047280073166,0.5593587160110474,1.0611219629645348,0.5305630093418549,0.0,0.0,3
1.1,PINN Conservative,0.25090261998400115,0.0009572229895736549,0.002202870716503202,0.007156580293227362,0.02912810444831848,0.5584732294082642,1.058821115642786,0.5294125812839409,0.0,0.0,3
1.105,PINN Conservative,0.25090238090045774,0.0009562691836720392,0.002214540136168016,0.007175611019144514,0.029389381408691406,0.5575916767120361,1.0565280616283417,0.5282660498945725,0.0,0.0,3
1.11,PINN Conservative,0.25090206184983277,0.0009549963550838463,0.002226080411544262,0.007193502846003012,0.029651368036866188,0.5567147135734558,1.0542418509721756,0.5271229401974212,0.0,0.0,3
1.115,PINN Conservative,0.2509016483537855,0.0009533467435523279,0.00223750251247814,0.0072114542808204875,0.02991381101310253,0.555841326713562,1.051962610334158,0.5259833155226643,0.0,0.0,3
1.12,PINN Conservative,0.25090113491192484,0.0009512984056791541,0.0022487917260523784,0.007228887844928238,0.030176183208823204,0.5549721717834473,1.0496918857097626,0.5248479488709931,0.0,0.0,3
1.125,PINN Conservative,0.25090054110065124,0.0009489294400484345,0.002259952056154875,0.007245437517817106,0.030439557507634163,0.5541070103645325,1.0474270619452,0.5237155326605151,0.0,0.0,3
1.1300000000000001,PINN Conservative,0.2508998473118993,0.0009461616217508964,0.002270980599621596,0.007261609767674811,0.030702747404575348,0.5532456040382385,1.0451700910925865,0.522587042921019,0.0,0.0,3
1.135,PINN Conservative,0.250899083549157,0.0009431146474563385,0.0022818783213948276,0.0072771094399374445,0.03096669167280197,0.5523884296417236,1.042919971048832,0.5214619785990445,0.0,0.0,3
1.1400000000000001,PINN Conservative,0.2508982210997494,0.0009396739700968596,0.002292630575846923,0.007292241724703493,0.031231023371219635,0.5515351295471191,1.040677260607481,0.5203406190924321,0.0,0.0,3
1.145,PINN Conservative,0.2508972848355772,0.0009359388142589463,0.0023032598027189492,0.007306480576266778,0.031495410948991776,0.550685703754425,1.0384417176246643,0.5192228433287841,0.0,0.0,3
1.1500000000000001,PINN Conservative,0.250896252602339,0.0009318207970151624,0.0023137391534952963,0.007320380666951145,0.03176003694534302,0.5498400330543518,1.036213580518961,0.5181087705178459,0.0,0.0,2
1.155,PINN Conservative,0.2508951461650433,0.0009274067482381541,0.0023240828017525674,0.007334056769645842,0.03202537074685097,0.5489982962608337,1.0339927338063717,0.516998342917397,0.0,0.0,2
1.16,PINN Conservative,0.25089396355301163,0.0009226888060532877,0.002334275753885869,0.0073468750770185436,0.03229064121842384,0.5481601357460022,1.03177884593606,0.5158913947513856,0.0,0.0,2
1.165,PINN Conservative,0.2508926930688324,0.0009176203045127486,0.002334025473329688,0.007359434710536884,0.03255651891231537,0.5473262667655945,1.029572732746601,0.5147883339406584,0.0,0.0,2
1.17,PINN Conservative,0.250891347166151,0.0009122509265029285,0.0023439500417390307,0.0073713923236246245,0.03282274305820465,0.5464956760406494,1.027372371405363,0.5136881490650338,0.0,0.0,2
1.175,PINN Conservative,0.2508899228535595,0.0009065687380252485,0.0023537149449998087,0.007382810649315209,0.03308914229273796,0.5456689596176147,1.0251798667013645,0.5125918925230433,0.0,0.0,2
1.18,PINN Conservative,0.25088843295350693,0.0009006248932808961,0.0023633444324973416,0.0073935920984627215,0.03335614502429962,0.5448461174964905,1.0229936055839062,0.5114987577862548,0.0,0.0,2
1.185,PINN Conservative,0.25088685979321623,0.0008943488880482723,0.0023728185902244354,0.00740373612040468,0.03362356871366501,0.5440270900726318,1.020813811570406,0.5104088566138042,0.0,0.0,2
1.19,PINN Conservative,0.25085077169165015,0.0007503781079549793,0.002382151371140176,0.007413785764352452,0.03389087691903114,0.5432117581367493,1.0186425372958183,0.5093232153270917,0.0,0.0,2
1.195,PINN Conservative,0.2508835111409428,0.0008809896904417666,0.0023913356708686138,0.007423289758955294,0.034158967435359955,0.5424003601074219,1.016477819532156,0.5082408523083716,0.0,0.0,2
1.2,PINN Conservative,0.25088173025101446,0.0008738849633677528,0.0024003689714225136,0.007431949126399506,0.03442700207233429,0.5415919423103333,1.014318335801363,0.5071611063160887,0.0,0.0,2
1.205,PINN Conservative,0.2508798800036313,0.0008665035399191292,0.0024092491975149523,0.00744047864415005,0.03469564765691757,0.5407872796058655,1.0121663138270378,0.5060850912162995,0.0,0.0,2
1.21,PINN Conservative,0.2508779670484366,0.0008588719483498327,0.0024179841554254223,0.0074484339368145955,0.03496423363685608,0.5399864315986633,1.0100215300917625,0.505012695249868,0.0,0.0,2
1.215,PINN Conservative,0.25087599501758834,0.0008510046788821997,0.0024265622705328563,0.007455985916245755,0.03523343801498413,0.5391892194747925,1.0078830309212208,0.5039434415778133,0.0,0.0,2
1.22,PINN Conservative,0.2508739552013578,0.0008428669847056408,0.002434984722675119,0.00746291733866911,0.03550310060381889,0.5383956432342529,1.0057511776685715,0.5028775108774055,0.0,0.0,2
1.225,PINN Conservative,0.2508718587495389,0.0008345033470882495,0.0024432659647880754,0.0074742320684398,0.035772647708654404,0.5376049280166626,1.0036252960562706,0.5018145660085841,0.0,0.0,2
1.23,PINN Conservative,0.2508696970678868,0.0008258794799338128,0.0024513908722305776,0.0074851174346154715,0.036042504012584686,0.5368180274963379,1.0015067346394062,0.5007552812514702,0.0,0.0,2
1.235,PINN Conservative,0.2508674694970252,0.000816992752709588,0.002459365726192145,0.007495549418713686,0.036312736570835114,0.536034345626831,0.9993940070271492,0.4996989134078087,0.0,0.0,2
1.24,PINN Conservative,0.2508652063980701,0.0008079642888154438,0.0024671807044028397,0.007505647049064132,0.036582984030246735,0.535254180431366,0.9972877949476242,0.49864580334296477,0.0,0.0,2
1.245,PINN Conservative,0.25086286844685696,0.0007986372074405019,0.0024748438098882624,0.0075148386973638535,0.036853667348623276,0.5344774723052979,0.995188370347023,0.4975960870305539,0.0,0.0,2
1.25,PINN Conservative,0.2508604886941614,0.0007891433621800939,0.002482365114686495,0.007523623367830662,0.03712448477745056,0.5337041616439819,0.9930952489376068,0.49654952232578126,0.0,0.0,2
1.2550000000000001,PINN Conservative,0.25085806121304655,0.0007794591079633524,0.0024897326635328217,0.007531645398863033,0.03739573806524277,0.5329340696334839,0.9910084344446659,0.49550611109129916,0.0,0.0,2
1.26,PINN Conservative,0.25085557234287287,0.0007695299466912014,0.002496945600611448,0.007538956751725716,0.03766719624400139,0.5321671366691589,0.9889273904263973,0.49446558510518085,0.0,0.0,2
1.2650000000000001,PINN Conservative,0.25085304260626456,0.0007594377518368641,0.0025039949976481514,0.00754586476604387,0.037938907742500305,0.531403660774231,0.9868529140949249,0.49342834297501187,0.0,0.0,2
1.27,PINN Conservative,0.25085045901685976,0.000749130715281638,0.0025109044194107514,0.007552361786142464,0.03821089118719101,0.5306437015533447,0.9847848676145077,0.4923943157826582,0.0,0.0,2
1.2750000000000001,PINN Conservative,0.2508478242605927,0.0007386195523591892,0.0025176518844227413,0.0075582037079697725,0.03848307207226753,0.5298869013786316,0.9827230013906956,0.4913633787304179,0.0,0.0,2
1.28,PINN Conservative,0.2508451649285855,0.0007280103463607847,0.0025242653569298745,0.007563323254942973,0.03875558078289032,0.5291332006454468,0.9806667603552341,0.49033525428310304,0.0,0.0,2
1.285,PINN Conservative,0.2508424520492556,0.0007171875173264041,0.0025307164990934937,0.007567990312136147,0.03902852535247803,0.5283826589584351,0.978616151958704,0.48930994616601803,0.0,0.0,2
1.29,PINN Conservative,0.25083970700204394,0.000706236356935479,0.002537017762838988,0.007572279143968463,0.03930149972438812,0.527635395526886,0.9765722304582596,0.4882879815097549,0.0,0.0,2
1.295,PINN Conservative,0.25083691501617456,0.000695097938282748,0.002543171155982206,0.007575364299051569,0.03957467898726463,0.5268911719322205,0.9745345152914524,0.487269120032171,0.0,0.0,2
1.3,PINN Conservative,0.25083409163728376,0.0006838342795208128,0.0025491759948059666,0.007578512111099105,0.03984813764691353,0.526150107383728,0.9725020863115788,0.48625290165815604,0.0,0.0,2
1.305,PINN Conservative,0.2508312248624863,0.0006723974960373891,0.0025648760888955222,0.007580949181535193,0.04012156277894974,0.5254121422767639,0.9704765751957893,0.48524014222940365,0.0,0.0,2
1.31,PINN Conservative,0.25082833695411705,0.0006608764017509173,0.0025705718370589896,0.007582481503291022,0.04039561003446579,0.5246775150299072,0.9684566482901573,0.48423017491640163,0.0,0.0,2
1.315,PINN Conservative,0.25082539874687815,0.0006491546438888218,0.0025760999854334858,0.00758393000069172,0.04066969454288483,0.5239456295967102,0.966441884636879,0.48322278923944373,0.0,0.0,2
1.32,PINN Conservative,0.25082243536785265,0.0006373324650681331,0.002581482463292057,0.007584586546417346,0.04094396159052849,0.5232171416282654,0.9644340761005878,0.48221888113427097,0.0,0.0,2
1.325,PINN Conservative,0.25081945062428734,0.0006254250540149791,0.0025867314728388684,0.007584824928556562,0.04121830314397812,0.5224917531013489,0.9624323733150959,0.48121802591616625,0.0,0.0,2
1.33,PINN Conservative,0.2508164253346624,0.0006133558874917393,0.002591817690936392,0.007584622439983722,0.04149286821484566,0.5217688679695129,0.9604351259768009,0.48021939843017464,0.0,0.0,2
1.335,PINN Conservative,0.2508133848607542,0.0006012261444068789,0.002596775643509169,0.007583913183117463,0.04176782816648483,0.521049439907074,0.9584443904459476,0.47922402686034826,0.0,0.0,2
1.34,PINN Conservative,0.2508103052303197,0.0005889401892911165,0.002601587003387089,0.007582458347910631,0.04204276204109192,0.5203328728675842,0.9564596600830555,0.4782316578859786,0.0,0.0,2
1.345,PINN Conservative,0.2508072179146113,0.0005766235743502848,0.0026062411756932256,0.007580624069066996,0.042317621409893036,0.5196191668510437,0.9544807225465775,0.4772421853358864,0.0,0.0,2
1.35,PINN Conservative,0.2508040965385737,0.0005641710782755676,0.002610762262749183,0.0075782758058802815,0.042593345046043396,0.5189085602760315,0.9525066763162613,0.4762551584482227,0.0,0.0,2
1.355,PINN Conservative,0.2508009553439917,0.0005516395176012686,0.002615146483908303,0.007575585876633026,0.04286870360374451,0.5182008743286133,0.9505391083657742,0.47527137071285386,0.0,0.0,2
1.36,PINN Conservative,0.25079780025780224,0.0005390525373986986,0.002619389979352549,0.0075723749957991165,0.043144576251506805,0.5174959897994995,0.9485761485993862,0.4742898870783411,0.0,0.0,2
1.365,PINN Conservative,0.25079462085291765,0.0005263685395821683,0.0026234861368743304,0.007568502456051493,0.04342031478881836,0.5167939066886902,0.9466195963323116,0.47331160720573,0.0,0.0,2
1.37,PINN Conservative,0.2507914365306499,0.0005136649242335458,0.002627450256959931,0.007564370073413901,0.04369640350341797,0.5160949230194092,0.9446684531867504,0.4723360319042128,0.0,0.0,2
1.375,PINN Conservative,0.2507882201373579,0.0005008333639342132,0.002631275555222935,0.00755953901624843,0.04397276043891907,0.5153987407684326,0.9427226111292839,0.4713631071568736,0.0,0.0,2
1.3800000000000001,PINN Conservative,0.2507850082628431,0.000488019830958244,0.002634959941725665,0.007554038525554786,0.044249292463064194,0.5147051215171814,0.9407818205654621,0.47039270816601036,0.0,0.0,2
1.385,PINN Conservative,0.2507817660160365,0.0004750851299974583,0.002638519128110266,0.0075483945189682156,0.0445258766412735,0.5140148401260376,0.9388476572930813,0.46942562283353273,0.0,0.0,2
1.3900000000000001,PINN Conservative,0.2507785200588407,0.0004621356267166004,0.002641945389384787,0.007542602661761023,0.04480279982089996,0.5133270025253296,0.9369174167513847,0.4684604988738938,0.0,0.0,2
1.395,PINN Conservative,0.2507752712741496,0.00044917484335490023,0.0026452303558967515,0.007535739632935738,0.04507948085665703,0.5126417875289917,0.9349934235215187,0.46749849858210907,0.0,0.0,2
1.4000000000000001,PINN Conservative,0.2507719980441036,0.00043611653707947265,0.002648394916978229,0.007529134701587906,0.045356862246990204,0.5119597315788269,0.933074090629816,0.4665388284683122,0.0,0.0,2
1.405,PINN Conservative,0.2507687239162626,0.0004230546491180703,0.0026514105333210547,0.00752129820212874,0.0456339456140995,0.5112804174423218,0.9311617761850357,0.46558266759138905,0.0,0.0,2
1.41,PINN Conservative,0.25076545704901243,0.00041002172674042993,0.002654313284644358,0.007513507197623566,0.04591166973114014,0.5106038451194763,0.9292529076337814,0.46462822966781425,0.0,0.0,2
1.415,PINN Conservative,0.2507621653378012,0.00039688969123966906,0.002657075285608321,0.007505311278283945,0.04618891701102257,0.5099302530288696,0.9273515716195107,0.46367755802712624,0.0,0.0,2
1.42,PINN Conservative,0.25075888382643485,0.00038379834725653464,0.0026597306535733186,0.007496568117864734,0.04646679759025574,0.5092592239379883,0.9254541881382465,0.46272886266049507,0.0,0.0,2
1.425,PINN Conservative,0.25075559689849636,0.00037068539426428354,0.0026622416707820125,0.007487322670298342,0.0467444509267807,0.5085907578468323,0.9235625118017197,0.4617830208771392,0.0,0.0,2
1.43,PINN Conservative,0.2507523087449374,0.0003575675517510277,0.002664635198557116,0.007478039776327182,0.04702227935194969,0.5079250335693359,0.9216759353876114,0.4608397290647388,0.0,0.0,2
1.435,PINN Conservative,0.25074901440739655,0.00034442503870468744,0.0026669002971285018,0.007467944726463435,0.047300104051828384,0.5072621703147888,0.9197954647243023,0.45989949013940645,0.0,0.0,2
1.44,PINN Conservative,0.25074572933465267,0.0003313194868724724,0.0026690624328330817,0.007457755624346245,0.04757852479815483,0.5066015720367432,0.9179182015359402,0.45896085495767724,0.0,0.0,2
1.445,PINN Conservative,0.2507424379102888,0.0003181885957276395,0.0026710843289686264,0.007447059014455783,0.04785677045583725,0.5059438347816467,0.9160471633076668,0.4580253322678886,0.0,0.0,2
1.45,PINN Conservative,0.250739157099277,0.00030510004575679244,0.002672994641326733,0.007435950818702353,0.04813506826758385,0.5052884221076965,0.9141807481646538,0.4570921211295651,0.0,0.0,2
1.455,PINN Conservative,0.2507358869723978,0.00029205411933296574,0.0026747807604902392,0.00742459862805319,0.04841349273920059,0.5046356916427612,0.9123197197914124,0.4561616033864218,0.0,0.0,2
1.46,PINN Conservative,0.2507326110526922,0.00027898508286185376,0.002676447071930824,0.007412725775837403,0.04869185388088226,0.5039859414100647,0.9104647226631641,0.45523410127730113,0.0,0.0,2
1.465,PINN Conservative,0.25072934326157,0.00026594847476588157,0.002678012176958674,0.007400458776448314,0.04897070303559303,0.503338098526001,0.9086128883063793,0.45430818055995636,0.0,0.0,2
1.47,PINN Conservative,0.25072608859464546,0.0002529642246742126,0.0026794500003136054,0.007388001464907791,0.04924967139959335,0.5026934146881104,0.9067670181393623,0.4533852419488934,0.0,0.0,2
1.475,PINN Conservative,0.25072284246981164,0.0002400140526140428,0.002680780501538413,0.007375238113803494,0.049528468400239944,0.5020506978034973,0.904925249516964,0.45246435411797803,0.0,0.0,2
1.48,PINN Conservative,0.250719601005316,0.0002270824726241912,0.0026820065068421947,0.00736205212132679,0.04980774596333504,0.5014105439186096,0.9030882492661476,0.45154585048196627,0.0,0.0,2
1.485,PINN Conservative,0.25071637417003534,0.00021420925479264595,0.0026831091857312884,0.0073484096189850925,0.0500868521630764,0.5007730722427368,0.9012571349740028,0.4506302898365387,0.0,0.0,2
1.49,PINN Conservative,0.25071315561234975,0.0002013690598070106,0.002675494289091711,0.00733499860479047,0.050366271287202835,0.5001380443572998,0.8994295336306095,0.44971648567220024,0.0,0.0,2
1.495,PINN Conservative,0.25070995739474916,0.00018861001006809864,0.002676422064503406,0.00732088359302429,0.05064557120203972,0.49950528144836426,0.8976072482764721,0.4488053395126489,0.0,0.0,2
1.5,PINN Conservative,0.2507067681960764,0.00017588694066670739,0.0026772521552120114,0.007306212350789147,0.0509251207113266,0.4988752603530884,0.8957904241979122,0.4478969240013231,0.0,0.0,2
1.5050000000000001,PINN Conservative,0.2507035897932949,0.0001632069406653587,0.0026779685342102535,0.00729134569693303,0.0512046255171299,0.49824732542037964,0.8939778618514538,0.44699063936419237,0.0,0.0,2
1.51,PINN Conservative,0.2507004341259601,0.00015061764202711742,0.0026785745082261283,0.0072764350591831214,0.05148426443338394,0.4976220428943634,0.8921698331832886,0.4460866215748724,0.0,0.0,2
1.5150000000000001,PINN Conservative,0.25069729252904677,0.00013808447628207136,0.00267908437043616,0.007261125904730541,0.05176418647170067,0.4969989061355591,0.8903659917414188,0.44518469740670213,0.0,0.0,2
1.52,PINN Conservative,0.25069416233152175,0.00012559678754352075,0.002679494269702747,0.00724545411186775,0.05204383283853531,0.49637869000434875,0.8885687217116356,0.44428605895713347,0.0,0.0,2
1.5250000000000001,PINN Conservative,0.25069106087088605,0.00011322374247399813,0.0026797987792801605,0.0072295642413253355,0.05232355371117592,0.49576008319854736,0.8867744617164135,0.4433889255305977,0.0,0.0,2
1.53,PINN Conservative,0.25068796922639036,0.0001008898581603395,0.0026800079789272148,0.007213588962813863,0.052603282034397125,0.4951443374156952,0.8849858939647675,0.44249463823672813,0.0,0.0,2
1.5350000000000001,PINN Conservative,0.2506848967522385,8.863245249846786e-05,0.0026801173238894444,0.0071969016071897415,0.0528833270072937,0.49453094601631165,0.8832016661763191,0.4416025209327513,0.0,0.0,2
1.54,PINN Conservative,0.2506818456389012,7.64602642077074e-05,0.002680130115434759,0.007180387286053136,0.05316327139735222,0.49391990900039673,0.8814220204949379,0.4407126946910647,0.0,0.0,2
1.545,PINN Conservative,0.25067881602048897,6.437382831141906e-05,0.00268004348291135,0.0071634155107858435,0.053443290293216705,0.49331074953079224,0.8796461261808872,0.43982474414021244,0.0,0.0,2
1.55,PINN Conservative,0.25067581383883974,5.239684932765827e-05,0.0026798796261208544,0.007146156069947479,0.05372355878353119,0.4927040636539459,0.877875316888094,0.4389393361097066,0.0,0.0,2
1.555,PINN Conservative,0.2506728269346061,4.048081844977702e-05,0.002679604286595883,0.007128768142894523,0.05400361865758896,0.49209973216056824,0.8761091604828835,0.438056254531884,0.0,0.0,2
1.56,PINN Conservative,0.25066987101733706,2.8688407748113096e-05,0.0026792403335831943,0.007111179306528,0.05428363382816315,0.49149760603904724,0.8743475936353207,0.4371754677416562,0.0,0.0,2
1.565,PINN Conservative,0.25066692610457564,1.6939898705791374e-05,0.002678794497585874,0.007093291602238254,0.05456402897834778,0.49089762568473816,0.8725897371768951,0.43629653615308783,0.0,0.0,2
1.57,PINN Conservative,0.2506640153862538,5.32780582093769e-06,0.002678250083657032,0.00707506234103681,0.05484432727098465,0.4903002381324768,0.8708371482789516,0.43542023835482696,0.0,0.0,2
1.575,PINN Conservative,0.25066113111004257,6.178798242976239e-06,0.002677620982052264,0.007056669143509227,0.05512482300400734,0.48970505595207214,0.8690886981785297,0.4345460099632364,0.0,0.0,2
1.58,PINN Conservative,0.25065826663747454,1.760639715449627e-05,0.00267690707292409,0.007038240615447333,0.05540504306554794,0.4891120195388794,0.8673454001545906,0.4336743576197331,0.0,0.0,2
1.585,PINN Conservative,0.2506554373241963,2.8893730710893058e-05,0.00267610289252989,0.007019555679751897,0.05568576604127884,0.48852086067199707,0.8656045459210873,0.43280392717611793,0.0,0.0,2
1.59,PINN Conservative,0.250652623344213,4.011989323489919e-05,0.0026752056111019897,0.007000638565208585,0.055966392159461975,0.48793232440948486,0.8638691604137421,0.43193623110603285,0.0,0.0,2
1.595,PINN Conservative,0.2506498450860383,5.120354627709547e-05,0.0026742442669784668,0.006981432016546905,0.05624675005674362,0.48734575510025024,0.8621384762227535,0.43107088570311053,0.0,0.0,2
1.6,PINN Conservative,0.2506470889374616,6.219899473297591e-05,0.002673185438555146,0.006962004896908791,0.05652736872434616,0.48676159977912903,0.8604119494557381,0.43020761902011984,0.0,0.0,2
1.605,PINN Conservative,0.25064436076208974,7.30828461819993e-05,0.002672047646344812,0.006942545729931797,0.05680783838033676,0.48617956042289734,0.8586901761591434,0.42934672908142363,0.0,0.0,2
1.61,PINN Conservative,0.25064166022092127,8.38564530448078e-05,0.0026708333800776743,0.006922887969209,0.057088691741228104,0.4855996370315552,0.8569716848433018,0.428487480139376,0.0,0.0,2
1.615,PINN Conservative,0.2506390064880254,9.444332180759602e-05,0.0026695419932738383,0.006906453090942406,0.05736933648586273,0.4850219488143921,0.8552583009004593,0.4276307848935884,0.0,0.0,2
1.62,PINN Conservative,0.2506363714002075,0.00010495580742731453,0.0026681618001769985,0.006889737883181875,0.05765024572610855,0.48444655537605286,0.8535487428307533,0.4267760025916805,0.0,0.0,2
1.625,PINN Conservative,0.2506337608806791,0.0001153702796948926,0.0026667051804212224,0.006873060595549048,0.057930827140808105,0.483873188495636,0.8518441095948219,0.4259236827160715,0.0,0.0,2
1.6300000000000001,PINN Conservative,0.25063119162246605,0.00012562014303335253,0.0026651917311983674,0.006856173700742027,0.058211859315633774,0.48330172896385193,0.850142776966095,0.4250730131503724,0.0,0.0,2
1.635,PINN Conservative,0.25062864930927775,0.0001357625112122727,0.0026635830372513463,0.006838918543295595,0.05849256366491318,0.482732355594635,0.8484456315636635,0.424224437205823,0.0,0.0,2
1.6400000000000001,PINN Conservative,0.25062613536417505,0.00014579170703696108,0.0026619132616154477,0.00682169943259299,0.058772973716259,0.48216524720191956,0.8467535749077797,0.42337840564427226,0.0,0.0,2
1.645,PINN Conservative,0.25062365343794246,0.00015569316597587499,0.002660163838288852,0.006804357645130696,0.0590537004172802,0.4815998673439026,0.8450645916163921,0.42253391077084307,0.0,0.0,2
1.6500000000000001,PINN Conservative,0.2506212103851142,0.00016543954237779654,0.002658344959562258,0.006786906246506345,0.0593344122171402,0.48103705048561096,0.8433808982372284,0.4216920608636351,0.0,0.0,2
1.655,PINN Conservative,0.2506187939159574,0.000175079865212045,0.0026564595937668065,0.00676926840150073,0.059615153819322586,0.4804757237434387,0.841700155287981,0.4208516861770237,0.0,0.0,2
1.6600000000000001,PINN Conservative,0.25061641360074305,0.0001845759545991395,0.0026544933415042025,0.006751587473386,0.05989551544189453,0.4799167811870575,0.8400248624384403,0.42001403655068104,0.0,0.0,2
1.665,PINN Conservative,0.2506140622422101,0.00019395652347295854,0.002652467452650384,0.0067336859759820206,0.06017632782459259,0.47935950756073,0.8383516296744347,0.4191774169710428,0.0,0.0,2
1.67,PINN Conservative,0.2506117441020908,0.00020320456997191265,0.0026503664642497995,0.006715506020223035,0.06045687943696976,0.4788043797016144,0.8366836309432983,0.41834341441784184,0.0,0.0,2
1.675,PINN Conservative,0.25060946042463206,0.0002123151302660125,0.0026481963090691134,0.006697480999435741,0.060737643390893936,0.4782516658306122,0.8350199311971664,0.41751156136535866,0.0,0.0,2
1.68,PINN Conservative,0.2506072176843884,0.0002212623746046701,0.0026459855230195773,0.006679254915496986,0.061018265783786774,0.47770020365715027,0.8333589360117912,0.41668106059842236,0.0,0.0,2
1.685,PINN Conservative,0.2506050035618248,0.0002300954508504729,0.0026436804619824382,0.006660951894596694,0.061298809945583344,0.47715118527412415,0.8317032605409622,0.41585321969892536,0.0,0.0,2
1.69,PINN Conservative,0.25060283130407357,0.00023876151056092615,0.0026413337311397456,0.00664262936083438,0.061579689383506775,0.47660404443740845,0.830050639808178,0.41502690617428856,0.0,0.0,2
1.695,PINN Conservative,0.25060068660602,0.0002473176229204388,0.0026389189073354126,0.00662412079981127,0.06186024844646454,0.47605860233306885,0.8284017220139503,0.4142024441260066,0.0,0.0,2
1.7,PINN Conservative,0.2505985700078311,0.00025576163297288447,0.002636431366748915,0.006605435122689567,0.06214090809226036,0.47551512718200684,0.826756663620472,0.41337991178547473,0.0,0.0,2
1.705,PINN Conservative,0.2505964975245299,0.0002640296499827912,0.002633899244793121,0.006586513780675977,0.062421251088380814,0.4749736785888672,0.8251164630055428,0.4125598083435009,0.0,0.0,2
1.71,PINN Conservative,0.2505944595932963,0.00027215982410516015,0.002631293547532563,0.0065678498893479015,0.06270194053649902,0.47443437576293945,0.8234797194600105,0.4117414334428323,0.0,0.0,2
1.715,PINN Conservative,0.25059246193617607,0.0002801293276666263,0.002628629693902556,0.006548960149170599,0.062982477247715,0.4738963842391968,0.8218458741903305,0.4109245076856285,0.0,0.0,2
1.72,PINN Conservative,0.2505904926657679,0.0002879855845650975,0.0026259122817463266,0.0065299017342758114,0.06326306611299515,0.4733608067035675,0.8202166706323624,0.4101099027931512,0.0,0.0,2
1.725,PINN Conservative,0.2505885566249492,0.0002957092745033129,0.002629804496284556,0.006510761247094113,0.06354352086782455,0.47282689809799194,0.8185908794403076,0.4092970040901518,0.0,0.0,2
1.73,PINN Conservative,0.25058666774630567,0.00030324481447389966,0.0026269347853820355,0.006491528724896424,0.06382378190755844,0.4722946584224701,0.8169691115617752,0.4084861170516023,0.0,0.0,2
1.735,PINN Conservative,0.2505848033577206,0.0003106826531891957,0.0026240074294907275,0.006472395011018393,0.06410431861877441,0.4717646539211273,0.8153515383601189,0.4076773273595071,0.0,0.0,2
1.74,PINN Conservative,0.25058298906683946,0.00031792063086435264,0.002621024414251232,0.006452768916656186,0.06438454985618591,0.4712364077568054,0.8137374743819237,0.4068702922858488,0.0,0.0,2
1.745,PINN Conservative,0.2505811957344415,0.0003250749962395884,0.002617986625161315,0.006433310604755271,0.06466488540172577,0.47071000933647156,0.812127098441124,0.40606510123793627,0.0,0.0,2
1.75,PINN Conservative,0.2505794437974694,0.00033206421766168075,0.002614898341510743,0.00641372682979599,0.06494520604610443,0.47018522024154663,0.8105197101831436,0.40526140403714306,0.0,0.0,2
1.7550000000000001,PINN Conservative,0.25057772897928976,0.0003389053564394069,0.002611753754838777,0.0063940816415900895,0.06522534042596817,0.46966251730918884,0.8089176490902901,0.4044603704290937,0.0,0.0,2
1.76,PINN Conservative,0.250576051771641,0.0003455964508193361,0.0026085676934300894,0.006374387189332462,0.06550539284944534,0.46914127469062805,0.8073173612356186,0.40366022344352415,0.0,0.0,2
1.7650000000000001,PINN Conservative,0.25057441903650784,0.0003521101254268781,0.0026053266802488774,0.006354573346006025,0.06578555703163147,0.46862202882766724,0.8057217299938202,0.40286240477329016,0.0,0.0,2
1.77,PINN Conservative,0.2505728044211867,0.000358551512400732,0.002602037375330402,0.0063347788424358425,0.06606535613536835,0.4681045711040497,0.8041304498910904,0.40206676168090577,0.0,0.0,2
1.7750000000000001,PINN Conservative,0.25057123003155013,0.00036483242201660037,0.002598694887937512,0.0063144640989797746,0.06634503602981567,0.4675888419151306,0.8025418221950531,0.40127244479693647,0.0,0.0,2
1.78,PINN Conservative,0.25056970381736776,0.0003709211392638247,0.002595301686179001,0.006294713992810223,0.06662505120038986,0.4670749604701996,0.800957202911377,0.40048013212680805,0.0,0.0,2
1.7850000000000001,PINN Conservative,0.25056820177286887,0.0003769134333678588,0.0025918634343189677,0.006274459887367842,0.06690482795238495,0.4665626585483551,0.7993757501244545,0.3996894027111078,0.0,0.0,2
1.79,PINN Conservative,0.2505667424127462,0.00038273544134786124,0.0025883869542521086,0.006254652472836547,0.06718441098928452,0.4660525918006897,0.7977995797991753,0.3989013145363242,0.0,0.0,2
1.795,PINN Conservative,0.2505653288289907,0.00038837482793717913,0.002584862833841924,0.006234111288628198,0.0674639344215393,0.46554410457611084,0.7962260991334915,0.3981145711964785,0.0,0.0,2
1.8,PINN Conservative,0.25056392186880133,0.0003939877903051389,0.0025812895228382567,0.006214062126187837,0.06774332374334335,0.4650375247001648,0.7946566790342331,0.39732985814760535,0.0,0.0,2
1.805,PINN Conservative,0.25056258035451195,0.0003993396611536026,0.002577675511826129,0.006193807799480262,0.06802281737327576,0.4645322859287262,0.7930901348590851,0.3965465830662835,0.0,0.0,2
1.81,PINN Conservative,0.2505612680092456,0.00040457516436791566,0.00257401685199785,0.00617365871389948,0.0683021992444992,0.46402910351753235,0.7915276512503624,0.3957653382759342,0.0,0.0,2
1.815,PINN Conservative,0.2505599788427355,0.0004097181976690508,0.0025703223755649193,0.0061535222772260145,0.06858139485120773,0.4635276198387146,0.7899688482284546,0.39498593378602614,0.0,0.0,2
1.82,PINN Conservative,0.25055873902887127,0.00041466434228345443,0.002566572273182919,0.00613325351060591,0.06886051595211029,0.4630277156829834,0.7884132564067841,0.39420813490237355,0.0,0.0,2
1.825,PINN Conservative,0.2505575376302006,0.00041945723235834543,0.0025627878469400528,0.006112863661552864,0.06913956999778748,0.4625294804573059,0.7868607714772224,0.3934318894707128,0.0,0.0,2
1.83,PINN Conservative,0.2505563593208792,0.0004241580092025206,0.002558964715087162,0.006092933692387767,0.06941856443881989,0.46203291416168213,0.7853126153349876,0.392657808440988,0.0,0.0,2
1.835,PINN Conservative,0.25055521980673096,0.0004287040156072175,0.0025551004972016096,0.006072607285686024,0.0696977972984314,0.46153783798217773,0.7837664261460304,0.391884710891661,0.0,0.0,2
1.84,PINN Conservative,0.250554114751518,0.00043311255066863573,0.0025511929256552667,0.006052216322471424,0.0699765756726265,0.4610448479652405,0.7822251245379448,0.39111405714211017,0.0,0.0,2
1.845,PINN Conservative,0.2505530596897008,0.0004373216408195646,0.002547247784104303,0.006032077626825713,0.07025505602359772,0.46055319905281067,0.7806871756911278,0.3903450797796009,0.0,0.0,2
1.85,PINN Conservative,0.2505520161762836,0.0004414846594932278,0.002543273006768339,0.00601190130159425,0.07053379714488983,0.46006321907043457,0.7791517525911331,0.3895773652953297,0.0,0.0,2
1.855,PINN Conservative,0.2505510164573791,0.00044547296323623105,0.002539259007526116,0.0059917725795125415,0.07081244885921478,0.4595746397972107,0.7776200771331787,0.38881152463924057,0.0,0.0,2
1.86,PINN Conservative,0.25055005854368234,0.0004492944882319713,0.002535192064434922,0.005971646483079282,0.0710907131433487,0.4590882658958435,0.7760928124189377,0.3880478893634373,0.0,0.0,2
1.865,PINN Conservative,0.25054913237690946,0.0004529893612511202,0.002531102996214395,0.005951564119919081,0.07136894762516022,0.4586029648780823,0.7745678499341011,0.38728540520673593,0.0,0.0,2
1.87,PINN Conservative,0.25054824072867654,0.0004565465251386824,0.0025269898602746027,0.0059312908368259615,0.07164717465639114,0.4581195116043091,0.7730462998151779,0.3865246272395124,0.0,0.0,2
1.875,PINN Conservative,0.2505473808646204,0.0004599768884319053,0.002522812655524728,0.005911191879446637,0.0719253420829773,0.45763757824897766,0.7715285122394562,0.3857657305510801,0.0,0.0,2
1.8800000000000001,PINN Conservative,0.2505465551838281,0.0004632708801526081,0.002518620249101909,0.005891016184656525,0.07220333814620972,0.45715731382369995,0.7700136452913284,0.38500829418202626,0.0,0.0,2
1.885,PINN Conservative,0.2505457688048484,0.0004664080802336572,0.0025143895950480335,0.005870757122197048,0.07248103618621826,0.4566784203052521,0.7685023844242096,0.38425266086036824,0.0,0.0,2
1.8900000000000001,PINN Conservative,0.25054501220583936,0.0004694264753507304,0.0025101314586393336,0.005850559924541365,0.07275879383087158,0.4562012553215027,0.7669943943619728,0.3834986629474019,0.0,0.0,2
1.895,PINN Conservative,0.25054429619014285,0.0004722829663799698,0.0025058494539819598,0.005830711335521585,0.07303667068481445,0.4557257890701294,0.7654895409941673,0.3827462333876457,0.0,0.0,2
1.9000000000000001,PINN Conservative,0.25054359365999723,0.0004750856578132607,0.0025015164378224992,0.005810540981649764,0.07331404089927673,0.4552513659000397,0.763987697660923,0.38199530885092237,0.0,0.0,2
1.905,PINN Conservative,0.2505429438799622,0.0004776779066286975,0.0024971468871567925,0.005790504260766632,0.07359124720096588,0.45477885007858276,0.7624898254871368,0.38124636990151717,0.0,0.0,2
1.9100000000000001,PINN Conservative,0.2505423206910493,0.0004801640721524243,0.0024927679359131034,0.005770543294616029,0.07386870682239532,0.4543078541755676,0.7609947025775909,0.3804988055894861,0.0,0.0,2
1.915,PINN Conservative,0.2505417316481473,0.0004825140147216004,0.0024883410883691152,0.005750289058159455,0.07414580881595612,0.45383843779563904,0.759502962231636,0.37975293256571485,0.0,0.0,2
1.92,PINN Conservative,0.25054116954654476,0.00048475647699303365,0.0024838938719499316,0.005730337814919315,0.07442270219326019,0.45337048172950745,0.758014939725399,0.37900891846890744,0.0,0.0,2
1.925,PINN Conservative,0.2505406404361131,0.0004868673234574433,0.0024794187100904935,0.005710503954405047,0.0746995136141777,0.4529041051864624,0.7565300762653351,0.37826648390122375,0.0,0.0,2
1.93,PINN Conservative,0.2505401493161919,0.0004888266096240906,0.0024749088617051812,0.00569043892160892,0.07497621327638626,0.45243892073631287,0.7550478130578995,0.37752534946482336,0.0,0.0,2
1.935,PINN Conservative,0.2505396889373662,0.0004906632564909036,0.0024703762046517884,0.005670563326870812,0.07525251805782318,0.45197561383247375,0.753569632768631,0.3767862564953093,0.0,0.0,2
1.94,PINN Conservative,0.25053925509750863,0.0004923940281309424,0.0024658078854697804,0.005650552691404451,0.07552884519100189,0.4515135884284973,0.7520942315459251,0.3760485530643874,0.0,0.0,2
1.945,PINN Conservative,0.2505388523489239,0.0004940007634648926,0.0024612192621187834,0.005630653860117921,0.07580527663230896,0.4510531723499298,0.7506220042705536,0.3753124366131983,0.0,0.0,2
1.95,PINN Conservative,0.25053848873078843,0.0004954513908005195,0.002456605999920745,0.005610925497687533,0.07608120143413544,0.4505940079689026,0.7491533756256104,0.3745781194841005,0.0,0.0,2
1.955,PINN Conservative,0.2505381451025607,0.0004968222698952344,0.00245195646610549,0.00559107163036647,0.07635696232318878,0.4501365125179291,0.747687429189682,0.373845143464636,0.0,0.0,2
1.96,PINN Conservative,0.25053783906251215,0.0004980431937627126,0.0024472902396422374,0.005571237044405347,0.07663273811340332,0.4496803879737854,0.746225006878376,0.37311392951421746,0.0,0.0,2
1.965,PINN Conservative,0.25053755641728664,0.0004991707857345622,0.0024425849281120462,0.0055515350146150555,0.0769081860780716,0.4492257237434387,0.744765929877758,0.372384388225536,0.0,0.0,2
1.97,PINN Conservative,0.25053731256723427,0.0005001436072669337,0.002437861950053981,0.005531740868954985,0.07718353718519211,0.4487725794315338,0.7433095872402191,0.37165621412361954,0.0,0.0,2
1.975,PINN Conservative,0.2505370928198101,0.0005010202731680168,0.00243312383220252,0.005512258351215299,0.07745903730392456,0.44832074642181396,0.7418561726808548,0.37092950406638614,0.0,0.0,2
1.98,PINN Conservative,0.2505368962362411,0.0005018045286028882,0.002428356447816332,0.005492472168533852,0.0777340680360794,0.4478706121444702,0.7404063418507576,0.37020458588063493,0.0,0.0,2
1.985,PINN Conservative,0.25053674104064727,0.0005024236698084316,0.002423562588209942,0.005472921591788707,0.07800902426242828,0.4474219083786011,0.7389596998691559,0.3694812621252256,0.0,0.0,2
1.99,PINN Conservative,0.250536605127156,0.0005029658865091657,0.0024187410614469693,0.005453365739744115,0.07828370481729507,0.44697466492652893,0.73751650005579,0.36875965946051226,0.0,0.0,2
1.995,PINN Conservative,0.2505365010946991,0.0005033809162092833,0.0024138984280431463,0.005433828064286925,0.07855814695358276,0.44652870297431946,0.7360762879252434,0.36803955064291827,0.0,0.0,2
2.0,PINN Conservative,0.25053642853349467,0.0005036703937033468,0.002409040987799695,0.005414229597200906,0.07883270829916,0.44608429074287415,0.7346395552158356,0.36732118154254295,0.0,0.0,2
2.005,PINN Conservative,0.25053638199716827,0.0005038560468944054,0.0024041586726511713,0.005394655255194308,0.07910677045583725,0.4456409215927124,0.7332049757242203,0.3666038890551789,0.0,0.0,2
2.0100000000000002,PINN Conservative,0.2505363656133415,0.0005039214089448949,0.0023992419585222996,0.005375444031900392,0.0793810784816742,0.4451994299888611,0.7317736148834229,0.3658882058993747,0.0,0.0,2
2.015,PINN Conservative,0.25053635739535113,0.0005039541940024967,0.0023943242965224873,0.0053559449648198365,0.07965488731861115,0.44475898146629333,0.7303458750247955,0.36517433324157544,0.0,0.0,2
2.02,PINN Conservative,0.25053639544546624,0.0005038023959162048,0.0023893693854476583,0.0053365754071594135,0.0799286738038063,0.44431978464126587,0.7289196401834488,0.36446121309529267,0.0,0.0,2
2.025,PINN Conservative,0.25053646216541553,0.000503536221672344,0.0023844003754765974,0.005317339088148659,0.08020200580358505,0.4438823461532593,0.7274986207485199,0.36375070066218573,0.0,0.0,2
2.0300000000000002,PINN Conservative,0.2505365426540377,0.000503215118338625,0.002379410439994264,0.005298108979391383,0.08047553151845932,0.4434463083744049,0.7260800823569298,0.3630414287554896,0.0,0.0,2
2.035,PINN Conservative,0.25053665269166253,0.000502776131470347,0.0023743936122020423,0.005278778275346327,0.08074885606765747,0.4430111348628998,0.724662758409977,0.362332764073433,0.0,0.0,2
2.04,PINN Conservative,0.2505367863699796,0.0005022428318298359,0.0023693655978617913,0.005259473122721348,0.08102172613143921,0.4425777196884155,0.7232508361339569,0.36162680023716565,0.0,0.0,2
2.045,PINN Conservative,0.2505369414538147,0.0005016241364773148,0.002364317827685237,0.0052403906168565495,0.08129457384347916,0.4421454668045044,0.7218404859304428,0.3609216224401556,0.0,0.0,2
2.05,PINN Conservative,0.2505371389836075,0.0005008361061535513,0.0023592410797627613,0.00522131992582571,0.08156727999448776,0.44171473383903503,0.7204337865114212,0.36021827004236856,0.0,0.0,2
2.055,PINN Conservative,0.250537352986634,0.0004999823570970577,0.002354164326645812,0.005202360585166377,0.08183951675891876,0.441285103559494,0.7190296575427055,0.3595162028746468,0.0,0.0,2
2.06,PINN Conservative,0.25053758501261497,0.000499056706812489,0.0023490521384244185,0.005183420374191297,0.08211179077625275,0.4408567249774933,0.717628538608551,0.358815640729958,0.0,0.0,2
2.065,PINN Conservative,0.25053784600645324,0.0004980154914294755,0.0023439216735283612,0.0051644877797780014,0.08238391578197479,0.44042959809303284,0.7162297815084457,0.3581162595068073,0.0,0.0,2
2.07,PINN Conservative,0.2505381275340917,0.0004968923579874052,0.002338782097225127,0.005145391222665122,0.08265572786331177,0.4400041103363037,0.7148348614573479,0.3574187968154932,0.0,0.0,2
2.075,PINN Conservative,0.2505384353846314,0.0004956642113012327,0.0023336287798979686,0.005126398563561466,0.082927405834198,0.43957969546318054,0.7134426236152649,0.35672267523381235,0.0,0.0,2
2.08,PINN Conservative,0.2505387627556922,0.0004943581889570188,0.002328444453357629,0.005107653155176375,0.08319871127605438,0.4391566812992096,0.7120532542467117,0.35602798789437823,0.0,0.0,2
2.085,PINN Conservative,0.2505391185432675,0.0004929388010552131,0.0023232481173477734,0.005089049408154064,0.08347009867429733,0.438734769821167,0.7106662690639496,0.3553344926523959,0.0,0.0,2
2.09,PINN Conservative,0.250539489105344,0.0004914604713865706,0.0023180471762325756,0.005070053370616973,0.08374107629060745,0.4383145272731781,0.7092833369970322,0.35464302397608166,0.0,0.0,2
2.095,PINN Conservative,0.2505398888513448,0.0004898657146363684,0.002312811373390107,0.005051416967302547,0.08401165157556534,0.4378950595855713,0.7079028338193893,0.35395276974904644,0.0,0.0,2
2.1,PINN Conservative,0.2505403126999738,0.00048817480225509934,0.002307563423645405,0.005032833006904755,0.08428245782852173,0.4374772012233734,0.7065250277519226,0.3532638640822536,0.0,0.0,2
2.105,PINN Conservative,0.250540746830404,0.0004864428713973356,0.0023023136282284387,0.005014385611580394,0.08455280214548111,0.4370603859424591,0.7051499262452126,0.35257631070100764,0.0,0.0,2
2.11,PINN Conservative,0.2505412003695967,0.00048463351073433123,0.0022970386957271694,0.004995585429703173,0.08482304215431213,0.43664494156837463,0.7037781029939651,0.3518903964537579,0.0,0.0,2
2.115,PINN Conservative,0.2505416830182078,0.00048270802022548436,0.002291742944764791,0.004977298046361697,0.08509315550327301,0.4362306594848633,0.7024085745215416,0.3512056296003056,0.0,0.0,2
2.12,PINN Conservative,0.2505421804189684,0.00048072367712013954,0.002286433607933271,0.004958731979338285,0.08536279946565628,0.4358179271221161,0.7010429799556732,0.35052282970764875,0.0,0.0,2
2.125,PINN Conservative,0.2505426974818113,0.0004786608936093556,0.0022811258239033064,0.004940267194293205,0.08563237637281418,0.4354061484336853,0.6996791958808899,0.3498409350639944,0.0,0.0,2
2.13,PINN Conservative,0.25054324639588615,0.000476471041992552,0.0022757877455379396,0.004921897985945681,0.08590167760848999,0.4349953234195709,0.69831832498312,0.34916049701441393,0.0,0.0,2
2.1350000000000002,PINN Conservative,0.2505437997579577,0.0004742634454258624,0.002270436407552412,0.004903603539213361,0.08617083728313446,0.43458637595176697,0.6969608217477798,0.3484817428024842,0.0,0.0,2
2.14,PINN Conservative,0.2505443791598084,0.0004719519651094232,0.0022650829405529856,0.004885297997751781,0.08643963932991028,0.4341779351234436,0.6956053078174591,0.34780398324686573,0.0,0.0,2
2.145,PINN Conservative,0.250544968403876,0.0004696012200049842,0.002259696695412418,0.004867025116433013,0.08670830726623535,0.4337712526321411,0.6942535936832428,0.34712812359656114,0.0,0.0,2
2.15,PINN Conservative,0.2505455835834148,0.00046714700727978106,0.002254306643174273,0.004849004769091253,0.08697660267353058,0.43336552381515503,0.692904606461525,0.34645362740771707,0.0,0.0,2
2.1550000000000002,PINN Conservative,0.2505462101995947,0.000464647168930556,0.0022488959263406525,0.004830719189818325,0.08724498003721237,0.43296104669570923,0.6915576234459877,0.34578013332579344,0.0,0.0,2
2.16,PINN Conservative,0.2505468656048181,0.00046203247884736727,0.002243489295465932,0.004812639901705426,0.08751274645328522,0.43255776166915894,0.6902143582701683,0.3451084981708337,0.0,0.0,2
2.165,PINN Conservative,0.2505475376546385,0.0004593513863901182,0.0022380512056695296,0.004794597415073071,0.08778071403503418,0.4321558177471161,0.6888733059167862,0.34443796943132143,0.0,0.0,2
2.17,PINN Conservative,0.25054821529984495,0.00045664797155904965,0.002232606229457061,0.004776467801439616,0.0880478173494339,0.43175482749938965,0.6875356212258339,0.34376912452945985,0.0,0.0,2
2.1750000000000003,PINN Conservative,0.25054892510920784,0.0004538162402332335,0.002227146972097553,0.004758602995649008,0.08831512928009033,0.4313550591468811,0.6862000003457069,0.343101311536955,0.0,0.0,2
2.18,PINN Conservative,0.25054964113980555,0.0004509596897568064,0.0022216790602452227,0.004740929782198866,0.08858195692300797,0.43095672130584717,0.6848684549331665,0.34243553628603185,0.0,0.0,2
2.185,PINN Conservative,0.25055037186294815,0.0004480445244721894,0.0022161919673009817,0.0047229278331324814,0.08884879946708679,0.4305596649646759,0.6835390105843544,0.3417708115709881,0.0,0.0,2
2.19,PINN Conservative,0.2505511242449286,0.00044504295287514244,0.0022107064222767654,0.004704995694243527,0.08911534398794174,0.4301634430885315,0.6822119429707527,0.3411072752280916,0.0,0.0,2
2.195,PINN Conservative,0.2505518828108909,0.00044201671074523235,0.0022051934936381506,0.004687254545929179,0.08938133716583252,0.42976850271224976,0.6808886975049973,0.34044564996642257,0.0,0.0,2
2.2,PINN Conservative,0.25055266804993176,0.00043888405836496565,0.0021996727264925416,0.004669313426391555,0.08964738249778748,0.42937520146369934,0.6795678585767746,0.33978522797811894,0.0,0.0,2
2.205,PINN Conservative,0.25055346363782904,0.00043571011999652385,0.002194141373329293,0.004651925814125296,0.08991312980651855,0.4289824664592743,0.6782493889331818,0.33912599063665805,0.0,0.0,2
2.21,PINN Conservative,0.25055426327884217,0.00043252001202579224,0.0021886018970175714,0.004634064545840116,0.09017867594957352,0.4285907745361328,0.6769331842660904,0.33846788578777637,0.0,0.0,2
2.215,PINN Conservative,0.25055508649349234,0.0004292358587945079,0.0021830455298524187,0.004616432978455903,0.09044397622346878,0.42820054292678833,0.6756203472614288,0.3378114647765454,0.0,0.0,2
2.22,PINN Conservative,0.2505559261217716,0.0004258862246185801,0.0021774857675625025,0.004598979458642752,0.0907091498374939,0.42781129479408264,0.6743095368146896,0.33715605704814844,0.0,0.0,2
2.225,PINN Conservative,0.25055676976591373,0.0004225205694581103,0.002171913950090143,0.004581378373957043,0.09097371995449066,0.4274232089519501,0.6730025559663773,0.3365025641262835,0.0,0.0,2
2.23,PINN Conservative,0.2505576306805017,0.00041908601514678844,0.00216632723637176,0.004563932378782262,0.09123829007148743,0.4270362854003906,0.6716976687312126,0.33585011801499337,0.0,0.0,2
2.235,PINN Conservative,0.2505585057809951,0.00041559486722745226,0.002160719123566996,0.004546509920022326,0.09150242805480957,0.42665013670921326,0.6703952997922897,0.3351989310566368,0.0,0.0,2
2.24,PINN Conservative,0.25055939006060385,0.0004120670999144345,0.0021551220599192573,0.004529206195410362,0.0917663425207138,0.42626574635505676,0.6690962538123131,0.3345494055841036,0.0,0.0,2
2.245,PINN Conservative,0.2505602924898269,0.0004084669260735746,0.0021494914935711847,0.004511718023128733,0.09203003346920013,0.4258821904659271,0.6677998602390289,0.3339012063199856,0.0,0.0,2
2.25,PINN Conservative,0.25056120313704033,0.00040483396717533435,0.002143865247782662,0.004494557298785409,0.09229385107755661,0.42549967765808105,0.6665048748254776,0.33325371113842506,0.0,0.0,2
2.255,PINN Conservative,0.25056212241947673,0.00040116655870133585,0.002138237820905592,0.004477289683866348,0.09255675971508026,0.425118088722229,0.6652137786149979,0.33260816056583276,0.0,0.0,2
2.2600000000000002,PINN Conservative,0.2505630582198503,0.00039743325315326543,0.0021325770647295642,0.004459954112722847,0.09281976521015167,0.4247376024723053,0.6639247536659241,0.33196364562790176,0.0,0.0,2
2.265,PINN Conservative,0.25056399910151983,0.0003936796761553665,0.0021269231961201125,0.0044428484591971795,0.09308233857154846,0.4243583381175995,0.6626390963792801,0.33132081452762147,0.0,0.0,2
2.27,PINN Conservative,0.2505649558007719,0.000389862996095683,0.0021212567246266367,0.004425504308725167,0.09334495663642883,0.42398035526275635,0.661355048418045,0.33067878809312107,0.0,0.0,2
2.275,PINN Conservative,0.25056592553108953,0.00038599432957551235,0.002115583388820336,0.004408603937565689,0.0936068445444107,0.4236029088497162,0.6600740700960159,0.33003829648408994,0.0,0.0,2
2.2800000000000002,PINN Conservative,0.25056690121442105,0.00038210191395189554,0.0021098860326770386,0.004391348329486663,0.09386905282735825,0.4232269525527954,0.6587954685091972,0.32939899324720606,0.0,0.0,2
2.285,PINN Conservative,0.2505678848847749,0.0003781776347005366,0.002104191735645967,0.0043742169206297254,0.09413061290979385,0.4228518307209015,0.6575200706720352,0.32876129189127307,0.0,0.0,2
2.29,PINN Conservative,0.25056887716799997,0.0003742189950439796,0.0020984825980021227,0.0043572361840501506,0.09439188241958618,0.4224780201911926,0.6562471315264702,0.32812481988583725,0.0,0.0,2
2.295,PINN Conservative,0.25056988431513333,0.00037020105693790254,0.0020927689867995523,0.004340230058546973,0.09465299546718597,0.42210492491722107,0.6549763977527618,0.32748945057054435,0.0,0.0,2
2.3000000000000003,PINN Conservative,0.2505708865076306,0.00036620288498166547,0.002087028292418888,0.004323302234222448,0.09491371363401413,0.4217332601547241,0.653709352016449,0.3268559252809972,0.0,0.0,2
2.305,PINN Conservative,0.2505719064846637,0.000362133762950807,0.0020813042963467167,0.0043062466986291265,0.09517435729503632,0.4213623106479645,0.6524433791637421,0.3262229364353034,0.0,0.0,2
2.31,PINN Conservative,0.2505729428306224,0.0003579993383164253,0.00207555849557302,0.004289271479663237,0.09543444216251373,0.42099252343177795,0.65118058770895,0.3255915382946469,0.0,0.0,2
2.315,PINN Conservative,0.25057397869229336,0.0003538668457118804,0.0020698021136820095,0.0042725227688680395,0.09569451957941055,0.4206238090991974,0.6499207690358162,0.32496162655050054,0.0,0.0,2
2.32,PINN Conservative,0.2505750242471697,0.0003496956827898845,0.0020613607039482026,0.004255476811752604,0.0959542989730835,0.4202561378479004,0.6486633718013763,0.3243329255303287,0.0,0.0,2
2.325,PINN Conservative,0.2505760717466476,0.0003455167620256119,0.0020556186927221417,0.004238972660047094,0.09621362388134003,0.4198893904685974,0.6474086046218872,0.3237055395426584,0.0,0.0,2
2.33,PINN Conservative,0.2505771251395347,0.0003413143299464226,0.0020498603698825345,0.004222117407312556,0.09647281467914581,0.4195234775543213,0.6461555659770966,0.3230790178256407,0.0,0.0,2
2.335,PINN Conservative,0.25057819740474246,0.00033703660815632226,0.0020441064825644554,0.004205225352705816,0.09673173725605011,0.4191591143608093,0.6449062526226044,0.3224543587608914,0.0,0.0,2
2.34,PINN Conservative,0.2505792633816602,0.00033278397302873475,0.0020383293396678964,0.004188499020087916,0.09699015319347382,0.41879528760910034,0.6436591893434525,0.32183082473811225,0.0,0.0,2
2.345,PINN Conservative,0.25058035145700003,0.0003284431779002222,0.0020325488313976394,0.004171691223607402,0.09724856913089752,0.4184325337409973,0.6424140632152557,0.32120825929451274,0.0,0.0,2
2.35,PINN Conservative,0.25058143155276796,0.0003241342166765223,0.002026753724000308,0.004155111130051431,0.097506582736969,0.4180709719657898,0.6411719545722008,0.32058720259925066,0.0,0.0,2
2.355,PINN Conservative,0.2505825273469093,0.00031976262796721097,0.002020971177754125,0.004138507492131446,0.09776423871517181,0.41771015524864197,0.6399321407079697,0.31996729329778595,0.0,0.0,2
2.36,PINN Conservative,0.2505836265683176,0.0003153773664326229,0.002015165163169126,0.004121724272529839,0.09802189469337463,0.4173504114151001,0.6386944353580475,0.3193484382575052,0.0,0.0,2
2.365,PINN Conservative,0.2505847143977883,0.000311037552180715,0.0020093506317694276,0.004105240383118269,0.09827883541584015,0.4169917404651642,0.6374605000019073,0.3187314682213201,0.0,0.0,2
2.37,PINN Conservative,0.25058582100272203,0.00030662283462417337,0.0020035194826679738,0.0040882557787259854,0.09853558242321014,0.416634202003479,0.6362287998199463,0.31811561577649605,0.0,0.0,2
2.375,PINN Conservative,0.2505869317129257,0.00030219173940062774,0.0019977040081523,0.004071950651817202,0.09879206120967865,0.41627758741378784,0.6349993795156479,0.31750090327486036,0.0,0.0,2
2.38,PINN Conservative,0.2505880486443641,0.00029773582502647117,0.0019918701841053917,0.004055342717335472,0.0990486666560173,0.4159215986728668,0.6337714493274689,0.316886935834132,0.0,0.0,2
2.3850000000000002,PINN Conservative,0.2505891728177669,0.00029325101937775874,0.0019860253943701674,0.004038674347098661,0.09930471330881119,0.41556695103645325,0.6325470879673958,0.31627475281427686,0.0,0.0,2
2.39,PINN Conservative,0.2505902911424639,0.00028878954670284273,0.0019801674885530276,0.004022161960739082,0.09956040978431702,0.41521313786506653,0.6313249170780182,0.31566366503395554,0.0,0.0,2
2.395,PINN Conservative,0.2505914194956424,0.0002842880661516305,0.001974308032942118,0.004005759270012524,0.09981593489646912,0.41486015915870667,0.6301047801971436,0.3150535942617728,0.0,0.0,2
2.4,PINN Conservative,0.25059255670011066,0.00027975127404243096,0.00196844912027932,0.003988917575585504,0.1000709980726242,0.41450852155685425,0.6288883537054062,0.31444537869124944,0.0,0.0,2
2.4050000000000002,PINN Conservative,0.25059368170052787,0.0002752631690814426,0.0019625681159438015,0.003972544195175232,0.10032603144645691,0.41415756940841675,0.6276728585362434,0.31383762878379323,0.0,0.0,2
2.41,PINN Conservative,0.25059482429176594,0.0002707048868572804,0.0019566836027195126,0.0039559133272574765,0.10058031976222992,0.4138076901435852,0.6264616400003433,0.3132320172011412,0.0,0.0,2
2.415,PINN Conservative,0.25059596353024266,0.00026615998022356353,0.0019507898055861619,0.003939452441306973,0.10083454847335815,0.41345900297164917,0.6252526193857193,0.3126275045833275,0.0,0.0,2
2.42,PINN Conservative,0.25049581808596844,0.0006656827345183442,0.001944907463830269,0.003922969130863943,0.10108846426010132,0.4131110906600952,0.624045729637146,0.3120240574026114,0.0,0.0,2
2.4250000000000003,PINN Conservative,0.25059824336320186,0.00025706475727267533,0.0019389986020156937,0.003906501759468148,0.10134205222129822,0.4127640426158905,0.6228412762284279,0.31142182839647886,0.0,0.0,2
2.43,PINN Conservative,0.25059939808398507,0.00025245808513601917,0.0019330901640393608,0.0038898351905503337,0.10159540921449661,0.4124177396297455,0.6216387823224068,0.31082057914543954,0.0,0.0,2
2.435,PINN Conservative,0.2506005393341186,0.00024790515314812366,0.0019271785635890705,0.0038734249298075646,0.10184860974550247,0.4120725989341736,0.6204391494393349,0.3102207604113424,0.0,0.0,2
2.44,PINN Conservative,0.2506016918793323,0.00024330716028316105,0.001921250882583696,0.0038570882590240885,0.10210129618644714,0.41172847151756287,0.6192419081926346,0.3096221375000016,0.0,0.0,2
2.445,PINN Conservative,0.25060284600406907,0.00023870286602914242,0.0019153234168719992,0.003840448669250082,0.10235372185707092,0.41138485074043274,0.6180466115474701,0.30902448689314493,0.0,0.0,2
2.45,PINN Conservative,0.2506040018126371,0.00023409185425641798,0.0019093882445529085,0.00382389716923022,0.10260577499866486,0.4110425114631653,0.6168546825647354,0.30842852012393895,0.0,0.0,2
2.455,PINN Conservative,0.2506051562577488,0.00022948628189052044,0.00190344470054224,0.0038075762775132693,0.10285775363445282,0.41070106625556946,0.6156643182039261,0.3078333356686857,0.0,0.0,2
2.46,PINN Conservative,0.25060630357265495,0.0002249091549461565,0.0018974885210775799,0.003790915050398927,0.10310927033424377,0.4103602468967438,0.6144766435027122,0.3072394960483703,0.0,0.0,2
2.465,PINN Conservative,0.25060746199637673,0.00022028771021324347,0.0018915322165799545,0.0037745065663232213,0.1033601462841034,0.41002073884010315,0.6132922172546387,0.30664728066083297,0.0,0.0,2
2.47,PINN Conservative,0.2506086126342418,0.00021569732657303111,0.0018855726959835614,0.0037581006680649787,0.1036112979054451,0.4096819758415222,0.6121091991662979,0.30605576935585316,0.0,0.0,2
2.475,PINN Conservative,0.2506097755059602,0.00021105813689045353,0.0018795964939197166,0.0037415492408229972,0.10386180132627487,0.409343957901001,0.6109287664294243,0.3054655507315476,0.0,0.0,2
2.48,PINN Conservative,0.250610932543874,0.00020644222073470605,0.0018736261194078896,0.003725164723951513,0.10411249101161957,0.40900689363479614,0.609749898314476,0.30487611442119483,0.0,0.0,2
2.485,PINN Conservative,0.25061208596825624,0.00020184072049275338,0.0018676403322815918,0.0037085626399104704,0.1043623611330986,0.4086710512638092,0.6085751503705978,0.30428873820425095,0.0,0.0,2
2.49,PINN Conservative,0.2506132376641037,0.00019724611611084827,0.0018616516106080526,0.003692130702501323,0.10461199283599854,0.40833571553230286,0.6074017360806465,0.3037020288168192,0.0,0.0,2
2.495,PINN Conservative,0.25061439004540464,0.00019264877716362205,0.0018556550687260746,0.0036755419242958526,0.10486133396625519,0.4080011248588562,0.6062303781509399,0.30311634761343964,0.0,0.0,2
2.5,PINN Conservative,0.2506155420616271,0.00018805289466961654,0.0018496644042737083,0.003658975945029036,0.10511022061109543,0.4076675772666931,0.6050622463226318,0.3025322794669245,0.0,0.0,2
2.505,PINN Conservative,0.2506167032569649,0.0001834203927821509,0.0018436679967789675,0.003642418677119036,0.10535922646522522,0.4073348939418793,0.6038954108953476,0.30194885952339884,0.0,0.0,2
2.5100000000000002,PINN Conservative,0.2506178518012168,0.00017883836145476394,0.0018376405895851324,0.003626041374875655,0.10560766607522964,0.4070033133029938,0.6027320548892021,0.30136717929709195,0.0,0.0,2
2.515,PINN Conservative,0.2506190072819593,0.00017422865751751232,0.0018316298588451115,0.003609510591374515,0.10585574060678482,0.4066724181175232,0.6015707552433014,0.3007865272548372,0.0,0.0,2
2.52,PINN Conservative,0.25062015105783964,0.00016966564925166883,0.001825603999283302,0.0035929909928223563,0.10610340535640717,0.40634241700172424,0.6004120260477066,0.30020716044264767,0.0,0.0,2
2.525,PINN Conservative,0.25062129840254804,0.00016508840341337232,0.0018195702693603662,0.0035763939300395703,0.10635100305080414,0.4060131907463074,0.5992551147937775,0.29962870260476515,0.0,0.0,2
2.5300000000000002,PINN Conservative,0.2506224457174542,0.0001605112764690084,0.001813534690890631,0.003559883370413977,0.10659834742546082,0.40568476915359497,0.5980998575687408,0.29905107178448986,0.0,0.0,2
2.535,PINN Conservative,0.2506235908865931,0.00015594270990240547,0.001807504033817952,0.003543445360920161,0.10684515535831451,0.40535739064216614,0.5969479978084564,0.29847513970308337,0.0,0.0,2
2.54,PINN Conservative,0.2506247284561398,0.0001514044613399852,0.0018014578227746698,0.0035267031093537404,0.10709163546562195,0.40503063797950745,0.5957981497049332,0.2979002134539019,0.0,0.0,2
2.545,PINN Conservative,0.25062586925923847,0.00014685331276417864,0.0017954007094600323,0.0035100763092329595,0.1073378473520279,0.40470510721206665,0.5946512222290039,0.2973267475240988,0.0,0.0,2
2.5500000000000003,PINN Conservative,0.25062700022757073,0.0001423413992527778,0.00178933748239898,0.0034935996762060634,0.10758376121520996,0.4043799638748169,0.593505322933197,0.2967537956863219,0.0,0.0,2
2.555,PINN Conservative,0.2506281363964083,0.00013780873871471085,0.0017832874641229702,0.0034769753535400794,0.10782928764820099,0.40405580401420593,0.5923628211021423,0.2961825425874138,0.0,0.0,2
2.56,PINN Conservative,0.25062927317619343,0.00013327364084704006,0.0017772074047460846,0.003460010457946819,0.10807475447654724,0.40373292565345764,0.5912226289510727,0.2956124443329121,0.0,0.0,2
2.565,PINN Conservative,0.25063039603829407,0.00012879406653999742,0.0017711492500693158,0.0034436593156136203,0.1083197295665741,0.40341025590896606,0.5900838226079941,0.2950430389850543,0.0,0.0,2
2.57,PINN Conservative,0.250631522536278,0.0001242999871485998,0.0017650591204235193,0.003427070313710992,0.10856451094150543,0.4030888080596924,0.5889482200145721,0.29447523551814736,0.0,0.0,2
2.575,PINN Conservative,0.25063265539705776,0.00011978052385963646,0.0017589764027283873,0.003410367098381953,0.10880871117115021,0.402768075466156,0.5878148078918457,0.29390852729077427,0.0,0.0,2
2.58,PINN Conservative,0.25063376636803175,0.0001153483883122985,0.0017528924829322467,0.003393758040127301,0.10905303061008453,0.40244802832603455,0.586682602763176,0.2933424225627361,0.0,0.0,2
2.585,PINN Conservative,0.25063486956059955,0.00011094728413428883,0.0017468152370852359,0.0033769904208678647,0.10929679870605469,0.4021289348602295,0.585553303360939,0.29277777070346744,0.0,0.0,2
2.59,PINN Conservative,0.2506359875649216,0.00010648708957125173,0.0017407092814270056,0.0033601393377137023,0.10953977704048157,0.40181073546409607,0.5844274163246155,0.29221482503367663,0.0,0.0,2
2.595,PINN Conservative,0.2506370973289015,0.00010205976923659812,0.0017346093678768497,0.0033436077030485484,0.109782874584198,0.401493102312088,0.5833030343055725,0.2916526318754023,0.0,0.0,2
2.6,PINN Conservative,0.2506382005363705,9.76586056114007e-05,0.0017285013762557795,0.0033268000412670085,0.11002565920352936,0.40117624402046204,0.582179844379425,0.29109103476585385,0.0,0.0,2
2.605,PINN Conservative,0.25063930122554323,9.32674885405574e-05,0.0017223986992543233,0.0033100330340864598,0.11026830971240997,0.40086057782173157,0.5810600817203522,0.2905311512963924,0.0,0.0,2
2.61,PINN Conservative,0.25064039787650133,8.889248162481618e-05,0.0017162812045636432,0.003293142063238691,0.11051042377948761,0.4005451798439026,0.5799415707588196,0.2899718936780931,0.0,0.0,2
2.615,PINN Conservative,0.25064148758351823,8.454517704275494e-05,0.001710174262346964,0.003276334357602856,0.11075210571289062,0.40023094415664673,0.5788259655237198,0.28941408892856324,0.0,0.0,2
2.62,PINN Conservative,0.25064256997406503,8.022706097052387e-05,0.0017040492686490446,0.003259684946619129,0.11099353432655334,0.39991745352745056,0.5777131617069244,0.28885768489353925,0.0,0.0,2
2.625,PINN Conservative,0.25064365354180357,7.590424857998393e-05,0.001697912988360993,0.0032426430012562624,0.11123476922512054,0.3996049165725708,0.5766019970178604,0.2883021004255134,0.0,0.0,2
2.63,PINN Conservative,0.2506447298228743,7.161050580534162e-05,0.0016917939121492262,0.0032260136885280816,0.11147533357143402,0.39929285645484924,0.5754933655261993,0.28774778256103006,0.0,0.0,2
2.6350000000000002,PINN Conservative,0.25064580568671246,6.731842754863419e-05,0.001685660026266407,0.0032092852265801497,0.11171574890613556,0.39898183941841125,0.5743872970342636,0.28719474620130747,0.0,0.0,2
2.64,PINN Conservative,0.25064687404036545,6.305631061364735e-05,0.0016795263796870294,0.003192257915367161,0.11195607483386993,0.39867183566093445,0.5732829868793488,0.2866425890134556,0.0,0.0,2
2.645,PINN Conservative,0.25064793385565304,5.882825684836278e-05,0.0016733747088832189,0.003175316846296669,0.11219587922096252,0.3983622193336487,0.5721809566020966,0.2860915717687919,0.0,0.0,2
2.65,PINN Conservative,0.2506489897519352,5.461583766178564e-05,0.0016672464092268645,0.0031583730719826064,0.11243520677089691,0.3980535566806793,0.5710817128419876,0.2855419477880251,0.0,0.0,2
2.6550000000000002,PINN Conservative,0.25065003903210187,5.042981297297276e-05,0.0016611015241924398,0.00314159095562086,0.11267443001270294,0.3977455794811249,0.5699843019247055,0.28499324023217437,0.0,0.0,2
2.66,PINN Conservative,0.25065108716487905,4.624836570853617e-05,0.0016549424728630037,0.003124428690686243,0.11291314661502838,0.397438645362854,0.5688894987106323,0.28444583653291156,0.0,0.0,2
2.665,PINN Conservative,0.2506521280407908,4.20958691656217e-05,0.0016487900893159715,0.0031075728590662377,0.11315162479877472,0.39713209867477417,0.5677963197231293,0.2838992449500378,0.0,0.0,2
2.67,PINN Conservative,0.25065316644310975,3.7953240835941055e-05,0.0016426319668774007,0.0030905968134149336,0.11338986456394196,0.39682620763778687,0.5667049288749695,0.28335354744025293,0.0,0.0,2
2.6750000000000003,PINN Conservative,0.25065419088304064,3.3866314408451765e-05,0.0016364655205400715,0.00307337575060751,0.11362771689891815,0.39652153849601746,0.5656160116195679,0.2828090867315743,0.0,0.0,2
2.68,PINN Conservative,0.2506552217602732,2.9753706847679463e-05,0.0016303080978735602,0.0030566135276668266,0.11386509239673615,0.3962174952030182,0.5645303726196289,0.28226626515689185,0.0,0.0,2
2.685,PINN Conservative,0.25065623728930975,2.57023297662641e-05,0.001624147399413104,0.0030398305943403897,0.11410249769687653,0.39591413736343384,0.5634453743696213,0.2817237639583996,0.0,0.0,2
2.69,PINN Conservative,0.25065725639462494,2.1636685388801846e-05,0.001617975647209335,0.0030229439269952585,0.11433924734592438,0.39561140537261963,0.5623630583286285,0.2811826038695407,0.0,0.0,2
2.695,PINN Conservative,0.2506582432538273,1.7699684464955445e-05,0.001611806382062402,0.003005521765261865,0.11457562446594238,0.3953093886375427,0.5612829178571701,0.2806425315696065,0.0,0.0,2
2.7,PINN Conservative,0.25065925128757977,1.3678209258294403e-05,0.001605642638202894,0.002988543008492356,0.1148119568824768,0.3950083255767822,0.5602052807807922,0.2801037109719967,0.0,0.0,2
2.705,PINN Conservative,0.25066025003790876,9.69376957474331e-06,0.0015994662977828272,0.002971313129297909,0.11504760384559631,0.3947080075740814,0.5591298043727875,0.27956597071270267,0.0,0.0,2
2.71,PINN Conservative,0.25066123372316385,5.769430875975196e-06,0.0015932818001972919,0.0029542192846376825,0.11528334021568298,0.3944084942340851,0.5580563992261887,0.2790292660880699,0.0,0.0,2
2.715,PINN Conservative,0.25066220676898976,1.8875373835500381e-06,0.0015870968400008845,0.0029370120559959884,0.1155184805393219,0.3941093981266022,0.5569846332073212,0.2784933810304352,0.0,0.0,2
2.72,PINN Conservative,0.2506631889790299,2.0309160555904317e-06,0.0015809322745397158,0.002919838357325344,0.11575347185134888,0.39381131529808044,0.5559156686067581,0.2779588966873064,0.0,0.0,2
2.725,PINN Conservative,0.25066415598988556,5.888733485922629e-06,0.0015747352480003864,0.0029028184803824714,0.11598801612854004,0.39351385831832886,0.5548482537269592,0.27742518720752124,0.0,0.0,2
2.73,PINN Conservative,0.25066511385142826,9.710050416948713e-06,0.0015685594205920384,0.0028856610818579487,0.11622196435928345,0.3932170867919922,0.5537841320037842,0.2768931243123414,0.0,0.0,2
2.735,PINN Conservative,0.2506660707741978,1.3527622182676674e-05,0.0015623673216493478,0.002868417788426142,0.11645609140396118,0.3929212689399719,0.5527213513851166,0.2763617319719783,0.0,0.0,2
2.74,PINN Conservative,0.25066701735556146,1.730393768382338e-05,0.001556183703895007,0.0028513124114411398,0.11668960750102997,0.39262592792510986,0.551660418510437,0.27583126350714027,0.0,0.0,2
2.745,PINN Conservative,0.2506679590046408,2.1060576205690195e-05,0.0015499945601400492,0.0028342314538626623,0.1169227808713913,0.3923310935497284,0.5506013780832291,0.2753017412696546,0.0,0.0,2
2.75,PINN Conservative,0.2506688900589945,2.4774947862777275e-05,0.0015438126464190566,0.0028168906952080047,0.11715562641620636,0.39203742146492004,0.5495455116033554,0.2747738060119017,0.0,0.0,2
2.755,PINN Conservative,0.2506698179394009,2.847665729456461e-05,0.0015376223662404709,0.0027996047077745723,0.1173882931470871,0.39174437522888184,0.548490971326828,0.2742465338583564,0.0,0.0,2
2.7600000000000002,PINN Conservative,0.25067073848843596,3.214911876911257e-05,0.0015314225727708212,0.0027825123632167353,0.11762045323848724,0.39145195484161377,0.5474388301372528,0.2737204612528719,0.0,0.0,2
2.765,PINN Conservative,0.2506716497838499,3.578466361492606e-05,0.001525237545936834,0.002765163132470022,0.11785240471363068,0.39116036891937256,0.5463888198137283,0.27319545408448503,0.0,0.0,2
2.77,PINN Conservative,0.2506725522428753,3.938495634993997e-05,0.001519046898989202,0.0027478936558010952,0.11808393895626068,0.3908692002296448,0.5453403890132904,0.27267123668065996,0.0,0.0,2
2.775,PINN Conservative,0.2506734538227322,4.29817417079638e-05,0.0015128547056715853,0.0027305700581459064,0.11831507086753845,0.390578955411911,0.5442953109741211,0.27214869566387645,0.0,0.0,2
2.7800000000000002,PINN Conservative,0.25067434653639814,4.654315606081256e-05,0.0015066680150969732,0.0027132521723258612,0.11854615807533264,0.3902893662452698,0.5432507395744324,0.2716264079678015,0.0,0.0,2
2.785,PINN Conservative,0.2506752196103337,5.002621917922529e-05,0.0015004778379348557,0.0026961637367865915,0.11877688765525818,0.3900005519390106,0.54220911860466,0.27110559549232316,0.0,0.0,2
2.79,PINN Conservative,0.2506761023104193,5.3547685102965604e-05,0.0014942687299054611,0.0026786493143781814,0.11900705099105835,0.3897124230861664,0.5411694049835205,0.2705857366948063,0.0,0.0,2
2.795,PINN Conservative,0.2506769629865887,5.698128826127669e-05,0.0014880809768750528,0.002661394565433864,0.11923691630363464,0.3894246816635132,0.5401318222284317,0.27006694333438697,0.0,0.0,2
2.8000000000000003,PINN Conservative,0.25067783482372785,6.045941727307251e-05,0.001481888329483555,0.00264383639053363,0.11946660280227661,0.3891378343105316,0.5390960425138474,0.26954905149766556,0.0,0.0,2
2.805,PINN Conservative,0.2506786827296021,6.384207429468883e-05,0.001475695303364942,0.0026266465634103148,0.11969578266143799,0.3888517916202545,0.5380626022815704,0.26903232940656874,0.0,0.0,2
2.81,PINN Conservative,0.250679530143738,6.722276956309593e-05,0.001469504295457323,0.002609446888635014,0.11992472410202026,0.38856616616249084,0.5370309203863144,0.26851648648734266,0.0,0.0,2
2.815,PINN Conservative,0.25068037025630496,7.057433576863914e-05,0.0014633225467693472,0.002591780634619567,0.1201532781124115,0.38828128576278687,0.5360016077756882,0.26800182821495927,0.0,0.0,2
2.82,PINN Conservative,0.2506811985820534,7.387887934390601e-05,0.0014571293997066523,0.0025744326997655387,0.1203816831111908,0.38799768686294556,0.5349747538566589,0.2674883992930731,0.0,0.0,2
2.825,PINN Conservative,0.25068201765418074,7.714650629043842e-05,0.0014509388971677734,0.0025572857122990733,0.12060944736003876,0.38771381974220276,0.5339490324258804,0.2669755366174765,0.0,0.0,2
2.83,PINN Conservative,0.2506828436404469,8.044171667627532e-05,0.0014447634253629434,0.0025398480880574476,0.12083709239959717,0.3874312937259674,0.5329263806343079,0.26646420876734916,0.0,0.0,2
2.835,PINN Conservative,0.25068364150822187,8.362475044606052e-05,0.0014385898489173141,0.0025222103171882726,0.12106433510780334,0.3871491253376007,0.5319048315286636,0.2659534322622933,0.0,0.0,2
2.84,PINN Conservative,0.25068444301188014,8.682228930020065e-05,0.0014323843937189727,0.0025051147924632367,0.12129129469394684,0.3868676722049713,0.5308856666088104,0.26544384785468916,0.0,0.0,2
2.845,PINN Conservative,0.25068523834645773,8.999521706866543e-05,0.0014262103277456824,0.0024875621327228314,0.12151789665222168,0.3865869343280792,0.5298682302236557,0.26493512771773764,0.0,0.0,2
2.85,PINN Conservative,0.25068601882457753,9.310887611076105e-05,0.0014200275022131644,0.0024701079624955546,0.12174451351165771,0.3863067626953125,0.5288520753383636,0.2644270483331665,0.0,0.0,2
2.855,PINN Conservative,0.25068679708242436,9.621367754004277e-05,0.0014138447091671124,0.0024527459059145162,0.12197017669677734,0.38602781295776367,0.5278405100107193,0.26392126373619007,0.0,0.0,2
2.86,PINN Conservative,0.2506875620931389,9.926563052660827e-05,0.0014076725223193568,0.002435223174034759,0.12219592928886414,0.3857487142086029,0.5268283933401108,0.2634152034666779,0.0,0.0,2
2.865,PINN Conservative,0.2506883296221497,0.00010232763006752788,0.001401505951631746,0.0024178392276075766,0.12242123484611511,0.3854706883430481,0.5258192420005798,0.2629106258683714,0.0,0.0,2
2.87,PINN Conservative,0.25068908041715643,0.00010532287055170352,0.001395341852567549,0.0024003108933754597,0.12264612317085266,0.38519322872161865,0.524812638759613,0.26240732232421654,0.0,0.0,2
2.875,PINN Conservative,0.2506898218095305,0.00010828059993659605,0.0013891665211299888,0.0023830458526826748,0.12287083268165588,0.3849165141582489,0.5238071084022522,0.261904555223915,0.0,0.0,2
2.88,PINN Conservative,0.2506905605196955,0.00011122762884939803,0.0013830093506387892,0.0023656699111340024,0.1230950802564621,0.38464048504829407,0.5228044390678406,0.26140321864055566,0.0,0.0,2
2.8850000000000002,PINN Conservative,0.2506912871152165,0.00011412632729645087,0.0013768520642084353,0.00234819805100768,0.12331919372081757,0.3843648433685303,0.5218026787042618,0.26090233654434974,0.0,0.0,2
2.89,PINN Conservative,0.2506920020729306,0.0001169785975839975,0.0013706969302253321,0.002330734655726932,0.12354281544685364,0.38409027457237244,0.5208042562007904,0.26040312338457644,0.0,0.0,2
2.895,PINN Conservative,0.25069272540509724,0.00011986427712328853,0.0013645447974046138,0.0023131605855281623,0.12376603484153748,0.3838162422180176,0.5198075622320175,0.2599047744954557,0.0,0.0,2
2.9,PINN Conservative,0.25069342134892963,0.00012264069295296926,0.001358404463171018,0.0022956442946994587,0.12398913502693176,0.3835427165031433,0.5188121348619461,0.25940705890810617,0.0,0.0,2
2.9050000000000002,PINN Conservative,0.250694111928344,0.00012539570783846892,0.0013522420038303805,0.002278246914072607,0.12421195209026337,0.38326993584632874,0.5178188979625702,0.25891043856029056,0.0,0.0,2
2.91,PINN Conservative,0.2506948094516995,0.00012817842505720567,0.0013461068977434843,0.0022607584118773116,0.1244339644908905,0.3829977810382843,0.5168284326791763,0.2584152040257626,0.0,0.0,2
2.915,PINN Conservative,0.25069549533724805,0.0001309147141164362,0.0013399728044757727,0.0022432935666633347,0.1246558427810669,0.3827263116836548,0.5158398300409317,0.25792090081736896,0.0,0.0,2
2.92,PINN Conservative,0.2506961515843871,0.00013353276295908852,0.0013338450508628245,0.0022259567280141224,0.12487742304801941,0.3824551999568939,0.5148528963327408,0.25742743207719154,0.0,0.0,2
2.9250000000000003,PINN Conservative,0.2506968284994366,0.0001362332648837156,0.0013277161362279476,0.0022084276487650267,0.12509861588478088,0.38218510150909424,0.5138679891824722,0.2569349766198482,0.0,0.0,2
2.93,PINN Conservative,0.25069748401641867,0.00013884840081992652,0.0013216084371644064,0.00219105626135796,0.12531960010528564,0.3819153904914856,0.5128848999738693,0.2564434301368118,0.0,0.0,2
2.935,PINN Conservative,0.25069812445342565,0.00014140337632416672,0.0013154855720469265,0.002173752990116351,0.12554028630256653,0.381646066904068,0.5119027644395828,0.2559523604927562,0.0,0.0,2
2.94,PINN Conservative,0.25069876408576985,0.0001439551416864697,0.0013093766620260075,0.002156206246813369,0.12576061487197876,0.38137781620025635,0.510923832654953,0.2554628927296514,0.0,0.0,2
2.945,PINN Conservative,0.2506993956714871,0.0001464748056327226,0.0013032744923127135,0.0021387946176367745,0.12598028779029846,0.38110974431037903,0.5099464952945709,0.25497422218171756,0.0,0.0,2
2.95,PINN Conservative,0.2507000252455475,0.00014898644422479683,0.0012971834657138758,0.0021214664273007666,0.12620003521442413,0.38084280490875244,0.5089713931083679,0.25448666922514473,0.0,0.0,2
2.955,PINN Conservative,0.25070063541829607,0.00015142068273522432,0.0012910809974115598,0.002103893854514649,0.12641946971416473,0.3805762529373169,0.5079973936080933,0.2539996676136434,0.0,0.0,2
2.96,PINN Conservative,0.2507012373507025,0.0001538220470174898,0.0012850054841609922,0.0020905782857845723,0.12663844227790833,0.3803103268146515,0.5070260316133499,0.2535139847599482,0.0,0.0,2
2.965,PINN Conservative,0.2507018400728705,0.00015622656199450473,0.001278928136859406,0.002082080523185481,0.12685707211494446,0.3800449073314667,0.506056547164917,0.2530292406829962,0.0,0.0,2
2.97,PINN Conservative,0.25070242930948755,0.0001585772773753498,0.0012728472367900484,0.0020737490840625483,0.1270752102136612,0.3797801733016968,0.5050888061523438,0.25254536832730584,0.0,0.0,2
2.975,PINN Conservative,0.25070300830900694,0.00016088715262126338,0.001266785793057998,0.0020652662185267068,0.12729325890541077,0.37951597571372986,0.5041228979825974,0.2520624123965316,0.0,0.0,2
2.98,PINN Conservative,0.25070358613133453,0.00016319233154864666,0.0012607415252678428,0.002056639672170235,0.12751080095767975,0.37925252318382263,0.5031593590974808,0.2515806411126001,0.0,0.0,2
2.985,PINN Conservative,0.2507041489481928,0.00016543764727933356,0.0012546971963115156,0.0020484461202993076,0.12772797048091888,0.3789895176887512,0.5021975189447403,0.25109971919810303,0.0,0.0,2
2.99,PINN Conservative,0.2507047103196385,0.00016767719664454684,0.0012486489576030307,0.002039695867196434,0.1279451847076416,0.3787272870540619,0.501237228512764,0.2506195721469496,0.0,0.0,2
2.995,PINN Conservative,0.2507052576094868,0.0001698605685311741,0.001242614481993991,0.0020311083523362194,0.12816180288791656,0.3784656524658203,0.5002792626619339,0.2501405873908117,0.0,0.0,2
3.0,PINN Conservative,0.2507057988047602,0.00017201962656717893,0.001236595200312164,0.0020224276497425864,0.1283782720565796,0.37820446491241455,0.49932242929935455,0.2496621688809634,0.0,0.0,2
3.005,PINN Conservative,0.25070633661747,0.00017416519011902726,0.0012305827190735752,0.002013716509908725,0.12859413027763367,0.37794411182403564,0.49836844205856323,0.24918517343744823,0.0,0.0,2
3.0100000000000002,PINN Conservative,0.2507068529427054,0.00017622503099999737,0.0012245703737067846,0.0020048999903423126,0.1288098841905594,0.3776837885379791,0.4974149912595749,0.2487084462158597,0.0,0.0,2
3.015,PINN Conservative,0.25070738397538683,0.0001783435461361236,0.001218579533706329,0.001996303122941856,0.12902523577213287,0.3774246871471405,0.49646493792533875,0.24823341773314,0.0,0.0,2
3.02,PINN Conservative,0.25070788921415826,0.00018035915839888328,0.0012125858003126093,0.0019874221535646774,0.12924017012119293,0.37716564536094666,0.49551548063755035,0.24775868727478326,0.0,0.0,2
3.025,PINN Conservative,0.2507083919197323,0.00018236466466032257,0.0012066205408265691,0.0019787725665336153,0.12945501506328583,0.3769075870513916,0.4945685565471649,0.24728522341996906,0.0,0.0,2
3.0300000000000002,PINN Conservative,0.2507088840156796,0.00018432784460979437,0.0012006504743706208,0.0019698632764086343,0.12966930866241455,0.3766496777534485,0.4936230778694153,0.24681248227423502,0.0,0.0,2
3.035,PINN Conservative,0.2507093643695118,0.00018624418027011016,0.0011946839542856288,0.0019610870508027234,0.1298833191394806,0.3763929307460785,0.4926802068948746,0.2463410449850889,0.0,0.0,2
3.04,PINN Conservative,0.250709841758013,0.00018814868596420437,0.0011887393306541682,0.001951911191980904,0.13009697198867798,0.37613651156425476,0.49173925817012787,0.2458705688245133,0.0,0.0,2
3.045,PINN Conservative,0.2507103099375965,0.0001900164533706844,0.0011828117617960665,0.0019430858718259003,0.13031066954135895,0.3758806884288788,0.49079884588718414,0.24540036088586437,0.0,0.0,2
3.0500000000000003,PINN Conservative,0.25071077041327977,0.0001918534866435534,0.0011768798890823744,0.0019342813624351196,0.13052357733249664,0.3756251335144043,0.489860862493515,0.24493136739649446,0.0,0.0,2
3.055,PINN Conservative,0.25071122917532945,0.00019368368350356258,0.0011709690174631074,0.001925150301083034,0.1307365894317627,0.37537074089050293,0.48892514407634735,0.2444635063997038,0.0,0.0,2
3.06,PINN Conservative,0.2507116663157942,0.00019542762266888967,0.0011650570054349213,0.001916303276090492,0.130949005484581,0.37511661648750305,0.48799167573451996,0.24399677044488324,0.0,0.0,2
3.065,PINN Conservative,0.2507121079713108,0.00019718957429556175,0.0011591745368617924,0.001907214151945058,0.1311611831188202,0.37486305832862854,0.4870586544275284,0.24353025800833492,0.0,0.0,2
3.0700000000000003,PINN Conservative,0.2507125432342293,0.00019892602313051404,0.0011532950498323797,0.0018982598977377863,0.1313728243112564,0.37460997700691223,0.4861283302307129,0.24306509413202898,0.0,0.0,2
3.075,PINN Conservative,0.2507129656225445,0.0002006111096993432,0.0011474316271972266,0.0018891797266584742,0.1315843164920807,0.3743577301502228,0.4852004945278168,0.24260117450743834,0.0,0.0,2
3.08,PINN Conservative,0.25071337440609953,0.00020224192109560786,0.0011415717542092808,0.0018801900445046815,0.13179536163806915,0.374105840921402,0.4842734932899475,0.24213767211695583,0.0,0.0,2
3.085,PINN Conservative,0.2507137828916314,0.00020387154355077516,0.001135731177543817,0.0018711055590128756,0.1320062130689621,0.37385448813438416,0.48334816098213196,0.24167500419468962,0.0,0.0,2
3.09,PINN Conservative,0.25071417567133925,0.00020543850879673725,0.001129902670368027,0.0018619158739476283,0.13221631944179535,0.3736037611961365,0.48242586851119995,0.24121385619667446,0.0,0.0,2
3.095,PINN Conservative,0.25071457271277925,0.0002070224759040673,0.0011240959713013394,0.0018527658503588174,0.1324264407157898,0.3733535706996918,0.4815046191215515,0.24075322974129446,0.0,0.0,2
3.1,PINN Conservative,0.25071496117115044,0.00020857220150079627,0.001118298376152825,0.0018435586805257698,0.1326362043619156,0.37310415506362915,0.480585515499115,0.24029367617362107,0.0,0.0,2
3.105,PINN Conservative,0.2507153290808203,0.0002100399495915022,0.001112511016984617,0.0018345916347766167,0.1328456699848175,0.37285491824150085,0.47966741025447845,0.23983462179675566,0.0,0.0,2
3.11,PINN Conservative,0.2507157008498909,0.00021152309447282895,0.0011067280095600506,0.0018253094708490791,0.13305485248565674,0.37260642647743225,0.47875145077705383,0.23937664030759687,0.0,0.0,2
3.115,PINN Conservative,0.2507160637676718,0.00021297092779616839,0.0011009764164184649,0.00181624818869075,0.1332637369632721,0.3723582923412323,0.4778369814157486,0.23891940387934546,0.0,0.0,2
3.12,PINN Conservative,0.2507164165377619,0.00021437827766659554,0.0010952316553926639,0.0018069748984357314,0.13347214460372925,0.3721112310886383,0.47692571580410004,0.2384637693320449,0.0,0.0,2
3.125,PINN Conservative,0.25071675793826603,0.00021574026942490268,0.0010895115761911723,0.0017978677529288944,0.1336800456047058,0.37186428904533386,0.4760153591632843,0.23800858927189786,0.0,0.0,2
3.13,PINN Conservative,0.2507170875966551,0.0002170554168940538,0.0010838045317361723,0.0017886990563225624,0.13388806581497192,0.3716178834438324,0.4751061052083969,0.2375539605568223,0.0,0.0,2
3.1350000000000002,PINN Conservative,0.25071742542088055,0.00021840314135609262,0.0010781076463807536,0.0017794097235201978,0.13409553468227386,0.3713723421096802,0.4741995334625244,0.23710067295138001,0.0,0.0,2
3.14,PINN Conservative,0.250717742264271,0.00021966716434742867,0.0010724334016251798,0.001770047612958403,0.1343027651309967,0.3711273968219757,0.4732948988676071,0.23664835392511732,0.0,0.0,2
3.145,PINN Conservative,0.2507180645912888,0.0002209530638595619,0.0010667642554458062,0.0017609642947480353,0.13450966775417328,0.37088271975517273,0.47239165008068085,0.2361967278054985,0.0,0.0,2
3.15,PINN Conservative,0.25071836943924447,0.00022216923196154343,0.0010611207633991553,0.00175172197453205,0.13471633195877075,0.37063851952552795,0.4714895635843277,0.23574568283338743,0.0,0.0,2
3.1550000000000002,PINN Conservative,0.2507186691761019,0.00022336500971976387,0.0010554934231762599,0.0017424313130664504,0.134922593832016,0.3703950047492981,0.4705899655818939,0.2352958821129917,0.0,0.0,2
3.16,PINN Conservative,0.2507189594358208,0.00022452297914298393,0.001049887001934092,0.0017331354626302087,0.13512839376926422,0.37015193700790405,0.46969157457351685,0.23484668489193095,0.0,0.0,2
3.165,PINN Conservative,0.25071924333274387,0.0002256555646686382,0.001044280382388412,0.0017241152421771377,0.13533426821231842,0.3699095547199249,0.4687953591346741,0.23439857545979495,0.0,0.0,2
3.17,PINN Conservative,0.2507195243984463,0.0002267768552514318,0.0010387134576163104,0.0017148788037221752,0.13553935289382935,0.3696678876876831,0.4679013639688492,0.23395157616841097,0.0,0.0,2
3.1750000000000003,PINN Conservative,0.25071979430317903,0.00022785361998096216,0.0010331452199854004,0.001705512527578168,0.13574433326721191,0.3694264590740204,0.4670085459947586,0.23350516547514383,0.0,0.0,2
3.18,PINN Conservative,0.2507200632542374,0.00022892658009800664,0.001027621685724564,0.0016962824099616414,0.13594886660575867,0.3691854774951935,0.46611738204956055,0.23305958179948388,0.0,0.0,2
3.185,PINN Conservative,0.2507203094661238,0.00022990882399036823,0.0010220932774595382,0.0016871878021370856,0.13615328073501587,0.36894524097442627,0.46522803604602814,0.23261490709813093,0.0,0.0,2
3.19,PINN Conservative,0.25072056593000913,0.0002309319674652919,0.0010165963252078448,0.001677912862101144,0.13635744154453278,0.3687054216861725,0.4643402099609375,0.2321709923589035,0.0,0.0,2
3.1950000000000003,PINN Conservative,0.25072080779075645,0.00023189685281404488,0.0010111056113892686,0.0016684947797820926,0.13656139373779297,0.36846625804901123,0.46345384418964386,0.23172780777936533,0.0,0.0,2
3.2,PINN Conservative,0.25072104027867337,0.00023282434595744728,0.001005653139772758,0.0016594693717449926,0.13676458597183228,0.3682273030281067,0.462569922208786,0.23128584509971525,0.0,0.0,2
3.205,PINN Conservative,0.250721278563142,0.00023377496401015338,0.001000220219924461,0.0016502826719573815,0.13696777820587158,0.36798909306526184,0.4616870880126953,0.23084442631452756,0.0,0.0,2
3.21,PINN Conservative,0.25072148968279384,0.00023461721005929364,0.0009947984807353435,0.0016408587930863139,0.1371702253818512,0.367751806974411,0.4608078598976135,0.23040481057673576,0.0,0.0,2
3.215,PINN Conservative,0.25072170342505,0.00023546991879221636,0.0009893907145982934,0.0016317303140964134,0.13737277686595917,0.3675142228603363,0.45992787182331085,0.22996481485788117,0.0,0.0,2
3.22,PINN Conservative,0.25072191357612633,0.00023630830078190447,0.0009840084117218267,0.0016227274707102668,0.13757480680942535,0.36727771162986755,0.45905134081840515,0.2295265476803317,0.0,0.0,2
3.225,PINN Conservative,0.25072211758792423,0.00023712219057984982,0.000978655923397572,0.0016134217730322808,0.1377767026424408,0.36704152822494507,0.4581753611564636,0.22908855617531798,0.0,0.0,2
3.23,PINN Conservative,0.25072231329977535,0.00023790296836132506,0.0009733215745057516,0.0016041764994370045,0.13797804713249207,0.3668058514595032,0.4573010802268982,0.22865141403973868,0.0,0.0,2
3.235,PINN Conservative,0.2507225036919119,0.00023866252353973958,0.0009680143647894418,0.0015950369337894843,0.1381789892911911,0.36657068133354187,0.4564293473958969,0.22821554595831098,0.0,0.0,2
3.24,PINN Conservative,0.2507226824164393,0.00023937553166471532,0.0009627247928117974,0.0015860817818757478,0.13838008046150208,0.36633622646331787,0.4555586278438568,0.22778018451830032,0.0,0.0,2
3.245,PINN Conservative,0.2507228502035143,0.00024004490564202933,0.0009574628234101152,0.0015769210520852617,0.1385803520679474,0.3661018908023834,0.4546898901462555,0.22734581400929646,0.0,0.0,2
3.25,PINN Conservative,0.25072302015125775,0.00024072289944429207,0.0009522196937535361,0.001567821332339625,0.1387803703546524,0.36586838960647583,0.45382313430309296,0.22691243443129944,0.0,0.0,2
3.255,PINN Conservative,0.2507231880128386,0.00024139257065710186,0.0009469995380580416,0.0015588164104238522,0.13898023962974548,0.3656351864337921,0.4529576748609543,0.2264797030562918,0.0,0.0,2
3.2600000000000002,PINN Conservative,0.2507233322858813,0.00024196813716239268,0.0009418083697999073,0.0015497025844767032,0.1391800343990326,0.36540281772613525,0.4520939141511917,0.22604782105071863,0.0,0.0,2
3.265,PINN Conservative,0.25072348837554476,0.0002425908451918924,0.0009366318511620531,0.0015406445051377449,0.1393793672323227,0.3651706278324127,0.45123106241226196,0.22561639353229893,0.0,0.0,2
3.27,PINN Conservative,0.250723626226187,0.00024314079001130944,0.0009314865489070727,0.001531574328202917,0.13957801461219788,0.3649389147758484,0.45037128031253815,0.22518650083934846,0.0,0.0,2
3.275,PINN Conservative,0.2507237611860039,0.00024367920209955775,0.0009263656515705342,0.0015225933552468762,0.13977669179439545,0.364707887172699,0.44951269030570984,0.22475720419512388,0.0,0.0,2
3.2800000000000002,PINN Conservative,0.25072389088571095,0.00024419662937305337,0.0009212618774184458,0.0015136843640697895,0.1399751454591751,0.3644772469997406,0.44865474104881287,0.22432822792708948,0.0,0.0,2
3.285,PINN Conservative,0.25072401453554655,0.00024468992113726827,0.0009162004580181246,0.0015047569301669395,0.14017294347286224,0.36424732208251953,0.44780008494853973,0.22390089824366038,0.0,0.0,2
3.29,PINN Conservative,0.2507241217792036,0.000245117761680212,0.0009111520914478722,0.001495858541718298,0.14037080109119415,0.36401742696762085,0.4469453692436218,0.223473538757795,0.0,0.0,2
3.295,PINN Conservative,0.2507242345511915,0.0002455676570852947,0.0009061409770689041,0.0014868551107315164,0.1405680775642395,0.36378851532936096,0.4460938274860382,0.22304776625166234,0.0,0.0,2
3.3000000000000003,PINN Conservative,0.2507243351340296,0.00024596892478935393,0.000901150576418813,0.001477978230178062,0.1407652348279953,0.36355990171432495,0.445242702960968,0.22262220236258376,0.0,0.0,2
3.305,PINN Conservative,0.2507244374006989,0.0002463769100121189,0.0008961826924462587,0.0014691612177004099,0.14096204936504364,0.3633316159248352,0.44439344108104706,0.2221975697996394,0.0,0.0,2
3.31,PINN Conservative,0.25072453883290313,0.00024678156619901417,0.0008912502945210917,0.0014603598482094693,0.1411585956811905,0.3631040155887604,0.44354626536369324,0.22177398032196535,0.0,0.0,2
3.315,PINN Conservative,0.25072461529076123,0.00024708658910122487,0.0008863400837274306,0.0014516675138177837,0.14135462045669556,0.3628769814968109,0.4427007734775543,0.22135123276311666,0.0,0.0,2
3.3200000000000003,PINN Conservative,0.25072469842433953,0.0002474182442895079,0.0008814571971522513,0.0014427512161889755,0.14155058562755585,0.36265015602111816,0.44185611605644226,0.22092890243837612,0.0,0.0,2
3.325,PINN Conservative,0.25072476828098317,0.0002476969321406992,0.0008766045033962228,0.001433959293092174,0.141745924949646,0.36242395639419556,0.44101378321647644,0.22050773440865107,0.0,0.0,2
3.33,PINN Conservative,0.2507248387485745,0.0002479780573219373,0.0008717825214777483,0.0014253867882907112,0.14194126427173615,0.36219820380210876,0.440173014998436,0.2200873486928788,0.0,0.0,2
3.335,PINN Conservative,0.2507248998135331,0.00024822167140367075,0.000867000340966759,0.0014169479032086485,0.14213643968105316,0.36197295784950256,0.4393330216407776,0.21966735040877836,0.0,0.0,2
3.34,PINN Conservative,0.25072495441138765,0.0002484394854579672,0.0008622329812198974,0.0014082258878625464,0.14233101904392242,0.3617483973503113,0.43849554657936096,0.2192486112776114,0.0,0.0,2
3.345,PINN Conservative,0.250725007876754,0.0002486527815352965,0.0008574933854993462,0.0013996561834811738,0.14252527058124542,0.3615240454673767,0.4376598000526428,0.21883073641709697,0.0,0.0,2
3.35,PINN Conservative,0.250725049749017,0.00024881982779446145,0.0008527838469265915,0.0013908830259727334,0.14271916449069977,0.36130037903785706,0.4368260055780411,0.21841383758637123,0.0,0.0,2
3.355,PINN Conservative,0.25072508727014087,0.0002489695155097963,0.0008481161014086158,0.0013823480512717146,0.14291270077228546,0.3610769510269165,0.4359930753707886,0.21799737089097176,0.0,0.0,2
3.36,PINN Conservative,0.25072511592507385,0.00024908383222017747,0.0008434783477528116,0.0013743308284695777,0.14310599863529205,0.3608540892601013,0.4351620376110077,0.2175818504229247,0.0,0.0,2
3.365,PINN Conservative,0.2507251476645472,0.0002492104544733964,0.0008388626940709751,0.0013657112045697417,0.1432989537715912,0.3606317937374115,0.43433259427547455,0.21716712717004852,0.0,0.0,2
3.37,PINN Conservative,0.250725166231394,0.0002492845255191734,0.0008342828485337737,0.0013574260398402371,0.14349162578582764,0.36040985584259033,0.43350455164909363,0.2167531042744253,0.0,0.0,2
3.375,PINN Conservative,0.25072518423199674,0.00024935633757646684,0.0008297466742041043,0.0013489095630265513,0.14368414878845215,0.3601887822151184,0.4326786696910858,0.21634016171711773,0.0,0.0,2
3.38,PINN Conservative,0.2507251910567286,0.00024938356433330924,0.0008252260593631831,0.001340686782828171,0.14387629926204681,0.35996773838996887,0.4318534731864929,0.2159275618878276,0.0,0.0,2
3.3850000000000002,PINN Conservative,0.2507251991182568,0.0002494157251967686,0.0008207384264894349,0.0013323065343226193,0.1440681517124176,0.35974735021591187,0.4310302138328552,0.21551593063771707,0.0,0.0,2
3.39,PINN Conservative,0.2507251977324488,0.0002494101966193815,0.0008163078979674793,0.0013241658346191676,0.14425955712795258,0.3595275282859802,0.43020933866500854,0.21510549148505834,0.0,0.0,2
3.395,PINN Conservative,0.25072519937157656,0.00024941673579696705,0.0008118837337432532,0.0013159846309763468,0.14445115625858307,0.3593079149723053,0.4293881952762604,0.21469491822143627,0.0,0.0,2
3.4,PINN Conservative,0.250725184991956,0.00024935936937706224,0.0008075016816476327,0.0013078864228664722,0.14464181661605835,0.35908883810043335,0.4285702705383301,0.21428595428937414,0.0,0.0,2
3.4050000000000002,PINN Conservative,0.2507251624166968,0.00024926930707011574,0.0008031583074726318,0.0012997890886277397,0.14483247697353363,0.35887059569358826,0.42775383591651917,0.21387773541821942,0.0,0.0,2
3.41,PINN Conservative,0.2507251506894829,0.00024922252222814745,0.0007988416820786666,0.0012918901798228688,0.14502272009849548,0.3586522042751312,0.4269379526376724,0.2134697922196004,0.0,0.0,2
3.415,PINN Conservative,0.2507251268029215,0.00024912722857930975,0.0007945543160959643,0.0012839930162801272,0.14521273970603943,0.3584347367286682,0.4261242002248764,0.21306291445807896,0.0,0.0,2
3.42,PINN Conservative,0.2507250925451519,0.00024899055977151526,0.0007903274549992767,0.0012762434741932782,0.14540258049964905,0.35821741819381714,0.42531195282936096,0.212656789208074,0.0,0.0,2
3.4250000000000003,PINN Conservative,0.2507250524014237,0.0002488304093723979,0.0007861255214379574,0.0012682199983237996,0.14559195935726166,0.3580007553100586,0.42450109124183655,0.21225135686471286,0.0,0.0,2
3.43,PINN Conservative,0.2507250165939333,0.0002486875580697015,0.0007819444455783972,0.0012602214788449695,0.14578129351139069,0.35778456926345825,0.42369183897972107,0.2118467291871317,0.0,0.0,2
3.435,PINN Conservative,0.25072496820986295,0.00024849453344242216,0.0007778143623075168,0.0012526969562196844,0.14597010612487793,0.3575689494609833,0.4228847324848175,0.21144317439725718,0.0,0.0,2
3.44,PINN Conservative,0.2507249158471825,0.0002482856364479059,0.0007737116897265618,0.0012448084725367181,0.1461583375930786,0.35735347867012024,0.4220786392688751,0.21104012624879967,0.0,0.0,2
3.4450000000000003,PINN Conservative,0.2507248665839436,0.00024808910444363647,0.000769652058943121,0.001237193115116969,0.14634697139263153,0.35713857412338257,0.4212733656167984,0.21063748788384123,0.0,0.0,2
3.45,PINN Conservative,0.2507248045355084,0.0002478415668554846,0.0007656226887865177,0.0012298450962016927,0.14653483033180237,0.3569241464138031,0.4204705059528351,0.21023605651755276,0.0,0.0,2
3.455,PINN Conservative,0.2507247382402422,0.0002475770868531524,0.0007616340257848874,0.0012221851356619962,0.14672258496284485,0.3567099869251251,0.4196683168411255,0.2098349604286726,0.0,0.0,2
3.46,PINN Conservative,0.25072467520833036,0.00024732562575858206,0.0007576946973698904,0.0012147570102800653,0.14690986275672913,0.3564964234828949,0.41886812448501587,0.20943486272140832,0.0,0.0,2
3.465,PINN Conservative,0.2507245886772873,0.00024698041663895483,0.0007537818496607797,0.0012073206601459774,0.14709697663784027,0.35628363490104675,0.41807039082050323,0.20903599436464124,0.0,0.0,2
3.47,PINN Conservative,0.2507245123386385,0.00024667586931336025,0.0007499093035706518,0.0011999277968945676,0.1472836583852768,0.3560710549354553,0.41727370023727417,0.20863764755050934,0.0,0.0,2
3.475,PINN Conservative,0.2507244321554901,0.0002463559846443325,0.0007460710961220258,0.0011928080430602672,0.14747001230716705,0.35585853457450867,0.41647782921791077,0.20823971051987647,0.0,0.0,2
3.48,PINN Conservative,0.2507243469357493,0.000246016006866818,0.0007422863653186937,0.0011855580790325893,0.14765603840351105,0.35564687848091125,0.4156840592622757,0.20784282402512302,0.0,0.0,2
3.485,PINN Conservative,0.2507242508083584,0.0002456325138357957,0.000738519259081209,0.001178494550596404,0.14784179627895355,0.35543566942214966,0.41489191353321075,0.2074467496467586,0.0,0.0,2
3.49,PINN Conservative,0.2507241559028628,0.00024525389546442415,0.0007348086574900905,0.0011714507957509002,0.14802733063697815,0.35522446036338806,0.4141004681587219,0.2070510254470207,0.0,0.0,2
3.495,PINN Conservative,0.2507240549921992,0.0002448513199248921,0.0007311288648219954,0.001164380071455584,0.14821256697177887,0.35501423478126526,0.4133117198944092,0.2066566498075251,0.0,0.0,2
3.5,PINN Conservative,0.25072394502162954,0.0002444126005682946,0.0007275003858183377,0.001157364804744293,0.14839734137058258,0.3548039197921753,0.41252346336841583,0.20626252003812898,0.0,0.0,2
3.505,PINN Conservative,0.2507238338887694,0.00024396924434079743,0.0007239006778074116,0.0011505540578209128,0.1485821157693863,0.35459455847740173,0.41173700988292694,0.20586929179243077,0.0,0.0,2
3.5100000000000002,PINN Conservative,0.25072372084856054,0.00024351827888832855,0.0007203485758116965,0.0011439090629430937,0.14876624941825867,0.3543854057788849,0.4109521210193634,0.20547684586068532,0.0,0.0,2
3.515,PINN Conservative,0.2507235987633469,0.00024303122906620334,0.0007168242590411401,0.0011383410879252376,0.14895054697990417,0.35417667031288147,0.41016820073127747,0.20508488421852966,0.0,0.0,2
3.52,PINN Conservative,0.2507234829515221,0.0002425692064594033,0.0007133547477647939,0.0011330085236786192,0.1491343230009079,0.35396838188171387,0.40938614308834076,0.20469385390250824,0.0,0.0,2
3.525,PINN Conservative,0.2507233499437573,0.00024203858193702556,0.0007099279356044078,0.0011279381521550336,0.1493176817893982,0.35376062989234924,0.4086062163114548,0.20430388902358437,0.0,0.0,2
3.5300000000000002,PINN Conservative,0.25072321842610856,0.00024151390212124175,0.0007065346922711232,0.0011226456286084485,0.1495010405778885,0.3535531759262085,0.40782664716243744,0.20391410295927828,0.0,0.0,2
3.535,PINN Conservative,0.25072309018671535,0.00024100230066040752,0.0007031985830479035,0.0011174501133940362,0.14968398213386536,0.35334616899490356,0.40704837441444397,0.2035249650979616,0.0,0.0,2
3.54,PINN Conservative,0.2507229480445387,0.00024043523508568995,0.0006998920372077709,0.0011120821198073727,0.1498665064573288,0.3531397879123688,0.40627267956733704,0.20313711619201472,0.0,0.0,2
3.545,PINN Conservative,0.25072280961275123,0.0002398829718308231,0.0006966287318226003,0.0011069142223494866,0.15004907548427582,0.3529336452484131,0.40549756586551666,0.20274955785982168,0.0,0.0,2
3.5500000000000003,PINN Conservative,0.25072266219556355,0.00023929486199438654,0.0006933961476759365,0.0011019627053572567,0.15023110806941986,0.3527277112007141,0.4047243148088455,0.2023629308537629,0.0,0.0,2
3.555,PINN Conservative,0.25072250482440017,0.00023866704151692813,0.0006902243489681773,0.0010969487206194395,0.15041303634643555,0.35252270102500916,0.4039520025253296,0.20197677323607574,0.0,0.0,2
3.56,PINN Conservative,0.2507223547995093,0.0002380685284436754,0.00068708977296734,0.0010921915761055723,0.15059466660022736,0.352317750453949,0.40318137407302856,0.20159145753721394,0.0,0.0,2
3.565,PINN Conservative,0.25072220093011877,0.00023745467802698954,0.0006839944999662522,0.0010871998406560002,0.15077567100524902,0.35211336612701416,0.40241239964962006,0.20120696885595932,0.0,0.0,2
3.5700000000000003,PINN Conservative,0.2507220384925606,0.00023680664554666885,0.0006809518558771794,0.0010824268122975877,0.15095677971839905,0.3519092798233032,0.4016444832086563,0.20082300916794896,0.0,0.0,2
3.575,PINN Conservative,0.25072186502814314,0.00023611462223666727,0.000677948089118571,0.0010776577411481525,0.15113738179206848,0.35170578956604004,0.40087826550006866,0.20043989884937302,0.0,0.0,2
3.58,PINN Conservative,0.2507217104732993,0.00023549803725510325,0.0006749840303294427,0.0010726844795693191,0.15131738781929016,0.3515027165412903,0.4001147150993347,0.20005812218982127,0.0,0.0,2
3.585,PINN Conservative,0.2507215241044762,0.00023475453278460305,0.0006720688374942355,0.001068219669569409,0.15149745345115662,0.35130006074905396,0.39935143291950226,0.19967647964123286,0.0,0.0,2
3.59,PINN Conservative,0.2507213544398548,0.00023407766847669283,0.0006691974056632043,0.0010635273189801286,0.15167713165283203,0.3510976731777191,0.3985893577337265,0.19929544059197943,0.0,0.0,2
3.595,PINN Conservative,0.2507211775928738,0.00023337215068253478,0.0006663669321768276,0.0010590327698226099,0.15185657143592834,0.3508959710597992,0.39782950282096863,0.198915511683478,0.0,0.0,2
3.6,PINN Conservative,0.2507209918648007,0.00023263120243601393,0.0006635846736964103,0.0010544706260282033,0.15203572809696198,0.350694477558136,0.39707084000110626,0.19853617882370247,0.0,0.0,2
3.605,PINN Conservative,0.25072080901265165,0.00023190172747347405,0.000660841206228976,0.0010502346507126614,0.15221460163593292,0.3504933714866638,0.39631304144859314,0.19815727809925324,0.0,0.0,2
3.61,PINN Conservative,0.2507206138521435,0.00023112314923351605,0.0006581388745730891,0.0010455629421139423,0.15239344537258148,0.3502928614616394,0.39555689692497253,0.1977792043924112,0.0,0.0,2
3.615,PINN Conservative,0.2507204291224482,0.00023038618394060137,0.0006554854025731245,0.0010412533419856262,0.152571439743042,0.3500928282737732,0.394803062081337,0.19740228552997557,0.0,0.0,2
3.62,PINN Conservative,0.25072023479640504,0.00022961093473629167,0.000652885766482189,0.001037121871646396,0.15274934470653534,0.34989306330680847,0.3940502554178238,0.19702588075956606,0.0,0.0,2
3.625,PINN Conservative,0.2507200273126366,0.0002287831937717278,0.0006503200068455042,0.001032783124999076,0.1529269516468048,0.34969383478164673,0.3932989686727524,0.1966502359512821,0.0,0.0,2
3.63,PINN Conservative,0.2507198363840582,0.0002280214984987623,0.0006478050623564277,0.001028541472292116,0.15310446918010712,0.349494606256485,0.39254799485206604,0.19627474760578867,0.0,0.0,2
3.6350000000000002,PINN Conservative,0.2507196248471739,0.00022717758793190863,0.0006453286124913527,0.0010245771408713689,0.15328164398670197,0.3492962718009949,0.3917996734380722,0.19590058546871036,0.0,0.0,2
3.64,PINN Conservative,0.25071942016482374,0.00022636102301582995,0.0006429059216690691,0.001020238522717154,0.15345874428749084,0.3490981459617615,0.39105120301246643,0.19552634882554135,0.0,0.0,2
3.645,PINN Conservative,0.2507192073464396,0.00022551200000123906,0.0006405201130554995,0.0010161820010867462,0.15363524854183197,0.3489004075527191,0.3903054893016815,0.19515349054505096,0.0,0.0,2
3.65,PINN Conservative,0.2507189958393576,0.00022466820832831795,0.0006381847487492104,0.0010122396062025307,0.15381191670894623,0.3487032949924469,0.3895600736141205,0.1947807812767421,0.0,0.0,2
3.6550000000000002,PINN Conservative,0.25071877010166665,0.00022376764470626216,0.0006358910662401836,0.0010082694655410285,0.15398792922496796,0.34850624203681946,0.3888166844844818,0.19440908529126721,0.0,0.0,2
3.66,PINN Conservative,0.25071855722367786,0.0002229183839033632,0.0006336415588773845,0.0010043814747135726,0.15416359901428223,0.3483096957206726,0.38807474076747894,0.19403811201487253,0.0,0.0,2
3.665,PINN Conservative,0.25071832740306876,0.00022200153178486359,0.0006314419509732799,0.0010005802385139595,0.15433956682682037,0.3481135666370392,0.3873332142829895,0.1936673473555319,0.0,0.0,2
3.67,PINN Conservative,0.2507181017398836,0.00022110126539808214,0.000629286516978125,0.0009968616366239913,0.15451455116271973,0.34791770577430725,0.38659417629241943,0.1932978269479066,0.0,0.0,2
3.6750000000000003,PINN Conservative,0.2507178721278908,0.00022018524553866069,0.0006271692634568834,0.0009929930147502541,0.1546894758939743,0.347722589969635,0.38585659861564636,0.19292903669997052,0.0,0.0,2
3.68,PINN Conservative,0.25071764378249667,0.00021927427867978873,0.0006250963287704147,0.0009892626498665125,0.1548643708229065,0.34752753376960754,0.38511908054351807,0.19256027625447075,0.0,0.0,2
3.685,PINN Conservative,0.25071740995347525,0.00021834143530034104,0.0006230687564497386,0.0009856505872889165,0.15503832697868347,0.3473331034183502,0.3843848258256912,0.19219314749235816,0.0,0.0,2
3.69,PINN Conservative,0.2507171701192858,0.00021738463475251153,0.0006210954227163592,0.0009820458253830544,0.15521259605884552,0.3471391201019287,0.3836510479450226,0.19182625714973592,0.0,0.0,2
3.6950000000000003,PINN Conservative,0.250716934502125,0.00021644465772492969,0.0006191528811497435,0.0009783292232742047,0.15538634359836578,0.34694546461105347,0.3829187750816345,0.19146011931863013,0.0,0.0,2
3.7,PINN Conservative,0.25071669572591804,0.00021549207791901438,0.0006172645239114831,0.0009749110116554771,0.15556003153324127,0.34675195813179016,0.38218720257282257,0.19109433166615084,0.0,0.0,2
3.705,PINN Conservative,0.2507164464145901,0.00021449746903662737,0.0006154130057409926,0.0009714543658690955,0.1557331383228302,0.34655895829200745,0.3814573734998703,0.19072941573493316,0.0,0.0,2
3.71,PINN Conservative,0.250716199398041,0.00021351201500255005,0.0006136108051060811,0.0009678733106157356,0.15590587258338928,0.3463667631149292,0.38073019683361053,0.19036582601213062,0.0,0.0,2
3.715,PINN Conservative,0.2507159475684168,0.00021250735956558747,0.0006118576949123612,0.0009648304322959211,0.15607866644859314,0.3461743891239166,0.3800024390220642,0.1900019457155742,0.0,0.0,2
3.72,PINN Conservative,0.25071569964289686,0.00021151827926036606,0.0006101443663989549,0.0009613440362190306,0.15625126659870148,0.34598270058631897,0.37927672266960144,0.1896390861524609,0.0,0.0,2
3.725,PINN Conservative,0.2507154336869719,0.00021045726800391864,0.0006084731156053453,0.0009579347572450936,0.1564233899116516,0.34579113125801086,0.37855176627635956,0.18927660657041034,0.0,0.0,2
3.73,PINN Conservative,0.25071517933905146,0.00020944256601260195,0.0006068449974766911,0.0009546488811008891,0.15659546852111816,0.3456001579761505,0.3778284639120102,0.188914954005967,0.0,0.0,2
3.735,PINN Conservative,0.2507149277031424,0.00020843868338775125,0.0006052594224016492,0.0009514716201420859,0.15676704049110413,0.3454095721244812,0.3771068602800369,0.18855415081095808,0.0,0.0,2
3.74,PINN Conservative,0.2507146642804148,0.0002073877781324028,0.0006037132624998217,0.0009483933127633903,0.156938374042511,0.3452194631099701,0.37638668715953827,0.18819406287442025,0.0,0.0,2
3.745,PINN Conservative,0.2507144056707623,0.000206356074280161,0.000602216045161923,0.0009452789105290071,0.15710939466953278,0.3450295925140381,0.375667467713356,0.18783445177686312,0.0,0.0,2
3.75,PINN Conservative,0.2507141335010531,0.00020527027359647503,0.0006007630421255886,0.0009422235632269016,0.15728025138378143,0.34484022855758667,0.3749496042728424,0.18747551868473172,0.0,0.0,2
3.755,PINN Conservative,0.2507138647884133,0.00020419826463244128,0.000599350240875116,0.000939216459041381,0.15745104849338531,0.3446512222290039,0.3742328882217407,0.187117159289499,0.0,0.0,2
3.7600000000000002,PINN Conservative,0.25071359965205214,0.0002031405229644544,0.0005979838811845463,0.0009361326508332823,0.15762145817279816,0.3444623351097107,0.3735168129205704,0.1867591202704565,0.0,0.0,2
3.765,PINN Conservative,0.2507133274674418,0.00020205466283380213,0.0005966467278176994,0.0009331483723390155,0.15779122710227966,0.3442743122577667,0.37280404567718506,0.18640273528662832,0.0,0.0,2
3.77,PINN Conservative,0.25071304486691975,0.00020092724920307283,0.0005953588789800703,0.0009303530350874556,0.15796105563640594,0.34408649802207947,0.3720914423465729,0.1860464322595,0.0,0.0,2
3.775,PINN Conservative,0.2507127774655821,0.0001998604715809303,0.0005941122396006561,0.0009273760571399114,0.15813048183918,0.34389886260032654,0.3713802844285965,0.18569085194145182,0.0,0.0,2
3.7800000000000002,PINN Conservative,0.250712499573827,0.00019875184322343644,0.0005929059385339782,0.0009246219831718361,0.15829998254776,0.3437119722366333,0.3706699460744858,0.18533568140690268,0.0,0.0,2
3.785,PINN Conservative,0.25071222470700766,0.00019765528262069362,0.0005917333856284547,0.0009217908775450423,0.15846887230873108,0.34352532029151917,0.3699616938829422,0.18498155395762392,0.0,0.0,2
3.79,PINN Conservative,0.25071193523705027,0.0001965004638917801,0.0005906144860701228,0.000918957018846478,0.15863731503486633,0.34333887696266174,0.36925478279590607,0.18462809706316177,0.0,0.0,2
3.795,PINN Conservative,0.250711646974087,0.00019535046037555095,0.000589526003739665,0.0009163055965508982,0.15880580246448517,0.3431529998779297,0.368548646569252,0.18427502760037148,0.0,0.0,2
3.8000000000000003,PINN Conservative,0.25071136008203054,0.0001942059259895211,0.0005884832637254362,0.000913598105945379,0.15897366404533386,0.34296751022338867,0.36784492433071136,0.18392316513625112,0.0,0.0,2
3.805,PINN Conservative,0.2507110766321423,0.0001930751238759557,0.0005874754219836912,0.0009109823447248089,0.15914161503314972,0.34278225898742676,0.3671409338712692,0.18357116856116745,0.0,0.0,2
3.81,PINN Conservative,0.25071077448129675,0.00019186971569280952,0.0005865111949815268,0.0009082985541360999,0.15930920839309692,0.3425975441932678,0.3664388954639435,0.18322014801587247,0.0,0.0,2
3.815,PINN Conservative,0.2507104900479319,0.00019073499007282572,0.0005855766736614317,0.0009055820061315278,0.15947625041007996,0.34241312742233276,0.3657388985157013,0.1828701482040206,0.0,0.0,2
3.8200000000000003,PINN Conservative,0.25071019436419034,0.00018955538191711655,0.0005846865955078704,0.0009031489216675403,0.15964335203170776,0.34222885966300964,0.3650389164686203,0.18252015584277778,0.0,0.0,2
3.825,PINN Conservative,0.25070991158485434,0.0001884272549214631,0.0005838391328502706,0.0009008391260209303,0.15981018543243408,0.34204524755477905,0.36434097588062286,0.18217118421497808,0.0,0.0,2
3.83,PINN Conservative,0.25070960493385813,0.00018720389372415964,0.0005830267727423038,0.0008982481845662416,0.15997691452503204,0.3418620824813843,0.363644003868103,0.18182269687676816,0.0,0.0,2
3.835,PINN Conservative,0.25070930661261104,0.00018601376343748026,0.0005822515118388008,0.0008955826723984761,0.16014298796653748,0.34167924523353577,0.36294881999492645,0.18147510361164715,0.0,0.0,2
3.84,PINN Conservative,0.2507090093940499,0.00018482803223383542,0.0005815148468254182,0.0008934863936938542,0.16030901670455933,0.3414964973926544,0.36225391924381256,0.18112765190809849,0.0,0.0,2
3.845,PINN Conservative,0.25070870804786705,0.00018362583419240496,0.0005808018003055043,0.0008911436979344156,0.16047494113445282,0.34131431579589844,0.36156073212623596,0.18078105702459335,0.0,0.0,2
3.85,PINN Conservative,0.2507084008753302,0.00018240039234773824,0.0005801283929090735,0.0008887740656850496,0.1606401652097702,0.3411327004432678,0.3608696460723877,0.1804355126769676,0.0,0.0,2
3.855,PINN Conservative,0.25070810191333315,0.00018120770583707955,0.0005794943536559222,0.0008862559307578344,0.1608053743839264,0.34095096588134766,0.3601788282394409,0.1800901024403052,0.0,0.0,2
3.86,PINN Conservative,0.25070779070258165,0.00017996615383731077,0.0005789026653326791,0.0008841505381245174,0.1609705239534378,0.34076979756355286,0.35948874056339264,0.1797450572834874,0.0,0.0,2
3.865,PINN Conservative,0.2507074810266497,0.00017873072488525622,0.0005783311040729083,0.0008818429427086272,0.16113539040088654,0.34058892726898193,0.3588000237941742,0.1794006975827044,0.0,0.0,2
3.87,PINN Conservative,0.25070717035233997,0.00017749131297981697,0.0005777969952286817,0.0008797207702691823,0.16129973530769348,0.3404088616371155,0.3581138998270035,0.17905763428790025,0.0,0.0,2
3.875,PINN Conservative,0.25070687229931377,0.00017630225274030235,0.0005773127871998078,0.0008781965710861206,0.16146406531333923,0.3402288854122162,0.3574279695749283,0.17871466785101406,0.0,0.0,2
3.88,PINN Conservative,0.25070654995739483,0.00017501629378120285,0.0005768416143995416,0.0008781030007421198,0.16162799298763275,0.34004905819892883,0.3567432463169098,0.17837230491346284,0.0,0.0,2
3.8850000000000002,PINN Conservative,0.250706245839596,0.0001738030385852198,0.0005764134447402722,0.000877974180596458,0.1617916375398636,0.33986976742744446,0.35606004297733307,0.17803070193803716,0.0,0.0,2
3.89,PINN Conservative,0.25070592540502573,0.00017252468885087057,0.0005760112658906567,0.0008783190904242399,0.16195502877235413,0.3396906852722168,0.35537828505039215,0.17768982167169162,0.0,0.0,2
3.895,PINN Conservative,0.2507056082189085,0.00017125929857687397,0.0005756467200276475,0.0008787162458876729,0.16211827099323273,0.3395121395587921,0.35469748079776764,0.17734941824432682,0.0,0.0,2
3.9,PINN Conservative,0.2507052965909245,0.0001700160820591703,0.0005753130601668694,0.0008789624759193981,0.1622808426618576,0.33933398127555847,0.35401856899261475,0.1770099610443144,0.0,0.0,2
3.9050000000000002,PINN Conservative,0.2507049695700409,0.00016871145672076794,0.0005750002025206158,0.000879443714101813,0.16244341433048248,0.33915621042251587,0.3533404618501663,0.17667090617719197,0.0,0.0,2
3.91,PINN Conservative,0.2507046524137261,0.00016744618534114683,0.0005747191871706321,0.0008799687213200125,0.16260571777820587,0.33897870779037476,0.35266363620758057,0.17633249206244986,0.0,0.0,2
3.915,PINN Conservative,0.2507043264657261,0.00016614584019162496,0.0005744820303533419,0.00088070450011557,0.1627679020166397,0.3388013243675232,0.3519875109195709,0.17599442812633426,0.0,0.0,2
3.92,PINN Conservative,0.25070400214195276,0.00016485197477272232,0.0005742694490850722,0.0008815600403303259,0.16292960941791534,0.3386246860027313,0.3513130694627762,0.17565720610904398,0.0,0.0,2
3.9250000000000003,PINN Conservative,0.2507036862373354,0.00016359169694646293,0.0005740762925649042,0.0008825158503740493,0.16309107840061188,0.33844834566116333,0.35064050555229187,0.175320922868497,0.0,0.0,2
3.93,PINN Conservative,0.25070335911214375,0.00016228665547885366,0.0005739223964763458,0.0008835130365768551,0.16325253248214722,0.3382721245288849,0.3499678075313568,0.17498457257246836,0.0,0.0,2
3.935,PINN Conservative,0.2507030308544638,0.00016097709603405584,0.000573783213722033,0.000884688546725354,0.16341353952884674,0.33809658885002136,0.3492973893880844,0.174649362219628,0.0,0.0,2
3.94,PINN Conservative,0.25070271094143415,0.0001597008269468484,0.0005736838279238965,0.0008856233613632469,0.1635742336511612,0.3379213511943817,0.34862835705280304,0.1743148447734315,0.0,0.0,2
3.9450000000000003,PINN Conservative,0.25070237840712095,0.00015837420619371632,0.0005736062905260626,0.0008872001315113065,0.16373507678508759,0.3377465009689331,0.34795942902565,0.17398037948149855,0.0,0.0,2
3.95,PINN Conservative,0.25070205503702186,0.00015708414538685665,0.0005735577782969694,0.0008884549019205767,0.16389523446559906,0.3375716805458069,0.347292423248291,0.1736468753181361,0.0,0.0,2
3.955,PINN Conservative,0.2507017242610457,0.0001557645393877047,0.0005735309240386009,0.0008898515488322267,0.16405531764030457,0.33739766478538513,0.34662702679634094,0.17331417582055364,0.0,0.0,2
3.96,PINN Conservative,0.2507013909071686,0.00015443464904566913,0.0005735295297639426,0.0008914921987280278,0.16421537101268768,0.33722370862960815,0.3459613174200058,0.17298131986018062,0.0,0.0,2
3.9650000000000003,PINN Conservative,0.2507010631710293,0.00015312717024823456,0.0005735530301732967,0.0008930753676406611,0.1643749475479126,0.3370504081249237,0.34529849886894226,0.17264990931796792,0.0,0.0,2
3.97,PINN Conservative,0.25070072706043744,0.00015178628219905557,0.0005736006113868111,0.0008948623101534825,0.1645340472459793,0.33687689900398254,0.3446357846260071,0.17231855093001874,0.0,0.0,2
3.975,PINN Conservative,0.2507004005610945,0.00015048373750801647,0.0005736720842879491,0.0008967550288553616,0.16469301283359528,0.3367041051387787,0.3439752012491226,0.17198825797916711,0.0,0.0,2
3.98,PINN Conservative,0.2507000613361599,0.00014913042502162434,0.0005737648590141762,0.0008987353404263376,0.164852112531662,0.33653151988983154,0.34331412613391876,0.17165771915821607,0.0,0.0,2
3.985,PINN Conservative,0.25069973170757315,0.00014781539644662724,0.0005738783761077138,0.0009009628402708858,0.1650105118751526,0.3363592326641083,0.3426555395126343,0.17132842458898034,0.0,0.0,2
3.99,PINN Conservative,0.2506993915885689,0.00014645851713627876,0.0005740330544279819,0.0009029781148553462,0.16516901552677155,0.3361876606941223,0.34199826419353485,0.1709997856733431,0.0,0.0,2
3.995,PINN Conservative,0.25069905558228517,0.00014511804521652813,0.0005741903814701278,0.0009051671017263063,0.16532696783542633,0.33601608872413635,0.34134185314178467,0.17067157889303214,0.0,0.0,2
4.0,PINN Conservative,0.25069871033728147,0.00014374071611500934,0.0005743799199721296,0.0009075202810465144,0.1654845029115677,0.33584481477737427,0.3406871259212494,0.17034421403154654,0.0,0.0,2
4.005,PINN Conservative,0.25069837509095694,0.0001424032759956327,0.0005745832807813177,0.0009099774034307395,0.1656418889760971,0.3356740474700928,0.34003303945064545,0.1700171695462511,0.0,0.0,2
4.01,PINN Conservative,0.25069804027676607,0.00014106755984115722,0.0005748000846434417,0.0009124702323938527,0.16579926013946533,0.33550384640693665,0.33938057720661163,0.1696909371773447,0.0,0.0,2
4.015,PINN Conservative,0.2506977036148312,0.00013972447225023954,0.0005750515399932554,0.000915062779230591,0.16595616936683655,0.3353337049484253,0.3387290835380554,0.1693651890980281,0.0,0.0,2
4.0200000000000005,PINN Conservative,0.2506973572224381,0.0001383425657245659,0.0005753145282416897,0.0009179338713834195,0.16611284017562866,0.3351637125015259,0.33807867765426636,0.1690399849131739,0.0,0.0,2
4.025,PINN Conservative,0.25069702170789265,0.0001370040555580245,0.0005755979576271285,0.0009206366509055264,0.16626951098442078,0.3349945843219757,0.33742907643318176,0.1687151830612097,0.0,0.0,2
4.03,PINN Conservative,0.25069667702913306,0.00013562898544498925,0.000575897981873245,0.0009234452266296267,0.16642577946186066,0.3348252773284912,0.3367803394794464,0.16839081334457176,0.0,0.0,2
4.035,PINN Conservative,0.25069633053243184,0.00013424666278988724,0.0005762237162106451,0.0009263653464436916,0.16658182442188263,0.33465641736984253,0.3361334502696991,0.16806736750345896,0.0,0.0,2
4.04,PINN Conservative,0.25069598497450374,0.00013286808529986192,0.000576560495341962,0.0009293986784687236,0.1667378842830658,0.334488183259964,0.3354872763156891,0.16774427929158173,0.0,0.0,2
4.045,PINN Conservative,0.25069565169513247,0.00013153849219332215,0.0005769148451509837,0.0009325478004001131,0.16689307987689972,0.3343200087547302,0.3348431885242462,0.16742223416497484,0.0,0.0,2
4.05,PINN Conservative,0.2506953019052746,0.0001301430317363043,0.000577289377674633,0.0009356325153451472,0.16704845428466797,0.3341522812843323,0.3341996371746063,0.1671004572602946,0.0,0.0,2
4.055,PINN Conservative,0.25069495801627656,0.00012877111231779706,0.0005776755566859745,0.0009389607411721679,0.16720351576805115,0.33398476243019104,0.3335569053888321,0.1667790901391134,0.0,0.0,2
4.0600000000000005,PINN Conservative,0.25069461116194747,0.00012738736293306822,0.0005780823168384835,0.0009422848233598125,0.16735820472240448,0.33381780982017517,0.33291585743427277,0.16645856493675756,0.0,0.0,2
4.065,PINN Conservative,0.25052609787881375,0.0005448837673291013,0.0005784870791073476,0.0009456753573277576,0.16751305758953094,0.33365118503570557,0.3322754502296448,0.16613836011059188,0.0,0.0,2
4.07,PINN Conservative,0.2506939239203932,0.0001246456641906047,0.0005789268358437712,0.0009492379704282294,0.16766738891601562,0.3334849178791046,0.33163653314113617,0.16581890034533361,0.0,0.0,2
4.075,PINN Conservative,0.25069357149302984,0.0001232396816028381,0.0005793808495839305,0.0009527291641830138,0.16782145202159882,0.33331868052482605,0.3309984654188156,0.16549986526479252,0.0,0.0,2
4.08,PINN Conservative,0.25069322739541555,0.00012186692992547414,0.0005798470618383143,0.0009563428081608982,0.16797538101673126,0.3331530690193176,0.33036215603351593,0.16518170935612217,0.0,0.0,2
4.085,PINN Conservative,0.25069287352263947,0.000120455180971791,0.0005803147614857612,0.0009600596232117731,0.16812890768051147,0.33298778533935547,0.3297271430492401,0.16486420165044122,0.0,0.0,2
4.09,PINN Conservative,0.2506925304979088,0.00011908670948330754,0.000580807356293639,0.0009637455755976687,0.16828207671642303,0.3328227400779724,0.3290926069021225,0.16454693236425064,0.0,0.0,2
4.095,PINN Conservative,0.2506921852827074,0.00011770949927594277,0.0005813137128583622,0.0009676276260950079,0.16843530535697937,0.33265793323516846,0.32845935225486755,0.1642303038304404,0.0,0.0,2
4.1,PINN Conservative,0.2506918311268093,0.00011629662082812858,0.0005818264513129499,0.000971497801874277,0.16858793795108795,0.3324936032295227,0.32782769203186035,0.16391447251180108,0.0,0.0,2
4.105,PINN Conservative,0.2506914883852007,0.00011492927883399762,0.0005823550028050738,0.0009755142441084108,0.16874045133590698,0.33232995867729187,0.32719768583774567,0.16359946821076893,0.0,0.0,2
4.11,PINN Conservative,0.250691136389971,0.00011352502021091074,0.0005829019319931926,0.0009793339904113352,0.1688930094242096,0.3321661055088043,0.3265671730041504,0.16328421058902828,0.0,0.0,2
4.115,PINN Conservative,0.2506907884031536,0.00011213675284899336,0.0005834499727447628,0.000983547155407688,0.16904501616954803,0.3320029675960541,0.32593901455402374,0.1629701301635213,0.0,0.0,2
4.12,PINN Conservative,0.2506904334276917,0.00011072060481271861,0.0005840098751886829,0.0009874005438257616,0.16919668018817902,0.33183956146240234,0.3253112733364105,0.16265625835506836,0.0,0.0,2
4.125,PINN Conservative,0.2506900816708805,0.00010931729734264246,0.0005845867590119327,0.0009917066350021708,0.16934852302074432,0.33167707920074463,0.32468514144420624,0.16234319121239543,0.0,0.0,2
4.13,PINN Conservative,0.25068973058462163,0.00010791666499069967,0.0005851759063067034,0.0009958955671924563,0.16949975490570068,0.3315146267414093,0.3240598291158676,0.16203053385322153,0.0,0.0,2
4.135,PINN Conservative,0.25068937943875813,0.00010651579485067029,0.0005857645235588506,0.0010001226227322468,0.16965104639530182,0.3313524127006531,0.3234351575374603,0.16171819687023783,0.0,0.0,2
4.14,PINN Conservative,0.2506890325397255,0.0001051318671245997,0.0005863764332241898,0.0010043911804497874,0.16980190575122833,0.331190824508667,0.3228124529123306,0.16140684336765185,0.0,0.0,2
4.1450000000000005,PINN Conservative,0.2506886796951296,0.00010372422001867676,0.0005869977314945966,0.00100873842647356,0.16995272040367126,0.33102932572364807,0.32218994200229645,0.16109558672298385,0.0,0.0,2
4.15,PINN Conservative,0.2506883257031443,0.00010231199548882045,0.0005876105840261427,0.0010130058976961231,0.17010317742824554,0.3308684229850769,0.3215697556734085,0.16078549237333137,0.0,0.0,2
4.155,PINN Conservative,0.2506879671663048,0.00010088163960324364,0.0005882460941704653,0.0010175191815759987,0.1702532023191452,0.33070749044418335,0.3209497183561325,0.1604754725297696,0.0,0.0,2
4.16,PINN Conservative,0.2506876234561207,9.951043354966053e-05,0.0005888888892136723,0.0010218135669726736,0.17040330171585083,0.33054694533348083,0.3203306645154953,0.16016594442640672,0.0,0.0,2
4.165,PINN Conservative,0.2506872631758454,9.807312235729131e-05,0.0005895338746863351,0.001026326812411743,0.17055301368236542,0.330386757850647,0.3197132647037506,0.15985724334065105,0.0,0.0,2
4.17,PINN Conservative,0.25068691164255164,9.667070659325962e-05,0.0005902056509225015,0.0010308501216947652,0.17070272564888,0.3302268385887146,0.31909583508968353,0.1595485273536772,0.0,0.0,2
4.175,PINN Conservative,0.2506865614205601,9.527352217134063e-05,0.0005908651315611875,0.001035228643479713,0.17085187137126923,0.33006760478019714,0.31848132610321045,0.15924127168608185,0.0,0.0,2
4.18,PINN Conservative,0.2506862008571627,9.383508148461891e-05,0.0005915396277097921,0.0010397142743303611,0.17100097239017487,0.3299082815647125,0.3178666830062866,0.1589339489630048,0.0,0.0,2
4.1850000000000005,PINN Conservative,0.25068585267663024,9.24460413108111e-05,0.0005922203919334175,0.0010443223953924552,0.17114947736263275,0.32974937558174133,0.31725403666496277,0.15862762462154367,0.0,0.0,2
4.19,PINN Conservative,0.2506854937076571,9.101396146033313e-05,0.0005929135729737545,0.0010490322191278045,0.17129801213741302,0.3295908272266388,0.316641703248024,0.1583214567428731,0.0,0.0,2
4.195,PINN Conservative,0.2506851381361487,8.959543554119935e-05,0.0005936194188470115,0.0010533779608677962,0.17144638299942017,0.32943305373191833,0.3160311132669449,0.15801616058546414,0.0,0.0,2
4.2,PINN Conservative,0.25068478626012825,8.819165249472856e-05,0.000594318251737774,0.0010578495938350918,0.17159424722194672,0.329274982213974,0.31542152166366577,0.15771136361886312,0.0,0.0,2
4.205,PINN Conservative,0.2506844322532418,8.677936851768451e-05,0.0005950257564780242,0.0010626034787523109,0.1717422902584076,0.32911747694015503,0.31481219828128815,0.15740670076322547,0.0,0.0,2
4.21,PINN Conservative,0.2506840803921225,8.537564491818e-05,0.0005957438119789323,0.0010669721144787592,0.17188996076583862,0.3289603888988495,0.31420448422431946,0.15710284257336776,0.0,0.0,2
4.215,PINN Conservative,0.2506837258934977,8.396139918792672e-05,0.0005964674669440718,0.001071448198253111,0.17203721404075623,0.32880353927612305,0.3135983943939209,0.1567997964998991,0.0,0.0,2
4.22,PINN Conservative,0.2506833717674019,8.254863963426657e-05,0.0005972081870574737,0.001076088238219225,0.1721843034029007,0.3286466896533966,0.31299255788326263,0.1564968770867847,0.0,0.0,2
4.225,PINN Conservative,0.25068301481008554,8.112458513796723e-05,0.0005979342867999455,0.0010804652021860761,0.17233115434646606,0.32849037647247314,0.3123878091573715,0.1561945015681327,0.0,0.0,2
4.23,PINN Conservative,0.2506826550960543,7.968953293408157e-05,0.0005986729487145501,0.001085020645377327,0.17247775197029114,0.3283345699310303,0.3117852658033371,0.1558932287396236,0.0,0.0,2
4.235,PINN Conservative,0.25068230625987076,7.829787708932814e-05,0.0005994250741295976,0.0010897354533035974,0.17262423038482666,0.3281790018081665,0.3111829459667206,0.15559206767025063,0.0,0.0,2
4.24,PINN Conservative,0.2506819540411236,7.689272676019679e-05,0.0006001812163164864,0.0010941633119774807,0.17277032136917114,0.3280234932899475,0.3105812668800354,0.15529122697706782,0.0,0.0,2
4.245,PINN Conservative,0.2506815845668318,7.541873672740116e-05,0.0006009372137035838,0.0010985922995067898,0.17291605472564697,0.32786864042282104,0.3099821209907532,0.15499165288742756,0.0,0.0,2
4.25,PINN Conservative,0.250681237369776,7.403362006001179e-05,0.0006016977700890585,0.0011031543496523577,0.17306211590766907,0.3277139961719513,0.3093825429677963,0.15469186273012417,0.0,0.0,2
4.255,PINN Conservative,0.2506808792650702,7.26049881395576e-05,0.0006024693542401217,0.001107539334815666,0.17320753633975983,0.3275595009326935,0.3087843805551529,0.1543927803806828,0.0,0.0,2
4.26,PINN Conservative,0.25068052563071275,7.119419033910667e-05,0.0006032459323372835,0.0011120197355850847,0.17335286736488342,0.3274051547050476,0.3081868290901184,0.15409400350621344,0.0,0.0,2
4.265,PINN Conservative,0.2506801752150061,6.979623310507578e-05,0.0006040220710170195,0.001116484192389633,0.17349812388420105,0.3272515833377838,0.3075907975435257,0.15379598659386962,0.0,0.0,2
4.2700000000000005,PINN Conservative,0.25067981325089955,6.835220439422221e-05,0.0006048169013674742,0.0011206581841360086,0.17364276945590973,0.3270978629589081,0.30699604749679565,0.15349861043390614,0.0,0.0,2
4.275,PINN Conservative,0.25067945851385615,6.693700751073674e-05,0.0006055999583753996,0.0011249734038984438,0.17378732562065125,0.3269446790218353,0.30640195310115814,0.1532015621007419,0.0,0.0,2
4.28,PINN Conservative,0.250679095849395,6.549018478759579e-05,0.00060639610236738,0.0011292499276433499,0.17393167316913605,0.32679176330566406,0.30580906569957733,0.15290511726691267,0.0,0.0,2
4.285,PINN Conservative,0.2506787488460543,6.410584093209684e-05,0.0006071945685897664,0.0011337995405068246,0.17407597601413727,0.32663923501968384,0.30521681904792786,0.1526089928092736,0.0,0.0,2
4.29,PINN Conservative,0.25067838753759886,6.26644278921889e-05,0.0006079954644052839,0.0011379962745688144,0.1742195338010788,0.3264869749546051,0.30462658405303955,0.15231387418385947,0.0,0.0,2
4.295,PINN Conservative,0.25067803464829946,6.125660244514565e-05,0.0006088060641116318,0.0011421653358704431,0.17436333000659943,0.32633498311042786,0.30403661727905273,0.15201888966940869,0.0,0.0,2
4.3,PINN Conservative,0.2506776832789185,5.985484059885035e-05,0.0006096198276092594,0.0011463188145167946,0.1745065450668335,0.32618334889411926,0.303448885679245,0.151725022746319,0.0,0.0,2
4.305,PINN Conservative,0.25067732787132285,5.8436968597452984e-05,0.0006104442176360366,0.0011505830073129664,0.17464983463287354,0.32603219151496887,0.3028610795736313,0.1514311185701839,0.0,0.0,2
4.3100000000000005,PINN Conservative,0.25067696408927465,5.698568734431122e-05,0.0006112630284115813,0.0011547326167714311,0.17479252815246582,0.32588112354278564,0.302275151014328,0.15113815317079213,0.0,0.0,2
4.315,PINN Conservative,0.2506766057908537,5.555628261174515e-05,0.0006120940950485479,0.0011588276505543338,0.17493540048599243,0.3257305324077606,0.30168937146663666,0.1508452622774911,0.0,0.0,2
4.32,PINN Conservative,0.25067625781893754,5.416807469701551e-05,0.0006129253316156869,0.0011626154526843957,0.17507782578468323,0.3255801796913147,0.30110566318035126,0.15055340701885134,0.0,0.0,2
4.325,PINN Conservative,0.25067590118944666,5.2745328035967514e-05,0.0006137603799580857,0.0011667096780675068,0.17521986365318298,0.3254300653934479,0.30052274465560913,0.15026194664249248,0.0,0.0,2
4.33,PINN Conservative,0.2506755395531657,5.130260716058676e-05,0.0006145993262526318,0.0011706462865491707,0.1753620207309723,0.3252803087234497,0.29993996024131775,0.14997055332161527,0.0,0.0,2
4.335,PINN Conservative,0.2506751844286921,4.988586465332043e-05,0.0006154513730346676,0.0011747061353462873,0.17550382018089294,0.3251308500766754,0.29935918748378754,0.14968016583296304,0.0,0.0,2
4.34,PINN Conservative,0.25067483121156714,4.847673137080438e-05,0.000616297151937209,0.0011785616514758956,0.17564541101455688,0.32498183846473694,0.2987787276506424,0.14938993480710136,0.0,0.0,2
4.345,PINN Conservative,0.250674480751157,4.707859579565318e-05,0.0006171631878061962,0.0011823971532001487,0.17578668892383575,0.3248326778411865,0.2981996536254883,0.14910039668788355,0.0,0.0,2
4.3500000000000005,PINN Conservative,0.2506741185337307,4.563355648460114e-05,0.0006180222750586537,0.0011863191201184897,0.17592793703079224,0.32468414306640625,0.2976212352514267,0.14881118639546498,0.0,0.0,2
4.355,PINN Conservative,0.2506737661212685,4.422763334380082e-05,0.000618885389267496,0.0011901209993356865,0.17606908082962036,0.32453569769859314,0.297043040394783,0.14852208786218252,0.0,0.0,2
4.36,PINN Conservative,0.2506734116822483,4.2813625401634144e-05,0.0006197542854403269,0.0011939752568711492,0.17620949447155,0.3243880569934845,0.29646801948547363,0.1482345763086328,0.0,0.0,2
4.365,PINN Conservative,0.2506730523854496,4.138023771568336e-05,0.0006206374491714866,0.0011975796086403645,0.17635022103786469,0.32424020767211914,0.2958921790122986,0.147946654971584,0.0,0.0,2
4.37,PINN Conservative,0.2506726939529183,3.995029795975637e-05,0.0006215210988943323,0.0012013191075271046,0.17649058997631073,0.32409265637397766,0.2953174412250519,0.14765928497960665,0.0,0.0,2
4.375,PINN Conservative,0.25067233350873014,3.851233284942929e-05,0.0006224060564230897,0.0012048179167764295,0.17663033306598663,0.3239455819129944,0.2947445660829544,0.14737284631376354,0.0,0.0,2
4.38,PINN Conservative,0.25067199258506323,3.715224339758653e-05,0.0006232951946072272,0.0012085086440400683,0.17677031457424164,0.3237988352775574,0.29417258501052856,0.14708685468446486,0.0,0.0,2
4.385,PINN Conservative,0.25067163205146814,3.5713921605018844e-05,0.0006241983663656251,0.0012120141713225507,0.1769099086523056,0.3236522078514099,0.2936011850833893,0.14680115362892007,0.0,0.0,2
4.39,PINN Conservative,0.250671275764704,3.4292542226631396e-05,0.0006251145300809447,0.001215656887827432,0.17704907059669495,0.32350584864616394,0.2930309772491455,0.14651604862210119,0.0,0.0,2
4.3950000000000005,PINN Conservative,0.2506709213256838,3.287853428446472e-05,0.0006260201416115024,0.0012189574484569032,0.17718805372714996,0.3233600854873657,0.29246239364147186,0.14623175573167135,0.0,0.0,2
4.4,PINN Conservative,0.2506705618798735,3.1444552127965275e-05,0.0006269345505577382,0.0012223217655119856,0.17732678353786469,0.3232142925262451,0.29189445078372955,0.14594778321743168,0.0,0.0,2
4.405,PINN Conservative,0.2506702057719233,3.0023886114280517e-05,0.0006278559110323473,0.0012258777135830679,0.1774655431509018,0.32306909561157227,0.2913271188735962,0.14566411617816402,0.0,0.0,2
4.41,PINN Conservative,0.25066985055804275,2.8606786924773577e-05,0.0006287884763404866,0.0012290541699516433,0.1776040643453598,0.32292410731315613,0.29076087474823,0.14538099303335877,0.0,0.0,2
4.415,PINN Conservative,0.250669495597482,2.7190698335465117e-05,0.0006297331057864469,0.0012323348730682027,0.1777418851852417,0.32277947664260864,0.29019738733768463,0.1450992482512322,0.0,0.0,2
4.42,PINN Conservative,0.2506691408157351,2.5775323110859343e-05,0.0006306733682559967,0.0012355454516603248,0.17788009345531464,0.3226351737976074,0.2896329313516617,0.14481701917951578,0.0,0.0,2
4.425,PINN Conservative,0.2506687914133074,2.438140827740091e-05,0.0006316278422933418,0.0012390016969951456,0.17801792919635773,0.32249101996421814,0.2890694737434387,0.14453528929860734,0.0,0.0,2
4.43,PINN Conservative,0.2506684341430666,2.2956105392595037e-05,0.0006325924178433066,0.0012420296707265355,0.1781553477048874,0.32234713435173035,0.2885076105594635,0.14425435663286978,0.0,0.0,2
4.4350000000000005,PINN Conservative,0.2506680746525528,2.1521944894753826e-05,0.0006335525594073896,0.0012449685973992264,0.17829255759716034,0.3222036361694336,0.28794682025909424,0.14397396041098556,0.0,0.0,2
4.44,PINN Conservative,0.2506677228510382,2.0118459083778824e-05,0.0006345216027756915,0.0012480876985227485,0.17842964828014374,0.32206031680107117,0.28738686442375183,0.14369398142320944,0.0,0.0,2
4.445,PINN Conservative,0.25066736729443095,1.8699992611611336e-05,0.000635504651631689,0.0012511930611585342,0.17856666445732117,0.32191741466522217,0.28682760894298553,0.14341435261405983,0.0,0.0,2
4.45,PINN Conservative,0.2506670075654986,1.7264880960759385e-05,0.0006365032380402793,0.0012542335285702921,0.17870311439037323,0.3217748999595642,0.28627026081085205,0.14313567748287165,0.0,0.0,2
4.455,PINN Conservative,0.25066666543483757,1.589997629623228e-05,0.0006375061167153558,0.0012573075554632718,0.17883993685245514,0.32163205742836,0.28571099042892456,0.14285604122311293,0.0,0.0,2
4.46,PINN Conservative,0.25066630038619064,1.4443642042319584e-05,0.000638506984959259,0.0012601339007183854,0.1789759397506714,0.32149022817611694,0.2851564288139343,0.14257875935582157,0.0,0.0,2
4.465,PINN Conservative,0.25066595509648343,1.3066134599459016e-05,0.0006395267819557797,0.00126308951650847,0.17911186814308167,0.3213483989238739,0.28460103273391724,0.14230106025442205,0.0,0.0,2
4.47,PINN Conservative,0.2506656020730736,1.165777412883339e-05,0.0006405621636649497,0.0012659470611436074,0.1792478710412979,0.32120662927627563,0.2840461730957031,0.1420236293749492,0.0,0.0,2
4.4750000000000005,PINN Conservative,0.2506652408838274,1.021683666532008e-05,0.000641595196220381,0.0012686990845598989,0.17938344180583954,0.32106539607048035,0.2834931015968323,0.1417470925685652,0.0,0.0,2
4.48,PINN Conservative,0.2506648887693884,8.812102465838553e-06,0.0006426437556739402,0.0012714923993294158,0.17951878905296326,0.32092446088790894,0.2829407602548599,0.1414709208420258,0.0,0.0,2
4.485,PINN Conservative,0.2506645393967631,7.418306526755602e-06,0.0006436887519210239,0.0012741511974641295,0.1796538382768631,0.32078394293785095,0.28238987922668457,0.14119547927517567,0.0,0.0,2
4.49,PINN Conservative,0.25066418179869676,5.991695806476919e-06,0.000644769144558459,0.001276839790092632,0.1797885298728943,0.32064348459243774,0.28183989226818085,0.14092048474486996,0.0,0.0,2
4.495,PINN Conservative,0.25066383354365845,4.6023583971733215e-06,0.0006458408365714388,0.0012795444045858584,0.1799233853816986,0.32050320506095886,0.2812897861003876,0.14064543060969165,0.0,0.0,2
4.5,PINN Conservative,0.2506634735763075,3.1662955933106367e-06,0.0006469332365060841,0.001282083888981017,0.18005788326263428,0.32036352157592773,0.2807416170835495,0.14037134505369295,0.0,0.0,2
4.505,PINN Conservative,0.25066311675310154,1.7427761203722134e-06,0.0006480381670714145,0.0012846114642172946,0.18019172549247742,0.32022422552108765,0.28019580245018005,0.1400984366939279,0.0,0.0,2
4.51,PINN Conservative,0.2506627665162089,3.4553225148693003e-07,0.0006491501049401031,0.0012871201723991255,0.18032574653625488,0.32008489966392517,0.2796492725610733,0.1398251707049273,0.0,0.0,2
4.515,PINN Conservative,0.2506624180078509,1.044815757793688e-06,0.0006502722265773878,0.001289551496779645,0.18045957386493683,0.3199459910392761,0.279103547334671,0.13955230704881671,0.0,0.0,2
4.5200000000000005,PINN Conservative,0.250662062764168,2.4620338414546523e-06,0.0006514135822665979,0.001291978789904974,0.18059316277503967,0.3198072612285614,0.27855923771858215,0.13928015120056814,0.0,0.0,2
4.525,PINN Conservative,0.25066170440614244,3.891676362328769e-06,0.0006525592054630558,0.001294617175166879,0.18072663247585297,0.31966885924339294,0.27801550924777985,0.13900828592607342,0.0,0.0,2
4.53,PINN Conservative,0.25066135589778443,5.282024371609387e-06,0.0006537250849511488,0.0012968314785893886,0.1808597594499588,0.3195309042930603,0.2774733155965805,0.13873718806431332,0.0,0.0,2
4.535,PINN Conservative,0.2506609966605904,6.71517426925212e-06,0.0006549173672110559,0.0012991526054080826,0.18099263310432434,0.31939318776130676,0.27693237364292145,0.1384667160537154,0.0,0.0,2
4.54,PINN Conservative,0.2506606471240523,8.109624126071476e-06,0.0006561026733137271,0.0013013986949426681,0.1811252236366272,0.31925544142723083,0.2763914167881012,0.13819623659250843,0.0,0.0,2
4.545,PINN Conservative,0.2506602959930899,9.510434819134573e-06,0.0006573122324885024,0.0013036695349004646,0.18125782907009125,0.3191182017326355,0.275851771235466,0.13792641278489995,0.0,0.0,2
4.55,PINN Conservative,0.25065993440151235,1.0952977353616483e-05,0.0006585288597501851,0.001305844804351225,0.1813902109861374,0.318981409072876,0.2753128707408905,0.13765696150774517,0.0,0.0,2
4.555,PINN Conservative,0.2506595816910269,1.2360089435735582e-05,0.0006597658175293501,0.001308189191493725,0.18152211606502533,0.3188445270061493,0.2747754007577896,0.13738822548906146,0.0,0.0,2
4.5600000000000005,PINN Conservative,0.2506592227071526,1.3792228733401295e-05,0.0006610178090985311,0.0013102249046458847,0.18165427446365356,0.3187081217765808,0.27423790097236633,0.1371194745691596,0.0,0.0,2
4.565,PINN Conservative,0.2506588728874924,1.5187808084573152e-05,0.0006622889944530519,0.001312326484734505,0.18178559839725494,0.3185719847679138,0.2737026512622833,0.1368518486912279,0.0,0.0,2
4.57,PINN Conservative,0.25065852935612226,1.6558300773232115e-05,0.0006635730850215577,0.0013143440039603826,0.18191726505756378,0.31843599677085876,0.27316752076148987,0.1365842824181688,0.0,0.0,2
4.575,PINN Conservative,0.25065816962718984,1.799341242430552e-05,0.0006648777454954422,0.001316474226399078,0.18204863369464874,0.3183005154132843,0.2726329565048218,0.1363169992682545,0.0,0.0,2
4.58,PINN Conservative,0.2506578158438208,1.9404804695305123e-05,0.000666199371819639,0.0013183379466345235,0.1821795105934143,0.31816497445106506,0.2721000164747238,0.13605052823472924,0.0,0.0,2
4.585,PINN Conservative,0.25065746235847497,2.081500802498594e-05,0.000667541113790621,0.0013203131237968513,0.1823102831840515,0.3180299699306488,0.27156810462474823,0.13578457129323007,0.0,0.0,2
4.59,PINN Conservative,0.2506571038067343,2.2245423357750486e-05,0.0006688932563319554,0.001322294485774228,0.18244078755378723,0.3178951144218445,0.27103671431541443,0.13551887512304847,0.0,0.0,2
4.595,PINN Conservative,0.25065674793720266,2.3665138218203045e-05,0.0006702729067200316,0.0013242007125546795,0.1825709193944931,0.3177608549594879,0.2705077528953552,0.13525439340214593,0.0,0.0,2
4.6000000000000005,PINN Conservative,0.25065640288591406,2.5041694507831415e-05,0.0006716590882572817,0.001325884807565264,0.18270103633403778,0.3176267445087433,0.26997844874858856,0.13498974031723468,0.0,0.0,2
4.605,PINN Conservative,0.25065604586899304,2.6465986792438813e-05,0.000673075723700142,0.0013278247365567653,0.18283110857009888,0.31749287247657776,0.2694501578807831,0.13472559387374045,0.0,0.0,2
4.61,PINN Conservative,0.25065569344162963,2.7871969380426866e-05,0.0006745120503872942,0.0013296385061381533,0.1829603910446167,0.31735941767692566,0.26892390847206116,0.13446246816368934,0.0,0.0,2
4.615,PINN Conservative,0.2506553330868485,2.930957780807041e-05,0.0006759695408178338,0.0013312206613494415,0.1830902397632599,0.31722575426101685,0.268396332859993,0.13419867934943064,0.0,0.0,2
4.62,PINN Conservative,0.2506549869626763,3.0690414286579285e-05,0.0006774377346351014,0.0013328540526865995,0.18321950733661652,0.31709277629852295,0.26787103712558746,0.13393603047836025,0.0,0.0,2
4.625,PINN Conservative,0.2506546292603018,3.211744113650778e-05,0.0006789333799542425,0.0013347200616923294,0.18334846198558807,0.3169599175453186,0.2673467993736267,0.1336739106005341,0.0,0.0,2
4.63,PINN Conservative,0.25065427340567137,3.35370965497726e-05,0.000680447672324023,0.0013361223009027978,0.1834772825241089,0.31682753562927246,0.2668233960866928,0.1334122079568161,0.0,0.0,2
4.635,PINN Conservative,0.25065391729772113,3.495776256345736e-05,0.0006819925243325899,0.00133783770680998,0.18360579013824463,0.31669506430625916,0.26630042493343353,0.13315072138076123,0.0,0.0,2
4.64,PINN Conservative,0.2506535597890618,3.638401660127397e-05,0.0006835643704288561,0.001339338214591812,0.18373419344425201,0.31656304001808167,0.2657790929079056,0.13289005437170448,0.0,0.0,2
4.6450000000000005,PINN Conservative,0.25065321154892467,3.777329456338982e-05,0.0006851527623019135,0.001340853047447771,0.18386243283748627,0.3164310157299042,0.26525741815567017,0.13262921599863903,0.0,0.0,2
4.65,PINN Conservative,0.2506528594344857,3.917802876287135e-05,0.0006867609785758728,0.001342587222217112,0.18399056792259216,0.3162996768951416,0.26473744213581085,0.132369226995008,0.0,0.0,2
4.655,PINN Conservative,0.25065250094234964,4.0608206307327844e-05,0.0006883941478460693,0.0013439021205453039,0.18411852419376373,0.31616848707199097,0.2642182558774948,0.13210963287365787,0.0,0.0,2
4.66,PINN Conservative,0.2506521398872139,4.204860874725877e-05,0.0006900540144709974,0.0013453767287023577,0.18424594402313232,0.3160373270511627,0.26369981467723846,0.13185041128276143,0.0,0.0,2
4.665,PINN Conservative,0.25065178941190264,4.3446803769376256e-05,0.0006917357965843682,0.0013466701112460344,0.18437328934669495,0.3159070611000061,0.26318371295928955,0.1315923594374896,0.0,0.0,2
4.67,PINN Conservative,0.2506514337360861,4.4865745817938385e-05,0.0006934546544664498,0.0013480594325150363,0.18450066447257996,0.3157763183116913,0.26266634464263916,0.13133367429044648,0.0,0.0,2
4.675,PINN Conservative,0.25065107752382776,4.6286827961051496e-05,0.000695187765580107,0.0013494954374924095,0.1846274435520172,0.3156461715698242,0.2621511071920395,0.13107605458050092,0.0,0.0,2
4.68,PINN Conservative,0.25065072424709817,4.76961990318756e-05,0.0006969533383753922,0.0013508525810373428,0.18475434184074402,0.31551676988601685,0.26163746416568756,0.13081923208572627,0.0,0.0,2
4.6850000000000005,PINN Conservative,0.2506503616422417,4.9142783966708504e-05,0.0006987462380629383,0.0013521834810567568,0.18488088250160217,0.3153870701789856,0.2611236423254013,0.1305623201836427,0.0,0.0,2
4.69,PINN Conservative,0.25065000420808814,5.0568740769250784e-05,0.0007005669242530995,0.0013533080942243203,0.18500693142414093,0.3152574300765991,0.2606111913919449,0.13030609373759394,0.0,0.0,2
4.695,PINN Conservative,0.2506496514827015,5.1975912298557624e-05,0.0007024188108510113,0.0013545841090001065,0.1851329356431961,0.3151286840438843,0.26010000705718994,0.13005050059331646,0.0,0.0,2
4.7,PINN Conservative,0.2506492911279204,5.3413520726201164e-05,0.0007042948805135518,0.0013558657338745561,0.18525861203670502,0.31499993801116943,0.2595897316932678,0.12979536193619248,0.0,0.0,2
4.705,PINN Conservative,0.25064894133806254,5.4808981183219e-05,0.0007062062492042139,0.0013568345176681318,0.1853843331336975,0.3148714303970337,0.2590800076723099,0.12954049895160424,0.0,0.0,2
4.71,PINN Conservative,0.2506485845744612,5.6232262867849375e-05,0.0007081390411213393,0.0013577978043246286,0.18551011383533478,0.3147432506084442,0.258570596575737,0.12928579242980656,0.0,0.0,2
4.715,PINN Conservative,0.25064823094010374,5.7643060668300316e-05,0.0007101137842455114,0.0013591060730198945,0.185635045170784,0.3146151602268219,0.2580628991127014,0.12903194272805235,0.0,0.0,2
4.72,PINN Conservative,0.25064786773920084,5.909202348577079e-05,0.0007121098430862364,0.0013600140698282748,0.1857602298259735,0.31448742747306824,0.25755575299263,0.12877836869883388,0.0,0.0,2
4.7250000000000005,PINN Conservative,0.25064751276373887,6.0508171522266995e-05,0.0007141320844145952,0.0013611297661728083,0.18588486313819885,0.314360111951828,0.2570497989654541,0.12852539071834132,0.0,0.0,2
4.73,PINN Conservative,0.25064715780317803,6.192426011179691e-05,0.0007162089745514715,0.0013621699731884152,0.18600955605506897,0.31423258781433105,0.25654397904872894,0.1282724797933304,0.0,0.0,2
4.735,PINN Conservative,0.2506467942148449,6.337476855304825e-05,0.0007182957707473892,0.0013631606853690137,0.18613409996032715,0.3141058087348938,0.2560395747423172,0.12802027667618152,0.0,0.0,2
4.74,PINN Conservative,0.25064643195271513,6.481998620544206e-05,0.0007204273704234966,0.0013642256825829313,0.1862582117319107,0.31397902965545654,0.2555358111858368,0.1277683939352228,0.0,0.0,2
4.745,PINN Conservative,0.250646074652672,6.624540798440196e-05,0.0007225854262178495,0.0013651304975674516,0.18638236820697784,0.31385254859924316,0.25503280758857727,0.12751689117532686,0.0,0.0,2
4.75,PINN Conservative,0.25064572030305887,6.76590592438851e-05,0.0007247842067975112,0.0013659202141120264,0.18650609254837036,0.3137264549732208,0.25453104078769684,0.12726600681598402,0.0,0.0,2
4.755,PINN Conservative,0.2506453635096552,6.908245982266951e-05,0.0007270059995461966,0.0013669528399604114,0.18662969768047333,0.31360092759132385,0.2540314644575119,0.12701621769617505,0.0,0.0,2
4.76,PINN Conservative,0.2506450000852349,7.053231434618444e-05,0.0007292773719867298,0.0013677668185598235,0.18675315380096436,0.3134751617908478,0.25353071093559265,0.12676583997824925,0.0,0.0,2
4.765,PINN Conservative,0.25064464417099974,7.195220754797877e-05,0.0007315695695691891,0.0013685399904496964,0.18687620759010315,0.3133499026298523,0.25303174555301666,0.1265163563334123,0.0,0.0,2
4.7700000000000005,PINN Conservative,0.25064428259432336,7.339469063527292e-05,0.0007339086235113193,0.0013692550042084528,0.18699929118156433,0.313224732875824,0.25253352522850037,0.12626724521902905,0.0,0.0,2
4.775,PINN Conservative,0.2506439214497807,7.483544975744447e-05,0.0007362760164194083,0.0013701076528485345,0.18712201714515686,0.31309986114501953,0.25203603506088257,0.1260184991844904,0.0,0.0,2
4.78,PINN Conservative,0.25064355690777324,7.628976281118168e-05,0.00073869383573256,0.0013710045025196183,0.18724463880062103,0.31297534704208374,0.25153951346874237,0.12577023743954158,0.0,0.0,2
4.785,PINN Conservative,0.2506432040035727,7.76976477051912e-05,0.0007411465133000425,0.001371664603866951,0.18736696243286133,0.31285104155540466,0.25104402005672455,0.1255224897866188,0.0,0.0,2
4.79,PINN Conservative,0.25064284157753014,7.914351927532142e-05,0.0007436261207997183,0.0013723271229561795,0.1874888837337494,0.3127268850803375,0.2505497932434082,0.12527537543546735,0.0,0.0,2
4.795,PINN Conservative,0.25064247739315054,8.059640559943178e-05,0.0007461514949473939,0.001373170879444524,0.18761074542999268,0.31260305643081665,0.2500561326742172,0.12502854420746068,0.0,0.0,2
4.8,PINN Conservative,0.25064211164414907,8.205553386541042e-05,0.0007487162462709712,0.0013737841073679924,0.1877324879169464,0.31247955560684204,0.2495632767677307,0.12478211531234401,0.0,0.0,2
4.805,PINN Conservative,0.2506417500525715,8.349807639989232e-05,0.0007513158528838867,0.0013742570428323941,0.1878538876771927,0.31235626339912415,0.24907144904136658,0.12453620050925343,0.0,0.0,2
4.8100000000000005,PINN Conservative,0.2506413932442667,8.4921536425643e-05,0.000753952948532132,0.0013750203907740288,0.18797501921653748,0.3122333288192749,0.2485809028148651,0.12429092645854319,0.0,0.0,2
4.815,PINN Conservative,0.25064102280139944,8.639939051789078e-05,0.0007566366100619151,0.0013753760964167472,0.18809634447097778,0.3121106028556824,0.24809029698371887,0.12404562260539666,0.0,0.0,2
4.82,PINN Conservative,0.250640665560961,8.782457450854263e-05,0.0007593520567679902,0.0013760850039224726,0.1882171630859375,0.31198805570602417,0.24760104715824127,0.12380099675767585,0.0,0.0,2
4.825,PINN Conservative,0.2506402949094775,8.930326085964712e-05,0.0007621254704128231,0.0013765644915545994,0.18833765387535095,0.3118659257888794,0.24711313843727112,0.12355704146477167,0.0,0.0,2
4.83,PINN Conservative,0.25063992382586026,9.078367117587424e-05,0.000764930648266864,0.001377128621307594,0.18845818936824799,0.3117437958717346,0.2466249018907547,0.12331292225846788,0.0,0.0,2
4.835,PINN Conservative,0.2506395665407183,9.220903350786785e-05,0.0007677768474026613,0.001377777765995708,0.18857839703559875,0.3116222321987152,0.24613900482654572,0.12306997279778868,0.0,0.0,2
4.84,PINN Conservative,0.25063919939100765,9.367374979819979e-05,0.0007706679739592367,0.0013783248009356652,0.1886984407901764,0.311500608921051,0.24565306305885315,0.12282700098528225,0.0,0.0,2
4.845,PINN Conservative,0.2506388407051566,9.510470015432525e-05,0.0007736002728738519,0.0013785279264716122,0.18881855905056,0.3113795816898346,0.24516744911670685,0.12258419308617545,0.0,0.0,2
4.8500000000000005,PINN Conservative,0.25063847045600435,9.658178143490406e-05,0.000776583379680438,0.0013788979065280926,0.18893814086914062,0.3112584948539734,0.2446834295988083,0.12234218240223955,0.0,0.0,2
4.855,PINN Conservative,0.2506381010115149,9.805565257354568e-05,0.0007796044098427537,0.0013795504445967,0.18905757367610931,0.3111376166343689,0.24419985711574554,0.12210039523657587,0.0,0.0,2
4.86,PINN Conservative,0.25063773362338565,9.95213200171098e-05,0.000782665903535231,0.0013796217691683377,0.18917697668075562,0.3110170066356659,0.24371691048145294,0.12185892099649327,0.0,0.0,2
4.865,PINN Conservative,0.2506373697668316,0.00010097289850574737,0.0007857783076186526,0.0013801534298678864,0.18929603695869446,0.3108969032764435,0.24323582649230957,0.12161837808254491,0.0,0.0,2
4.87,PINN Conservative,0.2506370003819468,0.00010244653185608092,0.0007889309254031021,0.0013804305395652972,0.18941476941108704,0.3107770085334778,0.24275517463684082,0.1213780512362597,0.0,0.0,2
4.875,PINN Conservative,0.25063663230836414,0.0001039149338647447,0.0007921293088307347,0.0013809351488209554,0.18953333795070648,0.3106573224067688,0.24227578938007355,0.12113835769174576,0.0,0.0,2
4.88,PINN Conservative,0.25063626278936885,0.00010538910223888209,0.0007953805307056626,0.0013812954616947148,0.18965168297290802,0.3105376660823822,0.24179647862911224,0.12089870140027718,0.0,0.0,2
4.885,PINN Conservative,0.25063589090108895,0.00010687272269660349,0.0007986781507679172,0.0013816306893043306,0.18976974487304688,0.31041857600212097,0.24131938815116882,0.12066015524956061,0.0,0.0,2
4.89,PINN Conservative,0.2506355253160002,0.00010833119704506717,0.000802021157756246,0.0013818767485190564,0.18988771736621857,0.31029948592185974,0.24084137380123138,0.12042114716108146,0.0,0.0,2
4.8950000000000005,PINN Conservative,0.25063515225052857,0.00010981951382109743,0.0008053987440886626,0.0013822000423010794,0.1900056004524231,0.3101811408996582,0.24036525189876556,0.12018308529995468,0.0,0.0,2
4.9,PINN Conservative,0.2506347811520102,0.00011129998358429083,0.0008088422519653822,0.0013824306520667795,0.19012315571308136,0.3100626468658447,0.23989030718803406,0.11994561203694475,0.0,0.0,2
4.905,PINN Conservative,0.25063440728187586,0.00011279151050203683,0.0008123167120065644,0.001382588053078837,0.1902405023574829,0.3099445402622223,0.23941610753536224,0.11970851130438849,0.0,0.0,2
4.91,PINN Conservative,0.25063403162360215,0.00011429017106791701,0.000815849748118271,0.0013827663821204539,0.19035804271697998,0.30982649326324463,0.2389410436153412,0.11947097843650595,0.0,0.0,2
4.915,PINN Conservative,0.2506336535513403,0.00011579846205872294,0.0008194332570529943,0.0013830298234626393,0.19047455489635468,0.30970874428749084,0.23846949636936188,0.11923520391236485,0.0,0.0,2
4.92,PINN Conservative,0.2506332830786707,0.00011727643504512476,0.0008230602939334963,0.0013832028588755263,0.19059161841869354,0.30959123373031616,0.23799677193164825,0.11899884079010689,0.0,0.0,2
4.925,PINN Conservative,0.25063290575146696,0.000118781753682523,0.0008267406606305456,0.0013835133577229375,0.1907082200050354,0.3094741106033325,0.2375255972146988,0.11876325253119263,0.0,0.0,2
4.93,PINN Conservative,0.2506325314939024,0.00012027482622404985,0.0008304635944288065,0.0013837083622757484,0.19082431495189667,0.30935707688331604,0.2370556890964508,0.11852829757404965,0.0,0.0,2
4.9350000000000005,PINN Conservative,0.2506321559399369,0.00012177307066028021,0.0008342426454476363,0.0013838031352361724,0.19094082713127136,0.3092403709888458,0.23658515512943268,0.11829302969132555,0.0,0.0,2
4.94,PINN Conservative,0.2506317831575873,0.00012326025794217942,0.0008380673808493604,0.0013839619504505685,0.19105666875839233,0.3091239035129547,0.2361166924238205,0.11805879744326271,0.0,0.0,2
4.945,PINN Conservative,0.2506313983052971,0.00012479559734848602,0.0008419531104172023,0.0013840063545859371,0.19117261469364166,0.3090077340602875,0.23564909398555756,0.11782499733052616,0.0,0.0,2
4.95,PINN Conservative,0.25063102497160455,0.0001262849841719025,0.0008458777642787565,0.0013843252863900979,0.19128812849521637,0.3088915944099426,0.23518145084381104,0.11759117486596239,0.0,0.0,2
4.955,PINN Conservative,0.25063064390420936,0.00012780522402308403,0.0008498676657585866,0.0013843250053280354,0.19140353798866272,0.3087761104106903,0.2347158044576645,0.11735835078301451,0.0,0.0,2
4.96,PINN Conservative,0.25063026145100614,0.0001293309924516526,0.0008538965061269507,0.0013845276272716478,0.1915186643600464,0.30866071581840515,0.2342507690191269,0.11712583217503866,0.0,0.0,2
4.965,PINN Conservative,0.25062987999618075,0.000130852777926615,0.0008579793672797183,0.0013845073696834298,0.1916336864233017,0.30854520201683044,0.23378600180149078,0.11689344767802615,0.0,0.0,2
4.97,PINN Conservative,0.25062949812412283,0.00013237622791951228,0.000862111278510831,0.001384551282330393,0.19174820184707642,0.30843037366867065,0.2333223670721054,0.11666162942730322,0.0,0.0,2
4.9750000000000005,PINN Conservative,0.2506291109621527,0.00013392078162131627,0.0008662987269447735,0.0013845210309514355,0.19186292588710785,0.30831554532051086,0.2328592836856842,0.11643008684911604,0.0,0.0,2
4.98,PINN Conservative,0.2506287323087456,0.00013543139104757205,0.0008705433187037221,0.0013846794788382188,0.19197693467140198,0.30820104479789734,0.2323985993862152,0.11619974381898976,0.0,0.0,2
4.985,PINN Conservative,0.25062834984064125,0.0001369572189231069,0.0008748315111166914,0.001384696126137619,0.19209130108356476,0.30808690190315247,0.23193718492984772,0.11596903570901884,0.0,0.0,2
4.99,PINN Conservative,0.2506279621869328,0.00013850373437812014,0.0008791748419847126,0.0013846364734935723,0.19220499694347382,0.3079729378223419,0.23147737979888916,0.1157391322648279,0.0,0.0,2
4.995,PINN Conservative,0.2506275739222767,0.00014005268716295866,0.0008835778081400521,0.0013847804654449625,0.19231902062892914,0.3078590929508209,0.23101724684238434,0.11550906490723734,0.0,0.0,2
5.0,PINN Conservative,0.25062718755006813,0.0001415940901700132,0.0008880288359408484,0.0013849063051027122,0.19243229925632477,0.3077455461025238,0.230559304356575,0.11528009278918062,0.0,0.0,2
