time,method,mass,conservation_error,l2_vs_cn,linf_vs_cn,min_c,max_c,tv,tv_ratio,overshoot_rel,negative_depth_rel,extrema_count
0.0,CN,0.250662679995813,0.0,0.0,0.0,0.0,0.9999874750408879,1.9999749500817758,1.0,0.0,0.0,1
0.005,CN,0.2506625881109205,3.6656790102940797e-07,0.0,0.0,-2.079595577622211e-06,0.995025430804549,1.9900591743505307,0.9950420500362569,0.0,2.07962162479803e-06,3
0.01,CN,0.25066254954747313,5.204138879170093e-07,0.0,0.0,0.0,0.990136515842967,1.980275159745064,0.9901499814605647,0.0,0.0,5
0.015,CN,0.2506624811661372,7.932161093253055e-07,0.0,0.0,-1.4835399762753749e-06,0.9853189511226164,1.9706438271682116,0.9853342548553596,0.0,1.4835585577856516e-06,3
0.02,CN,0.25066243085201173,9.939405469556275e-07,0.0,0.0,0.0,0.9805710176253274,1.9611438680055708,0.980584215779994,0.0,0.0,5
0.025,CN,0.2506623588557541,1.2811642278942242e-06,0.0,0.0,-1.0506607813496284e-06,0.9758910537695937,1.9517862961558827,0.9759053712528135,0.0,1.0506739409977795e-06,3
0.03,CN,0.25066229567648546,1.5332131912705286e-06,0.0,0.0,0.0,0.97127745296607,1.9425563393716736,0.9712903350575693,0.0,0.0,5
0.035,CN,0.2506622141467167,1.8584701013573392e-06,0.0,0.0,-6.848433568506759e-07,0.9667286612990372,1.9334600417060233,0.9667421292586525,0.0,6.848519345931544e-07,3
0.04,CN,0.2506621363828258,2.1687033234848166e-06,0.0,0.0,0.0,0.9622431753262763,1.9244871384663207,0.9622556214454743,0.0,0.0,5
0.045,CN,0.25066204175906265,2.5461977441135885e-06,0.0,0.0,-3.492981858740397e-07,0.9578195399902474,1.9156404489495196,0.9578322212841676,0.0,3.493025608743324e-07,3
0.05,CN,0.2506619473333679,2.9229019857056486e-06,0.0,0.0,0.0,0.9534563466339766,1.9069126978792743,0.9534682910909977,0.0,0.0,3
0.055,CN,0.2506618365733797,3.3647706682832002e-06,0.0,0.0,-2.4778202839983628e-08,0.9491522311155038,1.8983045231497533,0.9491641498170438,0.0,2.4778513189848188e-08,3
0.06,CN,0.2506617231139022,3.817408761364175e-06,0.0,0.0,0.0,0.9449058720151704,1.8898117440303408,0.9449177070708158,0.0,0.0,1
0.065,CN,0.25066159323935794,4.335533534816176e-06,0.0,0.0,0.0,0.9407159889303697,1.8814319778607393,0.9407277715072434,0.0,0.0,1
0.07,CN,0.25066145809928214,4.874664752110952e-06,0.0,0.0,0.0,0.9365813408527733,1.8731626817055467,0.9365930716427003,0.0,0.0,1
0.075,CN,0.2506613060328057,5.481322577954926e-06,0.0,0.0,0.0,0.9325007246233571,1.8650014492467142,0.9325124043030925,0.0,0.0,1
0.08,CN,0.2506611462966324,6.118578085201716e-06,0.0,0.0,0.0,0.9284729734608498,1.8569459469216993,0.9284846026925346,0.0,0.0,1
0.085,CN,0.25066096878891303,6.826731845305199e-06,0.0,0.0,0.0,0.9244969555595343,1.8489939111190687,0.924508534991134,0.0,0.0,1
0.09,CN,0.25066078127358765,7.574810200573079e-06,0.0,0.0,0.0,0.9205715727525401,1.8411431455050802,0.9205831030182646,0.0,0.0,1
0.095,CN,0.2506605748656209,8.398259334594614e-06,0.0,0.0,0.0,0.9166957592370677,1.8333915184741354,0.9167072409577784,0.0,0.0,1
0.1,CN,0.25066035611993953,9.270928857436751e-06,0.0,0.0,0.0,0.9128684803581728,1.8257369607163456,0.9128799141417717,0.0,0.0,1
0.105,CN,0.25066011712150915,1.0224395206650199e-05,0.0,0.0,0.0,0.9090887314479558,1.8181774628959115,0.9091001178897611,0.0,0.0,1
0.11,CN,0.2506598634252413,1.1236497478240943e-05,0.0,0.0,0.0,0.9053555367171893,1.8107110734343785,0.9053668764002976,0.0,0.0,1
0.115,CN,0.25065958790204623,1.2335676642434787e-05,0.0,0.0,0.0,0.9016679481966396,1.8033358963932793,0.9016792416922741,0.0,0.0,1
0.12,CN,0.2506592952654636,1.350312838530164e-05,0.0,0.0,0.0,0.8980250447254143,1.7960500894508287,0.8980362925932602,0.0,0.0,1
0.125,CN,0.2506589790314523,1.476472030363514e-05,0.0,0.0,0.0,0.8944259309839457,1.7888518619678913,0.8944371337724745,0.0,0.0,1
0.13,CN,0.25065864319561443,1.6104512241816574e-05,0.0,0.0,0.0,0.8908697365692537,1.7817394731385074,0.890880894816035,0.0,0.0,1
0.135,CN,0.2506582818088228,1.754623779748789e-05,0.0,0.0,0.0,0.8873556151103612,1.7747112302207224,0.8873667293423636,0.0,0.0,1
0.14,CN,0.25065789824679885,1.9076429782916316e-05,0.0,0.0,0.0,0.8838827434217658,1.7677654868435315,0.8838938141556475,0.0,0.0,1
0.145,CN,0.25065748700777124,2.071703710274489e-05,0.0,0.0,0.0,0.8804503206931159,1.7609006413862318,0.8804613484355048,0.0,0.0,1
0.15,CN,0.2506570509268824,2.2456749168581775e-05,0.0,0.0,0.0,0.8770575677132028,1.7541151354264057,0.8770685529609672,0.0,0.0,1
0.155,CN,0.25065658487914233,2.4316011744383673e-05,0.0,0.0,0.0,0.8737037261266247,1.7474074522532494,0.8737146693671342,0.0,0.0,1
0.16,CN,0.25065609122425697,2.6285410959961794e-05,0.0,0.0,0.0,0.870388057721467,1.7407761154429338,0.870398959432845,0.0,0.0,1
0.165,CN,0.25065556515648685,2.838411895323916e-05,0.0,0.0,0.0,0.8671098437465059,1.7342196874930118,0.8671207043978737,0.0,0.0,1
0.17,CN,0.2506550086143612,3.0604402106965435e-05,0.0,0.0,0.0,0.8638683842564874,1.7277367685129748,0.8638792043081991,0.0,0.0,1
0.17500000000000002,CN,0.2506544170640599,3.296434775706637e-05,0.0,0.0,0.0,0.8606629974841299,1.72132599496826,0.8606737773880007,0.0,0.0,1
0.18,CN,0.2506537920686971,3.5457719976685377e-05,0.0,0.0,0.0,0.8574930192375754,1.7149860384751507,0.8575037594371008,0.0,0.0,1
0.185,CN,0.25065312932714046,3.81016778113543e-05,0.0,0.0,0.0,0.8543578023220783,1.7087156046441565,0.8543685032526481,0.0,0.0,1
0.19,CN,0.2506524300661234,4.089132729984574e-05,0.0,0.0,0.0,0.8512567159847694,1.7025134319695387,0.8512673780738732,0.0,0.0,1
0.195,CN,0.25065169018448796,4.3843029705130174e-05,0.0,0.0,0.0,0.8481891453814525,1.696378290762905,0.8481997690488787,0.0,0.0,1
0.2,CN,0.2506509106062301,4.6953098814140866e-05,0.0,0.0,0.0,0.8451544910643681,1.6903089821287365,0.8451650767223972,0.0,0.0,1
0.20500000000000002,CN,0.2506500874027599,5.023720744266726e-05,0.0,0.0,0.0,0.8421521684899868,1.6843043369799735,0.8421627165435772,0.0,0.0,1
0.21,CN,0.25064922122461064,5.369276033660362e-05,0.0,0.0,0.0,0.8391816075458858,1.6783632150917716,0.8391921183928558,0.0,0.0,1
0.215,CN,0.2506483082927195,5.733483378429292e-05,0.0,0.0,0.0,0.8362422520958745,1.672484504191749,0.8362527261270767,0.0,0.0,1
0.22,CN,0.2506473490098548,6.11618209716745e-05,0.0,0.0,0.0,0.8333335595425018,1.6666671190850035,0.8333439971419923,0.0,0.0,1
0.225,CN,0.2506463397270632,6.518827912506445e-05,0.0,0.0,0.0,0.8304550004062071,1.6609100008124142,0.8304654019514106,0.0,0.0,1
0.23,CN,0.2506452806220902,6.941349914193295e-05,0.0,0.0,0.0,0.8276060579203318,1.6552121158406636,0.8276164237822001,0.0,0.0,1
0.23500000000000001,CN,0.25064416815970314,7.38515845683772e-05,0.0,0.0,0.0,0.8247862276413357,1.6495724552826714,0.8247965581845027,0.0,0.0,1
0.24,CN,0.2506430023129028,7.85026431158291e-05,0.0,0.0,0.0,0.8219950170734878,1.6439900341469755,0.8220053126564187,0.0,0.0,1
0.245,CN,0.25064177964633827,8.33803798597638e-05,0.0,0.0,0.0,0.8192319453074746,1.6384638906149491,0.8192422062826111,0.0,0.0,1
0.25,CN,0.25064049994647186,8.848564669258122e-05,0.0,0.0,0.0,0.8164965426722399,1.6329930853444798,0.8165067693861412,0.0,0.0,1
0.255,CN,0.25063915986615415,9.383179681646743e-05,0.0,0.0,0.0,0.8137883503995619,1.6275767007991235,0.8137985431930407,0.0,0.0,1
0.26,CN,0.25063775902175833,9.942036068181499e-05,0.0,0.0,0.0,0.8111069203007577,1.6222138406015154,0.8111170795090137,0.0,0.0,1
0.265,CN,0.25063629414449184,0.000105264378891916,0.0,0.0,0.0,0.8084518144550586,1.6169036289101173,0.808461940407806,0.0,0.0,1
0.27,CN,0.2506347646955881,0.00011136600081574274,0.0,0.0,0.0,0.8058226049091002,1.6116452098182004,0.8058326979306929,0.0,0.0,1
0.275,CN,0.25063316747633413,0.00011773798747923346,0.0,0.0,0.0,0.8032188733871207,1.6064377467742414,0.8032289337966741,0.0,0.0,1
0.28,CN,0.250631501806481,0.00012438305268450966,0.0,0.0,0.0,0.8006402110113708,1.6012804220227417,0.8006502391228789,0.0,0.0,1
0.28500000000000003,CN,0.25062976455046043,0.00013131370554685156,0.0,0.0,0.0,0.7980862180323489,1.5961724360646978,0.7980962141547987,0.0,0.0,1
0.29,CN,0.2506279548990775,0.00013853317428843512,0.0,0.0,0.0,0.7955565035684332,1.5911130071368664,0.7955664680059159,0.0,0.0,1
0.295,CN,0.2506260697741271,0.00014605373917846835,0.0,0.0,0.0,0.7930506853545353,1.5861013707090703,0.7930606184063541,0.0,0.0,1
0.3,CN,0.2506241082490251,0.00015387909675481344,0.0,0.0,0.0,0.7905683894994082,1.5811367789988164,0.7905782914601837,0.0,0.0,1
0.305,CN,0.2506220672981394,0.00016202131755018093,0.0,0.0,0.0,0.7881092502512597,1.5762185005025193,0.7881191214110308,0.0,0.0,1
0.31,CN,0.2506199458881909,0.0001704845237543158,0.0,0.0,0.0,0.7856729097713232,1.5713458195426466,0.7856827504156474,0.0,0.0,1
0.315,CN,0.2506177410421845,0.00017928059186654558,0.0,0.0,0.0,0.7832590179151024,1.566518035830205,0.7832688283251511,0.0,0.0,1
0.32,CN,0.2506154516300758,0.00018841403011394408,0.0,0.0,0.0,0.7808672320209386,1.5617344640418769,0.7808770124735912,0.0,0.0,1
0.325,CN,0.2506130747203059,0.00019789653373169998,0.0,0.0,0.0,0.7784972167056519,1.5569944334113037,0.7785069674735879,0.0,0.0,1
0.33,CN,0.25061060909531213,0.0002077329600949192,0.0,0.0,0.0,0.7761486436669582,1.5522972873339165,0.7761583650187446,0.0,0.0,1
0.335,CN,0.25060805186640445,0.00021793483341617885,0.0,0.0,0.0,0.7738211914924024,1.5476423829848047,0.7738308836925802,0.0,0.0,1
0.34,CN,0.25060540173713414,0.00022850732578063405,0.0,0.0,0.0,0.7715145454745542,1.5430290909491085,0.7715242087837232,0.0,0.0,1
0.34500000000000003,CN,0.25060265585965835,0.00023946179844417848,0.0,0.0,0.0,0.7692283974322361,1.538456794864472,0.7692380321071356,0.0,0.0,1
0.35000000000000003,CN,0.25059981286671973,0.00025080370597772356,0.0,0.0,0.0,0.7669624455375248,1.5339248910750496,0.766972051831114,0.0,0.0,1
0.355,CN,0.25059686994976826,0.0002625442528812919,0.0,0.0,0.0,0.7647163941483437,1.5294327882966874,0.7647259723098788,0.0,0.0,1
0.36,CN,0.2505938256783095,0.00027468914600540124,0.0,0.0,0.0,0.7624899536464044,1.524979907292809,0.7624995039215141,0.0,0.0,1
0.365,CN,0.25059067728193296,0.00028724943769542727,0.0,0.0,0.0,0.7602828402803137,1.5205656805606274,0.7602923629110724,0.0,0.0,1
0.37,CN,0.25058742327401506,0.0003002310587247365,0.0,0.0,0.0,0.7580947760136402,1.5161895520272803,0.7581042712386401,0.0,0.0,1
0.375,CN,0.2505840609214742,0.00031364491251778125,0.0,0.0,0.0,0.7559254883777686,1.5118509767555373,0.7559349564321893,0.0,0.0,1
0.38,CN,0.25058058868823907,0.0003274971271163636,0.0,0.0,0.0,0.7537747103293555,1.507549420658711,0.7537841514450316,0.0,0.0,1
0.385,CN,0.2505770038780373,0.00034179845909707707,0.0,0.0,0.0,0.7516421801122191,1.5032843602244381,0.7516515945177069,0.0,0.0,1
0.39,CN,0.25057330491163554,0.00035655520869296676,0.0,0.0,0.0,0.7495276411235026,1.4990552822470051,0.7495370290441443,0.0,0.0,1
0.395,CN,0.25056948912929733,0.0003717779867238889,0.0,0.0,0.0,0.747430841783964,1.4948616835679278,0.7474402034419507,0.0,0.0,1
0.4,CN,0.2505655549145459,0.00038747324200276727,0.0,0.0,0.0,0.745351535412218,1.490703070824436,0.7453608710266514,0.0,0.0,1
0.405,CN,0.25056149964411334,0.00040365143986068443,0.0,0.0,0.0,0.7432899528289657,1.4865799056579312,0.743299262621838,0.0,0.0,1
0.41000000000000003,CN,0.25055732166985484,0.0004203191554479075,0.0,0.0,0.0,0.7412454170434255,1.482490834086851,0.74125470122825,0.0,0.0,1
0.41500000000000004,CN,0.25055301840507505,0.0004374867081919552,0.0,0.0,0.0,0.7392176540782515,1.478435308156503,0.7392269128651097,0.0,0.0,1
0.42,CN,0.25054858817521436,0.0004551607786230212,0.0,0.0,0.0,0.7372064358292769,1.4744128716585538,0.7372156694253933,0.0,0.0,1
0.425,CN,0.25054402843039614,0.0004733515392831177,0.0,0.0,0.0,0.7352115385119427,1.4704230770238853,0.7352207471217387,0.0,0.0,1
0.43,CN,0.2505393374745952,0.0004920657563376494,0.0,0.0,0.0,0.7332327425566764,1.466465485113353,0.7332419263818236,0.0,0.0,1
0.435,CN,0.2505345127951139,0.0005113134540060838,0.0,0.0,0.0,0.7312698325073691,1.4625396650147382,0.7312789917468403,0.0,0.0,1
0.44,CN,0.25052955267912536,0.0005311014654828352,0.0,0.0,0.0,0.7293225969228158,1.4586451938456315,0.7293317317729353,0.0,0.0,1
0.445,CN,0.2505244546515616,0.0005514396648663689,0.0,0.0,0.0,0.7273908282810355,1.454781656562071,0.7273999389355288,0.0,0.0,1
0.45,CN,0.25051921698718654,0.0005723349348568347,0.0,0.0,0.0,0.725474322886357,1.450948645772714,0.725483409536398,0.0,0.0,1
0.455,CN,0.2505138372490829,0.0005937969973535382,0.0,0.0,0.0,0.7235728807791847,1.4471457615583696,0.7235819436134427,0.0,0.0,1
0.46,CN,0.25050831370374094,0.000615832768063553,0.0,0.0,0.0,0.7216863056483527,1.4433726112967054,0.7216953448530383,0.0,0.0,1
0.465,CN,0.2505026439529673,0.0006384518144000324,0.0,0.0,0.0,0.7198144047459772,1.4396288094919545,0.719823420504887,0.0,0.0,1
0.47000000000000003,CN,0.2504968262588693,0.0006616610695554548,0.0,0.0,0.0,0.7179569888047277,1.4359139776094554,0.7179659812992873,0.0,0.0,1
0.47500000000000003,CN,0.25049085826258677,0.0006854699440263244,0.0,0.0,0.0,0.7161138719574329,1.4322277439148658,0.7161228413667403,0.0,0.0,1
0.48,CN,0.25048473822550255,0.0007098853738953626,0.0,0.0,0.0,0.7142848716589423,1.4285697433178846,0.7142938181598087,0.0,0.0,1
0.485,CN,0.25047846382872085,0.0007349166102237869,0.0,0.0,0.0,0.7124698086101695,1.424939617220339,0.7124787323771608,0.0,0.0,1
0.49,CN,0.25047203333633683,0.0007605705782741228,0.0,0.0,0.0,0.7106685066842644,1.4213370133685288,0.7106774078897401,0.0,0.0,1
0.495,CN,0.2504654444700609,0.0007868563671120304,0.0,0.0,0.0,0.7088807928547955,1.417761585709591,0.7088896716689482,0.0,0.0,1
0.5,CN,0.2504586954999245,0.000813780878317804,0.0,0.0,0.0,0.707106497125945,1.4142129942518897,0.7071153537168376,0.0,0.0,1
0.505,CN,0.2504517841888865,0.0008413530363995034,0.0,0.0,0.0,0.7053454524645834,1.410690904929167,0.7053542869981877,0.0,0.0,1
0.51,CN,0.25044470881593645,0.0008695797071992628,0.0,0.0,0.0,0.70359749473423,1.40719498946846,0.7036063073744608,0.0,0.0,1
0.515,CN,0.25043746718591475,0.0008984696481422608,0.0,0.0,0.0,0.701862462630759,1.403724925261518,0.7018712535395115,0.0,0.0,1
0.52,CN,0.25043005758959735,0.0009280296780498717,0.0,0.0,0.0,0.7001401976198913,1.4002803952397826,0.7001489669570748,0.0,0.0,1
0.525,CN,0.25042247787432276,0.0009582683848039993,0.0,0.0,0.0,0.6984305438763226,1.396861087752645,0.6984392917998946,0.0,0.0,1
0.53,CN,0.2504147263452963,0.000989192529660998,0.0,0.0,0.0,0.696733348224503,1.393466696449006,0.6967420748905027,0.0,0.0,1
0.535,CN,0.250406800892948,0.00102081052859278,0.0,0.0,0.0,0.6950484600809796,1.3900969201619593,0.6950571656435599,0.0,0.0,1
0.54,CN,0.2503986998393783,0.0010531290754535337,0.0,0.0,0.0,0.6933757313982775,1.3867514627965551,0.6933844160097371,0.0,0.0,1
0.545,CN,0.25039042111867377,0.0010861564120505198,0.0,0.0,0.0,0.6917150166102373,1.3834300332204745,0.6917236804210514,0.0,0.0,1
0.55,CN,0.2503819630721258,0.0011198991556776042,0.0,0.0,0.0,0.6900661725788102,1.3801323451576204,0.6900748157376616,0.0,0.0,1
0.555,CN,0.25037332367800974,0.0011543653718538392,0.0,0.0,0.0,0.6884290585422229,1.3768581170844458,0.6884376811960311,0.0,0.0,1
0.56,CN,0.25036450129894194,0.0011895615927988317,0.0,0.0,0.0,0.6868035360645007,1.3736070721290012,0.6868121383584512,0.0,0.0,1
0.5650000000000001,CN,0.25035549395788104,0.001225495705771124,0.0,0.0,0.0,0.685189468986281,1.370378937972562,0.6851980510638542,0.0,0.0,1
0.5700000000000001,CN,0.250346300040747,0.0012621741500222082,0.0,0.0,0.0,0.683586723376912,1.367173446753824,0.6835952853799105,0.0,0.0,1
0.5750000000000001,CN,0.2503369176156372,0.0012996046327328362,0.0,0.0,0.0,0.6819951674877548,1.3639903349755096,0.6820037095563313,0.0,0.0,1
0.58,CN,0.2503273450936047,0.0013377934928880293,0.0,0.0,0.0,0.6804146717066953,1.3608293434133907,0.6804231939793789,0.0,0.0,1
0.585,CN,0.25031758058829867,0.0013767482559433255,0.0,0.0,0.0,0.6788451085137949,1.3576902170275897,0.6788536111275173,0.0,0.0,1
0.59,CN,0.25030762253759326,0.0014164751538827507,0.0,0.0,0.0,0.6772863524380774,1.3545727048761549,0.6772948355281992,0.0,0.0,1
0.595,CN,0.25029746910105793,0.0014569815289661506,0.0,0.0,0.0,0.6757382800153782,1.3514765600307563,0.6757467437157133,0.0,0.0,1
0.6,CN,0.25028711874493975,0.0014982734999861513,0.0,0.0,0.0,0.6742007697472796,1.3484015394945592,0.6742092141901204,0.0,0.0,1
0.605,CN,0.25027656967505246,0.00154035822471448,0.0,0.0,0.0,0.6726737020610339,1.3453474041220679,0.6726821273771748,0.0,0.0,1
0.61,CN,0.2502658203874377,0.0015832417030803919,0.0,0.0,0.0,0.6711569592705106,1.3423139185410211,0.671165365589272,0.0,0.0,1
0.615,CN,0.2502548691344307,0.0016269309072619795,0.0,0.0,0.0,0.669650425538089,1.3393008510761781,0.6696588129873408,0.0,0.0,1
0.62,CN,0.2502437144431659,0.001671431713145676,0.0,0.0,0.0,0.6681539868374952,1.3363079736749903,0.6681623555436785,0.0,0.0,1
0.625,CN,0.2502323546127305,0.0017167509063960055,0.0,0.0,0.0,0.6666675309175444,1.3333350618350885,0.6666758810056949,0.0,0.0,1
0.63,CN,0.2502207882025314,0.0017628942341514915,0.0,0.0,0.0,0.6651909472667671,1.330381894533534,0.6651992788605361,0.0,0.0,1
0.635,CN,0.2502090135585915,0.0018098682948298422,0.0,0.0,0.0,0.663724127078894,1.327448254157788,0.6637324403005702,0.0,0.0,1
0.64,CN,0.2501970292736569,0.0018576787025650365,0.0,0.0,0.0,0.6622669632191767,1.3245339264383533,0.6622752581897065,0.0,0.0,1
0.645,CN,0.2501848337408237,0.0019063318679800809,0.0,0.0,0.0,0.6608193501915117,1.3216387003830234,0.6608276270305204,0.0,0.0,1
0.65,CN,0.25017242558713576,0.0019558332683805007,0.0,0.0,0.0,0.6593811841063549,1.3187623682127099,0.6593894429321666,0.0,0.0,1
0.655,CN,0.2501598032528537,0.0020061891262300817,0.0,0.0,0.0,0.6579523626493977,1.3159047252987954,0.657960603579055,0.0,0.0,1
0.66,CN,0.2501469654001757,0.0020574047785888055,0.0,0.0,0.0,0.656532785050998,1.313065570101996,0.656541008200281,0.0,0.0,1
0.665,CN,0.2501339105165723,0.0021094862595800843,0.0,0.0,0.0,0.6551223520563089,1.3102447041126177,0.6551305575397551,0.0,0.0,1
0.67,CN,0.2501206373001552,0.002162438762989481,0.0,0.0,0.0,0.6537209658961408,1.3074419317922816,0.6537291538270629,0.0,0.0,1
0.675,CN,0.2501071442856057,0.0022162681345964915,0.0,0.0,0.0,0.6523285302584724,1.3046570605169447,0.6523367007489765,0.0,0.0,1
0.68,CN,0.2500934302076152,0.0022709794222549894,0.0,0.0,0.0,0.6509449502606631,1.3018899005213262,0.6509531034216673,0.0,0.0,1
0.685,CN,0.25007949364803306,0.0023265782835708558,0.0,0.0,0.0,0.6495701324222756,1.2991402648445511,0.649578268363527,0.0,0.0,1
0.6900000000000001,CN,0.2500653333787083,0.0023830696181604584,0.0,0.0,0.0,0.6482039846385491,1.2964079692770982,0.648212103468641,0.0,0.0,1
0.6950000000000001,CN,0.25005094802857347,0.002440458895794672,0.0,0.0,0.0,0.6468464161544771,1.2936928323089543,0.6468545179808664,0.0,0.0,1
0.7000000000000001,CN,0.2500363364071298,0.002498750865879393,0.0,0.0,0.0,0.6454973375394788,1.2909946750789576,0.6455054224685018,0.0,0.0,1
0.705,CN,0.25002149719026645,0.0025579508108556346,0.0,0.0,0.0,0.6441566606626465,1.288313321325293,0.6441647287995362,0.0,0.0,1
0.71,CN,0.2500064292255519,0.002618063328262763,0.0,0.0,0.0,0.6428242986685638,1.2856485973371279,0.6428323501174651,0.0,0.0,1
0.715,CN,0.2499911312356664,0.002679093513872093,0.0,0.0,0.0,0.6415001659536637,1.2830003319073273,0.6415082008176489,0.0,0.0,1
0.72,CN,0.24997560210658526,0.002741045812002027,0.0,0.0,0.0,0.6401841781431202,1.2803683562862402,0.6401921965242054,0.0,0.0,1
0.725,CN,0.2499598406075757,0.002803925132568703,0.0,0.0,0.0,0.6388762520682677,1.2777525041365354,0.6388842540674272,0.0,0.0,1
0.73,CN,0.24994384566328862,0.0028677357655969285,0.0,0.0,0.0,0.6375763057445137,1.2751526114890275,0.6375842914616948,0.0,0.0,1
0.735,CN,0.24992761608933733,0.0029324824361086814,0.0,0.0,0.0,0.6362842583497503,1.2725685166995007,0.636292227883888,0.0,0.0,1
0.74,CN,0.2499111508492498,0.002998169279031615,0.0,0.0,0.0,0.6350000302032477,1.2700000604064954,0.6350079836522787,0.0,0.0,1
0.745,CN,0.2498944488047095,0.0030648008355943007,0.0,0.0,0.0,0.6337235427450043,1.2674470854900086,0.6337314802058819,0.0,0.0,1
0.75,CN,0.24987750895825964,0.0031323810850760305,0.0,0.0,0.0,0.6324547185155599,1.2649094370311198,0.6324626400842669,0.0,0.0,1
0.755,CN,0.24986033021734408,0.0032009143861475927,0.0,0.0,0.0,0.6311934811362481,1.2623869622724961,0.6312013869078106,0.0,0.0,1
0.76,CN,0.24984291162359934,0.003270404562128437,0.0,0.0,0.0,0.6299397552898816,1.259879510579763,0.6299476453583824,0.0,0.0,1
0.765,CN,0.24982525212988846,0.00334085579049309,0.0,0.0,0.0,0.6286934667018542,1.2573869334037084,0.628701341160446,0.0,0.0,1
0.77,CN,0.24980735081696304,0.003412271738514237,0.0,0.0,0.0,0.6274545421216574,1.254909084243315,0.6274624010625752,0.0,0.0,1
0.775,CN,0.24978920668273347,0.003484656403953355,0.0,0.0,0.0,0.6262229093047883,1.2524458186095766,0.6262307528193621,0.0,0.0,1
0.78,CN,0.24977081884703542,0.0035580132981601603,0.0,0.0,0.0,0.6249984969950576,1.2499969939901152,0.6250063251737252,0.0,0.0,1
0.785,CN,0.24975218635242635,0.0036323462407800104,0.0,0.0,0.0,0.6237812349072632,1.2475624698145265,0.623789047839582,0.0,0.0,1
0.79,CN,0.24973330835774482,0.003707658587563534,0.0,0.0,0.0,0.6225710537102432,1.2451421074204865,0.6225788514849021,0.0,0.0,1
0.795,CN,0.2497141839497679,0.0037839539817451926,0.0,0.0,0.0,0.6213678850102836,1.2427357700205672,0.621375667715115,0.0,0.0,1
0.8,CN,0.24969481232620977,0.0038612356239843297,0.0,0.0,0.0,0.620171661334883,1.240343322669766,0.6201794290568741,0.0,0.0,1
0.805,CN,0.24967519261761434,0.003939506982910831,0.0,0.0,0.0,0.6189825650684404,1.2379651301368808,0.6189903178968629,0.0,0.0,1
0.81,CN,0.24965532406039992,0.004018771104776725,0.0,0.0,0.0,0.6178003262507604,1.2356006525015206,0.6178080642715045,0.0,0.0,1
0.8150000000000001,CN,0.24963520582840076,0.004099031285508422,0.0,0.0,0.0,0.6166248320612767,1.2332496641225534,0.6166325553588198,0.0,0.0,1
0.8200000000000001,CN,0.24961483719652722,0.004180290417796828,0.0,0.0,0.0,0.615456018604181,1.230912037208362,0.6154637272621999,0.0,0.0,1
0.8250000000000001,CN,0.24959421738140541,0.004262551626853347,0.0,0.0,0.0,0.6142938228278123,1.2285876456556246,0.6143015169291943,0.0,0.0,1
0.8300000000000001,CN,0.24957334569618714,0.004345817652807531,0.0,0.0,0.0,0.6131381825103629,1.2262763650207258,0.6131458621372159,0.0,0.0,1
0.835,CN,0.24955222139977135,0.004430091452226515,0.0,0.0,0.0,0.6119890362458871,1.2239780724917741,0.6119967014795499,0.0,0.0,1
0.84,CN,0.24953084384326557,0.004515375613818229,0.0,0.0,0.0,0.6108463234305869,1.2216926468611737,0.6108539743516391,0.0,0.0,1
0.845,CN,0.2495092123273029,0.0046016729276546755,0.0,0.0,0.0,0.609709984249389,1.219419968498778,0.6097176209376612,0.0,0.0,1
0.85,CN,0.24948732624062814,0.004688985832292554,0.0,0.0,0.0,0.6085799596627843,1.2171599193255687,0.6085875821973675,0.0,0.0,1
0.855,CN,0.24946518492505249,0.004777316953526963,0.0,0.0,0.0,0.6074561913939447,1.2149123827878894,0.6074637998531999,0.0,0.0,1
0.86,CN,0.2494427878066086,0.00486666858115756,0.0,0.0,0.0,0.6063386219160919,1.2126772438321838,0.6063462163776598,0.0,0.0,1
0.865,CN,0.24942013426771376,0.004957043178984548,0.0,0.0,0.0,0.6052271944401283,1.2104543888802566,0.6052347749809381,0.0,0.0,1
0.87,CN,0.24939722377131063,0.00504844288955778,0.0,0.0,0.0,0.6041218529025072,1.2082437058050144,0.6041294195987861,0.0,0.0,1
0.875,CN,0.24937405573983573,0.005140870017023597,0.0,0.0,0.0,0.6030225419533558,1.2060450839067116,0.6030300948806375,0.0,0.0,1
0.88,CN,0.24935062967273824,0.005234326558292039,0.0,0.0,0.0,0.6019292069448274,1.2038584138896549,0.6019367461779613,0.0,0.0,1
0.885,CN,0.24932694503187341,0.005328814660251315,0.0,0.0,0.0,0.6008417939196837,1.2016835878393675,0.6008493195328434,0.0,0.0,1
0.89,CN,0.24930300135276906,0.005424336175878429,0.0,0.0,0.0,0.5997602496001141,1.1995204992002282,0.5997677616668057,0.0,0.0,1
0.895,CN,0.24927879813608683,0.0055208930972463505,0.0,0.0,0.0,0.59868452137676,1.19736904275352,0.5986920199698308,0.0,0.0,1
0.9,CN,0.24925433495298366,0.005618487135192416,0.0,0.0,0.0,0.5976145572979669,1.1952291145959337,0.5976220424896135,0.0,0.0,1
0.905,CN,0.24922961134230404,0.005717120129461987,0.0,0.0,0.0,0.5965503060592408,1.1931006121184815,0.5965577779210172,0.0,0.0,1
0.91,CN,0.24920462691036432,0.005816793650626483,0.0,0.0,0.0,0.5954917169929088,1.1909834339858176,0.5954991755957344,0.0,0.0,1
0.915,CN,0.24917938123355904,0.005917509388628276,0.0,0.0,0.0,0.5944387400579909,1.1888774801159818,0.5944461854721583,0.0,0.0,1
0.92,CN,0.2491538739528757,0.006019268775720808,0.0,0.0,0.0,0.5933913258302506,1.1867826516605011,0.5933987581254332,0.0,0.0,1
0.925,CN,0.24912810468161728,0.00612207335460285,0.0,0.0,0.0,0.5923494254924548,1.1846988509849097,0.592356844737715,0.0,0.0,1
0.93,CN,0.24910207309493806,0.0062259244212221395,0.0,0.0,0.0,0.5913129908248097,1.1826259816496194,0.5913203970886054,0.0,0.0,1
0.935,CN,0.24907577884240098,0.006330823373621132,0.0,0.0,0.0,0.5902819741955855,1.180563948391171,0.5902893675457783,0.0,0.0,1
0.9400000000000001,CN,0.24904922163280735,0.006436771373515149,0.0,0.0,0.0,0.5892563285519141,1.1785126571038282,0.5892637090557763,0.0,0.0,1
0.9450000000000001,CN,0.2490224011513249,0.006543769676903975,0.0,0.0,0.0,0.5882360074107725,1.176472014821545,0.588243375134994,0.0,0.0,1
0.9500000000000001,CN,0.2489953171398692,0.006651819313396174,0.0,0.0,0.0,0.5872209648501239,1.1744419297002477,0.5872283198608196,0.0,0.0,1
0.9550000000000001,CN,0.24896796931855258,0.006760921399582541,0.0,0.0,0.0,0.5862111555002378,1.1724223110004757,0.5862184978629543,0.0,0.0,1
0.96,CN,0.24894035746185988,0.006871076835139047,0.0,0.0,0.0,0.5852065345351651,1.1704130690703303,0.5852138643148875,0.0,0.0,1
0.965,CN,0.24891248132418373,0.0069822865998979,0.0,0.0,0.0,0.584207057664379,1.168414115328758,0.5842143749255376,0.0,0.0,1
0.97,CN,0.24888434071202323,0.007094551465816388,0.0,0.0,0.0,0.583212681124567,1.166425362249134,0.5832199859310442,0.0,0.0,1
0.975,CN,0.24885593541338324,0.007207872278633268,0.0,0.0,0.0,0.5822233616715828,1.1644467233431657,0.582230654086719,0.0,0.0,1
0.98,CN,0.24882726526621268,0.007322249684839253,0.0,0.0,0.0,0.5812390565725376,1.1624781131450752,0.5812463366591383,0.0,0.0,1
0.985,CN,0.24879833009145857,0.007437684398752753,0.0,0.0,0.0,0.58025972359805,1.1605194471961,0.5802669914183917,0.0,0.0,1
0.99,CN,0.2487691297579473,0.007554176943681136,0.0,0.0,0.0,0.5792853210146275,1.158570642029255,0.5792925766304637,0.0,0.0,1
0.995,CN,0.24873966411889634,0.0076717279052022115,0.0,0.0,0.0,0.5783158075771975,1.156631615154395,0.5783230510497654,0.0,0.0,1
1.0,CN,0.2487099330734304,0.007790337685750469,0.0,0.0,0.0,0.5773511425217644,1.154702285043529,0.5773583739117907,0.0,0.0,1
1.0050000000000001,CN,0.24867993650636505,0.007910006744845523,0.0,0.0,0.0,0.576391285558215,1.15278257111643,0.5763985049259214,0.0,0.0,1
1.01,CN,0.24864967434653862,0.0080307353663816,0.0,0.0,0.0,0.5754361968632395,1.150872393726479,0.5754434042683493,0.0,0.0,1
1.0150000000000001,CN,0.24861914650969236,0.008152523886502628,0.0,0.0,0.0,0.5744858370733958,1.1489716741467917,0.5744930325751391,0.0,0.0,1
1.02,CN,0.248588352953789,0.008275372472913125,0.0,0.0,0.0,0.573540167278282,1.147080334556564,0.5735473509354013,0.0,0.0,1
1.025,CN,0.2485572936248236,0.008399281341061863,0.0,0.0,0.0,0.5725991490138536,1.1451982980277071,0.5726063208846099,0.0,0.0,1
1.03,CN,0.2485259685092905,0.008524250544828475,0.0,0.0,0.0,0.5716627442558371,1.1433254885116741,0.5716699043980152,0.0,0.0,1
1.035,CN,0.2484943775827686,0.00865028018163935,0.0,0.0,0.0,0.5707309154132828,1.1414618308265656,0.5707380638841967,0.0,0.0,1
1.04,CN,0.2484625208596885,0.008777370193924484,0.0,0.0,0.0,0.5698036253222174,1.1396072506444348,0.5698107621787153,0.0,0.0,1
1.045,CN,0.24843039834454445,0.008905520563754562,0.0,0.0,0.0,0.5688808372394147,1.1377616744788295,0.5688879625378849,0.0,0.0,1
1.05,CN,0.248398010079106,0.009034731124492937,0.0,0.0,0.0,0.5679625148362842,1.1359250296725685,0.5679696286326598,0.0,0.0,1
1.055,CN,0.2483653560961176,0.009165001745508208,0.0,0.0,0.0,0.5670486221928511,1.1340972443857023,0.5670557245426153,0.0,0.0,1
1.06,CN,0.24833243646408967,0.009296332153483071,0.0,0.0,0.0,0.5661391237918582,1.1322782475837163,0.5661462147500493,0.0,0.0,1
1.065,CN,0.24829925124335436,0.009428722107727014,0.0,0.0,0.0,0.5652339845129628,1.1304679690259256,0.5652410641341795,0.0,0.0,1
1.07,CN,0.248265800528565,0.009562171230627622,0.0,0.0,0.0,0.5643331696270393,1.1286663392540786,0.5643402379654451,0.0,0.0,1
1.075,CN,0.24823208440698277,0.009696679174062986,0.0,0.0,0.0,0.5634366447905764,1.1268732895811528,0.5634437018999047,0.0,0.0,1
1.08,CN,0.24819810299880635,0.00983224545850945,0.0,0.0,0.0,0.5625443760401765,1.125088752080353,0.5625514219737352,0.0,0.0,1
1.085,CN,0.24816385641757194,0.009968869631022812,0.0,0.0,0.0,0.5616563297871511,1.1233126595743022,0.5616633645978274,0.0,0.0,1
1.09,CN,0.24812934480842708,0.010106551112547853,0.0,0.0,0.0,0.5607724728121998,1.1215449456243995,0.560779496552465,0.0,0.0,1
1.095,CN,0.2480945683105334,0.010245289347909676,0.0,0.0,0.0,0.5598927722601958,1.1197855445203917,0.5598997849821096,0.0,0.0,1
1.1,CN,0.24805952709339296,0.01038508366089243,0.0,0.0,0.0,0.5590171956350505,1.118034391270101,0.5590241973902654,0.0,0.0,1
1.105,CN,0.2480242213211486,0.010525933396660653,0.0,0.0,0.0,0.5581457107946661,1.1162914215893323,0.5581527016344324,0.0,0.0,1
1.11,CN,0.24798865118706498,0.010667837784199365,0.0,0.0,0.0,0.5572782859459834,1.1145565718919668,0.5572852659211528,0.0,0.0,1
1.115,CN,0.24795281687962734,0.010810796071560857,0.0,0.0,0.0,0.5564148896401016,1.112829779280203,0.5564218588011322,0.0,0.0,1
1.12,CN,0.24791671861527403,0.010954807395280465,0.0,0.0,0.0,0.5555554907674893,1.1111109815349787,0.5555624491644493,0.0,0.0,1
1.125,CN,0.2478803566062,0.011099870908822404,0.0,0.0,0.0,0.5547000585532739,1.1094001171065477,0.5547070062358461,0.0,0.0,1
1.1300000000000001,CN,0.2478437310914322,0.011245985658606489,0.0,0.0,0.0,0.5538485625526123,1.1076971251052246,0.5538554995700984,0.0,0.0,1
1.135,CN,0.2478068423062486,0.011393150706008893,0.0,0.0,0.0,0.5530009726461339,1.1060019452922678,0.5530078990474582,0.0,0.0,1
1.1400000000000001,CN,0.2477696905116834,0.011541365009653236,0.0,0.0,0.0,0.5521572590354659,1.1043145180709317,0.5521641748691792,0.0,0.0,1
1.145,CN,0.2477322759654779,0.011690627541299892,0.0,0.0,0.0,0.5513173922388304,1.1026347844776607,0.5513242975531147,0.0,0.0,1
1.1500000000000001,CN,0.24769459895009677,0.011840937174077122,0.0,0.0,0.0,0.5504813430867164,1.1009626861734327,0.5504882379293882,0.0,0.0,1
1.155,CN,0.24765665974513168,0.011992292792574941,0.0,0.0,0.0,0.5496490827176216,1.0992981654352432,0.5496559671361356,0.0,0.0,1
1.16,CN,0.24761845865390586,0.012144693186708038,0.0,0.0,0.0,0.5488205825738647,1.0976411651477294,0.5488274566153184,0.0,0.0,1
1.165,CN,0.2475799959772555,0.012298137156312953,0.0,0.0,0.0,0.5479958143974729,1.0959916287949458,0.5480026781086096,0.0,0.0,1
1.17,CN,0.24754127203879597,0.01245262341035033,0.0,0.0,0.0,0.5471747502261244,1.0943495004522488,0.547181603653337,0.0,0.0,1
1.175,CN,0.24750228716000938,0.012608150666291429,0.0,0.0,0.0,0.5463573623891719,1.0927147247783437,0.5463642055785071,0.0,0.0,1
1.18,CN,0.24746304168424246,0.012764717554380134,0.0,0.0,0.0,0.5455436235037211,1.0910872470074422,0.5455504565008823,0.0,0.0,1
1.185,CN,0.24742353595303246,0.012922322712079175,0.0,0.0,0.0,0.5447335064707739,1.0894670129415478,0.5447403293211254,0.0,0.0,1
1.19,CN,0.24738377032890219,0.013080964693130909,0.0,0.0,0.0,0.543926984471444,1.087853968942888,0.5439337972200139,0.0,0.0,1
1.195,CN,0.24734374517286148,0.013240642057313625,0.0,0.0,0.0,0.5431240309632174,1.0862480619264347,0.5431308336547014,0.0,0.0,1
1.2,CN,0.2473034608660603,0.013401353284058039,0.0,0.0,0.0,0.5423246196762925,1.084649239352585,0.5423314123550574,0.0,0.0,1
1.205,CN,0.2472629177884058,0.013563096857753074,0.0,0.0,0.0,0.541528874525991,1.083057749051982,0.5415356572379556,0.0,0.0,1
1.21,CN,0.2472221163391332,0.013725871185679672,0.0,0.0,0.0,0.5407366670929402,1.0814733341858804,0.5407434398824149,0.0,0.0,1
1.215,CN,0.2471810569164803,0.01388967467909803,0.0,0.0,0.0,0.5399479229471362,1.0798958458942725,0.539954685857499,0.0,0.0,1
1.22,CN,0.2471397399372315,0.014054505675277714,0.0,0.0,0.0,0.5391626168928382,1.0783252337856764,0.5391693699671515,0.0,0.0,1
1.225,CN,0.2470981658173969,0.014220362514577835,0.0,0.0,0.0,0.5383807239892675,1.076761447978535,0.5383874672702815,0.0,0.0,1
1.23,CN,0.24705633499078172,0.014387243466364852,0.0,0.0,0.0,0.5376022195472883,1.0752044390945765,0.5376089530774438,0.0,0.0,1
1.235,CN,0.2470142478906182,0.014555146802291108,0.0,0.0,0.0,0.5368270791261304,1.0736541582522607,0.5368338029475622,0.0,0.0,1
1.24,CN,0.2469719049672109,0.014724070725900441,0.0,0.0,0.0,0.5360552785301661,1.0721105570603322,0.536061992684706,0.0,0.0,1
1.245,CN,0.24692930667047253,0.014894013442299518,0.0,0.0,0.0,0.5352867938057388,1.0705735876114777,0.5352934983349185,0.0,0.0,1
1.25,CN,0.24688645346669272,0.015064973091260918,0.0,0.0,0.0,0.5345216012380408,1.0690432024760816,0.5345282961830947,0.0,0.0,1
1.2550000000000001,CN,0.24684334582193215,0.015236947813470403,0.0,0.0,0.0,0.5337596773480358,1.0675193546960715,0.5337663627499046,0.0,0.0,1
1.26,CN,0.2467999842179585,0.015409935686951868,0.0,0.0,0.0,0.5330009988894403,1.0660019977788806,0.5330076747887734,0.0,0.0,1
1.2650000000000001,CN,0.2467563691364562,0.015583934790061394,0.0,0.0,0.0,0.5322455428457387,1.0644910856914773,0.5322522092828973,0.0,0.0,1
1.27,CN,0.24671250107417203,0.015758943141064876,0.0,0.0,0.0,0.5314932864272542,1.0629865728545085,0.5314999434423139,0.0,0.0,1
1.2750000000000001,CN,0.24666838052789858,0.015934958758045386,0.0,0.0,0.0,0.5307442070682604,1.0614884141365208,0.5307508547010142,0.0,0.0,1
1.28,CN,0.2466240080088703,0.016111979601471385,0.0,0.0,0.0,0.5299982824241415,1.059996564848283,0.5300049207141027,0.0,0.0,1
1.285,CN,0.2465793840284813,0.016290003631174294,0.0,0.0,0.0,0.52925549036859,1.05851098073718,0.5292621193549945,0.0,0.0,1
1.29,CN,0.24653450911197003,0.016469028751754804,0.0,0.0,0.0,0.5285158089908548,1.0570316179817096,0.5285224287126643,0.0,0.0,1
1.295,CN,0.24648938378483437,0.01664905286677828,0.0,0.0,0.0,0.5277792165930232,1.0555584331860464,0.5277858270889274,0.0,0.0,1
1.3,CN,0.24644400858584103,0.016830073826875305,0.0,0.0,0.0,0.5270456916873546,1.0540913833747092,0.5270522929957743,0.0,0.0,1
1.305,CN,0.246398384054103,0.01701208948129502,0.0,0.0,0.0,0.5263152129936447,1.0526304259872894,0.5263218051527341,0.0,0.0,1
1.31,CN,0.2463525107414471,0.01719509762856556,0.0,0.0,0.0,0.5255877594366343,1.0511755188732685,0.5255943424842834,0.0,0.0,1
1.315,CN,0.2463063892001213,0.017379096065534998,0.0,0.0,0.0,0.5248633101434609,1.0497266202869218,0.5248698841172986,0.0,0.0,1
1.32,CN,0.2462600199945529,0.017564082540462822,0.0,0.0,0.0,0.5241418444411418,1.0482836888822835,0.5241484093785379,0.0,0.0,1
1.325,CN,0.24621340368965386,0.017750054799675195,0.0,0.0,0.0,0.5234233418540977,1.0468466837081953,0.5234298977921655,0.0,0.0,1
1.33,CN,0.24616654086200018,0.01793701054296518,0.0,0.0,0.0,0.5227077821017174,1.0454155642034348,0.5227143290773164,0.0,0.0,1
1.335,CN,0.24611943208870524,0.018124947467982228,0.0,0.0,0.0,0.5219951450959528,1.0439902901919056,0.5220016831456906,0.0,0.0,1
1.34,CN,0.24607207795805014,0.018313863227822857,0.0,0.0,0.0,0.5212854109389539,1.0425708218779077,0.5212919400991891,0.0,0.0,1
1.345,CN,0.24602447905889646,0.018503755473267904,0.0,0.0,0.0,0.520578559920738,1.041157119841476,0.5205850802275822,0.0,0.0,1
1.35,CN,0.24597663599079475,0.01869462181245533,0.0,0.0,0.0,0.5198745725168946,1.0397491450337892,0.5198810840062149,0.0,0.0,1
1.355,CN,0.24592854935391018,0.018886459851071128,0.0,0.0,0.0,0.5191734293863197,1.0383468587726394,0.519179932093741,0.0,0.0,1
1.36,CN,0.2458802197586354,0.019079267153999487,0.0,0.0,0.0,0.5184751113689914,1.0369502227379828,0.5184816053298985,0.0,0.0,1
1.365,CN,0.24583164781600308,0.019273041283571206,0.0,0.0,0.0,0.5177795994837697,1.0355591989675395,0.5177860847333098,0.0,0.0,1
1.37,CN,0.24578283414682875,0.01946777976308938,0.0,0.0,0.0,0.5170868749262367,1.0341737498524735,0.5170933514993213,0.0,0.0,1
1.375,CN,0.24573377937258564,0.019663480113232955,0.0,0.0,0.0,0.516396919066563,1.032793838133126,0.5164033869978706,0.0,0.0,1
1.3800000000000001,CN,0.24568448412410077,0.019860139817364817,0.0,0.0,0.0,0.5157097134474051,1.0314194268948103,0.5157161727713825,0.0,0.0,1
1.385,CN,0.24563494903286967,0.020057756356180737,0.0,0.0,0.0,0.515025239781839,1.030050479563678,0.5150316905327044,0.0,0.0,1
1.3900000000000001,CN,0.24558517473932764,0.020256327174712072,0.0,0.0,0.0,0.5143434799513192,1.0286869599026385,0.5143499221630636,0.0,0.0,1
1.395,CN,0.2455351618845827,0.02045584971530644,0.0,0.0,0.0,0.5136644160036665,1.027328832007333,0.5136708497100562,0.0,0.0,1
1.4000000000000001,CN,0.24548491111828324,0.02065632138623999,0.0,0.0,0.0,0.5129880301510876,1.0259760603021753,0.512994455385666,0.0,0.0,1
1.405,CN,0.24543442309074884,0.02085773959311167,0.0,0.0,0.0,0.5123143047682243,1.0246286095364485,0.5123207215643141,0.0,0.0,1
1.41,CN,0.24538369846045396,0.021060101708986763,0.0,0.0,0.0,0.5116432223902272,1.0232864447804544,0.5116496307809324,0.0,0.0,1
1.415,CN,0.24533273788653673,0.02126340510428313,0.0,0.0,0.0,0.5109747657108601,1.0219495314217202,0.5109811657290679,0.0,0.0,1
1.42,CN,0.24528154203591873,0.021467647118366965,0.0,0.0,0.0,0.5103089175806289,1.0206178351612578,0.5103153092590117,0.0,0.0,1
1.425,CN,0.24523011157617255,0.021672825088007424,0.0,0.0,0.0,0.5096456610049405,1.019291322009881,0.5096520443759577,0.0,0.0,1
1.43,CN,0.24517844718229553,0.021878936320353155,0.0,0.0,0.0,0.508984979142285,1.01796995828457,0.5089913542381853,0.0,0.0,1
1.435,CN,0.24512654952991894,0.02208597812002377,0.0,0.0,0.0,0.5083268553024444,1.0166537106048885,0.5083332221552671,0.0,0.0,1
1.44,CN,0.2450744193017525,0.02229394776339993,0.0,0.0,0.0,0.5076712729447316,1.0153425458894632,0.5076776315863093,0.0,0.0,1
1.445,CN,0.24502205718111864,0.02250284252441796,0.0,0.0,0.0,0.5070182156762415,1.014036431352483,0.5070245661382012,0.0,0.0,1
1.45,CN,0.244969463858084,0.02271265965010864,0.0,0.0,0.0,0.5063676672501461,1.0127353345002923,0.5063740095639113,0.0,0.0,1
1.455,CN,0.24491664002330255,0.022923396385159618,0.0,0.0,0.0,0.5057196115639923,1.0114392231279845,0.5057259457607848,0.0,0.0,1
1.46,CN,0.24486358637385022,0.02313504994863867,0.0,0.0,0.0,0.5050740326580428,1.0101480653160857,0.5050803587688848,0.0,0.0,1
1.465,CN,0.24481030360736145,0.02334761755738548,0.0,0.0,0.0,0.5044309147136256,1.0088618294272511,0.5044372327693406,0.0,0.0,1
1.47,CN,0.2447567924275811,0.023561096403862464,0.0,0.0,0.0,0.5037902420515158,1.0075804841030316,0.5037965520827314,0.0,0.0,1
1.475,CN,0.2447030535387807,0.023775483678431287,0.0,0.0,0.0,0.5031519991303353,1.0063039982606705,0.5031583011674843,0.0,0.0,1
1.48,CN,0.2446490876510417,0.023990776548274872,0.0,0.0,0.0,0.5025161705449782,1.0050323410899564,0.5025224646183004,0.0,0.0,1
1.485,CN,0.24459489547493743,0.024206972178614353,0.0,0.0,0.0,0.5018827410250541,1.0037654820501083,0.5018890271645982,0.0,0.0,1
1.49,CN,0.24454047772656085,0.024424067712650346,0.0,0.0,0.0,0.5012516954333552,1.0025033908667105,0.5012579736689801,0.0,0.0,1
1.495,CN,0.24448583512245958,0.024642060291769723,0.0,0.0,0.0,0.5006230187643456,1.0012460375286911,0.5006292891257221,0.0,0.0,1
1.5,CN,0.24443096838442063,0.02486094703645731,0.0,0.0,0.0,0.4999966961426672,0.9999933922853345,0.5000029586592803,0.0,0.0,1
1.5050000000000001,CN,0.24437587823464593,0.02508072506554254,0.0,0.0,0.0,0.49937271282167395,0.9987454256433479,0.4993789675228236,0.0,0.0,1
1.51,CN,0.24432056540030636,0.025301391478031607,0.0,0.0,0.0,0.49875105418197874,0.9975021083639575,0.49875730109678185,0.0,0.0,1
1.5150000000000001,CN,0.24426503060894592,0.025522943371442196,0.0,0.0,0.0,0.4981317057300213,0.9962634114600426,0.4981379448874132,0.0,0.0,1
1.52,CN,0.2442092745928164,0.0257453778245105,0.0,0.0,0.0,0.4975146530966573,0.9950293061933146,0.4975208845253934,0.0,0.0,1
1.5250000000000001,CN,0.24415329808449937,0.02596869191465737,0.0,0.0,0.0,0.4968998820357719,0.9937997640715438,0.4969061057644291,0.0,0.0,1
1.53,CN,0.2440971018210318,0.026192882701528798,0.0,0.0,0.0,0.49628737842290027,0.9925747568458005,0.4962935944798787,0.0,0.0,1
1.5350000000000001,CN,0.2440406865397352,0.026417947243635918,0.0,0.0,0.0,0.4956771282538757,0.9913542565077514,0.4956833366674,0.0,0.0,1
1.54,CN,0.2439840529821432,0.026643882582685775,0.0,0.0,0.0,0.4950691176434955,0.990138235286991,0.49507531844161634,0.0,0.0,1
1.545,CN,0.2439272018900272,0.02687068575943692,0.0,0.0,0.0,0.494463332824199,0.9889266656483982,0.4944695260347948,0.0,0.0,1
1.55,CN,0.24387013400913576,0.02709835379878123,0.0,0.0,0.0,0.4938597601447717,0.9877195202895434,0.4938659457955496,0.0,0.0,1
1.555,CN,0.24381285008540754,0.02732688372485232,0.0,0.0,0.0,0.49325838606905925,0.9865167721381185,0.49326456418755715,0.0,0.0,1
1.56,CN,0.24375535086853106,0.027556272546823895,0.0,0.0,0.0,0.49265919717470513,0.9853183943494103,0.4926653677882926,0.0,0.0,1
1.565,CN,0.24369763710833642,0.027786517273304952,0.0,0.0,0.0,0.4920621801518979,0.9841243603037958,0.49206834328777793,0.0,0.0,1
1.57,CN,0.24363970955818412,0.02801761489882011,0.0,0.0,0.0,0.491467321802142,0.9829346436042841,0.4914734774873522,0.0,0.0,1
1.575,CN,0.24358156897152694,0.028249562417525926,0.0,0.0,0.0,0.49087460903704455,0.9817492180740891,0.49088075729845865,0.0,0.0,1
1.58,CN,0.24352321610513614,0.02848235681034012,0.0,0.0,0.0,0.4902840288771076,0.9805680577542152,0.49029016974143663,0.0,0.0,1
1.585,CN,0.24346465171582504,0.02871599505801254,0.0,0.0,0.0,0.48969556845055706,0.9793911369011141,0.48970170194435103,0.0,0.0,1
1.59,CN,0.243405876563521,0.02895047412886993,0.0,0.0,0.0,0.4891092149921616,0.9782184299843231,0.48911534114181043,0.0,0.0,1
1.595,CN,0.24334689140814258,0.029185790991274024,0.0,0.0,0.0,0.48852495584209066,0.9770499116841813,0.48853107467382595,0.0,0.0,1
1.6,CN,0.24328769701252492,0.029421942601951172,0.0,0.0,0.0,0.48794277844477046,0.9758855568895409,0.4879488899846663,0.0,0.0,1
1.605,CN,0.24322829413944347,0.0296589259178658,0.0,0.0,0.0,0.4873627575334238,0.9747255150668476,0.48736886180849043,0.0,0.0,1
1.61,CN,0.2431686835543992,0.029896737885109083,0.0,0.0,0.0,0.4867848501246804,0.9735697002493608,0.48679094716138976,0.0,0.0,1
1.615,CN,0.24310886602278212,0.0301353754502148,0.0,0.0,0.0,0.48620898639107574,0.9724179727821515,0.486215076215025,0.0,0.0,1
1.62,CN,0.2430488423125236,0.030374835549578268,0.0,0.0,0.0,0.4856351541919755,0.971270308383951,0.48564123682860993,0.0,0.0,1
1.625,CN,0.24298861319139275,0.030615115120242144,0.0,0.0,0.0,0.48506334148543967,0.9701266829708793,0.4850694169600536,0.0,0.0,1
1.6300000000000001,CN,0.2429281794295218,0.030856211089821513,0.0,0.0,0.0,0.4844935363271699,0.9689870726543397,0.4844996046649081,0.0,0.0,1
1.635,CN,0.24286754179682934,0.031098120386783747,0.0,0.0,0.0,0.4839257268694755,0.967851453738951,0.48393178809533444,0.0,0.0,1
1.6400000000000001,CN,0.2428067010654252,0.03134083993085451,0.0,0.0,0.0,0.48335990136025364,0.9667198027205073,0.48336595549908246,0.0,0.0,1
1.645,CN,0.2427456580071542,0.03158436664281669,0.0,0.0,0.0,0.4827960481419751,0.9655920962839502,0.4828020952184769,0.0,0.0,1
1.6500000000000001,CN,0.24268441339588656,0.03182869743537288,0.0,0.0,0.0,0.48223415565069117,0.9644683113013823,0.4822401956894244,0.0,0.0,1
1.655,CN,0.24262296800517597,0.03207382922248862,0.0,0.0,0.0,0.481674212415047,0.963348424830094,0.4816802454404262,0.0,0.0,1
1.6600000000000001,CN,0.24256132261044167,0.03231975891068684,0.0,0.0,0.0,0.48111620705531427,0.9622324141106287,0.48112223309161173,0.0,0.0,1
1.665,CN,0.2424994779867351,0.03256648340795783,0.0,0.0,0.0,0.480560128282429,0.961120256564858,0.48056614735377523,0.0,0.0,1
1.67,CN,0.24243743491081826,0.032813999615467764,0.0,0.0,0.0,0.4800059648970479,0.9600119297940958,0.4800119770274335,0.0,0.0,1
1.675,CN,0.24237519415903527,0.03306230443604986,0.0,0.0,0.0,0.47945370578861146,0.9589074115772229,0.47945971100188767,0.0,0.0,1
1.68,CN,0.24231275650929113,0.033311394766310384,0.0,0.0,0.0,0.47890333993442447,0.9578066798688489,0.4789093382543045,0.0,0.0,1
1.685,CN,0.24225012273902247,0.033561267504724046,0.0,0.0,0.0,0.47835485639874264,0.9567097127974853,0.4783608478488028,0.0,0.0,1
1.69,CN,0.24218729362708277,0.03381191954411317,0.0,0.0,0.0,0.4778082443318743,0.9556164886637486,0.47781422893555486,0.0,0.0,1
1.695,CN,0.2421242699518073,0.03406334777936751,0.0,0.0,0.0,0.4772634929692935,0.954526985938587,0.47726947074990006,0.0,0.0,1
1.7,CN,0.24206105249280907,0.03431554910027929,0.0,0.0,0.0,0.4767205916307629,0.9534411832615258,0.4767265626114673,0.0,0.0,1
1.705,CN,0.24199764202913326,0.03456852039890606,0.0,0.0,0.0,0.476179529719467,0.952359059438934,0.4761854939233081,0.0,0.0,1
1.71,CN,0.24193403934096847,0.03482225856274385,0.0,0.0,0.0,0.4756402967211576,0.9512805934423152,0.4756462541710429,0.0,0.0,1
1.715,CN,0.24187024520788686,0.03507676048174781,0.0,0.0,0.0,0.47510288220331165,0.9502057644066233,0.4751088329220178,0.0,0.0,1
1.72,CN,0.24180626041047415,0.035332023041829655,0.0,0.0,0.0,0.47456727581429503,0.9491345516285901,0.47457321982446904,0.0,0.0,1
1.725,CN,0.24174208572865152,0.03558804313155221,0.0,0.0,0.0,0.4740334672825436,0.9480669345650872,0.4740394046067038,0.0,0.0,1
1.73,CN,0.24167772194322842,0.03584481763593466,0.0,0.0,0.0,0.47350144641574216,0.9470028928314842,0.47350737707627927,0.0,0.0,1
1.735,CN,0.24161316983430248,0.03610234344283589,0.0,0.0,0.0,0.472971203100034,0.945942406200068,0.4729771271192121,0.0,0.0,1
1.74,CN,0.24154843018273847,0.03636061743705428,0.0,0.0,0.0,0.47244272729921577,0.9448854545984315,0.4724486446991732,0.0,0.0,1
1.745,CN,0.24148350376864275,0.03661963650641398,0.0,0.0,0.0,0.4719160090539632,0.9438320181079264,0.4719219198567135,0.0,0.0,1
1.75,CN,0.24141839137277227,0.03687939753614353,0.0,0.0,0.0,0.471391038481053,0.942782076962106,0.471396942708486,0.0,0.0,1
1.7550000000000001,CN,0.2413530937750794,0.037139897414681294,0.0,0.0,0.0,0.4708678057726009,0.9417356115452018,0.47087370344648355,0.0,0.0,1
1.76,CN,0.2412876117560547,0.037401133028318705,0.0,0.0,0.0,0.4703463011953066,0.9406926023906133,0.4703521923372839,0.0,0.0,1
1.7650000000000001,CN,0.2412219460953387,0.03766310126673816,0.0,0.0,0.0,0.46982651508970963,0.9396530301794193,0.4698323997213057,0.0,0.0,1
1.77,CN,0.24115609757300185,0.03792579901790697,0.0,0.0,0.0,0.4693084378694537,0.9386168757389074,0.46931431601207246,0.0,0.0,1
1.7750000000000001,CN,0.24109006696822,0.038189223173361465,0.0,0.0,0.0,0.46879206002055684,0.9375841200411137,0.46879793169548317,0.0,0.0,1
1.78,CN,0.24102385506049423,0.038453370623340345,0.0,0.0,0.0,0.46827737210069653,0.9365547442013931,0.46828323732909694,0.0,0.0,1
1.7850000000000001,CN,0.24095746262838733,0.038718238261825716,0.0,0.0,0.0,0.46776436473849914,0.9355287294769983,0.46777022354142284,0.0,0.0,1
1.79,CN,0.24089089045068623,0.038983822981905315,0.0,0.0,0.0,0.46725302863283824,0.9345060572656765,0.46725888103121793,0.0,0.0,1
1.795,CN,0.24082413930519714,0.03925012168057961,0.0,0.0,0.0,0.4667433545521434,0.9334867091042868,0.4667492005667961,0.0,0.0,1
1.8,CN,0.24075720996985275,0.03951713125434425,0.0,0.0,0.0,0.4662353333337154,0.9324706666674308,0.46624117298534345,0.0,0.0,1
1.805,CN,0.24069010322156334,0.03978484860377391,0.0,0.0,0.0,0.4657289558830532,0.9314579117661064,0.46573478919224487,0.0,0.0,1
1.81,CN,0.2406228198372716,0.040053270629313825,0.0,0.0,0.0,0.46522421317318224,0.9304484263463645,0.46523004016041297,0.0,0.0,1
1.815,CN,0.24055536059285668,0.04032239423565224,0.0,0.0,0.0,0.4647210962439994,0.9294421924879988,0.4647269169296322,0.0,0.0,1
1.82,CN,0.24048772626413983,0.04059221632770827,0.0,0.0,0.0,0.46421959620161835,0.9284391924032367,0.464225410605905,0.0,0.0,1
1.825,CN,0.24041991762583875,0.04086273381480373,0.0,0.0,0.0,0.4637197042177263,0.9274394084354526,0.46372551236080783,0.0,0.0,1
1.83,CN,0.2403519354525258,0.04113394360684009,0.0,0.0,0.0,0.4632214115289493,0.9264428230578986,0.4632272134308571,0.0,0.0,1
1.835,CN,0.2402837805176305,0.04140584261827831,0.0,0.0,0.0,0.4627247094362234,0.9254494188724468,0.4627305051168799,0.0,0.0,1
1.84,CN,0.24021545359435315,0.0416784277644935,0.0,0.0,0.0,0.4622295893041736,0.9244591786083471,0.462235378783393,0.0,0.0,1
1.845,CN,0.24014695545471296,0.04195169596557287,0.0,0.0,0.0,0.46173604256049944,0.9234720851209989,0.4617418258579886,0.0,0.0,1
1.85,CN,0.2400782868704187,0.04222564414284199,0.0,0.0,0.0,0.46124406069536894,0.9224881213907379,0.4612498378307282,0.0,0.0,1
1.855,CN,0.24000944861196086,0.04250026922248688,0.0,0.0,0.0,0.4607536352608224,0.9215072705216448,0.4607594062535462,0.0,0.0,1
1.86,CN,0.2399404414494415,0.042775568132242904,0.0,0.0,0.0,0.4602647578701753,0.9205295157403506,0.4602705227396531,0.0,0.0,1
1.865,CN,0.23987126615170767,0.04305153780485221,0.0,0.0,0.0,0.4597774201974382,0.9195548403948763,0.4597831789629551,0.0,0.0,1
1.87,CN,0.23980192348714313,0.04332817517490546,0.0,0.0,0.0,0.45929161397673474,0.9185832279534695,0.4592973666574724,0.0,0.0,1
1.875,CN,0.2397324142228412,0.04360547718214123,0.0,0.0,0.0,0.4588073310017341,0.9176146620034682,0.4588130776167713,0.0,0.0,1
1.8800000000000001,CN,0.2396627391253594,0.04388344076843559,0.0,0.0,0.0,0.4583245631250841,0.9166491262501681,0.45833030369339767,0.0,0.0,1
1.885,CN,0.23959289895993038,0.04416206288095025,0.0,0.0,0.0,0.45784330225785164,0.9156866045157033,0.45784903679831707,0.0,0.0,1
1.8900000000000001,CN,0.23952289449118103,0.044441340469263464,0.0,0.0,0.0,0.4573635403689743,0.9147270807379486,0.4573692689003664,0.0,0.0,1
1.895,CN,0.2394527264823802,0.044721270488371226,0.0,0.0,0.0,0.45688526948471514,0.9137705389694303,0.45689099202570893,0.0,0.0,1
1.9000000000000001,CN,0.23938239569612363,0.04500184989595492,0.0,0.0,0.0,0.45640848168812126,0.9128169633762425,0.4564141982572926,0.0,0.0,1
1.905,CN,0.2393119028936166,0.04528307565524312,0.0,0.0,0.0,0.4559331691184951,0.9118663382369901,0.45593887973432135,0.0,0.0,1
1.9100000000000001,CN,0.23924124883532671,0.04556494473240713,0.0,0.0,0.0,0.4554593239708632,0.9109186479417264,0.45546502865172406,0.0,0.0,1
1.915,CN,0.23917043428029916,0.04584745409929308,0.0,0.0,0.0,0.45498693849546257,0.9099738769909251,0.45499263725964056,0.0,0.0,1
1.92,CN,0.23909945998677976,0.046130600730936014,0.0,0.0,0.0,0.45451600499722017,0.9090320099944403,0.4545216978629015,0.0,0.0,1
1.925,CN,0.239028326711561,0.04641438160816893,0.0,0.0,0.0,0.4540465158352496,0.9080930316704992,0.45405220282052466,0.0,0.0,1
1.93,CN,0.23895703521057626,0.04669879371525212,0.0,0.0,0.0,0.4535784634223453,0.9071569268446906,0.4535841445452096,0.0,0.0,1
1.935,CN,0.238885586238276,0.046983834042362095,0.0,0.0,0.0,0.45311184022448836,0.9062236804489767,0.453117515502843,0.0,0.0,1
1.94,CN,0.23881398054819397,0.0472694995833322,0.0,0.0,0.0,0.452646638760354,0.9052932775207081,0.4526523082120064,0.0,0.0,1
1.945,CN,0.2387422188923521,0.04755578733802741,0.0,0.0,0.0,0.4521828516008278,0.9043657032016557,0.4521885152434922,0.0,0.0,1
1.95,CN,0.23867030202180065,0.047842694310188734,0.0,0.0,0.0,0.4517204713685236,0.9034409427370472,0.45172612921982197,0.0,0.0,1
1.955,CN,0.23859823068605,0.048130217509700764,0.0,0.0,0.0,0.45125949073731225,0.9025189814746245,0.4512651428147747,0.0,0.0,1
1.96,CN,0.2385260056335858,0.04841835395053586,0.0,0.0,0.0,0.45079990243185064,0.9015998048637013,0.4508055487529163,0.0,0.0,1
1.965,CN,0.23845362761132693,0.04870710065291726,0.0,0.0,0.0,0.45034169922711964,0.9006833984542393,0.450347339809137,0.0,0.0,1
1.97,CN,0.2383810973651168,0.04899645464135836,0.0,0.0,0.0,0.4498848739479632,0.8997697478959265,0.449890508808191,0.0,0.0,1
1.975,CN,0.23830841563920563,0.04928641294672873,0.0,0.0,0.0,0.4494294194686392,0.8988588389372784,0.4494350486242467,0.0,0.0,1
1.98,CN,0.23823558317671933,0.04957697260438304,0.0,0.0,0.0,0.44897532871236806,0.8979506574247361,0.4489809521804362,0.0,0.0,1
1.985,CN,0.23816260071916556,0.04986813065613207,0.0,0.0,0.0,0.44852259465089084,0.8970451893017817,0.44852821244841234,0.0,0.0,1
1.99,CN,0.23808946900688083,0.05015988414845872,0.0,0.0,0.0,0.4480712103040339,0.8961424206080678,0.44807682244791414,0.0,0.0,1
1.995,CN,0.23801618877855873,0.05045223013440013,0.0,0.0,0.0,0.4476211687392706,0.8952423374785412,0.44762677524632805,0.0,0.0,1
2.0,CN,0.2379427607716771,0.05074516567184381,0.0,0.0,0.0,0.44717246307129893,0.8943449261425979,0.4471780639582658,0.0,0.0,1
2.005,CN,0.2378691857220474,0.05103868782532478,0.0,0.0,0.0,0.4467250889479688,0.8934501778959376,0.4467306842315229,0.0,0.0,1
2.0100000000000002,CN,0.23779546436422191,0.05133279366440191,0.0,0.0,0.0,0.4462791446757344,0.8925582893514687,0.44628473437378474,0.0,0.0,1
2.015,CN,0.23772159743106425,0.0516274802653706,0.0,0.0,0.0,0.4458345152509699,0.8916690305019398,0.44584009937998514,0.0,0.0,1
2.02,CN,0.23764758565413746,0.05192274470971477,0.0,0.0,0.0,0.4453911939779469,0.8907823879558938,0.4453967725543118,0.0,0.0,1
2.025,CN,0.23757342976329412,0.05221858408574225,0.0,0.0,0.0,0.44494917420604535,0.8898983484120908,0.4449547472460614,0.0,0.0,1
2.0300000000000002,CN,0.23749913048704677,0.05251499548710682,0.0,0.0,0.0,0.44450844932935185,0.8890168986587037,0.44451401684923764,0.0,0.0,1
2.035,CN,0.23742468855217652,0.05281197601436955,0.0,0.0,0.0,0.4440690127862633,0.8881380255725266,0.44407457480215545,0.0,0.0,1
2.04,CN,0.23735010468408652,0.053109522773588956,0.0,0.0,0.0,0.4436308580590992,0.8872617161181984,0.4436364145870525,0.0,0.0,1
2.045,CN,0.2372753796064287,0.05340763287780978,0.0,0.0,0.0,0.443193978673713,0.886387957347426,0.4431995297297014,0.0,0.0,1
2.05,CN,0.23720051404144055,0.0537063034457196,0.0,0.0,0.0,0.44275836819910735,0.8855167363982147,0.44276391379902397,0.0,0.0,1
2.055,CN,0.23712550870958887,0.054005531603070055,0.0,0.0,0.0,0.44232402024706174,0.8846480404941235,0.4423295604067199,0.0,0.0,1
2.06,CN,0.23705036432989185,0.05430531448139194,0.0,0.0,0.0,0.4418909284717517,0.8837818569435034,0.44189646320688514,0.0,0.0,1
2.065,CN,0.23697508161957853,0.05460564921935364,0.0,0.0,0.0,0.44145908656938415,0.8829181731387683,0.44146461589564767,0.0,0.0,1
2.07,CN,0.23689966129439577,0.05490653296153664,0.0,0.0,0.0,0.44102848827782914,0.8820569765556583,0.44103401221079913,0.0,0.0,1
2.075,CN,0.23682410406828402,0.05520796285972893,0.0,0.0,0.0,0.44059912737625634,0.8811982547525127,0.4406046459314312,0.0,0.0,1
2.08,CN,0.23674841065367003,0.055509936071757394,0.0,0.0,0.0,0.44017099768478085,0.8803419953695617,0.4401765108775817,0.0,0.0,1
2.085,CN,0.23667258176115694,0.055812449762723905,0.0,0.0,0.0,0.43974409306410833,0.8794881861282167,0.4397496009098793,0.0,0.0,1
2.09,CN,0.2365966180998041,0.05611550110388931,0.0,0.0,0.0,0.4393184074151797,0.8786368148303594,0.4393239099291885,0.0,0.0,1
2.095,CN,0.2365205203768314,0.05641908727385266,0.0,0.0,0.0,0.4388939346788323,0.8777878693576646,0.4388994318762709,0.0,0.0,1
2.1,CN,0.236444289297886,0.0567232054574877,0.0,0.0,0.0,0.43847066883545144,0.8769413376709029,0.43847616073143625,0.0,0.0,1
2.105,CN,0.23636792556676023,0.05702785284706736,0.0,0.0,0.0,0.4380486039046342,0.8760972078092684,0.43805409051420674,0.0,0.0,1
2.11,CN,0.23629142988564628,0.05733302664124857,0.0,0.0,0.0,0.4376277339448525,0.875255467889705,0.43763321528298,0.0,0.0,1
2.115,CN,0.2362148029548669,0.05763872404614605,0.0,0.0,0.0,0.43720805305312294,0.8744161061062459,0.4372135291346986,0.0,0.0,1
2.12,CN,0.2361380454731189,0.05794494227436133,0.0,0.0,0.0,0.43678955536467584,0.8735791107293517,0.43679502620451943,0.0,0.0,1
2.125,CN,0.23606115813721545,0.05825167854601025,0.0,0.0,0.0,0.4363722350526362,0.8727444701052725,0.4363777006654945,0.0,0.0,1
2.13,CN,0.23598414164231887,0.058558930087794885,0.0,0.0,0.0,0.43595608632769334,0.8719121726553867,0.43596154672824056,0.0,0.0,1
2.1350000000000002,CN,0.23590699668169515,0.05886669413398241,0.0,0.0,0.0,0.4355411034377951,0.8710822068755902,0.4355465586406335,0.0,0.0,1
2.14,CN,0.23582972394693552,0.05917496792552139,0.0,0.0,0.0,0.4351272806678214,0.8702545613356428,0.4351327306874816,0.0,0.0,1
2.145,CN,0.23575232412772237,0.05948374871097553,0.0,0.0,0.0,0.4347146123392809,0.8694292246785618,0.4347200571902224,0.0,0.0,1
2.15,CN,0.23567479791204113,0.05979303374567851,0.0,0.0,0.0,0.4343030928099993,0.8686061856199985,0.4343085325066109,0.0,0.0,1
2.1550000000000002,CN,0.23559714598595666,0.060102820292625855,0.0,0.0,0.0,0.43389271647382094,0.8677854329476419,0.4338981510304214,0.0,0.0,1
2.16,CN,0.2355193690338152,0.060413105621669454,0.0,0.0,0.0,0.43348347776029655,0.8669669555205931,0.43348890719113464,0.0,0.0,1
2.165,CN,0.23544146773803193,0.06072388701036512,0.0,0.0,0.0,0.4330753711343986,0.8661507422687972,0.43308079545365386,0.0,0.0,1
2.17,CN,0.23536344277928303,0.061035161743206084,0.0,0.0,0.0,0.43266839109621386,0.8653367821924277,0.43267381031799695,0.0,0.0,1
2.1750000000000003,CN,0.23528529483630306,0.061346927112431685,0.0,0.0,0.0,0.4322625321806612,0.8645250643613224,0.4322679463190143,0.0,0.0,1
2.18,CN,0.23520702458606887,0.061659180417293395,0.0,0.0,0.0,0.4318577889571958,0.8637155779143916,0.4318631980260931,0.0,0.0,1
2.185,CN,0.23512863270360557,0.06197191896482914,0.0,0.0,0.0,0.4314541560295293,0.8629083120590586,0.43145956004287733,0.0,0.0,1
2.19,CN,0.2350501198621628,0.062285140069159826,0.0,0.0,0.0,0.43105162803534103,0.8621032560706821,0.4310570270069793,0.0,0.0,1
2.195,CN,0.23497148673302934,0.06259884105222904,0.0,0.0,0.0,0.4306501996460047,0.8613003992920094,0.4306555935897058,0.0,0.0,1
2.2,CN,0.23489273398570126,0.0629130192431324,0.0,0.0,0.0,0.4302498655663051,0.8604997311326102,0.43025525449577545,0.0,0.0,1
2.205,CN,0.23481386228770573,0.06322767197882026,0.0,0.0,0.0,0.4298506205341684,0.8597012410683368,0.4298560044630484,0.0,0.0,1
2.21,CN,0.23473487230476092,0.06354279660345975,0.0,0.0,0.0,0.4294524593203908,0.8589049186407816,0.42945783826225536,0.0,0.0,1
2.215,CN,0.23465576470060814,0.06385839046910462,0.0,0.0,0.0,0.42905537672836713,0.8581107534567343,0.4290607506967262,0.0,0.0,1
2.22,CN,0.234576540137165,0.06417445093508409,0.0,0.0,0.0,0.42865936759382767,0.8573187351876553,0.4286647366021264,0.0,0.0,1
2.225,CN,0.23449719927436458,0.06449097536864457,0.0,0.0,0.0,0.4282644267845765,0.856528853569153,0.42826979084619576,0.0,0.0,1
2.23,CN,0.23441774277030233,0.06480796114436344,0.0,0.0,0.0,0.42787054920022644,0.8557410984004529,0.42787590832848327,0.0,0.0,1
2.235,CN,0.23433817128108247,0.06512540564476209,0.0,0.0,0.0,0.42747772977194975,0.8549554595438995,0.4274830839800977,0.0,0.0,1
2.24,CN,0.23425848546095848,0.06544330625974523,0.0,0.0,0.0,0.42708596346221434,0.8541719269244288,0.42709131276344386,0.0,0.0,1
2.245,CN,0.23417868596218622,0.06576166038718693,0.0,0.0,0.0,0.42669524526453634,0.8533904905290726,0.42670058967197505,0.0,0.0,1
2.25,CN,0.23409877343515856,0.06608046543239349,0.0,0.0,0.0,0.4263055702032312,0.8526111404064624,0.42631090972994456,0.0,0.0,1
2.255,CN,0.2340187485282652,0.06639971880866269,0.0,0.0,0.0,0.425916933333165,0.85183386666633,0.42592226799215654,0.0,0.0,1
2.2600000000000002,CN,0.23393861188802134,0.06671941793677065,0.0,0.0,0.0,0.4255293297395098,0.8510586594790197,0.42553465954372144,0.0,0.0,1
2.265,CN,0.23385836415893396,0.06703956024550492,0.0,0.0,0.0,0.42514275453750283,0.8502855090750057,0.42514807949981515,0.0,0.0,1
2.27,CN,0.23377800598362483,0.06736014317117407,0.0,0.0,0.0,0.4247572028722051,0.8495144057444102,0.4247625230054381,0.0,0.0,1
2.275,CN,0.2336975380027031,0.06768116415811588,0.0,0.0,0.0,0.42437266991826533,0.8487453398365307,0.42437798523517845,0.0,0.0,1
2.2800000000000002,CN,0.2336169608548826,0.0680026206582293,0.0,0.0,0.0,0.42398915087968636,0.8479783017593727,0.4239944613929791,0.0,0.0,1
2.285,CN,0.23353627517686065,0.06832451013145799,0.0,0.0,0.0,0.4236066409895901,0.8472132819791802,0.42361194671190205,0.0,0.0,1
2.29,CN,0.2334554816034301,0.06864683004534344,0.0,0.0,0.0,0.4232251355099881,0.8464502710199762,0.4232304364538996,0.0,0.0,1
2.295,CN,0.23337458076736373,0.06896957787548604,0.0,0.0,0.0,0.42284462973155856,0.8456892594631171,0.42284992590959114,0.0,0.0,1
2.3000000000000003,CN,0.2332935732995215,0.06929275110511714,0.0,0.0,0.0,0.4224651189734116,0.8449302379468232,0.4224704103980279,0.0,0.0,1
2.305,CN,0.23321245982874036,0.06961634722553875,0.0,0.0,0.0,0.42208659858287656,0.8441731971657531,0.42209188526648106,0.0,0.0,1
2.31,CN,0.23313124098193672,0.06994036373571491,0.0,0.0,0.0,0.4217090639352712,0.8434181278705424,0.42171434589021045,0.0,0.0,1
2.315,CN,0.23304991738400122,0.0702647981426911,0.0,0.0,0.0,0.4213325104336918,0.8426650208673836,0.42133778767225477,0.0,0.0,1
2.32,CN,0.23296848965789724,0.07058964796120153,0.0,0.0,0.0,0.420956933508789,0.841913867017578,0.4209622060432074,0.0,0.0,1
2.325,CN,0.23288695842456025,0.07091491071407062,0.0,0.0,0.0,0.4205823286185615,0.841164657237123,0.4205875964610102,0.0,0.0,1
2.33,CN,0.2328053243029921,0.07124058393183684,0.0,0.0,0.0,0.4202086912481337,0.8404173824962675,0.42021395441073106,0.0,0.0,1
2.335,CN,0.23272358791016517,0.07156666515313513,0.0,0.0,0.0,0.41983601690955547,0.8396720338191109,0.41984127540436345,0.0,0.0,1
2.34,CN,0.2326417498611123,0.07189315192433793,0.0,0.0,0.0,0.41946430114158645,0.8389286022831728,0.4194695549806113,0.0,0.0,1
2.345,CN,0.23255981076883597,0.07222004179991773,0.0,0.0,0.0,0.41909353950949574,0.8381870790189915,0.4190987887046882,0.0,0.0,1
2.35,CN,0.2324777712443941,0.07254733234210475,0.0,0.0,0.0,0.4187237276048543,0.8374474552097086,0.4187289721681098,0.0,0.0,1
2.355,CN,0.23239563189681325,0.07287502112123297,0.0,0.0,0.0,0.4183548610453342,0.8367097220906684,0.4183601009884932,0.0,0.0,1
2.36,CN,0.23231339333317108,0.07320310571541168,0.0,0.0,0.0,0.41798693547450977,0.8359738709490195,0.4179921708093583,0.0,0.0,1
2.365,CN,0.2322310561585137,0.07353158371085465,0.0,0.0,0.0,0.4176199465616554,0.8352398931233108,0.41762517729992527,0.0,0.0,1
2.37,CN,0.23214862097593417,0.0738604527015672,0.0,0.0,0.0,0.4172538900015554,0.8345077800031108,0.4172591161549244,0.0,0.0,1
2.375,CN,0.23206608838649423,0.07418971028965857,0.0,0.0,0.0,0.41688876151430493,0.8337775230286099,0.41689398309439724,0.0,0.0,1
2.38,CN,0.23198345898929942,0.07451935408504201,0.0,0.0,0.0,0.4165245568451205,0.833049113690241,0.41652977386350715,0.0,0.0,1
2.3850000000000002,CN,0.2319007333814243,0.07484938170573328,0.0,0.0,0.0,0.41616127176414897,0.8323225435282979,0.4161664842323478,0.0,0.0,1
2.39,CN,0.23181791215798425,0.07517979077756415,0.0,0.0,0.0,0.4157989020662771,0.8315978041325542,0.41580410999575346,0.0,0.0,1
2.395,CN,0.23173499591206492,0.07551057893446375,0.0,0.0,0.0,0.41543744357094803,0.8308748871418961,0.4154426469731148,0.0,0.0,1
2.4,CN,0.23165198523479044,0.07584174381818663,0.0,0.0,0.0,0.41507689212197313,0.8301537842439463,0.41508209100819116,0.0,0.0,1
2.4050000000000002,CN,0.2315688807152562,0.07617328307858087,0.0,0.0,0.0,0.4147172435873529,0.8294344871747057,0.41472243796893127,0.0,0.0,1
2.41,CN,0.2314856829405948,0.07650519437332483,0.0,0.0,0.0,0.41435849385909074,0.8287169877181815,0.4143636837472872,0.0,0.0,1
2.415,CN,0.2314023924959112,0.07683747536818601,0.0,0.0,0.0,0.41400063885301713,0.8280012777060343,0.41400582425903815,0.0,0.0,1
2.42,CN,0.23131900996434676,0.07717012373676584,0.0,0.0,0.0,0.41364375804757236,0.8272875160951447,0.4136489389836199,0.0,0.0,1
2.4250000000000003,CN,0.231235535927017,0.07750313716074719,0.0,0.0,0.0,0.4132877655391697,0.8265755310783394,0.41329294201636974,0.0,0.0,1
2.43,CN,0.23115197096307297,0.07783651332965053,0.0,0.0,0.0,0.41293265517663197,0.8258653103532639,0.41293782720603356,0.0,0.0,1
2.435,CN,0.2310683156496423,0.07817024994106812,0.0,0.0,0.0,0.41257842297218583,0.8251568459443717,0.412583590564788,0.0,0.0,1
2.44,CN,0.23098457056188793,0.07850434470043072,0.0,0.0,0.0,0.41222506496098493,0.8244501299219699,0.412230228127737,0.0,0.0,1
2.445,CN,0.23090073627295188,0.07883879532123093,0.0,0.0,0.0,0.41187257720094794,0.8237451544018959,0.4118777359527499,0.0,0.0,1
2.45,CN,0.23081681335401177,0.07917359952479848,0.0,0.0,0.0,0.411520955772584,0.8230419115451679,0.4115261101202868,0.0,0.0,1
2.455,CN,0.2307328023742271,0.07950875504051413,0.0,0.0,0.0,0.411170196778833,0.822340393557666,0.4111753467332387,0.0,0.0,1
2.46,CN,0.23064870390079356,0.0798442596055932,0.0,0.0,0.0,0.4108202963448967,0.8216405926897934,0.4108254419167589,0.0,0.0,1
2.465,CN,0.23056451849889206,0.08018011096528865,0.0,0.0,0.0,0.41047125061807477,0.8209425012361495,0.41047639181809875,0.0,0.0,1
2.47,CN,0.23048024673174078,0.08051630687268377,0.0,0.0,0.0,0.4101230557676095,0.820246111535219,0.4101281926064526,0.0,0.0,1
2.475,CN,0.23039588916054668,0.08085284508888535,0.0,0.0,0.0,0.40977570798451957,0.8195514159690391,0.4097808404727914,0.0,0.0,1
2.48,CN,0.2303114463445552,0.08118972338282562,0.0,0.0,0.0,0.40942920348144374,0.8188584069628875,0.4094343316297065,0.0,0.0,1
2.485,CN,0.2302269188410045,0.08152693953144462,0.0,0.0,0.0,0.4090835384924857,0.8181670769849714,0.40908866231125435,0.0,0.0,1
2.49,CN,0.23014230720517315,0.08186449131950001,0.0,0.0,0.0,0.4087387092730547,0.8174774185461093,0.40874382877279736,0.0,0.0,1
2.495,CN,0.23005761199033642,0.08220237653974158,0.0,0.0,0.0,0.4083947120997162,0.8167894241994322,0.40839982729085433,0.0,0.0,1
2.5,CN,0.2299728337478122,0.08254059299272791,0.0,0.0,0.0,0.40805154327003446,0.8161030865400689,0.40805665416294323,0.0,0.0,1
2.505,CN,0.22988797302691963,0.08287913848699126,0.0,0.0,0.0,0.40770919910242615,0.8154183982048522,0.4077143057074345,0.0,0.0,1
2.5100000000000002,CN,0.22980303037502275,0.08321801083886388,0.0,0.0,0.0,0.40736767593600504,0.8147353518720101,0.4073727782633962,0.0,0.0,1
2.515,CN,0.22971800633749162,0.08355720787263274,0.0,0.0,0.0,0.4070269701304386,0.8140539402608772,0.40703206819044996,0.0,0.0,1
2.52,CN,0.22963290145774434,0.08389672742037195,0.0,0.0,0.0,0.4066870780658,0.8133741561316,0.4066921718686239,0.0,0.0,1
2.525,CN,0.2295477162772095,0.08423656732209277,0.0,0.0,0.0,0.40634799614241796,0.8126959922848358,0.40635308569820133,0.0,0.0,1
2.5300000000000002,CN,0.2294624513353672,0.08457672542557959,0.0,0.0,0.0,0.4060097207807416,0.8120194415614832,0.4060148060995869,0.0,0.0,1
2.535,CN,0.22937710716971332,0.08491719958653283,0.0,0.0,0.0,0.40567224842118454,0.8113444968423691,0.4056773295131494,0.0,0.0,1
2.54,CN,0.2292916843157986,0.08525798766841301,0.0,0.0,0.0,0.4053355755239966,0.8106711510479933,0.4053406523990944,0.0,0.0,1
2.545,CN,0.2292061833071951,0.08559908754257427,0.0,0.0,0.0,0.40499969856911444,0.8099993971382289,0.4050047712373144,0.0,0.0,1
2.5500000000000003,CN,0.22912060467553352,0.08594049708811578,0.0,0.0,0.0,0.40466461405602616,0.8093292281120523,0.4046696825272537,0.0,0.0,1
2.555,CN,0.22903494895047144,0.08628221419200821,0.0,0.0,0.0,0.4043303185036313,0.8086606370072627,0.4043353827877683,0.0,0.0,1
2.56,CN,0.22894921665972934,0.0866242367489502,0.0,0.0,0.0,0.403996808450107,0.807993616900214,0.4040018685569919,0.0,0.0,1
2.565,CN,0.2288634083290605,0.08696656266148844,0.0,0.0,0.0,0.40366408045277075,0.8073281609055415,0.40366913639219887,0.0,0.0,1
2.57,CN,0.22877752448228553,0.08730918983987973,0.0,0.0,0.0,0.4033321310879471,0.8066642621758942,0.4033371828696709,0.0,0.0,1
2.575,CN,0.22869156564126386,0.08765211620220499,0.0,0.0,0.0,0.40300095695083377,0.8060019139016675,0.4030060045845631,0.0,0.0,1
2.58,CN,0.22860553232592704,0.08799533967423627,0.0,0.0,0.0,0.4026705546553709,0.8053411093107418,0.40267559815077314,0.0,0.0,1
2.585,CN,0.22851942505425163,0.08833885818954475,0.0,0.0,0.0,0.4023409208341098,0.8046818416682198,0.4023459602008103,0.0,0.0,1
2.59,CN,0.2284332443422913,0.08868266968937305,0.0,0.0,0.0,0.40201205213808505,0.8040241042761701,0.40201708738566694,0.0,0.0,1
2.595,CN,0.22834699070415132,0.0890267721227365,0.0,0.0,0.0,0.40168394523668394,0.8033678904733679,0.4016889763746888,0.0,0.0,1
2.6,CN,0.22826066465201933,0.08937116344630104,0.0,0.0,0.0,0.4013565968175231,0.8027131936350462,0.40136162385545104,0.0,0.0,1
2.605,CN,0.22817426669614127,0.0897158416244786,0.0,0.0,0.0,0.40103000358631846,0.8020600071726369,0.4010350265336283,0.0,0.0,1
2.61,CN,0.2280877973448508,0.0900608046293101,0.0,0.0,0.0,0.40070416226676264,0.8014083245335253,0.4007091811328722,0.0,0.0,1
2.615,CN,0.22800125710454677,0.09040605044055519,0.0,0.0,0.0,0.40037906960040187,0.8007581392008036,0.400384084394688,0.0,0.0,1
2.62,CN,0.22791464647972168,0.09075157704557889,0.0,0.0,0.0,0.40005472234651174,0.8001094446930235,0.40005973307831094,0.0,0.0,1
2.625,CN,0.22782796597294008,0.09109738243943745,0.0,0.0,0.0,0.3997311172819782,0.7994622345639564,0.39973612396058644,0.0,0.0,1
2.63,CN,0.22774121608486625,0.09144346462476828,0.0,0.0,0.0,0.3994082512011723,0.7988165024023446,0.3994132538358454,0.0,0.0,1
2.6350000000000002,CN,0.22765439731424375,0.09178982161187123,0.0,0.0,0.0,0.39908612091583817,0.7981722418316763,0.3990911195157921,0.0,0.0,1
2.64,CN,0.22756751015792182,0.09213645141860348,0.0,0.0,0.0,0.3987647232549688,0.7975294465099376,0.39876971782937976,0.0,0.0,1
2.645,CN,0.22748055511083665,0.09248335207045408,0.0,0.0,0.0,0.39844405506469055,0.7968881101293811,0.39844904562269523,0.0,0.0,1
2.65,CN,0.22739353266603643,0.09283052160044424,0.0,0.0,0.0,0.3981241132081488,0.7962482264162976,0.3981290997588446,0.0,0.0,1
2.6550000000000002,CN,0.22730644331466376,0.09317795804919728,0.0,0.0,0.0,0.3978048945653891,0.7956097891307782,0.3978098771178344,0.0,0.0,1
2.66,CN,0.22721928754597992,0.093525659464842,0.0,0.0,0.0,0.39748639603324726,0.7949727920664944,0.39749137459646144,0.0,0.0,1
2.665,CN,0.2271320658473482,0.09387362390307892,0.0,0.0,0.0,0.3971686145252316,0.7943372290504632,0.3971735891081956,0.0,0.0,1
2.67,CN,0.22704477870425765,0.094221849427086,0.0,0.0,0.0,0.3968515469714159,0.7937030939428318,0.396856517583072,0.0,0.0,1
2.6750000000000003,CN,0.22695742660030682,0.09457033410758288,0.0,0.0,0.0,0.39653519031832385,0.7930703806366477,0.39654015696757616,0.0,0.0,1
2.68,CN,0.22687001001722712,0.09491907602273819,0.0,0.0,0.0,0.3962195415288207,0.7924390830576414,0.3962245042245353,0.0,0.0,1
2.685,CN,0.22678252943486754,0.09526807325823028,0.0,0.0,0.0,0.39590459758200397,0.7918091951640079,0.3959095563330091,0.0,0.0,1
2.69,CN,0.226694985331217,0.09561732390715812,0.0,0.0,0.0,0.3955903554730946,0.7911807109461892,0.3955953102881809,0.0,0.0,1
2.695,CN,0.2266073781823901,0.09596682607009827,0.0,0.0,0.0,0.39527681221333033,0.7905536244266607,0.3952817631012509,0.0,0.0,1
2.7,CN,0.22651970846264888,0.0963165778550177,0.0,0.0,0.0,0.3949639648298585,0.789927929659717,0.39496891179932936,0.0,0.0,1
2.705,CN,0.22643197664438902,0.0966665773773292,0.0,0.0,0.0,0.3946518103656307,0.7893036207312614,0.39465675342533063,0.0,0.0,1
2.71,CN,0.2263441831981613,0.09701682275980573,0.0,0.0,0.0,0.3943403458792984,0.7886806917585968,0.39434528503786953,0.0,0.0,1
2.715,CN,0.22625632859265865,0.09736731213263185,0.0,0.0,0.0,0.3940295684451093,0.7880591368902186,0.394034503711157,0.0,0.0,1
2.72,CN,0.22616841329473641,0.09771804363332315,0.0,0.0,0.0,0.39371947515280215,0.7874389503056043,0.39372440653489543,0.0,0.0,1
2.725,CN,0.22608043776940084,0.098069015406772,0.0,0.0,0.0,0.39341006310751137,0.7868201262150227,0.3934149906141829,0.0,0.0,1
2.73,CN,0.22599240247982844,0.09842022560517041,0.0,0.0,0.0,0.3931013294296557,0.7862026588593114,0.3931062530694021,0.0,0.0,1
2.735,CN,0.225904307887355,0.09877167238805375,0.0,0.0,0.0,0.3927932712548474,0.7855865425096948,0.39279819103612945,0.0,0.0,1
2.74,CN,0.22581615445149447,0.09912335392222546,0.0,0.0,0.0,0.3924858857337875,0.784971771467575,0.39249080166503025,0.0,0.0,1
2.745,CN,0.22572794262992896,0.09947526838179714,0.0,0.0,0.0,0.39217917003216834,0.7843583400643366,0.39218408212176126,0.0,0.0,1
2.75,CN,0.22563967287852704,0.09982741394811515,0.0,0.0,0.0,0.3918731213305778,0.7837462426611556,0.3918780295868753,0.0,0.0,1
2.755,CN,0.22555134565133383,0.10017978880980051,0.0,0.0,0.0,0.3915677368243992,0.7831354736487984,0.39157264125572033,0.0,0.0,1
2.7600000000000002,CN,0.2254629614005893,0.10053239116267573,0.0,0.0,0.0,0.3912630137237188,0.7825260274474375,0.3912679143383477,0.0,0.0,1
2.765,CN,0.22537452057671883,0.10088521920980244,0.0,0.0,0.0,0.3909589492532257,0.7819178985064514,0.3909638460594119,0.0,0.0,1
2.77,CN,0.22528602362835112,0.10123827116141003,0.0,0.0,0.0,0.3906555406521239,0.7813110813042478,0.3906604336580822,0.0,0.0,1
2.775,CN,0.22519747100230914,0.10159154523493173,0.0,0.0,0.0,0.3903527851740313,0.7807055703480626,0.3903576743879421,0.0,0.0,1
2.7800000000000002,CN,0.2251088631436276,0.10194503965493479,0.0,0.0,0.0,0.390050680086892,0.780101360173784,0.3900555655169015,0.0,0.0,1
2.785,CN,0.22502020049554475,0.1022987526531535,0.0,0.0,0.0,0.3897492226728829,0.7794984453457658,0.3897541043271034,0.0,0.0,1
2.79,CN,0.22493148349951897,0.1026526824684226,0.0,0.0,0.0,0.3894484102283217,0.7788968204566434,0.38945328811483143,0.0,0.0,1
2.795,CN,0.2248427125952215,0.1030068273467066,0.0,0.0,0.0,0.3891482400635765,0.778296480127153,0.3891531141904201,0.0,0.0,1
2.8000000000000003,CN,0.22475388822055226,0.10336118554103668,0.0,0.0,0.0,0.38884870950297495,0.7776974190059499,0.3888535798781635,0.0,0.0,1
2.805,CN,0.22466501081163323,0.10371575531153666,0.0,0.0,0.0,0.38854981588471804,0.7770996317694361,0.3885546825162294,0.0,0.0,1
2.81,CN,0.22457608080282404,0.1040705349253614,0.0,0.0,0.0,0.38825155656078925,0.7765031131215785,0.38825641945656797,0.0,0.0,1
2.815,CN,0.2244870986267155,0.10442552265672221,0.0,0.0,0.0,0.38795392889686614,0.7759078577937323,0.3879587880648238,0.0,0.0,1
2.82,CN,0.224398064714145,0.10478071678682564,0.0,0.0,0.0,0.38765693027223586,0.7753138605444717,0.38766178572025134,0.0,0.0,1
2.825,CN,0.22430897949419065,0.1051361156038966,0.0,0.0,0.0,0.3873605580797083,0.7747211161594166,0.38736540981562767,0.0,0.0,1
2.83,CN,0.22421984339418585,0.10549171740312052,0.0,0.0,0.0,0.3870648097255291,0.7741296194510582,0.387069657757166,0.0,0.0,1
2.835,CN,0.2241306568397144,0.10584752048666271,0.0,0.0,0.0,0.3867696826292956,0.7735393652585911,0.3867745269644314,0.0,0.0,1
2.84,CN,0.2240414202546243,0.10620352316361314,0.0,0.0,0.0,0.3864751742238749,0.7729503484477498,0.3864800148702588,0.0,0.0,1
2.845,CN,0.22395213406102354,0.10655972375000383,0.0,0.0,0.0,0.38618130869181,0.77236261738362,0.386186145657494,0.0,0.0,1
2.85,CN,0.22386279867929343,0.10691612056875487,0.0,0.0,0.0,0.3858880963522972,0.7717761927045944,0.3858929296454627,0.0,0.0,1
2.855,CN,0.22377341452808458,0.10727271194969096,0.0,0.0,0.0,0.38559549474578275,0.7711909894915655,0.38560032437407915,0.0,0.0,1
2.86,CN,0.22368398202433049,0.10762949622948717,0.0,0.0,0.0,0.38530350135917657,0.7706070027183531,0.3853083273302219,0.0,0.0,1
2.865,CN,0.22359450158324368,0.10798647175168417,0.0,0.0,0.0,0.3850121136922365,0.770024227384473,0.38501693601361753,0.0,0.0,1
2.87,CN,0.22350497361832825,0.10834363686663838,0.0,0.0,0.0,0.38472132925748337,0.7694426585149667,0.38472614793675564,0.0,0.0,1
2.875,CN,0.22341539854137749,0.10870098993153123,0.0,0.0,0.0,0.3844311455801276,0.7688622911602552,0.3844359606248156,0.0,0.0,1
2.88,CN,0.22332577676248566,0.10905852931032237,0.0,0.0,0.0,0.38414156019798157,0.7682831203959631,0.38414637161557913,0.0,0.0,1
2.8850000000000002,CN,0.2232361086900456,0.1094162533737592,0.0,0.0,0.0,0.38385257066139095,0.7677051413227819,0.383857378459361,0.0,0.0,1
2.89,CN,0.22314639473076073,0.10977416049932875,0.0,0.0,0.0,0.3835641745331511,0.7671283490663022,0.38356897871892626,0.0,0.0,1
2.895,CN,0.2230566352896427,0.11013224907126745,0.0,0.0,0.0,0.38327636938843307,0.7665527387768661,0.38328116996941536,0.0,0.0,1
2.9,CN,0.22296683077002327,0.11049051748051342,0.0,0.0,0.0,0.3829891528147047,0.7659783056294094,0.38299394979826606,0.0,0.0,1
2.9050000000000002,CN,0.22287698157355237,0.11084896412471429,0.0,0.0,0.0,0.3827025224116564,0.7654050448233128,0.3827073158051388,0.0,0.0,1
2.91,CN,0.22278708810020936,0.11120758740818239,0.0,0.0,0.0,0.3824164757911288,0.7648329515822576,0.3824212656018441,0.0,0.0,1
2.915,CN,0.22269715074830165,0.11156638574190009,0.0,0.0,0.0,0.38213101057703247,0.7642620211540649,0.3821357968122628,0.0,0.0,1
2.92,CN,0.22260716991447582,0.11192535754347555,0.0,0.0,0.0,0.3818461244052805,0.763692248810561,0.3818509070722785,0.0,0.0,1
2.9250000000000003,CN,0.22251714599371603,0.11228450123714906,0.0,0.0,0.0,0.38156181492370844,0.7631236298474169,0.3815665940296972,0.0,0.0,1
2.93,CN,0.22242707937935552,0.11264381525374702,0.0,0.0,0.0,0.38127807979200734,0.7625561595840147,0.38128285534418066,0.0,0.0,1
2.935,CN,0.22233697046307505,0.11300329803068844,0.0,0.0,0.0,0.3809949166816487,0.7619898333632974,0.3809996886871712,0.0,0.0,1
2.94,CN,0.22224681963491394,0.11336294801194059,0.0,0.0,0.0,0.38071232327581334,0.7614246465516267,0.38071709174182067,0.0,0.0,1
2.945,CN,0.22215662728326907,0.11372276364802321,0.0,0.0,0.0,0.3804302972693208,0.7608605945386417,0.3804350622029198,0.0,0.0,1
2.95,CN,0.2220663937949055,0.11408274339596604,0.0,0.0,0.0,0.38014883636855723,0.7602976727371145,0.38015359777682567,0.0,0.0,1
2.955,CN,0.22197611955495586,0.11444288571931131,0.0,0.0,0.0,0.3798679382914089,0.7597358765828178,0.3798726961813964,0.0,0.0,1
2.96,CN,0.22188580494693072,0.11480318908807226,0.0,0.0,0.0,0.37958760076718834,0.7591752015343767,0.37959235514591577,0.0,0.0,1
2.965,CN,0.22179545035271825,0.11516365197873465,0.0,0.0,0.0,0.37930782153657083,0.7586156430731417,0.379312572411031,0.0,0.0,1
2.97,CN,0.22170505615259403,0.11552427287421747,0.0,0.0,0.0,0.3790285983515195,0.758057196703039,0.37903334572867686,0.0,0.0,1
2.975,CN,0.22161462272522162,0.11588505026387089,0.0,0.0,0.0,0.37874992897522347,0.7574998579504469,0.3787546728620146,0.0,0.0,1
2.98,CN,0.2215241504476617,0.11624598264343947,0.0,0.0,0.0,0.3784718111820265,0.7569436223640529,0.3784765515853599,0.0,0.0,1
2.985,CN,0.2214336396953727,0.11660706851505988,0.0,0.0,0.0,0.37819424275736335,0.7563884855147267,0.37819897968412014,0.0,0.0,1
2.99,CN,0.2213430908422203,0.11696830638722294,0.0,0.0,0.0,0.3779172214976912,0.7558344429953824,0.3779219549547246,0.0,0.0,1
2.995,CN,0.2212525042604779,0.11732969477477198,0.0,0.0,0.0,0.3776407452104254,0.7552814904208508,0.3776454752045612,0.0,0.0,1
3.0,CN,0.22116188032083578,0.11769123219886575,0.0,0.0,0.0,0.3773648117138727,0.7547296234277454,0.37736953825190944,0.0,0.0,1
3.005,CN,0.22107121939240218,0.11805291718697453,0.0,0.0,0.0,0.3770894188371677,0.7541788376743354,0.3770941419258767,0.0,0.0,1
3.0100000000000002,CN,0.22098052184271222,0.1184147482728445,0.0,0.0,0.0,0.3768145644202078,0.7536291288404156,0.37681928406633336,0.0,0.0,1
3.015,CN,0.2208897880377286,0.11877672399649483,0.0,0.0,0.0,0.3765402463135917,0.7530804926271834,0.37654496252385117,0.0,0.0,1
3.02,CN,0.2207990183418512,0.11913884290417953,0.0,0.0,0.0,0.3762664623785523,0.7525329247571046,0.37627117515963626,0.0,0.0,1
3.025,CN,0.22070821311791738,0.11950110354838604,0.0,0.0,0.0,0.3759932104868965,0.751986420973793,0.37599791984546876,0.0,0.0,1
3.0300000000000002,CN,0.22061737272721152,0.11986350448779745,0.0,0.0,0.0,0.3757204885209436,0.7514409770418873,0.37572519446364167,0.0,0.0,1
3.035,CN,0.2205264975294658,0.12022604428728913,0.0,0.0,0.0,0.37544829437345967,0.7508965887469193,0.37545299690689443,0.0,0.0,1
3.04,CN,0.22043558788286893,0.12058872151789393,0.0,0.0,0.0,0.37517662594760054,0.7503532518952012,0.37518132507835683,0.0,0.0,1
3.045,CN,0.22034464414406763,0.12095153475679661,0.0,0.0,0.0,0.3749054811568476,0.749810962313695,0.3749101768914838,0.0,0.0,1
3.0500000000000003,CN,0.22025366666817536,0.12131448258729848,0.0,0.0,0.0,0.3746348579249495,0.749269715849899,0.3746395502699984,0.0,0.0,1
3.055,CN,0.22016265580877337,0.1216775635988137,0.0,0.0,0.0,0.37436475418585985,0.7487295083717197,0.3743694431478281,0.0,0.0,1
3.06,CN,0.22007161191791952,0.12204077638683371,0.0,0.0,0.0,0.3740951678836811,0.7481903357673622,0.3740998534690496,0.0,0.0,1
3.065,CN,0.2199805353461498,0.12240411955292142,0.0,0.0,0.0,0.37382609697260155,0.7476521939452031,0.3738307791878257,0.0,0.0,1
3.0700000000000003,CN,0.2198894264424865,0.12276759170467867,0.0,0.0,0.0,0.3735575394168395,0.747115078833679,0.3735622182683491,0.0,0.0,1
3.075,CN,0.21979828555444025,0.12313119145573759,0.0,0.0,0.0,0.3732894931905824,0.7465789863811648,0.373294168684782,0.0,0.0,1
3.08,CN,0.2197071130280179,0.1234949174257299,0.0,0.0,0.0,0.373021956277932,0.746043912555864,0.3730266284212007,0.0,0.0,1
3.085,CN,0.2196159092077245,0.12385876824027846,0.0,0.0,0.0,0.3727549266728442,0.7455098533456884,0.37275959547153614,0.0,0.0,1
3.09,CN,0.21952467443657156,0.12422274253096452,0.0,0.0,0.0,0.37248840237907493,0.7449768047581498,0.3724930678395191,0.0,0.0,1
3.095,CN,0.2194334090560786,0.12458683893532146,0.0,0.0,0.0,0.3722223814101189,0.7444447628202377,0.37222704353861963,0.0,0.0,1
3.1,CN,0.21934211340628165,0.12495105609680111,0.0,0.0,0.0,0.3719568617891595,0.743913723578319,0.37196152059199616,0.0,0.0,1
3.105,CN,0.2192507878257347,0.12531539266476757,0.0,0.0,0.0,0.37169184154900686,0.7433836830980137,0.3716964970324343,0.0,0.0,1
3.11,CN,0.21915943265151824,0.1256798472944635,0.0,0.0,0.0,0.3714273187320503,0.7428546374641006,0.3714319709022988,0.0,0.0,1
3.115,CN,0.21906804821924078,0.12604441864700383,0.0,0.0,0.0,0.37116329139019266,0.7423265827803853,0.37116794025346805,0.0,0.0,1
3.12,CN,0.21897663486304708,0.12640910538934308,0.0,0.0,0.0,0.37089975758480725,0.7417995151696145,0.3709044031472912,0.0,0.0,1
3.125,CN,0.2188851929156202,0.12677390619426712,0.0,0.0,0.0,0.37063671538667364,0.7412734307733473,0.3706413576545235,0.0,0.0,1
3.13,CN,0.21879372270818917,0.12713881974036242,0.0,0.0,0.0,0.3703741628759316,0.7407483257518632,0.3703788018552808,0.0,0.0,1
3.1350000000000002,CN,0.2187022245705314,0.12750384471200676,0.0,0.0,0.0,0.37011209814202356,0.7402241962840471,0.3701167338389816,0.0,0.0,1
3.14,CN,0.21861069883098,0.1278689797993398,0.0,0.0,0.0,0.369850519283643,0.739701038567286,0.36985515170429545,0.0,0.0,1
3.145,CN,0.21851914581642679,0.12823422369825105,0.0,0.0,0.0,0.3695894244086801,0.7391788488173602,0.369594053559089,0.0,0.0,1
3.15,CN,0.21842756585232892,0.12859957511035355,0.0,0.0,0.0,0.3693288116341729,0.7386576232683458,0.36933343752037656,0.0,0.0,1
3.1550000000000002,CN,0.21833595926271215,0.1289650327429708,0.0,0.0,0.0,0.3690686790862533,0.7381373581725066,0.3690733017142666,0.0,0.0,1
3.16,CN,0.2182443263701777,0.12933059530910937,0.0,0.0,0.0,0.3688090249000945,0.737618049800189,0.368813644275909,0.0,0.0,1
3.165,CN,0.21815266749590506,0.12969626152744781,0.0,0.0,0.0,0.36854984721985984,0.7370996944397197,0.36855446334944386,0.0,0.0,1
3.17,CN,0.2180609829596593,0.1300620301223072,0.0,0.0,0.0,0.3682911441986586,0.7365822883973172,0.3682957570879573,0.0,0.0,1
3.1750000000000003,CN,0.21796927307979358,0.13042789982364153,0.0,0.0,0.0,0.36803291399848337,0.7360658279969667,0.36803752365341885,0.0,0.0,1
3.18,CN,0.21787753817325645,0.13079386936700818,0.0,0.0,0.0,0.3677751547901739,0.7355503095803478,0.3677797612166454,0.0,0.0,1
3.185,CN,0.2177857785555944,0.13115993749355814,0.0,0.0,0.0,0.3675178647533542,0.7350357295067084,0.36752246795723814,0.0,0.0,1
3.19,CN,0.21769399454095922,0.13152610295000622,0.0,0.0,0.0,0.36726104207639476,0.7345220841527895,0.3672656420635449,0.0,0.0,1
3.1950000000000003,CN,0.21760218644211077,0.13189236448862054,0.0,0.0,0.0,0.3670046849563538,0.7340093699127075,0.3670092817326012,0.0,0.0,1
3.2,CN,0.2175103545704235,0.13225872086719592,0.0,0.0,0.0,0.3667487915989379,0.7334975831978758,0.3667533851700914,0.0,0.0,1
3.205,CN,0.2174184992358899,0.13262517084904057,0.0,0.0,0.0,0.36649336021844453,0.732986720436889,0.3664979505902903,0.0,0.0,1
3.21,CN,0.21732662074712727,0.1329917132029489,0.0,0.0,0.0,0.3662383890377216,0.7324767780754432,0.3662429762160238,0.0,0.0,1
3.215,CN,0.21723471941138045,0.13335834670319055,0.0,0.0,0.0,0.3659838762881146,0.7319677525762291,0.36598846027861504,0.0,0.0,1
3.22,CN,0.21714279553452862,0.1337250701294835,0.0,0.0,0.0,0.365729820209423,0.731459640418846,0.36573440101784166,0.0,0.0,1
3.225,CN,0.21705084942108877,0.13409188226697993,0.0,0.0,0.0,0.365476219049851,0.730952438099702,0.3654807966818857,0.0,0.0,1
3.23,CN,0.21695888137422176,0.13445878190624233,0.0,0.0,0.0,0.3652230710659622,0.7304461421319244,0.36522764552728904,0.0,0.0,1
3.235,CN,0.21686689169573595,0.13482576784322883,0.0,0.0,0.0,0.36497037452263104,0.7299407490452621,0.36497494581890433,0.0,0.0,1
3.24,CN,0.2167748806860933,0.13519283887926892,0.0,0.0,0.0,0.36471812769300227,0.7294362553860045,0.3647226958298548,0.0,0.0,1
3.245,CN,0.21668284864441312,0.13555999382104852,0.0,0.0,0.0,0.36446632885843594,0.7289326577168719,0.36447089384147885,0.0,0.0,1
3.25,CN,0.21659079586847796,0.1359272314805864,0.0,0.0,0.0,0.36421497630847394,0.7284299526169479,0.364219538143297,0.0,0.0,1
3.255,CN,0.21649872265473735,0.1362945506752194,0.0,0.0,0.0,0.3639640683407836,0.7279281366815672,0.36396862703295524,0.0,0.0,1
3.2600000000000002,CN,0.21640662929831384,0.13666195022757818,0.0,0.0,0.0,0.3637136032611202,0.7274272065222402,0.36371815881618763,0.0,0.0,1
3.265,CN,0.21631451609300648,0.1370294289655734,0.0,0.0,0.0,0.36346357938327967,0.7269271587665593,0.36346813180676907,0.0,0.0,1
3.27,CN,0.2162223833312971,0.13739698572237072,0.0,0.0,0.0,0.363213995029055,0.72642799005811,0.36321854432647144,0.0,0.0,1
3.275,CN,0.21613023130435371,0.13776461933637704,0.0,0.0,0.0,0.36296484852819355,0.7259296970563871,0.36296939470502115,0.0,0.0,1
3.2800000000000002,CN,0.21603806030203654,0.13813232865121688,0.0,0.0,0.0,0.362716138218352,0.725432276436704,0.36272068128005414,0.0,0.0,1
3.285,CN,0.2159458706129017,0.13850011251571703,0.0,0.0,0.0,0.3624678624450522,0.7249357248901044,0.36247240239707146,0.0,0.0,1
3.29,CN,0.21585366252420707,0.1388679697838839,0.0,0.0,0.0,0.362220019561642,0.724440039123284,0.36222455640940043,0.0,0.0,1
3.295,CN,0.21576143632191583,0.1392358993148886,0.0,0.0,0.0,0.36197260792924735,0.7239452158584947,0.3619771416781464,0.0,0.0,1
3.3000000000000003,CN,0.2156691922907029,0.13960389997304196,0.0,0.0,0.0,0.36172562591673574,0.7234512518334715,0.3617301565721564,0.0,0.0,1
3.305,CN,0.2155769307139577,0.13997197062778294,0.0,0.0,0.0,0.3614790719006704,0.7229581438013408,0.3614835994679734,0.0,0.0,1
3.31,CN,0.21548465187379073,0.14034011015365294,0.0,0.0,0.0,0.3612329822190323,0.7224659644380645,0.3612375067040335,0.0,0.0,1
3.315,CN,0.21539235605103685,0.14070831743028234,0.0,0.0,0.0,0.36098732943860945,0.7219746588772189,0.3609918508467811,0.0,0.0,1
3.3200000000000003,CN,0.2153000435252614,0.14107659134236614,0.0,0.0,0.0,0.3607420995900683,0.7214841991801366,0.36074661792670765,0.0,0.0,1
3.325,CN,0.21520771457476334,0.14144493077965126,0.0,0.0,0.0,0.36049729108151224,0.7209945821630245,0.3605018063518966,0.0,0.0,1
3.33,CN,0.21511536947658155,0.1418133346369121,0.0,0.0,0.0,0.360252902328526,0.720505804657052,0.36025741453791293,0.0,0.0,1
3.335,CN,0.2150230085064983,0.14218180181393578,0.0,0.0,0.0,0.36000893175414256,0.7200178635082851,0.3600134409077697,0.0,0.0,1
3.34,CN,0.21493063193904482,0.14255033121550054,0.0,0.0,0.0,0.3597653777887926,0.7195307555775852,0.3597698838918781,0.0,0.0,1
3.345,CN,0.21483824004750526,0.14291892175135976,0.0,0.0,0.0,0.35952223887027585,0.7190444777405518,0.35952674192801826,0.0,0.0,1
3.35,CN,0.2147458331039221,0.1432875723362203,0.0,0.0,0.0,0.3592795134437097,0.7185590268874193,0.3592840134612879,0.0,0.0,1
3.355,CN,0.21465341137909993,0.14365628188972743,0.0,0.0,0.0,0.35903719996150385,0.7180743999230077,0.3590416969440776,0.0,0.0,1
3.36,CN,0.21456097514261124,0.14402504933644203,0.0,0.0,0.0,0.35879529688330475,0.7175905937666095,0.3587997908360144,0.0,0.0,1
3.365,CN,0.2144685246627998,0.1443938736058266,0.0,0.0,0.0,0.3585538026759742,0.7171076053519484,0.35855829360394087,0.0,0.0,1
3.37,CN,0.2143760602067864,0.14476275363222282,0.0,0.0,0.0,0.3583127158135354,0.7166254316270708,0.35831720372186115,0.0,0.0,1
3.375,CN,0.2142835820404727,0.14513168835483586,0.0,0.0,0.0,0.35807203477714517,0.7161440695542903,0.35807651967091303,0.0,0.0,1
3.38,CN,0.2141910904285464,0.14550067671771405,0.0,0.0,0.0,0.3578317580550518,0.7156635161101036,0.35783623993932584,0.0,0.0,1
3.3850000000000002,CN,0.21409858563448528,0.14586971766973236,0.0,0.0,0.0,0.35759188414255766,0.7151837682851154,0.3575963630223832,0.0,0.0,1
3.39,CN,0.21400606792056254,0.14623881016457158,0.0,0.0,0.0,0.3573524115419798,0.7147048230839596,0.35735688742238314,0.0,0.0,1
3.395,CN,0.2139135375478505,0.14660795316070319,0.0,0.0,0.0,0.357113338762617,0.714226677525234,0.3571178116486061,0.0,0.0,1
3.4,CN,0.21382099477622604,0.14697714562136788,0.0,0.0,0.0,0.35687466432071024,0.7137493286414205,0.3568791342172743,0.0,0.0,1
3.4050000000000002,CN,0.21372843986437434,0.14734638651456047,0.0,0.0,0.0,0.35663638673940434,0.7132727734788087,0.35664085365151404,0.0,0.0,1
3.41,CN,0.21363587306979437,0.1477156748130081,0.0,0.0,0.0,0.35639850454871486,0.7127970090974296,0.35640296848132247,0.0,0.0,1
3.415,CN,0.21354329464880245,0.14808500949415593,0.0,0.0,0.0,0.3561610162854879,0.7123220325709758,0.35616547724352754,0.0,0.0,1
3.42,CN,0.21345070485653744,0.14845438954014664,0.0,0.0,0.0,0.35592392049336863,0.7118478409867373,0.35592837848175596,0.0,0.0,1
3.4250000000000003,CN,0.21335810394696497,0.14882381393780336,0.0,0.0,0.0,0.35568721572275935,0.7113744314455187,0.35569167074639196,0.0,0.0,1
3.43,CN,0.21326549217288227,0.14919328167861046,0.0,0.0,0.0,0.35545090053079154,0.7109018010615831,0.35545535259454897,0.0,0.0,1
3.435,CN,0.21317286978592215,0.14956279175869763,0.0,0.0,0.0,0.35521497348128217,0.7104299469625643,0.3552194225900259,0.0,0.0,1
3.44,CN,0.213080237036558,0.14993234317882,0.0,0.0,0.0,0.3549794331447054,0.7099588662894109,0.3549838793032791,0.0,0.0,1
3.4450000000000003,CN,0.21298759417410787,0.15030193494434207,0.0,0.0,0.0,0.35474427809815373,0.7094885561963075,0.35474872131138324,0.0,0.0,1
3.45,CN,0.2128949414467393,0.15067156606521787,0.0,0.0,0.0,0.35450950692530536,0.7090190138506107,0.35451394719799867,0.0,0.0,1
3.455,CN,0.21280227910147342,0.15104123555597496,0.0,0.0,0.0,0.35427511821638696,0.7085502364327738,0.35427955555333446,0.0,0.0,1
3.46,CN,0.2127096073841898,0.1514109424356954,0.0,0.0,0.0,0.3540411105681432,0.7080822211362864,0.35404554497411783,0.0,0.0,1
3.465,CN,0.21261692653963027,0.151780685728,0.0,0.0,0.0,0.35380748258379885,0.7076149651675977,0.3538119140635559,0.0,0.0,1
3.47,CN,0.21252423681140414,0.15215046446102745,0.0,0.0,0.0,0.3535742328730272,0.7071484657460545,0.35357866143130456,0.0,0.0,1
3.475,CN,0.21243153844199175,0.15252027766742077,0.0,0.0,0.0,0.35334136005191646,0.7066827201038329,0.3533457856934347,0.0,0.0,1
3.48,CN,0.21233883167274975,0.1528901243843056,0.0,0.0,0.0,0.35310886274293485,0.7062177254858697,0.35311328547239734,0.0,0.0,1
3.485,CN,0.21224611674391458,0.1532600036532766,0.0,0.0,0.0,0.3528767395748988,0.7057534791497976,0.35288115939699166,0.0,0.0,1
3.49,CN,0.21215339389460772,0.15362991452037664,0.0,0.0,0.0,0.35264498918293974,0.7052899783658795,0.3526494061023321,0.0,0.0,1
3.495,CN,0.2120606633628393,0.153999856036082,0.0,0.0,0.0,0.35241361020847034,0.7048272204169406,0.3524180242298141,0.0,0.0,1
3.5,CN,0.21196792538551318,0.1543698272552825,0.0,0.0,0.0,0.35218260129915335,0.7043652025983067,0.35218701242708383,0.0,0.0,1
3.505,CN,0.21187518019843032,0.15473982723726787,0.0,0.0,0.0,0.35195196110886784,0.7039039222177357,0.3519563693480032,0.0,0.0,1
3.5100000000000002,CN,0.21178242803629424,0.155109855045706,0.0,0.0,0.0,0.3517216882976776,0.7034433765953552,0.35172609365261925,0.0,0.0,1
3.515,CN,0.2116896691327145,0.15547990974862905,0.0,0.0,0.0,0.3514917815317991,0.7029835630635982,0.35149618400713184,0.0,0.0,1
3.52,CN,0.21159690372021134,0.15584999041841488,0.0,0.0,0.0,0.3512622394835699,0.7025244789671397,0.3512666390838618,0.0,0.0,1
3.525,CN,0.21150413203021992,0.15622009613177024,0.0,0.0,0.0,0.3510330608314173,0.7020661216628346,0.35103745756122,0.0,0.0,1
3.5300000000000002,CN,0.2114113542930946,0.1565902259697137,0.0,0.0,0.0,0.35080424425982537,0.7016084885196507,0.350808638123674,0.0,0.0,1
3.535,CN,0.2113185707381132,0.15696037901755852,0.0,0.0,0.0,0.3505757884593069,0.7011515769186139,0.3505801794617202,0.0,0.0,1
3.54,CN,0.21122578159348127,0.15733055436489574,0.0,0.0,0.0,0.3503476921263678,0.7006953842527356,0.35035208027184805,0.0,0.0,1
3.545,CN,0.21113298708633618,0.15770075110557782,0.0,0.0,0.0,0.3501199539634804,0.7002399079269608,0.3501243392565137,0.0,0.0,1
3.5500000000000003,CN,0.21104018744275188,0.1580709683376997,0.0,0.0,0.0,0.3498925726790524,0.6997851453581048,0.34989695512410873,0.0,0.0,1
3.555,CN,0.21094738288774234,0.15844120516358495,0.0,0.0,0.0,0.34966554698739344,0.6993310939747869,0.3496699265889267,0.0,0.0,1
3.56,CN,0.21085457364526644,0.1588114606897664,0.0,0.0,0.0,0.34943887560868736,0.6988777512173747,0.3494432523711353,0.0,0.0,1
3.565,CN,0.21076175993823168,0.15918173402697125,0.0,0.0,0.0,0.34921255726896266,0.6984251145379253,0.3492169311967471,0.0,0.0,1
3.5700000000000003,CN,0.21066894198849864,0.1595520242901033,0.0,0.0,0.0,0.34898659070005816,0.6979731814001163,0.34899096179758515,0.0,0.0,1
3.575,CN,0.2105761200168851,0.15992233059822655,0.0,0.0,0.0,0.3487609746396006,0.6975219492792012,0.34876534291126027,0.0,0.0,1
3.58,CN,0.21048329424317036,0.16029265207454804,0.0,0.0,0.0,0.3485357078309683,0.6970714156619366,0.34854007328113507,0.0,0.0,1
3.585,CN,0.2103904648860988,0.16066298784640332,0.0,0.0,0.0,0.3483107890232663,0.6966215780465326,0.3483151516562989,0.0,0.0,1
3.59,CN,0.21029763216338482,0.16103333704523712,0.0,0.0,0.0,0.348086216971295,0.6961724339425899,0.34809057679153654,0.0,0.0,1
3.595,CN,0.21020479629171626,0.1614036988065895,0.0,0.0,0.0,0.34786199043552196,0.6957239808710439,0.3478663474473002,0.0,0.0,1
3.6,CN,0.21011195748675915,0.161774072270077,0.0,0.0,0.0,0.34763810818205154,0.6952762163641031,0.3476424623896786,0.0,0.0,1
3.605,CN,0.2100191159631612,0.16214445657937868,0.0,0.0,0.0,0.3474145689825994,0.6948291379651989,0.3474189203903721,0.0,0.0,1
3.61,CN,0.20992627193455632,0.16251485088221795,0.0,0.0,0.0,0.34719137161446095,0.6943827432289219,0.3471957202266607,0.0,0.0,1
3.615,CN,0.20983342561356838,0.1628852543303479,0.0,0.0,0.0,0.34696851486048547,0.6939370297209709,0.3469728606813785,0.0,0.0,1
3.62,CN,0.20974057721181572,0.16325566607953296,0.0,0.0,0.0,0.3467459975090447,0.6934919950180894,0.3467503405428821,0.0,0.0,1
3.625,CN,0.20964772693991457,0.1636260852895354,0.0,0.0,0.0,0.3465238183540098,0.6930476367080196,0.3465281586050275,0.0,0.0,1
3.63,CN,0.2095548750074836,0.1639965111240973,0.0,0.0,0.0,0.34630197619471753,0.6926039523894351,0.3463063136671365,0.0,0.0,1
3.6350000000000002,CN,0.20946202162314786,0.1643669427509246,0.0,0.0,0.0,0.3460804698359499,0.6921609396718998,0.346084804533976,0.0,0.0,1
3.64,CN,0.20936916699454258,0.1647373793416721,0.0,0.0,0.0,0.34585929808789956,0.6917185961757991,0.34586363001572384,0.0,0.0,1
3.645,CN,0.2092763113283172,0.1651078200719273,0.0,0.0,0.0,0.3456384597661464,0.6912769195322928,0.3456427889279451,0.0,0.0,1
3.65,CN,0.20918345483013973,0.16547826412119315,0.0,0.0,0.0,0.34541795369163003,0.6908359073832601,0.34542228009156456,0.0,0.0,1
3.6550000000000002,CN,0.20909059770470018,0.16584871067287407,0.0,0.0,0.0,0.34519777869062196,0.6903955573812439,0.3452021023328391,0.0,0.0,1
3.66,CN,0.20899774015571487,0.1662191589142591,0.0,0.0,0.0,0.34497793359469936,0.6899558671893987,0.34498225448333114,0.0,0.0,1
3.665,CN,0.2089048823859304,0.16658960803650583,0.0,0.0,0.0,0.3447584172407187,0.6895168344814375,0.3447627353798828,0.0,0.0,1
3.67,CN,0.2088120245971275,0.16696005723462523,0.0,0.0,0.0,0.3445392284707886,0.6890784569415772,0.34454354386458785,0.0,0.0,1
3.6750000000000003,CN,0.20871916699012466,0.16733050570746688,0.0,0.0,0.0,0.3443203661322441,0.6886407322644882,0.34432467878476714,0.0,0.0,1
3.68,CN,0.20862630976478266,0.16770095265770113,0.0,0.0,0.0,0.34410182907761916,0.6882036581552383,0.34410613899294024,0.0,0.0,1
3.685,CN,0.20853345312000798,0.16807139729180554,0.0,0.0,0.0,0.34388361616462365,0.6877672323292472,0.3438879233468026,0.0,0.0,1
3.69,CN,0.20844059725375688,0.1684418388200484,0.0,0.0,0.0,0.343665726256113,0.687331452512226,0.3436700307091957,0.0,0.0,1
3.6950000000000003,CN,0.20834774236303913,0.168812276456474,0.0,0.0,0.0,0.34344815822006675,0.6868963164401335,0.34345245994808454,0.0,0.0,1
3.7,CN,0.20825488864392216,0.16918270941888594,0.0,0.0,0.0,0.3432309109295596,0.6864618218591192,0.3432352099365299,0.0,0.0,1
3.705,CN,0.20816203629153462,0.16955313692883314,0.0,0.0,0.0,0.3430139832627396,0.6860279665254791,0.3430182795526657,0.0,0.0,1
3.71,CN,0.20806918550007042,0.16992355821159352,0.0,0.0,0.0,0.34279737410279876,0.6855947482055975,0.34280166767967,0.0,0.0,1
3.715,CN,0.2079763364627923,0.17029397249615988,0.0,0.0,0.0,0.3425810823379509,0.6851621646759019,0.3425853732057427,0.0,0.0,1
3.72,CN,0.20788348937203593,0.17066437901522327,0.0,0.0,0.0,0.3423651068614056,0.6847302137228112,0.3423693950240795,0.0,0.0,1
3.725,CN,0.2077906444192136,0.1710347770051589,0.0,0.0,0.0,0.342149446571344,0.684298893142688,0.34215373203284777,0.0,0.0,1
3.73,CN,0.207697801794818,0.1714051657060104,0.0,0.0,0.0,0.34193410037089383,0.6838682007417877,0.34193838313516145,0.0,0.0,1
3.735,CN,0.2076049616884259,0.17177554436147538,0.0,0.0,0.0,0.3417190671681036,0.6834381343362071,0.3417233472390554,0.0,0.0,1
3.74,CN,0.2075121242887021,0.17214591221888975,0.0,0.0,0.0,0.3415043458759187,0.6830086917518374,0.34150862325746145,0.0,0.0,1
3.745,CN,0.2074192897834031,0.17251626852921312,0.0,0.0,0.0,0.34128993541216096,0.6825798708243219,0.3412942101081878,0.0,0.0,1
3.75,CN,0.20732645835938063,0.17288661254701432,0.0,0.0,0.0,0.3410758346994968,0.6821516693989935,0.3410801067138873,0.0,0.0,1
3.755,CN,0.20723363020258578,0.17325694353045548,0.0,0.0,0.0,0.34086204266542136,0.6817240853308427,0.34086631200204187,0.0,0.0,1
3.7600000000000002,CN,0.2071408054980724,0.17362726074127816,0.0,0.0,0.0,0.3406485582422293,0.6812971164844586,0.34065282490493265,0.0,0.0,1
3.765,CN,0.207047984430001,0.1739975634447877,0.0,0.0,0.0,0.3404353803669927,0.6808707607339854,0.34043964435961843,0.0,0.0,1
3.77,CN,0.2069551671816422,0.17436785090983975,0.0,0.0,0.0,0.3402225079815378,0.6804450159630756,0.34022676930791224,0.0,0.0,1
3.775,CN,0.20686235393538066,0.1747381224088243,0.0,0.0,0.0,0.3400099400324231,0.680019880064846,0.34001419869635924,0.0,0.0,1
3.7800000000000002,CN,0.2067695448727186,0.17510837721765193,0.0,0.0,0.0,0.3397976754709113,0.6795953509418226,0.33980193147620924,0.0,0.0,1
3.785,CN,0.20667674017427945,0.17547861461573885,0.0,0.0,0.0,0.33958571325295084,0.6791714265059017,0.3395899666033974,0.0,0.0,1
3.79,CN,0.20658394001981156,0.17584883388599254,0.0,0.0,0.0,0.3393740523391513,0.6787481046783026,0.3393783030385204,0.0,0.0,1
3.795,CN,0.20649114458819173,0.17621903431479743,0.0,0.0,0.0,0.33916269169475877,0.6783253833895175,0.3391669397468113,0.0,0.0,1
3.8000000000000003,CN,0.2063983540574289,0.17658921519200013,0.0,0.0,0.0,0.33895163028963615,0.6779032605792723,0.3389558756981201,0.0,0.0,1
3.805,CN,0.2063055686046677,0.1769593758108954,0.0,0.0,0.0,0.3387408670982385,0.677481734196477,0.338745109866889,0.0,0.0,1
3.81,CN,0.20621278840619225,0.17732951546821096,0.0,0.0,0.0,0.3385304010995919,0.6770608021991839,0.3385346412321314,0.0,0.0,1
3.815,CN,0.20612001363742927,0.17769963346409506,0.0,0.0,0.0,0.33832023127726724,0.6766404625545346,0.33832446877740535,0.0,0.0,1
3.8200000000000003,CN,0.20602724447295218,0.17806972910210006,0.0,0.0,0.0,0.33811035661936434,0.6762207132387287,0.338114591490798,0.0,0.0,1
3.825,CN,0.20593448108648416,0.1784398016891703,0.0,0.0,0.0,0.33790077611848446,0.6758015522369689,0.337905008364898,0.0,0.0,1
3.83,CN,0.2058417236509022,0.1788098505356261,0.0,0.0,0.0,0.3376914887717109,0.6753829775434218,0.33769571839677615,0.0,0.0,1
3.835,CN,0.20574897233824008,0.17917987495515145,0.0,0.0,0.0,0.3374824935805849,0.6749649871611698,0.33748672058796114,0.0,0.0,1
3.84,CN,0.2056562273196924,0.17954987426477828,0.0,0.0,0.0,0.3372738183125252,0.6745476366250502,0.3372780427062194,0.0,0.0,1
3.845,CN,0.20556348876561764,0.17991984778487435,0.0,0.0,0.0,0.3370654403335011,0.6741308806670022,0.33706966211723705,0.0,0.0,1
3.85,CN,0.20547075684554195,0.1802897948391277,0.0,0.0,0.0,0.33685735137590567,0.6737147027518113,0.3368615705533033,0.0,0.0,1
3.855,CN,0.20537803172816263,0.180659714754533,0.0,0.0,0.0,0.3366495504596551,0.6732991009193102,0.33665376703432215,0.0,0.0,1
3.86,CN,0.20528531358135138,0.18102960686137873,0.0,0.0,0.0,0.33644203660900995,0.6728840732180199,0.3364462505845419,0.0,0.0,1
3.865,CN,0.20519260257215782,0.18139947049323293,0.0,0.0,0.0,0.33623480885256257,0.6724696177051251,0.3362390202325429,0.0,0.0,1
3.87,CN,0.20509989886681312,0.18176930498692878,0.0,0.0,0.0,0.33602786622320674,0.6720557324464135,0.3360320750112066,0.0,0.0,1
3.875,CN,0.20500720263073313,0.18213910968255215,0.0,0.0,0.0,0.3358212077581235,0.671642415516247,0.33582541395770216,0.0,0.0,1
3.88,CN,0.20491451402852212,0.18250888392342662,0.0,0.0,0.0,0.335614832498757,0.671229664997514,0.33561903611346156,0.0,0.0,1
3.8850000000000002,CN,0.20482183322397593,0.18287862705610095,0.0,0.0,0.0,0.33540873949079575,0.6708174789815915,0.3354129405241615,0.0,0.0,1
3.89,CN,0.20472916038008543,0.18324833843033522,0.0,0.0,0.0,0.33520292778415034,0.6704058555683006,0.3352071262397005,0.0,0.0,1
3.895,CN,0.20463649565904002,0.183618017399087,0.0,0.0,0.0,0.3349973964329338,0.6699947928658676,0.33500159231418003,0.0,0.0,1
3.9,CN,0.20454383922223074,0.1839876633184988,0.0,0.0,0.0,0.33479214449544104,0.6695842889908821,0.3347963378058829,0.0,0.0,1
3.9050000000000002,CN,0.20445119123025404,0.18435727554788311,0.0,0.0,0.0,0.33458717103412944,0.6691743420682589,0.33459136177725496,0.0,0.0,1
3.91,CN,0.2043585518429146,0.18472685344971115,0.0,0.0,0.0,0.3343824751155981,0.6687649502311962,0.3343866632948835,0.0,0.0,1
3.915,CN,0.20426592121922907,0.18509639638959785,0.0,0.0,0.0,0.33417805581056664,0.6683561116211332,0.3341822414294765,0.0,0.0,1
3.92,CN,0.20417329951742932,0.185465903736289,0.0,0.0,0.0,0.33397391219385836,0.6679478243877168,0.3339780952558458,0.0,0.0,1
3.9250000000000003,CN,0.20408068689496556,0.18583537486164883,0.0,0.0,0.0,0.3337700433443767,0.6675400866887534,0.33377422385288313,0.0,0.0,1
3.93,CN,0.20398808350850978,0.1862048091406461,0.0,0.0,0.0,0.3335664483450894,0.6671328966901788,0.33357062630354484,0.0,0.0,1
3.935,CN,0.20389548951395903,0.18657420595134125,0.0,0.0,0.0,0.33336312628300463,0.6667262525660093,0.33336730169482764,0.0,0.0,1
3.94,CN,0.20380290506643872,0.18694356467487303,0.0,0.0,0.0,0.33316007624915595,0.6663201524983119,0.3331642491177538,0.0,0.0,1
3.9450000000000003,CN,0.20371033032030572,0.18731288469544627,0.0,0.0,0.0,0.3329572973385787,0.6659145946771574,0.33296146766734713,0.0,0.0,1
3.95,CN,0.20361776542915178,0.18768216540031823,0.0,0.0,0.0,0.3327547886502946,0.6655095773005892,0.3327589564426182,0.0,0.0,1
3.955,CN,0.20352521054580677,0.18805140617978547,0.0,0.0,0.0,0.3325525492872916,0.6651050985745832,0.33255671454654373,0.0,0.0,1
3.96,CN,0.20343266582234174,0.18842060642717207,0.0,0.0,0.0,0.33235057835650217,0.6647011567130043,0.33235474108604496,0.0,0.0,1
3.9650000000000003,CN,0.20334013141007223,0.18878976553881582,0.0,0.0,0.0,0.33214887496878764,0.6642977499375753,0.33215303517197214,0.0,0.0,1
3.97,CN,0.2032476074595616,0.1891588829140556,0.0,0.0,0.0,0.33194743823891676,0.6638948764778336,0.3319515959190829,0.0,0.0,1
3.975,CN,0.20315509412062394,0.18952795795521937,0.0,0.0,0.0,0.3317462672855502,0.6634925345711004,0.3317504224460267,0.0,0.0,1
3.98,CN,0.20306259154232753,0.1898969900676102,0.0,0.0,0.0,0.33154536123121825,0.6630907224624365,0.33154951387532317,0.0,0.0,1
3.985,CN,0.20297009987299777,0.19026597865949516,0.0,0.0,0.0,0.33134471920230457,0.6626894384046091,0.3313488693333448,0.0,0.0,1
3.99,CN,0.20287761926022047,0.19063492314209166,0.0,0.0,0.0,0.33114434032902734,0.6622886806580547,0.33114848795029894,0.0,0.0,1
3.995,CN,0.20278514985084495,0.19100382292955526,0.0,0.0,0.0,0.33094422374542054,0.6618884474908411,0.33094836886020873,0.0,0.0,1
4.0,CN,0.20269269179098726,0.19137267743896702,0.0,0.0,0.0,0.3307443685893169,0.6614887371786338,0.33074851120089604,0.0,0.0,1
4.005,CN,0.20260024522603304,0.19174148609032177,0.0,0.0,0.0,0.3305447740023264,0.6610895480046528,0.3305489141139602,0.0,0.0,1
4.01,CN,0.20250781030064102,0.1921102483065143,0.0,0.0,0.0,0.3303454391298247,0.6606908782596495,0.33034957674476617,0.0,0.0,1
4.015,CN,0.20241538715874569,0.1924789635133288,0.0,0.0,0.0,0.3301463631209263,0.6602927262418526,0.33015049824241766,0.0,0.0,1
4.0200000000000005,CN,0.2023229759435608,0.19284763113942466,0.0,0.0,0.0,0.32994754512847657,0.6598950902569531,0.3299516777597495,0.0,0.0,1
4.025,CN,0.20223057679758205,0.19321625061632602,0.0,0.0,0.0,0.32974898430902333,0.6594979686180465,0.32975311445329886,0.0,0.0,1
4.03,CN,0.20213818986259038,0.1935848213784084,0.0,0.0,0.0,0.32955067982281144,0.6591013596456229,0.32955480748330035,0.0,0.0,1
4.035,CN,0.20204581527965504,0.19395334286288662,0.0,0.0,0.0,0.3293526308337515,0.658705261667503,0.32935675601365383,0.0,0.0,1
4.04,CN,0.20195345318913643,0.1943218145098033,0.0,0.0,0.0,0.3291548365094154,0.6583096730188308,0.3291589592119209,0.0,0.0,1
4.045,CN,0.20186110373068938,0.194690235762016,0.0,0.0,0.0,0.3289572960210092,0.6579145920420184,0.3289614162492972,0.0,0.0,1
4.05,CN,0.20176876704326582,0.1950586060651864,0.0,0.0,0.0,0.32876000854336246,0.6575200170867249,0.32876412630060187,0.0,0.0,1
4.055,CN,0.20167644326511824,0.1954269248677665,0.0,0.0,0.0,0.32856297325490563,0.6571259465098113,0.3285670885442552,0.0,0.0,1
4.0600000000000005,CN,0.20158413253380225,0.19579519162098855,0.0,0.0,0.0,0.3283661893376583,0.6567323786753166,0.32837030216226654,0.0,0.0,1
4.065,CN,0.2014918349861799,0.1961634057788516,0.0,0.0,0.0,0.32816965597720804,0.6563393119544161,0.3281737663402131,0.0,0.0,1
4.07,CN,0.20139955075842228,0.19653156679811126,0.0,0.0,0.0,0.3279733723626946,0.6559467447253892,0.3279774802672246,0.0,0.0,1
4.075,CN,0.20130727998601294,0.19689967413826606,0.0,0.0,0.0,0.327777337686793,0.655554675373586,0.32778144313596597,0.0,0.0,1
4.08,CN,0.20121502280375045,0.1972677272615473,0.0,0.0,0.0,0.32758155114569915,0.6551631022913983,0.327585654142623,0.0,0.0,1
4.085,CN,0.20112277934575146,0.1976357256329065,0.0,0.0,0.0,0.3273860119391091,0.6547720238782182,0.3273901124868817,0.0,0.0,1
4.09,CN,0.20103054974545362,0.19800366872000416,0.0,0.0,0.0,0.3271907192702068,0.6543814385404136,0.3271948173719161,0.0,0.0,1
4.095,CN,0.20093833413561865,0.1983715559931974,0.0,0.0,0.0,0.3269956723456435,0.653991344691287,0.32699976800436736,0.0,0.0,1
4.1,CN,0.20084613264833495,0.1987393869255294,0.0,0.0,0.0,0.3268008703755234,0.6536017407510468,0.32680496359433003,0.0,0.0,1
4.105,CN,0.20075394541502073,0.19910716099271708,0.0,0.0,0.0,0.326606312573389,0.653212625146778,0.32661040335533664,0.0,0.0,1
4.11,CN,0.2006617725664268,0.1994748776731398,0.0,0.0,0.0,0.32641199815620137,0.6528239963124027,0.32641608650433834,0.0,0.0,1
4.115,CN,0.2005696142326393,0.1998425364478287,0.0,0.0,0.0,0.3262179263443263,0.6524358526886526,0.32622201226169134,0.0,0.0,1
4.12,CN,0.20047747054308293,0.20021013680045366,0.0,0.0,0.0,0.3260240963615171,0.6520481927230342,0.3260281798511391,0.0,0.0,1
4.125,CN,0.2003853416265234,0.2005776782173134,0.0,0.0,0.0,0.32583050743490055,0.6516610148698011,0.3258345884997988,0.0,0.0,1
4.13,CN,0.20029322761107043,0.20094516018732392,0.0,0.0,0.0,0.32563715879495847,0.6512743175899169,0.3256412374381426,0.0,0.0,1
4.135,CN,0.20020112862418063,0.2013125822020065,0.0,0.0,0.0,0.325444049675514,0.650888099351028,0.325448125899984,0.0,0.0,1
4.14,CN,0.20010904479266023,0.20167994375547726,0.0,0.0,0.0,0.32525117931371494,0.6505023586274299,0.3252552531224613,0.0,0.0,1
4.1450000000000005,CN,0.20001697624266784,0.2020472443444358,0.0,0.0,0.0,0.3250585469500171,0.6501170939000342,0.3250626183460208,0.0,0.0,1
4.15,CN,0.1999249230997175,0.20241448346815333,0.0,0.0,0.0,0.3248661518281704,0.6497323036563408,0.32487022081440287,0.0,0.0,1
4.155,CN,0.19983288548868106,0.20278166062846284,0.0,0.0,0.0,0.32467399319520396,0.6493479863904079,0.3246780597746272,0.0,0.0,1
4.16,CN,0.19974086353379117,0.20314877532974754,0.0,0.0,0.0,0.3244820703014077,0.6489641406028153,0.3244861344769744,0.0,0.0,1
4.165,CN,0.1996488573586442,0.20351582707892893,0.0,0.0,0.0,0.32429038240032093,0.6485807648006419,0.3242944441749745,0.0,0.0,1
4.17,CN,0.19955686708620268,0.20388281538545733,0.0,0.0,0.0,0.3240989287487125,0.648197857497425,0.32410298812538685,0.0,0.0,1
4.175,CN,0.1994648928387982,0.20424973976129984,0.0,0.0,0.0,0.32390770860657103,0.6478154172131421,0.32391176558819096,0.0,0.0,1
4.18,CN,0.19937293473813408,0.20461659972093027,0.0,0.0,0.0,0.3237167212370851,0.6474334424741702,0.32372077582656605,0.0,0.0,1
4.1850000000000005,CN,0.1992809929052882,0.2049833947813175,0.0,0.0,0.0,0.32352596590663046,0.6470519318132609,0.32353001810687876,0.0,0.0,1
4.19,CN,0.19918906746071546,0.2053501244619156,0.0,0.0,0.0,0.323335441884755,0.64667088376951,0.3233394916986678,0.0,0.0,1
4.195,CN,0.1990971585242508,0.20571678828465217,0.0,0.0,0.0,0.32314514844416453,0.6462902968883291,0.32314919587463,0.0,0.0,1
4.2,CN,0.19900526621511166,0.20608338577391813,0.0,0.0,0.0,0.32295508486070584,0.6459101697214117,0.3229591299106028,0.0,0.0,1
4.205,CN,0.19891339065190067,0.2064499164565572,0.0,0.0,0.0,0.3227652504133541,0.645530500826708,0.3227692930855526,0.0,0.0,1
4.21,CN,0.19882153195260843,0.20681637986185458,0.0,0.0,0.0,0.32257564438419706,0.6451512887683941,0.32257968468155807,0.0,0.0,1
4.215,CN,0.19872969023461595,0.2071827755215276,0.0,0.0,0.0,0.3223862660584221,0.6447725321168442,0.3223903039837976,0.0,0.0,1
4.22,CN,0.1986378656146977,0.2075491029697133,0.0,0.0,0.0,0.32219711472429885,0.6443942294485977,0.322201150280532,0.0,0.0,1
4.225,CN,0.19854605820902366,0.2079153617429602,0.0,0.0,0.0,0.3220081896731682,0.6440163793463364,0.3220122228630931,0.0,0.0,1
4.23,CN,0.19845426813316241,0.20828155138021603,0.0,0.0,0.0,0.32181949019942535,0.6436389803988507,0.32182352102586753,0.0,0.0,1
4.235,CN,0.19836249550208354,0.20864767142281834,0.0,0.0,0.0,0.32163101560050544,0.6432620312010109,0.3216350440662814,0.0,0.0,1
4.24,CN,0.19827074043016035,0.20901372141448332,0.0,0.0,0.0,0.3214427651768735,0.642885530353747,0.32144679128479103,0.0,0.0,1
4.245,CN,0.19817900303117233,0.20937970090129623,0.0,0.0,0.0,0.3212547382320043,0.6425094764640086,0.32125876198486253,0.0,0.0,1
4.25,CN,0.19808728341830786,0.20974560943170054,0.0,0.0,0.0,0.32106693407237347,0.6421338681447469,0.3210709554729628,0.0,0.0,1
4.255,CN,0.1979955817041666,0.21011144655648833,0.0,0.0,0.0,0.32087935200744044,0.6417587040148809,0.3208833710585427,0.0,0.0,1
4.26,CN,0.19790389800076227,0.21047721182878912,0.0,0.0,0.0,0.3206919913496354,0.6413839826992707,0.3206960080540236,0.0,0.0,1
4.265,CN,0.197812232419525,0.21084290480406093,0.0,0.0,0.0,0.32050485141434526,0.6410097028286905,0.32050886577478416,0.0,0.0,1
4.2700000000000005,CN,0.19772058507130405,0.21120852504007884,0.0,0.0,0.0,0.3203179315199015,0.640635863039803,0.32032194353914706,0.0,0.0,1
4.275,CN,0.1976289560663702,0.2115740720969258,0.0,0.0,0.0,0.3201312309875642,0.6402624619751284,0.3201352406683639,0.0,0.0,1
4.28,CN,0.19753734551441834,0.21193954553698235,0.0,0.0,0.0,0.31994474914150944,0.6398894982830189,0.3199487564866024,0.0,0.0,1
4.285,CN,0.19744575352456992,0.2123049449249166,0.0,0.0,0.0,0.3197584853088162,0.6395169706176324,0.319762490320933,0.0,0.0,1
4.29,CN,0.19735418020537548,0.2126702698276742,0.0,0.0,0.0,0.31957243881945185,0.6391448776389037,0.31957644150131487,0.0,0.0,1
4.295,CN,0.19726262566481723,0.21303551981446836,0.0,0.0,0.0,0.3193866090062605,0.638773218012521,0.3193906093605835,0.0,0.0,1
4.3,CN,0.19717109001031136,0.21340069445677012,0.0,0.0,0.0,0.31920099520494716,0.6384019904098943,0.3192049932344358,0.0,0.0,1
4.305,CN,0.19707957334871057,0.21376579332829865,0.0,0.0,0.0,0.31901559675406677,0.6380311935081335,0.3190195924614183,0.0,0.0,1
4.3100000000000005,CN,0.19698807578630667,0.21413081600501074,0.0,0.0,0.0,0.3188304129950092,0.6376608259900184,0.31883440638291266,0.0,0.0,1
4.315,CN,0.1968965974288328,0.2144957620650919,0.0,0.0,0.0,0.318645443271988,0.637290886543976,0.31864943434312426,0.0,0.0,1
4.32,CN,0.19680513838146607,0.21486063108894607,0.0,0.0,0.0,0.31846068693202534,0.6369213738640507,0.318464675689067,0.0,0.0,1
4.325,CN,0.1967136987488297,0.21522542265918654,0.0,0.0,0.0,0.3182761433249406,0.6365522866498812,0.31828012977055214,0.0,0.0,1
4.33,CN,0.19662227863499596,0.215590136360625,0.0,0.0,0.0,0.3180918118033361,0.6361836236066722,0.318095795940174,0.0,0.0,1
4.335,CN,0.19653087814348796,0.21595477178026354,0.0,0.0,0.0,0.31790769172258593,0.6358153834451719,0.3179116735532984,0.0,0.0,1
4.34,CN,0.19643949737728256,0.21631932850728383,0.0,0.0,0.0,0.3177237824408206,0.6354475648816412,0.31772776196804803,0.0,0.0,1
4.345,CN,0.19634813643881235,0.2166838061330386,0.0,0.0,0.0,0.3175400833189175,0.635080166637835,0.3175440605452921,0.0,0.0,1
4.3500000000000005,CN,0.1962567954299684,0.21704820425104113,0.0,0.0,0.0,0.3173565937204853,0.6347131874409706,0.31736056864863144,0.0,0.0,1
4.355,CN,0.19616547445210236,0.21741252245695664,0.0,0.0,0.0,0.3171733130118533,0.6343466260237066,0.3171772856443873,0.0,0.0,1
4.36,CN,0.196074173606029,0.21777676034859209,0.0,0.0,0.0,0.3169902405620573,0.6339804811241146,0.31699421090158764,0.0,0.0,1
4.365,CN,0.19598289299202837,0.21814091752588768,0.0,0.0,0.0,0.316807375742829,0.633614751485658,0.31681134379195625,0.0,0.0,1
4.37,CN,0.19589163270984836,0.21850499359090678,0.0,0.0,0.0,0.31662471792858216,0.6332494358571643,0.3166286836898991,0.0,0.0,1
4.375,CN,0.19580039285870687,0.21886898814782688,0.0,0.0,0.0,0.3164422664963989,0.6328845329927979,0.3164462299724905,0.0,0.0,1
4.38,CN,0.19570917353729422,0.21923290080293042,0.0,0.0,0.0,0.31626002082602234,0.6325200416520447,0.31626398201946576,0.0,0.0,1
4.385,CN,0.1956179748437754,0.2195967311645955,0.0,0.0,0.0,0.3160779802998381,0.6321559605996762,0.31608193921320277,0.0,0.0,1
4.39,CN,0.1955267968757925,0.2199604788432864,0.0,0.0,0.0,0.3158961443028668,0.6317922886057336,0.3159001009387145,0.0,0.0,1
4.3950000000000005,CN,0.19543563973046674,0.2203241434515451,0.0,0.0,0.0,0.31571451222274977,0.6314290244454995,0.31571846658363467,0.0,0.0,1
4.4,CN,0.19534450350440113,0.22068772460398123,0.0,0.0,0.0,0.31553308344973663,0.6310661668994733,0.3155370355382051,0.0,0.0,1
4.405,CN,0.19525338829368238,0.22105122191726406,0.0,0.0,0.0,0.31535185737667587,0.6307037147533519,0.3153558071952668,0.0,0.0,1
4.41,CN,0.19516229419388348,0.2214146350101123,0.0,0.0,0.0,0.3151708333989996,0.6303416667979992,0.31517478095024415,0.0,0.0,1
4.415,CN,0.19507122130006574,0.2217779635032859,0.0,0.0,0.0,0.3149900109147135,0.629980021829427,0.31499395620113546,0.0,0.0,1
4.42,CN,0.19498016970678106,0.2221412070195772,0.0,0.0,0.0,0.31480938932438546,0.6296187786487708,0.314813332348501,0.0,0.0,1
4.425,CN,0.1948891395080743,0.2225043651838013,0.0,0.0,0.0,0.31462896803113216,0.6292579360622643,0.31463290879545014,0.0,0.0,1
4.43,CN,0.1947981307974854,0.2228674376227875,0.0,0.0,0.0,0.31444874644060833,0.6288974928812167,0.31445268494762996,0.0,0.0,1
4.4350000000000005,CN,0.19470714366805164,0.22323042396537057,0.0,0.0,0.0,0.3142687239609955,0.628537447921991,0.3142726602132147,0.0,0.0,1
4.44,CN,0.19461617821230975,0.2235933238423822,0.0,0.0,0.0,0.3140889000029896,0.6281778000059792,0.3140928340028929,0.0,0.0,1
4.445,CN,0.19452523452229836,0.22395613688664118,0.0,0.0,0.0,0.3139092739797898,0.6278185479595797,0.31391320572985637,0.0,0.0,1
4.45,CN,0.19443431268955996,0.22431886273294552,0.0,0.0,0.0,0.3137298453070868,0.6274596906141736,0.31373377480978837,0.0,0.0,1
4.455,CN,0.19434341280514314,0.22468150101806375,0.0,0.0,0.0,0.31355061340305207,0.6271012268061041,0.31355454066085325,0.0,0.0,1
4.46,CN,0.19425253495960487,0.22504405138072558,0.0,0.0,0.0,0.3133715776883254,0.6267431553766508,0.3133755027036835,0.0,0.0,1
4.465,CN,0.19416167924301259,0.22540651346161375,0.0,0.0,0.0,0.3131927375860045,0.626385475172009,0.31319666036136956,0.0,0.0,1
4.47,CN,0.19407084574494624,0.22576888690335573,0.0,0.0,0.0,0.31301409252163315,0.6260281850432663,0.31301801305944804,0.0,0.0,1
4.4750000000000005,CN,0.19398003455450064,0.22613117135051441,0.0,0.0,0.0,0.31283564192319047,0.6256712838463809,0.31283956022589093,0.0,0.0,1
4.48,CN,0.19388924576028752,0.22649336644957999,0.0,0.0,0.0,0.3126573852210793,0.6253147704421586,0.3126613012910939,0.0,0.0,1
4.485,CN,0.1937984794504376,0.22685547184896146,0.0,0.0,0.0,0.31247932184811633,0.6249586436962327,0.3124832356878665,0.0,0.0,1
4.49,CN,0.1937077357126028,0.2272174871989781,0.0,0.0,0.0,0.31230145123951836,0.6246029024790367,0.3123053628514186,0.0,0.0,1
4.495,CN,0.19361701463395836,0.22757941215185085,0.0,0.0,0.0,0.3121237728328945,0.624247545665789,0.31212768221935205,0.0,0.0,1
4.5,CN,0.19352631630120487,0.22794124636169416,0.0,0.0,0.0,0.31194630837041143,0.6238926167408229,0.311950215534106,0.0,0.0,1
4.505,CN,0.19343564080057046,0.22830298948450736,0.0,0.0,0.0,0.31176903587843935,0.6235380717568787,0.31177294082177537,0.0,0.0,1
4.51,CN,0.19334498821781268,0.22866464117816712,0.0,0.0,0.0,0.3115919538123261,0.6231839076246521,0.3115958565376887,0.0,0.0,1
4.515,CN,0.19325435863822094,0.22902620110241775,0.0,0.0,0.0,0.3114150616195809,0.6228301232391618,0.3114189621293483,0.0,0.0,1
4.5200000000000005,CN,0.19316375214661818,0.2293876689188644,0.0,0.0,0.0,0.31123835875004746,0.6224767175000949,0.3112422570465909,0.0,0.0,1
4.525,CN,0.19307316882736328,0.22974904429096374,0.0,0.0,0.0,0.31106184465589365,0.6221236893117873,0.3110657407415776,0.0,0.0,1
4.53,CN,0.19298260876435291,0.2301103268840162,0.0,0.0,0.0,0.3108855187916013,0.6217710375832026,0.3108894126687834,0.0,0.0,1
4.535,CN,0.19289207204102354,0.23047151636515828,0.0,0.0,0.0,0.3107093806139543,0.6214187612279086,0.31071327228498524,0.0,0.0,1
4.54,CN,0.19280155874035368,0.2308326124033534,0.0,0.0,0.0,0.31053342958202934,0.6210668591640587,0.3105373190492532,0.0,0.0,1
4.545,CN,0.1927110689448657,0.23119361466938476,0.0,0.0,0.0,0.3103576651571849,0.6207153303143698,0.31036155242293895,0.0,0.0,1
4.55,CN,0.192620602736628,0.23155452283584657,0.0,0.0,0.0,0.31018208680305115,0.6203641736061023,0.31018597186966596,0.0,0.0,1
4.555,CN,0.19253016019725694,0.2319153365771366,0.0,0.0,0.0,0.3100066939855195,0.620013387971039,0.3100105768553189,0.0,0.0,1
4.5600000000000005,CN,0.19243974140791875,0.23227605556944805,0.0,0.0,0.0,0.3098314861727318,0.6196629723454636,0.3098353668480331,0.0,0.0,1
4.565,CN,0.19234934644933188,0.2326366794907609,0.0,0.0,0.0,0.3096564628350708,0.6193129256701416,0.30966034131818443,0.0,0.0,1
4.57,CN,0.1922589754017685,0.23299720802083518,0.0,0.0,0.0,0.3094816234451498,0.6189632468902995,0.30948549973837974,0.0,0.0,1
4.575,CN,0.19216862834505688,0.2333576408412021,0.0,0.0,0.0,0.30930696747780184,0.6186139349556037,0.3093108415834456,0.0,0.0,1
4.58,CN,0.19207830535858306,0.23371797763515698,0.0,0.0,0.0,0.3091324944100714,0.6182649888201428,0.30913636633041974,0.0,0.0,1
4.585,CN,0.1919880065212931,0.2340782180877503,0.0,0.0,0.0,0.30895820372120114,0.6179164074424023,0.3089620734585384,0.0,0.0,1
4.59,CN,0.19189773191169476,0.2344383618857814,0.0,0.0,0.0,0.3087840948926255,0.617568189785251,0.30878796244922946,0.0,0.0,1
4.595,CN,0.1918074816078596,0.23479840871778956,0.0,0.0,0.0,0.308610167407958,0.617220334815916,0.30861403278610006,0.0,0.0,1
4.6000000000000005,CN,0.19171725568742498,0.2351583582740463,0.0,0.0,0.0,0.3084364207529838,0.6168728415059676,0.30844028395492884,0.0,0.0,1
4.605,CN,0.1916270542275958,0.2355182102465485,0.0,0.0,0.0,0.30826285441564627,0.6165257088312925,0.3082667154436528,0.0,0.0,1
4.61,CN,0.19153687730514643,0.23587796432901054,0.0,0.0,0.0,0.3080894678860415,0.616178935772083,0.3080933267423617,0.0,0.0,1
4.615,CN,0.19144672499642296,0.23623762021685543,0.0,0.0,0.0,0.30791626065640554,0.6158325213128111,0.30792011734328506,0.0,0.0,1
4.62,CN,0.19135659737734462,0.23659717760720905,0.0,0.0,0.0,0.3077432322211054,0.6154864644422108,0.30774708674078366,0.0,0.0,1
4.625,CN,0.191266494523406,0.2369566361988914,0.0,0.0,0.0,0.3075703820766293,0.6151407641532586,0.30757423443133947,0.0,0.0,1
4.63,CN,0.19117641650967887,0.23731599569240927,0.0,0.0,0.0,0.30739770972157754,0.6147954194431551,0.30740155991354645,0.0,0.0,1
4.635,CN,0.19108636341081398,0.2376752557899491,0.0,0.0,0.0,0.30722521465665276,0.6144504293133055,0.30722906268810096,0.0,0.0,1
4.64,CN,0.19099633530104299,0.23803441619536922,0.0,0.0,0.0,0.3070528963846502,0.6141057927693003,0.30705674225779206,0.0,0.0,1
4.6450000000000005,CN,0.19090633225418047,0.23839347661419194,0.0,0.0,0.0,0.30688075441044904,0.6137615088208981,0.3068845981274927,0.0,0.0,1
4.65,CN,0.19081635434362543,0.2387524367535974,0.0,0.0,0.0,0.3067087882410003,0.6134175764820006,0.30671262980414776,0.0,0.0,1
4.655,CN,0.19072640164236343,0.23911129632241512,0.0,0.0,0.0,0.30653699738532114,0.6130739947706423,0.3065408367967682,0.0,0.0,1
4.66,CN,0.1906364742229685,0.2394700550311165,0.0,0.0,0.0,0.30636538135448316,0.6127307627089663,0.3063692186164195,0.0,0.0,1
4.665,CN,0.19054657215760462,0.23982871259180877,0.0,0.0,0.0,0.3061939396616041,0.6123878793232082,0.30619777477621335,0.0,0.0,1
4.67,CN,0.1904566955180279,0.2401872687182262,0.0,0.0,0.0,0.3060226718218363,0.6120453436436726,0.306026504791296,0.0,0.0,1
4.675,CN,0.19036684437558818,0.2405457231257241,0.0,0.0,0.0,0.30585157735236224,0.6117031547047245,0.3058554081788439,0.0,0.0,1
4.68,CN,0.19027701880123088,0.24090407553127086,0.0,0.0,0.0,0.3056806557723793,0.6113613115447586,0.30568448445804836,0.0,0.0,1
4.6850000000000005,CN,0.190187218865499,0.24126232565344055,0.0,0.0,0.0,0.3055099066030972,0.6110198132061944,0.30551373315011304,0.0,0.0,1
4.69,CN,0.19009744463853456,0.2416204732124068,0.0,0.0,0.0,0.30533932936772246,0.6106786587354449,0.3053431537782387,0.0,0.0,1
4.695,CN,0.19000769619008073,0.24197851792993444,0.0,0.0,0.0,0.3051689235914542,0.6103378471829084,0.30517274586761833,0.0,0.0,1
4.7,CN,0.18991797358948337,0.24233645952937344,0.0,0.0,0.0,0.3049986888014723,0.6099973776029446,0.3050025089454259,0.0,0.0,1
4.705,CN,0.1898282769056929,0.24269429773565115,0.0,0.0,0.0,0.3048286245269301,0.6096572490538603,0.30483244254080905,0.0,0.0,1
4.71,CN,0.18973860620726607,0.24305203227526562,0.0,0.0,0.0,0.30465873029894464,0.6093174605978893,0.3046625461848786,0.0,0.0,1
4.715,CN,0.18964896156236788,0.24340966287627766,0.0,0.0,0.0,0.304489005650588,0.608978011301176,0.30449281941070105,0.0,0.0,1
4.72,CN,0.18955934303877287,0.24376718926830582,0.0,0.0,0.0,0.3043194501168787,0.6086389002337574,0.30432326175328905,0.0,0.0,1
4.7250000000000005,CN,0.18946975070386723,0.2441246111825179,0.0,0.0,0.0,0.3041500632347728,0.6083001264695456,0.30415387274959277,0.0,0.0,1
4.73,CN,0.18938018462465067,0.24448192835162363,0.0,0.0,0.0,0.30398084454315394,0.6079616890863079,0.30398465193849017,0.0,0.0,1
4.735,CN,0.18929064486773767,0.24483914050986955,0.0,0.0,0.0,0.30381179358282784,0.6076235871656557,0.3038155988607812,0.0,0.0,1
4.74,CN,0.1892011314993597,0.24519624739303011,0.0,0.0,0.0,0.3036429098965088,0.6072858197930175,0.30364671305917434,0.0,0.0,1
4.745,CN,0.18911164458536647,0.24555324873840273,0.0,0.0,0.0,0.3034741930288162,0.6069483860576323,0.3034779940782834,0.0,0.0,1
4.75,CN,0.18902218419122802,0.2459101442847998,0.0,0.0,0.0,0.303305642526262,0.606611285052524,0.3033094414646147,0.0,0.0,1
4.755,CN,0.18893275038203625,0.2462669337725419,0.0,0.0,0.0,0.3031372579372452,0.6062745158744904,0.3031410547665614,0.0,0.0,1
4.76,CN,0.18884334322250657,0.2466236169434518,0.0,0.0,0.0,0.30296903881204,0.60593807762408,0.3029728335343921,0.0,0.0,1
4.765,CN,0.1887539627769797,0.246980193540847,0.0,0.0,0.0,0.302800984702791,0.605601969405582,0.30280477732024585,0.0,0.0,1
4.7700000000000005,CN,0.18866460910942334,0.24733666330953313,0.0,0.0,0.0,0.3026330951635023,0.6052661903270046,0.3026368856781212,0.0,0.0,1
4.775,CN,0.18857528228343368,0.24769302599579804,0.0,0.0,0.0,0.30246536975002924,0.6049307395000585,0.30246915816386793,0.0,0.0,1
4.78,CN,0.18848598236223735,0.2480492813474037,0.0,0.0,0.0,0.3022978080200713,0.6045956160401426,0.30230159433517984,0.0,0.0,1
4.785,CN,0.18839670940869258,0.248405429113582,0.0,0.0,0.0,0.302130409533163,0.6042608190663261,0.3021341937515862,0.0,0.0,1
4.79,CN,0.18830746348529148,0.24876146904502527,0.0,0.0,0.0,0.30196317385066584,0.6039263477013317,0.3019669559744426,0.0,0.0,1
4.795,CN,0.1882182446541613,0.2491174008938816,0.0,0.0,0.0,0.30179610053576006,0.6035922010715201,0.3017998805669242,0.0,0.0,1
4.8,CN,0.18812905297706606,0.2494732244137479,0.0,0.0,0.0,0.3016291891534356,0.6032583783068712,0.3016329670940153,0.0,0.0,1
4.805,CN,0.18803988851540843,0.24982893935966294,0.0,0.0,0.0,0.3014624392704864,0.6029248785409728,0.3014662151225045,0.0,0.0,1
4.8100000000000005,CN,0.18795075133023098,0.25018454548810193,0.0,0.0,0.0,0.3012958504554985,0.602591700910997,0.30129962422097234,0.0,0.0,1
4.815,CN,0.18786164148221815,0.2505400425569688,0.0,0.0,0.0,0.3011294222788465,0.602258844557693,0.3011331939597881,0.0,0.0,1
4.82,CN,0.1877725590316975,0.25089543032559125,0.0,0.0,0.0,0.3009631543126808,0.6019263086253616,0.30096692391109686,0.0,0.0,1
4.825,CN,0.1876835040386418,0.2512507085547125,0.0,0.0,0.0,0.30079704613092456,0.6015940922618491,0.3008008136488164,0.0,0.0,1
4.83,CN,0.1875944765626702,0.25160587700648646,0.0,0.0,0.0,0.3006310973092605,0.601262194618521,0.3006348627486241,0.0,0.0,1
4.835,CN,0.18750547666304984,0.25196093544447107,0.0,0.0,0.0,0.30046530742512734,0.6009306148502547,0.3004690707879534,0.0,0.0,1
4.84,CN,0.18741650439869778,0.2523158836336213,0.0,0.0,0.0,0.30029967605770963,0.6005993521154193,0.3003034373459836,0.0,0.0,1
4.845,CN,0.18732755982818228,0.25267072134028346,0.0,0.0,0.0,0.30013420278793074,0.6002684055758615,0.3001379620036328,0.0,0.0,1
4.8500000000000005,CN,0.18723864300972418,0.2530254483321898,0.0,0.0,0.0,0.29996888719844406,0.5999377743968881,0.2999726443435492,0.0,0.0,1
4.855,CN,0.18714975400119904,0.2533800643784502,0.0,0.0,0.0,0.29980372887362705,0.5996074577472541,0.29980748395010504,0.0,0.0,1
4.86,CN,0.18706089286013822,0.25373456924954746,0.0,0.0,0.0,0.2996387273995721,0.5992774547991442,0.29964248040938746,0.0,0.0,1
4.865,CN,0.18697205964373054,0.2540889627173312,0.0,0.0,0.0,0.2994738823640784,0.5989477647281568,0.2994776333091906,0.0,0.0,1
4.87,CN,0.18688325440882386,0.25444324455501105,0.0,0.0,0.0,0.2993091933566456,0.5986183867132912,0.29931294223900884,0.0,0.0,1
4.875,CN,0.1867944772119267,0.25479741453715055,0.0,0.0,0.0,0.2991446599684663,0.5982893199369326,0.2991484067900298,0.0,0.0,1
4.88,CN,0.1867057281092095,0.255151472439662,0.0,0.0,0.0,0.298980281792416,0.597960563584832,0.29898402655512374,0.0,0.0,1
4.885,CN,0.18661700715650653,0.2555054180397986,0.0,0.0,0.0,0.29881605842305026,0.5976321168461005,0.29881980112884127,0.0,0.0,1
4.89,CN,0.18652831440931705,0.25585925111615027,0.0,0.0,0.0,0.2986519894565908,0.5973039789131817,0.298655730107399,0.0,0.0,1
4.8950000000000005,CN,0.18643964992280698,0.25621297144863675,0.0,0.0,0.0,0.2984880744909236,0.5969761489818473,0.29849181308867784,0.0,0.0,1
4.9,CN,0.18635101375181035,0.25656657881850176,0.0,0.0,0.0,0.29832431312558905,0.5966486262511781,0.29832804967221316,0.0,0.0,1
4.905,CN,0.18626240595083088,0.25692007300830677,0.0,0.0,0.0,0.2981607049617749,0.5963214099235498,0.2981644394591878,0.0,0.0,1
4.91,CN,0.1861738265740433,0.25727345380192573,0.0,0.0,0.0,0.2979972496023076,0.5959944992046152,0.2980009820524232,0.0,0.0,1
4.915,CN,0.1860852756752951,0.2576267209845382,0.0,0.0,0.0,0.29783394665164703,0.5956678933032941,0.2978376770563742,0.0,0.0,1
4.92,CN,0.18599675330810778,0.25797987434262404,0.0,0.0,0.0,0.29767079571587934,0.5953415914317587,0.29767452407712214,0.0,0.0,1
4.925,CN,0.1859082595256783,0.258332913663958,0.0,0.0,0.0,0.2975077964027067,0.5950155928054134,0.29751152272236414,0.0,0.0,1
4.93,CN,0.18581979438088073,0.258685838737603,0.0,0.0,0.0,0.297344948321443,0.594689896642886,0.29734867260140935,0.0,0.0,1
4.9350000000000005,CN,0.18573135792626763,0.2590386493539044,0.0,0.0,0.0,0.29718225108300556,0.5943645021660111,0.29718597332517016,0.0,0.0,1
4.94,CN,0.18564295021407135,0.2593913453044854,0.0,0.0,0.0,0.297019704299908,0.594039408599816,0.29702342450615526,0.0,0.0,1
4.945,CN,0.18555457129620578,0.2597439263822391,0.0,0.0,0.0,0.2968573075862535,0.593714615172507,0.2968610257584631,0.0,0.0,1
4.95,CN,0.18546622122426742,0.2600963923813253,0.0,0.0,0.0,0.2966950605577263,0.5933901211154526,0.29669877669777306,0.0,0.0,1
4.955,CN,0.1853779000495372,0.2604487430971627,0.0,0.0,0.0,0.2965329628315868,0.5930659256631736,0.2965366769413407,0.0,0.0,1
4.96,CN,0.18528960782298154,0.2608009783264243,0.0,0.0,0.0,0.29637101402666266,0.5927420280533253,0.29637472610798904,0.0,0.0,1
4.965,CN,0.18520134459525403,0.26115309786703156,0.0,0.0,0.0,0.29620921376334247,0.5924184275266849,0.29621292381810177,0.0,0.0,1
4.97,CN,0.1851131104166967,0.26150510151814865,0.0,0.0,0.0,0.29604756166357,0.59209512332714,0.296051269693618,0.0,0.0,1
4.9750000000000005,CN,0.18502490533734153,0.2618569890801768,0.0,0.0,0.0,0.2958860573508338,0.5917721147016676,0.29588976335802153,0.0,0.0,1
4.98,CN,0.1849367294069118,0.26220876035474866,0.0,0.0,0.0,0.295724700450164,0.591449400900328,0.29572840443633786,0.0,0.0,1
4.985,CN,0.18484858267482343,0.26256041514472317,0.0,0.0,0.0,0.2955634905881247,0.5911269811762494,0.2955671925551263,0.0,0.0,1
4.99,CN,0.18476046519018646,0.26291195325417943,0.0,0.0,0.0,0.29540242739280487,0.5908048547856097,0.2954061273424713,0.0,0.0,1
4.995,CN,0.18467237700180641,0.26326337448841153,0.0,0.0,0.0,0.2952415104938138,0.5904830209876275,0.29524520842797736,0.0,0.0,1
5.0,CN,0.18458431815818566,0.26361467865392285,0.0,0.0,0.0,0.2950807395222731,0.5901614790445462,0.29508443544276164,0.0,0.0,1
0.0,PINN Vanilla,0.2506637051067612,4.0896033994990844e-06,0.0001630153945273229,0.0005301609635353088,-0.0005301609635353088,1.0001130104064941,2.001067914068699,1.0005464888382118,0.00012553693795123682,0.0005301676038628698,1
0.005,PINN Vanilla,0.2506645030712148,7.2730228601970935e-06,0.00019168874019597794,0.0005089640617370605,-0.0005089640617370605,0.9952717423439026,1.9914034772664309,0.9957142099129819,0.0,0.0005089704365709678,1
0.01,PINN Vanilla,0.25066449356408,7.235094857505218e-06,0.0002573167405258348,0.0006370760356443073,-0.0004886910319328308,0.9904840588569641,1.9818451087921858,0.9909349658160225,0.0,0.0004886971528446884,1
0.015,PINN Vanilla,0.2506637782067269,4.381230241169074e-06,0.00033137389567671757,0.0008264502130713447,-0.0004686787724494934,0.9857500195503235,1.9723919034004211,0.9862083039188931,0.0,0.00046868464270547974,1
0.02,PINN Vanilla,0.25066244630823586,9.32279097655871e-07,0.00040412017556639514,0.001002134992145659,-0.00045640207827091217,0.9810695052146912,1.9630453158169985,0.981534951593635,0.0,0.00045640779475987996,1
0.025,PINN Vanilla,0.25066060549649477,8.276059755888322e-06,0.0004724341325970977,0.0011652917173033406,-0.00048747099936008453,0.9764426350593567,1.9538045544177294,0.9769145130231963,0.0,0.0004874771049908926,1
0.03,PINN Vanilla,0.2506583159140594,1.7410177508896512e-05,0.0005353157704604496,0.001315189185398885,-0.0005165133625268936,0.9718692898750305,1.9446694944053888,0.9723469258081829,0.0,0.0005165198319166689,1
0.035,PINN Vanilla,0.25065566960431346,2.796743216679116e-05,0.0005925149773062406,0.0014528185053198084,-0.0005435291677713394,0.9673494696617126,1.9356401208788157,0.967832182497921,0.0,0.000543535975537209,1
0.04,PINN Vanilla,0.2506527387620033,3.965980819272013e-05,0.0006441186521302175,0.001577720097351104,-0.000568874180316925,0.9628822207450867,1.9267151355743408,0.9633696339524455,0.0,0.0005688813055320165,1
0.045,PINN Vanilla,0.250649585422162,5.223982146534772e-05,0.0006902792024430945,0.0016917307186469777,-0.0005923118442296982,0.9584680199623108,1.9178951289504766,0.9589595754047104,0.0,0.0005923192630042486,1
0.05,PINN Vanilla,0.2506462671235577,6.547792537590103e-05,0.0007313133904735964,0.0017944563760042553,-0.0006139613687992096,0.9541062712669373,1.909178864210844,0.9546013884487807,0.0,0.0006139690587365663,1
0.055,PINN Vanilla,0.2506428422337329,7.914126698246272e-05,0.0007674712194156165,0.0018872239584161177,-0.0006338208913803101,0.9497964382171631,1.9005656391382217,0.950294721971648,0.0,0.0006338288300604906,1
0.06,PINN Vanilla,0.25063936204255166,9.302522921128668e-05,0.0007990997656336055,0.0019697946757636364,-0.000651773065328598,0.9455381631851196,1.8920542933046818,0.9460389957520812,0.0,0.0006517812288618396,1
0.065,PINN Vanilla,0.25063586074512106,0.0001069933932421488,0.0008264597658067649,0.0020434033202968716,-0.0006684139370918274,0.9413307905197144,1.8836438283324242,0.9418337105949277,0.0,0.0006684223090539179,1
0.07,PINN Vanilla,0.25063239398866416,0.00012082375864382147,0.000849897808021687,0.0021081424085819533,-0.0006835032254457474,0.93717360496521,1.875333147123456,0.9376783179443205,0.0,0.0006835117864029247,1
0.075,PINN Vanilla,0.250628984513673,0.00013442560392539364,0.0008696916900423156,0.0021647209836641312,-0.0006969235837459564,0.9330668449401855,1.8671225048601627,0.9335729453930506,0.0,0.0006969323127946781,1
0.08,PINN Vanilla,0.25062566866223757,0.0001476539450389622,0.0008861358889151432,0.002213749800915654,-0.0007085539400577545,0.9290090799331665,1.8590085543692112,0.9295159193334893,0.0,0.0007085628147780379,1
0.085,PINN Vanilla,0.25062246476714917,0.00016043564468588606,0.000899527234640099,0.002255533131102022,-0.0007189922034740448,0.9250000715255737,1.8509919382631779,0.9255075610759493,0.0,0.0007190012089347882,1
0.09,PINN Vanilla,0.2506194068035027,0.0001726351617680461,0.0009101245575967493,0.002290456588850298,-0.0007277615368366241,0.9210389256477356,1.8430697657167912,0.921546425189691,0.0,0.0007277706521342851,1
0.095,PINN Vanilla,0.2506165074863218,0.00018420177065031664,0.0009182303698660784,0.0023195239528319422,-0.0007354561239480972,0.9171254634857178,1.835242385044694,0.917632685834217,0.0,0.0007354653356213542,1
0.1,PINN Vanilla,0.2506137764038475,0.00019509721976276065,0.0009240864420253773,0.002342330967397638,-0.0007416009902954102,0.9132587313652039,1.8275077119469643,0.9137653008465133,0.0,0.0007416102789338309,1
0.105,PINN Vanilla,0.2506112539655975,0.0002051602983592186,0.0009279428640398215,0.0023598074979901684,-0.0007465537637472153,0.9094380140304565,1.8198649119585752,0.9099438529888406,0.0,0.000746563114419698,1
0.11,PINN Vanilla,0.2506089176417695,0.00021448088739964,0.0009300541384773485,0.0023723701120592078,-0.0007501933723688126,0.905662477016449,1.8123113382607698,0.9061670188352445,0.0,0.0007502027686278154,1
0.115,PINN Vanilla,0.25060679092425275,0.00022296526775013708,0.0009306605157531208,0.0023801608065937563,-0.0007525216788053513,0.901931881904602,1.8048469331115484,0.9024347695143637,0.0,0.0007525311042266623,1
0.12,PINN Vanilla,0.25060487314089164,0.00023061612092520158,0.0009299818801417872,0.0023837923600346644,-0.0007538944482803345,0.8982452750205994,1.7974703907966614,0.8987464521608961,0.0,0.0007539038908957424,1
0.125,PINN Vanilla,0.25060317400205245,0.00023739470814533513,0.0009282483898171054,0.002383266489532382,-0.0007539577782154083,0.8946020007133484,1.7901794724166393,0.8951009473110859,0.0,0.000753967221624031,1
0.13,PINN Vanilla,0.2506016893153852,0.0002433177544771602,0.0009256603300745785,0.00237943962119333,-0.0007529444992542267,0.891001284122467,1.7829736210405827,0.8914979764959955,0.0,0.0007529539299714128,1
0.135,PINN Vanilla,0.2506004138835692,0.00024840599424231374,0.0009224115386345126,0.002371881390547198,-0.000750979408621788,0.8874424695968628,1.775851046666503,0.8879366447034205,0.0,0.0007509888147259861,1
0.14,PINN Vanilla,0.2505993411211564,0.00025268569959297995,0.0009187055227594098,0.002361389329969321,-0.0007478203624486923,0.8839249610900879,1.7688101138919592,0.8844161342218988,0.0,0.0007478297289854707,1
0.145,PINN Vanilla,0.25059849800480466,0.00025604924917183334,0.0009147050162178934,0.0023481885217913057,-0.0007441844791173935,0.880448043346405,1.7618505489081144,0.8809363081452971,0.0,0.0007441938001143114,1
0.15,PINN Vanilla,0.25059783752929343,0.0002586841667879627,0.000910576998328996,0.0023324779626234526,-0.0007391162216663361,0.8770109415054321,1.7549697794020176,0.8774958803010305,0.0,0.0007391254791827415,1
0.155,PINN Vanilla,0.2505973711436441,0.00026054477742744976,0.0009064839987247567,0.0023143589543755394,-0.0007332134991884232,0.8736131191253662,1.7481673303991556,0.8740946131988682,0.0,0.0007332226827725449,1
0.16,PINN Vanilla,0.25059709631678495,0.0002616411786115575,0.0009025609632169013,0.0022940449629664794,-0.0007265936583280563,0.8702536225318909,1.7414412777870893,0.8707315447705405,0.0,0.0007266027589979035,1
0.165,PINN Vanilla,0.25059698823675347,0.0002620723558074684,0.0008989365645733933,0.0022720729125745576,-0.0007190201431512833,0.8669319152832031,1.7347902674227953,0.8674059979360553,0.0,0.0007190291489619744,1
0.17,PINN Vanilla,0.2505970438942313,0.0002618503144654957,0.0008957141422542251,0.0022483188071547866,-0.0007107313722372055,0.8636480569839478,1.7282144334167242,0.864118039751478,0.0,0.0007107402742300796,1
0.17500000000000002,PINN Vanilla,0.25059726293869056,0.00026097645299061936,0.0008929910605176958,0.002223544112040371,-0.0007018465548753738,0.860400378704071,1.721711041405797,0.8608663030181448,0.0,0.0007018553455848799,1
0.18,PINN Vanilla,0.25059761828346716,0.0002595588316015497,0.0008908593604867228,0.002197375865730572,-0.0006921254098415375,0.8571885228157043,1.715278547257185,0.8576500156599711,0.0,0.0006921340787925744,1
0.185,PINN Vanilla,0.25059810609326466,0.00025761275092648294,0.0008893559866399294,0.0021702593850787266,-0.000681806355714798,0.8540121912956238,1.7089172266423702,0.8544693155144245,0.0,0.0006818148954184851,1
0.19,PINN Vanilla,0.250598708474384,0.0002552095965385659,0.000888556264589516,0.002141682073408896,-0.0006708931177854538,0.8508706092834473,1.7026251461356878,0.8513232358565642,0.0,0.00067090152079957,1
0.195,PINN Vanilla,0.25059942250886746,0.0002523610094114502,0.0008884716552462796,0.002112835282305492,-0.0006593819707632065,0.8477633595466614,1.6964012663811445,0.8482112570018846,0.0,0.0006593902295988711,1
0.2,PINN Vanilla,0.25060021706499735,0.0002491911872029594,0.0008891440470377735,0.002083224244928128,-0.000647272914648056,0.8446893095970154,1.6902436651289463,0.8451324178134506,0.0,0.0006472810218163883,1
0.20500000000000002,PINN Vanilla,0.25060110803305713,0.0002456367368165297,0.0008905531033420388,0.0020528908808442603,-0.0006348062306642532,0.8416481614112854,1.6841518301516771,0.8420864621743461,0.0,0.0006348141816859226,1
0.21,PINN Vanilla,0.2506020576548618,0.00024184829170492786,0.0008927098085248578,0.0020225419582954596,-0.0006216242909431458,0.8386397361755371,1.6781248599290848,0.8390729393187994,0.0,0.0006216320768594912,1
0.215,PINN Vanilla,0.25060305017810147,0.00023788869452968085,0.0008955784995435409,0.001991721791165496,-0.0006082020699977875,0.8356630206108093,1.672161478549242,0.8360912112828564,0.0,0.0006082096877992587,1
0.22,PINN Vanilla,0.25060409521805244,0.0002337195858654723,0.0008991511576976391,0.0019949586035707045,-0.0005943048745393753,0.8327176570892334,1.6662605199962854,0.8331406950512829,0.0,0.0005943123182768615,1
0.225,PINN Vanilla,0.2506051745118426,0.00022941382407360195,0.0009033489928820154,0.002022843468752632,-0.00057980976998806,0.8298031687736511,1.6604209672659636,0.8302208821155843,0.0,0.0005798170321726805,1
0.23,PINN Vanilla,0.2506062640595036,0.00022506715523163478,0.000908166253054314,0.002050227113078014,-0.0005654320120811462,0.8269185423851013,1.6546414569020271,0.8273310907390973,0.0,0.0005654390941826812,1
0.23500000000000001,PINN Vanilla,0.2506073511404184,0.00022073032728898387,0.0009135263564937318,0.0020765616039805845,-0.000550219789147377,0.8240640163421631,1.6489213202148676,0.8244709865728297,0.0,0.0005502266807140553,1
0.24,PINN Vanilla,0.25060843434967883,0.00021640894502149505,0.0009193714822014868,0.002102165322318282,-0.000534767284989357,0.82123863697052,1.643259847536683,0.8216402147784365,0.0,0.0005347739830116284,1
0.245,PINN Vanilla,0.25060950105150304,0.00021215341793536603,0.0009256438284377236,0.0021266527051418274,-0.000519435852766037,0.8184424042701721,1.6376566551625729,0.8188385835010642,0.0,0.0005194423587603416,1
0.25,PINN Vanilla,0.2506105312993666,0.00020804332119662064,0.0009322855388071425,0.0021504078550967564,-0.0005038641393184662,0.8156740665435791,1.6321094371378422,0.8160649397489242,0.0,0.0005038704502752536,1
0.255,PINN Vanilla,0.25061151072349364,0.00020413598195074764,0.0009392218182555413,0.002172786456451104,-0.00048757530748844147,0.812933623790741,1.6266171503812075,0.8133187619748425,0.0,0.00048758141442572096,1
0.26,PINN Vanilla,0.2506124408332047,0.00020042537887613284,0.0009463934087629803,0.002194745973667123,-0.00047140568494796753,0.81022047996521,1.6211798042058945,0.8106000548354902,0.0,0.0004714115893588492,1
0.265,PINN Vanilla,0.2506133071002406,0.00019696947137567793,0.0009537418902750698,0.002215561089569336,-0.0004551168531179428,0.8075345158576965,1.6157964747399092,0.8079083563890846,0.0,0.0004551225535093165,1
0.27,PINN Vanilla,0.2506141014391551,0.00019380051573181627,0.0009612022371746357,0.002235597585682908,-0.0004387069493532181,0.8048747181892395,1.6104657370597124,0.8052429541649324,0.0,0.00043871244420864373,1
0.275,PINN Vanilla,0.25061481000876074,0.00019097373032575507,0.0009687092996995875,0.002254322558017159,-0.0004220586270093918,0.8022415041923523,1.6051879581063986,0.8026040316358787,0.0,0.0004220639133426491,1
0.28,PINN Vanilla,0.2506154275026631,0.00018851028462113595,0.0009762123089014566,0.0022721957140420307,-0.00040552951395511627,0.7996340394020081,1.5999617148190737,0.7999908772625646,0.0,0.00040553459325931535,1
0.28500000000000003,PINN Vanilla,0.25061593972541785,0.0001864668102803378,0.0009836682272431566,0.0022894116233611126,-0.0003891177475452423,0.797051191329956,1.5947849862277508,0.7974024805473401,0.0,0.00038912262129016357,1
0.29,PINN Vanilla,0.25061634308877623,0.00018485762235340814,0.000991017785341144,0.0023052714595460213,-0.0003722291439771652,0.7944937348365784,1.5896584000438452,0.7948391553498441,0.0,0.0003722338061903679,1
0.295,PINN Vanilla,0.2506166277742302,0.00018372189104313424,0.0009982145909395018,0.0023201499301215255,-0.00035581737756729126,0.7919607758522034,1.5845814123749733,0.7923006297204783,0.0,0.00035582183422121607,1
0.3,PINN Vanilla,0.25061678304686563,0.00018310244248613916,0.001005220062770279,0.002334362765261103,-0.00033892691135406494,0.7894517779350281,1.579551950097084,0.7897858670842346,0.0,0.0003389311564529413,1
0.305,PINN Vanilla,0.2506168150008321,0.00018297496452861732,0.0010120019615826117,0.0023475669232514767,-0.00032251328229904175,0.7869667410850525,1.5745709091424942,0.7872953154128818,0.0,0.00032251732181531043,1
0.31,PINN Vanilla,0.25061669908613116,0.00018343739755195682,0.001018526760998562,0.0023594502750351317,-0.0003199055790901184,0.784504771232605,1.5696351900696754,0.7848274249662455,0.0,0.0003199095859446019,1
0.315,PINN Vanilla,0.25061644541306627,0.00018444940725715687,0.0010247664768274162,0.002370555954605445,-0.0003252178430557251,0.7820661664009094,1.5647468771785498,0.7823832379073397,0.0,0.0003252219164469309,1
0.32,PINN Vanilla,0.25061604409693955,0.00018605042790660427,0.0010306997932110582,0.0023806186906393132,-0.00033041834831237793,0.7796502709388733,1.559904109686613,0.7799618238332591,0.0,0.0003304224868405153,1
0.325,PINN Vanilla,0.25061548571172243,0.00018827806393574567,0.001036296535198643,0.0023900533426546855,-0.0003354698419570923,0.7772567868232727,1.5551057755947113,0.7775626267374626,0.0,0.00033547404375577347,1
0.33,PINN Vanilla,0.250614770730068,0.00019113042973048272,0.0010415471741144528,0.0023982811408842317,-0.00034055858850479126,0.7748851776123047,1.5503512285649776,0.7751853234469693,0.0,0.0003405628540406132,1
0.335,PINN Vanilla,0.2506138830593935,0.0001946717254450271,0.0010464422974278,0.0024058041236363244,-0.00034546852111816406,0.7725354433059692,1.5456408485770226,0.7728301039539639,0.0,0.0003454728481514615,1
0.34,PINN Vanilla,0.25061283694362047,0.00019884512602097172,0.0010509743032157464,0.0024123461968039335,-0.00035024434328079224,0.7702069878578186,1.5409730095416307,0.7704961552036553,0.0,0.00035024873013181617,1
0.34500000000000003,PINN Vanilla,0.2506116200592723,0.0002036997950454818,0.001055123793635104,0.0024178067878964406,-0.0003549158573150635,0.7679000496864319,1.5363479815423489,0.7681836122395083,0.0,0.00035492030267734255,1
0.35000000000000003,PINN Vanilla,0.2506102269284196,0.00020925758630783284,0.001058906631945162,0.00242262590455887,-0.0003597661852836609,0.7656134366989136,1.5317641403526068,0.765891662938066,0.0,0.00035977069139686037,1
0.355,PINN Vanilla,0.25060865513372554,0.00021552814359259725,0.0010623176316442186,0.0024266516267508077,-0.00036404281854629517,0.7633479237556458,1.5272221621125937,0.7636206453736573,0.0,0.0003640473782248223,1
0.36,PINN Vanilla,0.25060690874727937,0.0002224952216043966,0.00106536206170568,0.0024294269348935915,-0.00036837905645370483,0.7611021399497986,1.5227197036147118,0.7613693879278088,0.0,0.0003683836704441147,1
0.365,PINN Vanilla,0.25060497315039293,0.00023021714050540718,0.001068043806292688,0.002431750587667987,-0.0003728345036506653,0.7588764429092407,1.518258249387145,0.7591386328739097,0.0,0.0003728391734460681,1
0.37,PINN Vanilla,0.2506028580590262,0.0002386551392005143,0.001070361738185528,0.00243311410382303,-0.000376969575881958,0.7566706538200378,1.5138364098966122,0.7569276854366169,0.0,0.00037697429746962014,1
0.375,PINN Vanilla,0.2506005687105868,0.0002477883234442592,0.0010723604765699554,0.0024336575214907695,-0.0003807246685028076,0.7544843554496765,1.509453171864152,0.7547360389701044,0.0,0.00038072943712344037,1
0.38,PINN Vanilla,0.25059808103052583,0.00025771273684712,0.0010740378816187141,0.0024338266537624435,-0.00038471072912216187,0.7523170113563538,1.505108430981636,0.7525636413196548,0.0,0.0003847155476686662,1
0.385,PINN Vanilla,0.2505954085915416,0.0002683742321453585,0.0010754047488106776,0.002433166077292317,-0.00038857758045196533,0.7501685619354248,1.5008018352091312,0.7504103164630966,0.0,0.00038858244743123106,1
0.39,PINN Vanilla,0.250592556083808,0.0002797540982414131,0.0010764893514067467,0.002431578263456087,-0.0003920644521713257,0.7480390071868896,1.4965327680110931,0.7482757561287966,0.0,0.00039206936282406413,1
0.395,PINN Vanilla,0.25058951181498496,0.00029189898085049497,0.0010773097610849653,0.002429394342281512,-0.00039555877447128296,0.7459278106689453,1.492300782352686,0.7461597367965375,0.0,0.0003955637288908135,1
0.4,PINN Vanilla,0.25058628197990584,0.0003047841661487787,0.001077893155230267,0.0024266998086957606,-0.000398978590965271,0.7438344359397888,1.488104721531272,0.7440616801077562,0.0,0.0003989835882183998,1
0.405,PINN Vanilla,0.25058286737378416,0.00031840648169150247,0.0010782666415759328,0.002423453715982172,-0.000402204692363739,0.7417592406272888,1.483944945037365,0.7419817658099611,0.0,0.00040220973002416205,1
0.41000000000000003,PINN Vanilla,0.2505792689540454,0.0003327621079011856,0.0010784685829521863,0.002419523003590999,-0.00040515512228012085,0.7397018074989319,1.4798211306333542,0.7399198327823289,0.0,0.0004051601968950208,1
0.41500000000000004,PINN Vanilla,0.25057547765357924,0.0003478872173360885,0.0010784901920351862,0.0024154971733892135,-0.0004080832004547119,0.7376615405082703,1.475731747224927,0.7378751154681146,0.0,0.00040808831174413065,1
0.42,PINN Vanilla,0.2505714968014676,0.0003637685288727102,0.0010783928697948677,0.0024103437902104636,-0.000411011278629303,0.7356390357017517,1.4716783612966537,0.7358483971194135,0.0,0.00041101642659324044,1
0.425,PINN Vanilla,0.25056733874356124,0.0003803567896638567,0.0010782002995422006,0.0024057032666523048,-0.00041369348764419556,0.7336332201957703,1.4676582291722298,0.7338383058808909,0.0,0.00041369866920311203,1
0.43,PINN Vanilla,0.2505629985538256,0.0003976716517555557,0.0010779384190171782,0.002399926718810598,-0.0004163086414337158,0.731644332408905,1.4636722411960363,0.7318452869303134,0.0,0.00041631385574773686,1
0.435,PINN Vanilla,0.2505584783829726,0.00041570453504327236,0.0010776575241732212,0.0023941183735287745,-0.00041875243186950684,0.7296718955039978,1.4597194604575634,0.7298688718065582,0.0,0.0004187576767922865,1
0.44,PINN Vanilla,0.25055376297838095,0.00043451628871861295,0.001077353653831336,0.002388010203808171,-0.00042103976011276245,0.7277160286903381,1.4558000192046165,0.7279091266343567,0.0,0.0004210450336845937,1
0.445,PINN Vanilla,0.2505488752045326,0.0004540156966416806,0.0010770915761458438,0.0023818210879398387,-0.00042320042848587036,0.7257760763168335,1.4519124012440443,0.7259652933076376,0.0,0.0004232057291203236,1
0.45,PINN Vanilla,0.25054380792688147,0.0004742312215504313,0.0010768924043239431,0.0023754646576176434,-0.00042523443698883057,0.7238522171974182,1.4480575546622276,0.724037845875529,0.0,0.00042523976309947624,1
0.455,PINN Vanilla,0.25053856662801793,0.000495140991060682,0.0010767965972576753,0.0023691894753094054,-0.0004271268844604492,0.7219444513320923,1.444234874099493,0.722126481654403,0.0,0.00042713223427421894,1
0.46,PINN Vanilla,0.2505331393359257,0.0005167927666354594,0.001076817707718597,0.0023626072700211626,-0.0004290640354156494,0.7200525403022766,1.4404446613043547,0.7202313515204064,0.0,0.00042906940949245955,1
0.465,PINN Vanilla,0.2505275389576728,0.000539135056492735,0.0010769928321718975,0.002356218531978139,-0.0004309117794036865,0.7181763052940369,1.436685711145401,0.7183518529002861,0.0,0.00043091717662370444,1
0.47000000000000003,PINN Vanilla,0.25052178797271996,0.0005620781805069047,0.0010773715131658038,0.0023499492231150894,-0.0004325062036514282,0.7163150906562805,1.4329569041728973,0.7164874260621644,0.0,0.00043251162084179476,1
0.47500000000000003,PINN Vanilla,0.2505158419880244,0.0005857992413989922,0.001077967592501601,0.00234383711359374,-0.0004342421889305115,0.7144687175750732,1.4292583987116814,0.7146381501694515,0.0,0.00043424762786429497,1
0.48,PINN Vanilla,0.2505097331645133,0.0006101699355573701,0.001078817060604476,0.0023382989630167245,-0.00043557584285736084,0.7126373052597046,1.4255896508693695,0.7128037532725494,0.0,0.0004355812984953145,1
0.485,PINN Vanilla,0.25050345359480114,0.0006352218089047274,0.0010799292003394214,0.002332659499646339,-0.00043699145317077637,0.7108204364776611,1.4219509065151215,0.7109843583075779,0.0,0.0004369969265394134,1
0.49,PINN Vanilla,0.2504970077378629,0.0006609370726941827,0.0010813378715329458,0.0023274394090440527,-0.0004381537437438965,0.7090182900428772,1.418341351673007,0.709179558281474,0.0,0.00043815923167035773,1
0.495,PINN Vanilla,0.25049039856293004,0.0006873038813988018,0.0010830907672358862,0.0023229162088513992,-0.000439569354057312,0.7072300910949707,1.4147600643336773,0.7073888921837896,0.0,0.0004395748597144566,1
0.5,PINN Vanilla,0.25048362711692473,0.0007143180584012095,0.0010851622407619292,0.0023186657565397,-0.00044055283069610596,0.7054564356803894,1.4112085029482841,0.7056130892492338,0.0,0.0004405583486714095,1
0.505,PINN Vanilla,0.25047668172335547,0.0007420261861902554,0.0010876215370684116,0.0023152731688063713,-0.00044179707765579224,0.7036963701248169,1.4076843820512295,0.703851006730695,0.0,0.00044180261121543334,1
0.51,PINN Vanilla,0.25046958811991327,0.0007703255861739992,0.001090452297598064,0.0023127669547881244,-0.0004425123333930969,0.7019500732421875,1.4041876271367073,0.7021026073748035,0.0,0.0004425178759113991,1
0.515,PINN Vanilla,0.2504623329660317,0.0007992694795436828,0.0010936800738070651,0.002310698940632905,-0.00044327229261398315,0.7002174854278564,1.4007185734808445,0.7003680588217224,0.0,0.0004432778446508627,1
0.52,PINN Vanilla,0.2504549323198002,0.0008287938037535217,0.001097331281856451,0.0023098291904375227,-0.00044421106576919556,0.6984982490539551,1.397276757284999,0.6986471291692261,0.0,0.00044421662956431777,1
0.525,PINN Vanilla,0.25044735305727245,0.0008590307043080187,0.0011014022492945956,0.0023098139597997683,-0.00044489651918411255,0.6967922449111938,1.3938616290688515,0.6969395436737138,0.0,0.00044490209156461825,1
0.53,PINN Vanilla,0.2504396200258363,0.0008898810544130699,0.0011058965387550732,0.0023106522975244043,-0.00044546276330947876,0.695099413394928,1.3904732018709183,0.6952453088545254,0.0,0.00044546834278225784,1
0.535,PINN Vanilla,0.25043174870931234,0.000921283082525503,0.0011108322972419279,0.002312820456316287,-0.00044602155685424805,0.6934197545051575,1.3871112316846848,0.6935643027068754,0.0,0.00044602714332598107,1
0.54,PINN Vanilla,0.25042371424632864,0.0009533359712276873,0.0011161954758538814,0.002316012637276682,-0.00044649094343185425,0.6917526721954346,1.3837748020887375,0.6918960670143179,0.0,0.0004464965357827086,1
0.545,PINN Vanilla,0.2504155251502364,0.0009860057571422632,0.0011220051960280147,0.002320660020043018,-0.00044684112071990967,0.6900984048843384,1.3804640024900436,0.6902406464808964,0.0,0.0004468467174567752,1
0.55,PINN Vanilla,0.2504071921149308,0.0010192497777749237,0.0011282564914495202,0.0023262292859159706,-0.00044718384742736816,0.6884564161300659,1.3771782275289297,0.6885977384229833,0.0,0.0004471894484569254,1
0.555,PINN Vanilla,0.2503987033986622,0.0010531148759567312,0.0011349345391269724,0.002333465830509099,-0.0004472211003303528,0.686826765537262,1.373917419463396,0.6869673139692168,0.0,0.000447226701826507,1
0.56,PINN Vanilla,0.2503900636906723,0.0010875823443092826,0.001142042174179161,0.0023419530722425495,-0.00044723227620124817,0.6852093935012817,1.3706811424344778,0.6853491551873852,0.0,0.00044723787783738147,1
0.5650000000000001,PINN Vanilla,0.25038127406212213,0.001122647909515528,0.0011495738176100743,0.0023519599765324216,-0.0004473365843296051,0.6836039423942566,1.367469036951661,0.6837430823299799,0.0,0.00044734218727220977,1
0.5700000000000001,PINN Vanilla,0.250372327421349,0.0011583398632330113,0.0011575007259044304,0.0023631608259597967,-0.000447295606136322,0.6820106506347656,1.3642815817147493,0.6821493347499007,0.0,0.0004473012085656701,1
0.5750000000000001,PINN Vanilla,0.2503632468062344,0.0011945662975581062,0.0011658374921852384,0.002375770658860611,-0.0004469454288482666,0.6804288625717163,1.361116824671626,0.6805669364088646,0.0,0.00044695102689160354,1
0.58,PINN Vanilla,0.2503540056055641,0.001231433375937948,0.001174544909191805,0.0023897939939663063,-0.00044666603207588196,0.6788591146469116,1.3579769320786,0.6789969704485921,0.0,0.0004466716266197419,1
0.585,PINN Vanilla,0.2503446157251646,0.0012688936009688887,0.0011836194744244714,0.0024050697101592744,-0.0004463866353034973,0.6773002743721008,1.3548590932041407,0.6774380314857157,0.0,0.00044639222634788026,1
0.59,PINN Vanilla,0.25033508911281377,0.0013068993078853622,0.0011930501332804912,0.0024216368678683306,-0.0004458874464035034,0.6757532358169556,1.351764876395464,0.6758909037036651,0.0,0.0004458930311954875,1
0.595,PINN Vanilla,0.25032540133318026,0.0013455479796129074,0.0012028152391469406,0.0024393297960773955,-0.0004448704421520233,0.6742171049118042,1.3486918359994888,0.6743543642605838,0.0,0.0004448760142059112,1
0.6,PINN Vanilla,0.2503155594760621,0.0013848113319329617,0.0012128881094963305,0.002458154717482737,-0.00044406577944755554,0.6726922988891602,1.3456424921751022,0.672829673251698,0.0,0.00044407134142294974,1
0.605,PINN Vanilla,0.2503055751834576,0.0014246429199646598,0.0012232450464120693,0.002477931049988634,-0.00044319406151771545,0.6711783409118652,1.3426145389676094,0.671315677685219,0.0,0.00044319961257474144,1
0.61,PINN Vanilla,0.2502954395868265,0.0014650781240854703,0.0012338900553628433,0.0024986525192068967,-0.00044183433055877686,0.6696754097938538,1.3396088648587465,0.6698128218075792,0.0,0.0004418398645850149,1
0.615,PINN Vanilla,0.25028514379152544,0.0015061524288093036,0.0012447678265559705,0.0025200537700943715,-0.000441085547208786,0.6681829690933228,1.3366247825324535,0.6683207619564441,0.0,0.0004410910718564257,1
0.62,PINN Vanilla,0.2502746989585094,0.0015478213083418206,0.0012558915034065084,0.0025424635170281235,-0.0004394166171550751,0.666701078414917,1.3336611185222864,0.6668389113912427,0.0,0.00043942212089917226,1
0.625,PINN Vanilla,0.25026409888082557,0.0015901095248565733,0.001267212080777005,0.00256514033009346,-0.00043780356645584106,0.6652297377586365,1.3307187296450138,0.6653676985257254,0.0,0.0004378090499962912,1
0.63,PINN Vanilla,0.2502533543884784,0.0016329738728614277,0.0012787051040666437,0.0025885741598901044,-0.0004360899329185486,0.6637687683105469,1.3277973383665085,0.6639069845910904,0.0,0.00043609539499553986,1
0.635,PINN Vanilla,0.2502424419131335,0.0016765083764623881,0.0012903732478597104,0.0026123761815700502,-0.000434238463640213,0.6623178720474243,1.3248961940407753,0.6624563942596393,0.0,0.00043424390252733684,1
0.64,PINN Vanilla,0.2502313753174202,0.0017206577317373773,0.0013021633534300227,0.002636649541754389,-0.00043217092752456665,0.660876989364624,1.3220148608088493,0.6610157095991599,0.0,0.00043217634051556083,1
0.645,PINN Vanilla,0.2502201515183718,0.0017654342379511269,0.0013140908605641282,0.0026609831151344077,-0.0004297308623790741,0.6594462990760803,1.3191538956016302,0.6595852090785898,0.0,0.0004297362448079693,1
0.65,PINN Vanilla,0.25020876588920754,0.0018108563532992963,0.001326083673660972,0.002685386115640606,-0.0004271753132343292,0.6580252647399902,1.316312126815319,0.6581643068886923,0.0,0.000427180663654675,1
0.655,PINN Vanilla,0.2501972104656744,0.0018569558505732522,0.0013381556536967668,0.002710380936472391,-0.00042444467544555664,0.6566140651702881,1.3134903274476528,0.6567533895331771,0.0,0.00042444999166434735,1
0.66,PINN Vanilla,0.25018549910107923,0.00190367746304206,0.0013502787909777693,0.002735258678547167,-0.0004217103123664856,0.6552127003669739,1.3106880765408278,0.6553522465305057,0.0,0.0004217155943370616,1
0.665,PINN Vanilla,0.25017361811551453,0.0019510757656729246,0.001362430935821923,0.002759976962362444,-0.00041856616735458374,0.6538203358650208,1.3079035338014364,0.6539599577224496,0.0,0.0004185714099443788,1
0.67,PINN Vanilla,0.2501615669710694,0.001999152904421049,0.0013745786690583025,0.0027843293470521877,-0.0004151463508605957,0.652437686920166,1.3051385041326284,0.652577425571887,0.0,0.0004151515506167925,1
0.675,PINN Vanilla,0.25014934169727043,0.0020479247191928555,0.0013867139271173878,0.0028090242973921598,-0.0004111863672733307,0.6510641574859619,1.3023914098739624,0.6512038612387169,0.0,0.00041119151743027374,1
0.68,PINN Vanilla,0.25013695546221715,0.002097338676841008,0.0013988105592631856,0.002833469937157315,-0.00040762126445770264,0.6497005224227905,1.2996643800288439,0.6498403292379751,0.0,0.0004076263699613194,1
0.685,PINN Vanilla,0.2501243808389724,0.00214750419507823,0.0014108515977445625,0.0028576541949723727,-0.00040344521403312683,0.648345947265625,1.2969548590481281,0.6484855517790848,0.0,0.0004034502672312277,1
0.6900000000000001,PINN Vanilla,0.25011163232876016,0.0021983634223572217,0.0014228166558002675,0.0028816926253989045,-0.00039943307638168335,0.6470001935958862,1.2942637391388416,0.6471399749711472,0.0,0.00039943807932729474,1
0.6950000000000001,PINN Vanilla,0.25009870939833057,0.0022499184860380575,0.0014346953336147623,0.002905140179864825,-0.00039463862776756287,0.6456637978553772,1.2915904354304075,0.6458033063752106,0.0,0.00039464357066214923,1
0.7000000000000001,PINN Vanilla,0.25008559700761657,0.0023022293873426213,0.0014464367547939892,0.002928567739308753,-0.0003898255527019501,0.6443358659744263,1.2889339178800583,0.6444750309634407,0.0,0.000389830435312213,1
0.705,PINN Vanilla,0.2500722983962035,0.0023552832021877506,0.0014580773609692125,0.0029514311249468628,-0.00038481876254081726,0.6430165767669678,1.2862947322428226,0.6431554216167698,0.0,0.0003848235824404527,1
0.71,PINN Vanilla,0.2500588117275495,0.002409087257319523,0.0014695667005796712,0.0029740045929121245,-0.00037925317883491516,0.6417058110237122,1.2836721520870924,0.6418441151148443,0.0,0.00037925792902496913,1
0.715,PINN Vanilla,0.2500451385408073,0.0024636354124036902,0.0014808948803275894,0.0029959287081840202,-0.00037375837564468384,0.6404033899307251,1.2810664512217045,0.6405412483637976,0.0,0.0003737630570116905,1
0.72,PINN Vanilla,0.2500312600268034,0.002519002705229627,0.0014920431617827753,0.003017663212683923,-0.00036787986755371094,0.6391093730926514,1.278477055951953,0.6392465345126838,0.0,0.00036788447529172196,1
0.725,PINN Vanilla,0.2500171924449943,0.0025751242699130587,0.0015030014805017707,0.003038579681501785,-0.00036187097430229187,0.6378235816955566,1.2759039793163538,0.6379599800808425,0.0,0.0003618755067782179,1
0.73,PINN Vanilla,0.25000293398027995,0.0026320073476596363,0.0015137626254208612,0.003059021267826832,-0.00035557523369789124,0.6365458965301514,1.2733471859246492,0.6366815673729234,0.0,0.000355579687318936,1
0.735,PINN Vanilla,0.24998846163952704,0.002689743667853593,0.0015242981664136948,0.003079164208129162,-0.00034884363412857056,0.6352763772010803,1.2708062883466482,0.6354111026714044,0.0,0.00034884800343554993,1
0.74,PINN Vanilla,0.24997378013155483,0.0027483144450129757,0.0015346083679886934,0.003098587404121278,-0.00034210458397865295,0.634014904499054,1.2682812362909317,0.6341485608302613,0.0,0.00034210886887824755,1
0.745,PINN Vanilla,0.24995888578700826,0.0028077343177551886,0.0015446621391990354,0.0031172117751625886,-0.00033489614725112915,0.6327610611915588,1.2657710947096348,0.6328934743197056,0.0,0.0003349003418642176,1
0.75,PINN Vanilla,0.2499437911363246,0.0028679532968386287,0.0015544920941019049,0.0031356776700032507,-0.00032760947942733765,0.6315152049064636,1.263276845216751,0.6316463339528816,0.0,0.00032761358277406645,1
0.755,PINN Vanilla,0.2499284785589552,0.0029290416781231803,0.0015640315310755154,0.003153271029040644,-0.000319894403219223,0.6302769780158997,1.2607974279671907,0.6304066098006071,0.0,0.00031989840993372747,1
0.76,PINN Vanilla,0.24991294544458656,0.0029910098752592563,0.001573324129319412,0.0031703810750499106,-0.00031179189682006836,0.6290464401245117,1.2583329994231462,0.6291743800949582,0.0,0.00031179580204974034,1
0.765,PINN Vanilla,0.2498971927842056,0.003053853934778668,0.0015823125161051794,0.00318690858204599,-0.0003040581941604614,0.6278234720230103,1.2558841984719038,0.627949964283579,0.0,0.0003040620025246106,1
0.77,PINN Vanilla,0.2498812003721212,0.0031176544657738753,0.0015910074045763136,0.0032027820794506556,-0.00029568374156951904,0.6266078352928162,1.2534495387226343,0.6267326191617464,0.0,0.00029568744504267816,1
0.775,PINN Vanilla,0.249864987801533,0.0031823333026413103,0.0015994298049657708,0.0032179557292038585,-0.00028703734278678894,0.6253994107246399,1.2510286718606949,0.6255221705699575,0.0,0.00028704093796280044,1
0.78,PINN Vanilla,0.24984855288070987,0.003247899189128267,0.0016075206067606151,0.00323237836190185,-0.00027821585536003113,0.6241985559463501,1.248622888699174,0.6243192639228404,0.0,0.0002782193400458894,1
0.785,PINN Vanilla,0.2498318758477141,0.003314430964006139,0.0016153036529415617,0.003246160660600003,-0.000269327312707901,0.6230046153068542,1.2462306283414364,0.6231231187623025,0.0,0.00026933068606373157,1
0.79,PINN Vanilla,0.2498149551596638,0.003381934782486806,0.001622773931590247,0.0032593379677440942,-0.00026017799973487854,0.6218178868293762,1.2438527680933475,0.6219341737467704,0.0,0.00026018125849450294,1
0.795,PINN Vanilla,0.2497978059013744,0.003450350464827992,0.0016299235220799875,0.0032720913648873334,-0.00025061890482902527,0.6206380724906921,1.2414883263409138,0.6207519380630999,0.0,0.0002506220438598772,1
0.8,PINN Vanilla,0.24978040160053783,0.003519783620321531,0.0016367310339901928,0.003283885537721687,-0.00024108216166496277,0.6194654107093811,1.2391379736363888,0.6195767469916172,0.0,0.0002410851812470004,1
0.805,PINN Vanilla,0.24976275252687322,0.0035901932786915184,0.001643203744257711,0.0032951827634498804,-0.00023152679204940796,0.6182994842529297,1.2368008345365524,0.6184081628052299,0.0,0.00023152969194933286,1
0.81,PINN Vanilla,0.24974485132209323,0.003661608795274539,0.0016493410750366229,0.0033055588052382373,-0.00022174417972564697,0.6171404719352722,1.2344775330275297,0.6172464975009081,0.0,0.00022174695709721785,1
0.8150000000000001,PINN Vanilla,0.2497267030641899,0.003734009911801484,0.0016551351298020182,0.0033154678266141824,-0.00021164864301681519,0.6159882545471191,1.2321672700345516,0.6160913515362632,0.0,0.00021165129394061781,1
0.8200000000000001,PINN Vanilla,0.24970829577182416,0.0038074444269277415,0.001660592583076117,0.003324535454493918,-0.00020160898566246033,0.6148422360420227,1.2298692222684622,0.614942313261561,0.0,0.0002016115108383901,1
0.8250000000000001,PINN Vanilla,0.24968962318304033,0.003881937322256781,0.0016656766865883962,0.0033331339314921216,-0.00019127503037452698,0.6137034296989441,1.2275857795029879,0.613800577578631,0.0,0.00019127742611646815,1
0.8300000000000001,PINN Vanilla,0.24967069318378204,0.003957457137406784,0.0016704274427443817,0.0033411541625339436,-0.00018073245882987976,0.6125703454017639,1.2253130953758955,0.6126642212822687,0.0,0.00018073472252488952,1
0.835,PINN Vanilla,0.2496514951109185,0.004034046412139932,0.001674823088824591,0.0033485567409808903,-0.0001704767346382141,0.6114440560340881,1.223054287955165,0.611534803425991,0.0,0.00017047886987908882,1
0.84,PINN Vanilla,0.24963202042592778,0.004111739210250316,0.00167885982436123,0.0033551380685546417,-0.00015969574451446533,0.6103243231773376,1.220807708799839,0.6104114997789958,0.0,0.00015969774472218828,1
0.845,PINN Vanilla,0.24961229268595714,0.004190441552262166,0.001682545592435971,0.0033608045506017814,-0.00014937296509742737,0.6092108488082886,1.2185743432492018,0.6092948030170959,0.0,0.0001493748360111408,1
0.85,PINN Vanilla,0.24959228147805718,0.004270274768360772,0.0016858834592176262,0.0033659301780782636,-0.00013854727149009705,0.6081031560897827,1.2163516823202372,0.6081834586330706,0.0,0.00013854900681074236,1
0.855,PINN Vanilla,0.24957198577954454,0.00435124293846483,0.0016888513195277195,0.003370652017334219,-0.0001278519630432129,0.6070018410682678,1.2141420226544142,0.6070786149620373,0.0,0.00012785356440387938,1
0.86,PINN Vanilla,0.2495514157631838,0.004433305479091489,0.0016914571238455885,0.0033745710347651142,-0.00011725723743438721,0.6059067249298096,1.2119445633143187,0.605979871530273,0.0,0.00011725870609488657,1
0.865,PINN Vanilla,0.2495305699578769,0.004516468259076305,0.0016937097227902116,0.003378144210485448,-0.0001063421368598938,0.6048173904418945,1.20975804887712,0.6048866006185002,0.0,0.00010634346880749245,1
0.87,PINN Vanilla,0.24950944121695823,0.00460075978950685,0.0016956050088469269,0.003380739103869629,-9.58070158958435e-05,0.6037338972091675,1.2075840141624212,0.6037995696461324,0.0,9.580821588983013e-05,1
0.875,PINN Vanilla,0.24948800428098328,0.004686280841046345,0.0016971526524093275,0.003382923778472352,-8.532777428627014e-05,0.6026566028594971,1.205421894788742,0.6027184964188947,0.0,8.532884302654013e-05,1
0.88,PINN Vanilla,0.2494662963646325,0.0047728829485126235,0.001698339558789252,0.0033844703966095235,-7.459893822669983e-05,0.6015850305557251,1.2032709699124098,0.6016430205104368,0.0,7.459987258705374e-05,1
0.885,PINN Vanilla,0.2494442989794282,0.004860639870303598,0.001699175304826916,0.003385754372647265,-6.394460797309875e-05,0.6005191802978516,1.2011314444243908,0.6005732443675249,0.0,6.394540888673046e-05,1
0.89,PINN Vanilla,0.2494219994728078,0.004949602082870545,0.0016996671432512396,0.003385943885443901,-5.3569674491882324e-05,0.5994589924812317,1.1990035232156515,0.5995092704369253,0.0,5.3570345458268806e-05,1
0.895,PINN Vanilla,0.2493994023223912,0.005039751723084183,0.001699803067040395,0.003385704442596657,-4.297494888305664e-05,0.5984048843383789,1.196886943653226,0.5984509674005102,0.0,4.2975487149276004e-05,1
0.9,PINN Vanilla,0.24937651084607337,0.005131075554450695,0.001699597173838673,0.003384892411799789,-3.661029040813446e-05,0.597356379032135,1.194781994447112,0.5973984796150869,0.0,3.66107489562682e-05,1
0.905,PINN Vanilla,0.249353313097941,0.005223621234297219,0.0016990459406843572,0.0033836044178175984,-3.919936716556549e-05,0.5963134169578552,1.1926885675638914,0.5963517530632693,0.0,3.919985814218592e-05,1
0.91,PINN Vanilla,0.24932981790365039,0.00531735355332858,0.001698166355786978,0.0033820105957230034,-4.113093018531799e-05,0.59527587890625,1.190605342388153,0.5953101274290816,0.0,4.1131445354989286e-05,1
0.915,PINN Vanilla,0.24930601394842486,0.005412317650999299,0.001696943038487097,0.0033796685246370445,-4.3002888560295105e-05,0.5942436456680298,1.1885330509394407,0.5942739687268801,0.0,4.300342717646217e-05,1
0.92,PINN Vanilla,0.2492819045156658,0.005508500428425423,0.0016953968116196077,0.003377053047478998,-4.523247480392456e-05,0.5932167172431946,1.1864716783165932,0.5932432695059907,0.0,4.523304134591793e-05,1
0.925,PINN Vanilla,0.24925749133284147,0.0056058949940014395,0.0016935037411879804,0.003373614068104394,-4.6566128730773926e-05,0.5921949148178101,1.1844195798039436,0.59221720739828,0.0,4.656671197693742e-05,1
0.93,PINN Vanilla,0.2492327707557677,0.005704515885927578,0.0016912954350745213,0.003369404772314552,-4.8257410526275635e-05,0.5911787152290344,1.1823797449469566,0.5911972771952023,0.0,4.825801495593979e-05,1
0.935,PINN Vanilla,0.249207722083726,0.005804445688170649,0.0016887599380156107,0.003365439258869299,-4.971213638782501e-05,0.5901675820350647,1.1803495790809393,0.5901821815481623,0.0,4.9712759038099316e-05,1
0.9400000000000001,PINN Vanilla,0.2491823668844319,0.005905598357943866,0.0016859062504329288,0.003360503694099945,-5.0865113735198975e-05,0.5891614556312561,1.1783294714987278,0.5891721151060155,0.0,5.0865750826648286e-05,1
0.9450000000000001,PINN Vanilla,0.24915670307522808,0.00600798220385285,0.001682751312566795,0.003355440398824072,-5.201809108257294e-05,0.5881603360176086,1.1763199213892221,0.5881673274663386,0.0,5.201874261519726e-05,1
0.9500000000000001,PINN Vanilla,0.24913072659521251,0.0061116134265621885,0.0016792885342653344,0.0033496088255980105,-5.299225449562073e-05,0.5871642231941223,1.1743199191987514,0.5871673138459736,0.0,5.299291822975479e-05,1
0.9550000000000001,PINN Vanilla,0.24910442360226542,0.006216547248172693,0.0016755124930897228,0.0033436348259563847,-5.384720861911774e-05,0.5861731767654419,1.1723305229097605,0.5861726032427684,0.0,5.384788306165136e-05,1
0.96,PINN Vanilla,0.24907779904666008,0.006322763919939655,0.0016714452069078514,0.0033369874263735055,-5.4702162742614746e-05,0.5851872563362122,1.1703517623245716,0.5851832105580711,0.0,5.470284789354793e-05,1
0.965,PINN Vanilla,0.24905085506046318,0.0064302549361426,0.0016670835427441426,0.0033301931445902794,-5.501881241798401e-05,0.5842059850692749,1.1683819890022278,0.5841983115610795,0.0,5.50195015349911e-05,1
0.97,PINN Vanilla,0.24902360148828578,0.0065389810224425185,0.0016624335064510036,0.0033228902092949653,-5.545280873775482e-05,0.5832293033599854,1.1664215568453074,0.5832180832052992,0.0,5.545350329061616e-05,1
0.975,PINN Vanilla,0.2489960121859734,0.006649046478986957,0.0016575011396800605,0.003315372264432029,-5.559064447879791e-05,0.5822577476501465,1.1644715499132872,0.5822430675272576,0.0,5.559134075806789e-05,1
0.98,PINN Vanilla,0.24896810547233345,0.006760378224264767,0.0016522990781603782,0.0033075170987675734,-5.578622221946716e-05,0.5812903642654419,1.1625303328037262,0.5812724468154924,0.0,5.578692094837103e-05,1
0.985,PINN Vanilla,0.2489398707131351,0.00687301868274399,0.0016468210902818561,0.0032992193685193877,-5.592219531536102e-05,0.5803281664848328,1.1605997364968061,0.5803071365715611,0.0,5.592289574734369e-05,1
0.99,PINN Vanilla,0.24891131764671226,0.006986929004070256,0.0016410779973462686,0.003290531666527735,-5.5402517318725586e-05,0.5793703198432922,1.1586771607398987,0.5793458366528652,0.0,5.540321124168107e-05,1
0.995,PINN Vanilla,0.2488824382016027,0.007102141388738177,0.0016350842003893746,0.0032818083762957972,-5.5419281125068665e-05,0.5784171223640442,1.156765015795827,0.5783897522059107,0.0,5.5419975257992764e-05,1
1.0,PINN Vanilla,0.248853226471972,0.0072186793976319556,0.0016288189114877386,0.0032723530290490466,-5.495734512805939e-05,0.5774685144424438,1.1548622120171785,0.5774383384001675,0.0,5.495803347518154e-05,1
1.0050000000000001,PINN Vanilla,0.24882369173748475,0.007336506010224384,0.0016223312356866565,0.0032628119880265816,-5.431473255157471e-05,0.5765243768692017,1.152968280017376,0.5764913605394072,0.0,5.4315412849899806e-05,1
1.01,PINN Vanilla,0.24879382858919846,0.007455642805086666,0.0016155798817498231,0.003253220499812609,-5.367398262023926e-05,0.5755848288536072,1.151083666831255,0.5755490421438473,0.0,5.367465489309715e-05,1
1.0150000000000001,PINN Vanilla,0.2487636311520432,0.007576113220370547,0.001608611543128996,0.0032430160529995367,-5.297176539897919e-05,0.5746493935585022,1.1492082010954618,0.5746112975307378,0.0,5.297242887648493e-05,1
1.02,PINN Vanilla,0.24873310383278746,0.007697899675602914,0.0016014092203331515,0.003232763146986964,-5.191192030906677e-05,0.5737181901931763,1.1473405286669731,0.5736774496200866,0.0,5.191257051188984e-05,1
1.025,PINN Vanilla,0.2487022493125962,0.007820991474476856,0.0015939789859006446,0.0032224697480943976,-5.115009844303131e-05,0.5727915167808533,1.1454830449074507,0.5727486961077256,0.0,5.115073910394714e-05,1
1.03,PINN Vanilla,0.24867106403957856,0.007945402786995234,0.001586344655193905,0.0032115549116058795,-4.961155354976654e-05,0.5718692541122437,1.1436337418854237,0.5718240330153447,0.0,4.961217494022913e-05,1
1.035,PINN Vanilla,0.24863955117594283,0.008071120997764608,0.0015784891338893705,0.0032008200781626084,-4.837103188037872e-05,0.5709511041641235,1.1417934950441122,0.5709038980700364,0.0,4.8371637733163514e-05,1
1.04,PINN Vanilla,0.24860771732578227,0.00819811976024929,0.0015704438979031975,0.003189473281744279,-4.7011300921440125e-05,0.5700370073318481,1.139961563050747,0.5699879206007734,0.0,4.701188974343694e-05,1
1.045,PINN Vanilla,0.24857553782536312,0.008326497468569019,0.0015622024503259616,0.003178246507503063,-4.5651569962501526e-05,0.5691273808479309,1.1381390560418367,0.5690766556827624,0.0,4.565214175371037e-05,1
1.05,PINN Vanilla,0.24854302712463522,0.00845619647573055,0.0015537586876590995,0.0031667864845172644,-4.387274384498596e-05,0.568221390247345,1.136323843151331,0.5681690378696336,0.0,4.387329335619136e-05,1
1.055,PINN Vanilla,0.24851018845945508,0.008587203872526471,0.0015451472974050383,0.0031552315322381647,-4.221312701702118e-05,0.5673196911811829,1.134517751634121,0.5672659808002757,0.0,4.2213655741333314e-05,1
1.06,PINN Vanilla,0.24847703018935174,0.008719486309241374,0.0015363432173207887,0.0031435633622648174,-4.0493905544281006e-05,0.5664224028587341,1.1327204965054989,0.5663673419805502,0.0,4.049441273514478e-05,1
1.065,PINN Vanilla,0.2484435207817379,0.008853169582772184,0.0015273866443522599,0.0031315474759552875,-3.871321678161621e-05,0.5655286312103271,1.1309308856725693,0.5654725253565437,0.0,3.8713701669146695e-05,1
1.07,PINN Vanilla,0.24840968650941914,0.008988148879727466,0.0015182750104467116,0.003119528671694724,-3.6694109439849854e-05,0.5646389126777649,1.129149530082941,0.5645818364058869,0.0,3.669456903782669e-05,1
1.075,PINN Vanilla,0.24837552107687855,0.009124449315600728,0.001508991956690206,0.0031072904555728975,-3.4615397453308105e-05,0.5637532472610474,1.127376640215516,0.5636953803693489,0.0,3.46158310151762e-05,1
1.08,PINN Vanilla,0.24834102865222757,0.009262054262023364,0.0014995613714728394,0.0030948885759608386,-3.265589475631714e-05,0.5628714561462402,1.1256120279431343,0.5628130631821713,0.0,3.2656303775186673e-05,1
1.085,PINN Vanilla,0.24830619727650116,0.009401011428391285,0.0014899900532438738,0.0030825176320335296,-3.0158087611198425e-05,0.5619935393333435,1.1238548401743174,0.5619344582932725,0.0,3.015846534474375e-05,1
1.09,PINN Vanilla,0.2482710454950447,0.009541246829437237,0.0014802908935149428,0.003070317120220503,-2.7958303689956665e-05,0.5611194968223572,1.12210632301867,0.5610601887652588,0.0,2.7958653870953227e-05,1
1.095,PINN Vanilla,0.24823556056859586,0.009682811287494692,0.0014704574792132562,0.0030577552499085198,-2.5877729058265686e-05,0.5602490305900574,1.1203652825206518,0.5601896576128825,0.0,2.5878053179823665e-05,1
1.1,PINN Vanilla,0.24819972669636764,0.009825767838620762,0.0014605035586129516,0.0030451179557265395,-2.3020431399345398e-05,0.5593825578689575,1.1186320446431637,0.5593230278196357,0.0,2.3020719732918785e-05,1
1.105,PINN Vanilla,0.24816357553400492,0.00996999019498958,0.0014504362281811654,0.0030323334191434126,-2.0639970898628235e-05,0.5585197806358337,1.1169070228934288,0.5584605061417195,0.0,2.064022941665774e-05,1
1.11,PINN Vanilla,0.24812710513309522,0.010115486129646922,0.0014402612061338205,0.0030198810413112342,-1.819990575313568e-05,0.5576605796813965,1.1151892375200987,0.557601602697324,0.0,1.820013370906622e-05,1
1.115,PINN Vanilla,0.24809029339453778,0.01026234380530111,0.0014299853454258504,0.003006988404541708,-1.5402212738990784e-05,0.5568049550056458,1.1134789064526558,0.556746426452555,0.0,1.540240565349182e-05,1
1.12,PINN Vanilla,0.248053146341631,0.010410539192454068,0.0014196149044549415,0.002994298582116986,-1.301988959312439e-05,0.5559530854225159,1.1117765568196774,0.5558952409750025,0.0,1.3020052668751704e-05,1
1.125,PINN Vanilla,0.24801567409866238,0.01056003190101864,0.0014091580914922313,0.0029813294922332867,-1.0220333933830261e-05,0.5551049113273621,1.1100818794220686,0.5550478916631826,0.0,1.0220461944698224e-05,1
1.1300000000000001,PINN Vanilla,0.24797787269795532,0.010710837759743545,0.0013986151654456645,0.0029687016235025177,-7.4803829193115234e-06,0.55426025390625,1.1083947513252497,0.5542043170490356,0.0,7.480476611975227e-06,1
1.135,PINN Vanilla,0.2479397503079267,0.010862924181341122,0.0013879901777439636,0.002955634641747862,-5.036592483520508e-06,0.5534189939498901,1.1067147478461266,0.5533643047883549,0.0,5.036655567425552e-06,1
1.1400000000000001,PINN Vanilla,0.2479012945892515,0.011016340392624899,0.0013773130203199964,0.002942780678919038,-2.0582228899002075e-06,0.5525813698768616,1.1050418876111507,0.5525278641944827,0.0,2.058248669380634e-06,1
1.145,PINN Vanilla,0.24786251913886648,0.011171032149633456,0.0013665720843739288,0.0029297813847823095,3.2782554626464844e-07,0.5517473220825195,1.1033774949610233,0.5516956574460635,0.0,0.0,1
1.1500000000000001,PINN Vanilla,0.24782340447917148,0.011327077156794686,0.0013557673807222377,0.002917049860273066,3.3080577850341797e-06,0.5509164929389954,1.1017188895493746,0.5508663443531265,0.0,0.0,1
1.155,PINN Vanilla,0.24778397167912564,0.01148439136107312,0.0013449301047149223,0.002904181948817988,5.932524800300598e-06,0.5500893592834473,1.1000685710459948,0.5500411747662213,0.0,0.0,1
1.16,PINN Vanilla,0.24774420713806328,0.01164302902130648,0.0013340383132969002,0.002891239983436128,8.795410394668579e-06,0.5492652058601379,1.0984237734228373,0.5492187656540021,0.0,0.0,1
1.165,PINN Vanilla,0.24770412416112525,0.01180293705763122,0.0013231011116723347,0.0028783155161075935,1.1777505278587341e-05,0.5484447479248047,1.0967871006578207,0.5484004190217356,0.0,0.0,1
1.17,PINN Vanilla,0.24766370598450527,0.011964182347997773,0.0013121533876305584,0.0028654246797492483,1.4580786228179932e-05,0.5476277470588684,1.095157964155078,0.5475858405678025,0.0,0.0,1
1.175,PINN Vanilla,0.2476229767349583,0.012126668640522994,0.001301168467080421,0.002852692798442344,1.702830195426941e-05,0.5468136668205261,1.0935347583144903,0.5467742274820879,0.0,0.0,1
1.18,PINN Vanilla,0.24758191293644327,0.012290489591115741,0.0012901777681348498,0.0028399468655297966,1.971423625946045e-05,0.5460032820701599,1.091919245198369,0.5459664608067827,0.0,0.0,1
1.185,PINN Vanilla,0.2475405313350536,0.012455578392489598,0.0012791614221758076,0.002826984555257303,2.2580847144126892e-05,0.5451958179473877,1.0903096869587898,0.5451616716070412,0.0,0.0,1
1.19,PINN Vanilla,0.24749882584036859,0.012621959341922178,0.001268151517060253,0.002814193995351391,2.520717680454254e-05,0.544391930103302,1.0887079555541277,0.5443607958737744,0.0,0.0,1
1.195,PINN Vanilla,0.2474568027413792,0.012789607349954631,0.001257154763573937,0.0028014863845094995,2.7894973754882812e-05,0.5435912609100342,1.0871126055717468,0.5435631108916121,0.0,0.0,1
1.2,PINN Vanilla,0.24741445940912693,0.012958532904620323,0.0012461374846304007,0.002788921842733952,3.0642375349998474e-05,0.542793869972229,1.0855241660028696,0.5427688811594786,0.0,0.0,1
1.205,PINN Vanilla,0.24737179177338714,0.01312875224377565,0.0012351570918154918,0.0027760388606215824,2.368912100791931e-05,0.5419995188713074,1.0839422568678856,0.5419779166851889,0.0,0.0,1
1.21,PINN Vanilla,0.24732880590407103,0.013300241151964265,0.0012241743888440585,0.00276355303325862,1.4185905456542969e-05,0.5412082076072693,1.08236650750041,0.5411900321332294,0.0,0.0,1
1.215,PINN Vanilla,0.24728550218247078,0.01347299810804951,0.0012132244189947614,0.002751057357452305,4.4889748096466064e-06,0.5404202938079834,1.080797865986824,0.5404057015527279,0.0,0.0,1
1.22,PINN Vanilla,0.2472418710231423,0.013647061352443179,0.001202307568302676,0.002738363725240306,-5.543231964111328e-06,0.5396353006362915,1.079235639423132,0.5396245784873474,0.0,5.54330139373463e-06,1
1.225,PINN Vanilla,0.24719793425203562,0.01382234381215121,0.0011914224266238696,0.002725992320291401,-1.5391036868095398e-05,0.5388535261154175,1.0776797831058502,0.5388466405850662,0.0,1.5391229642617356e-05,1
1.23,PINN Vanilla,0.24715368498724563,0.013998872942019009,0.0011805849116316794,0.0027131979514075644,-2.572685480117798e-05,0.5380744338035583,1.0761295408010483,0.5380715097241828,0.0,2.5727177033018385e-05,1
1.235,PINN Vanilla,0.247109101413077,0.01417673577413023,0.0011697899923081745,0.0027008446740145603,-3.637373447418213e-05,0.5372986793518066,1.074586583301425,0.5373000213115103,0.0,3.637419005942536e-05,1
1.24,PINN Vanilla,0.24706421492973693,0.014355807039708362,0.001159046518077839,0.0026884404604732848,-4.690699279308319e-05,0.5365260243415833,1.0730497110635042,0.5365315755677984,0.0,4.6907580308608604e-05,1
1.245,PINN Vanilla,0.24701901920535063,0.014536111999294103,0.0011483663049085906,0.0026757316257010333,-5.728006362915039e-05,0.5357559323310852,1.0715176239609718,0.5357655224217479,0.0,5.728078106859118e-05,1
1.25,PINN Vanilla,0.24697349055132292,0.014717745156764815,0.001137732645582565,0.002663492590063682,-6.841868162155151e-05,0.5349891185760498,1.0699929781258106,0.5350031899559844,0.0,6.841953857347462e-05,1
1.2550000000000001,PINN Vanilla,0.2469276681176953,0.014900550325960325,0.0011271698709869862,0.0026511863984017836,-7.925927639007568e-05,0.5342252850532532,1.0684744119644165,0.5342438973651786,0.0,7.926026912170564e-05,1
1.26,PINN Vanilla,0.24688153176869568,0.015084607837036086,0.0011166946332761673,0.0026387528606843236,-9.062513709068298e-05,0.5334640145301819,1.0669614356011152,0.5334873997084257,0.0,9.062627218103653e-05,1
1.2650000000000001,PINN Vanilla,0.24683507750308642,0.01526993365263031,0.0011062817791479202,0.0026264744428524667,-0.00010175257921218872,0.5327058434486389,1.0654544811695814,0.5327339130552693,0.0,0.0001017538536750455,1
1.27,PINN Vanilla,0.24678830949364006,0.015456511125779261,0.0010959521889980142,0.0026140618743279304,-0.0001127198338508606,0.531950831413269,1.063953921198845,0.5319836236725572,0.0,0.0001127212456798538,1
1.2750000000000001,PINN Vanilla,0.24674124603772218,0.015644267260512438,0.0010857192411605602,0.0026018584556629087,-0.00012439116835594177,0.5311983227729797,1.062459072098136,0.5312361897606236,0.0,0.0001243927263697534,1
1.28,PINN Vanilla,0.24669386442280836,0.0158332926667461,0.0010755740221008636,0.002589702185429643,-0.00013549625873565674,0.5304485559463501,1.0609694961458445,0.530491392455922,0.0,0.00013549795584201344,1
1.285,PINN Vanilla,0.24664617255255505,0.016023555813434308,0.0010655179574185773,0.002577575419767497,-0.00014721043407917023,0.529701828956604,1.05948631092906,0.5297497905589964,0.0,0.00014721227790693181,1
1.29,PINN Vanilla,0.24659817771066922,0.016215027642773387,0.0010555716650288525,0.0025652391864249835,-0.0001585930585861206,0.528957724571228,1.0580081585794687,0.529010705127186,0.0,0.0001585950449825744,1
1.295,PINN Vanilla,0.24654987352705365,0.01640773356778932,0.001045728042906025,0.0025531542423987003,-0.00017033517360687256,0.5282168984413147,1.0565370414406061,0.5282751373447983,0.0,0.00017033730707467892,1
1.3,PINN Vanilla,0.246501269450111,0.016601635894786967,0.0010359876456853816,0.002540797806985573,-0.0001818537712097168,0.5274782776832581,1.0550705883651972,0.5275419016233464,0.0,0.00018185604894929418,1
1.305,PINN Vanilla,0.24645235343790567,0.016796782664167023,0.0010263565855730549,0.002528570911560085,-0.00019343197345733643,0.5267426371574402,1.053610272705555,0.5268117346482137,0.0,0.0001934343962152399,1
1.31,PINN Vanilla,0.24640313597364322,0.016993132053965593,0.0010168593457537815,0.0025163113279123156,-0.00020511075854301453,0.5260098576545715,1.052155600860715,0.5260843896158269,0.0,0.0002051133275790558,1
1.315,PINN Vanilla,0.24635361254987148,0.017190702046325695,0.001007472536025325,0.0025041277188858763,-0.00021676719188690186,0.5252797603607178,1.0507065076380968,0.5253598339294875,0.0,0.00021676990692112277,1
1.32,PINN Vanilla,0.2463037948757112,0.017389445928586603,0.0009982076517211255,0.002491938334473212,-0.00022810697555541992,0.5245518684387207,1.0492618083953857,0.5246374752606192,0.0,0.00022810983262174658,1
1.325,PINN Vanilla,0.24625366723521042,0.017589426398362206,0.0009890806944999107,0.002479872713245651,-0.00023963674902915955,0.5238267779350281,1.0478226616978645,0.5239178928991189,0.0,0.0002396397505072363,1
1.33,PINN Vanilla,0.24620324394966778,0.0177905863219036,0.0009800835246415985,0.002467688264158094,-0.0002514980733394623,0.5231048464775085,1.0463906396180391,0.5232018728910849,0.0,0.00025150122338200176,1
1.335,PINN Vanilla,0.24615251430561086,0.017992968439807095,0.0009712267284064442,0.002455242107608266,-0.00026286765933036804,0.5223851203918457,1.0449625980108976,0.5224878431443207,0.0,0.0002628709517782908,1
1.34,PINN Vanilla,0.24610149629462558,0.018196500975987327,0.0009624920485259073,0.00244298891574711,-0.00027414970099925995,0.5216683149337769,1.0435406062752008,0.5217768383711666,0.0,0.0002741531347560632,1
1.345,PINN Vanilla,0.24605017757365805,0.018401233172133907,0.0009539192467947452,0.002430765124121395,-0.0002853553742170334,0.5209537744522095,1.042122831568122,0.5210679421387309,0.0,0.00028535894832619344,1
1.35,PINN Vanilla,0.24599856520267396,0.018607136863042124,0.0009454938013213672,0.002418503522822857,-0.0002970118075609207,0.5202420949935913,1.0407117046415806,0.520362369838196,0.0,0.0002970155276682604,1
1.355,PINN Vanilla,0.2459466464703789,0.018814262759469694,0.0009372049896718915,0.002406187258503778,-0.0003079362213611603,0.5195328593254089,1.039304731413722,0.5196588744130153,0.0,0.00030794007829804994,1
1.36,PINN Vanilla,0.24589443003928457,0.019022576302974426,0.0009290704980778926,0.0023940825525504417,-0.00031901709735393524,0.5188264846801758,1.037903517484665,0.5189582586733033,0.0,0.00031902109308008195,1
1.365,PINN Vanilla,0.24584192932919935,0.01923202395623538,0.0009211023044790647,0.0023815466091341025,-0.0003299284726381302,0.5181221961975098,1.036506962031126,0.5182599722005242,0.0,0.00032993260503051794,1
1.37,PINN Vanilla,0.24578912686407417,0.019442675438642178,0.0009132801548128705,0.0023690839763911287,-0.0003408268094062805,0.5174207091331482,1.0351161155849695,0.5175645402671895,0.0,0.0003408310783016004,1
1.375,PINN Vanilla,0.24573603351772932,0.019654487369902676,0.0009056288481960835,0.0023563199894178627,-0.00035164691507816315,0.5167218446731567,1.033730374649167,0.5168716611210052,0.0,0.00035165131949656156,1
1.3800000000000001,PINN Vanilla,0.24568265260246633,0.0198674465358379,0.0008981326431887094,0.002343952823294415,-0.00036212243139743805,0.516025185585022,1.0323490593582392,0.5161809948249741,0.0,0.0003621269670228934,1
1.385,PINN Vanilla,0.24562897729790875,0.020081580145829118,0.0008908113571891743,0.0023313246047010072,-0.00037237629294395447,0.5153312087059021,1.0309728849679232,0.5154928990114442,0.0,0.00037238095700021503,1
1.3900000000000001,PINN Vanilla,0.24557500188840223,0.020296911002051613,0.0008836491386155355,0.0023185820811691127,-0.0003826655447483063,0.5146395564079285,1.0296015739440918,0.5148072349116137,0.0,0.0003826703376786391,1
1.395,PINN Vanilla,0.24552076053456054,0.020513302823293587,0.0008766653609470485,0.0023061550813049947,-0.0003930535167455673,0.5139504671096802,1.0282356645911932,0.5141242716810779,0.0,0.00039305843978645433,1
1.4000000000000001,PINN Vanilla,0.24546621157298307,0.02073092182257335,0.0008698495395012384,0.0022933558064892057,-0.000402890145778656,0.5132636427879333,1.0268736761063337,0.5134432689091163,0.0,0.0004028951920244626,1
1.405,PINN Vanilla,0.24541138228703963,0.02094965915492916,0.000863206007379946,0.002280643808216576,-0.00041266530752182007,0.5125795602798462,1.025517463684082,0.5127651542046315,0.0,0.00041267047620266125,1
1.41,PINN Vanilla,0.24535625450335463,0.02116958732168264,0.0008567570879440545,0.0022678527507409008,-0.0004223287105560303,0.5118976831436157,1.0241659097373486,0.5120893687670798,0.0,0.00042233400027211535,1
1.415,PINN Vanilla,0.2453008504655283,0.021390617583655663,0.0008504648679788404,0.0022546821502067993,-0.0004313867539167404,0.5112181305885315,1.0228181015700102,0.5114154562426838,0.0,0.00043139215708586917,1
1.42,PINN Vanilla,0.24524515853715578,0.021612796363414358,0.0008443536705923493,0.002241691683334865,-0.00044072791934013367,0.5105413794517517,1.021477011963725,0.5107449030408898,0.0,0.00044073343950844283,1
1.425,PINN Vanilla,0.24518917922724834,0.021836121630296447,0.0008384385219297457,0.0022287051954736486,-0.00044983625411987305,0.5098665356636047,1.0201391465961933,0.5100759619786644,0.0,0.0004498418883711318,1
1.43,PINN Vanilla,0.24513292417500737,0.02206054695057909,0.0008326922180706264,0.0022155650459880355,-0.0004584603011608124,0.5091943144798279,1.0188064593821764,0.5094096100256251,0.0,0.0004584660434292606,1
1.435,PINN Vanilla,0.24507638223159747,0.022286116801706685,0.000827139156380512,0.0022021465920163685,-0.0004671253263950348,0.5085244178771973,1.017478222027421,0.5087454830300839,0.0,0.0004671311771939291,1
1.44,PINN Vanilla,0.24501956082242835,0.022512801560562998,0.0008217585471044202,0.002188867066843861,-0.0004754941910505295,0.5078566074371338,1.0161546375602484,0.5080836825074732,0.0,0.0004755001466704243,1
1.445,PINN Vanilla,0.2449624556209053,0.022740618487773718,0.0008165782262895147,0.0021755030219506727,-0.00048365816473960876,0.5071916580200195,1.0148362703621387,0.5074244906520673,0.0,0.00048366422261422097,1
1.45,PINN Vanilla,0.24490507362266856,0.02296953967475575,0.0008115679700526044,0.0021619581077339245,-0.0004916638135910034,0.5065284371376038,1.0135216787457466,0.5067671866111649,0.0,0.000491669971737296,1
1.455,PINN Vanilla,0.24484740774817504,0.023199593364816355,0.0008067509387102559,0.0021483107265626022,-0.0004993043839931488,0.5058676600456238,1.0122114289551973,0.506112053510375,0.0,0.0004993106378384719,1
1.46,PINN Vanilla,0.2447894658404845,0.02343074826865568,0.000802121514720308,0.0021348084025105407,-0.0005067028105258942,0.50520920753479,1.0109060034155846,0.5054593325652654,0.0,0.0005067091570373677,1
1.465,PINN Vanilla,0.24473123923522067,0.023663038952154342,0.000797688103174227,0.0021207016611601154,-0.0005139932036399841,0.5045531988143921,1.0096051786094904,0.5048089120157276,0.0,0.0005139996414644771,1
1.47,PINN Vanilla,0.24467275116697057,0.023896372722666457,0.0007934358941395077,0.002106964400399161,-0.0005209948867559433,0.5038993954658508,1.0083090122789145,0.5041608207331228,0.0,0.0005210014122773295,1
1.475,PINN Vanilla,0.24461397824639283,0.0241308428902188,0.0007893737948501877,0.00209275999447793,-0.000527750700712204,0.5032474994659424,1.007016533985734,0.5035145734923123,0.0,0.0005277573108509435,1
1.48,PINN Vanilla,0.24455493247626842,0.024366401570615114,0.0007854941121989194,0.0020788562345191997,-0.0005344878882169724,0.5025984644889832,1.0057297572493553,0.502871177065609,0.0,0.0005344945827397668,1
1.485,PINN Vanilla,0.2444956185915195,0.02460302987423777,0.0007818107093910751,0.0020643968762597,-0.0005405247211456299,0.5019511580467224,1.0044459160417318,0.5022292484216673,0.0,0.000540531491280457,1
1.49,PINN Vanilla,0.2444360191580486,0.024840797353113713,0.0007783128405411383,0.0020502245527120183,-0.0005463510751724243,0.5013063549995422,1.0031672287732363,0.5015898967795663,0.0,0.0005463579182830114,1
1.495,PINN Vanilla,0.24437616185823063,0.025079593570480303,0.0007749886527970293,0.002035626449736483,-0.000552130863070488,0.5006634593009949,1.001892190426588,0.5009523696212407,0.0,0.0005521377785735888,1
1.5,PINN Vanilla,0.24431602759202858,0.025319494724505523,0.0007718703860283088,0.00202127169129962,-0.0005578100681304932,0.5000231862068176,1.0006223544478416,0.500317443679446,0.0,0.0005578170547662962,1
1.5050000000000001,PINN Vanilla,0.2442556277226966,0.025560455482337496,0.0007689192177120674,0.0020064428122165134,-0.0005627069622278214,0.49938446283340454,0.99935507401824,0.49968379552822795,0.0,0.0005627140101977908,1
1.51,PINN Vanilla,0.24419494912035772,0.025802528224637605,0.0007661683376521545,0.0019913904086328454,-0.0005676113069057465,0.49874812364578247,0.99809280782938,0.4990526545287828,0.0,0.000567618416303202,1
1.5150000000000001,PINN Vanilla,0.24413401383563532,0.026045624982094336,0.0007635917950032758,0.0019767512294169703,-0.0005722492933273315,0.4981142282485962,0.9968354012817144,0.49842394338036855,0.0,0.0005722564608161049,1
1.52,PINN Vanilla,0.24407280679956242,0.026289805871223603,0.0007612069726351156,0.0019617929739844248,-0.0005764476954936981,0.4974822998046875,0.995581666007638,0.49779706789174044,0.0,0.0005764549155679456,1
1.5250000000000001,PINN Vanilla,0.2440113240761591,0.026535086594322622,0.0007589990667874827,0.001946318507251743,-0.0005806796252727509,0.4968525171279907,0.9943324960768223,0.49717247510333346,0.0,0.0005806868983524097,1
1.53,PINN Vanilla,0.24394958377167866,0.02678139491784919,0.0007569765917555722,0.0019311144621707993,-0.0005844905972480774,0.4962250590324402,0.9930870160460472,0.496549727288055,0.0,0.0005844979180606022,1
1.5350000000000001,PINN Vanilla,0.2438875823715204,0.027028744863039713,0.0007551376728874056,0.0019157604561681335,-0.000588148832321167,0.4955996870994568,0.9918463882058859,0.49592940559847054,0.0,0.0005881561989535104,1
1.54,PINN Vanilla,0.24382532079302305,0.027277132770239864,0.0007534649773836597,0.001899794389357251,-0.0005912631750106812,0.4949761629104614,0.9906087350100279,0.49531057124966665,0.0,0.000591270580650528,1
1.545,PINN Vanilla,0.24376278098120735,0.027526630668438124,0.0007519801639381026,0.001884262031575143,-0.0005945321172475815,0.49435484409332275,0.9893755856901407,0.4946939888670539,0.0,0.000594539563831309,1
1.55,PINN Vanilla,0.24369999008706295,0.027777130240793504,0.0007506713844421584,0.001868543344125076,-0.0005971193313598633,0.493735671043396,0.9881466422230005,0.49407950943715406,0.0,0.0005971268103487476,1
1.555,PINN Vanilla,0.2436369449306686,0.028028644173363787,0.0007495228179101131,0.0018522709103730717,-0.0005994141101837158,0.4931185841560364,0.9869213998317719,0.4934668805683882,0.0,0.0005994216179149711,1
1.56,PINN Vanilla,0.24357362832963553,0.028281241014002857,0.000748551225529545,0.0018364505123768249,-0.0006016120314598083,0.49250346422195435,0.9857001733034849,0.4928562596562428,0.0,0.0006016195667202825,1
1.565,PINN Vanilla,0.24351006528051258,0.028534821040850117,0.0007477581947848802,0.0018202784674760247,-0.0006034299731254578,0.491890549659729,0.984482916072011,0.49224762341736183,0.0,0.0006034375311558622,1
1.57,PINN Vanilla,0.24344623273423127,0.028789476206439096,0.0007471231511436469,0.0018036954368585156,-0.0006053391844034195,0.4912797808647156,0.983270637691021,0.49164147663490315,0.0,0.0006053467663469166,1
1.575,PINN Vanilla,0.24338214867025823,0.029045134783033392,0.0007466562189135535,0.001787338867821231,-0.0006063375622034073,0.4906706213951111,0.9820603094995022,0.49103630495939327,0.0,0.0006063451566517021,1
1.58,PINN Vanilla,0.24331781232134775,0.029301799831502343,0.0007463607876427374,0.0017705348886778993,-0.0006073545664548874,0.4900640845298767,0.9808553643524647,0.49043382483983566,0.0,0.0006073621736412785,1
1.585,PINN Vanilla,0.2432532256070125,0.02955946369409375,0.0007462215692711681,0.0017539358147707629,-0.0006082691252231598,0.4894590973854065,0.9796535950154066,0.4898329326451564,0.0,0.0006082767438645055,1
1.59,PINN Vanilla,0.24318838209842328,0.029818152018140705,0.000746246079116105,0.0017373296782450115,-0.0006086397916078568,0.48885631561279297,0.9784559886902571,0.4892341219825026,0.0,0.0006086474148918419,1
1.595,PINN Vanilla,0.2431232878412526,0.030077840684885098,0.0007464264687738924,0.0017199286811272751,-0.0006092078983783722,0.48825544118881226,0.9772622156888247,0.48863722800571374,0.0,0.0006092155287779606,1
1.6,PINN Vanilla,0.243057932345769,0.030338571542325384,0.000746754894399979,0.0017023840021138104,-0.0006088521331548691,0.48765653371810913,0.9760716911405325,0.4880419582758386,0.0,0.0006088597590984567,1
1.605,PINN Vanilla,0.24299232829250283,0.03060029400243497,0.000747251888233176,0.0016853801781095967,-0.0006084498018026352,0.4870597720146179,0.9748857673257589,0.4874489889415352,0.0,0.000608457422706976,1
1.61,PINN Vanilla,0.24292648737192957,0.030862961426936963,0.0007478888787925015,0.0016679109058481273,-0.0006078742444515228,0.4864650368690491,0.9737033080309629,0.4868577518889173,0.0,0.0006078818581469411,1
1.615,PINN Vanilla,0.24286039513782845,0.031126631447947754,0.0007486809284842479,0.0016500960889721666,-0.0006072483956813812,0.48587220907211304,0.972524730488658,0.48626845573685457,0.0,0.0006072560015379711,1
1.62,PINN Vanilla,0.24279404470642973,0.03139133152775151,0.000749616332758622,0.0016324673924996702,-0.0006058923900127411,0.48528116941452026,0.9713494163006544,0.48568079128237956,0.0,0.0006058999788852026,1
1.625,PINN Vanilla,0.242727465134252,0.03165694574754221,0.0007507038012798578,0.0016144293518240704,-0.0006047636270523071,0.4846919775009155,0.9701778460294008,0.48509499880972595,0.0,0.0006047712017868816,1
1.6300000000000001,PINN Vanilla,0.24266062827931867,0.03192358637762902,0.0007519246518100076,0.0015964465546288858,-0.0006030406802892685,0.48410511016845703,0.9690103903412819,0.48451126365440755,0.0,0.000603048233443735,1
1.635,PINN Vanilla,0.24259354871090827,0.03219119529496574,0.000753288657655407,0.0015783455077554437,-0.0006011202931404114,0.48351991176605225,0.9678460732102394,0.48392909779728277,0.0,0.0006011278222418061,1
1.6400000000000001,PINN Vanilla,0.2425262287372837,0.03245976329091035,0.0007547975658086957,0.0015600184801172895,-0.0005988851189613342,0.4829365611076355,0.9666853155940771,0.48334871171988975,0.0,0.0005988926200669131,1
1.645,PINN Vanilla,0.2424586713388637,0.03272927847530523,0.0007564305237514958,0.0015415330210630934,-0.0005965754389762878,0.48235541582107544,0.9655290730297565,0.4827705831966933,0.0,0.000596582911152857,1
1.6500000000000001,PINN Vanilla,0.24239086538079652,0.03299978526980818,0.0007581959983678305,0.0015229558542281807,-0.0005937889218330383,0.4817758798599243,0.9643754530698061,0.4821937659921062,0.0,0.0005937963591081571,1
1.655,PINN Vanilla,0.24232282320706844,0.033271234429009755,0.0007601019195726201,0.0015045262770781859,-0.0005911197513341904,0.48119860887527466,0.9632263612002134,0.4816192128610554,0.0,0.000591127155177639,1
1.6600000000000001,PINN Vanilla,0.2422545540908182,0.033543588958417095,0.0007621259527981308,0.0014854098785321707,-0.0005882140249013901,0.4806230068206787,0.9620807860046625,0.48104641808904886,0.0,0.0005882213923502781,1
1.665,PINN Vanilla,0.24218602511506002,0.03381698017788114,0.0007642951205851768,0.0014849759655178006,-0.0005845688283443451,0.48004937171936035,0.9609383456408978,0.4804751907525674,0.0,0.0005845761501367234,1
1.67,PINN Vanilla,0.24211728169179117,0.034091226919637806,0.000766571418648472,0.0015032499196340199,-0.0005809739232063293,0.47947776317596436,0.9597998894751072,0.47990595554002435,0.0,0.0005809811999721039,1
1.675,PINN Vanilla,0.24204828834405415,0.03436647071635368,0.0007689818438327129,0.0015213817454703023,-0.0005776640027761459,0.47890764474868774,0.9586648158729076,0.4793384116304603,0.0,0.0005776712380847832,1
1.68,PINN Vanilla,0.24197907844284275,0.034642578436946764,0.0007714958279465903,0.001538796781440907,-0.0005732756108045578,0.47833943367004395,0.9575324207544327,0.47877220697953277,0.0,0.0005732827911480766,1
1.685,PINN Vanilla,0.24190962645835853,0.03491965193063707,0.0007741416294738154,0.0015564385210053988,-0.0005693137645721436,0.4777732491493225,0.9564043860882521,0.47820818258205994,0.0,0.0005693208952930787,1
1.69,PINN Vanilla,0.2418399421913965,0.03519765209788648,0.0007768979606736568,0.0015734898725572946,-0.0005645304918289185,0.47720879316329956,0.9552794620394707,0.47764571351276713,0.0,0.0005645375626388078,1
1.695,PINN Vanilla,0.24177002469851477,0.03547658270248588,0.0007797716326607594,0.0015904094704330476,-0.0005599856376647949,0.4766462445259094,0.9541581738740206,0.47708506240790993,0.0,0.0005599926515498587,1
1.7,PINN Vanilla,0.24169988349803517,0.035756405771802675,0.0007827553210935516,0.0016076749140812932,-0.000555034726858139,0.47608548402786255,0.9530402943491936,0.4765261156447111,0.0,0.0005550416787324707,1
1.705,PINN Vanilla,0.24162950770961153,0.036037164712163554,0.0007858495578774388,0.0016241531238526882,-0.0005499124526977539,0.47552651166915894,0.9519259370863438,0.4759689300345592,0.0,0.0005499193404150075,1
1.71,PINN Vanilla,0.24155891644726465,0.03631878326961317,0.0007890453252325808,0.0016405373968070638,-0.0005449578166007996,0.47496938705444336,0.9508152045309544,0.47541355680083747,0.0,0.0005449646422606614,1
1.715,PINN Vanilla,0.24148808760443577,0.03660134963661311,0.0007923488352444267,0.0016565967486237218,-0.0005393140017986298,0.4744141697883606,0.9497076589614153,0.47485977707999955,0.0,0.0005393207567690566,1
1.72,PINN Vanilla,0.24141705112608225,0.03688474434999727,0.000795761360262498,0.0016722585024413622,-0.0005337074398994446,0.4738606810569763,0.9486034847795963,0.47430768307413523,0.0,0.0005337141246470333,1
1.725,PINN Vanilla,0.24134576197590557,0.03716914707870771,0.0007992814432802634,0.0016882356502232118,-0.0005277805030345917,0.4733089208602905,0.9475027471780777,0.4737573073799428,0.0,0.0005277871135466087,1
1.73,PINN Vanilla,0.24127427911249782,0.03745432261185424,0.0008028877177830939,0.0017032799911644025,-0.0005219243466854095,0.4727588891983032,0.9464051201939583,0.4732084870139305,0.0,0.0005219308838483891,1
1.735,PINN Vanilla,0.24120257200917472,0.037740392733358975,0.000806591113369744,0.0017183454160733594,-0.0005154609680175781,0.4722108542919159,0.9453110564500093,0.47266144829031836,0.0,0.0005154674242259902,1
1.74,PINN Vanilla,0.24113063701895532,0.03802737199257939,0.0008103979701081628,0.0017332570704803943,-0.0005090683698654175,0.4716644883155823,0.9442203436046839,0.4721160850370032,0.0,0.0005090747460057962,1
1.745,PINN Vanilla,0.24105848800260443,0.038315205093031726,0.0008142986036164002,0.0017474843659478698,-0.0005026198923587799,0.47111976146698,0.9431326128542423,0.4715722128498055,0.0,0.0005026261877312299,1
1.75,PINN Vanilla,0.24098611792998836,0.03860392008090817,0.0008182935363818175,0.001762079858957176,-0.0004957430064678192,0.4705767035484314,0.9420481491833925,0.47102997422286397,0.0,0.0004957492157064758,1
1.7550000000000001,PINN Vanilla,0.2409135389605069,0.038893468447193366,0.0008223729861990354,0.0017757922585671451,-0.0004891231656074524,0.47003570199012756,0.9409675765782595,0.4704896811531488,0.0,0.0004891292919318343,1
1.76,PINN Vanilla,0.24084073523091182,0.03918391347712884,0.0008265460235778509,0.0017891061667468233,-0.0004822053015232086,0.4694961905479431,0.9398900456726551,0.46995090895224684,0.0,0.00048221134120054055,1
1.7650000000000001,PINN Vanilla,0.2407677297585749,0.03947516334463255,0.000830805069304694,0.0018026105101102557,-0.0004748106002807617,0.4689587950706482,0.938815850764513,0.4694138047709679,0.0,0.00047481654733860286,1
1.77,PINN Vanilla,0.2406945090285979,0.03976727196637964,0.0008351526186747312,0.0018157766444289528,-0.0004673190414905548,0.46842294931411743,0.9377449564635754,0.4688783509139614,0.0,0.0004673248947157532,1
1.7750000000000001,PINN Vanilla,0.24062107605589284,0.04006022731460417,0.0008395787914906214,0.001828239854227684,-0.00045989081263542175,0.4678885340690613,0.9366766288876534,0.468344180435537,0.0,0.0004598965728211921,1
1.78,PINN Vanilla,0.240547441980905,0.040353984945333515,0.0008440970671784383,0.0018405406852906522,-0.00045253336429595947,0.4673561453819275,0.9356124848127365,0.4678121017338146,0.0,0.000452539032328836,1
1.7850000000000001,PINN Vanilla,0.24047359130303333,0.040648606697055376,0.0008486861781157056,0.0018528583456990932,-0.0004555303603410721,0.466825395822525,0.9345510471612215,0.46728137626074223,0.0,0.0004555360659116717,1
1.79,PINN Vanilla,0.24039954099863825,0.04094402484385059,0.0008533612526834416,0.001864537593705827,-0.0004634615033864975,0.46629610657691956,0.9334927555173635,0.46675222381120046,0.0,0.0004634673082955837,1
1.795,PINN Vanilla,0.2403252783685445,0.04124029004812825,0.0008581174987075807,0.0018758172721787952,-0.00047145038843154907,0.4657686650753021,0.9324377067387104,0.46622469281456974,0.0,0.00047145629340234705,1
1.8,PINN Vanilla,0.2402508046815509,0.04153739724811046,0.0008629453855582419,0.0018869958433226017,-0.0004790220409631729,0.4652429521083832,0.9313859697431326,0.46569881773021693,0.0,0.0004790280407697971,1
1.805,PINN Vanilla,0.24017614606876034,0.04183524219571822,0.0008678471045924683,0.0018975969234025156,-0.00048671290278434753,0.46471887826919556,0.930337131023407,0.4651743918019408,0.0,0.0004867189989199081,1
1.81,PINN Vanilla,0.24010126403737087,0.04213397845510364,0.000872836146660137,0.0019080382125522058,-0.0004946421831846237,0.4641966223716736,0.9292926173657179,0.4646521284317689,0.0,0.000494648378635341,1
1.815,PINN Vanilla,0.24002620273990344,0.04243342988308917,0.0008778853901769562,0.0019182568624102198,-0.0005016755312681198,0.4636758863925934,0.9282495360821486,0.4641305812576272,0.0,0.0005016818148123376,1
1.82,PINN Vanilla,0.23995092602538037,0.042733740701294425,0.0008830124119415854,0.0019280224002649893,-0.0005089491605758667,0.4631567895412445,0.9272102303802967,0.463610921897989,0.0,0.0005089555352231352,1
1.825,PINN Vanilla,0.2398754628720107,0.043034795303323485,0.0008882051943014269,0.0019374508188778825,-0.0005163401365280151,0.4626394510269165,0.9261741936206818,0.4630928970299413,0.0,0.0005163466037481148,1
1.83,PINN Vanilla,0.2397998033000065,0.04333663350279324,0.0008934717131266343,0.0019467177288956528,-0.0005236119031906128,0.4621235430240631,0.925141479820013,0.4625765336621768,0.0,0.0005236184614904333,1
1.835,PINN Vanilla,0.23972393872330078,0.043639289553175316,0.0008987955694735433,0.001955469762751176,-0.0005312412977218628,0.46160948276519775,0.9241121746599674,0.4620618746360708,0.0,0.0005312479515807347,1
1.84,PINN Vanilla,0.2396478972447154,0.04394265134036532,0.0009041882245831606,0.0019638304028147466,-0.0005376767367124557,0.4610968232154846,0.9230846893042326,0.46154812552351676,0.0,0.0005376834711759475,1
1.845,PINN Vanilla,0.23957164783694512,0.04424684264547529,0.0009096583579489925,0.0019719660728670096,-0.0005444716662168503,0.46058598160743713,0.9220606815069914,0.4610361152119879,0.0,0.0005444784857876222,1
1.85,PINN Vanilla,0.23949522068826584,0.04455174303463796,0.000915176935198803,0.0019797783613276707,-0.0005512647330760956,0.46007657051086426,0.921039666980505,0.46052560155458205,0.0,0.0005512716377308178,1
1.855,PINN Vanilla,0.2394185904059205,0.04485745381035701,0.0009207697460771453,0.0019871917485827575,-0.0005577616393566132,0.45956918597221375,0.92002247646451,0.4600169999263699,0.0,0.0005577686253858402,1
1.86,PINN Vanilla,0.23934177623351327,0.04516389820171403,0.0009264211445381164,0.0019947487730182095,-0.0005642566829919815,0.45906296372413635,0.919007895514369,0.4595097030974274,0.0,0.0005642637503723833,1
1.865,PINN Vanilla,0.23926479087488073,0.04547102552770379,0.0009321139522314902,0.002001496368656999,-0.0005708709359169006,0.45855849981307983,0.9179960452020168,0.45900377160448,0.0,0.0005708780861415875,1
1.87,PINN Vanilla,0.23918758579590418,0.04577902941156011,0.00093790305523931,0.0020078714966508815,-0.0005770660936832428,0.45805543661117554,0.9169872887432575,0.4584993870577046,0.0,0.0005770733215029993,1
1.875,PINN Vanilla,0.23911023335633902,0.046087621179454946,0.0009437153684036124,0.002014175089395477,-0.0005830246955156326,0.457554429769516,0.9159822817891836,0.4579968772867533,0.0,0.0005830319979675682,1
1.8800000000000001,PINN Vanilla,0.23903268986513038,0.04639697513358142,0.0009495914435340941,0.0020201074876281186,-0.0005892198532819748,0.45705458521842957,0.9149794299155474,0.45749544506951717,0.0,0.0005892272333289799,1
1.885,PINN Vanilla,0.23895494784839127,0.04670712109045222,0.000955539405929635,0.002025408091559662,-0.0005949977785348892,0.45655661821365356,0.9139802288264036,0.4569958382673905,0.0,0.0005950052309510784,1
1.8900000000000001,PINN Vanilla,0.2388770341214997,0.04701795207212404,0.000961532097030634,0.0020308094247646416,-0.0006007757037878036,0.4560600221157074,0.9129835646599531,0.4564974999424981,0.0,0.0006007832285731768,1
1.895,PINN Vanilla,0.23879894856512696,0.04732946855464962,0.0009675833544944967,0.002035782750365478,-0.0006064344197511673,0.4555649757385254,0.9119898620992899,0.4560006424390466,0.0,0.0006064420154126142,1
1.9000000000000001,PINN Vanilla,0.23872068413329106,0.04764169864744685,0.0009736665368762387,0.0020404762549247196,-0.0006116759032011032,0.45507150888442993,0.9109989237040281,0.4555051670356065,0.0,0.0006116835645127382,1
1.905,PINN Vanilla,0.2386422282554679,0.04795469249968071,0.0009798296392556874,0.0020445304697523856,-0.0006172154098749161,0.454579621553421,0.9100114647299051,0.45501143136452593,0.0,0.0006172231405695148,1
1.9100000000000001,PINN Vanilla,0.2385636199894058,0.048268294293387734,0.0009860214016897957,0.0020488351821549497,-0.0006222780793905258,0.4540892243385315,0.9090262372046709,0.4545188114318643,0.0,0.0006222858734956473,1
1.915,PINN Vanilla,0.23848482929878645,0.048582623856211676,0.0009922706784992403,0.002052051678358313,-0.0006271600723266602,0.4536004960536957,0.9080448150634766,0.4540280942150541,0.0,0.0006271679275793095,1
1.92,PINN Vanilla,0.23840586519571721,0.04889764523502464,0.0009985630881060765,0.0020554887330669694,-0.0006321612745523453,0.45311295986175537,0.9070652220398188,0.45353829156846703,0.0,0.0006321691924456326,1
1.925,PINN Vanilla,0.23832673031661483,0.04921334791203945,0.001004906940846148,0.002058650547110956,-0.0006367452442646027,0.4526273012161255,0.9060891643166542,0.4530502565942667,0.0,0.0006367532195726423,1
1.93,PINN Vanilla,0.23824742096229212,0.04952974664488645,0.001011305346795943,0.002061634792899704,-0.0006411504000425339,0.45214322209358215,0.9051160607486963,0.4525636987161702,0.0,0.0006411584305256605,1
1.935,PINN Vanilla,0.2381679651861613,0.04984672951657744,0.0010177293895902468,0.002063642196301896,-0.0006457343697547913,0.4516603648662567,0.9041460044682026,0.4520786645008896,0.0,0.0006457424576526702,1
1.94,PINN Vanilla,0.23808832427447624,0.050164450972704784,0.0010242145354631665,0.0020659265790925058,-0.0006500780582427979,0.4511790871620178,0.9031784869730473,0.45159489969417754,0.0,0.000650086200545879,1
1.945,PINN Vanilla,0.2380085266367705,0.050482797675560895,0.001030728074692681,0.002067717556397654,-0.0006539467722177505,0.45069941878318787,0.902213865891099,0.4511125831122079,0.0,0.000653954962976923,1
1.95,PINN Vanilla,0.2379285656931895,0.0508017958749831,0.0010372845280927987,0.002069313909945282,-0.0006579328328371048,0.4502212107181549,0.9012523982673883,0.4506318432791058,0.0,0.0006579410735221489,1
1.955,PINN Vanilla,0.23784843622590301,0.05112146638711442,0.0010438876363052959,0.002070306624422473,-0.0006616208702325821,0.44974449276924133,0.9002933148294687,0.4501522955538304,0.0,0.0006616291571107223,1
1.96,PINN Vanilla,0.23776815939056983,0.05144172481303775,0.0010505283453517,0.0020712776196832317,-0.0006651319563388824,0.4492691159248352,0.8993371836841106,0.4496742239933246,0.0,0.0006651402871937833,1
1.965,PINN Vanilla,0.2376877081396806,0.051762679056767125,0.0010572097295131878,0.0020717149069971325,-0.0006684605032205582,0.4487953186035156,0.8983839433640242,0.44919759786355856,0.0,0.0006684688757658949,1
1.97,PINN Vanilla,0.23760710978364058,0.05208422016548488,0.001063920708395984,0.0020722262669941316,-0.000671612098813057,0.4483230412006378,0.8974334802478552,0.44872236035314367,0.0,0.000671620510832494,1
1.975,PINN Vanilla,0.23752635354278712,0.05240639114384837,0.0010706691416194846,0.0020720862971434564,-0.0006746444851160049,0.4478522837162018,0.8964860644191504,0.4482486465055447,0.0,0.0006746529351164321,1
1.98,PINN Vanilla,0.23744544596248146,0.05272916587962877,0.0010774576193783767,0.002072054442402292,-0.0006776750087738037,0.44738292694091797,0.8955414295196533,0.44777632313996535,0.0,0.0006776834967318912,1
1.985,PINN Vanilla,0.23736437430719026,0.053052595180283144,0.0010842796169938504,0.002071381236197996,-0.0006802882999181747,0.44691479206085205,0.8945990707725286,0.44730513786482673,0.0,0.000680296820608037,1
1.99,PINN Vanilla,0.2372831559532114,0.05337660972437174,0.0010911360985206384,0.0020705876277058305,-0.0006828438490629196,0.446448415517807,0.8936600256711245,0.4468356094333002,0.0,0.0006828524017613313,1
1.995,PINN Vanilla,0.2372017935201809,0.053701199061052654,0.0010980187191261233,0.0020694940387053565,-0.0006852187216281891,0.44598329067230225,0.8927234783768654,0.44636732992098893,0.0,0.0006852273040721551,1
2.0,PINN Vanilla,0.23712026910414477,0.05402643461681023,0.0011049442679866802,0.0020681608878943478,-0.0006874147802591324,0.4455198645591736,0.8917902614921331,0.44590071563429795,0.0,0.0006874233902089875,1
2.005,PINN Vanilla,0.23703860965565787,0.05435220887442314,0.0011118855639394144,0.002066410181848645,-0.0006894301623106003,0.44505754113197327,0.8908590544015169,0.4454351062572514,0.0,0.0006894387975033493,1
2.0100000000000002,PINN Vanilla,0.2369567993841879,0.054678584829038084,0.0011188616817886176,0.00206454077061434,-0.0006911493837833405,0.4445968270301819,0.8899308368563652,0.4449709916716594,0.0,0.0006911580405095379,1
2.015,PINN Vanilla,0.23687483937021817,0.055005558170147746,0.0011258687700029574,0.002062522522117499,-0.0006926897913217545,0.44413745403289795,0.889005383476615,0.4445082591860788,0.0,0.0006926984673417349,1
2.02,PINN Vanilla,0.2367927402498441,0.05533308646584556,0.0011328951664829545,0.0020599723334077114,-0.000694049522280693,0.4436793327331543,0.8880818765610456,0.4440464999447785,0.0,0.0006940582153314615,1
2.025,PINN Vanilla,0.23671049522040216,0.05566119685484843,0.0011399600307499954,0.002057327145418217,-0.0006954092532396317,0.4432228207588196,0.887161972001195,0.4435865419038975,0.0,0.000695417963321188,1
2.0300000000000002,PINN Vanilla,0.23662812049473608,0.055989824657229924,0.0011470329349467033,0.002054335651800618,-0.0006965920329093933,0.44276782870292664,0.8862449415028095,0.4431280209117481,0.0,0.0006966007578054022,1
2.035,PINN Vanilla,0.2365456109790055,0.05631899019448484,0.0011541325692920386,0.0020512296768155636,-0.0006974749267101288,0.4423143267631531,0.8853308223187923,0.4426709555950151,0.0,0.000697483662664485,1
2.04,PINN Vanilla,0.23646294395043116,0.05664878411744029,0.0011612652851788726,0.002056518506662941,-0.0006980579346418381,0.4418618381023407,0.8844180982559919,0.4422145878476275,0.0,0.0006980666778984363,1
2.045,PINN Vanilla,0.23638015264110104,0.056979073849168595,0.001168416727512936,0.002075770856454273,-0.000698823481798172,0.44141077995300293,0.8835092037916183,0.4417601349234364,0.0,0.0006988322346433371,1
2.05,PINN Vanilla,0.23629721958988215,0.05730992904955296,0.0011755831159065285,0.002094957715832013,-0.0006990488618612289,0.4409613013267517,0.8826026562601328,0.4413068554803872,0.0,0.0006990576175293055,1
2.055,PINN Vanilla,0.23621415174300514,0.05764132200712604,0.0011827788333165022,0.002114102044854238,-0.000699097290635109,0.440513014793396,0.8816981371492147,0.44085459026032475,0.0,0.0006991060469097615,1
2.06,PINN Vanilla,0.23613096501965364,0.05797318921349633,0.0011899853628222663,0.002133147930316326,-0.0006992034614086151,0.4400663375854492,0.8807973563671112,0.4404041942280811,0.0,0.0006992122190130689,1
2.065,PINN Vanilla,0.2360476271871168,0.058305659258651145,0.0011972170110581837,0.0021518147747126015,-0.0006989520043134689,0.4396211504936218,0.8798991087824106,0.4399550648104032,0.0,0.0006989607587683935,1
2.07,PINN Vanilla,0.23596418554614018,0.05863854343980654,0.0012044517537614758,0.002170419066463869,-0.000698581337928772,0.4391769468784332,0.8790030628442764,0.4395070362297965,0.0,0.0006985900877410571,1
2.075,PINN Vanilla,0.2358806013969613,0.058971996146768284,0.0012117089425253593,0.0021892002366835084,-0.0006979126483201981,0.43873414397239685,0.87810936011374,0.43906017926766305,0.0,0.0006979213897570682,1
2.08,PINN Vanilla,0.23579689314229052,0.059305943963300724,0.0012189842954310772,0.00220744802916667,-0.0006972439587116241,0.4382929503917694,0.8772192262113094,0.4386151067419326,0.0,0.0006972526917730793,1
2.085,PINN Vanilla,0.23571305524266967,0.059640408988657724,0.0012262748248787596,0.0022260427531507476,-0.0006962176412343979,0.4378529191017151,0.8763309251517057,0.43817095064909384,0.0,0.0006962263614411077,1
2.09,PINN Vanilla,0.23562909163780754,0.059975375505665875,0.0012335750228560512,0.0022440570670109183,-0.0006951317191123962,0.4374142587184906,0.8754455670714378,0.43772826606435356,0.0,0.0006951404257178055,1
2.095,PINN Vanilla,0.23554500852253762,0.060310818800500675,0.0012408851367805458,0.0022623091894369285,-0.0006938055157661438,0.43697673082351685,0.8745622038841248,0.43728657893858386,0.0,0.0006938142057607024,1
2.1,PINN Vanilla,0.23546081953947698,0.060646684446962494,0.0012481974566549271,0.00228011296096986,-0.0006921831518411636,0.4365406632423401,0.873681740835309,0.4368463419002251,0.0,0.0006921918215154259,1
2.105,PINN Vanilla,0.2353764950298705,0.060983090766434836,0.001255529492878266,0.0022979665639650815,-0.0006905589252710342,0.4361061155796051,0.8728041518479586,0.43640754191059794,0.0,0.0006905675746016703,1
2.11,PINN Vanilla,0.23529205440139925,0.061319960333426925,0.0012628699794780573,0.0023159130167241804,-0.0006887577474117279,0.43567290902137756,0.8719297535717487,0.43597033729652307,0.0,0.0006887663741824023,1
2.115,PINN Vanilla,0.23520749802230387,0.0616572916788701,0.0012702153946563422,0.0023334303652296495,-0.0006866548210382462,0.43524065613746643,0.8710565436631441,0.4355337268736931,0.0,0.0006866634214695238,1
2.12,PINN Vanilla,0.2351228328733085,0.06199505695368791,0.0012775603828760367,0.0023507305521969224,-0.0006844960153102875,0.43480995297431946,0.8701867125928402,0.4350988058911736,0.0,0.000684504588702273,1
2.125,PINN Vanilla,0.23503804652372728,0.06233330574917133,0.0012849232102535525,0.0023679162105863516,-0.0006817970424890518,0.43438059091567993,0.8693193811923265,0.4346651347592036,0.0,0.0006818055820760898,1
2.13,PINN Vanilla,0.23495313460408176,0.06267205549702744,0.0012922887133760305,0.00238515691583574,-0.0006795171648263931,0.43395230174064636,0.8684541303664446,0.4342325039275791,0.0,0.0006795256758576989,1
2.1350000000000002,PINN Vanilla,0.23486813843470283,0.063011141352889,0.0012996402973415077,0.0024022695284388607,-0.0006768796592950821,0.4335254728794098,0.8675920907407999,0.43380147871618363,0.0,0.0006768881372913251,1
2.14,PINN Vanilla,0.23478301283013114,0.06335074358076397,0.0013070144950201464,0.0024190343724279084,-0.0006736442446708679,0.4330999553203583,0.8667319938540459,0.43337142488639996,0.0,0.0006736526821431675,1
2.145,PINN Vanilla,0.23469779339317864,0.06369072014589892,0.0013143746846994606,0.0024360574989258366,-0.0006705299019813538,0.4326757788658142,0.8658747598528862,0.4329428025173425,0.0,0.00067053830044615,1
2.15,PINN Vanilla,0.23461245591691635,0.06403116762002521,0.0013217444265118707,0.0024525873122432373,-0.0006672348827123642,0.43225258588790894,0.8650196101516485,0.4325152223112991,0.0,0.0006672432399066618,1
2.1550000000000002,PINN Vanilla,0.23452701332519302,0.06437203444441549,0.0013291107351482603,0.0024689713962478543,-0.0006635822355747223,0.43183082342147827,0.8641667999327183,0.43208881186106046,0.0,0.0006635905470191908,1
2.16,PINN Vanilla,0.23444146492720783,0.06471332337496796,0.001336477189772597,0.0024853902623920843,-0.0006601102650165558,0.4314103424549103,0.8633172400295734,0.4316640265890699,0.0,0.0006601185329741904,1
2.165,PINN Vanilla,0.2343558280834102,0.06505496515346905,0.0013438277708318431,0.0025017785748857047,-0.0006562191992998123,0.4309910535812378,0.8624693918973207,0.43124009721324547,0.0,0.0006562274185213976,1
2.17,PINN Vanilla,0.23427007018539076,0.06539708986872737,0.0013511904162300703,0.0025176543047122912,-0.0006522666662931442,0.4305732250213623,0.8616250064224005,0.4308178991877723,0.0,0.0006522748360087951,1
2.1750000000000003,PINN Vanilla,0.2341842275202364,0.06573955275612563,0.0013585317740850945,0.0025335870861826204,-0.0006480775773525238,0.4301564693450928,0.8607822619378567,0.4303965216677642,0.0,0.0006480856945993498,1
2.18,PINN Vanilla,0.23409826838475717,0.06608248029316732,0.0013658930724911927,0.0025494933471789105,-0.0006435904651880264,0.4297409951686859,0.859942140057683,0.42997645546636537,0.0,0.0006435985262332521,1
2.185,PINN Vanilla,0.23401222844236158,0.06642573020335349,0.00137321811037115,0.0025651869822491125,-0.0006391610950231552,0.42932653427124023,0.859103849157691,0.429557304766524,0.0,0.0006391691005900058,1
2.19,PINN Vanilla,0.2339260840771703,0.06676939670046712,0.0013805508466401579,0.0025805746027715015,-0.0006345547735691071,0.4289136826992035,0.8582692630589008,0.42914000649048506,0.0,0.0006345627214412472,1
2.195,PINN Vanilla,0.23383984940911498,0.06711342345409779,0.0013878652284977234,0.0025959659281379888,-0.0006297081708908081,0.4285018742084503,0.8574364110827446,0.42872357528662314,0.0,0.0006297160580586875,1
2.2,PINN Vanilla,0.23375351383286463,0.06745785277341963,0.0013951770826089594,0.002611082814061416,-0.0006246250122785568,0.4280913174152374,0.8566058780997992,0.42830830359388944,0.0,0.000624632835779285,1
2.205,PINN Vanilla,0.2336670925609536,0.06780262396916552,0.001402474362000831,0.0026262629301858076,-0.0006194803863763809,0.4276820421218872,0.855778293684125,0.427894506203257,0.0,0.0006194881454400729,1
2.21,PINN Vanilla,0.23358056825250983,0.06814780622144664,0.0014097673130763573,0.0026410851899268395,-0.0006142165511846542,0.4272737503051758,0.8549523185938597,0.4274815134854074,0.0,0.0006142242443182,1
2.215,PINN Vanilla,0.2334939727235261,0.06849327260274116,0.0014170317252763824,0.002655844670730767,-0.0006088335067033768,0.42686697840690613,0.8541296515613794,0.4270701748171673,0.0,0.000608841132413666,1
2.22,PINN Vanilla,0.2334072789609865,0.06883913087945405,0.0014242899111731194,0.002670821521862432,-0.0006030332297086716,0.4264613389968872,0.8533087354153395,0.42665971160311233,0.0,0.0006030407827698187,1
2.225,PINN Vanilla,0.23332049562367382,0.06918534650801964,0.0014315361080200757,0.0026849757497439675,-0.0005975905805826187,0.4260566532611847,0.8524904642254114,0.4262505708836775,0.0,0.0005975980654739542,1
2.23,PINN Vanilla,0.23323361901892675,0.06953193422003373,0.0014387687878204217,0.002699495716292244,-0.0005913116037845612,0.4256534278392792,0.8516741506755352,0.4258424089965285,0.0,0.0005913190100309839,1
2.235,PINN Vanilla,0.23314666943447487,0.06987881307911771,0.00144597579637417,0.0027135923469249756,-0.0005852729082107544,0.4252512753009796,0.8508605882525444,0.4254356226900512,0.0,0.0005852802388218147,1
2.24,PINN Vanilla,0.23305962906611544,0.07022605411380581,0.0014531700956788092,0.0027276501637240047,-0.0005790535360574722,0.4248502552509308,0.850049177184701,0.42502991207462065,0.0,0.000579060788770175,1
2.245,PINN Vanilla,0.23297251736534552,0.07057357972380635,0.0014603404263499903,0.00274154978721064,-0.0005725957453250885,0.42445048689842224,0.8492401801049709,0.4246254084683645,0.0,0.0005726029171532133,1
2.25,PINN Vanilla,0.2328853110658812,0.0709214827282176,0.0014675022579632951,0.002755199450781509,-0.0005660206079483032,0.424051970243454,0.8484333083033562,0.42422196751447566,0.0,0.0005660276974220697,1
2.255,PINN Vanilla,0.23279803066054833,0.0712696813724447,0.001474630577434218,0.002768839182600069,-0.0005593243986368179,0.4236544966697693,0.8476289752870798,0.4238197959691553,0.0,0.0005593314042397861,1
2.2600000000000002,PINN Vanilla,0.23271067976183418,0.07161816124474002,0.0014817317516820612,0.0027821740673807938,-0.0005525685846805573,0.4232581853866577,0.8468272350728512,0.4234189208410964,0.0,0.000552575505666172,1
2.265,PINN Vanilla,0.23262323337039342,0.07196702207812065,0.0014888329331993258,0.002795792422458865,-0.0005456339567899704,0.422863245010376,0.846027908846736,0.42301925272221197,0.0,0.0005456407909185665,1
2.27,PINN Vanilla,0.2325357272251471,0.07231612129483608,0.0014958930080699873,0.00280869339943568,-0.0005383417010307312,0.4224696457386017,0.8452309370040894,0.4226207618098063,0.0,0.0005383484438229782,1
2.275,PINN Vanilla,0.2324481297021469,0.07266558505626103,0.001502942111419722,0.002821730696226432,-0.0005311090499162674,0.4220765233039856,0.8444351498037577,0.4222228632259769,0.0,0.0005311157021187202,1
2.2800000000000002,PINN Vanilla,0.2323604745201177,0.07301527884406643,0.0015099465755215294,0.0028345340157162613,-0.0005239341408014297,0.42168471217155457,0.8436421398073435,0.42182635326149875,0.0,0.0005239407031373136,1
2.285,PINN Vanilla,0.2322727447418539,0.07336527022796645,0.0015169361980305201,0.0028472047229302078,-0.0005163438618183136,0.4212944507598877,0.8428519330918789,0.4214312449550511,0.0,0.0005163503290850729,1
2.29,PINN Vanilla,0.23218493614517322,0.07371557605204102,0.0015238932259540264,0.00285963458901356,-0.0005088727921247482,0.420905202627182,0.8420642521232367,0.4210373995378322,0.0,0.000508879165815493,1
2.295,PINN Vanilla,0.23209706643825623,0.07406612567082932,0.0015308233330972889,0.0028719544862000346,-0.0005006249994039536,0.4205167889595032,0.8412774782627821,0.420644007680388,0.0,0.0005006312697901379,1
2.3000000000000003,PINN Vanilla,0.23200912463914106,0.07441696289604625,0.001537722129041761,0.002884273489844935,-0.0004929155111312866,0.42012956738471985,0.8404935225844383,0.4202520249316482,0.0,0.0004929216849552361,1
2.305,PINN Vanilla,0.23192111224875794,0.07476808173984295,0.001544594314791152,0.0028963862634612814,-0.00048472732305526733,0.4197435677051544,0.8397118523716927,0.41986118493002034,0.0,0.0004847333943212115,1
2.31,PINN Vanilla,0.23183304110767544,0.07511943496515744,0.0015514268202502293,0.002908173683195514,-0.00047665834426879883,0.4193589985370636,0.8389330357313156,0.41947177173244743,0.0,0.00047666431446984775,1
2.315,PINN Vanilla,0.231744891795161,0.0754711000495486,0.0015582448050223555,0.002919849411340658,-0.00046847015619277954,0.4189750552177429,0.838155671954155,0.4190830849755814,0.0,0.0004684760238358231,1
2.32,PINN Vanilla,0.23165668371889564,0.07582299956752564,0.0015650182318468374,0.0029315357096209027,-0.00046040117740631104,0.4185924530029297,0.8373813629150391,0.41869592560686814,0.0,0.00046040694398445935,1
2.325,PINN Vanilla,0.2315684139888894,0.07617514504848726,0.0015717559199092221,0.002942931326754772,-0.00045161694288253784,0.4182109534740448,0.8366085067391396,0.41830949267886175,0.0,0.00045162259943712986,1
2.33,PINN Vanilla,0.23148009134969258,0.07652750160670439,0.0015784587197665812,0.0029541460262736408,-0.0004430115222930908,0.4178302586078644,0.8358374685049057,0.4179239687330732,0.0,0.00044301707106379187,1
2.335,PINN Vanilla,0.23139169616988292,0.07688014756026691,0.0015851322612715642,0.0029654635392731277,-0.000434286892414093,0.41745126247406006,0.8350702449679375,0.41754035215980717,0.0,0.00043429233190779283,1
2.34,PINN Vanilla,0.2313032492079788,0.07723300009461949,0.0015917612496666642,0.0029764447517394155,-0.000425560399889946,0.41707277297973633,0.8343037720769644,0.4171571109142397,0.0,0.0004255657300833148,1
2.345,PINN Vanilla,0.23121473369085127,0.07758612612490448,0.0015983705048217836,0.0029871250592280463,-0.000416656956076622,0.4166959524154663,0.8335404451936483,0.4167754426922028,0.0,0.0004166621747533243,1
2.35,PINN Vanilla,0.23112617239162134,0.0779394347994603,0.001604918501218885,0.002997885303501313,-0.0004076920449733734,0.4163195490837097,0.8327783159911633,0.41639437331808193,0.0,0.00040769715136352436,1
2.355,PINN Vanilla,0.23103753471927896,0.07829304815883179,0.0016114511178332532,0.003008210937242295,-0.0003984309732913971,0.4159446060657501,0.832019004970789,0.41601471305266546,0.0,0.00039843596368555105,1
2.36,PINN Vanilla,0.2309488672213079,0.07864678050531651,0.001617918493967113,0.0030187237756674756,-0.00038916803896427155,0.4155707359313965,0.8312617037445307,0.4156360576968935,0.0,0.00038917291333909865,1
2.365,PINN Vanilla,0.23086013366282732,0.07900077639525935,0.0016243630492819897,0.003028796464281891,-0.00037978775799274445,0.41519758105278015,0.8305058125406504,0.4152581073611408,0.0,0.00037979251487846435,1
2.37,PINN Vanilla,0.23077134582380932,0.07935498883334341,0.0016307623785786825,0.003038850216495692,-0.00037070363759994507,0.41482603549957275,0.8297539874911308,0.4148821901280331,0.0,0.00037070828070600345,1
2.375,PINN Vanilla,0.23068251026080205,0.07970939166271053,0.0016371172312173402,0.0030487641139752553,-0.0003610830754041672,0.4144550561904907,0.8290022294968367,0.414506306422958,0.0,0.00036108759801156817,1
2.38,PINN Vanilla,0.2305936246170654,0.08006399428539909,0.0016434316584520267,0.003058551963243339,-0.0003514625132083893,0.4140854775905609,0.8282534442842007,0.41413190912732917,0.0,0.0003514669153171329,1
2.3850000000000002,PINN Vanilla,0.2305046851188317,0.08041881175657259,0.0016497035543780935,0.003068135196288957,-0.0003416035324335098,0.4137171804904938,0.8275071773678064,0.4137587709955922,0.0,0.0003416078110573757,1
2.39,PINN Vanilla,0.23041568890034975,0.08077385550893114,0.0016559373049781485,0.003077463006965042,-0.00033192336559295654,0.4133492708206177,0.8267623707652092,0.41338636302989906,0.0,0.00033192752297160996,1
2.395,PINN Vanilla,0.23032666722478512,0.08112900082041553,0.0016621064890478758,0.003086640722889389,-0.00032200291752815247,0.412982702255249,0.8260195963084698,0.41301497114986124,0.0,0.0003220069506520432,1
2.4,PINN Vanilla,0.23023757951667867,0.08148440956378307,0.0016682454557235373,0.0030957684123934515,-0.0003123227506875992,0.41261717677116394,0.8252797070890665,0.41264502190656044,0.0,0.00031232666256627743,1
2.4050000000000002,PINN Vanilla,0.230148451039204,0.08183998095349354,0.0016743375759797903,0.0031046772398820033,-0.0003021061420440674,0.41225284337997437,0.8245413601398468,0.41227584380800997,0.0,0.0003021099259585374,1
2.41,PINN Vanilla,0.23005928666525716,0.08219569554949299,0.0016803726118686047,0.003113480360678156,-0.00029200688004493713,0.41188934445381165,0.8238050900399685,0.4119077041471366,0.0,0.0002920105374649792,1
2.415,PINN Vanilla,0.22997006841443918,0.08255162508323718,0.001686365412553007,0.003122203734760909,-0.0002816691994667053,0.4115266799926758,0.8230703324079514,0.4115403207296658,0.0,0.00028167272740609907,1
2.42,PINN Vanilla,0.22988080488680093,0.0829077352454669,0.001692310475626355,0.0031304244359552924,-0.0002715718001127243,0.41116541624069214,0.8223387133330107,0.41117450661038857,0.0,0.00027157520158101997,1
2.4250000000000003,PINN Vanilla,0.22979151785235713,0.08326393918633793,0.0016981971550838598,0.0031388678907475764,-0.00026141293346881866,0.4108049273490906,0.8216086644679308,0.4108094776058753,0.0,0.0002614162076961313,1
2.43,PINN Vanilla,0.22970217878597454,0.0836203507047342,0.0017040422149608696,0.003146965083478559,-0.0002508386969566345,0.41044560074806213,0.8208804726600647,0.4104453771415988,0.0,0.00025084183874040836,1
2.435,PINN Vanilla,0.2296127958169153,0.08397693736957294,0.0017098384047850405,0.003154862268259284,-0.00024067983031272888,0.4100874066352844,0.8201553113758564,0.41008279195813,0.0,0.00024068284485551967,1
2.44,PINN Vanilla,0.22952338369158623,0.0843336403511678,0.0017155751552691099,0.0031627057131453085,-0.0002299230545759201,0.40973007678985596,0.8194311764091253,0.4097207199398273,0.0,0.00022992593438884713,1
2.445,PINN Vanilla,0.22943394088854752,0.08469046571918912,0.0017212540902600566,0.003170436604939819,-0.00021970458328723907,0.40937358140945435,0.8187090400606394,0.40935964724316354,0.0,0.000219707335112628,1
2.45,PINN Vanilla,0.22934443957160214,0.08504752452406136,0.0017268997900830834,0.003177962471919038,-0.0002091284841299057,0.40901806950569153,0.8179891612380743,0.40899970332359814,0.0,0.00020913110348842596,1
2.455,PINN Vanilla,0.2292549213994895,0.0854046505713618,0.0017324742971037452,0.003185152896227783,-0.00019855238497257233,0.40866371989250183,0.8172715548425913,0.40864089563180495,0.0,0.00019855487186422392,1
2.46,PINN Vanilla,0.22916535738281332,0.08576195951211704,0.0017380042683202669,0.003192482056020629,-0.00018785707652568817,0.40831029415130615,0.816555617377162,0.4082829224154904,0.0,0.00018785942945736094,1
2.465,PINN Vanilla,0.22907575947680958,0.08611940365180804,0.0017434782903709796,0.0031995210634016003,-0.00017698295414447784,0.4079578220844269,0.8158415425568819,0.4079258805334154,0.0,0.00017698517087650652,1
2.47,PINN Vanilla,0.22898612490056214,0.08647699408469155,0.0017489010357570377,0.0032064031464135723,-0.0001660473644733429,0.407606303691864,0.8151292242109776,0.40756971689952826,0.0,0.00016604944423584254,1
2.475,PINN Vanilla,0.22889647514813835,0.08683464506179465,0.0017542596872642466,0.0032130829714644427,-0.00015523284673690796,0.4072558283805847,0.8144194409251213,0.40721482081154114,0.0,0.0001552347910463186,1
2.48,PINN Vanilla,0.2288067876664293,0.08719244655705728,0.0017595603734223485,0.0032197069730249273,-0.00014447607100009918,0.406906396150589,0.8137116227298975,0.40686090728117674,0.0,0.00014447788057964605,1
2.485,PINN Vanilla,0.2287170633345514,0.08755039506331037,0.0017648115098114312,0.0032262725867465702,-0.00013354048132896423,0.40655773878097534,0.8130054660141468,0.406507824500954,0.0,0.00013354215393898206,1
2.49,PINN Vanilla,0.22862731537653938,0.08790843782425721,0.00176999888623134,0.00323239849203405,-0.0001227259635925293,0.40621015429496765,0.812301479279995,0.40615582672512035,0.0,0.0001227275007494581,1
2.495,PINN Vanilla,0.22853753834243146,0.08826659658211228,0.001775129240516542,0.003238533003423527,-0.00011161155998706818,0.40586352348327637,0.8115993682295084,0.40580476680286587,0.0,0.00011161295793480269,1
2.5,PINN Vanilla,0.22844773323626605,0.08862486733133952,0.0017801981644126757,0.003244610171197315,-0.00010073557496070862,0.40551766753196716,0.810898881405592,0.4054545190040683,0.0,0.00010073683668546918,1
2.505,PINN Vanilla,0.22835790298345898,0.08898323840121146,0.0017852160407840186,0.0032504102039808136,-8.979998528957367e-05,0.40517309308052063,0.8102010544389486,0.4051056011505648,0.0,8.98011100448052e-05,1
2.5100000000000002,PINN Vanilla,0.2282680493776684,0.0893417026360632,0.0017901608783417238,0.003255971183480977,-7.868558168411255e-05,0.4048294723033905,0.8095051869750023,0.4047576630606813,0.0,7.868656723014977e-05,1
2.515,PINN Vanilla,0.22817815995091817,0.08970030977595227,0.0017950570138828435,0.003261472230866258,-6.769038736820221e-05,0.40448614954948425,0.8088098410516977,0.40440998574438486,0.0,6.769123519815532e-05,1
2.52,PINN Vanilla,0.22808825617303718,0.09005897416860333,0.0017998869150930576,0.0032667134113241736,-5.663558840751648e-05,0.4041445851325989,0.8081181459128857,0.4040641338431979,0.0,5.663629777483037e-05,1
2.525,PINN Vanilla,0.2279983313784033,0.09041772240601696,0.001804653588691873,0.0032720094516145437,-4.540197551250458e-05,0.40380361676216125,0.8074273373931646,0.40371872525710895,0.0,4.540254417751399e-05,1
2.5300000000000002,PINN Vanilla,0.2279083830620478,0.09077656448157846,0.0018093543226996456,0.003276942876908495,-3.4285709261894226e-05,0.4034636318683624,0.8067388739436865,0.4033744892208276,0.0,3.4286138694379485e-05,1
2.535,PINN Vanilla,0.22781839982062965,0.09113554588806327,0.001814011653677876,0.0032818642564841904,-2.3171305656433105e-05,0.4031240940093994,0.8060511127114296,0.40303060429755455,0.0,2.3171595879724062e-05,1
2.54,PINN Vanilla,0.22772841141918104,0.09149454788010339,0.001818588238956239,0.0032865300314396384,-1.2174248695373535e-05,0.40278616547584534,0.8053669333457947,0.4026885103300241,0.0,1.217440117925052e-05,1
2.545,PINN Vanilla,0.2276384032455397,0.09185362875182652,0.0018231015025955706,0.00329121691618961,-7.022172212600708e-07,0.40244874358177185,0.8046835083514452,0.40234679355286074,0.0,7.022260166122163e-07,1
2.5500000000000003,PINN Vanilla,0.22754837097217875,0.09221280576757708,0.0018275529927692087,0.0032954953297755774,1.035444438457489e-05,0.40211227536201477,0.8040021304041147,0.4020061003120266,0.0,0.0,1
2.555,PINN Vanilla,0.22745831260593746,0.09257208687892081,0.0018319502597059052,0.0032998697615345685,2.146884799003601e-05,0.40177688002586365,0.8033229671418667,0.40166651442760326,0.0,0.0,1
2.56,PINN Vanilla,0.22736825945193287,0.09293134719643635,0.0018362608889688273,0.003304012032181114,3.252550959587097e-05,0.4014422297477722,0.802645605057478,0.40132782914338955,0.0,0.0,1
2.565,PINN Vanilla,0.22727816881941962,0.09329075703165696,0.0018405269501602236,0.003307953981741274,4.3760985136032104e-05,0.4011084735393524,0.8019697479903698,0.40098989637724136,0.0,0.0,1
2.57,PINN Vanilla,0.22718806769624278,0.09365020871859474,0.0018447173139699905,0.0033116981987217353,5.4934993386268616e-05,0.40077561140060425,0.801295792683959,0.4006529145033518,0.0,0.0,1
2.575,PINN Vanilla,0.22709795834032354,0.09400969324944213,0.001848840973804638,0.0033154091830799315,6.605125963687897e-05,0.40044376254081726,0.8006236311048269,0.4003168295043349,0.0,0.0,1
2.58,PINN Vanilla,0.22700783461742513,0.09436923509627752,0.0018528971350178244,0.0033188743335397786,7.710978388786316e-05,0.4001128673553467,0.7999537773430347,0.3999818984284408,0.0,0.0,1
2.585,PINN Vanilla,0.22691768443806692,0.09472888248917906,0.001856896664193978,0.00332242697572388,8.840486407279968e-05,0.3997826874256134,0.7992853187024593,0.3996476649218921,0.0,0.0,1
2.59,PINN Vanilla,0.22682753795603136,0.09508851513188865,0.0018608145082547075,0.0033254015279676197,9.946152567863464e-05,0.3994535505771637,0.7986188270151615,0.3993144149043003,0.0,0.0,1
2.595,PINN Vanilla,0.22673736658092736,0.09544824708363156,0.0018646737655317988,0.0033285732248508615,0.00011069700121879578,0.39912500977516174,0.7979537732899189,0.3989818838767415,0.0,0.0,1
2.6,PINN Vanilla,0.22664718468532755,0.09580802100610505,0.0018684694911621396,0.0033317102423092715,0.00012187473475933075,0.3987972140312195,0.7972897458821535,0.3986498660143486,0.0,0.0,1
2.605,PINN Vanilla,0.226556985021883,0.09616786581206517,0.0018721988966468794,0.0033344860286886324,0.00013311021029949188,0.3984708786010742,0.7966291327029467,0.39831955528761687,0.0,0.0,1
2.61,PINN Vanilla,0.226466796657367,0.09652766554179568,0.0018758393395713281,0.0033368651614263944,0.00014398805797100067,0.3981451690196991,0.7959698382765055,0.3979899039455267,0.0,0.0,1
2.615,PINN Vanilla,0.22637658648274916,0.09688755228129489,0.0018794195872803789,0.0033394355718096014,0.00015498697757720947,0.3978199362754822,0.7953116595745087,0.39766081047264595,0.0,0.0,1
2.62,PINN Vanilla,0.22628637567885945,0.09724744153122719,0.001882930709042717,0.0033416501932388987,0.00016598403453826904,0.39749598503112793,0.7946558147668839,0.3973328839615674,0.0,0.0,1
2.625,PINN Vanilla,0.22619615117548494,0.09760738543422869,0.001886371494821513,0.003343927633704391,0.00016678869724273682,0.39717283844947815,0.7940019052475691,0.39700592510676375,0.0,0.0,1
2.63,PINN Vanilla,0.22610591850928716,0.09796736190220268,0.0018897496387409876,0.003345988118102161,0.0001636892557144165,0.3968505263328552,0.793349202722311,0.39667956975654733,0.0,0.0,1
2.6350000000000002,PINN Vanilla,0.2260156694018432,0.09832740396129765,0.0018930623799329807,0.0033478476503272514,0.00016029179096221924,0.3965286314487457,0.7926981095224619,0.39635401907911383,0.0,0.0,1
2.64,PINN Vanilla,0.2259254206551819,0.09868744458107723,0.0018962963962498003,0.0033494975602407218,0.000157184898853302,0.3962080776691437,0.7920491714030504,0.39602954595539547,0.0,0.0,1
2.645,PINN Vanilla,0.22583518009185344,0.09904745255406294,0.0018994524029881765,0.0033511491213250033,0.0001538991928100586,0.3958883285522461,0.7914020176976919,0.3957059650498786,0.0,0.0,1
2.65,PINN Vanilla,0.2257449210568278,0.09940753421850193,0.001902547912763413,0.0033526595960648997,0.00015071779489517212,0.3955692648887634,0.7907563131302595,0.3953831087224001,0.0,0.0,1
2.6550000000000002,PINN Vanilla,0.2256546607455453,0.09976762097447221,0.0019055681544006388,0.003353898550894574,0.00014776736497879028,0.39525106549263,0.7901121042668819,0.39506100025631596,0.0,0.0,1
2.66,PINN Vanilla,0.22556440098522543,0.10012770553241829,0.0019085142916112582,0.003355152165152031,0.00014401227235794067,0.394933819770813,0.789470486342907,0.394740187276159,0.0,0.0,1
2.665,PINN Vanilla,0.2254741329324988,0.10048782317230047,0.0019113948824178416,0.003356291035127912,0.0001407340168952942,0.3946172297000885,0.7888295855373144,0.3944197328596843,0.0,0.0,1
2.67,PINN Vanilla,0.22538386355783488,0.10084794608595248,0.0019142027826481172,0.003357075665633036,0.00013762712478637695,0.39430147409439087,0.7881905399262905,0.3941002060521121,0.0,0.0,1
2.6750000000000003,PINN Vanilla,0.22529360690285583,0.1012080182553738,0.0019169198529927663,0.0033579772736353486,0.0001341402530670166,0.3939867913722992,0.7875543180853128,0.3937820911472471,0.0,0.0,1
2.68,PINN Vanilla,0.22520332415872535,0.10156819450551197,0.0019195969498644314,0.0033584958217078853,0.00013111531734466553,0.39367249608039856,0.7869181092828512,0.3934639827617218,0.0,0.0,1
2.685,PINN Vanilla,0.22511306185987562,0.10192828919073292,0.001922174721593742,0.0033588653818509284,0.00012771785259246826,0.39335936307907104,0.7862845994532108,0.3931472238795095,0.0,0.0,1
2.69,PINN Vanilla,0.22502279520646348,0.10228840124815464,0.0019246864196572023,0.0033592198118608807,0.00012440979480743408,0.3930467367172241,0.7856521904468536,0.3928310154158329,0.0,0.0,1
2.695,PINN Vanilla,0.22493253578828115,0.10264848444116861,0.0019271208930358298,0.003359264771189363,0.00012128055095672607,0.3927348554134369,0.7850211542099714,0.39251549334549074,0.0,0.0,1
2.7,PINN Vanilla,0.22484226228093152,0.10300862384186098,0.0019294980965151997,0.003359525319496237,0.0001181289553642273,0.39242425560951233,0.7843927014619112,0.3922012630357388,0.0,0.0,1
2.705,PINN Vanilla,0.2247519866238023,0.10336877181893807,0.0019318029292061266,0.003359372367002178,0.00011460483074188232,0.39211413264274597,0.7837653961032629,0.3918876064278785,0.0,0.0,1
2.71,PINN Vanilla,0.2246617275878444,0.10372885348709633,0.0019340212016714412,0.0033590736049973757,0.00011144578456878662,0.3918049931526184,0.7831401713192463,0.39157499012036373,0.0,0.0,1
2.715,PINN Vanilla,0.22457146781260845,0.10408893810454894,0.0019361647093804725,0.003358666447237757,0.00010822713375091553,0.3914963901042938,0.7825158983469009,0.39126284972464537,0.0,0.0,1
2.72,PINN Vanilla,0.22448120246994663,0.1044490449328304,0.0019382515029168245,0.00335850665801829,0.00010523200035095215,0.3911886513233185,0.7818931899964809,0.3909514916496882,0.0,0.0,1
2.725,PINN Vanilla,0.2243909612959913,0.10480905534186635,0.0019402425978302077,0.003357549301095053,0.00010189414024353027,0.3908814489841461,0.7812722530215979,0.39064101927359285,0.0,0.0,1
2.73,PINN Vanilla,0.2243007146012228,0.1051690877757731,0.001942169670863242,0.00335683561136213,9.865313768386841e-05,0.39057543873786926,0.7806533090770245,0.39033154342513376,0.0,0.0,1
2.735,PINN Vanilla,0.224210475748582,0.10552908892409849,0.0019440198485430001,0.0033559689845176766,9.550899267196655e-05,0.39026984572410583,0.7800352778285742,0.3900225239304521,0.0,0.0,1
2.74,PINN Vanilla,0.22412022740092571,0.1058891279520774,0.001945807948456866,0.003355013363279702,9.243190288543701e-05,0.389965295791626,0.7794193271547556,0.389714544736116,0.0,0.0,1
2.745,PINN Vanilla,0.22403000208369275,0.10624907510190627,0.0019475126950107553,0.003353486954610574,8.911639451980591e-05,0.3896612823009491,0.7788047473877668,0.3894072510037802,0.0,0.0,1
2.75,PINN Vanilla,0.22393977438920998,0.10660903173559536,0.0019491433538592075,0.0033524240499696045,8.622556924819946e-05,0.38935816287994385,0.7781916502863169,0.38910069861349905,0.0,0.0,1
2.755,PINN Vanilla,0.2238495565868832,0.10696894890526844,0.0019506987672289512,0.003350960879931364,8.308142423629761e-05,0.38905593752861023,0.7775804735720158,0.38879510642881887,0.0,0.0,1
2.7600000000000002,PINN Vanilla,0.22375935669223945,0.10732879463358055,0.0019521757463343394,0.0033495431492790995,7.991492748260498e-05,0.38875439763069153,0.7769709303975105,0.3884903310242668,0.0,0.0,1
2.765,PINN Vanilla,0.22366914804279056,0.10768867528853246,0.0019535931374597203,0.0033474836602473412,7.713586091995239e-05,0.3884536027908325,0.7763628456741571,0.38818628485442425,0.0,0.0,1
2.77,PINN Vanilla,0.2235789498122217,0.1080485143781423,0.0019549322398215107,0.0033457641530784676,7.408857345581055e-05,0.3881535232067108,0.7757561020553112,0.38788290924523416,0.0,0.0,1
2.775,PINN Vanilla,0.22348876637001114,0.10840829447070364,0.001956191359660756,0.0033436676435564805,7.087737321853638e-05,0.38785403966903687,0.7751507759094238,0.3875802423814004,0.0,0.0,1
2.7800000000000002,PINN Vanilla,0.22339860025935018,0.10876800542034505,0.001957368716091828,0.0033417586552002554,6.81653618812561e-05,0.38755548000335693,0.7745469752699137,0.3872783382803088,0.0,0.0,1
2.785,PINN Vanilla,0.22330842509090126,0.10912775250535359,0.0019584902544630594,0.003339683622489431,6.530433893203735e-05,0.38725748658180237,0.773944515734911,0.3869771047398697,0.0,0.0,1
2.79,PINN Vanilla,0.22321828112315698,0.10948737511748632,0.001959517696759847,0.003337006282588817,6.218254566192627e-05,0.3869602680206299,0.7733441647142172,0.3866769254697897,0.0,0.0,1
2.795,PINN Vanilla,0.22312813892669686,0.10984699066321343,0.0019604812294853374,0.0033343655505836955,5.950033664703369e-05,0.3866638243198395,0.7727449238300323,0.3863773012749165,0.0,0.0,1
2.8000000000000003,PINN Vanilla,0.22303800430387496,0.11020657599447775,0.0019613667642717695,0.0033318510542830193,5.660206079483032e-05,0.38636845350265503,0.7721481043845415,0.3860788878145547,0.0,0.0,1
2.805,PINN Vanilla,0.2229478862807826,0.11056609510236357,0.001962182657062935,0.003329276958005889,5.3748488426208496e-05,0.38607320189476013,0.771551538258791,0.3857806010156494,0.0,0.0,1
2.81,PINN Vanilla,0.2228577864403884,0.11092554167173606,0.001962915513766791,0.0033263167126570403,5.089491605758667e-05,0.3857789933681488,0.770956939086318,0.38548329770570117,0.0,0.0,1
2.815,PINN Vanilla,0.2227676835347403,0.11128500046970947,0.0019635871687335516,0.0033235205667401235,4.824995994567871e-05,0.38548558950424194,0.7703642174601555,0.3851869331806663,0.0,0.0,1
2.82,PINN Vanilla,0.22267759974404527,0.11164438301000838,0.001964179215540562,0.0033201154480618777,4.557520151138306e-05,0.38519287109375,0.7697725389152765,0.38489109020280565,0.0,0.0,1
2.825,PINN Vanilla,0.22258753129546793,0.11200370434407712,0.001964691819795754,0.0033169342110050404,4.316866397857666e-05,0.384900838136673,0.7691823784261942,0.3845960062623502,0.0,0.0,1
2.83,PINN Vanilla,0.22249747162034084,0.1123629906771228,0.0019651372824887525,0.0033136474266221017,4.029273986816406e-05,0.38460949063301086,0.7685941196978092,0.3843018732141533,0.0,0.0,1
2.835,PINN Vanilla,0.2224074318385995,0.11272219764699494,0.0019655068757956124,0.003310223696397163,3.760308027267456e-05,0.3843185603618622,0.7680065669119358,0.3840080931416332,0.0,0.0,1
2.84,PINN Vanilla,0.22231741067119037,0.11308133035638207,0.0019657920705708014,0.003306452815055927,3.5218894481658936e-05,0.3840285837650299,0.7674204390496016,0.38371502553980635,0.0,0.0,1
2.845,PINN Vanilla,0.22222739371291184,0.11344044627375774,0.001966021975761612,0.003302863291434588,3.293156623840332e-05,0.38373908400535583,0.766835642978549,0.3834226238419608,0.0,0.0,1
2.85,PINN Vanilla,0.2221373986775378,0.11379947473134683,0.001966164364200033,0.0032989957668499437,3.03611159324646e-05,0.38345053791999817,0.7662531565874815,0.3831313769985722,0.0,0.0,1
2.855,PINN Vanilla,0.22204742099608746,0.11415843395675619,0.001966238109768325,0.0032949914916388656,2.7857720851898193e-05,0.3831627666950226,0.7656717970967293,0.3828406936123986,0.0,0.0,1
2.86,PINN Vanilla,0.2219574595591775,0.1145173283757876,0.001966228966747251,0.00329090608411553,2.5607645511627197e-05,0.3828756809234619,0.7650918513536453,0.38255071710891275,0.0,0.0,1
2.865,PINN Vanilla,0.22186750550386128,0.11487619334650334,0.0019661624217818525,0.003286505827013897,2.3253262042999268e-05,0.3825892210006714,0.7645133808255196,0.3822614782221446,0.0,0.0,1
2.87,PINN Vanilla,0.2217775677518175,0.11523499327653391,0.0019660142121632326,0.0032824068343663693,2.1092593669891357e-05,0.3823033571243286,0.7639361470937729,0.38197285774131157,0.0,0.0,1
2.875,PINN Vanilla,0.22168766114267857,0.11559366896427664,0.001965791254826275,0.0032778377118907742,1.8738210201263428e-05,0.38201799988746643,0.7633601799607277,0.3816848705677614,0.0,0.0,1
2.88,PINN Vanilla,0.2215977517815234,0.11595235563098212,0.0019655040818391677,0.0032732600509562393,1.6435980796813965e-05,0.38173365592956543,0.762786366045475,0.38139796001659215,0.0,0.0,1
2.8850000000000002,PINN Vanilla,0.22150787613256734,0.11631090780539266,0.0019651338049249834,0.0032684765468412036,1.4528632164001465e-05,0.38144996762275696,0.7622131705284119,0.3811113586683904,0.0,0.0,1
2.89,PINN Vanilla,0.22141801312219006,0.11666940955913908,0.0019646925870793848,0.0032637100956429133,1.2539327144622803e-05,0.3811666965484619,0.7616413664072752,0.3808254530268656,0.0,0.0,1
2.895,PINN Vanilla,0.2213281717037668,0.11702782517340105,0.0019641786079675175,0.0032587961971158874,1.0408461093902588e-05,0.3808843195438385,0.7610711958259344,0.3805403641654689,0.0,0.0,1
2.9,PINN Vanilla,0.22123834611316612,0.11738617764374963,0.0019635961246907557,0.003253745624317683,8.478760719299316e-06,0.3806026577949524,0.7605026718229055,0.38025609860353987,0.0,0.0,1
2.9050000000000002,PINN Vanilla,0.22114853596163764,0.1177444685210752,0.0019629404206043454,0.0032486504829886687,6.57886266708374e-06,0.3803214430809021,0.7599351294338703,0.37997232385475516,0.0,0.0,1
2.91,PINN Vanilla,0.22105874582468807,0.11810267955173628,0.0019622126030169828,0.0032433976131613362,4.559755325317383e-06,0.38004088401794434,0.7593690194189548,0.37968926530200064,0.0,0.0,1
2.915,PINN Vanilla,0.2209689750143134,0.1184608134804734,0.0019614147990604566,0.0032380612707673118,2.8386712074279785e-06,0.37976109981536865,0.7588042784482241,0.3794068912799122,0.0,0.0,1
2.92,PINN Vanilla,0.22087923058115683,0.11881884217927319,0.001960537709321927,0.003232610230324229,1.0579824447631836e-06,0.3794820010662079,0.7582413256168365,0.37912541133869365,0.0,0.0,1
2.9250000000000003,PINN Vanilla,0.22078950695872485,0.1191767878552449,0.001959584235809244,0.0032269238656661425,-8.046627044677734e-07,0.3792034387588501,0.7576789930462837,0.37884424153177687,0.0,8.046727829614786e-07,1
2.93,PINN Vanilla,0.22069979766598186,0.11953467636399492,0.001958571654175756,0.003221010054980822,-2.130866050720215e-06,0.3789254426956177,0.757117910310626,0.3785636966501349,0.0,2.1308927400646563e-06,1
2.935,PINN Vanilla,0.22061010707427076,0.119892490266378,0.0019574848669853683,0.0032152288306644405,-4.06801700592041e-06,0.37864840030670166,0.7565594054758549,0.3782844407350804,0.0,4.068067958305253e-06,1
2.94,PINN Vanilla,0.22052043777898894,0.12025021920825044,0.0019563276362911703,0.0032095414370979514,-5.416572093963623e-06,0.37837180495262146,0.7560013849288225,0.3780054269669282,0.0,5.416639937157361e-06,1
2.945,PINN Vanilla,0.2204307892282416,0.12060786539135529,0.001955102727658797,0.0032033471918337386,-7.063150405883789e-06,0.3780960440635681,0.7554452121257782,0.3777273370823416,0.0,7.063238872661868e-06,1
2.95,PINN Vanilla,0.22034116145931892,0.1209654286669262,0.0019538082430219732,0.0031973162337892713,-8.42660665512085e-06,0.3778207004070282,0.7548897098749876,0.3774495824780812,0.0,8.426712199346595e-06,1
2.955,PINN Vanilla,0.2202515719203023,0.12132283942714829,0.0019524229133942093,0.003191023502299939,-9.879469871520996e-06,0.37754595279693604,0.7543355487287045,0.3771724984344733,0.0,9.879593613027043e-06,1
2.96,PINN Vanilla,0.22016198336574677,0.12168024625993663,0.0019509886211905487,0.003184495440368973,-1.125037670135498e-05,0.3772718608379364,0.7537829149514437,0.37689617808494186,0.0,1.125051761362808e-05,1
2.965,PINN Vanilla,0.2200724281020112,0.12203752028149052,0.0019494748093220513,0.003178018279555994,-1.230090856552124e-05,0.37699827551841736,0.7532308548688889,0.3766201445863562,0.0,1.2301062635827788e-05,1
2.97,PINN Vanilla,0.21998288407567534,0.12239474947227928,0.0019478992529253036,0.003171520510982906,-1.3418495655059814e-05,0.3767256438732147,0.7526810672134161,0.3763452473155427,0.0,1.3418663723274288e-05,1
2.975,PINN Vanilla,0.219893370214309,0.12275185832218007,0.0019462505535346297,0.0031650826048473246,-1.4781951904296875e-05,0.3764534294605255,0.7521324772387743,0.37607094889264525,0.0,1.4782137049959014e-05,1
2.98,PINN Vanilla,0.21980387579045588,0.12310888962757667,0.0019445356923812039,0.003158118736012072,-1.5817582607269287e-05,0.37618187069892883,0.751584691926837,0.37579705280613934,0.0,1.5817780724326105e-05,1
2.985,PINN Vanilla,0.21971441416239534,0.12346579009661349,0.0019427424806773934,0.0031512448810814275,-1.7084181308746338e-05,0.37591060996055603,0.751038271933794,0.37552383938763095,0.0,1.70843952900988e-05,1
2.99,PINN Vanilla,0.2196249688935426,0.12382262530181529,0.001940887823873368,0.003144127799552532,-1.7918646335601807e-05,0.3756403923034668,0.750493386760354,0.37525139338853597,0.0,1.791887076872552e-05,1
2.995,PINN Vanilla,0.21953554701216677,0.12417936720442853,0.0019389613084000274,0.0031370981316042323,-1.8812716007232666e-05,0.3753707706928253,0.7499501090496778,0.3749797511308897,0.0,1.8812951638682717e-05,1
3.0,PINN Vanilla,0.2194461429648258,0.12453603795949444,0.0019369771469048551,0.0031299728967512652,-1.9632279872894287e-05,0.37510138750076294,0.7494068760424852,0.3747081312252652,0.0,1.9632525769476815e-05,1
3.005,PINN Vanilla,0.21935676636866056,0.12489259920014961,0.0019349166134134477,0.0031224304549116733,-2.0526349544525146e-05,0.3748329281806946,0.7488660421222448,0.3744377108781412,0.0,2.0526606639434016e-05,1
3.0100000000000002,PINN Vanilla,0.21926741639955774,0.12524905421413218,0.0019327917326793656,0.003115171392292726,-2.1316111087799072e-05,0.374565064907074,0.7483262363821268,0.3741678046275174,0.0,2.1316378074562875e-05,1
3.015,PINN Vanilla,0.21917808250718945,0.12560544509118568,0.001930600817230803,0.003107773649607959,-2.209097146987915e-05,0.3742977976799011,0.7477877289056778,0.37389854751685864,0.0,2.2091248161859113e-05,1
3.02,PINN Vanilla,0.21908878273348342,0.12596169985438985,0.0019283392310630147,0.003100134473329741,-2.253800630569458e-05,0.3740309476852417,0.7472498435527086,0.3736296014718358,0.0,2.2538288596837712e-05,1
3.025,PINN Vanilla,0.21899950540754143,0.1263178650639196,0.001926011877805599,0.0030924230398174934,-2.3059546947479248e-05,0.3737648129463196,0.7467134054750204,0.37336137907351713,0.0,2.3059835770979412e-05,1
3.0300000000000002,PINN Vanilla,0.2189102569181058,0.1266739152323655,0.0019236108769425833,0.003084566309268344,-2.356618642807007e-05,0.3734992742538452,0.746178800240159,0.3730940731080902,0.0,2.356648159728849e-05,1
3.035,PINN Vanilla,0.21882102283760085,0.12702990791746108,0.0019211563385567562,0.0030768106508726745,-2.4087727069854736e-05,0.37323427200317383,0.7456452827900648,0.37282731104185907,0.0,2.408802877143019e-05,1
3.04,PINN Vanilla,0.21873181990000073,0.1273857763602688,0.001918628828464394,0.003068754190818701,-2.4475157260894775e-05,0.3729698359966278,0.7451124060899019,0.3725608693546064,0.0,2.447546381507831e-05,1
3.045,PINN Vanilla,0.21864263946982895,0.1277415550113758,0.0019160408614609448,0.0030607776041420842,-2.4877488613128662e-05,0.3727060556411743,0.7445812113583088,0.372295268662172,0.0,2.4877800206559048e-05,1
3.0500000000000003,PINN Vanilla,0.21855348742029093,0.1280972204400687,0.001913383759313955,0.0030526675743195453,-2.4981796741485596e-05,0.3724428713321686,0.7440510913729668,0.37203020534959386,0.0,2.498210964138739e-05,1
3.055,PINN Vanilla,0.21846435617774843,0.12845280286081037,0.001910664756558126,0.0030442625170500337,-2.5160610675811768e-05,0.3721802234649658,0.7435223553329706,0.37176583401835567,0.0,2.5160925815378828e-05,1
3.06,PINN Vanilla,0.21837525727046472,0.12880825628245732,0.0019078808211684419,0.0030359898803002383,-2.5324523448944092e-05,0.3719179034233093,0.7429938446730375,0.37150157537856043,0.0,2.5324840641537646e-05,1
3.065,PINN Vanilla,0.21828618424537186,0.12916360644904115,0.0019050264027686075,0.0030275504528851638,-2.5369226932525635e-05,0.3716563880443573,0.7424673587083817,0.3712383290990836,0.0,2.5369544685035506e-05,1
3.0700000000000003,PINN Vanilla,0.21819714060028989,0.1295188394062706,0.001902111170197196,0.0030190821270972834,-2.5577843189239502e-05,0.37139543890953064,0.7419424094259739,0.3709758511703544,0.0,2.5578163554692188e-05,1
3.075,PINN Vanilla,0.2181081068604155,0.12987403284741572,0.0018991410356588316,0.003010285709097116,-2.5548040866851807e-05,0.37113505601882935,0.7414178159087896,0.370713551126465,0.0,2.5548360859026945e-05,1
3.08,PINN Vanilla,0.2180191126071267,0.13022906875978332,0.0018960959027831633,0.003001517646975538,-2.5622546672821045e-05,0.37087512016296387,0.740895114839077,0.37045219731816287,0.0,2.5622867598190047e-05,1
3.085,PINN Vanilla,0.21793014774223912,0.13058398742932384,0.0018929912978490012,0.0029927813610675646,-2.5041401386260986e-05,0.37061581015586853,0.7403727117925882,0.37019099252333915,0.0,2.5041715032717866e-05,1
3.09,PINN Vanilla,0.21784119522972806,0.13093885681998282,0.0018898313920814411,0.00298382351353238,-2.49519944190979e-05,0.3703571856021881,0.7398524694144726,0.36993086807623327,0.0,2.4952306945722146e-05,1
3.095,PINN Vanilla,0.21775227657671237,0.13129359113071937,0.0018866059722303524,0.0029748761013573266,-2.477318048477173e-05,0.3700988292694092,0.7393326740711927,0.36967096714934483,0.0,2.4773490771730707e-05,1
3.1,PINN Vanilla,0.2176633897238412,0.13164819857715956,0.0018833122104584962,0.0029657256818609867,-2.4206936359405518e-05,0.3698413372039795,0.7388140987604856,0.3694116762463833,0.0,2.420723955409115e-05,1
3.105,PINN Vanilla,0.2175745242317249,0.132002720806467,0.0018799656370447559,0.002956674985625185,-2.3908913135528564e-05,0.36958426237106323,0.7382972836494446,0.3691532654542782,0.0,2.390921259743875e-05,1
3.11,PINN Vanilla,0.21748568626536469,0.13235713322383086,0.0018765553883349458,0.0029475618771652723,-2.368539571762085e-05,0.36932772397994995,0.7377814371138811,0.3688953389559776,0.0,2.368569237994945e-05,1
3.115,PINN Vanilla,0.21739686528841656,0.1327114778632068,0.0018730944396018994,0.002938188216797255,-2.3134052753448486e-05,0.36907175183296204,0.7372666336596012,0.3686379340048512,0.0,2.313434251014251e-05,1
3.12,PINN Vanilla,0.21730810014514235,0.13306559975831977,0.0018695422422365597,0.002928567869208476,-2.2463500499725342e-05,0.36881619691848755,0.7367524243891239,0.36838082614934714,0.0,2.2463781857674613e-05,1
3.125,PINN Vanilla,0.21721933395867501,0.1334197258151736,0.0018659648398707995,0.0029191405037561347,-2.1822750568389893e-05,0.3685612678527832,0.7362398561090231,0.3681245387993082,0.0,2.1823023900871954e-05,1
3.13,PINN Vanilla,0.21713060543623502,0.13377370161420948,0.0018623120241288837,0.0029095724488184538,-2.1032989025115967e-05,0.3683069944381714,0.7357281502336264,0.36786868265702205,0.0,2.1033252465743095e-05,1
3.1350000000000002,PINN Vanilla,0.21704191731026135,0.13412751625456665,0.0018585907268270888,0.00289976086585636,-2.063065767288208e-05,0.368053138256073,0.7352179642766714,0.3676135864834755,0.0,2.0630916074262356e-05,1
3.14,PINN Vanilla,0.21695323329646365,0.1344813144897055,0.0018548318473086633,0.002890086935936731,-1.9453465938568115e-05,0.3677998483181,0.734708733856678,0.3673589680843937,0.0,1.9453709595485376e-05,1
3.145,PINN Vanilla,0.2168645939945399,0.13483493435016994,0.001850996437143849,0.002880385322774237,-1.872330904006958e-05,0.3675469756126404,0.7342004850506783,0.3671048404984562,0.0,1.8723543551686998e-05,1
3.15,PINN Vanilla,0.21677598213074023,0.13518844474829197,0.0018471052939668736,0.0028702437280915816,-1.7933547496795654e-05,0.3672947287559509,0.7336936667561531,0.36685142817721467,0.0,1.7933772116558138e-05,1
3.1550000000000002,PINN Vanilla,0.2166873844819623,0.13554189843664888,0.0018431722497709365,0.0028604197677387644,-1.7024576663970947e-05,0.3670428693294525,0.7331874445080757,0.3665983138829298,0.0,1.702478989876832e-05,1
3.16,PINN Vanilla,0.21659881225017993,0.1358952507258043,0.0018391834746566966,0.002850359299553351,-1.5951693058013916e-05,0.36679160594940186,0.7326823696494102,0.36634577329053647,0.0,1.5951892854819684e-05,1
3.165,PINN Vanilla,0.21651028714015022,0.13624841502625457,0.0018351185373287268,0.002840236826962328,-1.4834105968475342e-05,0.36654090881347656,0.7321784421801567,0.3660938064000347,0.0,1.4834291767373185e-05,1
3.17,PINN Vanilla,0.21642178412642443,0.13660149117515422,0.001830997736146249,0.0028299949696359294,-1.35079026222229e-05,0.3662909269332886,0.7316761538386345,0.3658426590836637,0.0,1.3508071810270007e-05,1
3.1750000000000003,PINN Vanilla,0.21633330479756488,0.13695447283505283,0.0018268322975581693,0.0028196443296927276,-1.2405216693878174e-05,0.3660409152507782,0.7311740294098854,0.36559159372470584,0.0,1.2405372070656129e-05,1
3.18,PINN Vanilla,0.21624484765077673,0.13730736600123786,0.001822613030915811,0.0028092240983200734,-1.115351915359497e-05,0.36579182744026184,0.7306734248995781,0.36534128833448737,0.0,1.1153658852716052e-05,1
3.185,PINN Vanilla,0.21615644005426504,0.13766006149030374,0.001818317267520094,0.0027989832512624324,-1.0035932064056396e-05,0.36554327607154846,0.7301745023578405,0.36509182393908723,0.0,1.0036057765269552e-05,1
3.19,PINN Vanilla,0.21606804905748284,0.13801269075599132,0.001813982660960703,0.002788288917357329,-8.411705493927002e-06,0.3652949035167694,0.7296752519905567,0.364842195628861,0.0,8.411810851513976e-06,1
3.1950000000000003,PINN Vanilla,0.21597967006348157,0.13836527213748276,0.0018096043008705833,0.002777627917690151,-7.010996341705322e-06,0.36504724621772766,0.7291781343519688,0.36459363369633896,0.0,7.011084155247698e-06,1
3.2,PINN Vanilla,0.2158913495488935,0.13871762021973236,0.0018051489313018765,0.0027669098306950524,-5.610287189483643e-06,0.36480024456977844,0.7286821473389864,0.3643456370837003,0.0,5.610357458981421e-06,1
3.205,PINN Vanilla,0.2158030376735109,0.13906993383651842,0.0018006549691904573,0.0027563561273075687,-4.239380359649658e-06,0.36455345153808594,0.7281868476420641,0.3640979841333961,0.0,4.239433458380383e-06,1
3.21,PINN Vanilla,0.21571475847832133,0.13942211707812036,0.0017961073466910855,0.0027454473694699666,-2.6598572731018066e-06,0.3643072843551636,0.7276925891637802,0.3638508517989318,0.0,2.6598905881226655e-06,1
3.215,PINN Vanilla,0.2156264983533366,0.13977422424056749,0.0017915094091443017,0.002734626119444139,-8.270144462585449e-07,0.3640616834163666,0.7271993886679411,0.36360424846231554,0.0,8.270248047104086e-07,1
3.22,PINN Vanilla,0.21553828703002767,0.14012613671238186,0.001786847994775497,0.002723535874918692,8.121132850646973e-07,0.3638162910938263,0.7267067991197109,0.3633579506033298,0.0,0.0,1
3.225,PINN Vanilla,0.21545009390806202,0.1404779765712995,0.001782135522846021,0.002712457677902236,2.555549144744873e-06,0.3635715842247009,0.7262158934026957,0.36311249467049667,0.0,0.0,1
3.23,PINN Vanilla,0.21536192434790494,0.14082972243214548,0.0017773841400892318,0.002701346198181076,4.179775714874268e-06,0.36332741379737854,0.725725881755352,0.36286748577809846,0.0,0.0,1
3.235,PINN Vanilla,0.21527379120535053,0.14118132300769137,0.0017725681524879083,0.002690192678181824,6.32554292678833e-06,0.3630835711956024,0.7252360042184591,0.3626225439417656,0.0,0.0,1
3.24,PINN Vanilla,0.21518567311311806,0.14153286354110442,0.0017677176903738326,0.0026790933219039137,8.054077625274658e-06,0.362840473651886,0.7247487492859364,0.3623789134240419,0.0,0.0,1
3.245,PINN Vanilla,0.21509760583809637,0.14188420134305868,0.0017627936458425744,0.0026677756347354697,1.0050833225250244e-05,0.36259782314300537,0.7242618817836046,0.36213547662384005,0.0,0.0,1
3.25,PINN Vanilla,0.21500956112270925,0.14223544914503938,0.0017578275651500095,0.0026563254544034187,1.2256205081939697e-05,0.36235561966896057,0.7237761747092009,0.36189262004486944,0.0,0.0,1
3.255,PINN Vanilla,0.21492153535540157,0.1425866213550754,0.0017528212822785381,0.0026448499311277907,1.4074146747589111e-05,0.36211347579956055,0.7232906185090542,0.36164983890397223,0.0,0.0,1
3.2600000000000002,PINN Vanilla,0.21483353960017365,0.14293767383416559,0.0017477619197604436,0.002633381482619379,1.5906989574432373e-05,0.36187225580215454,0.7228068932890892,0.36140797326463253,0.0,0.0,1
3.265,PINN Vanilla,0.2147455785499962,0.14328858786005452,0.0017426532652905357,0.0026218560189949502,1.8246471881866455e-05,0.36163121461868286,0.7223233785480261,0.3611662128660619,0.0,0.0,1
3.27,PINN Vanilla,0.21465765028815337,0.14363937107933675,0.00173749455456087,0.0026101217256012665,2.031773328781128e-05,0.3613910377025604,0.7218420971184969,0.3609255691372444,0.0,0.0,1
3.275,PINN Vanilla,0.2145697426049037,0.14399007220186183,0.0017322880782702213,0.00259862606116279,2.2508203983306885e-05,0.3611511290073395,0.7213611733168364,0.3606851042246009,0.0,0.0,1
3.2800000000000002,PINN Vanilla,0.21448186347009363,0.1443406594325239,0.0017270398370109606,0.002586739558310791,2.489238977432251e-05,0.36091160774230957,0.7208810113370419,0.36044502022766145,0.0,0.0,1
3.285,PINN Vanilla,0.21439402097662735,0.14469110048528747,0.0017217392343648907,0.0025750161140183914,2.7038156986236572e-05,0.36067280173301697,0.7204026933759451,0.3602058582516191,0.0,0.0,1
3.29,PINN Vanilla,0.21430619849774005,0.14504146169138632,0.001716392274005909,0.0025629710798527605,2.9690563678741455e-05,0.36043423414230347,0.7199240494519472,0.35996653329208483,0.0,0.0,1
3.295,PINN Vanilla,0.2142184029610173,0.1453917154137363,0.001711007828984842,0.0025512294081971865,3.225356340408325e-05,0.3601962924003601,0.7194474022835493,0.3597282067228553,0.0,0.0,1
3.3000000000000003,PINN Vanilla,0.21413065454231817,0.14574178116225775,0.0017055621900432434,0.0025392835669489355,3.438442945480347e-05,0.35995861887931824,0.7189712468534708,0.35949012602586505,0.0,0.0,1
3.305,PINN Vanilla,0.21404291705710363,0.1460918032924608,0.0017000818143418496,0.0025271624695563655,3.690272569656372e-05,0.3597216308116913,0.7184964325278997,0.3592527158895273,0.0,0.0,1
3.31,PINN Vanilla,0.2139552230429318,0.14644165199819273,0.0016945452943190166,0.002515103649456729,3.957003355026245e-05,0.3594849705696106,0.7180225420743227,0.35901576769497234,0.0,0.0,1
3.315,PINN Vanilla,0.21386754611419426,0.14679143254286336,0.0016889754662059954,0.0025028380043226606,4.201382398605347e-05,0.35924863815307617,0.7175493501126766,0.35877916875075716,0.0,0.0,1
3.3200000000000003,PINN Vanilla,0.2137799023336417,0.14714108084533117,0.0016833610164172963,0.002490483865719928,4.454702138900757e-05,0.3590126931667328,0.7170766070485115,0.35854279425809377,0.0,0.0,1
3.325,PINN Vanilla,0.21369228016275602,0.14749064293765038,0.0016777045382076197,0.0024781893712174097,4.72143292427063e-05,0.35877731442451477,0.7166054584085941,0.3583072169875394,0.0,0.0,1
3.33,PINN Vanilla,0.2136046972817502,0.14784004828593472,0.0016719976964871632,0.0024658940458017753,5.019456148147583e-05,0.35854262113571167,0.7161354850977659,0.35807222738889016,0.0,0.0,1
3.335,PINN Vanilla,0.2135171375579543,0.14818936125026339,0.0016662558158127233,0.0024535280293923045,5.278736352920532e-05,0.3583080768585205,0.7156658992171288,0.35783743150776276,0.0,0.0,1
3.34,PINN Vanilla,0.21342960656904897,0.14853855957889683,0.0016604717293535153,0.0024409696134466974,5.561858415603638e-05,0.3580739200115204,0.7151973880827427,0.3576031730064916,0.0,0.0,1
3.345,PINN Vanilla,0.2133421029390262,0.14888764876131616,0.0016546429471470357,0.002428403444557581,5.8300793170928955e-05,0.35784032940864563,0.714729918166995,0.35736943512106034,0.0,0.0,1
3.35,PINN Vanilla,0.21325464063772448,0.14923657306589622,0.0016487639207693938,0.0024160304396098065,6.114691495895386e-05,0.35760706663131714,0.7142630591988564,0.3571360027132596,0.0,0.0,1
3.355,PINN Vanilla,0.21316720035814635,0.14958540951645835,0.0016428494566861043,0.0024034227750481807,6.390362977981567e-05,0.35737454891204834,0.7137979585677385,0.35690344948498104,0.0,0.0,1
3.36,PINN Vanilla,0.21307978307915937,0.14993415420788367,0.001636898588783401,0.002390634208572162,6.685405969619751e-05,0.35714229941368103,0.7133335582911968,0.3566712464383765,0.0,0.0,1
3.365,PINN Vanilla,0.2129923931860903,0.15028278964523922,0.001630913829020934,0.0023781755576031127,6.984919309616089e-05,0.35691067576408386,0.7128701265901327,0.3564395276855766,0.0,0.0,1
3.37,PINN Vanilla,0.21290504586257347,0.15063125525455248,0.0016248731899427562,0.002365401527893163,7.285922765731812e-05,0.35667893290519714,0.7124064993113279,0.35620771114268146,0.0,0.0,1
3.375,PINN Vanilla,0.21281771541007227,0.15097965355821166,0.0016188033359224908,0.0023524641088126796,7.598847150802612e-05,0.35644784569740295,0.7119443640112877,0.3559766405985122,0.0,0.0,1
3.38,PINN Vanilla,0.21273041646125854,0.1513279261802677,0.001612694151666991,0.0023396961674332917,7.874518632888794e-05,0.35621729493141174,0.7114836722612381,0.3557462918383786,0.0,0.0,1
3.3850000000000002,PINN Vanilla,0.21264314927157008,0.15167607210167058,0.00160654456952795,0.0023267093580150444,8.209794759750366e-05,0.355987012386322,0.7110230419784784,0.3555159738122749,0.0,0.0,1
3.39,PINN Vanilla,0.21255589606011055,0.1520241622579754,0.001600362445814766,0.0023137290918856523,8.527189493179321e-05,0.35575735569000244,0.7105634845793247,0.3552861922346932,0.0,0.0,1
3.395,PINN Vanilla,0.21246868950147946,0.15237206629631309,0.001594136379269056,0.00230069434895247,8.838623762130737e-05,0.35552796721458435,0.7101053558290005,0.3550571249904732,0.0,0.0,1
3.4,PINN Vanilla,0.21238150350279633,0.15271988831227726,0.0015878752885316344,0.002287731141726479,9.124726057052612e-05,0.3552992045879364,0.7096484936773777,0.3548286910535361,0.0,0.0,1
3.4050000000000002,PINN Vanilla,0.2122943572573237,0.15306755173578362,0.0015815716719997982,0.0022745483702359404,9.480863809585571e-05,0.355070561170578,0.7091913484036922,0.35460011555379456,0.0,0.0,1
3.41,PINN Vanilla,0.21220721678530519,0.153415192126527,0.0015752456865865089,0.002261490348582751,9.77739691734314e-05,0.3548423945903778,0.708735516294837,0.35437219664469194,0.0,0.0,1
3.415,PINN Vanilla,0.2121201288859333,0.15376262278263164,0.0015688685582206517,0.002248189933588385,0.00010114163160324097,0.3546147644519806,0.7082810681313276,0.35414496971692927,0.0,0.0,1
3.42,PINN Vanilla,0.21203304590513786,0.15411003381644364,0.0015624748015040353,0.002234971769715044,0.00010449439287185669,0.3543873429298401,0.7078263964504004,0.3539176310290579,0.0,0.0,1
3.4250000000000003,PINN Vanilla,0.21194600806878255,0.15445726474989077,0.0015560344612159322,0.0022217253148077987,0.00010760873556137085,0.3541606366634369,0.7073738686740398,0.3536913643068962,0.0,0.0,1
3.43,PINN Vanilla,0.21185899476284858,0.15480439782105804,0.0015495554252352524,0.002208668136990055,0.00011097639799118042,0.35393431782722473,0.7069221623241901,0.3534655083031341,0.0,0.0,1
3.435,PINN Vanilla,0.21177201059547152,0.15515141464613358,0.0015430474777514136,0.002195234139975244,0.00011446326971054077,0.3537082374095917,0.7064705155789852,0.3532396821020677,0.0,0.0,1
3.44,PINN Vanilla,0.21168504662073412,0.1554983509141845,0.0015365089502160413,0.0021817305136367926,0.00011787563562393188,0.35348236560821533,0.7060196585953236,0.3530142507867189,0.0,0.0,1
3.4450000000000003,PINN Vanilla,0.21159811533924128,0.15584515675498337,0.0015299378790580088,0.002168413128867397,0.00012119859457015991,0.3532569706439972,0.705569664016366,0.3527892506791229,0.0,0.0,1
3.45,PINN Vanilla,0.21151121684048957,0.15619183181149024,0.0015233273235894824,0.0021550954922655574,0.00012465566396713257,0.3530321419239044,0.7051209677010775,0.35256489971149196,0.0,0.0,1
3.455,PINN Vanilla,0.21142433803189206,0.1565384283156007,0.00151669212399233,0.0021414072226644265,0.00012805312871932983,0.3528076410293579,0.7046729847788811,0.35234090544487473,0.0,0.0,1
3.46,PINN Vanilla,0.21133749034662205,0.15688490065552563,0.0015100234095490718,0.0021278705905612982,0.00013156980276107788,0.35258325934410095,0.7042253613471985,0.35211709092576576,0.0,0.0,1
3.465,PINN Vanilla,0.21125067759387278,0.15723123363477376,0.0015033171716934276,0.0021142487300469526,0.00013490766286849976,0.352359801530838,0.7037797626107931,0.35189428876697515,0.0,0.0,1
3.47,PINN Vanilla,0.21116388359622612,0.15757749179194383,0.0014965882629784757,0.0021006886944237024,0.0001385137438774109,0.3521363437175751,0.7033338956534863,0.351671352496054,0.0,0.0,1
3.475,PINN Vanilla,0.2110771267563925,0.15792360171079997,0.0014898156579728889,0.002087030500711129,0.00014204531908035278,0.35191330313682556,0.7028890568763018,0.35144893032163316,0.0,0.0,1
3.48,PINN Vanilla,0.21099038906693757,0.1582696352306538,0.0014830236870536243,0.002073377648243724,0.00014565140008926392,0.3516906797885895,0.7024450376629829,0.3512269179342777,0.0,0.0,1
3.485,PINN Vanilla,0.2109036771617867,0.1586155658859564,0.0014762084297953227,0.0020594877786694332,0.0001492723822593689,0.35146868228912354,0.7020025532692671,0.35100567296633556,0.0,0.0,1
3.49,PINN Vanilla,0.2108169974492596,0.1589613681111961,0.001469351830098299,0.0020458592406032983,0.00015268474817276,0.35124671459198,0.7015600390732288,0.3507844130970456,0.0,0.0,1
3.495,PINN Vanilla,0.21073033874695962,0.15930708651770734,0.001462475714756778,0.0020323498383392202,0.0001562759280204773,0.35102513432502747,0.7011184766888618,0.3505636291395521,0.0,0.0,1
3.5,PINN Vanilla,0.2106437170374635,0.15965265734419637,0.0014555614051402531,0.0020181519871693143,0.00015992671251296997,0.35080426931381226,0.7006782274693251,0.3503435017726974,0.0,0.0,1
3.505,PINN Vanilla,0.2105571138882288,0.1599981541259118,0.0014486297696580312,0.0020043813089661855,0.0001635625958442688,0.35058340430259705,0.7002379912883043,0.3501233809251824,0.0,0.0,1
3.5100000000000002,PINN Vanilla,0.2104705378312517,0.1603435428250933,0.0014416701447413705,0.0019906066804938893,0.00016719847917556763,0.35036298632621765,0.6997989490628242,0.349903857062915,0.0,0.0,1
3.515,PINN Vanilla,0.21038400761231224,0.1606887486568545,0.0014346619242217638,0.0019766754098187733,0.00017075985670089722,0.350143164396286,0.6993611715734005,0.34968496557659623,0.0,0.0,1
3.52,PINN Vanilla,0.21029748906986462,0.16103390790612557,0.0014276484779213916,0.001962890677256801,0.00017436593770980835,0.3499235212802887,0.6989237684756517,0.34946626128845953,0.0,0.0,1
3.525,PINN Vanilla,0.21021098312497644,0.16137901689837614,0.0014206157918812592,0.0019487842021302937,0.00017806142568588257,0.3497042953968048,0.6984871085733175,0.3492479286026845,0.0,0.0,1
3.5300000000000002,PINN Vanilla,0.21012453465732756,0.1617238965894826,0.001413534069000925,0.0019349680929254265,0.0001820102334022522,0.34948548674583435,0.6980509702116251,0.3490298566904965,0.0,0.0,1
3.535,PINN Vanilla,0.21003810444882176,0.16206870343710444,0.0014064315751880316,0.0019206877390978705,0.00018528848886489868,0.3492668867111206,0.6976160388439894,0.34881238828289574,0.0,0.0,1
3.54,PINN Vanilla,0.20995168619182286,0.16241346260508407,0.0013993217732063395,0.0019067438142668092,0.00018907338380813599,0.3490489721298218,0.6971824485808611,0.3485955904359474,0.0,0.0,1
3.545,PINN Vanilla,0.2098653105798889,0.1627580516437691,0.001392166934956966,0.0018924677148913216,0.00019275397062301636,0.34883129596710205,0.6967492010444403,0.3483789639544992,0.0,0.0,1
3.5500000000000003,PINN Vanilla,0.20977895115562778,0.16310257610294487,0.0013849997184297476,0.0018783611940037526,0.00019650906324386597,0.3486139178276062,0.696316534653306,0.3481626280493337,0.0,0.0,1
3.555,PINN Vanilla,0.20969262070491446,0.16344698497432042,0.0013778079474894192,0.0018645385879605958,0.00020038336515426636,0.3483971059322357,0.6958849988877773,0.3479468574640516,0.0,0.0,1
3.56,PINN Vanilla,0.20960631992134662,0.16379127549083955,0.001370589170871824,0.001850203677685791,0.0002039894461631775,0.34818035364151,0.6954537928104401,0.34773125172492986,0.0,0.0,1
3.565,PINN Vanilla,0.20952004177479058,0.16413547569869452,0.0013633520432377523,0.0018382036277541924,0.00020753592252731323,0.3479641079902649,0.6950237788259983,0.3475162420397215,0.0,0.0,1
3.5700000000000003,PINN Vanilla,0.20943378996536566,0.1644795708365362,0.0013560908048862665,0.001836888402156872,0.0002111569046974182,0.347748339176178,0.6945945825427771,0.34730164121024426,0.0,0.0,1
3.575,PINN Vanilla,0.2093475602391932,0.16482357787489504,0.0013488129915230661,0.00183554569963848,0.00021504610776901245,0.3475324511528015,0.6941654160618782,0.34708705528211486,0.0,0.0,1
3.58,PINN Vanilla,0.20926136766337566,0.16516743670469367,0.0013415002669580887,0.0018342219653345038,0.00021860748529434204,0.3473172187805176,0.6937374714761972,0.3468730803092466,0.0,0.0,1
3.585,PINN Vanilla,0.20917519619660424,0.16551121132153276,0.0013341752705345311,0.0018326138364127276,0.00022239238023757935,0.34710246324539185,0.6933104377239943,0.34665956075882143,0.0,0.0,1
3.59,PINN Vanilla,0.20908904675062412,0.1658548980880732,0.001326831312401215,0.0018308867327725409,0.00022604316473007202,0.3468879759311676,0.6928841322660446,0.346446405360084,0.0,0.0,1
3.595,PINN Vanilla,0.2090029158993989,0.16619851067223076,0.0013194727105375944,0.0018292482816250066,0.00022982805967330933,0.34667375683784485,0.6924584675580263,0.3462335703403249,0.0,0.0,1
3.6,PINN Vanilla,0.20891683317862592,0.16654193124355163,0.0013120736738675089,0.0018273508412634532,0.0002337321639060974,0.34645992517471313,0.692033339291811,0.3460210035448268,0.0,0.0,1
3.605,PINN Vanilla,0.20883076354671076,0.16688529959785386,0.0013046652132478551,0.001825807471971419,0.00023721903562545776,0.34624624252319336,0.6916091050952673,0.3458088837897637,0.0,0.0,1
3.61,PINN Vanilla,0.2087447180946892,0.1672285714882805,0.0012972434873372094,0.001823626827452629,0.0002407357096672058,0.3460332751274109,0.6911860909312963,0.3455973740586275,0.0,0.0,1
3.615,PINN Vanilla,0.20865870083125682,0.16757173092244046,0.0012897978766391973,0.0018214663115092011,0.0002445802092552185,0.34582027792930603,0.6907629296183586,0.34538579075208636,0.0,0.0,1
3.62,PINN Vanilla,0.2085727116091175,0.16791477848796058,0.0012823303134334365,0.0018192555169857794,0.00024838000535964966,0.3456079661846161,0.6903413012623787,0.3451749739336244,0.0,0.0,1
3.625,PINN Vanilla,0.20848673173283283,0.16825778876889314,0.0012748594045974297,0.0018171105747888106,0.00025179237127304077,0.34539568424224854,0.6899201814085245,0.3449644113694098,0.0,0.0,1
3.63,PINN Vanilla,0.2084007934901166,0.16860063295582067,0.0012673592012373742,0.001814601168744795,0.00025556236505508423,0.3451839089393616,0.6894993577152491,0.34475399688733926,0.0,0.0,1
3.6350000000000002,PINN Vanilla,0.2083148768468125,0.16894339097351016,0.0012598438081413662,0.0018122335830300373,0.00025922805070877075,0.34497225284576416,0.6890792958438396,0.34454396332097276,0.0,0.0,1
3.64,PINN Vanilla,0.20822897856053824,0.16928607575720309,0.0012523192275167435,0.0018095837931170478,0.00026301294565200806,0.3447610139846802,0.6886598877608776,0.3443342566529243,0.0,0.0,1
3.645,PINN Vanilla,0.20814311705731056,0.16962861379768485,0.0012447628410116244,0.0018070510392397543,0.0002664700150489807,0.34455031156539917,0.6882418803870678,0.34412525034822394,0.0,0.0,1
3.65,PINN Vanilla,0.20805727845585503,0.16997106047326083,0.00123719987149679,0.0018043727992304304,0.0002701207995414734,0.34433987736701965,0.6878245733678341,0.34391659422519766,0.0,0.0,1
3.6550000000000002,PINN Vanilla,0.20797144778229454,0.17031347552109294,0.001229630421203712,0.0018013541340215766,0.00027392059564590454,0.34412968158721924,0.6874071173369884,0.34370786359543226,0.0,0.0,1
3.66,PINN Vanilla,0.20788566415404175,0.17065570288519127,0.0012220266224773277,0.0017984430936280882,0.00027739256620407104,0.34391966462135315,0.6869908832013607,0.34349974392092797,0.0,0.0,1
3.665,PINN Vanilla,0.20779989310190666,0.17099788007780933,0.0012144195771745618,0.0017954022701183736,0.0002810731530189514,0.34370988607406616,0.6865747980773449,0.34329169875316284,0.0,0.0,1
3.67,PINN Vanilla,0.20771414423650422,0.17133996875811816,0.00120680174118024,0.0017923518789191573,0.00028458982706069946,0.34350088238716125,0.6861603651195765,0.3430844796788682,0.0,0.0,1
3.6750000000000003,PINN Vanilla,0.20762842855657693,0.17168192504745777,0.0011991573314867878,0.0017889352938073033,0.0002879723906517029,0.34329184889793396,0.6857462469488382,0.34287741800006,0.0,0.0,1
3.68,PINN Vanilla,0.20754272928433465,0.17202381587956614,0.001191509497089906,0.0017856005467903058,0.00029171258211135864,0.3430831730365753,0.6853323671966791,0.3426704755320345,0.0,0.0,1
3.685,PINN Vanilla,0.2074570565841518,0.17236560070443224,0.0011838454857018735,0.0017820208050411956,0.00029509514570236206,0.3428749740123749,0.6849196180701256,0.3424640983838924,0.0,0.0,1
3.69,PINN Vanilla,0.20737141036000606,0.1727072799051301,0.0011761710089671596,0.0017785849936106657,0.00029862672090530396,0.34266701340675354,0.6845077928155661,0.3422581831775331,0.0,0.0,1
3.6950000000000003,PINN Vanilla,0.2072857901373798,0.17304885537471212,0.0011684807557716342,0.0017750314545338375,0.0003022328019142151,0.342459499835968,0.684096610173583,0.34205258928148646,0.0,0.0,1
3.7,PINN Vanilla,0.20720018314158506,0.17339037807683982,0.0011607859750242424,0.0017712817859764085,0.0003056153655052185,0.3422519862651825,0.6836855281144381,0.34184704567748875,0.0,0.0,1
3.705,PINN Vanilla,0.20711460518646047,0.17373178492338764,0.0011530755859277021,0.0017675814681392676,0.00030935555696487427,0.3420449197292328,0.6832751631736755,0.3416418606371732,0.0,0.0,1
3.71,PINN Vanilla,0.20702905822787676,0.17407306811155562,0.0011453486858728386,0.0017634563679518322,0.00031275302171707153,0.3418380618095398,0.6828656196594238,0.3414370863152574,0.0,0.0,1
3.715,PINN Vanilla,0.2069435230809617,0.17441430417795567,0.0011376189724621485,0.0017595944442485023,0.0003159716725349426,0.34163179993629456,0.6824572645127773,0.34123290618458635,0.0,0.0,1
3.72,PINN Vanilla,0.20685802000081605,0.1747554123163793,0.0011298772170928702,0.0017554935586336085,0.00031957775354385376,0.34142547845840454,0.6820485834032297,0.34102856307042334,0.0,0.0,1
3.725,PINN Vanilla,0.2067725277795746,0.17509647713401735,0.0011221302593289188,0.0017511575255473866,0.0003224983811378479,0.3412197530269623,0.6816420182585716,0.34082527795195655,0.0,0.0,1
3.73,PINN Vanilla,0.20668706433051404,0.1754374271671934,0.0011143738995993309,0.0017470856194301276,0.0003258511424064636,0.3410141170024872,0.6812346018850803,0.3406215672137422,0.0,0.0,1
3.735,PINN Vanilla,0.20660164144665777,0.17577821536852317,0.0011065878731575066,0.0017423599702341142,0.0003292784094810486,0.34080883860588074,0.6808286029845476,0.3404185652208842,0.0,0.0,1
3.74,PINN Vanilla,0.20651621266069625,0.17611902711586003,0.0010988213979243754,0.0017379754854625895,0.00033264607191085815,0.3406039774417877,0.680423317477107,0.34021591992903993,0.0,0.0,1
3.745,PINN Vanilla,0.2064308318364489,0.17645964752352816,0.0010910265191806743,0.0017334103369865128,0.00033595412969589233,0.3403993248939514,0.6800185106694698,0.3400135139900952,0.0,0.0,1
3.75,PINN Vanilla,0.20634545795656778,0.17680024022716692,0.0010832310111456593,0.0017287701641243158,0.0003393217921257019,0.34019508957862854,0.6796142980456352,0.3398114051467729,0.0,0.0,1
3.755,PINN Vanilla,0.20626010276653148,0.17714075836906873,0.0010754390246221395,0.0017239423658882147,0.00034215301275253296,0.3399909436702728,0.6792109794914722,0.33960974334388555,0.0,0.0,1
3.7600000000000002,PINN Vanilla,0.20617478358390573,0.17748113286210127,0.0010676297341114297,0.0017191645003140632,0.00034568458795547485,0.33978724479675293,0.6788079142570496,0.3394082082024548,0.0,0.0,1
3.765,PINN Vanilla,0.20608947813152906,0.1778214525793328,0.001059812258883547,0.0017141621239796512,0.00034878402948379517,0.33958402276039124,0.6784062944352627,0.33920739577639397,0.0,0.0,1
3.77,PINN Vanilla,0.20600420284691873,0.17816165194451852,0.001051991076222063,0.0017088102100256408,0.00035206228494644165,0.3393808901309967,0.6780044957995415,0.3390064939422461,0.0,0.0,1
3.775,PINN Vanilla,0.2059189461468084,0.17850177716823257,0.0010441624177836746,0.001703871958937897,0.00035462528467178345,0.3391781449317932,0.6776044834405184,0.33880648525763396,0.0,0.0,1
3.7800000000000002,PINN Vanilla,0.2058337069124923,0.1788418327134677,0.0010363312292874796,0.001698789973199999,0.0003581121563911438,0.338975727558136,0.6772039067000151,0.3386061943787472,0.0,0.0,1
3.785,PINN Vanilla,0.2057484903562072,0.1791817977863957,0.0010284960854819866,0.001693110195746722,0.0003611370921134949,0.3387736976146698,0.6768049839884043,0.3384067305246652,0.0,0.0,1
3.79,PINN Vanilla,0.20566330717930623,0.17952162969476917,0.0010206489265861818,0.0016877997852049464,0.0003642067313194275,0.33857136964797974,0.676405418664217,0.33820694536027057,0.0,0.0,1
3.795,PINN Vanilla,0.20557812821712937,0.1798614447888162,0.0010128137250169202,0.001682353004118814,0.0003652498126029968,0.3383699357509613,0.6760077029466629,0.3380080850107758,0.0,0.0,1
3.8000000000000003,PINN Vanilla,0.20549298239567942,0.18020112767041374,0.001004958735901542,0.00167665101818823,0.0003571491688489914,0.3381684422492981,0.6756098065525293,0.3378091343218597,0.0,0.0,1
3.805,PINN Vanilla,0.20540784749279806,0.1805407669931992,0.0009971120720640785,0.0016709990722360013,0.00034904852509498596,0.3379673957824707,0.675212774425745,0.33761061577203083,0.0,0.0,1
3.81,PINN Vanilla,0.2053227442250521,0.18088028010997986,0.000989253550735441,0.0016651308073572235,0.0003410670906305313,0.33776652812957764,0.6748164724558592,0.33741246230522387,0.0,0.0,1
3.815,PINN Vanilla,0.20523765583422868,0.18121973387639148,0.0009813979195439488,0.0016591818479211595,0.00033308565616607666,0.3375660479068756,0.6744204983115196,0.33721447275324307,0.0,0.0,1
3.8200000000000003,PINN Vanilla,0.2051525925098731,0.18155908764200585,0.0009735411602239545,0.0016531363677267652,0.0003250446170568466,0.3373657464981079,0.6740249563008547,0.3370166992708058,0.0,0.0,1
3.825,PINN Vanilla,0.20506755766217355,0.18189832780213253,0.0009656696776179649,0.0016471256894048936,0.0003168247640132904,0.33716586232185364,0.6736309640109539,0.33681970065845585,0.0,0.0,1
3.83,PINN Vanilla,0.20498252594125668,0.18223755548819368,0.0009578174285318059,0.0016407343510094763,0.0003085453063249588,0.3369660973548889,0.6732370164245367,0.3366227243981276,0.0,0.0,1
3.835,PINN Vanilla,0.2048975285804561,0.18257664609714275,0.0009499507307263753,0.0016346062036604603,0.00030074454843997955,0.3367668092250824,0.6728436630219221,0.33642604523342184,0.0,0.0,1
3.84,PINN Vanilla,0.20481254870409482,0.1829156669532299,0.0009420846516160594,0.0016281701599689946,0.00029240548610687256,0.3365674614906311,0.6724506244063377,0.33622952346420254,0.0,0.0,1
3.845,PINN Vanilla,0.2047275928416857,0.18325459200745228,0.000934216340047602,0.00162175034817158,0.00028430670499801636,0.3363686800003052,0.6720582693815231,0.33603334349464914,0.0,0.0,1
3.85,PINN Vanilla,0.20464264790343867,0.18359347348054775,0.0009263644376517543,0.001615093088573133,0.0002757906913757324,0.3361698389053345,0.671666793525219,0.3358376031148568,0.0,0.0,1
3.855,PINN Vanilla,0.2045577277864765,0.1839322559309851,0.0009185020559361292,0.0016084571882746257,0.0002677496522665024,0.3359714448451996,0.6712755877524614,0.3356419977785292,0.0,0.0,1
3.86,PINN Vanilla,0.2044728280700467,0.1842709569950254,0.0009106447496234486,0.001601755367234281,0.00025947205722332,0.33577364683151245,0.6708858851343393,0.3354471440289329,0.0,0.0,1
3.865,PINN Vanilla,0.20438794661835358,0.184609585193266,0.0009027861860834905,0.0015946900255061625,0.000251254066824913,0.33557572960853577,0.6704956162720919,0.33525200715372777,0.0,0.0,1
3.87,PINN Vanilla,0.20430308271169634,0.18494814339689908,0.0008949334635364809,0.0015876959044043015,0.00024285726249217987,0.3353783190250397,0.6701070461422205,0.33505771965534914,0.0,0.0,1
3.875,PINN Vanilla,0.2042182404575897,0.18528661521930218,0.0008870878707317063,0.0015807453445038366,0.00023469887673854828,0.3351806700229645,0.6697173733264208,0.33486288080710064,0.0,0.0,1
3.88,PINN Vanilla,0.20413341387841585,0.18562502450773424,0.0008792411755619967,0.0015737286798625516,0.0002264808863401413,0.33498379588127136,0.6693298015743494,0.3346690925038744,0.0,0.0,1
3.8850000000000002,PINN Vanilla,0.20404861927837936,0.1859633062177914,0.0008713899602726935,0.001566315029441212,0.00021814554929733276,0.3347870111465454,0.6689423322677612,0.3344753554240313,0.0,0.0,1
3.89,PINN Vanilla,0.2039638347774595,0.1863015476381787,0.0008635523730969851,0.0015591971517387448,0.00020998716354370117,0.33459049463272095,0.6685551926493645,0.3342817831903486,0.0,0.0,1
3.895,PINN Vanilla,0.20387906676905976,0.18663972326289135,0.0008557220434887629,0.001551631065456499,0.00020171143114566803,0.3343944847583771,0.6681695561856031,0.3340889625433972,0.0,0.0,1
3.9,PINN Vanilla,0.20379432264596103,0.18697780359898342,0.0008478953013294502,0.001544153282821925,0.00019355304539203644,0.3341982662677765,0.6677831020206213,0.3338957330407147,0.0,0.0,1
3.9050000000000002,PINN Vanilla,0.2037095981813199,0.18731580550913038,0.000840067513767414,0.0015364213134034244,0.00018497928977012634,0.33400246500968933,0.667397852987051,0.3337031061112851,0.0,0.0,1
3.91,PINN Vanilla,0.20362489986642673,0.18765370309681506,0.0008322438919633231,0.0015289016608744932,0.00017694197595119476,0.33380693197250366,0.6670129168778658,0.3335106356460078,0.0,0.0,1
3.915,PINN Vanilla,0.20354021117986143,0.18799156227300642,0.0008244369824882982,0.0015208868762172922,0.00016854703426361084,0.33361169695854187,0.6666287705302238,0.33331856006644806,0.0,0.0,1
3.92,PINN Vanilla,0.20345553629626115,0.18832936638330197,0.0008166389127227507,0.0015132271699028754,0.0001602713018655777,0.3334167003631592,0.6662455033510923,0.33312692407664934,0.0,0.0,1
3.9250000000000003,PINN Vanilla,0.20337089249217233,0.1886670465042128,0.0008088364985500998,0.0015051757948541244,0.00015199556946754456,0.33322200179100037,0.6658624298870564,0.3329353849456116,0.0,0.0,1
3.93,PINN Vanilla,0.2032862516899441,0.18900471464942548,0.0008010592018527639,0.0014972029311202117,0.00014360062777996063,0.33302727341651917,0.665479639545083,0.3327439873773782,0.0,0.0,1
3.935,PINN Vanilla,0.20320164296380777,0.1893422548294704,0.0007932728502526083,0.001488883394291013,0.00013526715338230133,0.33283326029777527,0.6650981586426497,0.33255324453711527,0.0,0.0,1
3.94,PINN Vanilla,0.2031170439023573,0.1896797564529745,0.0007855125518371587,0.001480870628974451,0.0001269318163394928,0.33263933658599854,0.6647170819342136,0.3323627037963823,0.0,0.0,1
3.9450000000000003,PINN Vanilla,0.20303247718548809,0.1900171290401926,0.0007777421043769878,0.0014721048846817464,0.00011901557445526123,0.332445353269577,0.6643355712294579,0.33217194605477146,0.0,0.0,1
3.95,PINN Vanilla,0.20294790663425477,0.1903545169243193,0.0007700007166351646,0.0014637013339733884,0.00011044181883335114,0.33225205540657043,0.6639556717127562,0.33198199391727784,0.0,0.0,1
3.955,PINN Vanilla,0.20286336350529727,0.19069179540932918,0.0007622731958124895,0.0014553525264253964,0.00010222755372524261,0.33205878734588623,0.6635758746415377,0.3317920930031674,0.0,0.0,1
3.96,PINN Vanilla,0.20277884735206553,0.1910289662767002,0.0007545386455079427,0.0014466184416749017,9.407289326190948e-05,0.33186596632003784,0.6631971355527639,0.33160272108690503,0.0,0.0,1
3.9650000000000003,PINN Vanilla,0.20269434411708898,0.1913660856076591,0.0007468243202681941,0.0014379726570560858,8.561834692955017e-05,0.3316730856895447,0.662818368524313,0.3314133352006291,0.0,0.0,1
3.97,PINN Vanilla,0.20260984931528955,0.19170317129508907,0.0007391299228415583,0.0014290375947406397,7.716752588748932e-05,0.3314806818962097,0.6624405961483717,0.33122444664683703,0.0,0.0,1
3.975,PINN Vanilla,0.2025253791669691,0.19204015862930993,0.0007314417095736727,0.0014201131465927108,6.948970258235931e-05,0.3312883675098419,0.6620623786002398,0.3310353355041617,0.0,0.0,1
3.98,PINN Vanilla,0.20244092132441244,0.19237709687060728,0.0007237763650546729,0.0014111106711438837,6.097741425037384e-05,0.33109650015830994,0.661686098203063,0.33084719294909554,0.0,0.0,1
3.985,PINN Vanilla,0.20235648745758544,0.19271393946252566,0.0007161213081609379,0.0014022125105903893,5.270354449748993e-05,0.3309047222137451,0.6613097880035639,0.33065903549268155,0.0,0.0,1
3.99,PINN Vanilla,0.20227207712739617,0.19305068815678952,0.000708470423407047,0.0013931630064974443,4.449114203453064e-05,0.3307132422924042,0.6609339974820614,0.33047113787852034,0.0,0.0,1
3.995,PINN Vanilla,0.20218766758123316,0.1933874337232393,0.0007008538234118241,0.0013836415888425768,3.63960862159729e-05,0.33052223920822144,0.6605589091777802,0.33028359137736746,0.0,0.0,1
4.0,PINN Vanilla,0.20210327307886639,0.19372411927359,0.0006932505541843429,0.0013744026010900079,2.8302893042564392e-05,0.3303312361240387,0.6601841170340776,0.3300961929583587,0.0,0.0,1
4.005,PINN Vanilla,0.2020189062663325,0.19406069435742493,0.0006856640963033492,0.0013648181698056316,1.985207200050354e-05,0.3301405608654022,0.6598103828728199,0.32990932353719793,0.0,0.0,1
4.01,PINN Vanilla,0.2019345447685834,0.19439724823832377,0.0006781011085336009,0.0013554338010525468,1.1876225471496582e-05,0.3299497067928314,0.6594357416033745,0.32972200055626255,0.0,0.0,1
4.015,PINN Vanilla,0.2018502159472984,0.19473367175891496,0.0006705451342232179,0.0013457650801685372,3.6638230085372925e-06,0.32975950837135315,0.6590624991804361,0.3295353770073411,0.0,0.0,1
4.0200000000000005,PINN Vanilla,0.20176588497250467,0.195070103870768,0.0006630206954458828,0.001336066327547042,-4.608184099197388e-06,0.3295692205429077,0.6586899124085903,0.3293490812880719,0.0,4.608241817237727e-06,1
4.025,PINN Vanilla,0.20168158721115376,0.1954064034800769,0.0006555073592215768,0.0013262415025086516,-1.2639909982681274e-05,0.3293793201446533,0.6583173237740993,0.32916278463746845,0.0,1.2640068299019893e-05,1
4.03,PINN Vanilla,0.20159729184569777,0.1957426935311423,0.0006480247137206941,0.0013161794963023055,-2.037733793258667e-05,0.32918989658355713,0.6579456925392151,0.3289769666926642,0.0,2.0377593161107815e-05,1
4.035,PINN Vanilla,0.20151302184130218,0.1960788824061555,0.000640562581898856,0.0013062519674695572,-2.882629632949829e-05,0.32900041341781616,0.6575746983289719,0.3287914672641698,0.0,2.882665738220334e-05,1
4.04,PINN Vanilla,0.2014287613636187,0.19641503327506382,0.0006331232907047565,0.0012961456170553776,-3.674067556858063e-05,0.32881104946136475,0.657203646376729,0.328605938964314,0.0,3.674113574980362e-05,1
4.045,PINN Vanilla,0.20134451840580017,0.19675111424978228,0.0006257083685372657,0.0012860597368895277,-4.4951215386390686e-05,0.32862216234207153,0.6568336356431246,0.32842093128029815,0.0,4.495177840557723e-05,1
4.05,PINN Vanilla,0.20126029568723403,0.19708711448151822,0.0006183195739969526,0.0012759730868481534,-5.268491804599762e-05,0.32843342423439026,0.6564634758979082,0.32823584908954306,0.0,5.2685577930706995e-05,1
4.055,PINN Vanilla,0.2011760912623044,0.19742304173216052,0.0006109550486988733,0.0012654410501495572,-6.0539692640304565e-05,0.32824477553367615,0.6560939587652683,0.32805108820910067,0.0,6.05404509069768e-05,1
4.0600000000000005,PINN Vanilla,0.2010918936456318,0.19775894182177106,0.0006036192347006865,0.001255038016029858,-6.880983710289001e-05,0.3280567228794098,0.6557257063686848,0.3278669597046069,0.0,6.881069895408089e-05,1
4.065,PINN Vanilla,0.20100770487792202,0.19809480660910667,0.0005963201821855053,0.0012443054015134625,-7.68415629863739e-05,0.32786843180656433,0.6553568579256535,0.3276825331731565,0.0,7.684252543586305e-05,1
4.07,PINN Vanilla,0.20092353928979634,0.19843057892322655,0.0005890527696062064,0.0012341147537270336,-8.457526564598083e-05,0.32768064737319946,0.65498923137784,0.3274987175969672,0.0,8.457632496099282e-05,1
4.075,PINN Vanilla,0.20083939259101796,0.1987662758797092,0.0005818074323818257,0.0012230937085270788,-9.248778223991394e-05,0.3274930715560913,0.6546219475567341,0.32731507338627797,0.0,9.248894066011402e-05,1
4.08,PINN Vanilla,0.2007552513617787,0.19910195101587486,0.0005746006454564897,0.0012123616441329088,-0.00010057725012302399,0.32730573415756226,0.654255511239171,0.3271318529326678,0.0,0.0001005785098647476,1
4.085,PINN Vanilla,0.20067112704457435,0.1994375586827432,0.0005674274506218787,0.0012015256511647976,-0.00010831095278263092,0.3271186053752899,0.6538893152028322,0.32694875262117445,0.0,0.00010831230938987737,1
4.09,PINN Vanilla,0.2005870242214373,0.1997730806006389,0.0005602843810352242,0.001190515296534994,-0.00011604465544223785,0.3269314467906952,0.6535229999572039,0.3267655927042898,0.0,0.00011604610891500713,1
4.095,PINN Vanilla,0.20050294549801984,0.200108506374507,0.0005531740284409624,0.001179267691385072,-0.00012383610010147095,0.3267447352409363,0.6531576812267303,0.32658293105122327,0.0,0.0001238376511629883,1
4.1,PINN Vanilla,0.20041885654869918,0.20044397294385058,0.0005461176298346323,0.001168398084719885,-0.00013156980276107788,0.32655808329582214,0.6527928113937378,0.32640049384970854,0.0,0.00013157145068811807,1
4.105,PINN Vanilla,0.20033478876249539,0.2007793550845234,0.0005390944844836634,0.001157149046563305,-0.00013930164277553558,0.3263717293739319,0.6524280142039061,0.3262180929702291,0.0,0.00013930338754476876,1
4.11,PINN Vanilla,0.20025073713972585,0.20111467274238512,0.0005321133137485626,0.0011458078043155295,-0.00014715269207954407,0.3261857330799103,0.6520643197000027,0.3260362434406195,0.0,0.0001471545351840804,1
4.115,PINN Vanilla,0.2001667059090984,0.2014499090473223,0.0005251668240070308,0.0011345145293897851,-0.00015488453209400177,0.32599976658821106,0.6517010871320963,0.32585462488190126,0.0,0.0001548864720407311,1
4.12,PINN Vanilla,0.20008267691215356,0.20178513644114993,0.0005182830978301966,0.0011229387354533549,-0.0001624971628189087,0.3258139193058014,0.6513376459479332,0.3256729020137482,0.0,0.0001624991981147208,1
4.125,PINN Vanilla,0.19999867126073417,0.20212027069975114,0.0005114288920355624,0.001111424033913816,-0.00016993097960948944,0.3256283700466156,0.6509745772928,0.3254913654124431,0.0,0.00016993310801471912,1
4.13,PINN Vanilla,0.1999146660045908,0.2024554033814283,0.0005046350931920919,0.0010995796240902966,-0.00017784163355827332,0.3254430592060089,0.6506127752363682,0.32531046211842085,0.0,0.00017784386104536124,1
4.135,PINN Vanilla,0.1998306909022299,0.20279041576684717,0.0004978845597655792,0.0010878453705862878,-0.00018503516912460327,0.32525819540023804,0.650251492857933,0.3251298186666514,0.0,0.00018503748671155855,1
4.14,PINN Vanilla,0.19974672817461958,0.20312537878412493,0.0004911778259175422,0.001076183790153673,-0.00019258633255958557,0.3250732421875,0.6498898379504681,0.32494898894803415,0.0,0.0001925887447257387,1
4.1450000000000005,PINN Vanilla,0.1996627638332762,0.20346034823926995,0.00048454080588841296,0.0010641101997840297,-0.00020002014935016632,0.3248884379863739,0.6495289895683527,0.32476856249714253,0.0,0.000200022654625737,1
4.15,PINN Vanilla,0.19957881027532443,0.20379527467488123,0.00047795979231534834,0.0010523140220475569,-0.00020757131278514862,0.3247041404247284,0.6491690780967474,0.3245886045073734,0.0,0.00020757391263991716,1
4.155,PINN Vanilla,0.19949488861540385,0.2041300738556846,0.0004714319938201503,0.0010401960682258349,-0.00021488405764102936,0.32451972365379333,0.6488089729100466,0.32440854965884336,0.0,0.00021488674908877543,1
4.16,PINN Vanilla,0.19941097569164334,0.20446483818423125,0.00046496555417494445,0.0010280258672415166,-0.00022219866514205933,0.32433581352233887,0.648449718952179,0.3242289204300608,0.0,0.00022220144820611276,1
4.165,PINN Vanilla,0.19932707124674043,0.2047995686870102,0.0004585585807914611,0.0010155630541446858,-0.0002298690378665924,0.324151873588562,0.6480907760560513,0.32404944673409625,0.0,0.00022987191700295389,1
4.17,PINN Vanilla,0.19924317236087313,0.20513427701243261,0.0004522364524650433,0.0010033157750513055,-0.00023682229220867157,0.32396817207336426,0.6477320548146963,0.3238700838669062,0.0,0.00023682525843535018,1
4.175,PINN Vanilla,0.19915929652314196,0.20546889338904112,0.00044596724410044924,0.0009908078325713277,-0.0002441946417093277,0.32378509640693665,0.6473747659474611,0.3236914371957464,0.0,0.0002441977002755389,1
4.18,PINN Vanilla,0.19907543809060846,0.20580344032891626,0.00043976054789724686,0.000978337886814673,-0.00025150738656520844,0.3236018717288971,0.6470172982662916,0.32351270111649955,0.0,0.00025151053672439717,1
4.1850000000000005,PINN Vanilla,0.19899157468822448,0.20613800709563787,0.00043365715432544375,0.0009656433064718362,-0.0002584010362625122,0.32341888546943665,0.6466600075364113,0.32333405351400546,0.0,0.000258404272765463,1
4.19,PINN Vanilla,0.19890773372428194,0.2064724843458769,0.0004276152677141704,0.0009528886699307348,-0.00026553496718406677,0.32323595881462097,0.6463031955063343,0.32315564526441093,0.0,0.0002655382930403298,1
4.195,PINN Vanilla,0.19882390782650977,0.2068069014907569,0.0004216499194855985,0.0009402682861608391,-0.00027290545403957367,0.3230533003807068,0.6459470223635435,0.32297755646246057,0.0,0.00027290887221203945,1
4.2,PINN Vanilla,0.1987400829113341,0.2071413147156417,0.00041579003078282093,0.0009273058801685385,-0.00027985870838165283,0.32287096977233887,0.6455914005637169,0.3227997433354451,0.0,0.0002798622136444357,1
4.205,PINN Vanilla,0.1986562812437972,0.20747563519581175,0.00040999830539459504,0.0009144753538447015,-0.00028663501143455505,0.3226889967918396,0.6452362574636936,0.3226221695613292,0.0,0.0002866386015713197,1
4.21,PINN Vanilla,0.1985724780268527,0.20780996185722733,0.0004043113510888309,0.0009013956262145795,-0.000293586403131485,0.32250678539276123,0.644880872219801,0.3224444747137622,0.0,0.0002935900803352369,1
4.215,PINN Vanilla,0.19848869633660451,0.20814420263949931,0.0003987115740037568,0.0008883762851644439,-0.0003007780760526657,0.32232484221458435,0.644526606425643,0.32226733959807313,0.0,0.00030078184333295514,1
4.22,PINN Vanilla,0.19840492121129483,0.20847841723144053,0.00039322245826056175,0.000875271374470521,-0.0003074929118156433,0.32214343547821045,0.6441729813814163,0.3220905248613624,0.0,0.00030749676320002947,1
4.225,PINN Vanilla,0.1983211690492861,0.20881254021301135,0.00038782738865089216,0.000861872467747965,-0.0003143269568681717,0.3219618797302246,0.643819073215127,0.32191356856184733,0.0,0.0003143308938497648,1
4.23,PINN Vanilla,0.19823741440468276,0.2091466730987075,0.00038254592376663386,0.000848638200439289,-0.00032115913927555084,0.3217807114124298,0.6434661615639925,0.32173711052615045,0.0,0.0003211631618310211,1
4.235,PINN Vanilla,0.19815367190456307,0.20948075753489517,0.000377376001569802,0.0008351464005411646,-0.00032769516110420227,0.3215996325016022,0.6431133262813091,0.3215606906751573,0.0,0.00032769926552410404,1
4.24,PINN Vanilla,0.19806994917663606,0.20981476309140004,0.0003723271172636602,0.0008216699072729761,-0.00033440813422203064,0.3214186131954193,0.642760518938303,0.3213842847941778,0.0,0.00033441232272269934,1
4.245,PINN Vanilla,0.19798622913453523,0.21014875793300244,0.0003673887339147118,0.0008081646434844325,-0.00034112296998500824,0.32123804092407227,0.6424088310450315,0.32120843864507626,0.0,0.00034112724258977367,1
4.25,PINN Vanilla,0.19790251646190882,0.21048272337463822,0.00036259147787000333,0.0007942719560306843,-0.00034759752452373505,0.32105758786201477,0.6420574095100164,0.32103272567677094,0.0,0.0003476018782230471,1
4.255,PINN Vanilla,0.19781882423735983,0.21081660724019965,0.0003579109509104667,0.0007806914735991322,-0.00035407207906246185,0.3208771347999573,0.6417057197540998,0.32085687859633516,0.0,0.00035407651385632044,1
4.26,PINN Vanilla,0.19773513321169056,0.21115048632292016,0.00035337453559729123,0.0007668886994443291,-0.00036054663360118866,0.32069694995880127,0.6413547303527594,0.32068138169757343,0.0,0.00036055114948959385,1
4.265,PINN Vanilla,0.1976514622649258,0.21148428530235402,0.0003489818538101727,0.0007530835520185297,-0.00036702118813991547,0.32051703333854675,0.6410047840327024,0.3205064063459859,0.0,0.0003670257851228672,1
4.2700000000000005,PINN Vanilla,0.197567794149419,0.21181807298669622,0.0003447352434677853,0.000738979662842365,-0.00037331506609916687,0.32033732533454895,0.6406551040709019,0.32033156417519454,0.0,0.0003733197419136701,1
4.275,PINN Vanilla,0.19748413025422976,0.21215184383439734,0.00034064245493596487,0.0007246867969714077,-0.0003796108067035675,0.3201577365398407,0.6403052918612957,0.3201566558796722,0.0,0.000379615561372952,1
4.28,PINN Vanilla,0.19740048893545573,0.2124855246151798,0.00033669746782532026,0.0007106460533863324,-0.00038578547537326813,0.3199783265590668,0.63995629735291,0.31998215643988104,0.0,0.0003857903073810939,1
4.285,PINN Vanilla,0.1973168538245666,0.21281918063007013,0.0003329341865667241,0.000696369314014178,-0.000391962006688118,0.3197992146015167,0.6396072749048471,0.31980764303007625,0.0,0.00039196691605771487,1
4.29,PINN Vanilla,0.19723322788240377,0.21315280006701312,0.00032932615052347163,0.0006820185522433131,-0.000398196280002594,0.3196200430393219,0.63925901055336,0.319633508673307,0.0,0.00039820126745718725,1
4.295,PINN Vanilla,0.19714961049834023,0.21348638536205958,0.0003258950869631435,0.000667857467423455,-0.0004043709486722946,0.3194413185119629,0.6389114018529654,0.31945970214619,0.0,0.0004043760134653292,1
4.3,PINN Vanilla,0.1970660070701315,0.21381991498126787,0.0003226370266654297,0.000653300866931994,-0.00041048601269721985,0.31926244497299194,0.6385634504258633,0.319285724253573,0.0,0.0004104911540821406,1
4.305,PINN Vanilla,0.19698241423793114,0.21415340232849384,0.00031958374595146875,0.0006388760082613465,-0.0004164222627878189,0.3190840780735016,0.6382164526730776,0.3191122232040866,0.0,0.00041642747852496057,1
4.3100000000000005,PINN Vanilla,0.19689882532493008,0.21448687404036756,0.0003167007074222662,0.0006242952806278235,-0.0004222393035888672,0.3189055621623993,0.6378695741295815,0.3189387817599915,0.0,0.0004222445921851196,1
4.315,PINN Vanilla,0.196815236492103,0.2148203454323932,0.0003140156459791925,0.0006094633372737968,-0.00042817555367946625,0.31872737407684326,0.6375229191035032,0.3187654520760052,0.0,0.0004281809166279396,1
4.32,PINN Vanilla,0.1967316700697497,0.21515372741951108,0.0003115343288722874,0.0005948377662148563,-0.0004339311271905899,0.3185494542121887,0.6371771860867739,0.3185925834024675,0.0,0.00043393656222828904,1
4.325,PINN Vanilla,0.196648112202699,0.2154870752758896,0.0003092515286166509,0.0005799716411297451,-0.0004397481679916382,0.31837165355682373,0.636831633746624,0.31841980506835094,0.0,0.00043975367588844805,1
4.33,PINN Vanilla,0.1965645573962409,0.21582041092226306,0.0003071876134707911,0.0005651002330334387,-0.0004450865089893341,0.31819385290145874,0.6364857815206051,0.3182468767894219,0.0,0.0004450920837494842,1
4.335,PINN Vanilla,0.1964810108318477,0.21615371368753541,0.00030532489851215177,0.00055014859660385,-0.0004509631544351578,0.3180166184902191,0.6361414212733507,0.31807469450921866,0.0,0.0004509688028009737,1
4.34,PINN Vanilla,0.19639746792655477,0.21648700185510125,0.00030369398770786125,0.0005350858538290815,-0.00045659951865673065,0.3178390860557556,0.6357965227216482,0.31790224307342024,0.0,0.00045660523761866217,1
4.345,PINN Vanilla,0.19631396316726496,0.21682013784204276,0.0003022670986653999,0.0005200504357826402,-0.0004618782550096512,0.3176622986793518,0.6354531291872263,0.31773054415568736,0.0,0.0004618840400883678,1
4.3500000000000005,PINN Vanilla,0.1962304314210623,0.21715338149125313,0.0003010618914328001,0.0005049533746938339,-0.0004673954099416733,0.31748518347740173,0.635109094902873,0.31755852485897607,0.0,0.00046740126412339535,1
4.355,PINN Vanilla,0.1961469218662536,0.21748653660955833,0.0003000935568353691,0.0004896297312544512,-0.0004726145416498184,0.3173083961009979,0.6347657311707735,0.317386840842591,0.0,0.0004726204612017705,1
4.36,PINN Vanilla,0.19606342604821986,0.21781963692602802,0.0002993487950900528,0.00048762549931169463,-0.0004781894385814667,0.31713202595710754,0.6344231702387333,0.3172155582312632,0.0,0.00047819542795964943,1
4.365,PINN Vanilla,0.19597993466678681,0.21815271954301127,0.00029883439615492125,0.0004994092323630794,-0.00048328936100006104,0.3169555068016052,0.6340802982449532,0.3170441200871174,0.0,0.00048329541425536364,1
4.37,PINN Vanilla,0.19589644769398687,0.21848578457208276,0.00029854828322378404,0.0005110733580568905,-0.0004884470254182816,0.3167795240879059,0.6337386015802622,0.3168732696148767,0.0,0.0004884531432739292,1
4.375,PINN Vanilla,0.19581296869849152,0.2188188177762947,0.0002984872590712363,0.0005226839618387991,-0.0004935469478368759,0.31660357117652893,0.6333971153944731,0.3167025243834051,0.0,0.0004935531295696434,1
4.38,PINN Vanilla,0.195729496049787,0.21915182566045957,0.0002986660420714083,0.0005343798656214371,-0.0004987660795450211,0.3164275884628296,0.6330555696040392,0.3165317493492379,0.0,0.0004987723266480186,1
4.385,PINN Vanilla,0.19564603458161467,0.21948478894072823,0.0002990709441546384,0.0005458699435686998,-0.0005035661160945892,0.31625184416770935,0.6327144540846348,0.31636118945327996,0.0,0.0005035724233186013,1
4.39,PINN Vanilla,0.1955625831407753,0.21981771221770258,0.00029971190761962483,0.0005577077444727796,-0.0005084853619337082,0.3160763382911682,0.6323740687221289,0.3161909946403439,0.0,0.000508491730771845,1
4.3950000000000005,PINN Vanilla,0.19547912996128067,0.2201506424309119,0.0003005724787986636,0.000569066697325149,-0.0005132239311933517,0.3159009516239166,0.6320335324853659,0.3160207243893345,0.0,0.0005132303593826181,1
4.4,PINN Vanilla,0.19539568418668615,0.22048354310282647,0.0003016609390519777,0.000580330949303709,-0.0005180239677429199,0.31572577357292175,0.6316938325762749,0.3158508723073986,0.0,0.0005180304560532008,1
4.405,PINN Vanilla,0.1953122513443306,0.22081639218254165,0.0003029648427933599,0.0005917198079155028,-0.0005228836089372635,0.31555071473121643,0.6313543561846018,0.31568113198557146,0.0,0.000522890158115114,1
4.41,PINN Vanilla,0.19522883304328592,0.22114918325078556,0.0003045043641569573,0.0006031479406649609,-0.0005274452269077301,0.31537601351737976,0.6310151927173138,0.31551154812789656,0.0,0.0005274518332203748,1
4.415,PINN Vanilla,0.19514541644360628,0.22148196753156096,0.0003062622848391954,0.0006144325364607628,-0.0005320645868778229,0.31520137190818787,0.6306766681373119,0.3153422837178658,0.0,0.000532071251048487,1
4.42,PINN Vanilla,0.19506200095237763,0.22181474739025409,0.000308216795981064,0.0006257243914626343,-0.0005363877862691879,0.3150266706943512,0.6303377579897642,0.3151728265216475,0.0,0.0005363945045884259,1
4.425,PINN Vanilla,0.19497858461932288,0.22214753060734946,0.00031037908758451386,0.0006369575119295479,-0.000540589913725853,0.31485220789909363,0.6299992185086012,0.3150035546609429,0.0,0.0005405966846772247,1
4.43,PINN Vanilla,0.19489519986733272,0.2224801878341514,0.0003127626320406256,0.0006480442532895703,-0.0005451496690511703,0.3146779537200928,0.629661662504077,0.3148347745447167,0.0,0.0005451564971140064,1
4.4350000000000005,PINN Vanilla,0.194811804679682,0.2228128866932401,0.00031534636613930967,0.0006590840616884086,-0.0005494114011526108,0.3145039677619934,0.6293245684355497,0.31466622539938194,0.0,0.0005494182825941357,1
4.44,PINN Vanilla,0.19472840723597462,0.223145594552698,0.000318104489185892,0.000670199702091312,-0.0005536731332540512,0.31433022022247314,0.6289876233786345,0.31449775076078634,0.0,0.0005536800680742651,1
4.445,PINN Vanilla,0.19464503129379257,0.22347821663342993,0.000321059902032078,0.0006812579055502366,-0.0005578752607107162,0.3141561448574066,0.6286504399031401,0.31432915691140806,0.0,0.0005578822481630639,1
4.45,PINN Vanilla,0.19456166476924885,0.22381080114319862,0.0003242241291382287,0.0006923088551475942,-0.0005617793649435043,0.31398269534111023,0.6283140163868666,0.3141609430463996,0.0,0.0005617864012952103,1
4.455,PINN Vanilla,0.194478301357504,0.2241433732346893,0.0003275452932229229,0.0007030412600697034,-0.0005656220018863678,0.31380897760391235,0.6279773525893688,0.3139926090392741,0.0,0.0005656290863675471,1
4.46,PINN Vanilla,0.19439493797465904,0.22447594521088593,0.0003310507950479457,0.0007138298599196902,-0.0005697049200534821,0.3136358857154846,0.6276422701776028,0.3138250657349181,0.0,0.0005697120556736851,1
4.465,PINN Vanilla,0.19431158264369908,0.22480848506469006,0.0003347265965926603,0.0007246923636901603,-0.0005732495337724686,0.3134627938270569,0.6273067388683558,0.31365729797901026,0.0,0.0005732567137893695,1
4.47,PINN Vanilla,0.1942282323562377,0.22514100479783408,0.00033856373870243126,0.0007356109731511684,-0.0005773305892944336,0.3132897615432739,0.6269717738032341,0.3134898133487113,0.0,0.0005773378204270283,1
4.4750000000000005,PINN Vanilla,0.19414487821110588,0.22547353992086566,0.0003425535793312551,0.0007461071774122474,-0.0005811136215925217,0.31311681866645813,0.6266371365636587,0.31332249263323847,0.0,0.0005811209001080347,1
4.48,PINN Vanilla,0.1940615418813638,0.22580600397073328,0.0003466997036589579,0.000756633301280174,-0.0005847178399562836,0.31294408440589905,0.6263026632368565,0.31315525387517873,0.0,0.0005847251636150497,1
4.485,PINN Vanilla,0.1939782182675776,0.22613841729124665,0.0003509998127538984,0.0007673499172016762,-0.0005881432443857193,0.31277161836624146,0.6259685475379229,0.312988193933293,0.0,0.0005881506109480731,1
4.49,PINN Vanilla,0.19389489088375292,0.22647084565204642,0.00035544541618400937,0.0007778285421851105,-0.0005914494395256042,0.31259942054748535,0.6256350874900818,0.3128214618210596,0.0,0.0005914568474984358,1
4.495,PINN Vanilla,0.19381156405928107,0.2268032717813499,0.00036001889293981484,0.0007885584477627661,-0.0005946960300207138,0.31242719292640686,0.6253014784306288,0.312654655202087,0.0,0.0005947034786574679,1
4.5,PINN Vanilla,0.19372824183735135,0.2271356795491561,0.00036472831246873094,0.0007986443572713386,-0.0005981791764497757,0.31225505471229553,0.6249683443456888,0.3124880860733455,0.0,0.0005981866687133427,1
4.505,PINN Vanilla,0.19364493373815003,0.22746803097539436,0.00036956852436223405,0.0008091356024535479,-0.0006013661623001099,0.3120831847190857,0.6246361508965492,0.31232198726839494,0.0,0.0006013736944810443,1
4.51,PINN Vanilla,0.19356162018805473,0.22780040414756622,0.00037452286686396995,0.0008194654354928277,-0.000604432076215744,0.3119112253189087,0.6243029721081257,0.3121553957876317,0.0,0.0006044396467976058,1
4.515,PINN Vanilla,0.1934783166224087,0.22813273748752502,0.0003796072780671523,0.0008297260390838779,-0.0006071999669075012,0.311739444732666,0.623970165848732,0.3119889905737164,0.0,0.0006072075721575151,1
4.5200000000000005,PINN Vanilla,0.19339502221896304,0.2284650342755712,0.0003848026294821965,0.0008401267303224658,-0.0006101466715335846,0.31156814098358154,0.6236391179263592,0.31182346453932314,0.0,0.0006101543136914156,1
4.525,PINN Vanilla,0.193311723197127,0.22879734948834013,0.0003901039693530418,0.000850121507313617,-0.0006132721900939941,0.3113967478275299,0.6233075931668282,0.3116577000833646,0.0,0.0006132798713993076,1
4.53,PINN Vanilla,0.19322844163828842,0.22912959503378777,0.00039552359096192236,0.0008601511719368848,-0.0006160996854305267,0.3112255930900574,0.6229764856398106,0.3114921442462757,0.0,0.0006161074021505473,1
4.535,PINN Vanilla,0.1931451632733549,0.22946182783739025,0.0004010375405387481,0.0008702784064117952,-0.0006186887621879578,0.3110547363758087,0.6226459592580795,0.31132687898546957,0.0,0.000618696511336465,1
4.54,PINN Vanilla,0.19306188381302197,0.2297940650110067,0.0004066427430946096,0.0008803243718304987,-0.0006213951855897903,0.3108837902545929,0.6223157439380884,0.3111617692574814,0.0,0.0006214029686365647,1
4.545,PINN Vanilla,0.1929785913673115,0.23012635398881492,0.0004123413706055369,0.0008904082527702029,-0.0006238054484128952,0.3107128441333771,0.6219847705215216,0.3109962804764578,0.0,0.0006238132616484909,1
4.55,PINN Vanilla,0.19289533008594772,0.23045851863879455,0.000418146968874277,0.000900082989939599,-0.000626392662525177,0.31054243445396423,0.6216555237770081,0.31083165504227417,0.0,0.0006264005081659295,1
4.555,PINN Vanilla,0.19281206281298213,0.2307907071918212,0.00042402709493534403,0.0009098551986205239,-0.0006285645067691803,0.31037190556526184,0.6213255487382412,0.3106666654564029,0.0,0.0006285723796125339,1
4.5600000000000005,PINN Vanilla,0.19272879693187306,0.23112289019214047,0.0004299965175019222,0.0009196964998434143,-0.0006312113255262375,0.3102016746997833,0.6209968235343695,0.31050230079580643,0.0,0.000631219231521303,1
4.565,PINN Vanilla,0.19264553989972677,0.231455037890185,0.0004360467591942608,0.0009294237140926587,-0.0006332620978355408,0.31003162264823914,0.6206679940223694,0.3103378839804925,0.0,0.0006332700295167674,1
4.57,PINN Vanilla,0.19256228003352582,0.23178719689447852,0.00044216542651931255,0.0009389327112718782,-0.0006354320794343948,0.3098617494106293,0.6203398201614618,0.3101737949948309,0.0,0.0006354400382948927,1
4.575,PINN Vanilla,0.19247903731894922,0.23211928747365046,0.00044838049600025634,0.0009485502887728314,-0.0006374828517436981,0.30969178676605225,0.6200114078819752,0.3100095867983866,0.0,0.000637490836290357,1
4.58,PINN Vanilla,0.19239578628213377,0.23245141125377136,0.00045465022963639006,0.0009579210974183794,-0.000639352947473526,0.3095221221446991,0.619683351367712,0.3098455564867821,0.0,0.0006393609554433508,1
4.585,PINN Vanilla,0.1923125379535186,0.23278352422972998,0.00046100092019223533,0.0009674005380201911,-0.0006411653012037277,0.30935269594192505,0.6193559523671865,0.3096818549361641,0.0,0.0006411733318734932,1
4.59,PINN Vanilla,0.1922292996867298,0.2331155970647854,0.0004674129630764286,0.0009769902214367687,-0.0006428565829992294,0.3091832995414734,0.6190288197249174,0.3095182865663424,0.0,0.0006428646348524956,1
4.595,PINN Vanilla,0.1921460636172656,0.2334476611337788,0.00047389721750597377,0.000986225380581851,-0.0006447881460189819,0.30901384353637695,0.618701659142971,0.30935470422650707,0.0,0.0006447962220652989,1
4.6000000000000005,PINN Vanilla,0.1920628198315282,0.23377975598626657,0.0004804359726185122,0.0009955864541952297,-0.0006463006138801575,0.30884477496147156,0.6183750927448273,0.3091914189822942,0.0,0.0006463087088703098,1
4.605,PINN Vanilla,0.19197958589785985,0.23411181153466232,0.00048703839283474707,0.0010048126055434703,-0.0006476342678070068,0.3086759150028229,0.618048794567585,0.3090282678502118,0.0,0.0006476423795013294,1
4.61,PINN Vanilla,0.19189635720905718,0.23444384615905897,0.0004936982564129783,0.0010138220093950934,-0.0006492063403129578,0.3085068464279175,0.6177224814891815,0.3088651092674555,0.0,0.0006492144716976708,1
4.615,PINN Vanilla,0.19181313583472587,0.23477585160291964,0.00050042550849278,0.00102309310996751,-0.0006504207849502563,0.30833810567855835,0.6173964813351631,0.30870210714885143,0.0,0.0006504289315460293,1
4.62,PINN Vanilla,0.191729918112969,0.23510784247510794,0.0005072085051666055,0.0010321139855709593,-0.0006517544388771057,0.30816948413848877,0.6170709878206253,0.3085393583531605,0.0,0.0006517626021770487,1
4.625,PINN Vanilla,0.19164668854877903,0.23543988059179669,0.0005140274112334649,0.0010409434323318534,-0.0006526689976453781,0.30800119042396545,0.6167458202689886,0.3083767725409615,0.0,0.0006526771724002759,1
4.63,PINN Vanilla,0.19156347426890702,0.23577185773284298,0.0005209190872572407,0.0010499258104118003,-0.0006537046283483505,0.3078330457210541,0.6164213847368956,0.30821455274311865,0.0,0.000653712816074643,1
4.635,PINN Vanilla,0.1914802549632492,0.2361038549238856,0.0005278451514280715,0.0010588267148800568,-0.0006549768149852753,0.30766454339027405,0.6160962469875813,0.30805198183226745,0.0,0.0006549850186458528,1
4.64,PINN Vanilla,0.19139704108704347,0.23643583045453545,0.0005348303652143766,0.0010676825279249957,-0.0006557721644639969,0.30749666690826416,0.6157722864300013,0.3078899995246557,0.0,0.000655780378086419,1
4.6450000000000005,PINN Vanilla,0.19131382324409346,0.23676782181021472,0.0005418545435957345,0.0010763300709383805,-0.0006563905626535416,0.3073287308216095,0.6154482085257769,0.30772795854298685,0.0,0.0006563987840214726,1
4.65,PINN Vanilla,0.19123061448689904,0.23709977691895212,0.0005489349547394164,0.0010848995222474955,-0.0006570648401975632,0.3071610927581787,0.6151246335357428,0.30756616902156264,0.0,0.0006570730700108988,1
4.655,PINN Vanilla,0.19114741267313856,0.23743170432737956,0.000556060494324643,0.0010934528454206172,-0.0006576236337423325,0.30699342489242554,0.6148010473698378,0.307404373912133,0.0,0.000657631870554622,1
4.66,PINN Vanilla,0.19106421343799498,0.23776362144860783,0.0005632372934350243,0.001102259462676336,-0.0006583575159311295,0.3068256676197052,0.614477576687932,0.3072426365454262,0.0,0.0006583657619353785,1
4.665,PINN Vanilla,0.19098100718763378,0.23809556655652178,0.0005704430317519262,0.0011106355279386082,-0.0006585568189620972,0.3066585958003998,0.6141552999615669,0.307081496163967,0.0,0.0006585650674626398,1
4.67,PINN Vanilla,0.19089779924150105,0.23842751842958926,0.0005776872611166821,0.0011189992609629829,-0.0006591714918613434,0.30649107694625854,0.6138322465121746,0.30691996741612987,0.0,0.0006591797480607354,1
4.675,PINN Vanilla,0.1908146003913787,0.23875943401480415,0.0005849805662673549,0.001127541156986045,-0.0006593111902475357,0.3063237965106964,0.6135095674544573,0.3067586258664749,0.0,0.0006593194481966662,1
4.68,PINN Vanilla,0.1907314066061968,0.23909132939381825,0.0005923274454519656,0.0011357308017235779,-0.0006591510027647018,0.30615708231925964,0.6131877060979605,0.3065976931725511,0.0,0.0006591592587074655,1
4.6850000000000005,PINN Vanilla,0.1906482055093403,0.2394232539422109,0.0005996909312608244,0.0011439072025815067,-0.0006592907011508942,0.3059900403022766,0.6128658168017864,0.3064367465086137,0.0,0.0006592989588433963,1
4.69,PINN Vanilla,0.19056501314957608,0.23975514363462788,0.000607106127832046,0.0011519303741543419,-0.0006592478603124619,0.3058234453201294,0.6125444900244474,0.3062760811076166,0.0,0.0006592561174683776,1
4.695,PINN Vanilla,0.19048181997408886,0.24008703658131067,0.0006145569002868439,0.0011602750894695868,-0.0006592664867639542,0.3056566119194031,0.6122230906039476,0.3061153793845842,0.0,0.0006592747441531683,1
4.7,PINN Vanilla,0.19039863434613674,0.24041889941766714,0.0006220495396193991,0.0011682044236980271,-0.000658748671412468,0.30549025535583496,0.611902317032218,0.30595499058985626,0.0,0.0006587569223159848,1
4.705,PINN Vanilla,0.19031543560695274,0.2407508145603018,0.0006295695601383766,0.001176044096069584,-0.0006583500653505325,0.3053238093852997,0.6115812752395868,0.30579446768299784,0.0,0.0006583583112614622,1
4.71,PINN Vanilla,0.19023224603929167,0.2410826931138322,0.000637126969659473,0.0011840356280556352,-0.0006580110639333725,0.3051578998565674,0.6112616639584303,0.3056346600408354,0.0,0.00065801930559827,1
4.715,PINN Vanilla,0.1901490617976025,0.24141455041979645,0.0006447245355878356,0.0011918964447207858,-0.0006574317812919617,0.3049916625022888,0.6109409481287003,0.3054743001174689,0.0,0.000657440015701277,1
4.72,PINN Vanilla,0.19006588528617038,0.24174637688647868,0.0006523649754362508,0.0011996522880944882,-0.0006566140800714493,0.3048256039619446,0.6106209177523851,0.30531428292510254,0.0,0.000656622304238962,1
4.7250000000000005,PINN Vanilla,0.18998268011163127,0.24207831770248087,0.000660014709225072,0.001207299892020175,-0.0006560347974300385,0.3046596050262451,0.6103012003004551,0.30515442219688843,0.0,0.0006560430143419688,1
4.73,PINN Vanilla,0.18989949776241938,0.2424101674585486,0.0006677173496320351,0.0012150301585375778,-0.0006550382822751999,0.30449384450912476,0.6099815275520086,0.30499458382069605,0.0,0.0006550464867056624,1
4.735,PINN Vanilla,0.18981630667052168,0.24274205209290695,0.0006754373781618743,0.0012224833017074332,-0.0006541609764099121,0.30432814359664917,0.6096626445651054,0.3048351403302213,0.0,0.0006541691698520169,1
4.74,PINN Vanilla,0.18973313300992484,0.2430738671863953,0.0006832175943102556,0.0012299731524188506,-0.0006531644612550735,0.30416297912597656,0.6093445662409067,0.30467609917613797,0.0,0.0006531726422157104,1
4.745,PINN Vanilla,0.1896499386439482,0.24340576488244656,0.0006910048025944579,0.0012376983253567508,-0.0006519295275211334,0.3039974272251129,0.6090256683528423,0.30451664823498925,0.0,0.000651937693014082,1
4.75,PINN Vanilla,0.18956676179690435,0.24373759268802667,0.0006988374000604798,0.001244866390383681,-0.0006506945937871933,0.30383241176605225,0.6087074708193541,0.30435754747551463,0.0,0.0006507027438124537,1
4.755,PINN Vanilla,0.18948357491973072,0.2440694605080588,0.0007066941723241024,0.001252033261061214,-0.0006495770066976547,0.303667277097702,0.60838976316154,0.30419869165694496,0.0,0.0006495851427250072,1
4.76,PINN Vanilla,0.18940038898320227,0.24440132457545743,0.000714582465031664,0.001259281761272768,-0.0006479248404502869,0.3035021722316742,0.6080715209245682,0.30403956854544856,0.0,0.0006479329557840654,1
4.765,PINN Vanilla,0.18931721180147892,0.2447331537162164,0.0007225111557088782,0.001266621880415375,-0.0006466880440711975,0.3033374547958374,0.6077546626329422,0.30388113741529216,0.0,0.000646696143913958,1
4.7700000000000005,PINN Vanilla,0.18923403038172512,0.24506499976428064,0.0007304608467277195,0.001273630454364183,-0.0006448552012443542,0.3031728267669678,0.6074377447366714,0.30372267648244006,0.0,0.0006448632781305457,1
4.775,PINN Vanilla,0.1891508365256919,0.2453968954259508,0.0007384423910327069,0.001280576207946138,-0.000643022358417511,0.3030080795288086,0.6071204096078873,0.30356400693071833,0.0,0.0006430304123471335,1
4.78,PINN Vanilla,0.18906765870071268,0.2457287271329309,0.0007464504781230395,0.0012876443972016927,-0.0006411895155906677,0.3028436303138733,0.6068038493394852,0.30340572481404027,0.0,0.0006411975465637212,1
4.785,PINN Vanilla,0.1889844847119621,0.24606054353556395,0.0007545126667764647,0.0012943283845980313,-0.0006389971822500229,0.3026793897151947,0.6064873021095991,0.3032474492167018,0.0,0.000639005185763847,1
4.79,PINN Vanilla,0.18890129718034565,0.2463924139664468,0.0007625784115865765,0.0013011283002904994,-0.0006369855254888535,0.3025151193141937,0.6061710696667433,0.3030893310148499,0.0,0.0006369935038064433,1
4.795,PINN Vanilla,0.18881811384574043,0.24672426765366745,0.0007706804250553416,0.0013080338783419965,-0.000634973868727684,0.30235108733177185,0.6058556567877531,0.3029316226000634,0.0,0.0006349818218490396,1
4.8,PINN Vanilla,0.18873492476564863,0.24705614426207678,0.0007788150123578186,0.0013145785520459752,-0.0006325431168079376,0.3021870255470276,0.6055397354066372,0.30277365993102945,0.0,0.0006325510394838435,1
4.805,PINN Vanilla,0.18865173962899484,0.24738800513843529,0.000786975824220585,0.0013213104374517615,-0.0006299931555986404,0.30202311277389526,0.6052240524441004,0.3026158164727782,0.0,0.0006300010463359864,1
4.8100000000000005,PINN Vanilla,0.18856855698519048,0.2477198560697576,0.000795165269086176,0.0013279174996227439,-0.0006276816129684448,0.30185964703559875,0.6049097403883934,0.3024586584765272,0.0,0.0006276894747534512,1
4.815,PINN Vanilla,0.1884853714420735,0.24805171856767064,0.0008033899828222145,0.0013343345605352774,-0.0006251316517591476,0.30169573426246643,0.6045942064374685,0.3023008895250151,0.0,0.0006251394816055941,1
4.82,PINN Vanilla,0.18840218702512046,0.2483835765728369,0.0008116407188637039,0.0013405622864863798,-0.0006225220859050751,0.30153214931488037,0.6042798347771168,0.30214370172606847,0.0,0.0006225298830664065,1
4.825,PINN Vanilla,0.18831900419486503,0.24871542824799184,0.0008199224561508035,0.001346980370966533,-0.0006199125200510025,0.3013688623905182,0.6039656270295382,0.3019865958845349,0.0,0.000619920284527219,1
4.83,PINN Vanilla,0.18823582077915366,0.2490472822587794,0.0008282377615568635,0.0013534259214978972,-0.0006232932209968567,0.30120566487312317,0.6036513894796371,0.30182947514165354,0.0,0.0006233010278167446,1
4.835,PINN Vanilla,0.1881526263861416,0.24937918006268636,0.0008365668567461856,0.0013612771778333532,-0.0006389692425727844,0.30104219913482666,0.6033370457589626,0.3016723013127205,0.0,0.0006389772457366608,1
4.84,PINN Vanilla,0.18806942726286863,0.2497110967376153,0.00084493189942192,0.001383707429394837,-0.0006548389792442322,0.300879567861557,0.6030249819159508,0.30151626743689663,0.0,0.0006548471811784011,1
4.845,PINN Vanilla,0.18798625336175,0.2500429127906472,0.0008533383543146698,0.0014062647154974017,-0.0006702765822410583,0.30071645975112915,0.6027104612439871,0.3013590051312109,0.0,0.0006702849775329954,1
4.8500000000000005,PINN Vanilla,0.18790305468223029,0.2503748276952557,0.0008617567239030635,0.0014288101464538794,-0.0006860271096229553,0.3005538284778595,0.6023980397731066,0.30120279243921305,0.0,0.0006860357021920747,1
4.855,PINN Vanilla,0.18781985937281176,0.2507067291550978,0.0008702084541817474,0.0014514923914052125,-0.0007019862532615662,0.30039092898368835,0.6020846925675869,0.30104611687409816,0.0,0.0007019950457208107,1
4.86,PINN Vanilla,0.18773666249440835,0.25103863687428757,0.0008786871073385722,0.0014740771638270256,-0.000718139111995697,0.30022844672203064,0.6017720773816109,0.3008898073233394,0.0,0.0007181481067713708,1
4.865,PINN Vanilla,0.18765347876079808,0.251370492153309,0.0008872146424818278,0.001496981673017539,-0.0007343962788581848,0.30006590485572815,0.6014599241316319,0.30073372874347204,0.0,0.0007344054772567591,1
4.87,PINN Vanilla,0.1875702694610313,0.2517024494265982,0.0008957405501710475,0.0015198499697253454,-0.0007505491375923157,0.2999034821987152,0.6011474281549454,0.30057747879810465,0.0,0.0007505585383073192,1
4.875,PINN Vanilla,0.18748706833247814,0.2520343741014423,0.0009043040372533883,0.0015428082270243781,-0.0007674023509025574,0.29974129796028137,0.6008359882980585,0.30042175691925105,0.0,0.0007674119627060124,1
4.88,PINN Vanilla,0.18740386926886943,0.2523662905383451,0.0009129085475299231,0.001565820677536356,-0.0007837936282157898,0.29957884550094604,0.6005233135074377,0.3002654175657966,0.0,0.0007838034453218944,1
4.885,PINN Vanilla,0.1873206697139624,0.2526982089352457,0.0009215393911149897,0.001588905171838656,-0.0008004084229469299,0.2994169592857361,0.6002121716737747,0.30010984470042135,0.0,0.0008004184481552656,1
4.89,PINN Vanilla,0.18723746217708953,0.2530301591756016,0.0009301911728003541,0.0016118556539748696,-0.0008169934153556824,0.2992551922798157,0.5999011192470789,0.2999543165390896,0.0,0.0008170036482929717,1
4.8950000000000005,PINN Vanilla,0.18715426454635653,0.253362069896154,0.0009388856695700258,0.001635223825437293,-0.0008342042565345764,0.2990933954715729,0.5995903350412846,0.2997989224898883,0.0,0.0008342147050396478,1
4.9,PINN Vanilla,0.187071047038086,0.25369405991665456,0.0009475964433825592,0.0016583981815230797,-0.0008510127663612366,0.2989315092563629,0.5992790888994932,0.2996432974697956,0.0,0.0008510234253948431,1
4.905,PINN Vanilla,0.18698783350308557,0.2540260340860914,0.0009563317928077046,0.0016816867078266462,-0.000868283212184906,0.2987697720527649,0.598968543112278,0.299488022631377,0.0,0.0008682940875328496,1
4.91,PINN Vanilla,0.18690463455694098,0.2543579500543799,0.0009651247481759473,0.0017050639999271755,-0.0008856728672981262,0.2986083924770355,0.598658412694931,0.2993329554804938,0.0,0.0008856839604535171,1
4.915,PINN Vanilla,0.18682141793431253,0.2546899365416776,0.0009739218199891571,0.0017286901068210847,-0.0009030476212501526,0.29844698309898376,0.5983483884483576,0.2991779414156623,0.0,0.000903058932026352,1
4.92,PINN Vanilla,0.18673819391610652,0.2550219525330785,0.0009827533232575599,0.0017520689112440618,-0.0009206756949424744,0.29828575253486633,0.5980385560542345,0.29902302327825736,0.0,0.0009206872265123414,1
4.925,PINN Vanilla,0.18665497291840621,0.25535395647439796,0.0009916120401365857,0.0017755766806447498,-0.0009379759430885315,0.29812467098236084,0.5977288130670786,0.298868149844896,0.0,0.0009379876913460133,1
4.93,PINN Vanilla,0.18657176195922587,0.2556859203677934,0.0010005128700493941,0.0017989782928095888,-0.0009561106562614441,0.29796358942985535,0.5974195469170809,0.29871351483309994,0.0,0.0009561226316583117,1
4.9350000000000005,PINN Vanilla,0.18648853568682772,0.2560179453521251,0.0010094348641480411,0.0018227499606453534,-0.0009738877415657043,0.2978023588657379,0.5971101019531488,0.2985587904132169,0.0,0.0009738999396226274,1
4.94,PINN Vanilla,0.18640531095824353,0.25634996417752653,0.0010183911931052217,0.0018466240711925708,-0.0009919330477714539,0.2976416349411011,0.5968011636286974,0.298404319316247,0.0,0.0009919454718479302,1
4.945,PINN Vanilla,0.18632207989219102,0.2566820082857835,0.0010273744997244193,0.0018703899701522503,-0.0010100826621055603,0.297480970621109,0.596492687240243,0.2982500791901685,0.0,0.0010100953135080612,1
4.95,PINN Vanilla,0.1862388596477526,0.257014009222021,0.0010364008161480728,0.001894291106792581,-0.001028411090373993,0.2973202168941498,0.5961840320378542,0.29809574965600305,0.0,0.0010284239713421839,1
4.955,PINN Vanilla,0.1861556232855604,0.2573460744588309,0.001045442695427116,0.0019180775005415845,-0.0010468289256095886,0.29715976119041443,0.5958760008215904,0.29794173211880776,0.0,0.0010468420372633021,1
4.96,PINN Vanilla,0.18607238783324892,0.2576781360657397,0.0010545239933015583,0.0019421821327748473,-0.001065365970134735,0.2969992458820343,0.5955676715821028,0.29778756556813424,0.0,0.0010653793139670815,1
4.965,PINN Vanilla,0.18598914204968942,0.2580102388883892,0.0010636243901593649,0.001966167702785293,-0.0010839030146598816,0.2968387007713318,0.5952592827379704,0.29763336921476496,0.0,0.0010839165906708606,1
4.97,PINN Vanilla,0.18590591189444988,0.258342279363026,0.0010727696376676378,0.0019902438288004476,-0.0011028721928596497,0.29667848348617554,0.594951743260026,0.29747959754980896,0.0,0.001102886006461786,1
4.9750000000000005,PINN Vanilla,0.18582266013700147,0.2586744060180582,0.0010819334779138606,0.002014542960506377,-0.0011216774582862854,0.2965187132358551,0.5946452915668488,0.29732636978404886,0.0,0.0011216915074265523,1
4.98,PINN Vanilla,0.18573941315269776,0.2590065136309868,0.0010911377204240022,0.0020387498037574836,-0.0011405125260353088,0.29635855555534363,0.5943370815366507,0.29717226283876663,0.0,0.001140526811086984,1
4.985,PINN Vanilla,0.1856561579776031,0.2593386539204629,0.001100369222605143,0.0020627714691729138,-0.0011597201228141785,0.29619860649108887,0.5940304957330227,0.2970189680169413,0.0,0.0011597346484432311,1
4.99,PINN Vanilla,0.18557290700418094,0.259670777447681,0.0011096333027059322,0.0020871831744743025,-0.0011790469288825989,0.29603883624076843,0.5937239080667496,0.2968656722637817,0.0,0.001179061696582139,1
4.995,PINN Vanilla,0.18548965198570513,0.2600029171123379,0.0011189381305161505,0.0021116119956166857,-0.001198314130306244,0.2958792746067047,0.5934174414724112,0.2967124370473476,0.0,0.0011983291393297167,1
5.0,PINN Vanilla,0.1854063891968853,0.26033508777620074,0.0011282655870747146,0.0021360030841652278,-0.0012181028723716736,0.2957196533679962,0.5931116733700037,0.2965595510812534,0.0,0.0012181181292514362,1
0.0,PINN Conservative,0.2506820270129749,7.718347686304593e-05,0.0002148806290168729,0.0007620006799697876,-0.0007620006799697876,1.0001336336135864,2.001617431640625,1.0008212510655605,0.00014616040335158284,0.0007620102241166877,1
0.005,PINN Conservative,0.2507124594128406,0.00019859125829356885,0.00022598155416751528,0.0007249116897583008,-0.0007249116897583008,0.9953422546386719,1.9919964224100113,0.9960106861981255,0.0,0.0007249207693612966,1
0.01,PINN Conservative,0.25074125592176383,0.000313472775253794,0.0002582329405560524,0.0006890296936035156,-0.0006890296936035156,0.9906023740768433,1.9824782013893127,0.991251516079365,0.0,0.0006890383237803476,1
0.015,PINN Conservative,0.2507685151573893,0.0004222214554558912,0.00029991158231190896,0.0006546378135681152,-0.0006546378135681152,0.9859151840209961,1.973066121339798,0.9865454171109105,0.0,0.0006546460129826607,1
0.02,PINN Conservative,0.25079430524890006,0.0005251090951763303,0.00034430051512737925,0.00073258856630809,-0.0006212443113327026,0.9812808036804199,1.9637587666511536,0.9818916814787398,0.0,0.0006212520924897593,1
0.025,PINN Conservative,0.2508187053708343,0.0006224515553089199,0.00038812495430698966,0.0008275215882295184,-0.0005888789892196655,0.9766989946365356,1.9545569121837616,0.9772906966178966,0.0,0.0005888863649973088,1
0.03,PINN Conservative,0.2508417813105507,0.0007145112895971864,0.0004299184467436237,0.0009092062439878257,-0.0005629807710647583,0.972170352935791,1.945461943745613,0.972743155441055,0.0,0.0005629878224642153,1
0.035,PINN Conservative,0.2508636079169251,0.0008015869020288507,0.0004691081163820269,0.0009789123343195705,-0.0005549192428588867,0.9676938056945801,1.9364711791276932,0.9682477168269102,0.0,0.0005549261932867678,1
0.04,PINN Conservative,0.25088425597420205,0.0008839607810495244,0.0005055244530880958,0.0010380970316780092,-0.0005457699298858643,0.9632701873779297,1.9275864213705063,0.963805282307006,0.0,0.0005457767657175392,1
0.045,PINN Conservative,0.2509037820739789,0.0009618586946008019,0.0005391510055623565,0.001087587861632211,-0.0005357861518859863,0.9588981866836548,1.9188055843114853,0.9594148087869943,0.0,0.0005357928626696838,1
0.05,PINN Conservative,0.25092223341072406,0.0010354689214820848,0.0005701788173943282,0.001128810521995094,-0.0005248934030532837,0.9545780420303345,1.9101287573575974,0.9550763409709182,0.0,0.0005248999774040386,1
0.055,PINN Conservative,0.2509396790757074,0.0011050670961431168,0.0005987378278162178,0.001172239684734483,-0.0005133599042892456,0.9503095149993896,1.9015559703111649,0.9507898937601259,0.0,0.0005133663341815907,1
0.06,PINN Conservative,0.2509561637947867,0.001170831649045666,0.0006250542030794364,0.0012125474662146862,-0.0005008131265640259,0.946091890335083,1.8930849730968475,0.9465543421028559,0.0,0.0005008193993065247,1
0.065,PINN Conservative,0.25097175725587495,0.001233040594902782,0.0006492985204980814,0.0012467276382290005,-0.00048761069774627686,0.9419246912002563,1.884715884923935,0.9423697456044996,0.0,0.0004876168051268234,1
0.07,PINN Conservative,0.2509864939151106,0.0012918313938995527,0.0006716992092361248,0.001274791078800408,-0.00047385692596435547,0.9378076791763306,1.8764476925134659,0.9382355976192306,0.0,0.0004738628610773152,1
0.075,PINN Conservative,0.2510004210117104,0.0013473925033556594,0.0006923968239370596,0.0012970141284543157,-0.00045940279960632324,0.9337399005889893,1.8682786375284195,0.9341510189675268,0.0,0.0004594085536796738,1
0.08,PINN Conservative,0.25101358820875364,0.00139992205040858,0.0007115596753364564,0.001313590031356393,-0.00044451653957366943,0.9297208786010742,1.8602077513933182,0.9301155253555837,0.0,0.00044452210719488647,1
0.085,PINN Conservative,0.2510260301562878,0.0014495582688292866,0.0007293645997607866,0.001324946903298041,-0.00042904913425445557,0.9257506132125854,1.8522353023290634,0.9261292508955317,0.0,0.0004290545081446269,1
0.09,PINN Conservative,0.25103780964354017,0.0014965516515400112,0.0007459289298123326,0.0013316937249464866,-0.00041291117668151855,0.9218274354934692,1.8443577885627747,0.9221904446790005,0.0,0.0004129163484418995,1
0.095,PINN Conservative,0.2510489324728648,0.0015409253465983456,0.000761406479690576,0.0013415656706034854,-0.0003963559865951538,0.9179515838623047,1.836575597524643,0.9182993004235119,0.0,0.00039636095099985873,1
0.1,PINN Conservative,0.25105944031978156,0.0015828456153712137,0.0007758720036412182,0.0013848614178875304,-0.0003796219825744629,0.9141218662261963,1.8288869708776474,0.9144549389495439,0.0,0.00037962673738382646,1
0.105,PINN Conservative,0.25106938397353357,0.0016225150777426178,0.0007894788264129599,0.0014275939667723018,-0.00036247074604034424,0.9103376865386963,1.8212902396917343,0.9106565257816177,0.0,0.00036247528602848086,1
0.11,PINN Conservative,0.2510787875683338,0.0016600300153487469,0.0008022872629997864,0.001470402493265635,-0.00034496188163757324,0.9065989255905151,1.813784897327423,0.9069038075968203,0.0,0.0003449662023251524,1
0.115,PINN Conservative,0.25108767491024175,0.001695485400682167,0.0008144034308729554,0.0015129216193432117,-0.00032733380794525146,0.9029043912887573,1.8063693940639496,0.9031960095250643,0.0,0.000327337907839163,1
0.12,PINN Conservative,0.2510960770843623,0.0017290052454421055,0.0008259051370621202,0.001555452720833706,-0.0003096461296081543,0.899253249168396,1.7990420311689377,0.8995322821895233,0.0,0.00030965000796184306,1
0.125,PINN Conservative,0.2511040402112064,0.001760773543954766,0.0008368626934949392,0.0015981853899857505,-0.0002917051315307617,0.895645260810852,1.7918019443750381,0.8959121934511101,0.0,0.00029170878517136863,1
0.13,PINN Conservative,0.2511115522907899,0.0017907424231816986,0.0008473571316737903,0.0016404528046824835,-0.0002731233835220337,0.8920794725418091,1.7846466153860092,0.8923344841459329,0.0,0.0002731268044240915,1
0.135,PINN Conservative,0.25111867457598414,0.0018191562468683623,0.0008574324586232331,0.001682862812492796,-0.0002545863389968872,0.8885551691055298,1.7775757610797882,0.8887990127111872,0.0,0.00025458952772031227,1
0.14,PINN Conservative,0.2511254049337901,0.0018460065055749008,0.0008671787107238599,0.0017251203167843177,-0.00023630261421203613,0.8850721120834351,1.7705883979797363,0.8853052874023946,0.0,0.00023630557392968757,1
0.145,PINN Conservative,0.2511317894026801,0.0018714768663406717,0.0008766394655676288,0.0017675075616770692,-0.00021770596504211426,0.8816291093826294,1.763682335615158,0.8818522129704894,0.0,0.00021770869183457782,1
0.15,PINN Conservative,0.25113782840776255,0.0018955690251037894,0.0008858639141569407,0.001809917370570526,-0.0002059638500213623,0.878225564956665,1.7568562179803848,0.8784391114041452,0.0,0.0002059664297424733,1
0.155,PINN Conservative,0.25114354460655863,0.0019183733723491597,0.0008949095676491723,0.0018520489049986032,-0.00020679831504821777,0.8748608827590942,1.7501093298196793,0.875065625071014,0.0,0.00020680090522110002,1
0.16,PINN Conservative,0.25114897185110596,0.0019400249582470675,0.0009038259701982862,0.0018943417048506118,-0.0002085566520690918,0.8715345859527588,1.7434401363134384,0.8717309865516825,0.0,0.00020855926426534917,1
0.165,PINN Conservative,0.2511540970003402,0.0019604713575048925,0.0009126492505730937,0.001936231568696328,-0.00021135807037353516,0.8682459592819214,1.7368472069501877,0.8684344805814547,0.0,0.00021136071765788173,1
0.17,PINN Conservative,0.2511589754824046,0.00197993369655158,0.000921451701231823,0.001978202701725655,-0.00021514296531677246,0.8649939298629761,1.7303286343812943,0.8651751534740691,0.0,0.0002151456600073672,1
0.17500000000000002,PINN Conservative,0.2511635932761866,0.00199835603920764,0.0009302514926743876,0.0020201335101352955,-0.0002199709415435791,0.8617786169052124,1.7238848954439163,0.8619532436510914,0.0,0.00021997369670513606,1
0.18,PINN Conservative,0.2511679788863098,0.002015852102535849,0.0009390780035091316,0.002061898852719563,-0.00022602081298828125,0.8585984706878662,1.7175126522779465,0.8587670821615642,0.0,0.00022602364392517978,1
0.185,PINN Conservative,0.2511721522033632,0.0020325012385518267,0.0009480008932152642,0.00210368689914245,-0.0002327561378479004,0.8554540872573853,1.7112127840518951,0.8556171085952483,0.0,0.000232759053145524,1
0.19,PINN Conservative,0.251176101480936,0.00204825658582916,0.0009570163094947492,0.0021453821453071096,-0.0002407282590866089,0.8523439168930054,1.704983189702034,0.8525022724071218,0.0,0.0002407312742359757,1
0.195,PINN Conservative,0.25117987706824707,0.0020633190088078634,0.0009661834827781309,0.0021872702571280123,-0.00024922192096710205,0.8492674827575684,1.698821410536766,0.8494213442359885,0.0,0.0002492250425005691,1
0.2,PINN Conservative,0.2511834577397183,0.0020776038296327058,0.0009755204743842034,0.0022288636811354807,-0.00025890767574310303,0.8462247848510742,1.6927286386489868,0.8463749201357617,0.0,0.00025891091859177204,1
0.20500000000000002,PINN Conservative,0.25118688515595367,0.00209127725016518,0.0009850314702410502,0.0022704495303042475,-0.0002691298723220825,0.8432141542434692,1.6867007911205292,0.8433609586217881,0.0,0.00026913324320494936,1
0.21,PINN Conservative,0.2511901391205845,0.002104258698504081,0.0009947620555412243,0.0023115730183900117,-0.00028033554553985596,0.8402359485626221,1.6807393580675125,0.8403802047614595,0.0,0.0002803390567750796,1
0.215,PINN Conservative,0.25119325567831147,0.0021166919722845953,0.0010047193667546172,0.002353104044211101,-0.0002922266721725464,0.8372897505760193,1.6748431026935577,0.8374320401488409,0.0,0.0002922303323455103,1
0.22,PINN Conservative,0.251196231816087,0.0021285650511793327,0.0010149156627396135,0.0023943244058065418,-0.00030481815338134766,0.8343746662139893,1.6690095514059067,0.8345152279720621,0.0,0.0003048219712640742,1
0.225,PINN Conservative,0.2511990895798734,0.002139965885904462,0.0010253736231652087,0.002435681912438292,-0.0003178715705871582,0.8314900398254395,1.6632380783557892,0.8316294553028186,0.0,0.0003178755519654493,1
0.23,PINN Conservative,0.2512018213102648,0.002150863919833716,0.0010360729968367077,0.002476870405254231,-0.0003321915864944458,0.8286349773406982,1.6575275361537933,0.828774148439219,0.0,0.0003321957472325971,1
0.23500000000000001,PINN Conservative,0.25120445770454836,0.0021613816174965456,0.0010470530716627496,0.002517732110966107,-0.00034658610820770264,0.8258103728294373,1.651877984404564,0.8259493371839588,0.0,0.000346590449238908,1
0.24,PINN Conservative,0.2512069825191159,0.002171454176233931,0.0010582804242853213,0.002558761620073742,-0.0003618896007537842,0.8230145573616028,1.6462879329919815,0.8231542764696465,0.0,0.0003618941334630087,1
0.245,PINN Conservative,0.2512094265556669,0.002181204477120649,0.0010697829972319565,0.002599631702759818,-0.00037741661071777344,0.8202471733093262,1.6407548487186432,0.8203876996817162,0.0,0.00037742133790459874,1
0.25,PINN Conservative,0.2512117923350186,0.0021906425767681034,0.0010815366324390017,0.002640496690646657,-0.00039364397525787354,0.8175078630447388,1.6352794468402863,0.8176499644525159,0.0,0.00039364890569432186,1
0.255,PINN Conservative,0.2512140627708044,0.002199700310395643,0.0010935339780929194,0.0026813511732914803,-0.00041037797927856445,0.8147969245910645,1.6298614144325256,0.8149409143178934,0.0,0.0004103831193103541,1
0.26,PINN Conservative,0.25121628892821474,0.002208581398758672,0.0011057821644656375,0.002721682968452809,-0.00042743980884552,0.81211256980896,1.6244978159666061,0.8122590814950872,0.0,0.00042744516257870396,1
0.265,PINN Conservative,0.2512184547724667,0.002217221872290595,0.0011182417511699468,0.002762137791765165,-0.00044468045234680176,0.8094552159309387,1.6191886514425278,0.8096044659840973,0.0,0.00044468602202104527,1
0.27,PINN Conservative,0.25122056254097175,0.002225630656977256,0.0011309171207154877,0.002802336619023406,-0.0004626065492630005,0.8068243265151978,1.6139336824417114,0.806976948574141,0.0,0.0004626123434636871,1
0.275,PINN Conservative,0.25122262782103066,0.0022338699371882175,0.0011437906235734145,0.002842429224579661,-0.00048086047172546387,0.804219126701355,1.6087310314178467,0.8043755904803048,0.0,0.00048086649455864657,1
0.28,PINN Conservative,0.2512246494566475,0.0022419351011643204,0.0011568385543033355,0.002882079288075939,-0.0004989504814147949,0.8016397953033447,1.6035801768302917,0.8018001309290018,0.0,0.0004989567308274472,1
0.28500000000000003,PINN Conservative,0.2512266502097562,0.002249916955937125,0.001170042111631428,0.0029216540487062657,-0.0005174428224563599,0.7990851998329163,1.5984804034233093,0.7992502122878838,0.0,0.0005174493034877287,1
0.29,PINN Conservative,0.2512286069380628,0.0022577231770572357,0.0011833943975182112,0.002960798950500493,-0.0005361735820770264,0.7965558171272278,1.5934310406446457,0.7967254992766248,0.0,0.0005361802977133319,1
0.295,PINN Conservative,0.2512305565588586,0.0022655010432949913,0.00119686206116403,0.0029996963437061604,-0.0005550682544708252,0.7940507531166077,1.5884313136339188,0.794225604460181,0.0,0.000555075206765094,1
0.3,PINN Conservative,0.25123249581298074,0.0022732375524640107,0.0012104307734081454,0.0030382756938666326,-0.0005737245082855225,0.7915695905685425,1.58347986638546,0.7917498498272261,0.0,0.0005737316942515343,1
0.305,PINN Conservative,0.2512344225674301,0.0022809241951242164,0.0012240798085739308,0.003076531867918963,-0.0005927085876464844,0.7891120910644531,1.5785767883062363,0.7892982800818034,0.0,0.0005927160113902921,1
0.31,PINN Conservative,0.2512363470471776,0.0022886017630315654,0.001237770910894737,0.0031142977456129362,-0.0006118565797805786,0.7866777777671814,1.5737206041812897,0.7868701576071954,0.0,0.0006118642433552088,1
0.315,PINN Conservative,0.25123826435975005,0.002296250738030406,0.001251507805840623,0.0031516789831047276,-0.000630691647529602,0.784266471862793,1.5689103603363037,0.7844650055602713,0.0,0.0006306995470156404,1
0.32,PINN Conservative,0.251240200116052,0.0023039732929077666,0.0012652497193355254,0.003188732988185186,-0.0006495416164398193,0.7818776965141296,1.5641465038061142,0.7820830474612488,0.0,0.0006495497520239047,1
0.325,PINN Conservative,0.25124213640187476,0.0023116979602685675,0.0012789965603017376,0.0032250746481523786,-0.0006681680679321289,0.7795113921165466,1.559427723288536,0.779723627650823,0.0,0.0006681764368146796,1
0.33,PINN Conservative,0.2512440984999692,0.002319525603755329,0.0012927120574159907,0.003261095925248817,-0.0006867647171020508,0.7771668434143066,1.5547526478767395,0.7773860606669939,0.0,0.0006867733189097894,1
0.335,PINN Conservative,0.25124607875092964,0.0023274256667422276,0.0013063707154245658,0.003296338600576291,-0.0007048994302749634,0.7748440504074097,1.5501215904951096,0.7750705029739136,0.0,0.0007049082592220879,1
0.34,PINN Conservative,0.2512480853884308,0.002335430996858363,0.0013199709593760612,0.0033311549151921523,-0.0007233321666717529,0.7725424766540527,1.5455335080623627,0.7727764330244078,0.0,0.0007233412264910388,1
0.34500000000000003,PINN Conservative,0.25125012537828073,0.0023435693836735346,0.00133350018358008,0.0033653445363534505,-0.0007409751415252686,0.770261824131012,1.54098741710186,0.7705033590739981,0.0,0.0007409844223248608,1
0.35000000000000003,PINN Conservative,0.25125218697406865,0.002351793965761108,0.001346931962244161,0.0033988711921564586,-0.0007585883140563965,0.768001914024353,1.5364835113286972,0.7682513779814456,0.0,0.0007585978154630177,1
0.355,PINN Conservative,0.25125429110305086,0.0023601882308437747,0.0013602416081017264,0.0034317285396600616,-0.0007758736610412598,0.765762448310852,1.532020390033722,0.766019789383402,0.0,0.0007758833789488569,1
0.36,PINN Conservative,0.251256427644669,0.0023687118037113465,0.0013734181309832632,0.003463537812812053,-0.0007925927639007568,0.7635430693626404,1.5275974720716476,0.7638083027035847,0.0,0.0007926026912170565,1
0.365,PINN Conservative,0.2512586164373058,0.0023774438281070013,0.0013864575479937587,0.003494918709249813,-0.0008089244365692139,0.7613433599472046,1.5232142210006714,0.7616166497177325,0.0,0.000808934568441608,1
0.37,PINN Conservative,0.25126085962141836,0.002386392843224086,0.0013993593247950697,0.003525694084603067,-0.0008249282836914062,0.7591633200645447,1.518870770931244,0.7594448974819108,0.0,0.0008249386160138418,1
0.375,PINN Conservative,0.2512631419080275,0.0023954978548244707,0.0014120968283276628,0.003555283296708272,-0.0008402466773986816,0.7570021748542786,1.5145647674798965,0.7572918687896407,0.0,0.0008402572015857752,1
0.38,PINN Conservative,0.2512654885873422,0.0024048597563039458,0.0014246556755485682,0.0035843168069407995,-0.0008553862571716309,0.754860520362854,1.51029834151268,0.7551586290872925,0.0,0.0008553969709837171,1
0.385,PINN Conservative,0.2512678802162558,0.0024144009808437067,0.001437040987216374,0.003612304131726529,-0.0008698850870132446,0.7527381181716919,1.5060700178146362,0.7530444407581481,0.0,0.0008698959824248563,1
0.39,PINN Conservative,0.25127033754303174,0.002424204302087986,0.0014492448584368977,0.0036397078530035973,-0.0008835345506668091,0.7506343126296997,1.501878872513771,0.7509488418604251,0.0,0.0008835456170395361,1
0.395,PINN Conservative,0.25127284943281825,0.0024342252983788858,0.0014612569528926786,0.0036658507647746794,-0.0008966773748397827,0.7485482692718506,1.49772310256958,0.7488709308625793,0.0,0.000896688605827907,1
0.4,PINN Conservative,0.2512754349558203,0.002444540048871752,0.0014730807114446652,0.0036916500653187342,-0.0009094923734664917,0.7464810609817505,1.493605613708496,0.7468121606460245,0.0,0.0009095037649639601,1
0.405,PINN Conservative,0.25127808226867243,0.002455101305346787,0.0014847122467501078,0.003715921854121753,-0.0009212344884872437,0.7444311380386353,1.4895219951868057,0.7447703258112816,0.0,0.0009212460270560647,1
0.41000000000000003,PINN Conservative,0.25128080244656203,0.002465953251434848,0.0014961370980272884,0.0037395836760094857,-0.000932350754737854,0.7423987984657288,1.4854735136032104,0.7427460596656332,0.0,0.0009323624325391992,1
0.41500000000000004,PINN Conservative,0.2512835774037454,0.0024770237354152223,0.0015073941405546794,0.0037621928199301803,-0.0009429305791854858,0.7403839230537415,1.4814598858356476,0.7407392206462751,0.0,0.0009429423895003594,1
0.42,PINN Conservative,0.2512864398959282,0.0024884434337238606,0.0015184458210832938,0.0037838264064332487,-0.000952795147895813,0.738385796546936,1.4774795323610306,0.7387490189817721,0.0,0.0009528070817655538,1
0.425,PINN Conservative,0.2512893716434578,0.0025001394210550504,0.001529303519545008,0.0038046557177670477,-0.0009616315364837646,0.736404538154602,1.4735325872898102,0.7367755217281895,0.0,0.0009616435810302974,1
0.43,PINN Conservative,0.2512923844449513,0.0025121587671080884,0.0015399917418966846,0.0038243006057387466,-0.0009699761867523193,0.7344398498535156,1.4696186631917953,0.7348185351680054,0.0,0.0009699883358165646,1
0.435,PINN Conservative,0.2512954553296497,0.002524409831759878,0.0015504860029955353,0.0038431027101805786,-0.0009774118661880493,0.7324919104576111,1.4657375514507294,0.7328779549917851,0.0,0.000977424108385042,1
0.44,PINN Conservative,0.25129862061074304,0.0025370374837637394,0.0015608237956544729,0.003860940382071954,-0.000984296202659607,0.7305599451065063,1.4618887901306152,0.7309535502286371,0.0,0.0009843085310837125,1
0.445,PINN Conservative,0.2513018695113656,0.0025499987296206898,0.001570989751111649,0.0038774552745421166,-0.0009900182485580444,0.7286436557769775,1.458070695400238,0.7290444789524088,0.0,0.0009900306486514386,1
0.45,PINN Conservative,0.25130519051630573,0.002563247630255439,0.0015810122479883752,0.0038932050733434774,-0.0009953081607818604,0.7267434597015381,1.45428466796875,0.7271514415264484,0.0,0.0009953206271320187,1
0.455,PINN Conservative,0.25130860023461543,0.0025768504462380824,0.0015908762617272882,0.0039080618815004985,-0.0009994804859161377,0.7248585224151611,1.4505286067724228,0.7252733874057338,0.0,0.0009994930045251521,1
0.46,PINN Conservative,0.2513120657539702,0.0025906758763133515,0.0016005999758211017,0.003921819462727929,-0.0010029226541519165,0.7229894399642944,1.4468038380146027,0.7234109797002433,0.0,0.0010029352158744875,1
0.465,PINN Conservative,0.2513156322104198,0.0026049039873734833,0.0016102098845987222,0.003934585811455175,-0.001005411148071289,0.7211352586746216,1.443108394742012,0.7215632349210201,0.0,0.001005423740962535,1
0.47000000000000003,PINN Conservative,0.2513192828010033,0.0026194677452633843,0.0016197111931446268,0.003946390358826993,-0.0010068714618682861,0.7192960381507874,1.4394421428442001,0.7197300860119991,0.0,0.0010068840730501317,1
0.47500000000000003,PINN Conservative,0.2513230104778741,0.0026343390331266306,0.0016291036225780067,0.003956984975682271,-0.001008063554763794,0.7174718976020813,1.4358064383268356,0.7179122109845064,0.0,0.0010080761808767412,1
0.48,PINN Conservative,0.2513268293441834,0.0026495741144293384,0.0016384190072873603,0.003967209155378577,-0.001007959246635437,0.7156621217727661,1.4321987628936768,0.7161083506746504,0.0,0.0010079718714419129,1
0.485,PINN Conservative,0.2513307208890791,0.002665099141512679,0.0016476615865416494,0.003975718035573558,-0.0010070502758026123,0.7138664722442627,1.428618460893631,0.7143181772527786,0.0,0.0010070628892241231,1
0.49,PINN Conservative,0.2513347023107984,0.002680982725456563,0.0016568484354881753,0.003983564717038996,-0.0010053068399429321,0.7120856046676636,1.4250676780939102,0.712542763615935,0.0,0.0010053194315277065,1
0.495,PINN Conservative,0.25133875903633385,0.0026971667283384733,0.0016659806425299035,0.0039908181569191445,-0.0010028630495071411,0.7103187441825867,1.4215442091226578,0.71078100706438,0.0,0.001002875610483157,1
0.5,PINN Conservative,0.25134290278226407,0.002713697892571967,0.0016751084193860673,0.003996990565152989,-0.0009992122650146484,0.7085657119750977,1.4180477112531662,0.7090327362326135,0.0,0.000999224780264165,1
0.505,PINN Conservative,0.2513471287679863,0.0027305571463002083,0.0016842237332500675,0.004002100603425235,-0.0009951293468475342,0.7068264484405518,1.4145788550376892,0.7072982864009618,0.0,0.0009951418109580272,1
0.51,PINN Conservative,0.25135143025889173,0.0027477176223051868,0.0016933324926223729,0.00400632019175013,-0.0009900778532028198,0.7051007747650146,1.411136344075203,0.7055770093607941,0.0,0.000990090254042769,1
0.515,PINN Conservative,0.2513558233419696,0.0027652434984266052,0.001702479859212118,0.004009865465309435,-0.0009841620922088623,0.7033886909484863,1.407720610499382,0.703869121181654,0.0,0.0009841744189532189,1
0.52,PINN Conservative,0.2513602930041882,0.0027830748812981794,0.0017116571386501297,0.0040127911752852775,-0.000977441668510437,0.7016893625259399,1.4043295234441757,0.7021735564171716,0.0,0.0009774539110807073,1
0.525,PINN Conservative,0.2513648325631449,0.0028011851119745614,0.0017208896855757066,0.004014310204773681,-0.0009702146053314209,0.7000035643577576,1.4009655267000198,0.7004915369778689,0.0,0.0009702267573818865,1
0.53,PINN Conservative,0.2513694649150183,0.0028196655330468214,0.0017301997971788982,0.004015810799387884,-0.0009620040655136108,0.6983306407928467,1.3976267725229263,0.6988221389801805,0.0,0.0009620161147261129,1
0.535,PINN Conservative,0.25137416633578746,0.002838421499308796,0.0017395924055024397,0.00401602858578495,-0.0009529143571853638,0.6966702342033386,1.3943122327327728,0.6971648483276061,0.0,0.0009529262925482148,1
0.54,PINN Conservative,0.25137895396402526,0.0028575213838144637,0.0017491045545218493,0.004015949048726521,-0.0009434521198272705,0.6950230598449707,1.3910240232944489,0.6955207230158418,0.0,0.000943463936674501,1
0.545,PINN Conservative,0.2513838018308411,0.0028768615856183256,0.0017587326232956267,0.00401491832330059,-0.000933229923248291,0.693388044834137,1.3877596706151962,0.6938885262330176,0.0,0.0009332416120613237,1
0.55,PINN Conservative,0.2513887392314108,0.002896558975631905,0.001768498059717987,0.004013608521550041,-0.0009220093488693237,0.6917654275894165,1.3845191150903702,0.6922682281764376,0.0,0.000922020897143361,1
0.555,PINN Conservative,0.2513937447238732,0.0029165280131547237,0.001778434226564937,0.004011484530871086,-0.0009105503559112549,0.6901549696922302,1.3813031166791916,0.6906602088304717,0.0,0.0009105617606600762,1
0.56,PINN Conservative,0.25139882029952465,0.002936776642314522,0.0017885278363753668,0.004008994480751843,-0.0008980631828308105,0.6885565519332886,1.3781101703643799,0.6890637156770544,0.0,0.0008980744311763406,1
0.5650000000000001,PINN Conservative,0.2514039698962096,0.0029573205728471697,0.0017988042039697287,0.004006049820609158,-0.0008849799633026123,0.6869701147079468,1.374940812587738,0.6874790169404467,0.0,0.0008849910477793003,1
0.5700000000000001,PINN Conservative,0.25140918984457294,0.002978145166134931,0.0018092919364049939,0.004002755473192607,-0.0008715689182281494,0.6853957176208496,1.3717954009771347,0.6859062914368224,0.0,0.0008715798347299423,1
0.5750000000000001,PINN Conservative,0.2514144751253548,0.0029992303982163565,0.0018199894286740818,0.0039988286860243374,-0.0008575171232223511,0.6838326454162598,1.368672400712967,0.6843447717467681,0.0,0.0008575278637237817,1
0.58,PINN Conservative,0.2514198212115256,0.0030205582088457614,0.001830917316594259,0.003994850725878626,-0.0008428394794464111,0.6822810769081116,1.3655714988708496,0.6827943014061318,0.0,0.000842850036108651,1
0.585,PINN Conservative,0.25142524240760356,0.0030421856648277516,0.001842101212101673,0.003990833375687251,-0.0008279234170913696,0.6807412505149841,1.3624941259622574,0.6812555956796095,0.0,0.0008279337869281984,1
0.59,PINN Conservative,0.25143073091248014,0.0030640816442239448,0.0018535378668407898,0.003986266193337539,-0.0008123666048049927,0.6792126297950745,1.3594384640455246,0.6797277455849831,0.0,0.0008123767797909432,1
0.595,PINN Conservative,0.2514362767398417,0.0030862063073834405,0.0018652378969682849,0.003981739036546316,-0.0007965266704559326,0.6776952147483826,1.3564053028821945,0.6782111460079704,0.0,0.0007965366470448681,1
0.6,PINN Conservative,0.25144187976290155,0.00310855914850022,0.0018772198517649278,0.0039773554810274905,-0.0007799714803695679,0.6761887073516846,1.353393167257309,0.6767050593318535,0.0,0.0007799812496028274,1
0.605,PINN Conservative,0.2514475393253523,0.003131137549285045,0.0018894960372743592,0.003973022338086558,-0.0007635802030563354,0.6746930480003357,1.3504030108451843,0.6752099623997633,0.0,0.0007635897669869454,1
0.61,PINN Conservative,0.2514532621543448,0.003153968347202879,0.0019020766972969788,0.003968734584276937,-0.0007464587688446045,0.6732081770896912,1.347433403134346,0.6737251399470037,0.0,0.000746468118327265,1
0.615,PINN Conservative,0.251459039359897,0.003177016076335383,0.0019149678744004469,0.003964799351412179,-0.0007292628288269043,0.6717339754104614,1.3444854170084,0.6722511284220966,0.0,0.0007292719629284215,1
0.62,PINN Conservative,0.2514648804435501,0.0032003186423702965,0.001928191414531855,0.003961448708400456,-0.0007119327783584595,0.670270562171936,1.3415589332580566,0.6707878682196506,0.0,0.0007119416953990846,1
0.625,PINN Conservative,0.2514707623226745,0.0032237839588846,0.0019417326736300847,0.003958108501744592,-0.0006942152976989746,0.6688173413276672,1.3386520892381668,0.6693344280054265,0.0,0.0006942239928260994,1
0.63,PINN Conservative,0.25147669524461536,0.0032474529068945005,0.001955618429873352,0.003955389469795997,-0.0006763935089111328,0.667375385761261,1.3357681334018707,0.6678924320263377,0.0,0.0006764019808182859,1
0.635,PINN Conservative,0.251482683907937,0.0032713442309708738,0.0019698467735660384,0.003953698618338858,-0.0006582289934158325,0.6659432053565979,1.3329032212495804,0.6664599580085141,0.0,0.0006582372378103221,1
0.64,PINN Conservative,0.251488716648267,0.0032954113969730463,0.001984437373819161,0.003952789399169217,-0.0006403326988220215,0.6645215153694153,1.3300593197345734,0.6650379894409124,0.0,0.0006403407190633455,1
0.645,PINN Conservative,0.25149478944572246,0.0033196383678789666,0.0019993725978322626,0.003952482773467263,-0.0006221979856491089,0.6631097793579102,1.3272350132465363,0.6636258185095106,0.0,0.0006222057787510471,1
0.65,PINN Conservative,0.25150092125117957,0.003344100746790788,0.0020146813458398736,0.003953159893358794,-0.000603988766670227,0.6617077589035034,1.3244300782680511,0.6622233334542001,0.0,0.0006039963316995854,1
0.655,PINN Conservative,0.2515070830528681,0.003368682793422765,0.0020303527765265636,0.003955378303299728,-0.0005856752395629883,0.6603154540061951,1.3216443955898285,0.6608304746695896,0.0,0.0005856825752132955,1
0.66,PINN Conservative,0.2515132920564832,0.0033934531486076343,0.0020463940801398323,0.003958731731274805,-0.0005676895380020142,0.6589329242706299,1.3188788443803787,0.6594476817454398,0.0,0.0005676966483793231,1
0.665,PINN Conservative,0.2515195391110114,0.0034183753050621925,0.002062817417780269,0.003963291201095495,-0.00054951012134552,0.6575601100921631,1.3161318600177765,0.6580741723609898,0.0,0.0005495170040235268,1
0.67,PINN Conservative,0.25152582322453354,0.003443445305599425,0.0020796121574555414,0.003969722354496795,-0.0005317032337188721,0.6561965346336365,1.3134039640426636,0.6567102072898265,0.0,0.0005317098933635459,1
0.675,PINN Conservative,0.25153213367984817,0.0034686203947460587,0.002096787097924799,0.003977362735718186,-0.0005139261484146118,0.6548424363136292,1.3106945753097534,0.6553554959556674,0.0,0.0005139325853992303,1
0.68,PINN Conservative,0.25153848440111337,0.003493956121888642,0.002114339430217608,0.003986975230225676,-0.000512436032295227,0.6534978151321411,1.3080048710107803,0.6540106269617517,0.0,0.0005124424506159684,1
0.685,PINN Conservative,0.2515448716667679,0.0035194376401372187,0.002132284349907275,0.003998453029260225,-0.0005288422107696533,0.6521619558334351,1.305332213640213,0.6526742815387963,0.0,0.0005288488345796829,1
0.6900000000000001,PINN Conservative,0.2515512953649412,0.003545064503192309,0.002150609972981383,0.0040116652844241485,-0.0005452483892440796,0.6508355140686035,1.3026784360408783,0.6513473761196928,0.0,0.0005452552185433975,1
0.6950000000000001,PINN Conservative,0.25155772911655055,0.0035707314736781654,0.002169314362937543,0.004026505596896907,-0.0005614012479782104,0.6495178937911987,1.3000427782535553,0.6500295307200715,0.0,0.0005614082795939576,1
0.7000000000000001,PINN Conservative,0.2515642017692894,0.0035965536373083903,0.0021883982984382175,0.004043019152329658,-0.0005771517753601074,0.6482092142105103,1.2974245250225067,0.6487203877075846,0.0,0.0005771590042530369,1
0.705,PINN Conservative,0.25157070150216654,0.0036224838351234362,0.0022078651197972757,0.004061825179921048,-0.0005929023027420044,0.6469094157218933,1.2948246151208878,0.6474204164746885,0.0,0.0005929097289121162,1
0.71,PINN Conservative,0.25157721904484004,0.003648485083788015,0.0022277174810226117,0.004082123636238166,-0.0006084144115447998,0.6456183195114136,1.2922420501708984,0.6461291178262312,0.0,0.0006084220320058736,1
0.715,PINN Conservative,0.2515837641524242,0.003674596300600576,0.0022479546352703514,0.004103817777308956,-0.0006235092878341675,0.6443356871604919,1.2896765321493149,0.644846342748734,0.0,0.0006235170973603176,1
0.72,PINN Conservative,0.25159032362419087,0.0037007648222438954,0.0022685510837936887,0.004127392886469933,-0.0006385892629623413,0.6430618166923523,1.2871288061141968,0.6435724637758928,0.0,0.000638597261366929,1
0.725,PINN Conservative,0.25159690726746076,0.003727029774290192,0.0022895340207227215,0.004151728373033944,-0.000653386116027832,0.6417964100837708,1.2845985293388367,0.6423073095422077,0.0,0.0006533942997647206,1
0.73,PINN Conservative,0.25160350434265816,0.003753348312005943,0.002310886419668896,0.004177771356541966,-0.0006679892539978027,0.6405393481254578,1.2820848375558853,0.6410504479085914,0.0,0.0006679976206406882,1
0.735,PINN Conservative,0.25161011948868317,0.003779738941935869,0.0023326077123103917,0.00420471253102446,-0.0006823688745498657,0.6392906904220581,1.27958844602108,0.6398022365073921,0.0,0.0006823774212991665,1
0.74,PINN Conservative,0.25161674971486236,0.003806189733012166,0.0023546960239399233,0.004232780544083485,-0.0006963163614273071,0.638049840927124,1.2771075516939163,0.6385617738070656,0.0,0.0006963250828704988,1
0.745,PINN Conservative,0.25162338727975153,0.0038326698013226054,0.0023771518434193514,0.004261148009301753,-0.0007098466157913208,0.6368178129196167,1.2746445387601852,0.6373302519154388,0.0,0.0007098555067025177,1
0.75,PINN Conservative,0.2516300398800466,0.0038592098522595795,0.0023999634281514598,0.004290737075540396,-0.0007232576608657837,0.6355929970741272,1.2721961289644241,0.6361060316842498,0.0,0.0007232667197518757,1
0.755,PINN Conservative,0.25163669872272004,0.0038857748066976915,0.002423138835195064,0.00432089347574241,-0.0007360875606536865,0.6343766450881958,1.2697650492191315,0.6348904765868256,0.0,0.0007360967802357615,1
0.76,PINN Conservative,0.2516433764715214,0.0039124151857181195,0.002446674189698437,0.004351228050466019,-0.0007487833499908447,0.6331678628921509,1.2673491835594177,0.63368252862747,0.0,0.0007487927285891537,1
0.765,PINN Conservative,0.25165005064792223,0.003939041312913976,0.002470549781061741,0.004381622287974021,-0.0007612407207489014,0.6319674253463745,1.264950230717659,0.6324830371830094,0.0,0.000761250255377224,1
0.77,PINN Conservative,0.2516567246005819,0.003965666547511314,0.00249477200578344,0.004412489546641404,-0.0007733404636383057,0.6307743191719055,1.262566328048706,0.6312910709192041,0.0,0.0007733501498173115,1
0.775,PINN Conservative,0.2516634154755312,0.003992359292316495,0.00251934233415841,0.004443569504035641,-0.000785142183303833,0.6295888423919678,1.2601978480815887,0.6301068161029023,0.0,0.0007851520173007465,1
0.78,PINN Conservative,0.25167008958480974,0.004018985151732928,0.002544255340821393,0.004474642016854685,-0.0007965713739395142,0.6284113526344299,1.2578458487987518,0.6289308017319519,0.0,0.0007965813510883659,1
0.785,PINN Conservative,0.25167677811047695,0.004045668524253004,0.0025695036675851914,0.00450556215449173,-0.000807538628578186,0.6272408962249756,1.255507841706276,0.627761783543809,0.0,0.0008075487430931743,1
0.79,PINN Conservative,0.25168344729744996,0.004072274746500045,0.0025950756901970584,0.004536358705830815,-0.0008183866739273071,0.6260781288146973,1.2531857639551163,0.6266007301260825,0.0,0.0008183969243153216,1
0.795,PINN Conservative,0.25169012287596204,0.004098906467313828,0.0026209814297233464,0.00456699337324229,-0.0008286237716674805,0.6249229311943054,1.2508785724639893,0.6254471199315985,0.0,0.0008286341502763316,1
0.8,PINN Conservative,0.2516967911306802,0.004125508970400007,0.002647222698060058,0.004597799837460503,-0.0008385777473449707,0.6237748861312866,1.248586282134056,0.6243009604110308,0.0,0.0008385882506285217,1
0.805,PINN Conservative,0.2517034561187774,0.004152098441546313,0.0026737841505234997,0.004627749167261372,-0.0008482187986373901,0.6226338148117065,1.2463083565235138,0.6231619833401184,0.0,0.0008482294226762268,1
0.81,PINN Conservative,0.251710113246102,0.004178656552728529,0.002700672059425198,0.004657539199042993,-0.0008574575185775757,0.6215003132820129,1.244045302271843,0.6220304420417745,0.0,0.0008574682583324513,1
0.8150000000000001,PINN Conservative,0.25171675534547866,0.004205154711037479,0.0027278616796727125,0.004687107507814162,-0.0008660256862640381,0.6203737854957581,1.2417966574430466,0.6209061055451077,0.0,0.0008660365333362077,1
0.8200000000000001,PINN Conservative,0.25172338953187634,0.004231621301109009,0.0027553783156062397,0.0047159592374787646,-0.0008747130632400513,0.6192541122436523,1.239562064409256,0.6197887950339439,0.0,0.0008747240191226252,1
0.8250000000000001,PINN Conservative,0.2517300099358186,0.004258032907106328,0.002783196925850102,0.004744210186798173,-0.0008825808763504028,0.6181415319442749,1.237341359257698,0.6186784285508702,0.0,0.0008825919307782485,1
0.8300000000000001,PINN Conservative,0.25173660537024756,0.0042843448990990945,0.002811318113036685,0.004772333494272599,-0.0008905529975891113,0.6170360445976257,1.235135555267334,0.6175755127417127,0.0,0.0008905641518687002,1
0.835,PINN Conservative,0.25174319674004547,0.004310640675550638,0.002839761177353943,0.0047998483405194,-0.0008975118398666382,0.6159371137619019,1.232942372560501,0.6164789076533623,0.0,0.0008975230813065337,1
0.84,PINN Conservative,0.25174974706079867,0.004336772689910754,0.002868484684376707,0.004826765365415167,-0.0009046494960784912,0.6148450970649719,1.2307637929916382,0.61538960422545,0.0,0.0009046608269183587,1
0.845,PINN Conservative,0.25175629582282183,0.00436289848583407,0.002897525101456531,0.004852692602872494,-0.0009106546640396118,0.6137598156929016,1.228598341345787,0.614306864841258,0.0,0.0009106660700949045,1
0.85,PINN Conservative,0.2517628120976287,0.0043888946764395675,0.002926851924142326,0.004878251095544309,-0.0009170770645141602,0.612680971622467,1.2264464199543,0.6132308906689818,0.0,0.0009170885510107637,1
0.855,PINN Conservative,0.2517693100704087,0.00441481785247888,0.002956475824860031,0.004903278052498017,-0.0009224265813827515,0.6116092205047607,1.2243080586194992,0.6121616966099697,0.0,0.0009224381348826743,1
0.86,PINN Conservative,0.2517757812986622,0.00444063433323137,0.0029864074179997966,0.004927570744656343,-0.0009276419878005981,0.610543966293335,1.2221834361553192,0.6110993720723082,0.0,0.0009276536066240913,1
0.865,PINN Conservative,0.2517822227991737,0.0044663322173825026,0.0030166096162130653,0.004951171964873491,-0.0009323954582214355,0.6094853281974792,1.220071718096733,0.6100434998182583,0.0,0.0009324071365826971,1
0.87,PINN Conservative,0.2517886387186127,0.00449192804775924,0.0030471089644401313,0.0049740845762455965,-0.0009369701147079468,0.6084334254264832,1.2179735600948334,0.6089944076774724,0.0,0.0009369818503673114,1
0.875,PINN Conservative,0.2517950217182691,0.004517392547127662,0.0030778994286754305,0.004996177035373334,-0.0009408146142959595,0.6073873043060303,1.2158866077661514,0.6079509184434714,0.0,0.0009408263981081274,1
0.88,PINN Conservative,0.2518013647353804,0.004542697539124806,0.003108964705523497,0.005017551133158049,-0.0009441971778869629,0.6063479781150818,1.2138137966394424,0.606914499899017,0.0,0.0009442090040661321,1
0.885,PINN Conservative,0.25180767522798525,0.004567872777038007,0.003140321431130904,0.005038454291256364,-0.0009474456310272217,0.6053144931793213,1.2117525339126587,0.6058838556268478,0.0,0.0009474574978936433,1
0.89,PINN Conservative,0.25181395374797844,0.0045929204626100695,0.0031719592574739725,0.005058291280986241,-0.0009498000144958496,0.6042874455451965,1.2097036838531494,0.6048594177660508,0.0,0.0009498119108511972,1
0.895,PINN Conservative,0.25182019755080176,0.004617829646631516,0.003203890025562919,0.005077586070777393,-0.0009521692991256714,0.6032665967941284,1.2076677531003952,0.6038414396395393,0.0,0.0009521812251565838,1
0.9,PINN Conservative,0.25182639002740326,0.0046425340685326945,0.0032360824586945922,0.005095910539693507,-0.0009538084268569946,0.6022516489028931,1.2056427896022797,0.6028289452090302,0.0,0.000953820373418172,1
0.905,PINN Conservative,0.25183254346863043,0.0046670827617297725,0.003268564034665102,0.005122752875551417,-0.0009553283452987671,0.60124272108078,1.203630581498146,0.6018228285553934,0.0,0.0009553403108970992,1
0.91,PINN Conservative,0.2518386521616259,0.004691452935205718,0.0033013130312345568,0.005182054298844885,-0.0009561926126480103,0.6002398729324341,1.2016297280788422,0.6008223893152809,0.0,0.0009562045890713912,1
0.915,PINN Conservative,0.25184471123629026,0.004715625160063801,0.0033343456301393477,0.005241723086200412,-0.0009568184614181519,0.5992427468299866,1.1996406316757202,0.5998278286568883,0.0,0.0009568304456803612,1
0.92,PINN Conservative,0.25185072546576837,0.00473961847840781,0.0033676555947588552,0.005301918831212338,-0.0009568482637405396,0.5982516407966614,1.1976629346609116,0.5988389677640418,0.0,0.0009568602483760265,1
0.925,PINN Conservative,0.25185669709492975,0.004763441845976859,0.003401250257898214,0.005362242473458401,-0.0009566396474838257,0.5972663164138794,1.1956970691680908,0.5978560227062847,0.0,0.0009566516295063698,1
0.93,PINN Conservative,0.25186259876023065,0.004786986097961234,0.00343510440635711,0.00542303853068915,-0.0009557753801345825,0.5962867140769958,1.1937418580055237,0.5968784048803778,0.0,0.0009557873513320778,1
0.935,PINN Conservative,0.2518684575641835,0.004810359357805786,0.003469237698567788,0.005483680825577042,-0.0009549111127853394,0.5953126549720764,1.1917982548475266,0.5959065911294518,0.0,0.0009549230731577858,1
0.9400000000000001,PINN Conservative,0.25187426521344947,0.004833528539855704,0.0035036585092641237,0.005544922756091086,-0.0009530782699584961,0.594344973564148,1.1898662894964218,0.5949405963548544,0.0,0.0009530902073743736,1
0.9450000000000001,PINN Conservative,0.25188000964837987,0.004856445533045496,0.0035383359370861783,0.005606434086330436,-0.0009514987468719482,0.5933823585510254,1.1879449635744095,0.5939799213614332,0.0,0.0009515106645041158,1
0.9500000000000001,PINN Conservative,0.25188570028101953,0.004879147886023453,0.0035732984177448235,0.0056681637479248925,-0.0009489506483078003,0.5924254655838013,1.186034455895424,0.5930246555572752,0.0,0.0009489625340247379,1
0.9550000000000001,PINN Conservative,0.251891327550163,0.004901597455076122,0.0036085367380007164,0.005730222117032668,-0.00094623863697052,0.5914741158485413,1.1841344386339188,0.5920746350275544,0.0,0.000946250488719201,1
0.96,PINN Conservative,0.2518968847212013,0.004923767372984831,0.0036440392694265713,0.005792604665064149,-0.0009429752826690674,0.5905283689498901,1.1822457015514374,0.5911302546579882,0.0,0.0009429870935438573,1
0.965,PINN Conservative,0.25190237427020334,0.004945667517841367,0.0036798149494690477,0.00585491470937638,-0.0009395480155944824,0.5895874500274658,1.1803660988807678,0.5901904415515327,0.0,0.0009395597835423547,1
0.97,PINN Conservative,0.2519078101959076,0.004967353736564969,0.0037158732043176316,0.005918051983146655,-0.0009356886148452759,0.5886523723602295,1.1784980297088623,0.5892563952666884,0.0,0.0009357003344537061,1
0.975,PINN Conservative,0.2519131704672679,0.0049887381379462295,0.003752200760427341,0.0059809780662146705,-0.0009309947490692139,0.5877227783203125,1.176639974117279,0.5883273558347158,0.0,0.0009310064098864307,1
0.98,PINN Conservative,0.25191845931299217,0.005009837592098515,0.003788795751609406,0.006044263485360912,-0.0009265989065170288,0.5867983102798462,1.174792543053627,0.5874036287332457,0.0,0.0009266105122758078,1
0.985,PINN Conservative,0.251923674331592,0.0050306425184638345,0.0038256673286662752,0.006107941952414597,-0.0009212642908096313,0.5858790874481201,1.1729546934366226,0.5864846924151037,0.0,0.0009212758297517299,1
0.99,PINN Conservative,0.2519288226678684,0.005051181420690892,0.0038628199588822605,0.006171764132729796,-0.0009158551692962646,0.5849650502204895,1.1711266934871674,0.5855706809924204,0.0,0.0009158666404884888,1
0.995,PINN Conservative,0.2519338934256269,0.005071410829227287,0.003900249809005531,0.0062357493673628195,-0.0009098351001739502,0.5840564966201782,1.169309362769127,0.5846620042522611,0.0,0.0009098464959641105,1
1.0,PINN Conservative,0.25193888656757735,0.005091330595307118,0.003937944716302363,0.006300318525327864,-0.0009037703275680542,0.5831525921821594,1.1675012558698654,0.583757939479256,0.0,0.000903781647396234,1
1.0050000000000001,PINN Conservative,0.2519437937183423,0.005110907305988725,0.003975912221107679,0.006364699353504921,-0.0008972287178039551,0.5822539329528809,1.1657027155160904,0.5828586580389052,0.0,0.0008972399556977139,1
1.01,PINN Conservative,0.25194862070264995,0.005130164198589289,0.004014153222641498,0.006429489708059566,-0.000890091061592102,0.5813602805137634,1.1639137864112854,0.5819641822832305,0.0,0.0008901022100858889,1
1.0150000000000001,PINN Conservative,0.2519533754483954,0.005149132900852987,0.004052677692569583,0.006494692505327193,-0.0008828341960906982,0.5804720520973206,1.1621354967355728,0.581075026308732,0.0,0.000882845253691403,1
1.02,PINN Conservative,0.2519580306293251,0.00516770439673645,0.004091467493278112,0.006560047517583767,-0.0008750259876251221,0.5795882940292358,1.1603654623031616,0.5801899980075831,0.0,0.0008750369474271101,1
1.025,PINN Conservative,0.2519626167264429,0.005186000287923217,0.004130542841652024,0.006625735432705282,-0.0008672922849655151,0.5787099599838257,1.1586058139801025,0.5793101628261539,0.0,0.0008673031479019804,1
1.03,PINN Conservative,0.25196710645078535,0.0052039117071362665,0.004169884550026437,0.006691288369495729,-0.0008589476346969604,0.5778359174728394,1.1568542420864105,0.5784343659099873,0.0,0.0008589583931157132,1
1.035,PINN Conservative,0.2519715051348503,0.0052214599279763445,0.004209501396268106,0.00675731335508134,-0.0008500814437866211,0.5769672989845276,1.1551129668951035,0.5775637174094969,0.0,0.0008500920911553043,1
1.04,PINN Conservative,0.25197582164624555,0.005238680327101319,0.00424939400755427,0.006823757201608327,-0.0008411407470703125,0.576103150844574,1.1533803939819336,0.5766974201025736,0.0,0.0008411512824557324,1
1.045,PINN Conservative,0.25198003954745385,0.005255507328266286,0.004289567722260724,0.006890002034213638,-0.0008319616317749023,0.5752437114715576,1.1516565531492233,0.5758354888905654,0.0,0.0008319720521908384,1
1.05,PINN Conservative,0.25198416345500135,0.0052719593487568234,0.004330011176563768,0.006956867385357057,-0.0008221417665481567,0.5743891000747681,1.1499415189027786,0.5749779610268415,0.0,0.0008221520639691419,1
1.055,PINN Conservative,0.2519881900948089,0.005288023326879126,0.004370719146662612,0.007023992172339399,-0.0008124858140945435,0.5735390782356262,1.1482359021902084,0.5741251419890329,0.0,0.0008124959905736041,1
1.06,PINN Conservative,0.25199212736493953,0.00530373077136474,0.0044117132234952625,0.007090919593214617,-0.0008022934198379517,0.5726940035820007,1.1465393900871277,0.573276875312987,0.0,0.0008023034686560921,1
1.065,PINN Conservative,0.2519959669795122,0.005319048626311237,0.0044529785280713234,0.007158098289623993,-0.0007918030023574829,0.5718533992767334,1.1448512226343155,0.5724327810143344,0.0,0.0007918129197819276,1
1.07,PINN Conservative,0.2519997108477849,0.005333984508560398,0.004494518752380341,0.007225986288065034,-0.0007810145616531372,0.5710174441337585,1.1431719064712524,0.571593112415988,0.0,0.0007810243439511107,1
1.075,PINN Conservative,0.25200335349555725,0.005348516579199802,0.0045363356418131,0.007293562061292502,-0.0007697492837905884,0.5701857805252075,1.1415002793073654,0.5707572883653824,0.0,0.00076975892498965,1
1.08,PINN Conservative,0.25200689319256425,0.005362637935466574,0.004578429301392203,0.0073616490172280225,-0.0007585436105728149,0.5693590641021729,1.1398387551307678,0.5699265158716921,0.0,0.0007585531114195198,1
1.085,PINN Conservative,0.25201031769270654,0.005376299722463935,0.004620782904238784,0.007429887425164261,-0.0007467865943908691,0.5685365796089172,1.1381845921278,0.5690994240109164,0.0,0.0007467959479795826,1
1.09,PINN Conservative,0.25201366192943697,0.005389641304587309,0.0046634260560881585,0.007498307437297402,-0.0007350444793701172,0.5677184462547302,1.1365391910076141,0.5682767131464036,0.0,0.0007350536858874782,1
1.095,PINN Conservative,0.2520168864124411,0.0054025051381829566,0.004706330452229683,0.007566918995101202,-0.0007230639457702637,0.5669049620628357,1.1349024176597595,0.5674583162220882,0.0,0.0007230730022300516,1
1.1,PINN Conservative,0.25202001113672035,0.0054149709918127065,0.004749512464238506,0.007635487602232538,-0.000710710883140564,0.566095769405365,1.1332735121250153,0.5666438532536008,0.0,0.0007107197848768097,1
1.105,PINN Conservative,0.2520230262651219,0.005426999620891485,0.004792952770311531,0.007704752605140475,-0.0006981939077377319,0.5652907490730286,1.1316528469324112,0.565833510507789,0.0,0.0006982026526974089,1
1.11,PINN Conservative,0.2520259349822282,0.005438603730072539,0.004836675665294823,0.0077740226015100555,-0.0006853044033050537,0.5644902586936951,1.1300402581691742,0.5650272060272398,0.0,0.0006853129868221926,1
1.115,PINN Conservative,0.25202874821406585,0.005449826907921342,0.004880678382912476,0.007843718153855539,-0.0006722509860992432,0.563694179058075,1.1284366250038147,0.5642253794017144,0.0,0.0006722594061208176,1
1.12,PINN Conservative,0.2520314381719829,0.005460558293690951,0.004924936976535619,0.007913079375786447,-0.0006588846445083618,0.5629020929336548,1.126840129494667,0.5634271216489948,0.0,0.0006588928971149574,1
1.125,PINN Conservative,0.25203402059244084,0.005470860666816311,0.004969458711944,0.007982901297862832,-0.0006456375122070312,0.5621142983436584,1.125252440571785,0.5626332672445599,0.0,0.0006456455988917583,1
1.1300000000000001,PINN Conservative,0.25203649616157925,0.005480736764600177,0.0050142614522848605,0.008053045765606948,-0.0006320327520370483,0.5613307952880859,1.1236723959445953,0.5618432350358439,0.0,0.0006320406683205762,1
1.135,PINN Conservative,0.25203885183528857,0.00549013454854376,0.005059318380077257,0.00812334922022473,-0.0006181895732879639,0.5605512261390686,1.1221001893281937,0.561057121881608,0.0,0.0006181973161840723,1
1.1400000000000001,PINN Conservative,0.25204110337240443,0.005499116887342253,0.005104648792743324,0.008193619568632626,-0.000604286789894104,0.5597761869430542,1.1205364912748337,0.5602752630621782,0.0,0.0006042943586562379,1
1.145,PINN Conservative,0.252043242718245,0.005507651647445456,0.005150240167680418,0.008264154122978762,-0.0005900263786315918,0.559004545211792,1.1189790964126587,0.5594965558778151,0.0,0.0005900337687804205,1
1.1500000000000001,PINN Conservative,0.2520452712152575,0.0055157441844458106,0.00519610163665147,0.008334893609495464,-0.0005755871534347534,0.5582376718521118,1.1174307763576508,0.5587223861538669,0.0,0.0005755943627306117,1
1.155,PINN Conservative,0.25204720026678273,0.005523439991118238,0.005242229861046788,0.008405835056393807,-0.0005612671375274658,0.557474672794342,1.1158900558948517,0.5579520162736161,0.0,0.000561274167463464,1
1.16,PINN Conservative,0.25204899759442956,0.00553061029523712,0.005288611923585316,0.008476984503128837,-0.000546768307685852,0.5567154288291931,1.1143567562103271,0.5571853568289757,0.0,0.0005467751560223247,1
1.165,PINN Conservative,0.2520506775176322,0.005537312223113602,0.005335252977614421,0.008548395866249558,-0.0005319714546203613,0.5559606552124023,1.1128318011760712,0.5564228697617284,0.0,0.0005319781176245331,1
1.17,PINN Conservative,0.2520522569810545,0.005543613374215556,0.0053821534792065275,0.008619759596137366,-0.0005171000957489014,0.5552093386650085,1.1113137006759644,0.5556638100044825,0.0,0.0005171065724875783,1
1.175,PINN Conservative,0.2520537142668878,0.0055494271069710995,0.005429309150507502,0.008691709520918245,-0.0005021244287490845,0.5544623136520386,1.1098037958145142,0.5549088481178907,0.0,0.0005021307179157953,1
1.18,PINN Conservative,0.2520550624043256,0.005554805400372708,0.005476723773234233,0.008763626858598772,-0.00048689544200897217,0.5537189245223999,1.1083007603883743,0.5541573209919742,0.0,0.00048690154043085765,1
1.185,PINN Conservative,0.252056298857635,0.005559738138303104,0.005524403209495962,0.00883547133313145,-0.0004716813564300537,0.5529794096946716,1.1068055778741837,0.5534097203712117,0.0,0.00047168726429375267,1
1.19,PINN Conservative,0.25205741428935136,0.005564188069646691,0.005572316753742857,0.00890761972349774,-0.0004565715789794922,0.5522438883781433,1.1053179204463959,0.5526658823407768,0.0,0.00045657729759147604,1
1.195,PINN Conservative,0.2520584184471313,0.005568194081949534,0.0056204938129929384,0.00897992248038515,-0.0004408806562423706,0.5515123009681702,1.1038378328084946,0.5519258292526916,0.0,0.0004408861783237272,1
1.2,PINN Conservative,0.2520593055659109,0.005571733175920831,0.0056689200976723225,0.009052928635237212,-0.0004255920648574829,0.5507844686508179,1.1023653000593185,0.5511895536562819,0.0,0.0004255973954474591,1
1.205,PINN Conservative,0.25206008040391886,0.005574824334157831,0.005717597052570772,0.0091251882383373,-0.0004098266363143921,0.5500602126121521,1.1008997857570648,0.5504567873272866,0.0,0.0004098317694405472,1
1.21,PINN Conservative,0.2520607457504616,0.005577478684389628,0.005766515160628469,0.009198330035600555,-0.00039418041706085205,0.5493401885032654,1.0994422137737274,0.5497279922074889,0.0,0.0003941853542162962,1
1.215,PINN Conservative,0.2520612867938744,0.005579637136588427,0.005815680578657045,0.00927133165445948,-0.000378534197807312,0.5486236810684204,1.097991868853569,0.5490028106645405,0.0,0.00037853893899204524,1
1.22,PINN Conservative,0.252061726064892,0.005581389575434223,0.005865094033894416,0.009344679353745167,-0.0003641098737716675,0.5479103922843933,1.0965474843978882,0.5482806093911586,0.0,0.0003641144342900691,1
1.225,PINN Conservative,0.25206205191405806,0.00558268952629266,0.005914748940408589,0.009418032552185873,-0.00036215782165527344,0.5472010374069214,1.0951110571622849,0.5475623867776481,0.0,0.00036216235772399584,1
1.23,PINN Conservative,0.25206225626431666,0.005583504766353952,0.005964641363763001,0.00949158445870446,-0.0003603994846343994,0.5464954376220703,1.0936825722455978,0.546848135373335,0.0,0.0003604039986797467,1
1.235,PINN Conservative,0.25206235336797966,0.005583892154149378,0.006014770411650608,0.009565440026118588,-0.00035822391510009766,0.5457932353019714,1.0922598093748093,0.5461367450278057,0.0,0.0003582284018961842,1
1.24,PINN Conservative,0.2520623282493056,0.005583791945079223,0.006065135463560799,0.009639198792313008,-0.0003566443920135498,0.5450947284698486,1.0908453315496445,0.5454294972569739,0.0,0.0003566488590259265,1
1.245,PINN Conservative,0.25206220607171664,0.005583304526733034,0.006115739300021195,0.009713264120452814,-0.0003544837236404419,0.5444002151489258,1.0894381254911423,0.5447258854150132,0.0,0.0003544881635901966,1
1.25,PINN Conservative,0.2520619672578615,0.005582351796732941,0.006166584118446391,0.009787517039557492,-0.00035244226455688477,0.5437085032463074,1.0880368947982788,0.5440252612932931,0.0,0.0003524466789371276,1
1.2550000000000001,PINN Conservative,0.2520616209885857,0.005580970381375002,0.006217655665274855,0.009861849613855944,-0.0003506988286972046,0.5430207848548889,1.0866438299417496,0.543328720140879,0.0,0.0003507032212407111,1
1.26,PINN Conservative,0.25206115530865325,0.005579112586140161,0.006268939727569186,0.009936409391129275,-0.0003485679626464844,0.542336106300354,1.085256204009056,0.5426348984844444,0.0,0.00034857232850064645,1
1.2650000000000001,PINN Conservative,0.25206058533550857,0.005576838720941356,0.006320469465166528,0.0100108826693448,-0.0003465414047241211,0.5416555404663086,1.0838774591684341,0.5419455174296639,0.0,0.0003465457451954101,1
1.27,PINN Conservative,0.2520599109871132,0.005574148458492404,0.006372223780526336,0.01008580228416689,-0.0003444850444793701,0.5409777164459229,1.0825036764144897,0.5412586174492975,0.0,0.00034448935919450857,1
1.2750000000000001,PINN Conservative,0.2520591160869813,0.005570977263913486,0.006424186979936766,0.010160763906996495,-0.00034248828887939453,0.5403035879135132,1.0811376422643661,0.5405755918193677,0.0,0.0003424925785849375,1
1.28,PINN Conservative,0.2520582177736857,0.005567393510258582,0.006476378961993308,0.01023597162726253,-0.000340387225151062,0.5396329760551453,1.0797783732414246,0.5398959487953957,0.0,0.0003403914885405381,1
1.285,PINN Conservative,0.2520572157414468,0.005563395977642547,0.00652879141656134,0.010311135313713415,-0.0003388524055480957,0.53896564245224,1.0784264504909515,0.5392199789536646,0.0,0.00033885664971377823,1
1.29,PINN Conservative,0.2520561092668348,0.005558981779996501,0.00658142793545247,0.010386761806252642,-0.00033693015575408936,0.5383017063140869,1.0770809948444366,0.5385472427044131,0.0,0.00033693437584337026,1
1.295,PINN Conservative,0.25205489417334814,0.005554134255479959,0.006634275327054926,0.010462251034191739,-0.0003350973129272461,0.5376411080360413,1.0757421851158142,0.5378778294557284,0.0,0.000335101510059958,1
1.3,PINN Conservative,0.2520535785007525,0.005548885478136361,0.006687336126849653,0.010538043595865632,-0.00033329427242279053,0.5369836688041687,1.0744099020957947,0.5372116796022189,0.0,0.00033329844697221097,1
1.305,PINN Conservative,0.2520521569463823,0.005543214293378257,0.006740609409015799,0.010614034795483174,-0.0003315061330795288,0.5363297462463379,1.073084607720375,0.5365490241147762,0.0,0.0003315102852322966,1
1.31,PINN Conservative,0.25205063230700203,0.005537131858688452,0.006794089113201191,0.010689830211013662,-0.00032983720302581787,0.535679042339325,1.0717661082744598,0.5358897661346393,0.0,0.0003298413342750431,1
1.315,PINN Conservative,0.25204901079515796,0.005530662958555008,0.006847788477621785,0.010766291795730853,-0.0003287196159362793,0.5350313782691956,1.0704542994499207,0.5352338535070909,0.0,0.00032872373318759663,1
1.32,PINN Conservative,0.25204727709203867,0.005523746479726498,0.006901676097579547,0.010842548387370421,-0.0003275573253631592,0.5343868732452393,1.069148764014244,0.5345810776132612,0.0,0.0003275614280566523,1
1.325,PINN Conservative,0.252045462610903,0.0055165077430477626,0.00695578940698312,0.010918865079909523,-0.00032588839530944824,0.5337458848953247,1.0678499191999435,0.53393164707202,0.0,0.0003258924770993988,1
1.33,PINN Conservative,0.25204353186640294,0.005508805182379025,0.007010087755307327,0.010995553119754642,-0.0003247559070587158,0.5331080555915833,1.0665578246116638,0.5332855916860628,0.0,0.00032475997466411974,1
1.335,PINN Conservative,0.2520415093656536,0.005500736567021705,0.007064593651623999,0.011072332473015367,-0.00032360851764678955,0.5324732065200806,1.0652720928192139,0.532642717737868,0.0,0.00032361257088100797,1
1.34,PINN Conservative,0.2520393891869722,0.005492278272865459,0.0071192951822225715,0.011149141362603754,-0.00032266974449157715,0.5318415760993958,1.0639928728342056,0.5320030997341745,0.0,0.0003226737859675529,1
1.345,PINN Conservative,0.2520371669674063,0.005483412894238078,0.007174195499126429,0.011226084450645102,-0.00032189488410949707,0.5312133431434631,1.06272092461586,0.5313671176593522,0.0,0.0003218989158802567,1
1.35,PINN Conservative,0.25203486174732836,0.005474216391280499,0.007229292315499552,0.011303225774060732,-0.00032088160514831543,0.5305877327919006,1.0614539682865143,0.5307336315602919,0.0,0.0003208856242276385,1
1.355,PINN Conservative,0.25203245021290965,0.005464595755217915,0.007284577325048127,0.01138079025061478,-0.0003202110528945923,0.5299655795097351,1.0601943284273148,0.5301038037421244,0.0,0.0003202150635751706,1
1.36,PINN Conservative,0.2520299686325921,0.005454695676284698,0.007340066615138431,0.011458130707279301,-0.00031988322734832764,0.5293461084365845,1.058940589427948,0.5294769263908279,0.0,0.000319887233922853,1
1.365,PINN Conservative,0.2520273678579011,0.00544432008032027,0.007395725545569213,0.011535651109980505,-0.0003193318843841553,0.528730034828186,1.0576935857534409,0.5288534167441414,0.0,0.00031933588405304606,1
1.37,PINN Conservative,0.2520246952921301,0.005433658079215791,0.007451590076009544,0.011613454339198026,-0.00031913816928863525,0.528116762638092,1.0564526617527008,0.5282329469724129,0.0,0.000319142166531222,1
1.375,PINN Conservative,0.252021927912314,0.0054226178245748375,0.007507632884457708,0.011691209980148276,-0.0003187209367752075,0.5275065898895264,1.0552178919315338,0.5276155543290117,0.0,0.00031872492879190866,1
1.3800000000000001,PINN Conservative,0.25201907771097887,0.005411247159683033,0.0075638648486894035,0.011769287230421255,-0.00031876564025878906,0.5268991589546204,1.0539890080690384,0.5270011047018076,0.0,0.0003187696328354065,1
1.385,PINN Conservative,0.25201612910828197,0.005399483929923644,0.00762026915785187,0.011847301290391687,-0.000318676233291626,0.526295006275177,1.052767038345337,0.5263901121873006,0.0,0.0003186802247484108,1
1.3900000000000001,PINN Conservative,0.2520131058879085,0.005387423018528543,0.007676864731025846,0.011925663628777228,-0.00031882524490356445,0.5256938338279724,1.0515512526035309,0.5257822117024689,0.0,0.00031882923822673697,1
1.395,PINN Conservative,0.2520099898447862,0.005374991797724709,0.007733637804723397,0.01200410459890544,-0.00031904876232147217,0.5250954627990723,1.050341248512268,0.5251772020791167,0.0,0.00031905275844422627,1
1.4000000000000001,PINN Conservative,0.2520067901299284,0.005362226774794902,0.007790577304650202,0.01208251602652416,-0.00031951069831848145,0.5245001912117004,1.0491380542516708,0.5245755974137443,0.0,0.0003195147002270375,1
1.405,PINN Conservative,0.2520035164835336,0.00534916680753192,0.007847709397618098,0.01216116652834881,-0.00032016634941101074,0.5239076018333435,1.0479402989149094,0.5239767122443513,0.0,0.00032017035953167276,1
1.41,PINN Conservative,0.2520001612461962,0.005335781339310379,0.007905018143639303,0.012240009233199178,-0.0003204941749572754,0.5233179926872253,1.0467485934495926,0.5233808520485682,0.0,0.0003204981891839904,1
1.415,PINN Conservative,0.25199671772805543,0.005322043681431663,0.007962484031572964,0.012319049976890206,-0.0003214925527572632,0.5227311253547668,1.0455631613731384,0.522788128586504,0.0,0.000321496579488776,1
1.42,PINN Conservative,0.2519932077289582,0.005308040802753173,0.008020140770426913,0.012397859907341269,-0.0003225356340408325,0.5221470594406128,1.0443836003541946,0.5221983406899628,0.0,0.00032253967383705933,1
1.425,PINN Conservative,0.25198961697421873,0.005293715755484266,0.00807795637811877,0.01247689037088101,-0.0003236830234527588,0.5215659737586975,1.0432102382183075,0.5216116522737708,0.0,0.0003236870776201711,1
1.43,PINN Conservative,0.2519859348883381,0.005279026349463784,0.008135933992192175,0.012556537198694151,-0.0003248155117034912,0.5209879279136658,1.0420429855585098,0.5210280186338846,0.0,0.0003248195800554502,1
1.435,PINN Conservative,0.25198219685225154,0.005264113734284628,0.008194091608066471,0.012635879011714202,-0.00032611191272735596,0.5204122066497803,1.0408809185028076,0.5204469778285211,0.0,0.0003261159973168881,1
1.44,PINN Conservative,0.2519783745403285,0.005248864906963809,0.008252406072377563,0.012715424910088036,-0.0003272742033004761,0.5198396444320679,1.0397250801324844,0.5198690514048547,0.0,0.0003272783024478325,1
1.445,PINN Conservative,0.2519744824211638,0.005233337588877414,0.008310890198440266,0.012795049378277634,-0.00032870471477508545,0.5192697644233704,1.0385751128196716,0.5192940605467113,0.0,0.00032870883183976405,1
1.45,PINN Conservative,0.2519705225680922,0.0052175400514391426,0.00836953490305379,0.01287508776876567,-0.00033038854598999023,0.5187024474143982,1.0374308973550797,0.5187219456486997,0.0,0.0003303926841448501,1
1.455,PINN Conservative,0.2519664930047335,0.0052014644100282365,0.008428350372135978,0.01295500470658878,-0.0003322511911392212,0.5181379318237305,1.0362922698259354,0.5181526247534065,0.0,0.00033225535262392756,1
1.46,PINN Conservative,0.25196238936813503,0.005185093258971596,0.00848731652403005,0.013035028783347724,-0.0003339052200317383,0.5175763964653015,1.0351599901914597,0.5175864778452018,0.0,0.00033390940223334837,1
1.465,PINN Conservative,0.2519582138957085,0.005168435524255733,0.008546442354585161,0.013115414196656017,-0.00033573806285858154,0.5170171856880188,1.0340325385332108,0.517022744955346,0.0,0.0003357422680167606,1
1.47,PINN Conservative,0.25195398261477875,0.005151555145693532,0.00860574258788798,0.013195650375473211,-0.00033767521381378174,0.5164607167243958,1.0329109728336334,0.516461955081687,0.0,0.00033767944323500124,1
1.475,PINN Conservative,0.25194967915495114,0.005134386814820841,0.008665180841791718,0.013276129682212645,-0.00034011900424957275,0.5159069895744324,1.0317958146333694,0.5159043689978121,0.0,0.00034012326427955094,1
1.48,PINN Conservative,0.2519453147181997,0.005116975221074536,0.00872478684364523,0.013356659365753532,-0.00034193694591522217,0.5153562426567078,1.0306857526302338,0.5153493310444166,0.0,0.00034194122871513056,1
1.485,PINN Conservative,0.251940881137972,0.0050992877846049375,0.008784542161214964,0.013437427179462391,-0.0003440380096435547,0.5148076415061951,1.0295808613300323,0.5147968784748701,0.0,0.00034404231875952997,1
1.49,PINN Conservative,0.2519363999829159,0.005081410551918546,0.008844465912751674,0.013518084372421857,-0.00034630298614501953,0.5142618417739868,1.0284817963838577,0.5142473391188248,0.0,0.0003463073236300882,1
1.495,PINN Conservative,0.25193184424001536,0.005063235756609519,0.008904527760443818,0.013599142986520096,-0.0003487318754196167,0.5137189626693726,1.0273889750242233,0.5137009215951505,0.0,0.00034873624332680525,1
1.5,PINN Conservative,0.2519272280347956,0.005044819751403558,0.008964736482018192,0.013680328786302987,-0.0003511756658554077,0.5131783485412598,1.0263007581233978,0.5131568063297163,0.0,0.00035118006437135496,1
1.5050000000000001,PINN Conservative,0.25192255983213047,0.00502619630628111,0.009025113106618106,0.013761499213891248,-0.0003537684679031372,0.5126402974128723,1.0252182930707932,0.5126155670244138,0.0,0.00035377289889423083,1
1.51,PINN Conservative,0.25191783563451126,0.005007349473480594,0.00908563761465142,0.013842973838270767,-0.0003561079502105713,0.5121049284934998,1.0241409838199615,0.5120769056522864,0.0,0.0003561124105039522,1
1.5150000000000001,PINN Conservative,0.25191305814174797,0.004988290023691874,0.009146307862582574,0.013924331664453005,-0.0003586411476135254,0.5115717053413391,1.0230684727430344,0.5115406433971599,0.0,0.00035864563963549756,1
1.52,PINN Conservative,0.2519082166440971,0.004968975231194948,0.00920712387901709,0.014005955840277529,-0.00036112964153289795,0.5110417008399963,1.0220025777816772,0.5110076892412523,0.0,0.00036113416472354507,1
1.5250000000000001,PINN Conservative,0.25190332316391695,0.004949453058288072,0.009268092801967982,0.014087599919915483,-0.00036375224590301514,0.5105138421058655,1.020941361784935,0.5104770745969545,0.0,0.0003637568019420862,1
1.53,PINN Conservative,0.25189838102749273,0.004929736774937492,0.009329208598619673,0.014169402569859768,-0.00036650896072387695,0.5099884271621704,1.0198852121829987,0.5099489931817882,0.0,0.0003665135512911209,1
1.5350000000000001,PINN Conservative,0.2518933805468323,0.004909787731623519,0.009390467751323914,0.014251579943337034,-0.0003689974546432495,0.5094655752182007,1.018834412097931,0.5094235865585578,0.0,0.00036900207637916845,1
1.54,PINN Conservative,0.2518883368990443,0.004889666476285022,0.00945187773500413,0.014333725117931184,-0.0003717392683029175,0.5089452862739563,1.0177890360355377,0.508900891980633,0.0,0.0003717439243803705,1
1.545,PINN Conservative,0.25188323918793415,0.004869329539369603,0.009513427922952459,0.014415786289195431,-0.00037419795989990234,0.5084273219108582,1.016748383641243,0.5083805592663396,0.0,0.0003742026467727528,1
1.55,PINN Conservative,0.2518780972431968,0.004848816135709289,0.009575126657887456,0.014497774190370682,-0.0003773719072341919,0.5079119801521301,1.0157137662172318,0.5078632440749824,0.0,0.0003773766338611009,1
1.555,PINN Conservative,0.25187290475533175,0.004828101094023963,0.00963696832605896,0.014580581634067558,-0.00037974119186401367,0.5073990225791931,1.0146832764148712,0.5073479927203001,0.0,0.00037974594816648745,1
1.56,PINN Conservative,0.2518676742463857,0.0048072343700818025,0.009698960524569318,0.01466327154657654,-0.00038264691829681396,0.506888210773468,1.0136580914258957,0.5068353938055318,0.0,0.00038265171099384834,1
1.565,PINN Conservative,0.251862380314279,0.004786114624187538,0.009761076331555932,0.01474590606258902,-0.0003852546215057373,0.5063803195953369,1.0126387476921082,0.5063257155549388,0.0,0.00038525944686455685,1
1.57,PINN Conservative,0.25185705262708946,0.004764860214916816,0.009823348954984247,0.014828767823994726,-0.0003879815340042114,0.5058745741844177,1.0116236954927444,0.5058181830984336,0.0,0.0003879863935179263,1
1.575,PINN Conservative,0.2518516786553122,0.004743421156747747,0.0098857594554909,0.014911608187945902,-0.0003905296325683594,0.5053715705871582,1.0106144845485687,0.5053135713061038,0.0,0.0003905345239973043,1
1.58,PINN Conservative,0.2518462766562257,0.004721870285726236,0.00994832090505664,0.014994964716536274,-0.0003933757543563843,0.5048705339431763,1.0096094459295273,0.5048110457024704,0.0,0.0003933806814333347,1
1.585,PINN Conservative,0.25184081910966755,0.004700097812224136,0.010011012391240262,0.015078254708695893,-0.00039586424827575684,0.5043718218803406,1.0086091756820679,0.5043109043144902,0.0,0.00039586920652138227,1
1.59,PINN Conservative,0.25183532512313256,0.0046781799641620325,0.010073848717983157,0.015161683119149949,-0.00039856135845184326,0.5038754940032959,1.0076140016317368,0.5038133110569895,0.0,0.00039856635047908645,1
1.595,PINN Conservative,0.2518297975381335,0.0046561280775423465,0.01013682829315152,0.015245071635112128,-0.00040067732334136963,0.5033817291259766,1.0066237300634384,0.5033181690712072,0.0,0.0004006823418713185,1
1.6,PINN Conservative,0.2518242223111836,0.004633886126925779,0.010199948198201124,0.01532885102710907,-0.0004029124975204468,0.5028899908065796,1.0056378096342087,0.5028252026822084,0.0,0.0004029175440462115,1
1.605,PINN Conservative,0.2518186100177817,0.004611496302473269,0.010263200120469457,0.015412370416338805,-0.0004058927297592163,0.5024006366729736,1.0046574622392654,0.5023350228452544,0.0,0.0004058978136127355,1
1.61,PINN Conservative,0.2518129700326824,0.004588996004066536,0.010326603249048487,0.015496268391468337,-0.000407978892326355,0.5019136071205139,1.0036811530590057,0.5018468621409317,0.0,0.0004079840023093023,1
1.615,PINN Conservative,0.2518072857170014,0.004566318852122409,0.010390128819077714,0.015580266101634599,-0.00040978193283081055,0.5014286041259766,1.0027088075876236,0.5013606833158707,0.0,0.0004097870653970493,1
1.62,PINN Conservative,0.25180157213597687,0.004543524948280721,0.010453808688514112,0.01566453687403413,-0.00041209161281585693,0.5009463429450989,1.0017429888248444,0.5008777678859851,0.0,0.0004120967743111054,1
1.625,PINN Conservative,0.2517958216003708,0.0045205836169019045,0.010517618976820823,0.015748874025131254,-0.00041425228118896484,0.5004662871360779,1.0007812976837158,0.5003969162927743,0.0,0.0004142574697468353,1
1.6300000000000001,PINN Conservative,0.2517900442307418,0.004497535233197257,0.010581571044791209,0.015833214416651253,-0.00041624903678894043,0.499988317489624,0.9998241066932678,0.4999183148030862,0.0,0.00041625425035640636,1
1.635,PINN Conservative,0.25178422630429864,0.0044743250511180555,0.010645658832200191,0.015917828079863583,-0.0004179924726486206,0.49951255321502686,0.9988710582256317,0.49944178460074684,0.0,0.0004179977080528229,1
1.6400000000000001,PINN Conservative,0.2517783858098306,0.004451024835592735,0.010709887991926917,0.01600248312685948,-0.0004198700189590454,0.4990391135215759,0.9979231655597687,0.49896783233158254,0.0,0.000419875277879733,1
1.645,PINN Conservative,0.2517725102327488,0.004427584660605945,0.01077425551770051,0.016087276367852066,-0.0004215836524963379,0.4985678791999817,0.9969793260097504,0.49849590664572346,0.0,0.0004215889328804843,1
1.6500000000000001,PINN Conservative,0.2517666062330818,0.004404031095842559,0.01083875693088569,0.01617242012941955,-0.0004230886697769165,0.49809879064559937,0.9960404187440872,0.4980264471329307,0.0,0.00042309396901157897,1
1.655,PINN Conservative,0.25176067749510056,0.00438037883942641,0.010903401443999728,0.016257476526072956,-0.00042432546615600586,0.49763208627700806,0.9951059967279434,0.4975592302729867,0.0,0.0004243307808816864,1
1.6600000000000001,PINN Conservative,0.25175472094609336,0.004356615633003732,0.01096818745243126,0.016342600026467535,-0.00042557716369628906,0.4971674084663391,0.9941757023334503,0.49709407724971755,0.0,0.0004255824940996265,1
1.665,PINN Conservative,0.2517487338116696,0.004332730408351084,0.011033100677047799,0.016428035380051387,-0.0004268139600753784,0.49670499563217163,0.9932502806186676,0.49663136059681906,0.0,0.0004268193059697339,1
1.67,PINN Conservative,0.25174272853183793,0.0043087727939515675,0.011098161394815889,0.016513610064722073,-0.000427931547164917,0.49624454975128174,0.9923287481069565,0.4961705885698127,0.0,0.0004279369070571804,1
1.675,PINN Conservative,0.2517366881321023,0.0042846750713240135,0.011163350769214861,0.01659938983722964,-0.0004289001226425171,0.4957861304283142,0.9914113432168961,0.49571188037948116,0.0,0.00042890549466630075,1
1.68,PINN Conservative,0.25173063025818215,0.004260507636745146,0.011228688158787017,0.016685202401283517,-0.00042982399463653564,0.4953300952911377,0.9904990792274475,0.49525574267165073,0.0,0.00042982937823192317,1
1.685,PINN Conservative,0.2517245472282976,0.004236239844329335,0.01129415524146729,0.01677127839438064,-0.0004304051399230957,0.49487632513046265,0.9895909428596497,0.49480166880049514,0.0,0.00043041053079739534,1
1.69,PINN Conservative,0.2517184480368435,0.004211907576541351,0.011359769385228305,0.01685760541543546,-0.00043082237243652344,0.4944244623184204,0.988686814904213,0.49434959916062304,0.0,0.0004308277685367087,1
1.695,PINN Conservative,0.2517123137776916,0.00418743540879777,0.011425504065588734,0.016943808143068284,-0.00043126940727233887,0.4939747452735901,0.9877872467041016,0.4938998094269693,0.0,0.0004312748089716873,1
1.7,PINN Conservative,0.251706170688222,0.004162928013162668,0.011491395302991203,0.01703021241590469,-0.00043144822120666504,0.49352705478668213,0.9868914037942886,0.49345188236179466,0.0,0.00043145362514567876,1
1.705,PINN Conservative,0.2516999917927089,0.004138277771997213,0.011557409297355466,0.017116816163918247,-0.0004314929246902466,0.49308162927627563,0.9860004335641861,0.4930063916669907,0.0,0.0004314983291891766,1
1.71,PINN Conservative,0.25169380811659303,0.0041136084589747015,0.011623572578180294,0.017203667238420206,-0.0004313439130783081,0.4926382899284363,0.9851134419441223,0.4925628903021223,0.0,0.0004313493157108504,1
1.715,PINN Conservative,0.25168760194703266,0.004088849410038984,0.01168987589411709,0.017290654106729142,-0.00043113529682159424,0.49219655990600586,0.9842299073934555,0.49212111749360254,0.0,0.00043114069684119374,1
1.72,PINN Conservative,0.2516813769310086,0.004064015174547104,0.011756306692307063,0.017377602149714455,-0.0004306286573410034,0.4917573928833008,0.9833516031503677,0.4916819598716274,0.0,0.00043063405101488464,1
1.725,PINN Conservative,0.2516751391020743,0.004039129822908662,0.011822894297360068,0.01746494210919164,-0.00043004751205444336,0.49132007360458374,0.9824765771627426,0.49124444139791384,0.0,0.00043005289844941246,1
1.73,PINN Conservative,0.2516688846044235,0.004014177972673528,0.011889605792482208,0.01755238274204396,-0.0004291832447052002,0.4908847212791443,0.9816054403781891,0.49080886755009245,0.0,0.0004291886202751205,1
1.735,PINN Conservative,0.2516626036232775,0.003989120468516657,0.011956461759479047,0.017640087233029678,-0.00042842328548431396,0.49045127630233765,0.9807388782501221,0.49037558105916335,0.0,0.00042842865153565687,1
1.74,PINN Conservative,0.2516563156464914,0.003964035055776912,0.01202345054077816,0.017727882642426696,-0.00042723119258880615,0.49002009630203247,0.9798763394355774,0.4899443062501917,0.0,0.0004272365437090473,1
1.745,PINN Conservative,0.25165001719861896,0.003938907869422219,0.012090591719740291,0.01781583441336687,-0.00042575597763061523,0.4895906448364258,0.9790172278881073,0.4895147450962207,0.0,0.0004257613102736179,1
1.75,PINN Conservative,0.2516437038570434,0.00391372126575355,0.012157870134892947,0.017903985592962635,-0.0004240870475769043,0.489163339138031,0.9781623333692551,0.4890872924829681,0.0,0.00042409235931636447,1
1.7550000000000001,PINN Conservative,0.2516373723327696,0.003888462123571445,0.01222527867360763,0.017992412666233915,-0.00042285025119781494,0.48873817920684814,0.9773122072219849,0.48866222408536875,0.0,0.00042285554744625703,1
1.76,PINN Conservative,0.2516310256686774,0.003863142582216816,0.012292829715726749,0.01808083905644492,-0.00042097270488739014,0.488314688205719,0.9764652699232101,0.4882387501319874,0.0,0.0004209779776193469,1
1.7650000000000001,PINN Conservative,0.25162466861553734,0.0038377815945334222,0.01236052352394385,0.018169730074105772,-0.00041897594928741455,0.487893283367157,0.9756221920251846,0.4878172059031504,0.0,0.0004189811970097758,1
1.77,PINN Conservative,0.2516183050739037,0.003812394721490565,0.01242835685825258,0.018258569986698947,-0.00041687488555908203,0.48747390508651733,0.9747834950685501,0.48739785217244486,0.0,0.0004168801069653764,1
1.7750000000000001,PINN Conservative,0.25161194374730755,0.0037870166851739677,0.012496347616707914,0.01834779649293794,-0.0004146844148635864,0.48705625534057617,0.9739480316638947,0.48698011523797907,0.0,0.00041468960883398126,1
1.78,PINN Conservative,0.2516055415357436,0.00376147554133853,0.012564449333482105,0.01843716037436488,-0.0004121512174606323,0.4866408705711365,0.9731168299913406,0.4865645091962534,0.0,0.0004121563797024359,1
1.7850000000000001,PINN Conservative,0.25159916008735916,0.00373601723065364,0.012632721494423037,0.018526778012168177,-0.00040903687477111816,0.48622727394104004,0.9722892045974731,0.4861506913162676,0.0,0.0004090419980054183,1
1.79,PINN Conservative,0.25159275285653526,0.0037104560628563096,0.01270111732829579,0.018616653399933514,-0.0004062652587890625,0.4858155846595764,0.9714659154415131,0.4857390415823915,0.0,0.000406270347308551,1
1.795,PINN Conservative,0.25158634496940385,0.003684892276769298,0.01276965741194445,0.018706727148458446,-0.00040300190448760986,0.48540568351745605,0.970645546913147,0.48532885218060295,0.0,0.0004030069521332072,1
1.8,PINN Conservative,0.2515799319063937,0.00365930784190152,0.012838342837814216,0.018797009596266956,-0.00039996206760406494,0.48499763011932373,0.9698292016983032,0.48492067446077186,0.0,0.00039996707717535274,1
1.805,PINN Conservative,0.25157351002052386,0.0036336882088952686,0.012907171359672415,0.018887699969393157,-0.0003961324691772461,0.484591543674469,0.96901635825634,0.48451424764931106,0.0,0.00039613743078236943,1
1.81,PINN Conservative,0.25156707797680533,0.00360802805191204,0.012976135683135458,0.018978236221347478,-0.0003926306962966919,0.48418736457824707,0.968207836151123,0.484109981533286,0.0,0.0003926356140417037,1
1.815,PINN Conservative,0.25156063460432615,0.0035823226996861365,0.013045241613035951,0.019071636238855327,-0.0003887563943862915,0.4837850332260132,0.9674023985862732,0.4837072577067616,0.0,0.0003887612636052225,1
1.82,PINN Conservative,0.25155420424612435,0.0035566692669457274,0.013114502309439148,0.01917436995395827,-0.0003848224878311157,0.48338478803634644,0.9666015654802322,0.48330683613847736,0.0,0.00038482730777741084,1
1.825,PINN Conservative,0.2515477799140178,0.003531039874861207,0.013183917077702629,0.019277008764393755,-0.00038048624992370605,0.4829857349395752,0.9658027589321136,0.4829074278618457,0.0,0.00038049101555811843,1
1.83,PINN Conservative,0.25154131946263014,0.0035052663876083646,0.01325344907538015,0.019380323530628463,-0.00037619471549987793,0.48258906602859497,0.9650088846683502,0.48251048575828037,0.0,0.0003761994273823239,1
1.835,PINN Conservative,0.2515348727862398,0.003479547854676244,0.01332313737008286,0.019483725064839807,-0.00037141144275665283,0.482194185256958,0.9642180949449539,0.4821150859442157,0.0,0.0003714160947280529,1
1.84,PINN Conservative,0.25152842393210223,0.0034538206337844306,0.013392973231733999,0.019587463482680978,-0.00036659836769104004,0.48180091381073,0.9634306728839874,0.4817213699824562,0.0,0.0003666029593781166,1
1.845,PINN Conservative,0.25152196473366506,0.0034280521450836886,0.013462941633227445,0.019691449437918174,-0.00036194920539855957,0.4814097285270691,0.9626478850841522,0.4813299711802846,0.0,0.0003619537388543392,1
1.85,PINN Conservative,0.2515155225022658,0.0034023513451106268,0.013533078942253392,0.019795492772373247,-0.0003570765256881714,0.4810199737548828,0.9618674367666245,0.4809397421339178,0.0,0.00035708099811307246,1
1.855,PINN Conservative,0.2515090741403587,0.0033766260879356863,0.013603348592689447,0.01990003174429439,-0.0003515183925628662,0.4806322455406189,0.9610908925533295,0.4805514651641172,0.0,0.0003515227953715052,1
1.86,PINN Conservative,0.2515026164559034,0.0033508636391521305,0.013673757064724065,0.0200049147733406,-0.0003460496664047241,0.48024630546569824,0.9603180140256882,0.4801650210600999,0.0,0.00034605400071693366,1
1.865,PINN Conservative,0.2514961609417373,0.0033251098485752193,0.013744315376458918,0.020109647033710654,-0.0003404170274734497,0.4798622131347656,0.9595486670732498,0.47978034276580084,0.0,0.0003404212912362033,1
1.87,PINN Conservative,0.2514897119682711,0.0032993821516306564,0.013815016756812988,0.020214892320691402,-0.0003346055746078491,0.47947949171066284,0.9587818086147308,0.4793969087340458,0.0,0.00033460976558148155,1
1.875,PINN Conservative,0.2514832683049284,0.003273675639026591,0.013885874939467711,0.02032021104769388,-0.00032836198806762695,0.4790990352630615,0.9580196589231491,0.47901582911524826,0.0,0.00032836610083961375,1
1.8800000000000001,PINN Conservative,0.25147682493244916,0.003247970286800466,0.01395688154340012,0.020426050816492236,-0.00032275915145874023,0.47872012853622437,0.9572609513998032,0.47863647060212544,0.0,0.00032276319405454863,1
1.885,PINN Conservative,0.25147038009819445,0.0032222591029304826,0.014028021922150323,0.020531848689674614,-0.00031620264053344727,0.4783426523208618,0.9565042704343796,0.4782581253806552,0.0,0.0003162066010081959,1
1.8900000000000001,PINN Conservative,0.2514639398058852,0.003196566038812057,0.014099318726016882,0.020638142103607537,-0.000309869647026062,0.47796744108200073,0.9557525813579559,0.47788227613494694,0.0,0.00030987352817933236,1
1.895,PINN Conservative,0.25145750544271667,0.0031708966285565778,0.014170761038341197,0.020744293530087055,-0.00030347704887390137,0.47759366035461426,0.9550039172172546,0.4775079393760437,0.0,0.0003034808499591384,1
1.9000000000000001,PINN Conservative,0.25145108429519264,0.0031452799411257463,0.014242355675841555,0.020850915969256867,-0.00029656291007995605,0.4772215485572815,0.9542579054832458,0.47713492883709757,0.0,0.0002965666245648027,1
1.905,PINN Conservative,0.2514446610445017,0.003119654863267914,0.014314099513475948,0.020957701698511633,-0.00028967857360839844,0.476851224899292,0.953515499830246,0.4767637213612392,0.0,0.0002896822018661323,1
1.9100000000000001,PINN Conservative,0.25143824080685834,0.0030940418057379153,0.014385981069727329,0.02106483092824818,-0.0002826899290084839,0.476482629776001,0.9527766704559326,0.4763943020471207,0.0,0.0002826934697326335,1
1.915,PINN Conservative,0.2514318349557715,0.0030684861422982613,0.014458024092288559,0.02117207490323403,-0.0002751648426055908,0.47611576318740845,0.9520407766103745,0.4760263505157637,0.0,0.00027516828907716044,1
1.92,PINN Conservative,0.25142543314694166,0.0030429466051404654,0.014530209765835609,0.02127950180550875,-0.00026778876781463623,0.47575026750564575,0.9513074159622192,0.4756596655989725,0.0,0.00026779212190001356,1
1.925,PINN Conservative,0.25141903084588124,0.0030174051042655757,0.014602541626655837,0.021387267284013356,-0.00026066601276397705,0.47538697719573975,0.9505797177553177,0.47529581193826953,0.0,0.0002606692776360212,1
1.93,PINN Conservative,0.25141265391706824,0.0029919648240726584,0.014675030389556263,0.021495106778578854,-0.00025263428688049316,0.4750248193740845,0.9498526155948639,0.4749322563045232,0.0,0.0002526374511542391,1
1.935,PINN Conservative,0.25140627675705607,0.0029665236215279532,0.014747667765400874,0.021603242137943346,-0.00024481117725372314,0.4746648073196411,0.949130654335022,0.47457127115327796,0.0,0.00024481424354211355,1
1.94,PINN Conservative,0.2513999124621605,0.0029411337434029163,0.014820458176800916,0.021711510753226693,-0.00023698806762695312,0.4743056297302246,0.9484102576971054,0.4742110683227939,0.0,0.00023699103592998808,1
1.945,PINN Conservative,0.25139354790623364,0.0029157428239132365,0.014893390161360166,0.021820027083000793,-0.0002288520336151123,0.47394901514053345,0.9476946145296097,0.47385324225728925,0.0,0.00022885490001337756,1
1.95,PINN Conservative,0.2513871999668168,0.002890418194746478,0.014966477619757416,0.02192892238997185,-0.0002208501100540161,0.473593533039093,0.9469814747571945,0.4734966679050025,0.0,0.00022085287622726065,1
1.955,PINN Conservative,0.25138086206592,0.002865133613503948,0.015039714999011572,0.0220379561787169,-0.00021272897720336914,0.4732397794723511,0.9462713748216629,0.4731416134901946,0.0,0.00021273164165848277,1
1.96,PINN Conservative,0.25137453081759364,0.0028398755721934675,0.015113096573299973,0.022147009141804008,-0.0002041161060333252,0.47288763523101807,0.9455645531415939,0.47278819822364837,0.0,0.0002041186626112284,1
1.965,PINN Conservative,0.2513682287749466,0.002814734044754395,0.015186647329729536,0.022256397251386117,-0.00019569694995880127,0.4725372791290283,0.9448613077402115,0.4724365711188421,0.0,0.00019569940108579812,1
1.97,PINN Conservative,0.2513619251288213,0.0027895861203589066,0.01526033498232033,0.022365833016552927,-0.00018733739852905273,0.47218823432922363,0.9441606402397156,0.47208623298062324,0.0,0.00018733974495169833,1
1.975,PINN Conservative,0.2513556374056084,0.002764501719230756,0.015334178168642167,0.02247588976454251,-0.00017844140529632568,0.47184085845947266,0.9434632360935211,0.4717375265399921,0.0,0.0001784436402956242,1
1.98,PINN Conservative,0.251349358080147,0.002739450820303629,0.015408173484932465,0.022585921019003252,-0.00016953051090240479,0.47149527072906494,0.9427692294120789,0.47139051885301386,0.0,0.00016953263429171745,1
1.985,PINN Conservative,0.2513431024936226,0.0027144946260887594,0.015482321318610768,0.02269601204305971,-0.00016070902347564697,0.47115087509155273,0.9420777410268784,0.47104477032992753,0.0,0.00016071103637480642,1
1.99,PINN Conservative,0.2513368639263424,0.0026896063288746755,0.01555662614791085,0.022806684005560185,-0.00015185773372650146,0.4708082675933838,0.941389799118042,0.4707007950672332,0.0,0.00015185963576223017,1
1.995,PINN Conservative,0.25133062756664165,0.002664726838633583,0.01563108355830877,0.022917056920005507,-0.00014275312423706055,0.47046709060668945,0.9407045394182205,0.47035816092584387,0.0,0.00014275491223649935,1
2.0,PINN Conservative,0.25132442622989026,0.002639987069827586,0.01570569183087829,0.023027885292115635,-0.00013375282287597656,0.4701277017593384,0.9400228261947632,0.4700173000448466,0.0,0.00013375449814559688,1
2.005,PINN Conservative,0.25131822496026124,0.002615247568801233,0.015780445385973924,0.023138807938714534,-0.00012443959712982178,0.469789981842041,0.9393441379070282,0.46967795165065435,0.0,0.0001244411557502094,1
2.0100000000000002,PINN Conservative,0.2513120463183215,0.002590598339247595,0.015855358436613478,0.02325050113776378,-0.00011464953422546387,0.46945369243621826,0.9386681914329529,0.4693399741804627,0.0,0.00011465097022417808,1
2.015,PINN Conservative,0.25130588622452377,0.0025660231061182454,0.01593042569286971,0.02336177084103863,-0.0001058727502822876,0.46911877393722534,0.9379958957433701,0.46900382212538055,0.0,0.00010587407635076493,1
2.02,PINN Conservative,0.2512997349685019,0.002541483130634129,0.01600563588231709,0.023473044393083953,-9.620189666748047e-05,0.46878546476364136,0.9373254328966141,0.4686685865031901,0.0,9.620310160739456e-05,1
2.025,PINN Conservative,0.25129361941411094,0.002517085584134375,0.01608101405984756,0.023584889443508616,-8.696317672729492e-05,0.46845346689224243,0.9366584420204163,0.46833508688802217,0.0,8.696426595117017e-05,1
2.0300000000000002,PINN Conservative,0.2512875023755703,0.002492682116730512,0.016156536245436084,0.02369693004504453,-7.72327184677124e-05,0.46812307834625244,0.9359943568706512,0.46800304015426786,0.0,7.723368581646933e-05,1
2.035,PINN Conservative,0.251281421888877,0.00246842447018569,0.016232223827683693,0.02380902340903346,-6.759166717529297e-05,0.46779435873031616,0.9353334158658981,0.46767256551270997,0.0,6.75925137687642e-05,1
2.04,PINN Conservative,0.2512753531262204,0.0024442135958079162,0.016308056276108072,0.023921605626345877,-5.790591239929199e-05,0.4674670100212097,0.9346753358840942,0.46734352140054397,0.0,5.7906637677561224e-05,1
2.045,PINN Conservative,0.2512693033368141,0.0024200784137918814,0.01638404602402001,0.024034099809356002,-4.795193672180176e-05,0.46714144945144653,0.9340204447507858,0.46701607173259607,0.0,4.795253732537108e-05,1
2.05,PINN Conservative,0.25126328175371,0.0023960557587074135,0.016460190731362078,0.024146740826873125,-3.8295984268188477e-05,0.4668169617652893,0.9333681762218475,0.4666899333832574,0.0,3.829646392983333e-05,1
2.055,PINN Conservative,0.25125727747325544,0.0023721021312481817,0.01653648681266867,0.024260015701365656,-2.8431415557861328e-05,0.46649420261383057,0.9327190965414047,0.4663653894781369,0.0,2.8431771664638912e-05,1
2.06,PINN Conservative,0.25125129714802097,0.0023482440713464567,0.016612939657387624,0.02437296150792856,-1.8775463104248047e-05,0.4661727547645569,0.9320727288722992,0.4660422015956691,0.0,1.877569826910117e-05,1
2.065,PINN Conservative,0.2512453390626578,0.0023244747357465635,0.01668954097777844,0.02448633861196492,-8.866190910339355e-06,0.4658527374267578,0.9314291030168533,0.4657203846372019,0.0,8.866301960408884e-06,1
2.07,PINN Conservative,0.25123940719975846,0.0023008100127035434,0.016766307476359037,0.024599908196502707,1.0281801223754883e-06,0.4655342102050781,0.9307882785797119,0.465399968405431,0.0,0.0,1
2.075,PINN Conservative,0.2512334808259755,0.002277167188079481,0.016843209934269746,0.0247135039526033,1.0713934898376465e-05,0.46521711349487305,0.9301505237817764,0.46508108701248685,0.0,0.0,1
2.08,PINN Conservative,0.2512275982830856,0.0022536992235224493,0.016920288360926253,0.024827605038296285,2.0772218704223633e-05,0.46490156650543213,0.9295153766870499,0.4647635094874781,0.0,0.0,1
2.085,PINN Conservative,0.25122173842754925,0.002230321768464286,0.01699751172238003,0.02494162105729575,3.0800700187683105e-05,0.4645874500274658,0.928883358836174,0.4644474966039917,0.0,0.0,1
2.09,PINN Conservative,0.25121588925938226,0.002206986949866319,0.017074885022805065,0.02505592556457037,4.0903687477111816e-05,0.46427470445632935,0.9282540082931519,0.4641328173911363,0.0,0.0,1
2.095,PINN Conservative,0.2512100781645026,0.0021838040217982916,0.01715241425585678,0.025170388968307422,5.099177360534668e-05,0.46396344900131226,0.9276274144649506,0.4638195165529555,0.0,0.0,1
2.1,PINN Conservative,0.2512042823958922,0.002160682236734518,0.0172301002609364,0.025284735310254436,6.064772605895996e-05,0.4636536240577698,0.9270042330026627,0.4635079219191015,0.0,0.0,1
2.105,PINN Conservative,0.2511985300554408,0.0021377337050603536,0.017307947564689924,0.025399670838229083,7.061660289764404e-05,0.4633449912071228,0.9263831228017807,0.4631973629289219,0.0,0.0,1
2.11,PINN Conservative,0.25119280284857964,0.0021148854419633266,0.017385955898456908,0.025514752722829714,8.040666580200195e-05,0.4630378484725952,0.9257653504610062,0.4628884728896995,0.0,0.0,1
2.115,PINN Conservative,0.25118708802206263,0.002092086569322585,0.01746409849603601,0.025629925368122475,9.055435657501221e-05,0.46273213624954224,0.9251494854688644,0.46258053653673836,0.0,0.0,1
2.12,PINN Conservative,0.2511814044298114,0.0020694123034473394,0.017542403339465648,0.02574537327899251,0.00010016560554504395,0.46242767572402954,0.9245370179414749,0.4622742989374302,0.0,0.0,1
2.125,PINN Conservative,0.25117576141674836,0.0020468999252060134,0.017620868712888666,0.025860923295993044,0.00011011958122253418,0.46212464570999146,0.9239269495010376,0.46196926089662255,0.0,0.0,1
2.13,PINN Conservative,0.2511701347666221,0.0020244528256762352,0.017699478142306223,0.02597658103745737,0.00012001395225524902,0.4618232846260071,0.9233202189207077,0.4616658918067722,0.0,0.0,1
2.1350000000000002,PINN Conservative,0.251164540387429,0.002002134468619026,0.01777825009368215,0.026092483503257047,0.00013019144535064697,0.461523175239563,0.9227155894041061,0.461363573261944,0.0,0.0,1
2.14,PINN Conservative,0.25115898352962834,0.0019799658003482874,0.017857178782973,0.02620835990936221,0.00013966858386993408,0.4612240791320801,0.9221137464046478,0.4610626479931381,0.0,0.0,1
2.145,PINN Conservative,0.25115344767366443,0.0019578809173333754,0.017936255603775552,0.02632449467452247,0.0001497119665145874,0.46092653274536133,0.9215142577886581,0.46076289993081104,0.0,0.0,1
2.15,PINN Conservative,0.2511479410382959,0.0019359126076966319,0.0180154860874039,0.02644109508862902,0.00015906989574432373,0.46063047647476196,0.9209186732769012,0.4604651039450501,0.0,0.0,1
2.1550000000000002,PINN Conservative,0.25114247113376764,0.0019140908329978328,0.018094879927508283,0.026557726329623277,0.00016868114471435547,0.4603356122970581,0.9203251600265503,0.46016834360296344,0.0,0.0,1
2.16,PINN Conservative,0.2511370279290177,0.0018923755750662411,0.018174417302799575,0.026674291939425554,0.0001719743013381958,0.460041880607605,0.9197334945201874,0.45987250714444244,0.0,0.0,1
2.165,PINN Conservative,0.25113162735441663,0.0018708303869226855,0.01825411694865465,0.026791334928265298,0.00016644597053527832,0.4597497582435608,0.9191450774669647,0.4595782949328352,0.0,0.0,1
2.17,PINN Conservative,0.2511262492210538,0.0018493747264194508,0.018333968533681626,0.0269084412339336,0.00016085803508758545,0.45945870876312256,0.9185590893030167,0.4592852971810763,0.0,0.0,1
2.1750000000000003,PINN Conservative,0.2511208878459038,0.0018279859215519164,0.018413956176824266,0.027025522799785873,0.00015527009963989258,0.4591691493988037,0.9179758280515671,0.4589936629026441,0.0,0.0,1
2.18,PINN Conservative,0.25111557998963896,0.001806810626270882,0.018494110571539473,0.027143197261806862,0.00015003979206085205,0.4588809013366699,0.9173950701951981,0.45870328033742985,0.0,0.0,1
2.185,PINN Conservative,0.25111032242292874,0.0017858359574039297,0.018574445853184404,0.027260886796898753,0.00014446675777435303,0.45859408378601074,0.9168177545070648,0.45841461887789026,0.0,0.0,1
2.19,PINN Conservative,0.25110507378349073,0.001764896903221219,0.01865489632209445,0.027378512791282394,0.0001392960548400879,0.45830827951431274,0.9162423610687256,0.45812691855528587,0.0,0.0,1
2.195,PINN Conservative,0.2510998704665536,0.0017441386597633604,0.01873552104015259,0.027496378427847856,0.00013400614261627197,0.45802396535873413,0.9156698435544968,0.4578406562127473,0.0,0.0,1
2.2,PINN Conservative,0.2510946926933986,0.0017234823213126652,0.018816288916482335,0.027614454771897334,0.00012883543968200684,0.457740843296051,0.9150994271039963,0.45755544441523094,0.0,0.0,1
2.205,PINN Conservative,0.25108955455226106,0.001702984091828932,0.01889720989548987,0.027732610687500492,0.0001237243413925171,0.4574589729309082,0.9145316332578659,0.45727154393632385,0.0,0.0,1
2.21,PINN Conservative,0.2510844510238808,0.0016826239473496044,0.018978283383947487,0.027851047075243218,0.00011861324310302734,0.45717841386795044,0.9139668047428131,0.45698912614152615,0.0,0.0,1
2.215,PINN Conservative,0.251079378088375,0.0016623858508532949,0.01905950925756101,0.027969624216410638,0.00011380016803741455,0.4568992257118225,0.9134043306112289,0.4567078855532072,0.0,0.0,1
2.22,PINN Conservative,0.25107434836474507,0.0016423201449013458,0.019140890156720554,0.028088227903595053,0.0001087486743927002,0.45662111043930054,0.912844330072403,0.45642788177675836,0.0,0.0,1
2.225,PINN Conservative,0.25106935518550444,0.0016224002300551691,0.019222429063502095,0.02820722073575288,0.00010399520397186279,0.4563441872596741,0.912286713719368,0.4561490701081361,0.0,0.0,1
2.23,PINN Conservative,0.2510643987818523,0.0016026270286667735,0.019304109071592416,0.028326369234842275,9.918212890625e-05,0.4560684561729431,0.9117312580347061,0.45587133878723174,0.0,0.0,1
2.235,PINN Conservative,0.2510594747237138,0.0015829828672838605,0.01938593767422141,0.028445439892517577,9.450316429138184e-05,0.45579415559768677,0.9111787378787994,0.4555950752490889,0.0,0.0,1
2.24,PINN Conservative,0.25105459516769174,0.0015635162437635326,0.01946793063948238,0.02856497403075081,8.980929851531982e-05,0.45552098751068115,0.9106285274028778,0.455319966565403,0.0,0.0,1
2.245,PINN Conservative,0.2510497553779317,0.0015442082647692335,0.0195500694751673,0.028684210626564954,8.511543273925781e-05,0.4552493095397949,0.9100816547870636,0.4550465268326745,0.0,0.0,1
2.25,PINN Conservative,0.2510449472326297,0.001525026528971564,0.019632355428040232,0.028803723585993368,8.036196231842041e-05,0.4549787640571594,0.9095373302698135,0.4547743611651856,0.0,0.0,1
2.255,PINN Conservative,0.2510401855509083,0.0015060301561509238,0.019714798285387868,0.028923783080202548,7.62641429901123e-05,0.45470917224884033,0.9089940190315247,0.454502702143523,0.0,0.0,1
2.2600000000000002,PINN Conservative,0.25103545814633255,0.0014871705294373543,0.01979739007023542,0.02904385022135314,7.168948650360107e-05,0.4544409513473511,0.9084539264440536,0.45423265246742633,0.0,0.0,1
2.265,PINN Conservative,0.2510307722308256,0.0014684764202583152,0.01988012796796294,0.029163998772148092,6.753206253051758e-05,0.4541739225387573,0.9079160541296005,0.4539637129417432,0.0,0.0,1
2.27,PINN Conservative,0.25102613292060216,0.0014499682393695266,0.01996302257919579,0.02928410080536409,6.337463855743408e-05,0.45390784740448,0.9073802828788757,0.4536958239610823,0.0,0.0,1
2.275,PINN Conservative,0.2510215153281873,0.001431546700052399,0.02004605031723723,0.02940454416261057,5.939602851867676e-05,0.45364314317703247,0.9068471342325211,0.45342924629903064,0.0,0.0,1
2.2800000000000002,PINN Conservative,0.2510169561098407,0.0014133580397115205,0.020129244485625992,0.02952501851405609,5.505979061126709e-05,0.4533799886703491,0.9063173681497574,0.453164359939958,0.0,0.0,1
2.285,PINN Conservative,0.2510124353451414,0.0013953227873181955,0.020212581744916268,0.029645739250780234,5.131959915161133e-05,0.453117311000824,0.9057885557413101,0.452899950424016,0.0,0.0,1
2.29,PINN Conservative,0.25100794544180594,0.0013774106540260223,0.02029606383032176,0.02976652131626456,4.7594308853149414e-05,0.4528561234474182,0.9052625745534897,0.4526369565361181,0.0,0.0,1
2.295,PINN Conservative,0.2510035049405184,0.0013596956065062412,0.020379700075773437,0.029887593030427928,4.367530345916748e-05,0.45259618759155273,0.9047394543886185,0.4523753931776121,0.0,0.0,1
2.3000000000000003,PINN Conservative,0.2509991003123967,0.0013421236722966782,0.020463478774302196,0.030008705548768333,3.975629806518555e-05,0.452337384223938,0.9042184799909592,0.45211490271615007,0.0,0.0,1
2.305,PINN Conservative,0.25099474813666073,0.0013247609929539087,0.020547408371329838,0.03013004220818888,3.6075711250305176e-05,0.4520794749259949,0.9036993086338043,0.4518553137862319,0.0,0.0,1
2.31,PINN Conservative,0.25099042668804394,0.0013075208971532238,0.020631482870356162,0.030251369086061075,3.263354301452637e-05,0.45182305574417114,0.903183177113533,0.4515972447937927,0.0,0.0,1
2.315,PINN Conservative,0.2509861519864133,0.0012904672949546829,0.020715697834833294,0.03037280986082208,2.9012560844421387e-05,0.4515678286552429,0.9026696383953094,0.4513404722186149,0.0,0.0,1
2.32,PINN Conservative,0.25098192571728556,0.0012736069106015484,0.020800072898879036,0.030494533830411896,2.574920654296875e-05,0.45131343603134155,0.9021575003862381,0.45108440000678524,0.0,0.0,1
2.325,PINN Conservative,0.25097773758856745,0.001256898684557776,0.02088458625693124,0.030616407310356863,2.2485852241516113e-05,0.4510599970817566,0.9016473293304443,0.4508293112839125,0.0,0.0,1
2.33,PINN Conservative,0.25097359418570697,0.0012403688889753286,0.02096924227350984,0.03073817158400244,1.9341707229614258e-05,0.4508078694343567,0.9011402726173401,0.45057577975188834,0.0,0.0,1
2.335,PINN Conservative,0.25096948718553314,0.0012239843191865394,0.02105404225555076,0.030860397127863703,1.6197562217712402e-05,0.4505571722984314,0.9006356745958328,0.45032347758106034,0.0,0.0,1
2.34,PINN Conservative,0.25096543051966197,0.0012078005543307826,0.02113898974662392,0.03098276080105339,1.2949109077453613e-05,0.45030760765075684,0.9001338928937912,0.4500725835876025,0.0,0.0,1
2.345,PINN Conservative,0.2509614228232725,0.0011918121495569202,0.02122408489340949,0.031105030154795377,9.864568710327148e-06,0.4500586986541748,0.899633064866066,0.44982216643727535,0.0,0.0,1
2.35,PINN Conservative,0.25095745798077307,0.0011759947071698336,0.021309322691656786,0.03122746754953698,7.137656211853027e-06,0.44981110095977783,0.899134561419487,0.44957291159207907,0.0,0.0,1
2.355,PINN Conservative,0.2509535444272054,0.0011603818781371128,0.021394712249180985,0.03135027526247164,4.291534423828125e-06,0.4495646357536316,0.8986391425132751,0.4493251990363835,0.0,0.0,1
2.36,PINN Conservative,0.2509496566038709,0.0011448716979437278,0.021480229442625218,0.031472790946990625,1.6242265701293945e-06,0.4493192434310913,0.8981456011533737,0.44907842526560143,0.0,0.0,1
2.365,PINN Conservative,0.2509458234106695,0.0011295794605772718,0.021565889727735415,0.0315956980885963,-1.1622905731201172e-06,0.449074923992157,0.8976544290781021,0.448832836151972,0.0,1.162305130944358e-06,1
2.37,PINN Conservative,0.25094203894083444,0.0011144816014339416,0.02165169574856182,0.03171867441482307,-3.4123659133911133e-06,0.4488316774368286,0.8971646428108215,0.4485879399510168,0.0,3.4124086536699743e-06,1
2.375,PINN Conservative,0.2509382910303048,0.0010995295929031438,0.021737637588556537,0.03184200469301801,-6.079673767089844e-06,0.4485894441604614,0.8966776579618454,0.4483444444767579,0.0,6.07974991570895e-06,1
2.38,PINN Conservative,0.2509346013297667,0.0010848098087766732,0.021823731553230794,0.03196526138603473,-8.38935375213623e-06,0.4483484625816345,0.8961932510137558,0.4481022379690865,0.0,8.389458829765046e-06,1
2.3850000000000002,PINN Conservative,0.25093094959810336,0.0010702414986341524,0.021909956780285438,0.03208857263233117,-1.0699033737182617e-05,0.44810837507247925,0.8957103490829468,0.44786078397948065,0.0,1.0699167743821141e-05,1
2.39,PINN Conservative,0.2509273525711533,0.0010558914288505883,0.021996332759709285,0.0322120617319856,-1.3127923011779785e-05,0.44786936044692993,0.8952302634716034,0.44762073816724496,0.0,1.3128087440538197e-05,1
2.395,PINN Conservative,0.25092378527194525,0.001041659955668825,0.022082835912057924,0.0323355539381297,-1.4871358871459961e-05,0.4476314187049866,0.8947516083717346,0.44738140761970524,0.0,1.4871545136954734e-05,1
2.4,PINN Conservative,0.2509202831783691,0.001027688615474928,0.022169482274092607,0.03245941092214838,-1.679360866546631e-05,0.4473941922187805,0.8942748159170151,0.4471430084064051,0.0,1.6793819007362712e-05,1
2.4050000000000002,PINN Conservative,0.2509168207541004,0.0010138755330136749,0.022256271901786872,0.03258321947166776,-1.9043684005737305e-05,0.4471583962440491,0.8938011080026627,0.4469061514826056,0.0,1.904392253008833e-05,1
2.41,PINN Conservative,0.25091339766352744,0.001000219369387731,0.022343191933617994,0.032707055800619944,-2.0757317543029785e-05,0.4469236135482788,0.8933290094137192,0.44667009923158907,0.0,2.0757577530839624e-05,1
2.415,PINN Conservative,0.25091003073198537,0.0009867872480119977,0.022430256289523366,0.03283118406910707,-2.2530555725097656e-05,0.4466899633407593,0.8928596824407578,0.44643543280592096,0.0,2.2530837922921403e-05,1
2.42,PINN Conservative,0.2509067016425314,0.0009735060948144168,0.02251744386602358,0.03295546725128534,-2.3886561393737793e-05,0.4464569687843323,0.8923913091421127,0.4462012432233835,0.0,2.388686057568982e-05,1
2.4250000000000003,PINN Conservative,0.250903424199995,0.0009604309831285652,0.02260477959412053,0.03307970710608904,-2.5719404220581055e-05,0.44622528553009033,0.8919261693954468,0.4459686704370859,0.0,2.5719726359102076e-05,1
2.43,PINN Conservative,0.2509001915056904,0.0009475343911640674,0.02269224449104571,0.03320409651330497,-2.707540988922119e-05,0.4459945559501648,0.8914624899625778,0.44573682781683205,0.0,2.7075749011870496e-05,1
2.435,PINN Conservative,0.25089700958571276,0.0009348403595768124,0.022779845360003426,0.033328757394961495,-2.8401613235473633e-05,0.44576478004455566,0.8910007476806641,0.4455059537841874,0.0,2.8401968968973673e-05,1
2.44,PINN Conservative,0.2508938825196093,0.0009223651634147832,0.022867590723195906,0.03345351480831382,-2.9727816581726074e-05,0.4455360174179077,0.8905414640903473,0.44527630911273886,0.0,2.972818892607685e-05,1
2.445,PINN Conservative,0.2508907927511571,0.0009100387634407063,0.022955461356761343,0.033578135284381194,-3.089010715484619e-05,0.4453081488609314,0.890083834528923,0.44504749146609507,0.0,3.089049405702121e-05,1
2.45,PINN Conservative,0.2508877578291211,0.0008979311691388076,0.023043465485502544,0.03370306211626095,-3.2067298889160156e-05,0.4450811743736267,0.8896282613277435,0.44481970201245175,0.0,3.206770053579818e-05,1
2.455,PINN Conservative,0.2508847478467662,0.0008859230698279402,0.023131591676916564,0.03382785690373774,-3.306567668914795e-05,0.4448555111885071,0.8891748636960983,0.4445930003572002,0.0,3.3066090840583724e-05,1
2.46,PINN Conservative,0.2508818107592809,0.0008742057791433976,0.023219868604243972,0.03395328840907047,-3.3915042877197266e-05,0.4446306824684143,0.8887232542037964,0.44436719278281855,0.0,3.391546766704306e-05,1
2.465,PINN Conservative,0.25087891548156016,0.000862655285385067,0.02330826657243662,0.034078257588561145,-3.503262996673584e-05,0.44440704584121704,0.8882751911878586,0.444143158468829,0.0,3.5033068754489564e-05,1
2.47,PINN Conservative,0.25087607202229195,0.0008513115174645426,0.02339679989671384,0.03420364482498228,-3.546476364135742e-05,0.4441841244697571,0.8878269493579865,0.4439190347467525,0.0,3.546520784163554e-05,1
2.475,PINN Conservative,0.2508732707680644,0.0008401361233948254,0.023485461892270867,0.034328886493918964,-3.637373447418213e-05,0.4439624547958374,0.8873824775218964,0.4436967960451768,0.0,3.637419005942536e-05,1
2.48,PINN Conservative,0.250870514731925,0.0008291411235030845,0.02357424973121944,0.034454690944209276,-3.695487976074219e-05,0.4437413215637207,0.8869386166334152,0.44347486282123166,0.0,3.695534262489754e-05,1
2.485,PINN Conservative,0.25086781004438174,0.0008183509749923059,0.023663162586447538,0.03458032208939715,-3.743171691894531e-05,0.4435213804244995,0.8864972442388535,0.44325417385983057,0.0,3.743218575554138e-05,1
2.49,PINN Conservative,0.25086516174706847,0.0008077857910833039,0.02375221830766864,0.03470598255195806,-3.7923455238342285e-05,0.44330209493637085,0.886057585477829,0.44303434172592987,0.0,3.7923930234017836e-05,1
2.495,PINN Conservative,0.2508625473465409,0.000797355835863759,0.02384138959250384,0.03483156822656275,-3.8176774978637695e-05,0.44308435916900635,0.8856205940246582,0.44281584326266016,0.0,3.817725314717238e-05,1
2.5,PINN Conservative,0.2508599927743992,0.000787164561511496,0.023930693916696506,0.034957607721476935,-3.834068775177002e-05,0.44286710023880005,0.8851850032806396,0.4425980451627386,0.0,3.834116797333119e-05,1
2.505,PINN Conservative,0.25085748075036796,0.0007771430296613079,0.024020118865697698,0.03508360244976366,-3.832578659057617e-05,0.44265061616897583,0.8847505003213882,0.4423807909620129,0.0,3.8326266625498574e-05,1
2.5100000000000002,PINN Conservative,0.25085501692764034,0.0007673137933040747,0.024109671564785166,0.0352095839130917,-3.8504600524902344e-05,0.44243550300598145,0.8843191117048264,0.4421650939521357,0.0,3.8505082799490014e-05,1
2.515,PINN Conservative,0.25085259622729217,0.0007576565904519718,0.02419934458086395,0.035335706572659054,-3.860890865325928e-05,0.44222110509872437,0.8838895112276077,0.4419502910231285,0.0,3.860939223431836e-05,1
2.52,PINN Conservative,0.25085023005266444,0.0007482169138803653,0.024289143717658248,0.035462221697335095,-3.832578659057617e-05,0.44200754165649414,0.8834609091281891,0.44173598728927366,0.0,3.8326266625498574e-05,1
2.525,PINN Conservative,0.2508479171284326,0.0007389896757773471,0.024379073211657692,0.035588417556196406,-3.819167613983154e-05,0.44179511070251465,0.8830352574586868,0.4415231587888543,0.0,3.8192154495004995e-05,1
2.5300000000000002,PINN Conservative,0.25084563602765164,0.0007298893949498616,0.02446911718193709,0.03571475364979537,-3.7923455238342285e-05,0.44158345460891724,0.8826111704111099,0.4413111126091961,0.0,3.7923930234017836e-05,1
2.535,PINN Conservative,0.2508434072748438,0.0007209979524427368,0.02455927565634578,0.035841415198583804,-3.7789344787597656e-05,0.4413728713989258,0.8821893632411957,0.44110020638264713,0.0,3.7789818103524256e-05,1
2.54,PINN Conservative,0.25084123725409024,0.0007123408170703319,0.02464957269248278,0.03596788765747716,-3.71783971786499e-05,0.4411628246307373,0.881767988204956,0.4408895162256417,0.0,3.7178862842386836e-05,1
2.545,PINN Conservative,0.2508391144725534,0.0007038721390171649,0.024739985273333143,0.03609502533185516,-3.65525484085083e-05,0.4409540295600891,0.8813495635986328,0.4406803013020717,0.0,3.65530062334168e-05,1
2.5500000000000003,PINN Conservative,0.2508370331726275,0.0006955689487459234,0.02483051716128107,0.03622134598239851,-3.603100776672363e-05,0.4407457709312439,0.880932629108429,0.44047183144589336,0.0,3.60314590592751e-05,1
2.555,PINN Conservative,0.25083499740402737,0.0006874474022908495,0.0249211587289442,0.03634826217869436,-3.5449862480163574e-05,0.44053882360458374,0.8805180042982101,0.440264516444172,0.0,3.545030649380292e-05,1
2.56,PINN Conservative,0.25083300640603323,0.0006795044648173799,0.02501192238747323,0.036475170787320765,-3.4615397453308105e-05,0.44033241271972656,0.8801042884588242,0.4400576559335596,0.0,3.46158310151762e-05,1
2.565,PINN Conservative,0.25083107451299524,0.0006717973221425321,0.025102806042597802,0.036602166216838206,-3.4183263778686523e-05,0.44012707471847534,0.8796934485435486,0.43985223340301305,0.0,3.418369192803022e-05,1
2.57,PINN Conservative,0.2508291910226281,0.0006642832783000141,0.025193812806657574,0.036729220388295625,-3.2708048820495605e-05,0.4399228096008301,0.8792839199304581,0.43964746653177106,0.0,3.2708458492600845e-05,1
2.575,PINN Conservative,0.2508273401388058,0.0006568993158278424,0.02528492139281731,0.03685643231207636,-3.184378147125244e-05,0.4397188425064087,0.878875732421875,0.4394433702211816,0.0,3.1844180318308884e-05,1
2.58,PINN Conservative,0.25082554431768267,0.0006497350218724336,0.025376154569004376,0.03698390248467037,-3.063678741455078e-05,0.43951600790023804,0.878469318151474,0.4392401605407882,0.0,3.063717114386667e-05,1
2.585,PINN Conservative,0.2508237913951979,0.0006427418688238583,0.025467496071284127,0.037110973634372324,-2.950429916381836e-05,0.43931394815444946,0.878064900636673,0.4390379492506995,0.0,2.950466870858755e-05,1
2.59,PINN Conservative,0.2508220897914769,0.0006359534481422828,0.025558951165974633,0.03723848351384679,-2.82973051071167e-05,0.43911266326904297,0.8776617795228958,0.4388363861692416,0.0,2.8297659534145332e-05,1
2.595,PINN Conservative,0.2508204375898039,0.0006293621132333212,0.025650524769763625,0.037365958555622525,-2.728402614593506e-05,0.43891268968582153,0.8772618770599365,0.43863643243334954,0.0,2.7284367881527174e-05,1
2.6,PINN Conservative,0.2508188289729085,0.0006229446565326218,0.025742207043326602,0.03749336331357417,-2.568960189819336e-05,0.43871307373046875,0.876862183213234,0.43843658300689237,0.0,2.5689923663436837e-05,1
2.605,PINN Conservative,0.2508172746729087,0.0006167438930211032,0.025834003963738424,0.03762087455387492,-2.3990869522094727e-05,0.4385144114494324,0.8764645010232925,0.4382377394214139,0.0,2.399117001051816e-05,1
2.61,PINN Conservative,0.2508157531957369,0.0006106740737251801,0.025925908805298964,0.037748743526709705,-2.269446849822998e-05,0.43831688165664673,0.8760694265365601,0.43804019970387076,0.0,2.269475274908022e-05,1
2.615,PINN Conservative,0.25081428662464544,0.0006048232981271457,0.02601792065559513,0.03787665740727586,-2.1025538444519043e-05,0.43811994791030884,0.8756750077009201,0.43784298781597997,0.0,2.1025801791826783e-05,1
2.62,PINN Conservative,0.25081285820887966,0.0005991247403450118,0.026110044223106484,0.0380043682345112,-1.913309097290039e-05,0.43792372941970825,0.8752826154232025,0.43764678921974176,0.0,1.913333061708405e-05,1
2.625,PINN Conservative,0.2508114830658839,0.0005936387102914952,0.026202273454672395,0.03813218144640279,-1.767277717590332e-05,0.4377284646034241,0.8748920261859894,0.43745149215504747,0.0,1.767299852948729e-05,1
2.63,PINN Conservative,0.2508101471820035,0.0005883093015401533,0.02629460528002333,0.038260108132863846,-1.5482306480407715e-05,0.4375342130661011,0.8745028674602509,0.4372569103550491,0.0,1.5482500398092152e-05,1
2.6350000000000002,PINN Conservative,0.25080887286423204,0.0005832255061722403,0.026387056458489683,0.038388127623043944,-1.3783574104309082e-05,0.43734025955200195,0.8741155117750168,0.43706323008659465,0.0,1.3783746745173477e-05,1
2.64,PINN Conservative,0.2508076220765725,0.0005782355824246056,0.026479597432303083,0.03851630972424003,-1.1518597602844238e-05,0.437147319316864,0.8737293034791946,0.4368701235200317,0.0,1.1518741874615241e-05,1
2.645,PINN Conservative,0.2508064246959276,0.0005734587219646547,0.02657224492988132,0.03864440175598255,-9.59634780883789e-06,0.4369553327560425,0.8733454048633575,0.4366781718079258,0.0,9.596468004207263e-06,1
2.65,PINN Conservative,0.2508052720113082,0.0005688601729527307,0.026664997631885,0.03877247583860105,-7.331371307373047e-06,0.4367640018463135,0.8729625940322876,0.4364867639950158,0.0,7.331463133649027e-06,1
2.6550000000000002,PINN Conservative,0.250804161434775,0.0005644296109991146,0.026757857883473506,0.038900849790407754,-5.453824996948242e-06,0.43657344579696655,0.8725819885730743,0.43629645888184543,0.0,5.4538933067389105e-06,1
2.66,PINN Conservative,0.250803105920941,0.0005602187175624827,0.0268508237195845,0.03902916903699605,-2.9653310775756836e-06,0.4363837242126465,0.8722024112939835,0.43610666786517527,0.0,2.965368218691375e-06,1
2.665,PINN Conservative,0.2508020791727621,0.0005561225825537133,0.026943876074422606,0.03915749622010872,-6.109476089477539e-07,0.4361949563026428,0.8718250542879105,0.4359179869989186,0.0,6.10955261137419e-07,1
2.67,PINN Conservative,0.2508011076737333,0.0005522468598941006,0.02703704217304788,0.039285953569884846,1.5348196029663086e-06,0.4360067844390869,0.8714491873979568,0.4357300512000536,0.0,0.0,1
2.6750000000000003,PINN Conservative,0.2508001723760241,0.0005485155596892138,0.027130302897634368,0.03941432356696439,4.127621650695801e-06,0.43581944704055786,0.8710744231939316,0.4355426667510584,0.0,0.0,1
2.68,PINN Conservative,0.2507992790446983,0.0005449516812298562,0.027223652149798876,0.0395429662754791,6.616115570068359e-06,0.43563294410705566,0.870701938867569,0.4353564222551724,0.0,0.0,1
2.685,PINN Conservative,0.2507984334075296,0.0005415780750404849,0.02731710578219471,0.039671361725784504,9.328126907348633e-06,0.43544715642929077,0.8703303337097168,0.4351706173490475,0.0,0.0,1
2.69,PINN Conservative,0.2507976270518503,0.0005383611794128744,0.02741065610573876,0.039799892792284575,1.195073127746582e-05,0.43526190519332886,0.8699602633714676,0.43498557986233594,0.0,0.0,1
2.695,PINN Conservative,0.2507968750727308,0.0005353612150003768,0.027504311333301005,0.039928542341181594,1.4722347259521484e-05,0.4350777268409729,0.8695918470621109,0.43480136940042907,0.0,0.0,1
2.7,PINN Conservative,0.2507961551631774,0.0005324891897215161,0.02759804984401533,0.04005751647630301,1.755356788635254e-05,0.434894323348999,0.8692257851362228,0.434618336145001,0.0,0.0,1
2.705,PINN Conservative,0.25079547721254936,0.0005297845564349153,0.027691884989119137,0.04018616356384902,2.0518898963928223e-05,0.4347115755081177,0.8688601404428482,0.43443551150844256,0.0,0.0,1
2.71,PINN Conservative,0.250794833956717,0.0005272183354386808,0.02778580664541076,0.0403146057133818,2.308189868927002e-05,0.4345293641090393,0.8684966117143631,0.4342537448675803,0.0,0.0,1
2.715,PINN Conservative,0.2507942480681179,0.0005248809767258066,0.027879831833899617,0.04044364937971717,2.6360154151916504e-05,0.4343479871749878,0.8681339770555496,0.43407242526715295,0.0,0.0,1
2.72,PINN Conservative,0.25079368949831427,0.0005226526043025887,0.027973940986271453,0.040572376838990676,2.919137477874756e-05,0.43416744470596313,0.8677734136581421,0.4338921413104,0.0,0.0,1
2.725,PINN Conservative,0.25079317707885374,0.0005206083452188731,0.028068142885788423,0.04070159233000509,3.2529234886169434e-05,0.43398749828338623,0.8674134463071823,0.4337121553806037,0.0,0.0,1
2.73,PINN Conservative,0.2507926965872566,0.0005186914599564588,0.028162426389022818,0.040830316308435144,3.542006015777588e-05,0.43380850553512573,0.8670563846826553,0.4335336223322211,0.0,0.0,1
2.735,PINN Conservative,0.25079227279166916,0.0005170007591809644,0.02825681502375006,0.04095916401013716,3.8757920265197754e-05,0.4336300492286682,0.8666998893022537,0.43335537240944727,0.0,0.0,1
2.74,PINN Conservative,0.250791877813943,0.0005154250251062168,0.028351279685817243,0.0410884127205251,4.2244791984558105e-05,0.4334525465965271,0.8663452118635178,0.4331780314688913,0.0,0.0,1
2.745,PINN Conservative,0.25079151355587803,0.000513971844820285,0.02844582418984178,0.041217501246171795,4.525482654571533e-05,0.4332754611968994,0.8659914433956146,0.43300114501944414,0.0,0.0,1
2.75,PINN Conservative,0.2507912060684031,0.0005127451465541865,0.02854046363664493,0.041346492643665356,4.86522912979126e-05,0.4330991506576538,0.8656391352415085,0.43282498873604086,0.0,0.0,1
2.755,PINN Conservative,0.2507909237518086,0.000511618865631571,0.02863518580615049,0.04147548334098666,5.225837230682373e-05,0.4329233169555664,0.8652877658605576,0.43264930184509426,0.0,0.0,1
2.7600000000000002,PINN Conservative,0.2507906882791548,0.0005106794651040413,0.02872999870048412,0.04160488626778225,5.568563938140869e-05,0.43274855613708496,0.8649389743804932,0.4324749039207352,0.0,0.0,1
2.765,PINN Conservative,0.25079047668714066,0.0005098353346011054,0.028824869785824797,0.04173382854400687,5.8904290199279785e-05,0.43257445096969604,0.8645919114351273,0.4323013702745504,0.0,0.0,1
2.77,PINN Conservative,0.2507903081130934,0.0005091628210570885,0.028919839870512,0.041863015796717695,6.274878978729248e-05,0.43240106105804443,0.8642451763153076,0.4321280005431918,0.0,0.0,1
2.775,PINN Conservative,0.25079017522576097,0.0005086326769908956,0.029014884190407774,0.04199218167259566,6.628036499023438e-05,0.4322280287742615,0.8638995587825775,0.4319551896123769,0.0,0.0,1
2.7800000000000002,PINN Conservative,0.2507900883992752,0.0005082862892247535,0.02911002011126194,0.042121599628887896,6.988644599914551e-05,0.43205583095550537,0.863555908203125,0.43178336217051894,0.0,0.0,1
2.785,PINN Conservative,0.2507900335081108,0.0005080673050329602,0.029205228442114248,0.04225094198801832,7.364153861999512e-05,0.4318844676017761,0.8632133901119232,0.4316121009798787,0.0,0.0,1
2.79,PINN Conservative,0.25079000975425775,0.0005079725408141638,0.029300513259963662,0.042380063255288924,7.75754451751709e-05,0.4317135810852051,0.8628721684217453,0.4314414879978691,0.0,0.0,1
2.795,PINN Conservative,0.2507900210979345,0.0005080177955635979,0.02939586878481148,0.0425093021296335,8.130073547363281e-05,0.4315435290336609,0.8625325858592987,0.4312716945899903,0.0,0.0,1
2.8000000000000003,PINN Conservative,0.2507900590071449,0.0005081690315209514,0.029491302260139015,0.04263872601342383,8.501112461090088e-05,0.43137407302856445,0.8621945530176163,0.4311026760521988,0.0,0.0,1
2.805,PINN Conservative,0.2507901544327492,0.0005085497248268272,0.02958682493466204,0.0427681610695862,8.894503116607666e-05,0.4312053918838501,0.8618575632572174,0.43093417906158143,0.0,0.0,1
2.81,PINN Conservative,0.2507902602623175,0.0005089719239682279,0.029682399279678993,0.04289748073453037,9.305775165557861e-05,0.43103694915771484,0.8615211248397827,0.430765957745899,0.0,0.0,1
2.815,PINN Conservative,0.2507904104150093,0.0005095709468935322,0.029778055760624523,0.04302688962253909,9.731948375701904e-05,0.4308697581291199,0.8611868470907211,0.43059881677793443,0.0,0.0,1
2.82,PINN Conservative,0.25079059195112774,0.0005102951716501592,0.02987378896996397,0.043156151908726015,0.00010091066360473633,0.43070292472839355,0.8608542084693909,0.4304324953841006,0.0,0.0,1
2.825,PINN Conservative,0.250790808778685,0.000511160188960458,0.029969592715574523,0.043285687405928974,0.00010526180267333984,0.43053680658340454,0.8605221956968307,0.43026648691857133,0.0,0.0,1
2.83,PINN Conservative,0.2507910582351613,0.0005121553769011323,0.030065464554383227,0.04341520065796828,0.0001090317964553833,0.43037092685699463,0.8601912707090378,0.4301010223522379,0.0,0.0,1
2.835,PINN Conservative,0.25079133522671626,0.0005132604139771547,0.030161400709401598,0.04354439619546652,0.00011344254016876221,0.43020617961883545,0.8598622828722,0.42993652637351365,0.0,0.0,1
2.84,PINN Conservative,0.2507916248074403,0.0005144156746009996,0.03025739722412168,0.04367369379166813,0.00011740624904632568,0.4300417900085449,0.8595343083143234,0.42977253704061563,0.0,0.0,1
2.845,PINN Conservative,0.25079197535763037,0.0005158141683458536,0.03035347720674901,0.04380322145774973,0.00012192130088806152,0.42987823486328125,0.8592073023319244,0.42960903200152223,0.0,0.0,1
2.85,PINN Conservative,0.25079233602092077,0.0005172530075476273,0.03044960872241561,0.04393287414574237,0.000125885009765625,0.42971503734588623,0.8588817268610001,0.42944624222712474,0.0,0.0,1
2.855,PINN Conservative,0.2507927432894945,0.0005188777750389874,0.030545824155025353,0.04406215882524439,0.00013019144535064697,0.4295526146888733,0.8585572689771652,0.42928401125327104,0.0,0.0,1
2.86,PINN Conservative,0.2507931636991324,0.000520554967822082,0.030642086893309203,0.04419167403566693,0.00013466179370880127,0.42939066886901855,0.8582334667444229,0.4291221081090696,0.0,0.0,1
2.865,PINN Conservative,0.25079361884085627,0.0005223707216625531,0.030738411212692426,0.0443210050247263,0.00013905763626098633,0.4292295575141907,0.857912003993988,0.4289613747206731,0.0,0.0,1
2.87,PINN Conservative,0.2507941010925505,0.0005242946287007007,0.03083480466484201,0.04445057149251275,0.0001436471939086914,0.42906898260116577,0.8575909733772278,0.42880085740182006,0.0,0.0,1
2.875,PINN Conservative,0.2507946166593033,0.0005263514436713166,0.03093126222136949,0.044580018266155486,0.00014792382717132568,0.4289087653160095,0.8572711199522018,0.42864092868620646,0.0,0.0,1
2.88,PINN Conservative,0.2507951479476016,0.0005284709785710026,0.031027767220634696,0.04470952660209271,0.00015231966972351074,0.42874956130981445,0.8569530248641968,0.428481879150115,0.0,0.0,1
2.8850000000000002,PINN Conservative,0.25079569808982155,0.0005306657297798993,0.031124329500553466,0.044838860511826784,0.00015673041343688965,0.42859065532684326,0.8566359430551529,0.42832333625984986,0.0,0.0,1
2.89,PINN Conservative,0.2507962991779034,0.0005330637256916726,0.03122096502193823,0.0449682012270296,0.00016142427921295166,0.4284326434135437,0.8563200682401657,0.42816539687417193,0.0,0.0,1
2.895,PINN Conservative,0.25079691012551236,0.0005355010554487707,0.03131764448462315,0.04509750842583404,0.0001658797264099121,0.4282749891281128,0.8560052663087845,0.42800799393701594,0.0,0.0,1
2.9,PINN Conservative,0.2507975363695586,0.0005379994091974887,0.031414373296597735,0.04522703189282007,0.00017058849334716797,0.4281177520751953,0.8556910455226898,0.4278508815761427,0.0,0.0,1
2.9050000000000002,PINN Conservative,0.2507982034538243,0.0005406606919449899,0.03151117380268256,0.0453564074085569,0.0001752227544784546,0.427961528301239,0.8553786724805832,0.4276946930988351,0.0,0.0,1
2.91,PINN Conservative,0.25079888686373664,0.0005433871046376933,0.03160801710254228,0.045486127061250436,0.00017979741096496582,0.42780572175979614,0.8550673276185989,0.42753901871802774,0.0,0.0,1
2.915,PINN Conservative,0.2507995902388184,0.0005461931668795934,0.03170491284231817,0.04561530214914494,0.00018419325351715088,0.42765021324157715,0.8547572493553162,0.42738397764450325,0.0,0.0,1
2.92,PINN Conservative,0.25080033057593965,0.0005491466864112255,0.03180187207371548,0.045744736033453026,0.0001892298460006714,0.42749565839767456,0.8544479459524155,0.42722932400602237,0.0,0.0,1
2.9250000000000003,PINN Conservative,0.2508010737321995,0.0005521114526854713,0.03189886092839627,0.04587413302773102,0.0001939535140991211,0.4273410439491272,0.8541389107704163,0.42707480447967205,0.0,0.0,1
2.93,PINN Conservative,0.2508018438865592,0.0005551839258581345,0.03199590831604224,0.04600337624769124,0.0001986473798751831,0.4271876811981201,0.853832557797432,0.42692162607462664,0.0,0.0,1
2.935,PINN Conservative,0.2508026291509052,0.0005583166791902452,0.03209299779275095,0.04613276602986632,0.00020328164100646973,0.4270346164703369,0.8535265624523163,0.4267686264857552,0.0,0.0,1
2.94,PINN Conservative,0.25080345029587503,0.0005615925755856215,0.03219014917344269,0.04626212586199652,0.00020809471607208252,0.4268820285797119,0.8532214164733887,0.426616051585297,0.0,0.0,1
2.945,PINN Conservative,0.2508042810020504,0.0005649066156946697,0.03228733376153389,0.046391545440147175,0.0002129077911376953,0.42673003673553467,0.8529176414012909,0.4264641621468391,0.0,0.0,1
2.95,PINN Conservative,0.25080513440303737,0.0005683111950560767,0.03238457039604326,0.04652083927856421,0.00021763145923614502,0.4265786409378052,0.8526150435209274,0.4263128613116206,0.0,0.0,1
2.955,PINN Conservative,0.25080600659082364,0.0005717907229470503,0.032481857660056235,0.04665010939202385,0.0002225339412689209,0.4264279007911682,0.852313444018364,0.42616205967155446,0.0,0.0,1
2.96,PINN Conservative,0.25080688884696206,0.0005753104177753285,0.032579174871135666,0.04677923883008461,0.0002272874116897583,0.4262773394584656,0.8520125597715378,0.42601161566383633,0.0,0.0,1
2.965,PINN Conservative,0.25080778856236896,0.0005788997650483812,0.0326765323758748,0.046908527863517124,0.00023227930068969727,0.4261276125907898,0.8517132103443146,0.4258619390755316,0.0,0.0,1
2.97,PINN Conservative,0.25080870980167536,0.0005825749803074317,0.032773937132547594,0.04703768070541575,0.00023727118968963623,0.42597854137420654,0.8514146655797958,0.4257126648236183,0.0,0.0,1
2.975,PINN Conservative,0.25080964722492555,0.0005863147601989056,0.0328713828038279,0.047166639976286784,0.00024202466011047363,0.42582982778549194,0.8511173129081726,0.42556398662561834,0.0,0.0,1
2.98,PINN Conservative,0.25081059684952695,0.0005901032164677619,0.03296885902781464,0.047296003936635356,0.0002470165491104126,0.42568159103393555,0.8508207350969315,0.42541569586266204,0.0,0.0,1
2.985,PINN Conservative,0.2508115513964339,0.000593911309906233,0.033066369948718755,0.047424994017328415,0.00025197863578796387,0.42553389072418213,0.8505252003669739,0.42526792664687985,0.0,0.0,1
2.99,PINN Conservative,0.2508125175107587,0.0005977655506924348,0.03316391778014593,0.04755404737826657,0.00025688111782073975,0.42538654804229736,0.8502305150032043,0.4251205821195109,0.0,0.0,1
2.995,PINN Conservative,0.250813521347843,0.0006017702836040392,0.03326151572860015,0.047683088860639156,0.0002619922161102295,0.425240159034729,0.8499373495578766,0.42497399756088144,0.0,0.0,1
3.0,PINN Conservative,0.2508145213291213,0.0006057596340661786,0.03335914071494825,0.047812271595209344,0.0002666860818862915,0.425093412399292,0.8496439307928085,0.42482728634079536,0.0,0.0,1
3.005,PINN Conservative,0.25081554470626677,0.0006098423205893079,0.03345680312442509,0.047940919782629265,0.0002714395523071289,0.42494815587997437,0.8493529707193375,0.4246818044819055,0.0,0.0,1
3.0100000000000002,PINN Conservative,0.2508165626763343,0.0006139034359796619,0.03355448099895604,0.04807022359693841,0.00026679039001464844,0.4248027205467224,0.8490618169307709,0.4245362257642547,0.0,0.0,1
3.015,PINN Conservative,0.2508176004997006,0.0006180437546195106,0.033652208368778184,0.04819883409979331,0.0002619922161102295,0.4246581196784973,0.8487724512815475,0.4243915411274739,0.0,0.0,1
3.02,PINN Conservative,0.2508186410527091,0.0006221949629627428,0.0337499547682244,0.04832806484515362,0.00025713443756103516,0.42451411485671997,0.8484844863414764,0.4242475568540412,0.0,0.0,1
3.025,PINN Conservative,0.25081970445714796,0.0006264373353767651,0.03384773764019682,0.04845654692428519,0.00025291740894317627,0.4243706464767456,0.8481965810060501,0.4241036023833042,0.0,0.0,1
3.0300000000000002,PINN Conservative,0.2508207582183428,0.0006306412367907114,0.03394553485362823,0.04858546496375643,0.00024819374084472656,0.4242274761199951,0.8479099124670029,0.4239602663185022,0.0,0.0,1
3.035,PINN Conservative,0.2508218341522866,0.0006349335947268456,0.03404337345387823,0.04871410101252971,0.00024387240409851074,0.4240841865539551,0.8476227223873138,0.42381666948011315,0.0,0.0,1
3.04,PINN Conservative,0.25082289862322493,0.000639180221860796,0.03414122024215481,0.04884298766357276,0.00023922324180603027,0.4239422082901001,0.8473384380340576,0.42367452552313783,0.0,0.0,1
3.045,PINN Conservative,0.2508239948206597,0.0006435534194775585,0.034239114235626686,0.048971650160179736,0.00023446977138519287,0.42380064725875854,0.847054660320282,0.4235326348890756,0.0,0.0,1
3.0500000000000003,PINN Conservative,0.2508250833661468,0.0006478960902217656,0.03433702062542761,0.04910015017720937,0.00023005902767181396,0.42365920543670654,0.8467713892459869,0.42339099757792653,0.0,0.0,1
3.055,PINN Conservative,0.25082616767546795,0.0006522218610991153,0.03443494273796524,0.04922872819327656,0.00022581219673156738,0.4235185980796814,0.8464891612529755,0.4232498818139516,0.0,0.0,1
3.06,PINN Conservative,0.2508272726733882,0.0006566301675941007,0.03453289998405851,0.04935728888706764,0.00022152066230773926,0.42337846755981445,0.8462084233760834,0.4231095111173684,0.0,0.0,1
3.065,PINN Conservative,0.25082836826672184,0.0006610009551945096,0.03463085790046602,0.0494856862782585,0.00021705031394958496,0.42323821783065796,0.8459271639585495,0.42296887964719804,0.0,0.0,1
3.0700000000000003,PINN Conservative,0.25082947997687693,0.0006654360396479194,0.03472885465809666,0.049613976305397545,0.0002129971981048584,0.4230990409851074,0.845647856593132,0.4228292242153107,0.0,0.0,1
3.075,PINN Conservative,0.2508305800152016,0.0006698245602073871,0.034826860044953036,0.04974237097952361,0.0002085864543914795,0.42296016216278076,0.8453692495822906,0.42268991896509744,0.0,0.0,1
3.08,PINN Conservative,0.2508316867135547,0.0006742396504519522,0.03492487810931985,0.04987063670407732,0.00020456314086914062,0.4228215217590332,0.8450910747051239,0.42255082978442776,0.0,0.0,1
3.085,PINN Conservative,0.25083279746162285,0.0006786708967314237,0.035022926042052295,0.049998968131427846,0.0002002418041229248,0.4226837754249573,0.8448150306940079,0.42241280605012815,0.0,0.0,1
3.09,PINN Conservative,0.2508339099324979,0.0006831090160200611,0.03512098197362492,0.05012711956979715,0.00019615888595581055,0.4225460886955261,0.8445384651422501,0.42227452154224143,0.0,0.0,1
3.095,PINN Conservative,0.250835016243033,0.0006875225590937433,0.03521904275110138,0.05025520254520671,0.00019225478172302246,0.4224090576171875,0.8442633002996445,0.42213693739770286,0.0,0.0,1
3.1,PINN Conservative,0.2508361143124354,0.0006919032247852764,0.03531711619798478,0.05038338119836899,0.0001882016658782959,0.42227256298065186,0.8439894020557404,0.4219999865604471,0.0,0.0,1
3.105,PINN Conservative,0.2508372260673387,0.0006963384877583013,0.03541521829262883,0.05051135946945151,0.00018393993377685547,0.4221363663673401,0.8437161147594452,0.42186334120082203,0.0,0.0,1
3.11,PINN Conservative,0.2508383168353213,0.0007006900249820378,0.03551331431363586,0.05063931812622202,0.00018021464347839355,0.42200034856796265,0.8434430062770844,0.4217267852492839,0.0,0.0,1
3.115,PINN Conservative,0.25083941913343166,0.0007050875607873807,0.03561142337606903,0.05076713990371989,0.00017657876014709473,0.42186522483825684,0.8431711196899414,0.4215908402530069,0.0,0.0,1
3.12,PINN Conservative,0.25084051549494324,0.0007094614129762864,0.03570954931922572,0.050894982705622316,0.00017248094081878662,0.4217303991317749,0.8429005742073059,0.42145556581738236,0.0,0.0,1
3.125,PINN Conservative,0.25084161041705344,0.0007138295227811408,0.035807682691245055,0.051022738178876204,0.00016877055168151855,0.4215959310531616,0.8426301628351212,0.4213203584378231,0.0,0.0,1
3.13,PINN Conservative,0.25084269162383044,0.0007181429162907624,0.03590580841375724,0.051150411436028775,0.00016495585441589355,0.421461820602417,0.8423610478639603,0.42118579926689453,0.0,0.0,1
3.1350000000000002,PINN Conservative,0.2508437605248438,0.0007224072168774547,0.036003947056371464,0.051278168929104306,0.0001614987850189209,0.42132794857025146,0.8420916944742203,0.4210511208851833,0.0,0.0,1
3.14,PINN Conservative,0.2508448228926153,0.0007266454535846254,0.03610208133388817,0.05140561994993431,0.0001576542854309082,0.42119503021240234,0.8418244570493698,0.4209175004991682,0.0,0.0,1
3.145,PINN Conservative,0.2508458836345343,0.0007308772040751296,0.036200228662018615,0.051533169402466106,0.00015428662300109863,0.421062171459198,0.8415573090314865,0.4207839248171966,0.0,0.0,1
3.15,PINN Conservative,0.25084694025961607,0.0007350925307515262,0.036298375213713874,0.05166062340514421,0.00015097856521606445,0.42092984914779663,0.8412910550832748,0.42065079617566,0.0,0.0,1
3.1550000000000002,PINN Conservative,0.2508479786572514,0.0007392351403946516,0.03639652185341761,0.051787941173804586,0.0001475214958190918,0.42079776525497437,0.8410252779722214,0.42051790595568866,0.0,0.0,1
3.16,PINN Conservative,0.25084901507850643,0.0007433698654165735,0.03649467453633435,0.05191525799926899,0.0001440197229385376,0.4206660985946655,0.8407605588436127,0.42038554473356543,0.0,0.0,1
3.165,PINN Conservative,0.25085002174218735,0.0007473858748238392,0.03659280707924477,0.052042525061051004,0.0001404881477355957,0.4205349087715149,0.8404966443777084,0.4202535858478337,0.0,0.0,1
3.17,PINN Conservative,0.2508510391081537,0.0007514445801978396,0.03669095750119192,0.05216947899460267,0.0001373291015625,0.42040395736694336,0.8402329832315445,0.42012175362355847,0.0,0.0,1
3.1750000000000003,PINN Conservative,0.25085203556923774,0.0007554198871085126,0.03678909468002314,0.05229658427908285,0.000134393572807312,0.42027348279953003,0.8399701118469238,0.41999031628500083,0.0,0.0,1
3.18,PINN Conservative,0.2508530169277936,0.0007593349436134501,0.03688722784906203,0.05242335391568442,0.00013117492198944092,0.4201434850692749,0.8397082686424255,0.41985939304294345,0.0,0.0,1
3.185,PINN Conservative,0.2508539847649254,0.0007631960574090393,0.03698535745693336,0.05255031029462376,0.00012820959091186523,0.42001408338546753,0.8394475132226944,0.4197290137000819,0.0,0.0,1
3.19,PINN Conservative,0.2508549361272498,0.0007669914461938213,0.03708347603913273,0.052677216808436955,0.00012511014938354492,0.41988468170166016,0.8391870409250259,0.41959877592002487,0.0,0.0,1
3.1950000000000003,PINN Conservative,0.25085586850140784,0.0007707110831101045,0.037181587122254875,0.05280389644560962,0.00012230873107910156,0.419755756855011,0.8389270454645157,0.4194687765615331,0.0,0.0,1
3.2,PINN Conservative,0.25085679748215833,0.0007744171822809404,0.03727969547457416,0.052930509854921315,0.00011947751045227051,0.41962730884552,0.8386685252189636,0.419339514819759,0.0,0.0,1
3.205,PINN Conservative,0.2508576999943297,0.0007780176870365777,0.037377785885047164,0.053057122177246396,0.00011685490608215332,0.41949933767318726,0.8384101390838623,0.4192103201340502,0.0,0.0,1
3.21,PINN Conservative,0.25085858222809404,0.0007815372926050484,0.03747586231811344,0.05318348606177553,0.00011391937732696533,0.4193716049194336,0.8381527215242386,0.4190816097421459,0.0,0.0,1
3.215,PINN Conservative,0.2508594482928306,0.0007849923930474125,0.03757393635347285,0.05330975288155909,0.00011152029037475586,0.4192442297935486,0.8378955125808716,0.4189530036596765,0.0,0.0,1
3.22,PINN Conservative,0.25086029794242404,0.000788382006505123,0.03767199342512064,0.05343617193074707,0.00010855495929718018,0.41911715269088745,0.837639719247818,0.41882510539122914,0.0,0.0,1
3.225,PINN Conservative,0.250861110801513,0.0007916248469989568,0.03777002301434458,0.05356244412769995,0.00010630488395690918,0.41899001598358154,0.8373829275369644,0.41869670792762936,0.0,0.0,1
3.23,PINN Conservative,0.25086192575631083,0.0007948760481663009,0.03786805582755835,0.05368850156410615,0.00010383129119873047,0.4188638925552368,0.8371284157037735,0.4185694504171388,0.0,0.0,1
3.235,PINN Conservative,0.2508627133624809,0.0007980181440302479,0.03796607123506951,0.05381452478968535,0.00010153651237487793,0.4187380075454712,0.8368742167949677,0.41844234937080044,0.0,0.0,1
3.24,PINN Conservative,0.25086346082202904,0.0008010000779509951,0.03806405187656721,0.05394051553194906,9.927153587341309e-05,0.41861242055892944,0.8366204798221588,0.4183154792953535,0.0,0.0,1
3.245,PINN Conservative,0.25086420822937094,0.0008039818035988581,0.0381620304330198,0.05406619300408233,9.688735008239746e-05,0.418487012386322,0.8363673537969589,0.41818891469753716,0.0,0.0,1
3.25,PINN Conservative,0.25086492065851157,0.0008068239863307974,0.03825998237514006,0.054192136106632594,9.496510028839111e-05,0.41836196184158325,0.8361145257949829,0.41806249911319915,0.0,0.0,1
3.255,PINN Conservative,0.25086560426979093,0.0008095512023622114,0.038357910720028386,0.05431757480053295,9.25213098526001e-05,0.41823774576187134,0.8358639627695084,0.4179372160312964,0.0,0.0,1
3.2600000000000002,PINN Conservative,0.25086626597681083,0.0008121910329900139,0.03845581941641787,0.05444322603739432,9.064376354217529e-05,0.41811347007751465,0.8356125503778458,0.4178115082609804,0.0,0.0,1
3.265,PINN Conservative,0.2508669023861637,0.0008147299404687573,0.038553708905746546,0.054568435853943,8.866190910339355e-05,0.41798949241638184,0.8353623300790787,0.41768639654457773,0.0,0.0,1
3.27,PINN Conservative,0.25086750941084435,0.0008171516199969677,0.03865156661437989,0.05469392118572436,8.684396743774414e-05,0.4178659915924072,0.8351123481988907,0.4175614040389577,0.0,0.0,1
3.275,PINN Conservative,0.25086808671524097,0.0008194547326766465,0.038749402601269085,0.054819075885695234,8.514523506164551e-05,0.41774284839630127,0.8348632752895355,0.4174368660244466,0.0,0.0,1
3.2800000000000002,PINN Conservative,0.25086863832669454,0.0008216553452831142,0.03884720876565789,0.05494410612737699,8.308887481689453e-05,0.41761958599090576,0.8346141874790192,0.41731232055926154,0.0,0.0,1
3.285,PINN Conservative,0.2508691612918217,0.0008237416755144689,0.03894499467067345,0.055069364742299565,8.177757263183594e-05,0.4174972176551819,0.8343663364648819,0.4171883935000116,0.0,0.0,1
3.29,PINN Conservative,0.25086964777222387,0.0008256824526664262,0.03904274967433236,0.055194115163745894,8.0108642578125e-05,0.41737496852874756,0.8341189622879028,0.4170647048623269,0.0,0.0,1
3.295,PINN Conservative,0.25087010052737535,0.0008274886854550031,0.0391404652157162,0.05531903764403895,7.876753807067871e-05,0.41725295782089233,0.833872064948082,0.41694125464620757,0.0,0.0,1
3.3000000000000003,PINN Conservative,0.2508705320494908,0.0008292102106355231,0.039238167237257794,0.055443771370559614,7.718801498413086e-05,0.41713130474090576,0.8336256295442581,0.4168180354009796,0.0,0.0,1
3.305,PINN Conservative,0.2508709269973848,0.0008307858256971939,0.039335827467483896,0.055568311052292596,7.59810209274292e-05,0.4170101284980774,0.8333801180124283,0.41669527809753454,0.0,0.0,1
3.31,PINN Conservative,0.2508712793897103,0.0008321916685037421,0.039433448799502994,0.055693079279484414,7.468461990356445e-05,0.416888952255249,0.8331349343061447,0.41657268470891556,0.0,0.0,1
3.315,PINN Conservative,0.2508716072301726,0.0008334995634894774,0.03953104596588949,0.055817364337434894,7.352232933044434e-05,0.4167683720588684,0.8328904956579208,0.41645046385399237,0.0,0.0,1
3.3200000000000003,PINN Conservative,0.2508718954759078,0.0008346494982752609,0.03962860433925884,0.05594158347296235,7.241964340209961e-05,0.4166479706764221,0.8326464891433716,0.4163284590686128,0.0,0.0,1
3.325,PINN Conservative,0.2508721401816135,0.0008356257333721759,0.03972612025367622,0.056065678676745556,7.134675979614258e-05,0.4165281057357788,0.8324035555124283,0.4162069907317552,0.0,0.0,1
3.33,PINN Conservative,0.2508723511322364,0.0008364673050926339,0.039823603900998976,0.05618982247448073,7.030367851257324e-05,0.4164077043533325,0.8321595191955566,0.4160849710450278,0.0,0.0,1
3.335,PINN Conservative,0.250872536576367,0.0008372071205713887,0.03992105952312373,0.05631354718663828,6.964802742004395e-05,0.4162886142730713,0.8319177776575089,0.4159640987620835,0.0,0.0,1
3.34,PINN Conservative,0.25087267731701407,0.0008377685948486261,0.04001847097111636,0.05643751019374621,6.884336471557617e-05,0.4161692261695862,0.83167564868927,0.4158430327616174,0.0,0.0,1
3.345,PINN Conservative,0.2508727783585215,0.0008381716923797001,0.04011584196749393,0.05656109023759481,6.808340549468994e-05,0.4160504937171936,0.8314349949359894,0.415722704377869,0.0,0.0,1
3.35,PINN Conservative,0.25087283873880234,0.0008384125749906727,0.040213167246529194,0.056684607629376216,6.74128532409668e-05,0.41593194007873535,0.8311938941478729,0.4156021524739031,0.0,0.0,1
3.355,PINN Conservative,0.2508728498960281,0.000838457085907713,0.040310447639680565,0.056807983586809996,6.665289402008057e-05,0.41581350564956665,0.8309540152549744,0.4154822115251983,0.0,0.0,1
3.36,PINN Conservative,0.2508728263808323,0.0008383632737941947,0.040407693783179606,0.05693136564135681,6.629526615142822e-05,0.41569554805755615,0.8307143896818161,0.41536239723795015,0.0,0.0,1
3.365,PINN Conservative,0.25087275898999517,0.0008380944230935877,0.0405048888930049,0.05705468134285996,6.586313247680664e-05,0.41557765007019043,0.8304750174283981,0.41524270961215853,0.0,0.0,1
3.37,PINN Conservative,0.2508726519895149,0.0008376675526864903,0.040602041253793346,0.05717767734548235,6.580352783203125e-05,0.415460467338562,0.8302365243434906,0.415123461576128,0.0,0.0,1
3.375,PINN Conservative,0.2508724928498865,0.0008370326770503479,0.04069914205147107,0.05730068014998435,6.51925802230835e-05,0.41534316539764404,0.829998642206192,0.41500451901772806,0.0,0.0,1
3.38,PINN Conservative,0.25087229647227116,0.0008362492432526281,0.0407962039445319,0.05742348832194377,6.51329755783081e-05,0.4152265191078186,0.82976134121418,0.4148858670356108,0.0,0.0,1
3.3850000000000002,PINN Conservative,0.2508720392967249,0.0008352232606601974,0.040893204318805935,0.05754631009794631,6.511807441711426e-05,0.41510993242263794,0.8295243680477142,0.4147673789683197,0.0,0.0,1
3.39,PINN Conservative,0.2508717492461443,0.0008340661255788443,0.04099016231191298,0.05766861053808081,6.493926048278809e-05,0.41499340534210205,0.8292876332998276,0.4146490101118113,0.0,0.0,1
3.395,PINN Conservative,0.2508714044386441,0.0008326905418652074,0.041087068371159816,0.05779110702004231,6.505846977233887e-05,0.4148774743080139,0.8290519416332245,0.41453116280247704,0.0,0.0,1
3.4,PINN Conservative,0.2508710229077616,0.0008311684529666735,0.04118393258876684,0.05791354144596217,6.511807441711426e-05,0.4147619605064392,0.8288168758153915,0.41441362842144724,0.0,0.0,1
3.4050000000000002,PINN Conservative,0.25087058169765397,0.0008294082782664627,0.04128073028663162,0.058035631730556314,6.540119647979736e-05,0.41464632749557495,0.8285815417766571,0.41429595992828694,0.0,0.0,1
3.41,PINN Conservative,0.25087008927319504,0.0008274437877450206,0.04137747589144575,0.05815769512820851,6.601214408874512e-05,0.4145306944847107,0.8283461332321167,0.4141782541817571,0.0,0.0,1
3.415,PINN Conservative,0.2508695560010584,0.0008253163384708618,0.04147417369303984,0.05827969786030973,6.574392318725586e-05,0.41441595554351807,0.8281129747629166,0.4140616734869886,0.0,0.0,1
3.42,PINN Conservative,0.2508689540702182,0.0008229149804376785,0.04157080230950432,0.05840149781981868,6.642937660217285e-05,0.41430097818374634,0.8278788924217224,0.41394463085043726,0.0,0.0,1
3.4250000000000003,PINN Conservative,0.2508683171537187,0.0008203740497355239,0.04166738383119088,0.05852311551529876,6.690621376037598e-05,0.4141865372657776,0.8276458084583282,0.41382808740903837,0.0,0.0,1
3.43,PINN Conservative,0.2508676170303418,0.0008175809599269569,0.04176390772572194,0.058644576759273204,6.756186485290527e-05,0.41407251358032227,0.8274136036634445,0.4137119835574005,0.0,0.0,1
3.435,PINN Conservative,0.25086686977961875,0.0008145998590981894,0.0418603753410821,0.058765923099413364,6.821751594543457e-05,0.4139583110809326,0.8271806985139847,0.41359552952408857,0.0,0.0,1
3.44,PINN Conservative,0.25086606299137326,0.0008113812377800809,0.04195677581630364,0.058887415887587,6.902217864990234e-05,0.4138445258140564,0.8269488513469696,0.4134796044886247,0.0,0.0,1
3.4450000000000003,PINN Conservative,0.2508651981124649,0.0008079308681103947,0.04205311622570333,0.059008105310570935,6.985664367675781e-05,0.41373109817504883,0.8267176151275635,0.4133639849307914,0.0,0.0,1
3.45,PINN Conservative,0.25086427935668537,0.000804265560695959,0.04214939873472638,0.05912924448645046,7.079541683197021e-05,0.4136176109313965,0.8264863789081573,0.4132483653729581,0.0,0.0,1
3.455,PINN Conservative,0.25086331238468607,0.0008004078982815874,0.04224561962456566,0.05925032163001426,7.167458534240723e-05,0.41350454092025757,0.826256051659584,0.4131332003062337,0.0,0.0,1
3.46,PINN Conservative,0.2508622714736918,0.0007962552617809918,0.04234176676548211,0.059370910792961695,7.271766662597656e-05,0.4133918285369873,0.8260261416435242,0.41301824385837893,0.0,0.0,1
3.465,PINN Conservative,0.2508611732998768,0.0007918741795432473,0.04243784815033133,0.05949127585316072,7.398426532745361e-05,0.4132789969444275,0.8257957845926285,0.41290306389030673,0.0,0.0,1
3.47,PINN Conservative,0.25086002147293185,0.0007872790521594931,0.042533872738964654,0.059611412761646554,7.548928260803223e-05,0.4131668210029602,0.8255666494369507,0.41278849487749564,0.0,0.0,1
3.475,PINN Conservative,0.250858807885969,0.0007824375378068684,0.042629821535051377,0.059731796689146965,7.630884647369385e-05,0.41305452585220337,0.8253380954265594,0.41267421644096725,0.0,0.0,1
3.48,PINN Conservative,0.2508575311368769,0.0007773440428674462,0.04272571045614926,0.05985192346258683,7.793307304382324e-05,0.4129425883293152,0.8251094073057175,0.41255987094837365,0.0,0.0,1
3.485,PINN Conservative,0.2508561994966205,0.0007720315637364523,0.0428215304279775,0.05997186434697355,7.921457290649414e-05,0.4128307104110718,0.8248810768127441,0.41244570427195404,0.0,0.0,1
3.49,PINN Conservative,0.2508548019944249,0.0007664563333285757,0.04291727597053997,0.060091434669267974,8.046627044677734e-05,0.41271936893463135,0.8246539831161499,0.41233215600146944,0.0,0.0,1
3.495,PINN Conservative,0.2508533306278147,0.0007605864263673883,0.043012942276523636,0.06021094511950953,8.234381675720215e-05,0.41260790824890137,0.8244262337684631,0.4122182799013326,0.0,0.0,1
3.5,PINN Conservative,0.2508518067864446,0.0007545071752793785,0.04310855047658694,0.060330680696037864,8.374452590942383e-05,0.4124966263771057,0.8241992294788361,0.4121047763348915,0.0,0.0,1
3.505,PINN Conservative,0.2508502121832039,0.0007481456250051218,0.0432040766988319,0.060449987098048774,8.572638034820557e-05,0.4123857617378235,0.8239722549915314,0.4119912876697983,0.0,0.0,1
3.5100000000000002,PINN Conservative,0.2508485493165356,0.0007415117428957714,0.04329953016933049,0.06056898487891188,8.735060691833496e-05,0.41227513551712036,0.8237465173006058,0.41187841741064013,0.0,0.0,1
3.515,PINN Conservative,0.25084681582224144,0.000734596097159462,0.04339490135496271,0.06068809260904601,8.924305438995361e-05,0.41216474771499634,0.8235210478305817,0.4117656812636124,0.0,0.0,1
3.52,PINN Conservative,0.25084502725778995,0.0007274607531524564,0.04349020998728192,0.060806882789210814,9.125471115112305e-05,0.41205430030822754,0.8232951015233994,0.4116527066950194,0.0,0.0,1
3.525,PINN Conservative,0.2508431534255828,0.000719985239816331,0.04358542475607993,0.06092551074980357,9.319186210632324e-05,0.41194427013397217,0.8230703622102737,0.4115403356310136,0.0,0.0,1
3.5300000000000002,PINN Conservative,0.2508412273348989,0.0007123012451988537,0.04368058061517967,0.06104400261957604,9.541213512420654e-05,0.4118342995643616,0.822845458984375,0.41142788260959473,0.0,0.0,1
3.535,PINN Conservative,0.2508392237029873,0.0007043079056572822,0.043775645328142314,0.06116244951679051,9.75579023361206e-05,0.4117245674133301,0.822621077299118,0.41131569036176296,0.0,0.0,1
3.54,PINN Conservative,0.25083714957023645,0.0006960333082945494,0.04387063183956291,0.06128082563508691,9.97781753540039e-05,0.4116150140762329,0.822396919131279,0.4112036098740399,0.0,0.0,1
3.545,PINN Conservative,0.2508350011852529,0.0006874624872071799,0.043965538639300424,0.06139886358930979,0.00010193884372711182,0.41150611639022827,0.8221745193004608,0.411092408565839,0.0,0.0,1
3.5500000000000003,PINN Conservative,0.2508327786226172,0.00067859573992853,0.04406035502124758,0.061516453332391974,0.00010457634925842285,0.4113970398902893,0.8219507485628128,0.41098052179563777,0.0,0.0,1
3.555,PINN Conservative,0.25083048203894803,0.0006694336912772523,0.0441550892091711,0.06163428214003419,0.0001068413257598877,0.411287784576416,0.8217272907495499,0.41086879148958877,0.0,0.0,1
3.56,PINN Conservative,0.2508281203466015,0.0006600118964310503,0.044249748627161876,0.06175188574989471,0.0001093447208404541,0.41117894649505615,0.8215048462152481,0.4107575678293661,0.0,0.0,1
3.565,PINN Conservative,0.2508256748109847,0.0006502556151336846,0.04434431922233615,0.061869373947633644,0.00011181831359863281,0.4110703468322754,0.8212826997041702,0.41064649318262175,0.0,0.0,1
3.5700000000000003,PINN Conservative,0.2508231586328259,0.0006402175107023787,0.044438805769797876,0.061986628795921817,0.00011444091796875,0.41096174716949463,0.8210601657629013,0.4105352248183556,0.0,0.0,1
3.575,PINN Conservative,0.25082056219125537,0.0006298592013977502,0.04453319687038628,0.062103674048900825,0.00011736154556274414,0.4108538031578064,0.8208389729261398,0.41042462701474186,0.0,0.0,1
3.58,PINN Conservative,0.2508178884993206,0.0006191927075469684,0.0446275066155043,0.06222052877201406,0.00012004375457763672,0.4107457399368286,0.8206177800893784,0.41031402921112814,0.0,0.0,1
3.585,PINN Conservative,0.2508151366023927,0.0006082142207298071,0.04472172485785393,0.062337332776453924,0.0001227259635925293,0.4106377363204956,0.8203967362642288,0.41020350591425364,0.0,0.0,1
3.59,PINN Conservative,0.2508123136228985,0.0005969521553349385,0.04481585698404404,0.062453757163702106,0.00012597441673278809,0.41053009033203125,0.8201758861541748,0.41009307947614,0.0,0.0,1
3.595,PINN Conservative,0.25080940434643934,0.0005853458146573679,0.04490989585266521,0.06257001875816331,0.00012871623039245605,0.41042256355285645,0.8199559152126312,0.4099830926277874,0.0,0.0,1
3.6,PINN Conservative,0.25080640710987245,0.0005733885637138615,0.04500383644458477,0.06268638005301952,0.00013181567192077637,0.4103151559829712,0.8197356760501862,0.40987297166730435,0.0,0.0,1
3.605,PINN Conservative,0.250803336396709,0.0005611381833879273,0.0450976852985192,0.06280239756689376,0.00013475120067596436,0.41020768880844116,0.8195158243179321,0.40976304442434314,0.0,0.0,1
3.61,PINN Conservative,0.25080017446427494,0.0005485238906096766,0.0451914395824084,0.06291831094452316,0.00013828277587890625,0.41010087728500366,0.8192964345216751,0.4096533481522733,0.0,0.0,1
3.615,PINN Conservative,0.25079693643001466,0.0005356059952918259,0.045285101447924345,0.06303386021999391,0.00014118850231170654,0.4099939465522766,0.8190776407718658,0.4095439499071601,0.0,0.0,1
3.62,PINN Conservative,0.25079362359908486,0.0005223897042593602,0.04537867250706963,0.06314923412140078,0.0001443624496459961,0.4098871350288391,0.8188587129116058,0.4094344846059817,0.0,0.0,1
3.625,PINN Conservative,0.2507902128142757,0.0005087826335570101,0.045472137184003766,0.0632646635777353,0.000148087739944458,0.4097805619239807,0.818639874458313,0.4093250640088468,0.0,0.0,1
3.63,PINN Conservative,0.2507867198344227,0.0004948476518793058,0.04556550884213842,0.06337984190302764,0.00015117228031158447,0.4096742868423462,0.8184223026037216,0.4092162767189947,0.0,0.0,1
3.6350000000000002,PINN Conservative,0.2507831360529493,0.0004805504239334662,0.045658773596385434,0.06349465357843964,0.00015470385551452637,0.4095681309700012,0.818204715847969,0.40910748197846875,0.0,0.0,1
3.64,PINN Conservative,0.2507794791081169,0.00046596131624316857,0.04575195373485362,0.06360930881143079,0.0001583099365234375,0.4094619154930115,0.8179866522550583,0.4089984488163775,0.0,0.0,1
3.645,PINN Conservative,0.2507757259172959,0.0004509882423853926,0.04584502780417415,0.0637242260219758,0.00016179680824279785,0.40935611724853516,0.8177695870399475,0.4088899148494386,0.0,0.0,1
3.65,PINN Conservative,0.2507718856538738,0.00043566779890270586,0.045938001152057525,0.06383851232248955,0.00016540288925170898,0.4092504382133484,0.8175531327724457,0.4087816863601303,0.0,0.0,1
3.6550000000000002,PINN Conservative,0.2507679632550723,0.0004200196824714828,0.046030875132565305,0.06395288414544559,0.00016939640045166016,0.4091447591781616,0.8173361271619797,0.40867318219588705,0.0,0.0,1
3.66,PINN Conservative,0.2507639327445426,0.00040394026239295484,0.04612363027159731,0.06406662740652519,0.00017310678958892822,0.4090391993522644,0.8171193599700928,0.4085647972424265,0.0,0.0,1
3.665,PINN Conservative,0.25075982580403305,0.00038755593063031894,0.04621629516307407,0.06418044611942908,0.0001770704984664917,0.40893375873565674,0.8169030398130417,0.4084566358091834,0.0,0.0,1
3.67,PINN Conservative,0.25075562062623863,0.0003707796885726842,0.04630884531581768,0.06429441652262469,0.00018067657947540283,0.4088286757469177,0.8166876137256622,0.4083489214163753,0.0,0.0,1
3.6750000000000003,PINN Conservative,0.250751328942654,0.0003536583381399248,0.04640129796499312,0.0644078215298779,0.0001846998929977417,0.4087235927581787,0.8164719343185425,0.40824108036211065,0.0,0.0,1
3.68,PINN Conservative,0.2507469381715681,0.0003361416855374873,0.046493634830911366,0.06452113912836399,0.00018841028213500977,0.40861862897872925,0.8162567615509033,0.40813349263075915,0.0,0.0,1
3.685,PINN Conservative,0.2507424580606374,0.00031826861831099477,0.046585869175977616,0.06463437046291548,0.00019246339797973633,0.40851372480392456,0.8160415440797806,0.40802588254738587,0.0,0.0,1
3.69,PINN Conservative,0.25073788188271096,0.00030001229899570553,0.04667799665322819,0.06474692062675308,0.00019672513008117676,0.4084087014198303,0.8158257156610489,0.40791796698638205,0.0,0.0,1
3.6950000000000003,PINN Conservative,0.25073321026426415,0.0002813752268680021,0.04677000737884899,0.06485998284730843,0.0002009570598602295,0.40830421447753906,0.8156111240386963,0.40781066983131325,0.0,0.0,1
3.7,PINN Conservative,0.25072843784296717,0.0002623360093145025,0.04686190826219226,0.06497242576575296,0.0002047121524810791,0.4081997871398926,0.8153974264860153,0.40770381971667946,0.0,0.0,1
3.705,PINN Conservative,0.2507235834354514,0.0002429697138778502,0.04695370741880579,0.06508463262387176,0.00020919740200042725,0.4080953001976013,0.8151825219392776,0.4075963660974584,0.0,0.0,1
3.71,PINN Conservative,0.25071861262286865,0.0002231390291390813,0.04704538344527726,0.06519700790937816,0.00021357834339141846,0.40799111127853394,0.8149683922529221,0.40748929991328103,0.0,0.0,1
3.715,PINN Conservative,0.2507135560055514,0.00020296603283448338,0.047136949144225296,0.06530872650429809,0.0002178102731704712,0.40788698196411133,0.8147548139095306,0.4073825094040386,0.0,0.0,1
3.72,PINN Conservative,0.2507083973026013,0.00018238577353869073,0.04722840084850239,0.0654205958420469,0.0002222508192062378,0.40778303146362305,0.8145413845777512,0.4072757934015353,0.0,0.0,1
3.725,PINN Conservative,0.25070313380675036,0.00016138745080857027,0.04731973137513873,0.06553203036010302,0.00022679567337036133,0.4076792001724243,0.814328208565712,0.40716920406048857,0.0,0.0,1
3.73,PINN Conservative,0.25069777154409373,0.00013999510529978933,0.04741095001253395,0.0656437464130395,0.00023108720779418945,0.4075751304626465,0.8141146898269653,0.40706244335394176,0.0,0.0,1
3.735,PINN Conservative,0.25069229819395167,0.00011815958458265865,0.047502043879316926,0.06575467221115938,0.00023575127124786377,0.40747129917144775,0.8139013051986694,0.40695574970346016,0.0,0.0,1
3.74,PINN Conservative,0.25068675074073765,9.602843520649635e-05,0.04759303930406207,0.06586546449455294,0.00024014711380004883,0.4073678255081177,0.8136890828609467,0.40684963720554407,0.0,0.0,1
3.745,PINN Conservative,0.2506810733983228,7.33791025856579e-05,0.047683895679409026,0.06597620967411472,0.0002445727586746216,0.4072645902633667,0.8134772181510925,0.406743703523802,0.0,0.0,1
3.75,PINN Conservative,0.2506753078123948,5.0377729073990574e-05,0.04777464198180851,0.06608683166270041,0.0002492070198059082,0.4071611762046814,0.8132648468017578,0.40663751651914676,0.0,0.0,1
3.755,PINN Conservative,0.25066943248142826,2.6938535945525554e-05,0.04786526554015393,0.06619721463082845,0.00025397539138793945,0.4070577621459961,0.8130523711442947,0.40653127735977407,0.0,0.0,1
3.7600000000000002,PINN Conservative,0.25066345106732024,3.076132064286407e-06,0.04795576912208238,0.0663071653088772,0.0002588927745819092,0.40695440769195557,0.8128402829170227,0.40642523191792324,0.0,0.0,1
3.765,PINN Conservative,0.2506573667770272,2.119668865689466e-05,0.04804615021617292,0.06641752440108051,0.0002636909484863281,0.406851589679718,0.812628909945488,0.40631954410842036,0.0,0.0,1
3.77,PINN Conservative,0.25065116679018085,4.593107211784894e-05,0.04813640116357565,0.0665270412694251,0.00026829540729522705,0.4067484140396118,0.8124174922704697,0.40621383394689575,0.0,0.0,1
3.775,PINN Conservative,0.25064486964000715,7.105308140060471e-05,0.04822653550312938,0.06663667064301398,0.0002732574939727783,0.4066454768180847,0.8122061640024185,0.40610816848941467,0.0,0.0,1
3.7800000000000002,PINN Conservative,0.25063845826251374,9.663079202556276e-05,0.04831653926319829,0.06674587713012092,0.0002781897783279419,0.4065428376197815,0.8119949251413345,0.40600254773597705,0.0,0.0,1
3.785,PINN Conservative,0.2506319425172276,0.0001226248701478412,0.04840641882789404,0.0668550194039973,0.0002830326557159424,0.40644019842147827,0.8117847889661789,0.40589747833240925,0.0,0.0,1
3.79,PINN Conservative,0.250625317235728,0.0001490559347949375,0.04849617709891519,0.06696394876541861,0.0002881288528442383,0.4063376784324646,0.8115741014480591,0.40579213325390656,0.0,0.0,1
3.795,PINN Conservative,0.25061857805506244,0.0001759413916395065,0.04858580031937999,0.06707299979349735,0.00029315054416656494,0.4062347412109375,0.8113625794649124,0.4056863709376645,0.0,0.0,1
3.8000000000000003,PINN Conservative,0.25061173070300446,0.00020325839015753383,0.04867530067803161,0.06718117726053485,0.0002978891134262085,0.40613240003585815,0.811152994632721,0.40558157720903165,0.0,0.0,1
3.805,PINN Conservative,0.2506047689595499,0.0002310317445901282,0.04876466517961855,0.06728931063099164,0.000302925705909729,0.40602993965148926,0.8109424561262131,0.4054763066372681,0.0,0.0,1
3.81,PINN Conservative,0.2505976969862843,0.00025924485260334546,0.04885389875322611,0.06739782418585971,0.00030815601348876953,0.4059275984764099,0.8107322752475739,0.40537121488167854,0.0,0.0,1
3.815,PINN Conservative,0.2505905058037292,0.00028793353715431157,0.04894299903239609,0.06750532615827881,0.00031319260597229004,0.40582525730133057,0.8105225116014481,0.40526633174495863,0.0,0.0,1
3.8200000000000003,PINN Conservative,0.2505832093584167,0.0003170421595971138,0.04903197895350286,0.06761306925837668,0.00031828880310058594,0.40572333335876465,0.8103134632110596,0.40516180624058673,0.0,0.0,1
3.825,PINN Conservative,0.2505757954340797,0.00034661945581500846,0.04912082104646012,0.06772027963385502,0.00032375752925872803,0.4056209921836853,0.8101031631231308,0.40505665487960585,0.0,0.0,1
3.83,PINN Conservative,0.25056826083867756,0.0003766781602151752,0.04920952547034741,0.0678275543347589,0.000328943133354187,0.40551894903182983,0.8098936080932617,0.4049518760523208,0.0,0.0,1
3.835,PINN Conservative,0.25056062406068813,0.00040714451439903597,0.049298101790989056,0.06793471032261333,0.00033405423164367676,0.40541720390319824,0.8096849024295807,0.4048475219134489,0.0,0.0,1
3.84,PINN Conservative,0.2505528540821286,0.0004381422622875023,0.049386532669133835,0.06804137120025516,0.0003393590450286865,0.4053151607513428,0.8094756305217743,0.4047428846489683,0.0,0.0,1
3.845,PINN Conservative,0.2505449732323667,0.0004695823225390693,0.049474833047189734,0.06814803992909707,0.0003448277711868286,0.4052134156227112,0.8092668056488037,0.4046384709047051,0.0,0.0,1
3.85,PINN Conservative,0.2505369746872971,0.0005014919194114208,0.04956299790686316,0.06825412144790088,0.00035008788108825684,0.4051113724708557,0.8090575188398361,0.4045338261895505,0.0,0.0,1
3.855,PINN Conservative,0.25052885870795105,0.0005338700115396925,0.04965101909048718,0.06836021278394977,0.00035575032234191895,0.4050096273422241,0.8088483810424805,0.4044292559811351,0.0,0.0,1
3.86,PINN Conservative,0.25052062042422957,0.0005667360278195076,0.04973891076884858,0.06846631491373079,0.00036090612411499023,0.4049081802368164,0.8086406588554382,0.40432539358674174,0.0,0.0,1
3.865,PINN Conservative,0.2505122583370667,0.0006000959486621784,0.04982664947027895,0.06857189236759298,0.0003660470247268677,0.40480661392211914,0.808432400226593,0.4042212629680874,0.0,0.0,1
3.87,PINN Conservative,0.2505037812096578,0.000633914813955606,0.0499142585914706,0.06867748255518547,0.0003718733787536621,0.40470510721206665,0.8082241266965866,0.4041171248987592,0.0,0.0,1
3.875,PINN Conservative,0.25049517493139395,0.0006682489169182898,0.05000171727195261,0.06878266920755066,0.00037695467472076416,0.40460360050201416,0.8080161958932877,0.40401315819493094,0.0,0.0,1
3.88,PINN Conservative,0.250486455335691,0.0007030350913223433,0.05008904478723794,0.06888775130720098,0.0003824979066848755,0.4045024514198303,0.8078088909387589,0.40390950441940726,0.0,0.0,1
3.8850000000000002,PINN Conservative,0.2504776102137398,0.000738322043298418,0.050176221729724836,0.06899256284685074,0.00038771331310272217,0.4044013023376465,0.8076016902923584,0.40380590279860096,0.0,0.0,1
3.89,PINN Conservative,0.25046864128834734,0.0007741028998369054,0.05026326136464705,0.06909712882713753,0.00039333105087280273,0.4042999744415283,0.8073937445878983,0.4037019286440989,0.0,0.0,1
3.895,PINN Conservative,0.2504595454271372,0.0008103901573188317,0.05035015301466009,0.06920142892641068,0.0003989189863204956,0.4041988253593445,0.807186484336853,0.4035982972205969,0.0,0.0,1
3.9,PINN Conservative,0.2504503351521563,0.0008471338599755754,0.050436903594047365,0.06930547217707483,0.00040435791015625,0.40409761667251587,0.8069792687892914,0.4034946881491167,0.0,0.0,1
3.9050000000000002,PINN Conservative,0.2504409824584698,0.0008844457313984429,0.050523497588126666,0.06940947537013692,0.0004101097583770752,0.40399664640426636,0.806771993637085,0.40339104927494085,0.0,0.0,1
3.91,PINN Conservative,0.2504315100483469,0.0009222352025835777,0.050609947990419624,0.06951302937427672,0.00041556358337402344,0.4038954973220825,0.8065649271011353,0.4032875147101998,0.0,0.0,1
3.915,PINN Conservative,0.2504219061380869,0.000960549283723074,0.05069624947451369,0.0696164988424392,0.00042122602462768555,0.40379440784454346,0.8063578009605408,0.40318395034276305,0.0,0.0,1
3.92,PINN Conservative,0.25041218596446263,0.0009993271888521296,0.05078241163982421,0.06971982340565946,0.0004266202449798584,0.4036937355995178,0.8061518520116806,0.40308097457856573,0.0,0.0,1
3.9250000000000003,PINN Conservative,0.2504023317027617,0.0010386400283265945,0.05086842078423727,0.06982254317295727,0.0004323720932006836,0.403592586517334,0.805944636464119,0.40297736550708557,0.0,0.0,1
3.93,PINN Conservative,0.2503923395568425,0.0010785029465695585,0.050954273102128404,0.06992543665055334,0.00043776631355285645,0.4034916162490845,0.8057382255792618,0.40287415877199684,0.0,0.0,1
3.935,PINN Conservative,0.2503822340338199,0.0011188181742802672,0.051039983982026915,0.0700278095660466,0.00044357776641845703,0.40339088439941406,0.8055316656827927,0.40277087753016894,0.0,0.0,1
3.94,PINN Conservative,0.2503719848988054,0.0011597063312832681,0.05112553656942076,0.07012979141464659,0.00044912099838256836,0.403289794921875,0.8053247779607773,0.4026674323735149,0.0,0.0,1
3.9450000000000003,PINN Conservative,0.25036160838049093,0.0012011026744271872,0.05121094127671352,0.07023209835628774,0.0004547536373138428,0.4031893014907837,0.8051193207502365,0.4025647024815568,0.0,0.0,1
3.95,PINN Conservative,0.250351104948733,0.0012430053292542946,0.05129619074691777,0.07033389682615837,0.0004602372646331787,0.40308839082717896,0.8049128651618958,0.4024614733944463,0.0,0.0,1
3.955,PINN Conservative,0.25034046053767084,0.001285470410463696,0.051381286805360776,0.07043560495302398,0.0004658699035644531,0.4029877185821533,0.8047071695327759,0.4023586242917056,0.0,0.0,1
3.96,PINN Conservative,0.2503296917265242,0.0013284317764988157,0.051466230676758776,0.07053680639668303,0.000471651554107666,0.40288692712783813,0.8045009672641754,0.4022555218660517,0.0,0.0,1
3.9650000000000003,PINN Conservative,0.25031878674650815,0.0013719363780463165,0.05155101707819161,0.07063774046410065,0.00047719478607177734,0.4027861952781677,0.804295003414154,0.40215253865118045,0.0,0.0,1
3.97,PINN Conservative,0.25030773482821483,0.001416027178852799,0.05163563323249076,0.07073907047485561,0.00048285722732543945,0.4026855230331421,0.8040892779827118,0.4020496746470919,0.0,0.0,1
3.975,PINN Conservative,0.25029656086657737,0.0014606048624459607,0.05172011444100966,0.07083940605070294,0.0004885196685791016,0.4025847911834717,0.8038832247257233,0.40194664672817715,0.0,0.0,1
3.98,PINN Conservative,0.25028525495732035,0.0015057089411911846,0.05180443013296917,0.0709396441344321,0.0004943013191223145,0.40248429775238037,0.8036781251430511,0.40184409565239304,0.0,0.0,1
3.985,PINN Conservative,0.2502738098363141,0.001551368394790143,0.051888589015202345,0.07103989263576055,0.0004999041557312012,0.4023835062980652,0.8034720718860626,0.40174106773347834,0.0,0.0,1
3.99,PINN Conservative,0.2502622195893341,0.0015976068175988013,0.051972583755749105,0.07113963990654809,0.0005050748586654663,0.4022831320762634,0.8032674640417099,0.40163876252993347,0.0,0.0,1
3.995,PINN Conservative,0.25025049302432395,0.0016443890709854456,0.052056415385109724,0.07123948285767268,0.0005110651254653931,0.40218275785446167,0.8030620813369751,0.40153606989134494,0.0,0.0,1
4.0,PINN Conservative,0.2502386273967253,0.0016917261041602192,0.052140089587662496,0.07133894830722287,0.0005166828632354736,0.40208178758621216,0.8028558641672134,0.40143296001501716,0.0,0.0,1
4.005,PINN Conservative,0.250226629016039,0.001739592745841898,0.05222360605596795,0.07143802872823729,0.0005223006010055542,0.4019814729690552,0.8026514947414398,0.401330774022255,0.0,0.0,1
4.01,PINN Conservative,0.25021448806748614,0.0017880281513559697,0.05230695646777226,0.07153691217158964,0.0005278289318084717,0.40188074111938477,0.8024459630250931,0.4012280068769273,0.0,0.0,1
4.015,PINN Conservative,0.2502022086007817,0.001837016164667971,0.05239014477578367,0.07163546026977391,0.0005334913730621338,0.40178030729293823,0.8022408932447433,0.40112547070249105,0.0,0.0,1
4.0200000000000005,PINN Conservative,0.2501897843437152,0.0018865818082918946,0.05247316928862268,0.07173413911253879,0.000539243221282959,0.4016798138618469,0.8020359724760056,0.40102300903479393,0.0,0.0,1
4.025,PINN Conservative,0.25017722701286527,0.001936678339814405,0.05255603174060243,0.07183220367937249,0.0005449354648590088,0.40157920122146606,0.8018306493759155,0.4009203461989011,0.0,0.0,1
4.03,PINN Conservative,0.25016451821670876,0.0019873791308404735,0.05263872360191694,0.07193031045878667,0.000550389289855957,0.40147852897644043,0.8016255795955658,0.40081781002446487,0.0,0.0,1
4.035,PINN Conservative,0.2501516633996138,0.0020386624614709787,0.05272124732651606,0.07202798344738243,0.0005559176206588745,0.4013782739639282,0.8014213889837265,0.4007157134397897,0.0,0.0,1
4.04,PINN Conservative,0.2501386794092896,0.002090461119031212,0.052803619154348606,0.07212518497228154,0.0005615800619125366,0.4012777805328369,0.8012168109416962,0.40061342313759263,0.0,0.0,1
4.045,PINN Conservative,0.2501255416192927,0.0021428733488737923,0.052885813528017425,0.07222244860146065,0.0005667209625244141,0.4011768698692322,0.8010114580392838,0.400510745400352,0.0,0.0,1
4.05,PINN Conservative,0.2501122598071117,0.002195860144439798,0.05296783716371272,0.07231942123024182,0.0005726218223571777,0.40107661485671997,0.8008070737123489,0.4004085519569159,0.0,0.0,1
4.055,PINN Conservative,0.25009884155757195,0.0022493912466365396,0.05304970228690529,0.07241602297161398,0.0005779862403869629,0.40097612142562866,0.8006028085947037,0.4003064181188711,0.0,0.0,1
4.0600000000000005,PINN Conservative,0.25008526607020365,0.0023035496373811333,0.053131390964081184,0.07251249360303647,0.0005834996700286865,0.4008755683898926,0.800398051738739,0.40020403840858704,0.0,0.0,1
4.065,PINN Conservative,0.2500715449646309,0.002358288961052964,0.05321290201346197,0.07260883230714538,0.0005890727043151855,0.40077483654022217,0.8001932203769684,0.40010162144493344,0.0,0.0,1
4.07,PINN Conservative,0.25005768704133946,0.0024135741087729225,0.05329425623775687,0.07270470517268574,0.0005945265293121338,0.40067458152770996,0.7999893873929977,0.3999997036764323,0.0,0.0,1
4.075,PINN Conservative,0.25004367371489694,0.002469479225732309,0.053375432057623066,0.07280043820005438,0.0006001889705657959,0.4005740284919739,0.799784854054451,0.39989743572625697,0.0,0.0,1
4.08,PINN Conservative,0.2500295117199123,0.0025259774447128898,0.05345643601708678,0.07289580458192213,0.0006058812141418457,0.40047353506088257,0.7995804995298386,0.3997952571841687,0.0,0.0,1
4.085,PINN Conservative,0.25001520494202356,0.0025830532642523454,0.05353726618848127,0.07299116274336298,0.00061073899269104,0.4003727436065674,0.7993760406970978,0.39969302648736305,0.0,0.0,1
4.09,PINN Conservative,0.25000074355899393,0.0026407458694294333,0.053617920632354835,0.07308585782702037,0.0006161481142044067,0.4002722501754761,0.7991717308759689,0.3995908702972965,0.0,0.0,1
4.095,PINN Conservative,0.24998613313452023,0.002699033064292061,0.053698403798853676,0.07318054627426768,0.0006216913461685181,0.40017157793045044,0.798967182636261,0.39948859489644734,0.0,0.0,1
4.1,PINN Conservative,0.2499713739967561,0.002757913539695831,0.053778712368172346,0.07327499045336872,0.0006272494792938232,0.4000709652900696,0.7987628430128098,0.399386423805033,0.0,0.0,1
4.105,PINN Conservative,0.24995646894992413,0.002817376108404557,0.053858847256078035,0.07336913535923278,0.0006324052810668945,0.3999703526496887,0.7985588908195496,0.3992844464311404,0.0,0.0,1
4.11,PINN Conservative,0.24994141102821615,0.002877448559988591,0.05393880678113336,0.0734630299281197,0.0006378591060638428,0.39986974000930786,0.7983547300100327,0.39918236474781305,0.0,0.0,1
4.115,PINN Conservative,0.2499261975691125,0.0029381415163708974,0.0540185880014516,0.07355694317239203,0.0006428658962249756,0.399769127368927,0.7981508821249008,0.3990804395286379,0.0,0.0,1
4.12,PINN Conservative,0.2499108290797597,0.0029994529543282866,0.05409818672937636,0.07365012764374324,0.0006480216979980469,0.3996683955192566,0.7979468405246735,0.3989784174507019,0.0,0.0,1
4.125,PINN Conservative,0.24989530509775942,0.0030613847185643325,0.054177607397156005,0.07374336995983577,0.0006532967090606689,0.39956772327423096,0.7977428138256073,0.3988764028234398,0.0,0.0,1
4.13,PINN Conservative,0.24987962712217737,0.00312393082866861,0.054256846280651326,0.07383625365380037,0.0006585270166397095,0.3994672894477844,0.7975393533706665,0.3987746713217865,0.0,0.0,1
4.135,PINN Conservative,0.24986380553460338,0.0031870498680655114,0.05433591798723828,0.0739285410693783,0.0006633996963500977,0.3993666172027588,0.7973358631134033,0.39867292491878537,0.0,0.0,1
4.14,PINN Conservative,0.24984781634998515,0.0032508375233259532,0.054414799126479056,0.07402124624454548,0.0006686747074127197,0.3992658853530884,0.7971317768096924,0.3985708804888276,0.0,0.0,1
4.1450000000000005,PINN Conservative,0.24983168165157507,0.0033152056949674207,0.05449350440619899,0.07411329705142017,0.0006737411022186279,0.3991650342941284,0.7969277650117874,0.3984688733122394,0.0,0.0,1
4.15,PINN Conservative,0.24981538340583578,0.0033802263264374115,0.05457202449735592,0.07420505187032062,0.0006787627935409546,0.39906424283981323,0.7967239767313004,0.3983669778957599,0.0,0.0,1
4.155,PINN Conservative,0.2497989283548342,0.0034458725207646454,0.05465035959126435,0.07429651153666855,0.0006837993860244751,0.3989635109901428,0.7965202033519745,0.3982650899299544,0.0,0.0,1
4.16,PINN Conservative,0.24978231538732248,0.0035121487111891086,0.0547285156207132,0.07438797914851408,0.0006886422634124756,0.39886271953582764,0.7963165789842606,0.398163276470888,0.0,0.0,1
4.165,PINN Conservative,0.24976554809807539,0.0035790405566260898,0.05480648894085488,0.07447891480585966,0.0006939470767974854,0.3987618088722229,0.7961125075817108,0.39806123949160416,0.0,0.0,1
4.17,PINN Conservative,0.24974862485378235,0.0036465545730457456,0.054884277361483914,0.074569722247815,0.0006987005472183228,0.39866113662719727,0.7959093153476715,0.39795964210208135,0.0,0.0,1
4.175,PINN Conservative,0.24973153225980602,0.0037147441973512953,0.05496187927630142,0.07466026609170784,0.0007033795118331909,0.3985600471496582,0.7957056611776352,0.3978578137416671,0.0,0.0,1
4.18,PINN Conservative,0.24971428852867675,0.0037835367720160055,0.05503929564940078,0.07475050437382902,0.0007081925868988037,0.3984590172767639,0.7955016046762466,0.3977557842130572,0.0,0.0,1
4.1850000000000005,PINN Conservative,0.2496968925715209,0.003852936641019834,0.05511653589975791,0.07484036216180268,0.0007051825523376465,0.39835798740386963,0.7952974438667297,0.3976537025297298,0.0,0.0,1
4.19,PINN Conservative,0.2496793225512013,0.0039230309219869695,0.055193577778159204,0.07492999065229566,0.0007017552852630615,0.3982568383216858,0.7950940430164337,0.3975520008307722,0.0,0.0,1
4.195,PINN Conservative,0.2496615962700562,0.003993748593821369,0.055270434062506514,0.07501953812047285,0.0006986707448959351,0.3981558084487915,0.7948905527591705,0.39745025442777104,0.0,0.0,1
4.2,PINN Conservative,0.2496437019593007,0.004065136607209807,0.0553471024408383,0.07510897597002097,0.0006956756114959717,0.39805471897125244,0.7946865856647491,0.39734826960320463,0.0,0.0,1
4.205,PINN Conservative,0.24962565063445777,0.00413715101654758,0.05542358086823777,0.07519769180878033,0.0006924420595169067,0.3979533910751343,0.7944827228784561,0.3972463369333556,0.0,0.0,1
4.21,PINN Conservative,0.24960743699286198,0.004209812976421693,0.05549987564461937,0.0752862589543144,0.0006888508796691895,0.39785224199295044,0.7942796647548676,0.39714480659989804,0.0,0.0,1
4.215,PINN Conservative,0.24958905529182357,0.0042831453968630315,0.05557597115299003,0.07537454002681887,0.0006857365369796753,0.3977510929107666,0.7940755635499954,0.3970427547192663,0.0,0.0,1
4.22,PINN Conservative,0.24957052180478284,0.004357083356199611,0.05565189157236472,0.07546295296512767,0.0006822943687438965,0.39764976501464844,0.7938719987869263,0.3969409710628956,0.0,0.0,1
4.225,PINN Conservative,0.24955180802711616,0.004431740571493875,0.05572760450959323,0.0755505447981995,0.0006787925958633423,0.39754849672317505,0.7936683744192123,0.3968391576038292,0.0,0.0,1
4.23,PINN Conservative,0.24953294238886678,0.004507003623216181,0.05580313319689347,0.07563821029595275,0.0006752610206604004,0.39744704961776733,0.7934647500514984,0.39673734414476286,0.0,0.0,1
4.235,PINN Conservative,0.24951390548421812,0.00458294992941932,0.05587847205753303,0.07572547331845902,0.0006717890501022339,0.3973453640937805,0.7932605892419815,0.3966352624614355,0.0,0.0,1
4.24,PINN Conservative,0.2494946971192613,0.0046595802636881815,0.055953613951362086,0.0758123941645924,0.0006684362888336182,0.39724409580230713,0.7930570840835571,0.39653350860776043,0.0,0.0,1
4.245,PINN Conservative,0.24947533963827995,0.004736805485175827,0.05602857261820183,0.07589927154881687,0.0006648451089859009,0.3971424698829651,0.7928532510995865,0.3964315908392592,0.0,0.0,1
4.25,PINN Conservative,0.2494558037311823,0.004814742524299323,0.056103328773085034,0.07598562932224123,0.0006610900163650513,0.39704084396362305,0.7926498651504517,0.3963298965909755,0.0,0.0,1
4.255,PINN Conservative,0.24943609353717983,0.004893374867984535,0.056177883078481344,0.07607218342591004,0.0006577670574188232,0.39693915843963623,0.7924453020095825,0.3962276137394524,0.0,0.0,1
4.26,PINN Conservative,0.24941622838750854,0.004972625395712136,0.056252251143101326,0.07615768284464403,0.0006537586450576782,0.39683735370635986,0.7922418266534805,0.3961258747871252,0.0,0.0,1
4.265,PINN Conservative,0.24939619067373936,0.005052564354992065,0.05632642563702866,0.07624333552256846,0.0006501078605651855,0.39673537015914917,0.7920376360416412,0.39602377820245,0.0,0.0,1
4.2700000000000005,PINN Conservative,0.24937597739774067,0.005133203706645949,0.05640039790882404,0.07632861978362965,0.000646248459815979,0.3966338038444519,0.791834369301796,0.3959221435595576,0.0,0.0,1
4.275,PINN Conservative,0.2493555956744814,0.005214515066037831,0.05647417047075183,0.07641405865399409,0.0006425678730010986,0.3965316414833069,0.7916296720504761,0.3958197936519693,0.0,0.0,1
4.28,PINN Conservative,0.24933505231315073,0.005296471268417119,0.056547751414484586,0.0764987435629016,0.0006387233734130859,0.39642995595932007,0.7914265990257263,0.3957182558678378,0.0,0.0,1
4.285,PINN Conservative,0.24931433582091114,0.005379118163598852,0.056621135894625335,0.07658328857531055,0.000634804368019104,0.39632755517959595,0.7912221252918243,0.3956160177203582,0.0,0.0,1
4.29,PINN Conservative,0.24929344694356662,0.005462452776253899,0.05669432194428063,0.07666752309486757,0.0006307363510131836,0.3962257504463196,0.7910186350345612,0.39551427131735706,0.0,0.0,1
4.295,PINN Conservative,0.24927237999063356,0.005546497808140593,0.05676729830525483,0.07675157919662029,0.000627174973487854,0.39612364768981934,0.7908144146203995,0.39541215983133404,0.0,0.0,1
4.3,PINN Conservative,0.24925114653698793,0.00563120708215771,0.05684008136720264,0.07683510418193351,0.0006230026483535767,0.39602142572402954,0.7906105369329453,0.3953102197108111,0.0,0.0,1
4.305,PINN Conservative,0.2492297401910907,0.0057166060968717744,0.05691266423425404,0.07691853438341406,0.0006190836429595947,0.3959190845489502,0.7904062420129776,0.39520807097141847,0.0,0.0,1
4.3100000000000005,PINN Conservative,0.24920816283236752,0.005802687354454854,0.05698504741932714,0.07700175124447589,0.0006148666143417358,0.3958166241645813,0.7902022749185562,0.39510608614685205,0.0,0.0,1
4.315,PINN Conservative,0.24918641940549807,0.005889431128477419,0.057057237172155044,0.07708449411842516,0.0006107538938522339,0.39571434259414673,0.789998322725296,0.3950041087729595,0.0,0.0,1
4.32,PINN Conservative,0.24916449095960613,0.005976913022041731,0.05712921614223144,0.07716710556034345,0.0006065964698791504,0.3956117630004883,0.7897938936948776,0.3949018929775016,0.0,0.0,1
4.325,PINN Conservative,0.2491423865636667,0.0060650968551508805,0.05720098718831964,0.07724944622369656,0.0006022006273269653,0.3955090045928955,0.7895897030830383,0.3947997963928264,0.0,0.0,1
4.33,PINN Conservative,0.2491201143842321,0.0061539500479555215,0.05727256495016581,0.07733163595839943,0.0005980879068374634,0.3954065442085266,0.7893857657909393,0.3946978264696078,0.0,0.0,1
4.335,PINN Conservative,0.2490976660384669,0.006243506043150248,0.057343938145299145,0.07741331777447275,0.0005938112735748291,0.3953036069869995,0.7891811281442642,0.39459550636471513,0.0,0.0,1
4.34,PINN Conservative,0.24907503734241138,0.006333781532329146,0.05741509961953675,0.07749467112101144,0.000589519739151001,0.3952009081840515,0.7889770567417145,0.3944934693854313,0.0,0.0,1
4.345,PINN Conservative,0.2490522426080417,0.006424719418934562,0.05748606731769473,0.07757581583975265,0.0005851835012435913,0.39509814977645874,0.7887727618217468,0.39439132064603866,0.0,0.0,1
4.3500000000000005,PINN Conservative,0.24902926081114704,0.006516403577482019,0.05755681834046333,0.07765681216508669,0.0005807280540466309,0.3949947953224182,0.7885674238204956,0.3942886503594719,0.0,0.0,1
4.355,PINN Conservative,0.24900610251230995,0.006608791877317783,0.0576273689654199,0.07773718388691309,0.0005766749382019043,0.39489197731018066,0.7883634269237518,0.3941866506335576,0.0,0.0,1
4.36,PINN Conservative,0.2489827771012012,0.0067018468590531515,0.05769771838161712,0.07781776609463886,0.0005718469619750977,0.39478904008865356,0.7881596237421036,0.39408474776640423,0.0,0.0,1
4.365,PINN Conservative,0.24895925877300704,0.006795671469061148,0.05776785100845483,0.07789777986659863,0.000567510724067688,0.39468562602996826,0.7879545241594315,0.3939821966906202,0.0,0.0,1
4.37,PINN Conservative,0.24893557710630876,0.006890147705805577,0.05783778785100288,0.07797729947550003,0.0005631148815155029,0.39458245038986206,0.7877500653266907,0.3938799659938145,0.0,0.0,1
4.375,PINN Conservative,0.24891171180032515,0.006985356557733634,0.05790751613257468,0.07805708634915176,0.0005585849285125732,0.3944791555404663,0.7875455319881439,0.3937776980436392,0.0,0.0,1
4.38,PINN Conservative,0.2488876593199459,0.007081312127903324,0.05797702426378935,0.07813625171467903,0.0005538761615753174,0.39437544345855713,0.7873405963182449,0.3936752289252682,0.0,0.0,1
4.385,PINN Conservative,0.24886343027795993,0.007177972077387474,0.058046330851512146,0.07821513532751839,0.0005492419004440308,0.3942723274230957,0.7871365547180176,0.39357320684733216,0.0,0.0,1
4.39,PINN Conservative,0.2488390299322846,0.007275315430118471,0.05811543082779956,0.07829353345970769,0.0005446821451187134,0.3941689133644104,0.786931961774826,0.39347090909446125,0.0,0.0,1
4.3950000000000005,PINN Conservative,0.24881444865459199,0.007373380597589853,0.05818432703090231,0.07837190818000761,0.0005397200584411621,0.3940652012825012,0.7867270708084106,0.39336846232811196,0.0,0.0,1
4.4,PINN Conservative,0.24878967060400797,0.007472230775783217,0.05825299218482386,0.07844981431875503,0.000535130500793457,0.3939613699913025,0.7865220606327057,0.39326595595637137,0.0,0.0,1
4.405,PINN Conservative,0.24876472061580127,0.007571766886252968,0.05832145905682086,0.07852763611783015,0.0005304217338562012,0.39385759830474854,0.7863173186779022,0.3931635836967613,0.0,0.0,1
4.41,PINN Conservative,0.24873960111383442,0.0076719792591808675,0.05838972553880861,0.07860522895113886,0.0005253702402114868,0.3937534689903259,0.7861122936010361,0.39306106987434675,0.0,0.0,1
4.415,PINN Conservative,0.24871428392163747,0.007772980302484852,0.058457765881034476,0.07868214511590405,0.0005209296941757202,0.3936498165130615,0.7859072834253311,0.39295856350260616,0.0,0.0,1
4.42,PINN Conservative,0.2486887791597688,0.00787472964095473,0.058525588954931665,0.07875916006476708,0.0005157738924026489,0.3935454487800598,0.7857024222612381,0.39285613163760474,0.0,0.0,1
4.425,PINN Conservative,0.24866309917874044,0.007977178003147296,0.05859320838339643,0.07883573794566834,0.0005110204219818115,0.39344167709350586,0.7854975908994675,0.39275371467395115,0.0,0.0,1
4.43,PINN Conservative,0.24863723593132872,0.008080357492858925,0.05866062118514924,0.07891211478022231,0.0005060732364654541,0.3933370113372803,0.7852919101715088,0.39265087302188434,0.0,0.0,1
4.4350000000000005,PINN Conservative,0.24861118827645368,0.008184272662342788,0.058727807722872324,0.0789879424779169,0.0005008876323699951,0.39323294162750244,0.7850874215364456,0.3925486274237308,0.0,0.0,1
4.44,PINN Conservative,0.24858496300093047,0.00828889643610777,0.058794793224334174,0.07906397503095958,0.0004961192607879639,0.39312827587127686,0.7848813235759735,0.3924455771527943,0.0,0.0,1
4.445,PINN Conservative,0.24855854465170307,0.008394290462964256,0.0588615528367563,0.07913904448914366,0.0004911124706268311,0.3930237293243408,0.7846760898828506,0.39234295902094496,0.0,0.0,1
4.45,PINN Conservative,0.24853194636983555,0.00850040231762073,0.058928103968024094,0.07921421645781418,0.000486031174659729,0.39291924238204956,0.784471333026886,0.392240579310661,0.0,0.0,1
4.455,PINN Conservative,0.24850515904906276,0.008607268328840451,0.05899443990301459,0.07928919348766578,0.00048075616359710693,0.392814576625824,0.7842658162117004,0.3921378196160072,0.0,0.0,1
4.46,PINN Conservative,0.2484781827937972,0.008714888080077535,0.059060553377339876,0.07936355891767172,0.00047551095485687256,0.39270955324172974,0.7840601950883865,0.392035007766636,0.0,0.0,1
4.465,PINN Conservative,0.24845102092286608,0.00882324833111912,0.05912645025330711,0.07943773054941056,0.00047053396701812744,0.39260441064834595,0.7838537693023682,0.39193179358087343,0.0,0.0,1
4.47,PINN Conservative,0.2484236718551652,0.008932355389662257,0.059192133167689454,0.07951164934489374,0.00046519935131073,0.3924994468688965,0.7836483269929886,0.39182907113958926,0.0,0.0,1
4.4750000000000005,PINN Conservative,0.24839613597105456,0.009042207738289109,0.0592576007336817,0.07958561389159952,0.00046016275882720947,0.39239436388015747,0.7834425419569016,0.391726177332805,0.0,0.0,1
4.48,PINN Conservative,0.2483684188715211,0.00915278303228146,0.05932285069179427,0.07965861147243508,0.00045490264892578125,0.3922892212867737,0.7832367867231369,0.3916232984273686,0.0,0.0,1
4.485,PINN Conservative,0.2483405077734867,0.009264132268772794,0.059387881368230463,0.07973160182857919,0.0004495084285736084,0.39218395948410034,0.7830309420824051,0.3915203748178887,0.0,0.0,1
4.49,PINN Conservative,0.24831241169372,0.00937621947603942,0.059452698479653836,0.07980444978574874,0.00044411420822143555,0.39207834005355835,0.7828249037265778,0.39141735434964786,0.0,0.0,1
4.495,PINN Conservative,0.24828412937927055,0.009489049652633436,0.059517291915113596,0.07987716563254754,0.0004386305809020996,0.3919726014137268,0.7826183140277863,0.39131405820647214,0.0,0.0,1
4.5,PINN Conservative,0.24825565446843137,0.00960264817810862,0.05958166427741921,0.07994927534646068,0.0004334747791290283,0.3918672800064087,0.7824128866195679,0.3912113432158619,0.0,0.0,1
4.505,PINN Conservative,0.24822698779650276,0.009717011720096943,0.059645817671993936,0.08002107674543507,0.00042814016342163086,0.39176154136657715,0.782206654548645,0.3911082258888602,0.0,0.0,1
4.51,PINN Conservative,0.24819812693962226,0.00983214994841631,0.05970974451082386,0.08009262998091449,0.0004222691059112549,0.3916552662849426,0.7819999307394028,0.3910048626896192,0.0,0.0,1
4.515,PINN Conservative,0.24816908429304999,0.009948013413104233,0.059773459021951574,0.08016381638810266,0.00041684508323669434,0.3915494680404663,0.7817937582731247,0.39090177516531316,0.0,0.0,1
4.5200000000000005,PINN Conservative,0.24813985541179492,0.010064619847119658,0.05983695945879818,0.08023499413706114,0.0004113912582397461,0.3914433717727661,0.7815870642662048,0.39079842686742,0.0,0.0,1
4.525,PINN Conservative,0.24811042830333097,0.010182017093747876,0.05990022887262964,0.08030544851195986,0.00040608644485473633,0.39133715629577637,0.7813803255558014,0.3906950562175051,0.0,0.0,1
4.53,PINN Conservative,0.24808081153694453,0.01030017096646212,0.05996327713281074,0.08037595491080968,0.0004000365734100342,0.3912305235862732,0.7811733484268188,0.3905915663568076,0.0,0.0,1
4.535,PINN Conservative,0.24805101096719595,0.010419058108932136,0.06002610968633861,0.08044585821788175,0.0003948211669921875,0.39112424850463867,0.780966266989708,0.3904880243413926,0.0,0.0,1
4.54,PINN Conservative,0.24802100669603805,0.010538757902927808,0.060088709290003074,0.08051587422201828,0.00038909912109375,0.3910176157951355,0.7807593196630478,0.39038454938204287,0.0,0.0,1
4.545,PINN Conservative,0.24799080344440938,0.01065925151461812,0.06015108321723901,0.08058535661461497,0.00038355588912963867,0.3909112215042114,0.7805528789758682,0.3902813277456063,0.0,0.0,1
4.55,PINN Conservative,0.24796042491395673,0.010780444388057274,0.06021324230819441,0.08065445982083674,0.0003777444362640381,0.3908042907714844,0.7803456336259842,0.3901777037727783,0.0,0.0,1
4.555,PINN Conservative,0.24792984150372466,0.010902454614041383,0.06027517362332665,0.08072338506343396,0.0003716200590133667,0.39069730043411255,0.7801389694213867,0.390074370376233,0.0,0.0,1
4.5600000000000005,PINN Conservative,0.24789907230629218,0.011025206024155512,0.06033688280211294,0.08079206900278058,0.0003659576177597046,0.3905905485153198,0.7799320220947266,0.3899708954168833,0.0,0.0,1
4.565,PINN Conservative,0.24786810732042946,0.011148738517557547,0.0603983663216925,0.08086025321843565,0.00036035478115081787,0.3904833197593689,0.7797240316867828,0.3898668989103594,0.0,0.0,1
4.57,PINN Conservative,0.24783694850760063,0.011273044269133154,0.060459628776426196,0.08092844668841565,0.00035475194454193115,0.3903759717941284,0.779516413807869,0.3897630886706835,0.0,0.0,1
4.575,PINN Conservative,0.247805592273031,0.011398137619966824,0.06052065695961231,0.08099571543088158,0.0003486722707748413,0.39026862382888794,0.7793091088533401,0.38965943489515975,0.0,0.0,1
4.58,PINN Conservative,0.24777403935506656,0.01152401562448258,0.06058145953381323,0.08106327656337459,0.00034265220165252686,0.39016109704971313,0.7791014462709427,0.3895556023034621,0.0,0.0,1
4.585,PINN Conservative,0.2477422970327529,0.011650649243472769,0.060642041286761914,0.08113033122764962,0.00033673644065856934,0.39005357027053833,0.7788941413164139,0.38945194852793835,0.0,0.0,1
4.59,PINN Conservative,0.24771035973493521,0.011778060702642638,0.060702397152004484,0.08119714639071712,0.00033092498779296875,0.3899458646774292,0.7786861658096313,0.38934795947208845,0.0,0.0,1
4.595,PINN Conservative,0.24767822368784592,0.011906265057155363,0.06076252483081191,0.08126351634465584,0.0003248155117034912,0.38983774185180664,0.7784778475761414,0.3892437990507384,0.0,0.0,1
4.6000000000000005,PINN Conservative,0.24764589644647816,0.01203523216693133,0.06082242553444114,0.08132976221994198,0.0003184974193572998,0.3897300958633423,0.7782709896564484,0.3891403687954322,0.0,0.0,1
4.605,PINN Conservative,0.24761337182065987,0.012164986727198679,0.06088210174042027,0.08139556389574681,0.00031276047229766846,0.3896218538284302,0.7780623435974121,0.38903604445925605,0.0,0.0,1
4.61,PINN Conservative,0.24758063448412165,0.012295589880961999,0.0609415324605841,0.08146130690359243,0.00030638277530670166,0.38951361179351807,0.7778540402650833,0.38893189148857993,0.0,0.0,1
4.615,PINN Conservative,0.24754771893775018,0.012426903989516251,0.06100075196982242,0.08152645421537891,0.0003005117177963257,0.3894055485725403,0.7776464372873306,0.3888280886995779,0.0,0.0,1
4.62,PINN Conservative,0.24751460235248932,0.012559020127672202,0.06105973790792538,0.08159136721395782,0.000294417142868042,0.38929682970046997,0.7774373143911362,0.3887235259418364,0.0,0.0,1
4.625,PINN Conservative,0.24748128629452712,0.012691932047239774,0.061118494503317626,0.08165596715539641,0.0002880096435546875,0.38918840885162354,0.777229443192482,0.38861958904070387,0.0,0.0,1
4.63,PINN Conservative,0.2474477627017238,0.012825671911522219,0.06117701357306336,0.08172051948092435,0.00028201937675476074,0.38907939195632935,0.7770201563835144,0.38851494432554934,0.0,0.0,1
4.635,PINN Conservative,0.24741405332917804,0.01296015293018175,0.06123531318088983,0.08178451017218458,0.00027570128440856934,0.38897061347961426,0.776811495423317,0.38841061253869924,0.0,0.0,1
4.64,PINN Conservative,0.2473801467735488,0.013095420595993845,0.06129338513438698,0.0818480858061999,0.00026951730251312256,0.38886159658432007,0.776602491736412,0.3883061093863491,0.0,0.0,1
4.6450000000000005,PINN Conservative,0.24734604172967933,0.013231480115783706,0.06135122466108103,0.08191162190931645,0.00026328861713409424,0.38875246047973633,0.776393786072731,0.38820175524747724,0.0,0.0,1
4.65,PINN Conservative,0.24731172835295862,0.013368370763890122,0.06140882663804765,0.08197483610444256,0.0002568960189819336,0.38864314556121826,0.7761844247579575,0.38809707327895304,0.0,0.0,1
4.655,PINN Conservative,0.24727721727854976,0.013506050112125892,0.06146619779258089,0.08203762333049475,0.00025081634521484375,0.38853389024734497,0.7759750932455063,0.3879924062117767,0.0,0.0,1
4.66,PINN Conservative,0.24724251455492205,0.013644494030575542,0.061523345286889956,0.08210023779902847,0.00024424493312835693,0.38842445611953735,0.7757664024829865,0.3878880595235788,0.0,0.0,1
4.665,PINN Conservative,0.24720759841951878,0.013783789339330124,0.06158024696533818,0.08216232236028637,0.000238075852394104,0.38831496238708496,0.7755569517612457,0.3877833328510112,0.0,0.0,1
4.67,PINN Conservative,0.24717249001587954,0.013923851687821035,0.061636925272023385,0.08222417551360939,0.00023157894611358643,0.38820505142211914,0.7753473520278931,0.38767853167170435,0.0,0.0,1
4.675,PINN Conservative,0.2471371757479998,0.014064735316290756,0.061693363450887405,0.08228585733776944,0.000225067138671875,0.38809525966644287,0.7751381248235703,0.38757391675924546,0.0,0.0,1
4.68,PINN Conservative,0.24710166972648873,0.014206383931520013,0.061749580322284184,0.08234707028169325,0.00021880865097045898,0.3879852890968323,0.7749282866716385,0.387468996369156,0.0,0.0,1
4.6850000000000005,PINN Conservative,0.2470659596455825,0.014348846626432623,0.0618055626783836,0.082408105360188,0.00021217763423919678,0.387874960899353,0.7747182548046112,0.38736397912030557,0.0,0.0,1
4.69,PINN Conservative,0.24703004342448842,0.014492131702195335,0.06186130023796298,0.08246861224605428,0.00020579993724822998,0.38776493072509766,0.7745089083909988,0.38725930460245533,0.0,0.0,1
4.695,PINN Conservative,0.24699393320489335,0.01463619072045714,0.061916816695044265,0.08252906910925167,0.00019925832748413086,0.3876544237136841,0.7742984890937805,0.3871540936360831,0.0,0.0,1
4.7,PINN Conservative,0.24695761303405264,0.014781087323498789,0.06197209253399527,0.08258909037324413,0.00019252300262451172,0.3875439167022705,0.7740885019302368,0.38704909873925447,0.0,0.0,1
4.705,PINN Conservative,0.24692109295794437,0.014926781433642672,0.06202713185027022,0.08264888094497463,0.00018607079982757568,0.3874332904815674,0.773878276348114,0.3869439846316432,0.0,0.0,1
4.71,PINN Conservative,0.24688436555582005,0.015073302655409444,0.06208193322809511,0.08270847525708713,0.00017938017845153809,0.38732242584228516,0.7736679464578629,0.38683881836931444,0.0,0.0,1
4.715,PINN Conservative,0.24684744774996936,0.015220583478591045,0.06213651067119287,0.08276748494676223,0.00017267465591430664,0.38721156120300293,0.7734580338001251,0.3867338607258554,0.0,0.0,1
4.72,PINN Conservative,0.2468103106852408,0.015368739018654562,0.06219083966400236,0.08282608928365959,0.00016604363918304443,0.3871002793312073,0.7732470631599426,0.3866283740845483,0.0,0.0,1
4.7250000000000005,PINN Conservative,0.24677297475191207,0.015517687930113462,0.06224493101959303,0.08288464634947923,0.00015936791896820068,0.38698887825012207,0.7730357199907303,0.38652270117639326,0.0,0.0,1
4.73,PINN Conservative,0.24673545418737886,0.015667373413943118,0.0622988095063092,0.08294285857294048,0.0001525580883026123,0.38687777519226074,0.7728257477283478,0.38641771373023853,0.0,0.0,1
4.735,PINN Conservative,0.24669770577976535,0.015817967860687773,0.06235242970571253,0.08300090521804337,0.00014612078666687012,0.38676613569259644,0.7726143151521683,0.38631199611804,0.0,0.0,1
4.74,PINN Conservative,0.24665978081054515,0.01596926668674689,0.06240584141762913,0.08305830989582397,0.00013945996761322021,0.38665491342544556,0.7724040150642395,0.38620684475705913,0.0,0.0,1
4.745,PINN Conservative,0.24662162265083096,0.016121495808827747,0.06245898367491828,0.08311560949441871,0.00013244152069091797,0.3865426182746887,0.7721919417381287,0.3861008067658822,0.0,0.0,1
4.75,PINN Conservative,0.24658326317627988,0.016274528061382142,0.06251189261113722,0.08317268524901783,0.00012573599815368652,0.38643085956573486,0.7719809859991074,0.385995327575249,0.0,0.0,1
4.755,PINN Conservative,0.24654470212586052,0.01642836448577527,0.06256456881741146,0.08322905359166227,0.00011871755123138428,0.38631898164749146,0.7717699408531189,0.3858898036805723,0.0,0.0,1
4.76,PINN Conservative,0.24650594171461043,0.01658299624528066,0.06261701025455031,0.08328539213455116,0.0001118779182434082,0.38620656728744507,0.7715581953525543,0.38578392960422153,0.0,0.0,1
4.765,PINN Conservative,0.2464669808163657,0.01673842783264494,0.06266922197109427,0.08334138177312228,0.00010517239570617676,0.38609403371810913,0.7713459134101868,0.3856777873036098,0.0,0.0,1
4.7700000000000005,PINN Conservative,0.2464278008009459,0.016894733571578467,0.06272118024664275,0.08339726853654039,9.800493717193604e-05,0.3859814405441284,0.7711344659328461,0.38557206224073737,0.0,0.0,1
4.775,PINN Conservative,0.2463884266602384,0.01705181375881711,0.06277290958321424,0.08345271532672294,9.131431579589844e-05,0.38586926460266113,0.770923063158989,0.38546635952988667,0.0,0.0,1
4.78,PINN Conservative,0.24634884043528632,0.017209740040275336,0.06282439762848897,0.08350761523642758,8.42064619064331e-05,0.3857561945915222,0.7707108408212662,0.3853602470319706,0.0,0.0,1
4.785,PINN Conservative,0.24630904700364675,0.01736849295730404,0.06287564239531432,0.08356265220315123,7.711350917816162e-05,0.3856431841850281,0.7704984247684479,0.3852540376752936,0.0,0.0,1
4.79,PINN Conservative,0.24626904567172217,0.01752807527695869,0.06292664932467226,0.08361693258628178,7.030367851257324e-05,0.3855302333831787,0.7702861279249191,0.3851478879240079,0.0,0.0,1
4.795,PINN Conservative,0.24622884362160383,0.017688458346823796,0.06297741945043651,0.08367106167970917,6.313621997833252e-05,0.38541674613952637,0.7700737565755844,0.3850417009193527,0.0,0.0,1
4.8,PINN Conservative,0.24618842955436313,0.017849687243129287,0.06302794591302475,0.08372489423917873,5.620718002319336e-05,0.3853034973144531,0.7698611170053482,0.3849353798025669,0.0,0.0,1
4.805,PINN Conservative,0.24614781174096495,0.018011728969479827,0.06307823754842569,0.08377839754428162,4.89354133605957e-05,0.38518989086151123,0.7696484327316284,0.3848290363337594,0.0,0.0,1
4.8100000000000005,PINN Conservative,0.246106978151593,0.01817463151792717,0.06312827821071128,0.08383150359221764,4.188716411590576e-05,0.38507622480392456,0.7694356590509415,0.38472264816090845,0.0,0.0,1
4.815,PINN Conservative,0.24606593622191175,0.018338365224444333,0.0631780804437284,0.08388433201253481,3.49879264831543e-05,0.38496220111846924,0.7692223936319351,0.3846160141158182,0.0,0.0,1
4.82,PINN Conservative,0.2460246978251187,0.018502882721798668,0.06322765249981983,0.08393718124698202,2.7701258659362793e-05,0.38484835624694824,0.7690098285675049,0.38450973025240204,0.0,0.0,1
4.825,PINN Conservative,0.24598325011101332,0.018668235274903418,0.06327698027132068,0.08398939606126143,2.059340476989746e-05,0.3847339153289795,0.7687956839799881,0.38440265661755074,0.0,0.0,1
4.83,PINN Conservative,0.24594159487698292,0.018834415713216385,0.06332606422007331,0.08404121528902747,1.3336539268493652e-05,0.3846195936203003,0.7685822695493698,0.38429594806572137,0.0,0.0,1
4.835,PINN Conservative,0.24589971841515246,0.019001478723278988,0.06337489676737021,0.08409263934364197,5.990266799926758e-06,0.3845052719116211,0.7683694660663605,0.3841895449915225,0.0,0.0,1
4.84,PINN Conservative,0.24585764148870148,0.01916934147194056,0.06342350032279086,0.08414406339362446,-1.0132789611816406e-06,0.38439059257507324,0.7681551873683929,0.38408240430060603,0.0,1.0132916526181582e-06,1
4.845,PINN Conservative,0.24581535311939717,0.019338047756039242,0.06347185680289681,0.08419537646195335,-8.150935173034668e-06,0.3842758536338806,0.7679414004087448,0.3839755094819287,0.0,8.151037264443125e-06,1
4.8500000000000005,PINN Conservative,0.24577286500144413,0.01950755092242106,0.0635199758307714,0.08424579627420825,-1.537799835205078e-05,0.38416075706481934,0.7677270323038101,0.3838683240869687,0.0,1.5378190963263815e-05,1
4.855,PINN Conservative,0.24573016102547882,0.019677915238186086,0.06356785053275173,0.08429637279671559,-2.2783875465393066e-05,0.3840456008911133,0.7675129771232605,0.38376129515616086,0.0,2.278416083607594e-05,1
4.86,PINN Conservative,0.2456872455097056,0.01984912347618116,0.0636154775153328,0.084346230553978,-3.0308961868286133e-05,0.3839304447174072,0.7672991305589676,0.3836543705347879,0.0,3.030934149154903e-05,1
4.865,PINN Conservative,0.24564412652372236,0.02002114344334966,0.06366287149221846,0.08439612662036222,-3.7297606468200684e-05,0.3838151693344116,0.7670850157737732,0.38354731180128443,0.0,3.72980736250478e-05,1
4.87,PINN Conservative,0.2456007868096277,0.02019404398879732,0.06371000811647312,0.08444562271455536,-4.4852495193481445e-05,0.3836992383003235,0.7668697088956833,0.3834396570138677,0.0,4.4853056976186124e-05,1
4.875,PINN Conservative,0.24555723696529447,0.020367782833103833,0.06375690353042184,0.08449448937058635,-5.231797695159912e-05,0.3835837244987488,0.7666556686162949,0.3833326355337338,0.0,5.231863224032873e-05,1
4.88,PINN Conservative,0.2455134784599563,0.02054235411487141,0.06380355450122092,0.08454346245599581,-5.996227264404297e-05,0.38346773386001587,0.766440823674202,0.38322521171720847,0.0,5.996302367846278e-05,1
4.885,PINN Conservative,0.24546952117551435,0.02071771841099514,0.06384997299956582,0.08459200278076912,-6.7099928855896e-05,0.38335180282592773,0.7662258148193359,0.38311770594327005,0.0,6.710076929028774e-05,1
4.89,PINN Conservative,0.2454253481523888,0.020893943380449212,0.06389614383191218,0.08463987546450957,-7.453560829162598e-05,0.3832355737686157,0.7660107612609863,0.38301017781730984,0.0,7.453654185876511e-05,1
4.8950000000000005,PINN Conservative,0.24538095678772415,0.02107103940713099,0.06394206659984907,0.08468789444857933,-8.203089237213135e-05,0.3831194043159485,0.765796035528183,0.3829028136061758,0.0,8.203191981857297e-05,1
4.9,PINN Conservative,0.24533636015546215,0.02124895433352827,0.06398774474085844,0.08473546407747068,-8.949637413024902e-05,0.3830026388168335,0.7655800133943558,0.38279480118641107,0.0,8.949749508271557e-05,1
4.905,PINN Conservative,0.24529153876028978,0.021427765934733188,0.06403316306902802,0.0847827039498098,-9.702146053314209e-05,0.38288581371307373,0.7653640657663345,0.3826868260200159,0.0,9.702267573818865e-05,1
4.91,PINN Conservative,0.24524652414225245,0.021607348384095327,0.06407836104821647,0.08482955484869092,-0.00010466575622558594,0.3827691674232483,0.7651492804288864,0.3825794320061862,0.0,0.0001046670671763227,1
4.915,PINN Conservative,0.24520129195831203,0.021787798796343294,0.06412330650979545,0.08487607814741621,-0.00011216104030609131,0.3826521039009094,0.7649333029985428,0.38247144193844324,0.0,0.00011216244513613055,1
4.92,PINN Conservative,0.245155847511134,0.021969096016889973,0.06416800236758843,0.08492238929231255,-0.0001195073127746582,0.382534921169281,0.764716774225235,0.3823631761957653,0.0,0.00011950880961761219,1
4.925,PINN Conservative,0.24511018912265967,0.022151246740225023,0.06421245410043759,0.08496825439531813,-0.00012721121311187744,0.3824176788330078,0.7645011395215988,0.3822553574935224,0.0,0.00012721280644707673,1
4.93,PINN Conservative,0.24506433103774283,0.02233419413757033,0.06425667274358007,0.08501403008321107,-0.0001347661018371582,0.38230007886886597,0.7642848491668701,0.3821472109616271,0.0,0.00013476778979821505,1
4.9350000000000005,PINN Conservative,0.24501823458645317,0.02251809247971858,0.06430062132990166,0.08505906108475741,-0.00014252960681915283,0.38218241930007935,0.7640684843063354,0.38203902717636234,0.0,0.00014253139201901005,1
4.94,PINN Conservative,0.24497194851453122,0.022702747299186404,0.0643443418048896,0.08510430145257564,-0.00015017390251159668,0.3820643424987793,0.7638513594865799,0.38193046340672776,0.0,0.0001501757834571441,1
4.945,PINN Conservative,0.2449254432657698,0.02288827650825018,0.06438780979978614,0.08514885749374795,-0.00015787780284881592,0.38194626569747925,0.7636343240737915,0.3818219443411367,0.0,0.00015787978028660864,1
4.95,PINN Conservative,0.24487872720808834,0.02307464672372153,0.06443103927574578,0.08519344483922509,-0.00016555190086364746,0.38182854652404785,0.7634180635213852,0.3817138127105893,0.0,0.00016555397442040792,1
4.955,PINN Conservative,0.24483179179457454,0.023261892042867518,0.06447400713483008,0.08523752030626253,-0.00017318129539489746,0.3817099928855896,0.7632010281085968,0.38160529364499823,0.0,0.00017318346451070934,1
4.96,PINN Conservative,0.24478464401341055,0.023449984586858427,0.06451673471441831,0.08528103256703051,-0.0001809149980545044,0.3815914988517761,0.7629837989807129,0.38149667772064627,0.0,0.00018091726403583912,1
4.965,PINN Conservative,0.24473729040529635,0.02363889826206125,0.06455922242966014,0.08532451784211537,-0.00018906593322753906,0.38147276639938354,0.7627667486667633,0.3813881512043813,0.0,0.00018906830130028225,1
4.97,PINN Conservative,0.24468971359300185,0.023828702393634795,0.0646014509109891,0.08536744005801017,-0.00019641220569610596,0.38135385513305664,0.7625487744808197,0.38127916274633356,0.0,0.00019641466578176387,1
4.9750000000000005,PINN Conservative,0.24464192979030305,0.024019332297933235,0.06464344048705958,0.08541021681402156,-0.0002040863037109375,0.3812348246574402,0.7623311281204224,0.3811703382031119,0.0,0.00020408885991556318,1
4.98,PINN Conservative,0.24459393051741002,0.024210821804443883,0.06468518049524631,0.08545288523915173,-0.00021214783191680908,0.38111603260040283,0.762114092707634,0.38106181913752085,0.0,0.0002121504890930106,1
4.985,PINN Conservative,0.2445457150658091,0.024403173739728858,0.06472666911546132,0.0854949777782163,-0.00021980702877044678,0.3809964060783386,0.7618953585624695,0.38095245069510336,0.0,0.00021980978187897724,1
4.99,PINN Conservative,0.24449729627078481,0.024596336898381355,0.06476792141590328,0.08553672429394787,-0.0002276599407196045,0.3808770775794983,0.7616778016090393,0.38084367085592524,0.0,0.00022766279218676798,1
4.995,PINN Conservative,0.24444865928338216,0.02479037051919584,0.0648089224324344,0.08557832680206445,-0.0002355724573135376,0.38075733184814453,0.7614595890045166,0.38073456318709475,0.0,0.00023557540788588917,1
5.0,PINN Conservative,0.24439979372946946,0.02498531598899421,0.06484966149486432,0.08561948763871591,-0.00024336576461791992,0.3806374669075012,0.7612411230802536,0.3806253288568078,0.0,0.00024336881280234942,1
