time,method,mass,conservation_error,l2_vs_cn,linf_vs_cn,min_c,max_c,tv,tv_ratio,overshoot_rel,negative_depth_rel,extrema_count
0.0,CN,0.25066267990416874,0.0,0.0,0.0,3.7266531720786777e-06,1.0,1.9999923558199433,1.0,0.0,0.0,1
0.005,CN,0.2506626776388437,9.037344687809154e-09,0.0,0.0,5.944374497924231e-06,0.9950371612139688,1.9900627195730807,0.9950351629005143,0.0,0.0,3
0.01,CN,0.2506626767280278,1.2670976639049756e-08,0.0,0.0,6.91949021017862e-06,0.9901474892593746,1.980280982057271,0.9901442754491974,0.0,0.0,1
0.015,CN,0.2506626750906764,1.9203067360444886e-08,0.0,0.0,8.544670746865608e-06,0.9853292036391648,1.970641499424386,0.9853245157111992,0.0,0.0,3
0.02,CN,0.2506626739281375,2.3840929282789466e-08,0.0,0.0,9.72683170517041e-06,0.9805805839390522,1.9611415716365672,0.9805745336624307,0.0,0.0,1
0.025,CN,0.25066267224812633,3.0543208163575414e-08,0.0,0.0,1.1420787094854897e-05,0.9758999672451671,1.95177720698453,0.9758923334406214,0.0,0.0,3
0.03,CN,0.25066267081756183,3.625033816290447e-08,0.0,0.0,1.2842320959693368e-05,0.9712857456961119,1.9425456739996836,0.9712765493062557,0.0,0.0,1
0.035,CN,0.25066266895995365,4.366112695324502e-08,0.0,0.0,1.4719495598267382e-05,0.9667363641612249,1.9334433824469515,0.9667253861349342,0.0,0.0,2
0.04,CN,0.25066266723312214,5.055019201780748e-08,0.0,0.0,1.643026454429798e-05,0.962250318037426,1.9244676498031716,0.9622375026599497,0.0,0.0,1
0.045,CN,0.2506626651250697,5.896010950382839e-08,0.0,0.0,1.8560227478629177e-05,0.9578261511575629,1.9156152630317407,0.9578112923568599,0.0,0.0,2
0.05,CN,0.25066266306775786,6.71676010286486e-08,0.0,0.0,2.0598144813224243e-05,0.9534624538036349,1.9068835906075856,0.9534454394580996,0.0,0.0,1
0.055,CN,0.2506626606524235,7.680339674371802e-08,0.0,0.0,2.303829847477499e-05,0.9491578608187461,1.8982697150468357,0.9491384852161577,0.0,0.0,2
0.06,CN,0.2506626582261483,8.64828399767293e-08,0.0,0.0,2.5441490341052466e-05,0.9449110498120264,1.889771099405682,0.9448891611542818,0.0,0.0,1
0.065,CN,0.2506626554515007,9.755208899230949e-08,0.0,0.0,2.8244375875952514e-05,0.9407207394511775,1.8813850494531188,0.9406961201518199,0.0,0.0,2
0.07,CN,0.25066265261421106,1.0887124358904785e-07,0.0,0.0,3.105450084168277e-05,0.9365856878376081,1.873109151582831,0.9365581554010023,0.0,0.0,1
0.075,CN,0.2506626494291608,1.2157776328433326e-07,0.0,0.0,3.427170312885443e-05,0.9325046909594936,1.8649408873556466,0.9324740076774297,0.0,0.0,2
0.08,CN,0.2506626461356116,1.3471713112674342e-07,0.0,0.0,3.753358271735345e-05,0.92847658121839,1.8568779811459915,0.9284425391639666,0.0,0.0,1
0.085,CN,0.25066264248840764,1.492673784338599e-07,0.0,0.0,4.1217349918034424e-05,0.9245002260252627,1.8489180558179568,0.9244625612881154,0.0,0.0,2
0.09,CN,0.2506626386904089,1.6441921017157802e-07,0.0,0.0,4.4978723238206014e-05,0.9205745264621509,1.841058981228485,0.9205330089742769,0.0,0.0,1
0.095,CN,0.2506626345279108,1.8102518466303788e-07,0.0,0.0,4.918270240891822e-05,0.9166984160058352,1.8332984946578017,0.9166527508582394,0.0,0.0,2
0.1,CN,0.2506626301745245,1.9839269353897214e-07,0.0,0.0,5.3494031147990836e-05,0.9128708593101476,1.8256346151562695,0.9128207964613986,0.0,0.0,1
0.105,CN,0.2506626254418703,2.1727326329422337e-07,0.0,0.0,5.827360363840091e-05,0.9090908510437747,1.8180651723734311,0.9090360606043782,0.0,0.0,2
0.11,CN,0.2506626204795891,2.3706991271550945e-07,0.0,0.0,6.318789631577971e-05,0.9053574147805895,1.810588336226787,0.9052976282424311,0.0,0.0,1
0.115,CN,0.25066261512006555,2.5845133076001915e-07,0.0,0.0,6.860030880996282e-05,0.901669601939705,1.8032020099717472,0.9016044509992552,0.0,0.0,2
0.12,CN,0.25066260949298486,2.8090014800097074e-07,0.0,0.0,7.417295017416471e-05,0.8980264907726783,1.795904515002901,0.8979556895689375,0.0,0.0,1
0.125,CN,0.2506626034480115,3.050161167503819e-07,0.0,0.0,8.027605945972045e-05,0.8944271853953603,1.7886938143017552,0.8943503254383384,0.0,0.0,1
0.13,CN,0.2506625970980037,3.3034899757568007e-07,0.0,0.0,8.656590983955879e-05,0.8908708148621303,1.7815683732199976,0.8907875912803688,0.0,0.0,1
0.135,CN,0.2506625903071862,3.5744045579361663e-07,0.0,0.0,9.341116526694029e-05,0.8873565322802884,1.7745262264215453,0.8872665044232317,0.0,0.0,1
0.14,CN,0.25066258317407886,3.858974535794686e-07,0.0,0.0,0.00010048734809332142,0.8838835139626159,1.7675659235717642,0.8837863396968383,0.0,0.0,1
0.145,CN,0.250662575575307,4.162121850619863e-07,0.0,0.0,0.00010813711889366202,0.8804509586161253,1.7606856153352766,0.8803461724299654,0.0,0.0,1
0.15,CN,0.2506625675970662,4.480407797646441e-07,0.0,0.0,0.00011606141296668328,0.8770580865652305,1.753883914751953,0.876945309139898,0.0,0.0,1
0.155,CN,0.25066255912664226,4.818329019946716e-07,0.0,0.0,0.00012457962839589442,0.8737041390075868,1.7471590787890303,0.8735828783069233,0.0,0.0,1
0.16,CN,0.2506625502395607,5.172872487448529e-07,0.0,0.0,0.00013341551164687792,0.8703883773010197,1.7405097812130363,0.8702582168117707,0.0,0.0,1
0.165,CN,0.2506625408323492,5.548166149567177e-07,0.0,0.0,0.00014286751561680308,0.867110082279992,1.7339343767481346,0.8669705020133779,0.0,0.0,1
0.17,CN,0.25066253097123936,5.941567744945051e-07,0.0,0.0,0.0001526799686869282,0.8638685536002081,1.7274315971692902,0.8637190997968037,0.0,0.0,1
0.17500000000000002,CN,0.25066252056083144,6.356883177165726e-07,0.0,0.0,0.0001631323586107445,0.860663109109947,1.7209998873730004,0.8605032326073249,0.0,0.0,1
0.18,CN,0.25066250965922154,6.791794744246884e-07,0.0,0.0,0.00017398766584721345,0.8574930842469045,1.7146380344272965,0.8573222939766392,0.0,0.0,1
0.185,CN,0.2506624981781098,7.249825103308909e-07,0.0,0.0,0.000185508120443957,0.8543578314592716,1.7083445666288575,0.8541755480502734,0.0,0.0,1
0.19,CN,0.25066248616844156,7.728941829598711e-07,0.0,0.0,0.00019747366930365364,0.8512567196499593,1.7021183236738284,0.8510624146740828,0.0,0.0,1
0.195,CN,0.25066247354820237,8.232416826030055e-07,0.0,0.0,0.00021013076896636654,0.8481891336428415,1.6959579111814946,0.8479821966550454,0.0,0.0,1
0.2,CN,0.25066246036203027,8.75846929238477e-07,0.0,0.0,0.00022327484892833104,0.8451544736700154,1.689862218891844,0.8449343388610332,0.0,0.0,1
0.20500000000000002,CN,0.25066244653350944,9.310147780531319e-07,0.0,0.0,0.0002371378915090453,0.8421521548791014,1.6838299242685748,0.841918180021368,0.0,0.0,1
0.21,CN,0.25066243210169964,9.88589403076208e-07,0.0,0.0,0.00025152949363068864,0.8391816068596752,1.6778599646104784,0.8389331887834145,0.0,0.0,1
0.215,CN,0.25066241699520053,1.0488556505804728e-06,0.0,0.0,0.00026666830797228766,0.8362422731879278,1.6719510842689238,0.8359787373204577,0.0,0.0,1
0.22,CN,0.2506624012481282,1.1116774169431302e-06,0.0,0.0,0.00028237692620754895,0.8333336109887755,1.6661022657261582,0.8330543168716766,0.0,0.0,1
0.225,CN,0.2506623847935998,1.1773215264403043e-06,0.0,0.0,0.0002988616853676828,0.8304550905145918,1.660312315721153,0.8301593308042767,0.0,0.0,1
0.23,CN,0.2506623676613433,1.245669381449674e-06,0.0,0.0,0.00031595712071575386,0.8276061947398545,1.6545802596589907,0.8272932918189365,0.0,0.0,1
0.23500000000000001,CN,0.2506623497885668,1.3169714857093292e-06,0.0,0.0,0.0003338581565297603,0.8247864189709742,1.6489049625684744,0.8244556324278888,0.0,0.0,1
0.24,CN,0.25066233120109915,1.3911247965561191e-06,0.0,0.0,0.00035241032501213244,0.8219952704706631,1.6432854906328545,0.8216458857209739,0.0,0.0,1
0.245,CN,0.2506623118398717,1.4683649643465866e-06,0.0,0.0,0.00037179794540009316,0.8192322680961871,1.637720763429208,0.8188635114846657,0.0,0.0,1
0.25,CN,0.2506622917272467,1.5486027764436369e-06,0.0,0.0,0.00039187669077943803,0.816496941950907,1.632209885888941,0.816108062182957,0.0,0.0,1
0.255,CN,0.25066227080756076,1.632060297666928e-06,0.0,0.0,0.000412821000998881,0.8137888330485401,1.6267518287126146,0.813379023164161,0.0,0.0,1
0.26,CN,0.2506622491000941,1.718660611147287e-06,0.0,0.0,0.0004344959130612183,0.8111074929895821,1.6213457336614296,0.8106759653072381,0.0,0.0,1
0.265,CN,0.2506622265523122,1.8086132994691654e-06,0.0,0.0,0.00045706664193055033,0.8084524836493987,1.6159906194174583,0.8079983979513489,0.0,0.0,1
0.27,CN,0.25066220318075577,1.901852374473652e-06,0.0,0.0,0.00048040688105633266,0.8058233768774618,1.6106856627609223,0.8053459094850312,0.0,0.0,1
0.275,CN,0.25066217893577875,1.9985758956427842e-06,0.0,0.0,0.0005046732130179925,0.803219754207281,1.6054299274667967,0.8027180317939833,0.0,0.0,1
0.28,CN,0.2506621538314891,2.0987275801962237e-06,0.0,0.0,0.0005297473416710592,0.8006412065765816,1.600222623626332,0.8001143699223208,0.0,0.0,1
0.28500000000000003,CN,0.2506621278209184,2.2024948051665785e-06,0.0,0.0,0.0005557777554233903,0.798087334057304,1.5950628574465,0.7975344769718217,0.0,0.0,1
0.29,CN,0.250662100916017,2.3098298956083035e-06,0.0,0.0,0.0005826535770913778,0.7955577455950151,1.5899498707192967,0.794977973837035,0.0,0.0,1
0.295,CN,0.25066207307230887,2.4209102851085307e-06,0.0,0.0,0.0006105156913915906,0.7930520587573467,1.5848828096279661,0.7924444336079508,0.0,0.0,1
0.3,CN,0.25066204429983463,2.5356959175269414e-06,0.0,0.0,0.0006392600974189543,0.7905698994911055,1.5798609461473607,0.7899334922706043,0.0,0.0,1
0.305,CN,0.2506620145564476,2.6543549338690294e-06,0.0,0.0,0.0006690205245444708,0.7881109018876814,1.5748834641666707,0.7874447417680307,0.0,0.0,1
0.31,CN,0.2506619838505018,2.7768540063187616e-06,0.0,0.0,0.0006996993492109104,0.78567470795645,1.5699496644128428,0.7849778324623673,0.0,0.0,1
0.315,CN,0.25066195214203524,2.9033525604184545e-06,0.0,0.0,0.000731423556461721,0.7832609674058141,1.5650587663785704,0.7825323740984691,0.0,0.0,1
0.32,CN,0.250661919437917,3.0338231923424185e-06,0.0,0.0,0.0007641014405752863,0.7808693374316238,1.5602100981940576,0.7801080307401541,0.0,0.0,1
0.325,CN,0.25066188570024156,3.1684171232938946e-06,0.0,0.0,0.0007978536201047802,0.7784994825126329,1.5554029130054325,0.7777044289590592,0.0,0.0,1
0.33,CN,0.2506618509345756,3.307112145506462e-06,0.0,0.0,0.0008325938833009846,0.7761510742127741,1.550636565074205,0.7753212458847052,0.0,0.0,1
0.335,CN,0.25066181510495555,3.450051732932737e-06,0.0,0.0,0.0008684368304764275,0.77382379098993,1.5459103393884468,0.7729581240097615,0.0,0.0,1
0.34,CN,0.25066177821581076,3.5972182150292592e-06,0.0,0.0,0.0009053013523424091,0.7715173180109909,1.5412236151410914,0.7706147529295085,0.0,0.0,1
0.34500000000000003,CN,0.25066174023301663,3.748747729301835e-06,0.0,0.0,0.0009432963527582938,0.7692313469729319,1.5365757074768984,0.7682907902150173,0.0,0.0,1
0.35000000000000003,CN,0.2506617011600152,3.904626544051576e-06,0.0,0.0,0.000982345462834895,0.7669655759297002,1.5319660193878322,0.7659859373611292,0.0,0.0,1
0.355,CN,0.2506616609644288,4.064983827292695e-06,0.0,0.0,0.0010225521880322902,0.7647197091246598,1.527393894605337,0.7636998662323119,0.0,0.0,1
0.36,CN,0.2506616196488479,4.229809244928539e-06,0.0,0.0,0.0010638445646867258,0.7624934568284223,1.5228587588511253,0.7614322896883243,0.0,0.0,1
0.365,CN,0.2506615771825582,4.3992253292183075e-06,0.0,0.0,0.0011063209765691427,0.7602865351818293,1.5183599829786916,0.7591828931547114,0.0,0.0,1
0.37,CN,0.2506615335674214,4.57322465313904e-06,0.0,0.0,0.0011499135546767375,0.7580986660439046,1.5138970144292592,0.7569514003510288,0.0,0.0,1
0.375,CN,0.25066148877431105,4.751923414155772e-06,0.0,0.0,0.0011947158185573565,0.7559295768446054,1.5094692498102198,0.7547375095798193,0.0,0.0,1
0.38,CN,0.2506614428044719,4.9353166467465795e-06,0.0,0.0,0.001240663705882516,0.7537790004421626,1.505076157327275,0.7525409549429174,0.0,0.0,1
0.385,CN,0.25066139563029644,5.123514488854113e-06,0.0,0.0,0.0012878461120486519,0.7516466749848846,1.5007171580620764,0.7503614469800424,0.0,0.0,1
0.39,CN,0.25066134725251366,5.316514032297394e-06,0.0,0.0,0.001336202514172529,0.7495323437772082,1.4963917400813727,0.7481987297235905,0.0,0.0,1
0.395,CN,0.2506612976449716,5.514419608401247e-06,0.0,0.0,0.001385817407810396,0.747435755149904,1.4920993477427311,0.7460525253512833,0.0,0.0,1
0.4,CN,0.2506612468079752,5.7172300004777135e-06,0.0,0.0,0.0014366335614154695,0.7453566623342206,1.4878394881187678,0.743922587398487,0.0,0.0,1
0.405,CN,0.25066119471676973,5.925043965764254e-06,0.0,0.0,0.0014887312807012657,0.7432948233398909,1.4836116277194171,0.7418086491191493,0.0,0.0,1
0.41000000000000003,CN,0.2506611413713196,6.137861646215181e-06,0.0,0.0,0.0015420563949908965,0.7412500008368005,1.479415291813111,0.7397104731465788,0.0,0.0,1
0.41500000000000004,CN,0.2506610867482133,6.355776440458822e-06,0.0,0.0,0.0015966852171226723,0.7392219620402467,1.4752499680075073,0.7376278032836252,0.0,0.0,1
0.42,CN,0.2506610308471496,6.578789550124021e-06,0.0,0.0,0.0016525664231263897,0.7372104785996002,1.4711151989990092,0.7355604108776163,0.0,0.0,1
0.425,CN,0.2506609736460102,6.806989214320339e-06,0.0,0.0,0.0017097725180445227,0.735215326490315,1.4670104925019052,0.7335080497847554,0.0,0.0,1
0.43,CN,0.25066091514429645,7.0403774226227005e-06,0.0,0.0,0.0017682548255369616,0.7332362859091092,1.462935407912251,0.7314704997022284,0.0,0.0,1
0.435,CN,0.2506608553211364,7.279037441975013e-06,0.0,0.0,0.0018280822170590313,0.7312731411722484,1.4588894721185888,0.7294475240734024,0.0,0.0,1
0.44,CN,0.25066079417589515,7.522971805409111e-06,0.0,0.0,0.001889208478801852,0.729325680616804,1.4548722605252888,0.7274389105996508,0.0,0.0,1
0.445,CN,0.25066073168890296,7.772258983762027e-06,0.0,0.0,0.00195169901288,0.7273936965047855,1.4508833183170786,0.7254444318724685,0.0,0.0,1
0.45,CN,0.25066066785944413,8.026901832286378e-06,0.0,0.0,0.0020155098958812567,0.7254769849300616,1.4469222362499692,0.7234638832690787,0.0,0.0,1
0.455,CN,0.2506606026690097,8.286974191141137e-06,0.0,0.0,0.0020807032156761303,0.7235753457279555,1.4429885769771054,0.7214970461152181,0.0,0.0,1
0.46,CN,0.2506605361168525,8.552479040923915e-06,0.0,0.0,0.002147237179150289,0.721688582387439,1.4390819459819637,0.7195437231518711,0.0,0.0,1
0.465,CN,0.2506604681855855,8.82348574613593e-06,0.0,0.0,0.002215170706605318,0.7198165019658261,1.4352019226049575,0.7176037040484403,0.0,0.0,1
0.47000000000000003,CN,0.2506603988744745,9.099997235775176e-06,0.0,0.0,0.002284463986309108,0.7179589150059006,1.4313481264633425,0.7156767986128267,0.0,0.0,1
0.47500000000000003,CN,0.25066032816721673,9.38207854839045e-06,0.0,0.0,0.0023551729099015126,0.7161156354553683,1.4275201528469668,0.7137628044891811,0.0,0.0,1
0.48,CN,0.2506602560631308,9.66973240237358e-06,0.0,0.0,0.0024272595085154842,0.714286480588587,1.4237176349417924,0.7118615382697832,0.0,0.0,1
0.485,CN,0.2506601825469627,9.963019652496706e-06,0.0,0.0,0.0025007767768561303,0.7124712709304726,1.4199401832895093,0.7099728052247339,0.0,0.0,1
0.49,CN,0.2506601076181191,1.0261942665919933e-05,0.0,0.0,0.002575688460079298,0.7106698301825322,1.4161874441066056,0.7080964284616011,0.0,0.0,1
0.495,CN,0.25066003126236047,1.0566558249835153e-05,0.0,0.0,0.0026520447810314983,0.7088819851509379,1.4124590425264891,0.7062322205463725,0.0,0.0,1
0.5,CN,0.2506599534792131,1.087686829438284e-05,0.0,0.0,0.0027298110790560932,0.7071075656765814,1.4087546372832769,0.7043800108454541,0.0,0.0,1
0.505,CN,0.2506598742554193,1.1192925690056073e-05,0.0,0.0,0.0028090349240438915,0.7053464045670464,1.4050738674768621,0.702539618908103,0.0,0.0,1
0.51,CN,0.25065979359065227,1.1514731740575646e-05,0.0,0.0,0.0028896831380790028,0.703598337530438,1.401416403869884,0.7007108801150096,0.0,0.0,1
0.515,CN,0.2506597114726047,1.1842335545080817e-05,0.0,0.0,0.002971800751257822,0.7018632031109985,1.3977818989360566,0.6988936207023669,0.0,0.0,1
0.52,CN,0.25065962790112095,1.2175737724317193e-05,0.0,0.0,0.0030553559647742944,0.7001408426264779,1.3941700349998385,0.6970876818317969,0.0,0.0,1
0.525,CN,0.2506595428648135,1.2514983708093345e-05,0.0,0.0,0.0031403913767407863,0.6984311001071652,1.390580477346517,0.6952928961453037,0.0,0.0,1
0.53,CN,0.2506594563637191,1.286007334980435e-05,0.0,0.0,0.0032268764711147905,0.6967338222365702,1.3870129194167744,0.6935091103626425,0.0,0.0,1
0.535,CN,0.2506593683873403,1.3211048528186438e-05,0.0,0.0,0.0033148515168384203,0.6950488582936659,1.3834670387736527,0.6917361632647182,0.0,0.0,1
0.54,CN,0.2506626837262473,1.5247896272429697e-08,0.0,0.0,0.0034042871910775893,0.6933760600966759,1.3799425395483902,0.6899739069165846,0.0,0.0,1
0.545,CN,0.25066268372624717,1.524789582951453e-08,0.0,0.0,0.003495221531743179,0.6917152819483268,1.376439111074574,0.6882221859844413,0.0,0.0,1
0.55,CN,0.25066268372624706,1.5247895386599365e-08,0.0,0.0,0.003587626325986821,0.6900663805825547,1.372956467767136,0.6864808576752087,0.0,0.0,1
0.555,CN,0.25066268372624684,1.5247894500769033e-08,0.0,0.0,0.003681537474445271,0.6884292151125821,1.3694943102479447,0.6847497722992489,0.0,0.0,1
0.56,CN,0.2506626837262467,1.5247894057853867e-08,0.0,0.0,0.003776927796938706,0.686803646980363,1.3660523628265246,0.6830287920107974,0.0,0.0,1
0.5650000000000001,CN,0.2506626837262466,1.52478936149387e-08,0.0,0.0,0.0038738311464718202,0.6851895399073211,1.3626303369541548,0.681317772534942,0.0,0.0,1
0.5700000000000001,CN,0.2506626837262465,1.5247893172023535e-08,0.0,0.0,0.003972221303724156,0.6835867598463616,1.3592279664626645,0.6796165807870888,0.0,0.0,1
0.5750000000000001,CN,0.2506626837262464,1.524789272910837e-08,0.0,0.0,0.004072130159839191,0.6819951749351094,1.3558449731958233,0.6779250776885911,0.0,0.0,1
0.58,CN,0.25066268372624634,1.5247892507650788e-08,0.0,0.0,0.004173532389684034,0.6804146554503442,1.352481100151378,0.6762431347378309,0.0,0.0,1
0.585,CN,0.25066268372624617,1.5247891843278037e-08,0.0,0.0,0.004276458004663538,0.6788450737635877,1.3491360791493343,0.6745706178442991,0.0,0.0,1
0.59,CN,0.2506626837262461,1.5247891621820456e-08,0.0,0.0,0.0043808825119523885,0.6772863042978149,1.3458096620120377,0.6729074029186936,0.0,0.0,1
0.595,CN,0.250662683726246,1.524789117890529e-08,0.0,0.0,0.004486834121895554,0.6757382234852478,1.3425015901388875,0.67125336066022,0.0,0.0,1
0.6,CN,0.25066268372624584,1.524789051453254e-08,0.0,0.0,0.004594289116564666,0.674200709726218,1.3392116238497849,0.669608371228371,0.0,0.0,1
0.605,CN,0.2506626837262458,1.5247890293074958e-08,0.0,0.0,0.004703273980667436,0.6726736433490413,1.335939513744993,0.6679723099228014,0.0,0.0,1
0.61,CN,0.2506626837262456,1.5247889628702208e-08,0.0,0.0,0.0048137657179300394,0.6711569065708919,1.332685028328467,0.6663450609950465,0.0,0.0,1
0.615,CN,0.25066268372624545,1.524788896432946e-08,0.0,0.0,0.004925789159762137,0.6696503834596524,1.3294479270400466,0.6647265041645665,0.0,0.0,1
0.62,CN,0.25066268372624534,1.5247888521414294e-08,0.0,0.0,0.005039321982189123,0.6681539598966814,1.3262279862671247,0.6631165276246302,0.0,0.0,1
0.625,CN,0.2506626837262453,1.524788829995671e-08,0.0,0.0,0.005154387432737594,0.6666675235405178,1.323024973944099,0.6615150153419932,0.0,0.0,1
0.63,CN,0.2506626837262452,1.5247887857041544e-08,0.0,0.0,0.00527096381400123,0.6651909637914407,1.3198386740534018,0.6599218593074588,0.0,0.0,1
0.635,CN,0.25066268372624495,1.5247886971211212e-08,0.0,0.0,0.005389072856261408,0.6637241717569135,1.3166688626943344,0.6583369475702497,0.0,0.0,1
0.64,CN,0.25066268372624484,1.5247886528296046e-08,0.0,0.0,0.005508693446327977,0.6622670402178545,1.3135153311676047,0.6567601757803212,0.0,0.0,1
0.645,CN,0.2506626837262448,1.5247886306838465e-08,0.0,0.0,0.005629845861234017,0.6608194635957088,1.310377863422314,0.6551914359118108,0.0,0.0,1
0.65,CN,0.2506626837262447,1.52478858639233e-08,0.0,0.0,0.005752509532802696,0.6593813379203259,1.3072562578117206,0.6536306271409625,0.0,0.0,1
0.655,CN,0.25066268372624456,1.5247885421008133e-08,0.0,0.0,0.005876703346300949,0.6579525607985887,1.3041503058333745,0.6520776452161527,0.0,0.0,1
0.66,CN,0.2506626837262444,1.5247884756635382e-08,0.0,0.0,0.006002407242297233,0.6565330313837909,1.3010598126378992,0.6505323927123209,0.0,0.0,1
0.665,CN,0.25066268372624434,1.52478845351778e-08,0.0,0.0,0.006129638773377116,0.6551226503457493,1.2979845769829552,0.6489947690079126,0.0,0.0,1
0.67,CN,0.25066268372624423,1.5247884092262635e-08,0.0,0.0,0.006258378355320306,0.6537213198415962,1.2949244105714,0.6474646799539969,0.0,0.0,1
0.675,CN,0.2506626837262442,1.524788387080505e-08,0.0,0.0,0.006388642264827714,0.6523289434872782,1.2918791191449817,0.6459420284210765,0.0,0.0,1
0.68,CN,0.250662683726244,1.5247883206432303e-08,0.0,0.0,0.006520411361902664,0.6509454263297126,1.2888485207232367,0.644426723418572,0.0,0.0,1
0.685,CN,0.25066268372624384,1.5247882542059553e-08,0.0,0.0,0.006653700701972008,0.649570674819583,1.2858324277677036,0.6429186711768939,0.0,0.0,1
0.6900000000000001,CN,0.2506626837262438,1.524788232060197e-08,0.0,0.0,0.006788491560645992,0.6482045967847774,1.2828306643881544,0.6414177837505924,0.0,0.0,1
0.6950000000000001,CN,0.2506626837262437,1.5247881877686805e-08,0.0,0.0,0.006924797824597173,0.6468471014044298,1.279843049512731,0.6399239706033925,0.0,0.0,1
0.7000000000000001,CN,0.2506626837262435,1.5247881213314055e-08,0.0,0.0,0.007062601158632697,0.6454980991835548,1.276869413123726,0.6384371467261152,0.0,0.0,1
0.705,CN,0.25066268372624345,1.5247880991856473e-08,0.0,0.0,0.00720191433118924,0.6441575019282777,1.273909580373234,0.636957224694474,0.0,0.0,1
0.71,CN,0.2506626837262433,1.5247880327483723e-08,0.0,0.0,0.0073427193719140405,0.6428252227216015,1.2709633869066956,0.6354841223308749,0.0,0.0,1
0.715,CN,0.2506626837262432,1.5247879884568557e-08,0.0,0.0,0.007485027979608724,0.6415011758997535,1.2680306638675307,0.6340177552067053,0.0,0.0,1
0.72,CN,0.25066268372624306,1.524787944165339e-08,0.0,0.0,0.007628822526313376,0.640185277029041,1.2651112523629213,0.6325580438752525,0.0,0.0,1
0.725,CN,0.250662683726243,1.524787922019581e-08,0.0,0.0,0.007774113687956688,0.6388774428832414,1.2622049893045293,0.6311049067920358,0.0,0.0,1
0.73,CN,0.2506626837262429,1.5247878777280644e-08,0.0,0.0,0.007920884158299812,0.6375775914214888,1.2593117210674707,0.6296582671443195,0.0,0.0,1
0.735,CN,0.2506626837262428,1.5247878334365478e-08,0.0,0.0,0.008069143635396129,0.6362856417666679,1.2564312901176502,0.628218046164755,0.0,0.0,1
0.74,CN,0.2506626837262427,1.5247877891450312e-08,0.0,0.0,0.008218875115705796,0.6350015141842669,1.2535635479116132,0.6267841695813311,0.0,0.0,1
0.745,CN,0.25066268372624256,1.5247877448535146e-08,0.0,0.0,0.008370087362710372,0.6337251300617194,1.2507083422641396,0.6253565613011469,0.0,0.0,1
0.75,CN,0.25066268372624245,1.524787700561998e-08,0.0,0.0,0.008522763658079368,0.6324564118881867,1.2478655295336802,0.6239351495031534,0.0,0.0,1
0.755,CN,0.25066268372624234,1.5247876562704814e-08,0.0,0.0,0.00867691187239808,0.6311952832347881,1.24503496268677,0.6225198606703369,0.0,0.0,1
0.76,CN,0.25066268372624223,1.5247876119789648e-08,0.0,0.0,0.008832515556478343,0.6299416687352658,1.2422165028109098,0.6211106253461826,0.0,0.0,1
0.765,CN,0.2506626837262422,1.5247875898332064e-08,0.0,0.0,0.008989581728119705,0.6286954940670669,1.239410007835133,0.6197073724949355,0.0,0.0,1
0.77,CN,0.250662683726242,1.5247875233959316e-08,0.0,0.0,0.009148094192529389,0.6274566859328397,1.2366153434095528,0.6183100349413954,0.0,0.0,1
0.775,CN,0.25066268372624195,1.524787501250173e-08,0.0,0.0,0.009308059153326286,0.6262251720423233,1.2338323722439324,0.6169185440401816,0.0,0.0,1
0.78,CN,0.25066268372624184,1.5247874569586566e-08,0.0,0.0,0.009469460656590342,0.6250008810946307,1.2310609643906867,0.6155328348172534,0.0,0.0,1
0.785,CN,0.25066268372624173,1.52478741266714e-08,0.0,0.0,0.009632304128916101,0.623783742760917,1.228300987165703,0.6141528409303006,0.0,0.0,1
0.79,CN,0.2506626837262417,1.524787390521382e-08,0.0,0.0,0.00979657384486819,0.6225736876674021,1.2255523148692904,0.6127784995292378,0.0,0.0,1
0.795,CN,0.25066268372624145,1.5247873019383487e-08,0.0,0.0,0.009962274489778367,0.6213706473787743,1.2228148192556758,0.6114097464909332,0.0,0.0,1
0.8,CN,0.25066268372624134,1.524787257646832e-08,0.0,0.0,0.010129390555358853,0.6201745543819273,1.220088378724307,0.6100465210148783,0.0,0.0,1
0.805,CN,0.2506626837262413,1.5247872355010736e-08,0.0,0.0,0.010297926020096812,0.6189853420700546,1.2173728693065051,0.6086887611164968,0.0,0.0,1
0.81,CN,0.2506626837262412,1.524787191209557e-08,0.0,0.0,0.010467865582487898,0.6178029447270657,1.2146681733575166,0.6073364079731871,0.0,0.0,1
0.8150000000000001,CN,0.25066268372624106,1.5247871469180404e-08,0.0,0.0,0.010639212547298488,0.6166272975123405,1.2119741710307539,0.6059894016614263,0.0,0.0,1
0.8200000000000001,CN,0.25066268372624095,1.5247871026265238e-08,0.0,0.0,0.010811951810343464,0.6154583364457918,1.209290748499134,0.6046476852674555,0.0,0.0,1
0.8250000000000001,CN,0.25066268372624084,1.5247870583350072e-08,0.0,0.0,0.010986086034544757,0.614295998393245,1.2066177898891297,0.6033112008542897,0.0,0.0,1
0.8300000000000001,CN,0.25066268372624073,1.5247870140434906e-08,0.0,0.0,0.011161600304404249,0.6131402210521175,1.2039551850582013,0.6019798933504483,0.0,0.0,1
0.835,CN,0.2506626837262406,1.524786969751974e-08,0.0,0.0,0.011338496671673175,0.611990942937394,1.2013028219625699,0.6006537067338279,0.0,0.0,1
0.84,CN,0.2506626837262405,1.5247869254604574e-08,0.0,0.0,0.011516760401676329,0.610848103367889,1.1986605940159147,0.5993325877110646,0.0,0.0,1
0.845,CN,0.25066268372624045,1.5247869033146993e-08,0.0,0.0,0.011696392964508522,0.6097116424527934,1.196028392866359,0.5980164821060125,0.0,0.0,1
0.85,CN,0.25066268372624034,1.5247868590231827e-08,0.0,0.0,0.01187737979916268,0.6085815010784922,1.1934061153601014,0.5967053383415742,0.0,0.0,1
0.855,CN,0.25066268372624023,1.524786814731666e-08,0.0,0.0,0.012059721822472811,0.6074576208956511,1.190793656704558,0.5953991040212574,0.0,0.0,1
0.86,CN,0.2506626837262401,1.5247867704401495e-08,0.0,0.0,0.012243404640599033,0.6063399443065689,1.1881909170591876,0.5940977292246005,0.0,0.0,1
0.865,CN,0.25066268372624,1.524786726148633e-08,0.0,0.0,0.012428428644431486,0.6052284144527755,1.185597795063114,0.592801163270972,0.0,0.0,1
0.87,CN,0.2506626837262399,1.5247866818571163e-08,0.0,0.0,0.012614779601398821,0.6041229752028899,1.18301419407406,0.5915093578390482,0.0,0.0,1
0.875,CN,0.2506626837262398,1.5247866375655998e-08,0.0,0.0,0.012802457402723316,0.6030235711407135,1.1804400160400825,0.5902222639026706,0.0,0.0,1
0.88,CN,0.2506626837262396,1.5247865711283247e-08,0.0,0.0,0.012991447971757943,0.6019301475535658,1.1778751674062864,0.5889398346842126,0.0,0.0,1
0.885,CN,0.25066268372623957,1.5247865489825666e-08,0.0,0.0,0.01318175072532875,0.600842650420849,1.1753195533114953,0.5876620227529048,0.0,0.0,1
0.89,CN,0.25066268372623945,1.52478650469105e-08,0.0,0.0,0.01337335173787856,0.5997610264028412,1.1727730831812648,0.586388782821352,0.0,0.0,1
0.895,CN,0.25066268372623934,1.5247864603995334e-08,0.0,0.0,0.013566249976139541,0.598685222829708,1.170235665231438,0.5851200689973002,0.0,0.0,1
0.9,CN,0.2506626837262392,1.5247863939622583e-08,0.0,0.0,0.013760431661278051,0.5976151876907364,1.1677072117648941,0.5838558374320213,0.0,0.0,1
0.905,CN,0.250662683726239,1.5247863275249836e-08,0.0,0.0,0.01395589533329927,0.5965508696237709,1.1651876339649987,0.5825960437170286,0.0,0.0,1
0.91,CN,0.25066268372623896,1.524786305379225e-08,0.0,0.0,0.014152627356156187,0.5954922179048645,1.1626768469124835,0.5813406453925256,0.0,0.0,1
0.915,CN,0.25066268372623884,1.5247862610877085e-08,0.0,0.0,0.014350625865591146,0.5944391824381245,1.1601747646528073,0.5800895994810774,0.0,0.0,1
0.92,CN,0.2506626837262388,1.5247862389419504e-08,0.0,0.0,0.014549877364800241,0.5933917137457608,1.1576813049486103,0.578842864863847,0.0,0.0,1
0.925,CN,0.2506626837262387,1.5247861946504338e-08,0.0,0.0,0.014750379606855674,0.5923497629583206,1.1551963846059214,0.5776003999436897,0.0,0.0,1
0.93,CN,0.25066268372623857,1.5247861503589172e-08,0.0,0.0,0.014952119231012988,0.5913132818051196,1.152719923976743,0.5763621648964546,0.0,0.0,1
0.935,CN,0.2506626837262384,1.5247860839216425e-08,0.0,0.0,0.015155093628425926,0.5902822226048426,1.1502518425298995,0.5751281194564002,0.0,0.0,1
0.9400000000000001,CN,0.25066268372623834,1.524786061775884e-08,0.0,0.0,0.015359289571554727,0.5892565382563462,1.1477920631174723,0.5738982250494193,0.0,0.0,1
0.9450000000000001,CN,0.25066268372623823,1.5247860174843674e-08,0.0,0.0,0.01556470410957429,0.5882361822296092,1.145340507776921,0.5726724426940932,0.0,0.0,1
0.9500000000000001,CN,0.2506626837262381,1.524785973192851e-08,0.0,0.0,0.015771324145594914,0.5872211085568815,1.142897101774265,0.5714507350232886,0.0,0.0,1
0.9550000000000001,CN,0.25066268372623796,1.524785906755576e-08,0.0,0.0,0.01597914640596849,0.5862112718239778,1.1404617696248915,0.5702330642945547,0.0,0.0,1
0.96,CN,0.25066268372623784,1.5247858624640595e-08,0.0,0.0,0.01618815792217382,0.5852066271617584,1.1380344389256614,0.5690193943061836,0.0,0.0,1
0.965,CN,0.2506626837262378,1.524785840318301e-08,0.0,0.0,0.01639835511613945,0.5842071302377454,1.1356150365825135,0.5678096885110052,0.0,0.0,1
0.97,CN,0.2506626837262377,1.5247857960267845e-08,0.0,0.0,0.01660972514567931,0.5832127372479174,1.133203492442962,0.5666039118326424,0.0,0.0,1
0.975,CN,0.25066268372623757,1.524785751735268e-08,0.0,0.0,0.01682226414596798,0.5822234049086433,1.130799735719314,0.5654020288771135,0.0,0.0,1
0.98,CN,0.2506626837262374,1.524785685297993e-08,0.0,0.0,0.01703595939934655,0.5812390904487772,1.1284036984323784,0.5642040056546932,0.0,0.0,1
0.985,CN,0.2506626837262373,1.5247856410064766e-08,0.0,0.0,0.01725080677120037,0.5802597516018858,1.126015312019717,0.5630098078840311,0.0,0.0,1
0.99,CN,0.2506626837262371,1.5247855745692015e-08,0.0,0.0,0.01746679366679357,0.579285346598638,1.1236345106007783,0.5618194026247257,0.0,0.0,1
0.995,CN,0.25066268372623696,1.5247855081319268e-08,0.0,0.0,0.017683915698006814,0.5783158341593161,1.1212612277602274,0.5606327566689825,0.0,0.0,1
1.0,CN,0.2506626837262368,1.5247854416946517e-08,0.0,0.0,0.017902160391607292,0.5773511734864802,1.1188953996441187,0.5594498380897068,0.0,0.0,1
1.0050000000000001,CN,0.2506626837262367,1.524785397403135e-08,0.0,0.0,0.018121523121599325,0.576391324257752,1.1165369619088965,0.5582706147149978,0.0,0.0,1
1.01,CN,0.2506626837262366,1.524785375257377e-08,0.0,0.0,0.018341991534998985,0.575436246618748,1.1141858526577102,0.5570950555963119,0.0,0.0,1
1.0150000000000001,CN,0.2506626837262365,1.5247853309658604e-08,0.0,0.0,0.018563560782929107,0.5744859011761211,1.1118420095462032,0.5559231295613516,0.0,0.0,1
1.02,CN,0.25066268372623635,1.5247852645285853e-08,0.0,0.0,0.018786218631549462,0.5735402489907484,1.1095053725675348,0.5547548066065819,0.0,0.0,1
1.025,CN,0.25066268372623624,1.5247852202370688e-08,0.0,0.0,0.019009960023485102,0.5725992515710218,1.1071758813065897,0.5535900565243297,0.0,0.0,1
1.03,CN,0.2506626837262361,1.524785175945552e-08,0.0,0.0,0.01923477284306779,0.5716628708662808,1.1048534775817969,0.5524288502236983,0.0,0.0,1
1.035,CN,0.250662683726236,1.5247851316540356e-08,0.0,0.0,0.01946065183821865,0.5707310692603423,1.1025381028398575,0.5512711584279263,0.0,0.0,1
1.04,CN,0.2506626837262359,1.524785087362519e-08,0.0,0.0,0.019687585010588614,0.5698038095651654,1.1002297006619923,0.5501169529275164,0.0,0.0,1
1.045,CN,0.2506626837262358,1.5247850430710024e-08,0.0,0.0,0.01991556692661998,0.5688810550146094,1.09792821429172,0.5489662053441193,0.0,0.0,1
1.05,CN,0.2506626837262357,1.5247849987794858e-08,0.0,0.0,0.020144585704535742,0.5679627692583246,1.0956335890127538,0.5478188883194873,0.0,0.0,1
1.055,CN,0.25066268372623557,1.5247849544879692e-08,0.0,0.0,0.020374635741975636,0.5670489163557305,1.0933457698027809,0.5466749743423586,0.0,0.0,1
1.06,CN,0.25066268372623546,1.5247849101964526e-08,0.0,0.0,0.02060570527308093,0.5661394607701158,1.0910647035898071,0.5455344368766348,0.0,0.0,1
1.065,CN,0.2506626837262354,1.5247848880506945e-08,0.0,0.0,0.020837788538835715,0.5652343673628328,1.0887903370252858,0.5443972492479408,0.0,0.0,1
1.07,CN,0.2506626837262353,1.524784843759178e-08,0.0,0.0,0.021070873888728126,0.5643336013876008,1.0865226186253507,0.5432633857142447,0.0,0.0,1
1.075,CN,0.2506626837262351,1.5247847773219028e-08,0.0,0.0,0.021304955418722772,0.5634371284849016,1.0842614966569886,0.5421328204089412,0.0,0.0,1
1.08,CN,0.250662683726235,1.5247847330303862e-08,0.0,0.0,0.02154002159315518,0.5625449146764789,1.0820069211702448,0.5410055283569576,0.0,0.0,1
1.085,CN,0.25066268372623496,1.524784710884628e-08,0.0,0.0,0.021776066374114517,0.5616569263599324,1.0797588419914999,0.5398814844713882,0.0,0.0,1
1.09,CN,0.25066268372623485,1.5247846665931115e-08,0.0,0.0,0.022013078340346343,0.5607731303034019,1.077517210652387,0.538760664517957,0.0,0.0,1
1.095,CN,0.25066268372623474,1.524784622301595e-08,0.0,0.0,0.022251051330733594,0.5598934936403469,1.0752819784845449,0.5376430441623904,0.0,0.0,1
1.1,CN,0.2506626837262346,1.5247845780100783e-08,0.0,0.0,0.022489974038048487,0.5590179838644144,1.0730530984506872,0.5365285998859551,0.0,0.0,1
1.105,CN,0.25066268372623446,1.5247845115728033e-08,0.0,0.0,0.02272984018817916,0.558146568824396,1.0708305233355166,0.5354173080809126,0.0,0.0,1
1.11,CN,0.25066268372623435,1.5247844672812867e-08,0.0,0.0,0.02297063858758677,0.5572792167192707,1.0686142074840783,0.5343091459196978,0.0,0.0,1
1.115,CN,0.2506626837262342,1.524784400844012e-08,0.0,0.0,0.02321236285893477,0.5564158960933303,1.0664041050838073,0.5332040904959411,0.0,0.0,1
1.12,CN,0.2506626837262341,1.5247843786982535e-08,0.0,0.0,0.02345500192207402,0.5555565758313948,1.0642001718150256,0.5321021196497183,0.0,0.0,1
1.125,CN,0.25066268372623407,1.5247843565524953e-08,0.0,0.0,0.02369854930578832,0.5547012251540957,1.0620023632193676,0.5310032111517622,0.0,0.0,1
1.1300000000000001,CN,0.25066268372623396,1.5247843122609787e-08,0.0,0.0,0.02394299404305081,0.5538498136132542,1.0598106362670014,0.5299073434870742,0.0,0.0,1
1.135,CN,0.25066268372623385,1.524784267969462e-08,0.0,0.0,0.02418832957770054,0.5530023110873269,1.0576249478069637,0.5288144950800904,0.0,0.0,1
1.1400000000000001,CN,0.2506626837262337,1.524784201532187e-08,0.0,0.0,0.024434545055591395,0.5521586877769316,1.0554452560554255,0.5277246450388162,0.0,0.0,1
1.145,CN,0.25066268372623357,1.5247841572406705e-08,0.0,0.0,0.02468163384415764,0.5513189142004505,1.0532715191236874,0.5266377724188223,0.0,0.0,1
1.1500000000000001,CN,0.25066268372623346,1.524784112949154e-08,0.0,0.0,0.02492958520191272,0.5504829611896993,1.0511036964316014,0.5255538569299566,0.0,0.0,1
1.155,CN,0.2506626837262333,1.5247840465118792e-08,0.0,0.0,0.02517839242804551,0.5496507998856768,1.0489417473091955,0.5244728782371558,0.0,0.0,1
1.16,CN,0.2506626837262332,1.5247840022203626e-08,0.0,0.0,0.025428044893523107,0.5488224017343816,1.046785632339153,0.523394816631686,0.0,0.0,1
1.165,CN,0.2506626837262331,1.524783980074604e-08,0.0,0.0,0.02567853583708186,0.547997738482695,1.0446353120282463,0.5223196523668581,0.0,0.0,1
1.17,CN,0.25066268372623296,1.5247839136373294e-08,0.0,0.0,0.025929854741947516,0.5471767821743387,1.0424907480825478,0.521247366295635,0.0,0.0,1
1.175,CN,0.25066268372623285,1.5247838693458128e-08,0.0,0.0,0.026181994793843394,0.5463595051458927,1.0403519021450882,0.5201779392394587,0.0,0.0,1
1.18,CN,0.2506626837262327,1.5247838029085378e-08,0.0,0.0,0.026434945588065632,0.5455458800228804,1.0382187370072555,0.5191113525939521,0.0,0.0,1
1.185,CN,0.25066268372623257,1.524783758617021e-08,0.0,0.0,0.026688700264424294,0.5447358797159206,1.0360912154092812,0.5180475877291598,0.0,0.0,1
1.19,CN,0.25066268372623246,1.5247837143255046e-08,0.0,0.0,0.026943248530100522,0.5439294774169366,1.0339693011911193,0.5169866265649898,0.0,0.0,1
1.195,CN,0.25066268372623235,1.524783670033988e-08,0.0,0.0,0.02719858348576336,0.5431266465954332,1.0318529581525286,0.5159284510012523,0.0,0.0,1
1.2,CN,0.25066268372623224,1.5247836257424714e-08,0.0,0.0,0.02745469495029381,0.5423273609948304,1.0297421511465572,0.5148730434644039,0.0,0.0,1
1.205,CN,0.25066268372623207,1.5247835593051967e-08,0.0,0.0,0.027711575991676427,0.5415315946288555,1.0276368449961548,0.5138203863658525,0.0,0.0,1
1.21,CN,0.25066268372623196,1.52478351501368e-08,0.0,0.0,0.027969216540303578,0.5407393217779962,1.0255370055332105,0.5127704626214773,0.0,0.0,1
1.215,CN,0.2506626837262319,1.5247834928679216e-08,0.0,0.0,0.02822760963762909,0.5399505169860092,1.023442598568816,0.5117232551367588,0.0,0.0,1
1.22,CN,0.2506626837262318,1.524783448576405e-08,0.0,0.0,0.028486745325362342,0.5391651550564852,1.021353590880643,0.5106787473004692,0.0,0.0,1
1.225,CN,0.2506626837262317,1.5247834042848884e-08,0.0,0.0,0.028746616624287517,0.5383832110494663,1.019269949234113,0.509636922495256,0.0,0.0,1
1.23,CN,0.25066268372623157,1.5247833599933718e-08,0.0,0.0,0.029007213687228937,0.5376046602781226,1.0171916413207613,0.508597764566825,0.0,0.0,1
1.235,CN,0.2506626837262314,1.524783293556097e-08,0.0,0.0,0.029268529519881417,0.5368294783054757,1.0151186348277252,0.5075612573586832,0.0,0.0,1
1.24,CN,0.25066268372623124,1.524783227118822e-08,0.0,0.0,0.029530554385971856,0.5360576409411796,1.013050898329595,0.5065273851580654,0.0,0.0,1
1.245,CN,0.25066268372623113,1.5247831828273054e-08,0.0,0.0,0.029793281281415476,0.535289124238345,1.0109884004037566,0.5054961322536048,0.0,0.0,1
1.25,CN,0.250662683726231,1.524783138535789e-08,0.0,0.0,0.03005670058061762,0.5345239044904246,1.0089311104781096,0.5044674833591926,0.0,0.0,1
1.2550000000000001,CN,0.2506626837262309,1.5247830942442723e-08,0.0,0.0,0.03032080527476367,0.5337619582281328,1.0068789979899369,0.5034414231934119,0.0,0.0,1
1.26,CN,0.25066268372623085,1.524783072098514e-08,0.0,0.0,0.03058558584869955,0.5330032622164312,1.0048320331917315,0.5024179368824524,0.0,0.0,1
1.2650000000000001,CN,0.25066268372623074,1.5247830278069975e-08,0.0,0.0,0.030851035293680367,0.5322477934515433,1.0027901863513957,0.5013970095602084,0.0,0.0,1
1.27,CN,0.25066268372623063,1.524782983515481e-08,0.0,0.0,0.031117144204740294,0.5314955291580272,1.0007534285182857,0.5003786267513026,0.0,0.0,1
1.2750000000000001,CN,0.2506626837262305,1.5247829392239643e-08,0.0,0.0,0.03138390557776304,0.5307464467858927,0.9987217307626736,0.4993627739908158,0.0,0.0,1
1.28,CN,0.2506626837262304,1.5247828949324478e-08,0.0,0.0,0.031651310117702725,0.5300005240077584,0.9966950649040276,0.49834943718842833,0.0,0.0,1
1.285,CN,0.25066268372623024,1.5247828284951727e-08,0.0,0.0,0.03191935082939911,0.5292577387160547,0.9946734027877271,0.497338602266776,0.0,0.0,1
1.29,CN,0.25066268372623013,1.524782784203656e-08,0.0,0.0,0.03218801852744112,0.528518069020271,0.99265671697751,0.49633025550767534,0.0,0.0,1
1.295,CN,0.25066268372623,1.5247827399121395e-08,0.0,0.0,0.032457306229729775,0.5277814932442453,0.9906449800675732,0.49532438320817246,0.0,0.0,1
1.3,CN,0.25066268372622996,1.5247827177663814e-08,0.0,0.0,0.03272720486018582,0.5270479899234928,0.9886381653409829,0.4943209720097494,0.0,0.0,1
1.305,CN,0.25066268372622974,1.5247826291833482e-08,0.0,0.0,0.03299770745366314,0.5263175378025788,0.9866362461153825,0.4933200085711768,0.0,0.0,1
1.31,CN,0.2506626837262297,1.5247826070375897e-08,0.0,0.0,0.033268805043093104,0.5255901158325271,0.9846391963690857,0.49232147988156183,0.0,0.0,1
1.315,CN,0.2506626837262296,1.524782562746073e-08,0.0,0.0,0.03354049068396843,0.5248657031682731,0.9826469901187042,0.49132537294916073,0.0,0.0,1
1.32,CN,0.2506626837262294,1.5247824963087984e-08,0.0,0.0,0.03381275551789113,0.5241442791661476,0.9806596020145493,0.4903316750990806,0.0,0.0,1
1.325,CN,0.2506626837262293,1.5247824520172818e-08,0.0,0.0,0.03408559262448164,0.5234258233814116,0.9786770067485855,0.48934037367725547,0.0,0.0,1
1.33,CN,0.2506626837262292,1.5247824077257652e-08,0.0,0.0,0.03435899325365325,0.522710315565812,0.9766991796206834,0.4883514563335733,0.0,0.0,1
1.335,CN,0.2506626837262291,1.5247823634342486e-08,0.0,0.0,0.034632950512453506,0.5219977356651859,0.9747260959753643,0.4873649107402477,0.0,0.0,1
1.34,CN,0.250662683726229,1.52478234128849e-08,0.0,0.0,0.03490745575872833,0.5212880638170974,0.9727577317403895,0.4863807248611132,0.0,0.0,1
1.345,CN,0.2506626837262289,1.5247822969969736e-08,0.0,0.0,0.03518250213006949,0.5205812803485069,0.970794062890856,0.4853988866836726,0.0,0.0,1
1.35,CN,0.2506626837262288,1.524782252705457e-08,0.0,0.0,0.03545808109185717,0.5198773657734802,0.9688350659614939,0.4844193844752459,0.0,0.0,1
1.355,CN,0.2506626837262287,1.5247822084139404e-08,0.0,0.0,0.03573418581517,0.5191763007909271,0.966880717536763,0.48344220652801834,0.0,0.0,1
1.36,CN,0.2506626837262286,1.5247821641224238e-08,0.0,0.0,0.036010807872504366,0.5184780662823738,0.9649309947381628,0.482467341402696,0.0,0.0,1
1.365,CN,0.25066268372622846,1.5247821198309072e-08,0.0,0.0,0.03628794047120052,0.5177826433097723,0.962985874739041,0.481494777685909,0.0,0.0,1
1.37,CN,0.25066268372622835,1.5247820755393906e-08,0.0,0.0,0.03656557529043334,0.5170900131133378,0.9610453352281745,0.4805245042220032,0.0,0.0,1
1.375,CN,0.25066268372622824,1.524782031247874e-08,0.0,0.0,0.036843705576418355,0.5164001571094178,0.959109353948043,0.47955650988217596,0.0,0.0,1
1.3800000000000001,CN,0.2506626837262281,1.5247819648105993e-08,0.0,0.0,0.03712232311455173,0.5157130568883974,0.9571779091358734,0.4785907837849991,0.0,0.0,1
1.385,CN,0.25066268372622796,1.5247819205190827e-08,0.0,0.0,0.037401421192383585,0.5150286942126284,0.955250979084221,0.4776273150767087,0.0,0.0,1
1.3900000000000001,CN,0.25066268372622785,1.524781876227566e-08,0.0,0.0,0.0376809917010545,0.5143470510143933,0.9533285425605853,0.4766660931410141,0.0,0.0,1
1.395,CN,0.2506626837262277,1.524781809790291e-08,0.0,0.0,0.03796102797176051,0.5136681093938972,0.9514105783892037,0.47570710738999344,0.0,0.0,1
1.4000000000000001,CN,0.2506626837262276,1.5247817654987744e-08,0.0,0.0,0.0382415220008905,0.5129918516172886,0.9494970658503041,0.4747503474637211,0.0,0.0,1
1.405,CN,0.2506626837262274,1.5247816990614997e-08,0.0,0.0,0.038522467165455286,0.5123182601147075,0.947587984282051,0.47379580303123975,0.0,0.0,1
1.41,CN,0.2506626837262273,1.524781654769983e-08,0.0,0.0,0.03880385556657747,0.5116473174783674,0.9456833134604612,0.47284346398051924,0.0,0.0,1
1.415,CN,0.2506626837262272,1.5247816104784665e-08,0.0,0.0,0.039085680629115195,0.5109790064606564,0.943783033220504,0.4718933202290057,0.0,0.0,1
1.42,CN,0.2506626837262272,1.5247816104784665e-08,0.0,0.0,0.03936793455839119,0.5103133099722722,0.9418871238176258,0.4709453619043846,0.0,0.0,1
1.425,CN,0.250662683726227,1.5247815440411915e-08,0.0,0.0,0.03965061082901316,0.5096502110803798,0.9399955655670706,0.4699995791642402,0.0,0.0,1
1.43,CN,0.2506626837262269,1.524781499749675e-08,0.0,0.0,0.03993370174995246,0.5089896930067977,0.9381083391879236,0.4690559623680783,0.0,0.0,1
1.435,CN,0.25066268372622685,1.5247814776039168e-08,0.0,0.0,0.04021720084734283,0.5083317391262085,0.9362254254597515,0.46811450190564563,0.0,0.0,1
1.44,CN,0.25066268372622674,1.5247814333124e-08,0.0,0.0,0.04050110053323488,0.5076763329643971,0.9343468055500347,0.46717518836064625,0.0,0.0,1
1.445,CN,0.2506626837262266,1.524781366875125e-08,0.0,0.0,0.04078539438694544,0.5070234581965087,0.9324724606872692,0.46623801234729245,0.0,0.0,1
1.45,CN,0.2506626837262264,1.5247813004378504e-08,0.0,0.0,0.04107007492301758,0.506373098645338,0.9306023724726058,0.4653029646661243,0.0,0.0,1
1.455,CN,0.2506626837262263,1.5247812561463338e-08,0.0,0.0,0.04135513577549292,0.5057252382796383,0.9287365225686188,0.46437003614839406,0.0,0.0,1
1.46,CN,0.2506626837262262,1.5247812118548172e-08,0.0,0.0,0.041640569560803496,0.5050798612124549,0.9268748929959203,0.46343921780437325,0.0,0.0,1
1.465,CN,0.2506626837262261,1.5247811675633006e-08,0.0,0.0,0.0419263699691477,0.5044369516994813,0.9250174658368202,0.46251050067518273,0.0,0.0,1
1.47,CN,0.25066268372622597,1.524781123271784e-08,0.0,0.0,0.04221252971822644,0.5037964941374407,0.9231642235176706,0.4615838759739649,0.0,0.0,1
1.475,CN,0.25066268372622585,1.5247810789802674e-08,0.0,0.0,0.042499042555721074,0.503158473062487,0.9213151485266824,0.4606593349447918,0.0,0.0,1
1.48,CN,0.25066268372622574,1.5247810346887508e-08,0.0,0.0,0.0427859012999663,0.5025228731486308,0.9194702236826986,0.45973686899705196,0.0,0.0,1
1.485,CN,0.2506626837262257,1.5247810125429924e-08,0.0,0.0,0.043073099757351435,0.5018896792061857,0.9176294318664817,0.45881646957109407,0.0,0.0,1
1.49,CN,0.2506626837262256,1.5247809682514758e-08,0.0,0.0,0.043360630846193966,0.5012588761802339,0.9157927562765713,0.4578981282661557,0.0,0.0,1
1.495,CN,0.25066268372622547,1.5247809239599592e-08,0.0,0.0,0.043648488432720546,0.5006304491491181,0.9139601801733903,0.4569818367124164,0.0,0.0,1
1.5,CN,0.2506626837262253,1.5247808575226844e-08,0.0,0.0,0.04393666553456539,0.5000043833229486,0.9121316871228273,0.456067586692789,0.0,0.0,1
1.5050000000000001,CN,0.2506626837262252,1.524780813231168e-08,0.0,0.0,0.04422515607882941,0.4993806640421371,0.9103072607525304,0.4551553700210663,0.0,0.0,1
1.51,CN,0.25066268372622513,1.5247807910854094e-08,0.0,0.0,0.04451395318178368,0.49875927677594106,0.9084868849838117,0.4542451786578736,0.0,0.0,1
1.5150000000000001,CN,0.25066268372622497,1.5247807246481347e-08,0.0,0.0,0.04480305083235166,0.49814020712103924,0.9066705437995349,0.45333700459461224,0.0,0.0,1
1.52,CN,0.25066268372622486,1.524780680356618e-08,0.0,0.0,0.04509244224474821,0.4975234408001167,0.9048582214649235,0.4524308399638637,0.0,0.0,1
1.5250000000000001,CN,0.25066268372622474,1.5247806360651015e-08,0.0,0.0,0.04538212147058289,0.4969089636604769,0.9030499023064732,0.451526676928846,0.0,0.0,1
1.53,CN,0.2506626837262246,1.5247805696278264e-08,0.0,0.0,0.04567208182130817,0.49629676167266595,0.901245570922202,0.4506245077885388,0.0,0.0,1
1.5350000000000001,CN,0.2506626837262245,1.5247805474820683e-08,0.0,0.0,0.04596231741200297,0.49568682092912075,0.8994452119710554,0.44972432487238534,0.0,0.0,1
1.54,CN,0.25066268372622436,1.5247804810447932e-08,0.0,0.0,0.04625282165063867,0.49507912764282924,0.8976488103731082,0.44882612064039423,0.0,0.0,1
1.545,CN,0.25066268372622424,1.5247804367532766e-08,0.0,0.0,0.046543588716469984,0.49447366814601634,0.8958563511089594,0.4479298875828365,0.0,0.0,1
1.55,CN,0.2506626837262241,1.524780370316002e-08,0.0,0.0,0.04683461211325647,0.49387042888884186,0.8940678194103837,0.4470356183155709,0.0,0.0,1
1.555,CN,0.25066268372622397,1.5247803260244853e-08,0.0,0.0,0.04712588608506116,0.4932693964381169,0.8922832005692171,0.44614330548448766,0.0,0.0,1
1.56,CN,0.25066268372622386,1.5247802817329687e-08,0.0,0.0,0.047417404230690414,0.49267055747603694,0.8905024801189196,0.445252941856289,0.0,0.0,1
1.565,CN,0.2506626837262237,1.5247802152956937e-08,0.0,0.0,0.04770916085957789,0.492073898798935,0.8887256436525094,0.4443645202274564,0.0,0.0,1
1.57,CN,0.25066268372622363,1.5247801931499355e-08,0.0,0.0,0.04800114966482438,0.49147940731604584,0.8869526769954728,0.4434780335107061,0.0,0.0,1
1.575,CN,0.25066268372622347,1.5247801267126605e-08,0.0,0.0,0.04829336502172935,0.4908870700482925,0.8851835660323021,0.4425934746482571,0.0,0.0,1
1.58,CN,0.25066268372622336,1.524780082421144e-08,0.0,0.0,0.04858580071692593,0.49029687412708156,0.8834182968711769,0.44171083669417277,0.0,0.0,1
1.585,CN,0.2506626837262233,1.5247800602753858e-08,0.0,0.0,0.048878451192010515,0.48970880679312584,0.8816568556787004,0.4408301127317283,0.0,0.0,1
1.59,CN,0.2506626837262232,1.524780015983869e-08,0.0,0.0,0.04917131032637693,0.4891228553952648,0.8798992288367368,0.4399512959518296,0.0,0.0,1
1.595,CN,0.250662683726223,1.524779949546594e-08,0.0,0.0,0.04946437262828921,0.4885390073893208,0.8781454027849486,0.4390743795742822,0.0,0.0,1
1.6,CN,0.25066268372622297,1.524779927400836e-08,0.0,0.0,0.04975763206912113,0.48795725033695075,0.8763953641701874,0.43819935692248624,0.0,0.0,1
1.605,CN,0.25066268372622286,1.5247798831093194e-08,0.0,0.0,0.05005108322411616,0.4873775719045342,0.8746490996964532,0.43732622134841637,0.0,0.0,1
1.61,CN,0.25066268372622275,1.5247798388178028e-08,0.0,0.0,0.0503447201558396,0.48679995986204855,0.872906596267184,0.43645496630376657,0.0,0.0,1
1.615,CN,0.2506626837262226,1.5247797723805277e-08,0.0,0.0,0.05063853750677118,0.4862244020819884,0.8711678408422832,0.4355855852684635,0.0,0.0,1
1.62,CN,0.2506626837262224,1.524779705943253e-08,0.0,0.0,0.050932529429871226,0.48565088653827193,0.8694328205736653,0.43471807181844013,0.0,0.0,1
1.625,CN,0.2506626837262223,1.5247796616517364e-08,0.0,0.0,0.05122669063505962,0.4850794013051865,0.867701522669007,0.4338524195575101,0.0,0.0,1
1.6300000000000001,CN,0.2506626837262222,1.5247796173602198e-08,0.0,0.0,0.05152101536488797,0.48450993455632313,0.8659739345208706,0.4329886221819305,0.0,0.0,1
1.635,CN,0.2506626837262221,1.5247795730687032e-08,0.0,0.0,0.05181549839687066,0.48394247456354417,0.8642500435768439,0.4321266734154714,0.0,0.0,1
1.6400000000000001,CN,0.250662683726222,1.5247795509229448e-08,0.0,0.0,0.05211013406234012,0.48337700969595354,0.8625298374625736,0.43126656707093236,0.0,0.0,1
1.645,CN,0.25066268372622186,1.52477948448567e-08,0.0,0.0,0.052404917206510956,0.4828135284188865,0.8608133038579895,0.4304082969882548,0.0,0.0,1
1.6500000000000001,CN,0.2506626837262218,1.5247794623399116e-08,0.0,0.0,0.05269984224868053,0.48225201929290323,0.8591004306145144,0.4295518570931268,0.0,0.0,1
1.655,CN,0.2506626837262217,1.524779418048395e-08,0.0,0.0,0.0529949041018244,0.4816924709728071,0.8573912056370978,0.4286972413380002,0.0,0.0,1
1.6600000000000001,CN,0.25066268372622164,1.524779395902637e-08,0.0,0.0,0.0532900972723826,0.48113487220666384,0.85568561699589,0.4278444437579272,0.0,0.0,1
1.665,CN,0.25066268372622147,1.5247793294653618e-08,0.0,0.0,0.053585416741109414,0.48057921183484253,0.8539836528137954,0.4269934584143373,0.0,0.0,1
1.67,CN,0.25066268372622136,1.5247792851738452e-08,0.0,0.0,0.05388085710076108,0.4800254787890621,0.852285301372882,0.4261442794482421,0.0,0.0,1
1.675,CN,0.25066268372622125,1.5247792408823286e-08,0.0,0.0,0.054176413399846794,0.479473662091453,0.8505905510071899,0.4252969010266395,0.0,0.0,1
1.68,CN,0.2506626837262212,1.5247792187365705e-08,0.0,0.0,0.05447208031660753,0.47892375085362904,0.8488993902041255,0.4244513173932105,0.0,0.0,1
1.685,CN,0.2506626837262211,1.524779174445054e-08,0.0,0.0,0.05476785296724522,0.4783757342757731,0.8472118075022811,0.42360752281722946,0.0,0.0,1
1.69,CN,0.25066268372622097,1.5247791301535373e-08,0.0,0.0,0.05506372611465026,0.4778296016457296,0.8455277915880486,0.42276551164187065,0.0,0.0,1
1.695,CN,0.2506626837262208,1.5247790637162622e-08,0.0,0.0,0.05535969494261797,0.4772853423381167,0.8438473311982182,0.42192527823550774,0.0,0.0,1
1.7,CN,0.2506626837262207,1.5247790194247456e-08,0.0,0.0,0.05565575429784926,0.4767429458134388,0.8421704152120382,0.42108681703774353,0.0,0.0,1
1.705,CN,0.2506626837262206,1.524778975133229e-08,0.0,0.0,0.05595189943159861,0.47620240161721816,0.840497032558353,0.42025012251297916,0.0,0.0,1
1.71,CN,0.25066268372622047,1.5247789308417125e-08,0.0,0.0,0.0562481252735356,0.47566369937913516,0.8388271723033467,0.4194151891942857,0.0,0.0,1
1.715,CN,0.25066268372622036,1.524778886550196e-08,0.0,0.0,0.05654442714220633,0.47512682881217605,0.8371608235619972,0.41858201163913134,0.0,0.0,1
1.72,CN,0.2506626837262202,1.524778820112921e-08,0.0,0.0,0.05684080004940464,0.4745917797117951,0.8354979755816979,0.41775058447119223,0.0,0.0,1
1.725,CN,0.2506626837262201,1.5247787758214045e-08,0.0,0.0,0.05713723938076937,0.47405854195508396,0.8338386176578384,0.41692090233814266,0.0,0.0,1
1.73,CN,0.25066268372621997,1.524778731529888e-08,0.0,0.0,0.057433740229371956,0.4735271054999562,0.8321827392135014,0.4160929599515038,0.0,0.0,1
1.735,CN,0.25066268372621986,1.5247786872383714e-08,0.0,0.0,0.05773029804771571,0.47299746038433355,0.8305303297189659,0.41526675204639507,0.0,0.0,1
1.74,CN,0.25066268372621975,1.5247786429468548e-08,0.0,0.0,0.05802690800930107,0.47246959672535227,0.8288813787676685,0.41444227341951484,0.0,0.0,1
1.745,CN,0.2506626837262196,1.5247785765095797e-08,0.0,0.0,0.05832356563323936,0.4719435047185666,0.8272358759994433,0.4136195188907603,0.0,0.0,1
1.75,CN,0.25066268372621947,1.524778532218063e-08,0.0,0.0,0.058620266172610354,0.4714191746371766,0.8255938111729265,0.41279848333943014,0.0,0.0,1
1.7550000000000001,CN,0.2506626837262194,1.524778510072305e-08,0.0,0.0,0.05891700521285037,0.4708965968312504,0.8239551740923601,0.4119791616676257,0.0,0.0,1
1.76,CN,0.2506626837262193,1.5247784657807884e-08,0.0,0.0,0.05921377808576798,0.4703757617269699,0.8223199546766047,0.4111615488347582,0.0,0.0,1
1.7650000000000001,CN,0.25066268372621925,1.52477844363503e-08,0.0,0.0,0.059510580442816506,0.46985665982587,0.8206881428893342,0.41034563982264527,0.0,0.0,1
1.77,CN,0.2506626837262191,1.5247783771977552e-08,0.0,0.0,0.05980740769368234,0.4693392817041071,0.8190597288048291,0.4095314296684082,0.0,0.0,1
1.7750000000000001,CN,0.250662683726219,1.5247783550519967e-08,0.0,0.0,0.060104255555504284,0.46882361801171263,0.8174347025413992,0.408718913431183,0.0,0.0,1
1.78,CN,0.2506626837262189,1.52477831076048e-08,0.0,0.0,0.06040111951499518,0.4683096594718782,0.8158130543240978,0.40790808622347774,0.0,0.0,1
1.7850000000000001,CN,0.25066268372621886,1.524778288614722e-08,0.0,0.0,0.06069799535462584,0.46779739688022987,0.8141947744212352,0.4070989431794289,0.0,0.0,1
1.79,CN,0.2506626837262187,1.524778222177447e-08,0.0,0.0,0.06099487863728454,0.46728682110412784,0.8125798532041558,0.40629147948469024,0.0,0.0,1
1.795,CN,0.2506626837262186,1.5247781778859304e-08,0.0,0.0,0.06129176521039971,0.466777923081959,0.810968281086692,0.4054856903461597,0.0,0.0,1
1.8,CN,0.2506626837262185,1.5247781557401722e-08,0.0,0.0,0.061588650712184556,0.4662706938224524,0.8093600485821499,0.40468157102047225,0.0,0.0,1
1.805,CN,0.2506626837262184,1.5247781114486556e-08,0.0,0.0,0.061885531054631154,0.46576512440398926,0.8077551462455614,0.40387911678512567,0.0,0.0,1
1.81,CN,0.2506626837262183,1.524778067157139e-08,0.0,0.0,0.06218240195042845,0.4652612059739334,0.8061535647280106,0.40307832296564416,0.0,0.0,1
1.815,CN,0.25066268372621825,1.5247780450113806e-08,0.0,0.0,0.0624792593757195,0.4647589297479587,0.804555294721556,0.4022791849080392,0.0,0.0,1
1.82,CN,0.25066268372621814,1.524778000719864e-08,0.0,0.0,0.06277609911682087,0.46425828700939276,0.8029603270110183,0.4014816980047036,0.0,0.0,1
1.825,CN,0.2506626837262181,1.524777978574106e-08,0.0,0.0,0.06307291721359724,0.46375926910856335,0.8013686524214512,0.4006858576681467,0.0,0.0,1
1.83,CN,0.2506626837262179,1.5247779121368308e-08,0.0,0.0,0.06336970952514619,0.4632618674621545,0.7997802618675109,0.3998916593556791,0.0,0.0,1
1.835,CN,0.2506626837262178,1.5247778678453142e-08,0.0,0.0,0.0636664721546084,0.462766073552568,0.7981951463033499,0.3990990985443598,0.0,0.0,1
1.84,CN,0.25066268372621764,1.5247778014080395e-08,0.0,0.0,0.06396320103301767,0.46227187892729815,0.7966132967696936,0.39830817075453445,0.0,0.0,1
1.845,CN,0.2506626837262176,1.524777779262281e-08,0.0,0.0,0.06425989232633035,0.46177927519830314,0.795034704346034,0.3975188715259319,0.0,0.0,1
1.85,CN,0.2506626837262175,1.5247777349707644e-08,0.0,0.0,0.0645565420366741,0.4612882540413957,0.7934593601955189,0.3967311964401093,0.0,0.0,1
1.855,CN,0.2506626837262173,1.5247776685334897e-08,0.0,0.0,0.06485314639234589,0.460798807195631,0.7918872555193519,0.3959451410976515,0.0,0.0,1
1.86,CN,0.2506626837262172,1.524777624241973e-08,0.0,0.0,0.06514970146572754,0.4603109264627111,0.7903183815995918,0.3951607011395713,0.0,0.0,1
1.865,CN,0.25066268372621714,1.5247776020962146e-08,0.0,0.0,0.06544620354696938,0.45982460370638123,0.7887527297556398,0.39437787222555276,0.0,0.0,1
1.87,CN,0.25066268372621703,1.524777557804698e-08,0.0,0.0,0.0657426487778698,0.45933983085185326,0.7871902913850626,0.3935966500543627,0.0,0.0,1
1.875,CN,0.250662683726217,1.52477753565894e-08,0.0,0.0,0.066039033509933,0.45885659988521765,0.7856310579220815,0.3928170303430954,0.0,0.0,1
1.8800000000000001,CN,0.2506626837262169,1.5247775135131815e-08,0.0,0.0,0.06633535395353964,0.458374902852872,0.7840750208764853,0.39203900884662907,0.0,0.0,1
1.885,CN,0.2506626837262168,1.524777469221665e-08,0.0,0.0,0.06663160652103707,0.45789473186095436,0.7825221717940413,0.39126258133783126,0.0,0.0,1
1.8900000000000001,CN,0.25066268372621664,1.52477740278439e-08,0.0,0.0,0.06692778749055754,0.4574160790747799,0.7809725022935923,0.3904877436261072,0.0,0.0,1
1.895,CN,0.25066268372621653,1.5247773584928735e-08,0.0,0.0,0.06722389333477047,0.4569389367182897,0.7794260040292914,0.3897144915385177,0.0,0.0,1
1.9000000000000001,CN,0.2506626837262165,1.524777336347115e-08,0.0,0.0,0.06751992039873182,0.45646329707349637,0.7778826687259706,0.3889428209374628,0.0,0.0,1
1.905,CN,0.25066268372621636,1.5247772920555985e-08,0.0,0.0,0.06781586521490274,0.4559891524799487,0.7763424881431132,0.3881727277026685,0.0,0.0,1
1.9100000000000001,CN,0.25066268372621625,1.524777247764082e-08,0.0,0.0,0.06811172419443944,0.4555164953341889,0.7748054541085831,0.38740420774805095,0.0,0.0,1
1.915,CN,0.25066268372621614,1.5247772034725653e-08,0.0,0.0,0.06840749392905535,0.45504531808922843,0.7732715584842458,0.3866372570045275,0.0,0.0,1
1.92,CN,0.2506626837262161,1.5247771813268072e-08,0.0,0.0,0.06870317089518722,0.4545756132540195,0.7717407931981397,0.3858718714361019,0.0,0.0,1
1.925,CN,0.250662683726216,1.5247771370352906e-08,0.0,0.0,0.06899875174325366,0.45410737339293816,0.7702131502116625,0.38510804702345763,0.0,0.0,1
1.93,CN,0.25066268372621586,1.524777092743774e-08,0.0,0.0,0.06929423301415626,0.45364059112527033,0.7686886215502595,0.3843457797793021,0.0,0.0,1
1.935,CN,0.25066268372621575,1.5247770484522574e-08,0.0,0.0,0.06958961141646447,0.4531752591247067,0.7671671992721111,0.3835850657327103,0.0,0.0,1
1.94,CN,0.2506626837262157,1.524777026306499e-08,0.0,0.0,0.06988488355473334,0.4527113701188425,0.7656488754974067,0.38282590094376195,0.0,0.0,1
1.945,CN,0.25066268372621553,1.5247769598692242e-08,0.0,0.0,0.0701800461951224,0.45224891688867447,0.7641336423784455,0.38206828148859157,0.0,0.0,1
1.95,CN,0.25066268372621536,1.524776893431949e-08,0.0,0.0,0.07047509600503349,0.45178789226812227,0.7626214921275778,0.3813122034733595,0.0,0.0,1
1.955,CN,0.25066268372621525,1.5247768491404325e-08,0.0,0.0,0.0707700298076492,0.4513282891435302,0.7611124169886604,0.38055766301997923,0.0,0.0,1
1.96,CN,0.25066268372621514,1.524776804848916e-08,0.0,0.0,0.07106484433241604,0.4508701004532003,0.7596064092637083,0.3798046562794436,0.0,0.0,1
1.965,CN,0.25066268372621503,1.5247767605573994e-08,0.0,0.0,0.07135953645896777,0.45041331918690714,0.7581034612856569,0.3790531794182057,0.0,0.0,1
1.97,CN,0.250662683726215,1.5247767384116412e-08,0.0,0.0,0.07165410297799844,0.4499579383854371,0.7566035654437762,0.37830322863088595,0.0,0.0,1
1.975,CN,0.25066268372621486,1.5247766941201246e-08,0.0,0.0,0.07194854082501632,0.4495039511401177,0.7551067141576828,0.37755480012727816,0.0,0.0,1
1.98,CN,0.25066268372621475,1.524776649828608e-08,0.0,0.0,0.07224284685117095,0.44905135059236384,0.7536128999015749,0.376807890144467,0.0,0.0,1
1.985,CN,0.2506626837262146,1.524776583391333e-08,0.0,0.0,0.07253701804726403,0.4486001299332193,0.7521221151794336,0.3760624949344287,0.0,0.0,1
1.99,CN,0.25066268372621453,1.524776561245575e-08,0.0,0.0,0.0728310513241135,0.44815028240291166,0.7506343525481376,0.3753186107755885,0.0,0.0,1
1.995,CN,0.25066268372621436,1.5247764948082998e-08,0.0,0.0,0.07312494372723034,0.44770180129040277,0.7491496045937911,0.3745762339609842,0.0,0.0,1
2.0,CN,0.25066268372621425,1.5247764505167832e-08,0.0,0.0,0.07341869222631954,0.4472546799329582,0.7476678639537837,0.37383536080929664,0.0,0.0,1
2.005,CN,0.2506626837262141,1.5247763840795085e-08,0.0,0.0,0.07371229392101376,0.4468089117157009,0.7461891232941829,0.37309598765354546,0.0,0.0,1
2.0100000000000002,CN,0.2506626837262139,1.5247763176422334e-08,0.0,0.0,0.0740057458391289,0.44636449007119094,0.7447133753307793,0.37235811085161213,0.0,0.0,1
2.015,CN,0.25066268372621386,1.5247762954964753e-08,0.0,0.0,0.07429904513382928,0.44592140847899403,0.7432406128075186,0.3716217267754555,0.0,0.0,1
2.02,CN,0.25066268372621375,1.5247762512049587e-08,0.0,0.0,0.07459218889027087,0.4454796604652649,0.7417708285165672,0.3708868318211451,0.0,0.0,1
2.025,CN,0.2506626837262137,1.5247762290592002e-08,0.0,0.0,0.074885174314558,0.44503923960232705,0.7403040152777258,0.37015342239856763,0.0,0.0,1
2.0300000000000002,CN,0.25066268372621353,1.5247761626219255e-08,0.0,0.0,0.07517799854842219,0.44460013950826166,0.7388401659575685,0.36942149494099635,0.0,0.0,1
2.035,CN,0.2506626837262135,1.524776140476167e-08,0.0,0.0,0.07547065885031352,0.444162353846504,0.7373792734498055,0.3686910458952728,0.0,0.0,1
2.04,CN,0.2506626837262133,1.5247760740388923e-08,0.0,0.0,0.07576315241778013,0.44372587632543464,0.7359213306935278,0.3679620717309291,0.0,0.0,1
2.045,CN,0.25066268372621325,1.524776051893134e-08,0.0,0.0,0.07605547656102309,0.4432907006979817,0.7344663306544577,0.3672345689308128,0.0,0.0,1
2.05,CN,0.2506626837262131,1.524775985455859e-08,0.0,0.0,0.0763476285326541,0.4428568207612309,0.7330142663423733,0.36650853399979977,0.0,0.0,1
2.055,CN,0.25066268372621303,1.5247759633101007e-08,0.0,0.0,0.0766396056940295,0.44242423035602624,0.7315651307931909,0.3657839634558347,0.0,0.0,1
2.06,CN,0.2506626837262129,1.524775919018584e-08,0.0,0.0,0.07693140535207753,0.44199292336659335,0.7301189170855978,0.3650608538382481,0.0,0.0,1
2.065,CN,0.2506626837262128,1.5247758747270675e-08,0.0,0.0,0.07722302491871352,0.4415628937201485,0.7286756183239479,0.3643392016992037,0.0,0.0,1
2.07,CN,0.25066268372621264,1.5247758082897928e-08,0.0,0.0,0.07751446175444122,0.4411341353865257,0.7272352276541217,0.3636190036116287,0.0,0.0,1
2.075,CN,0.2506626837262125,1.5247757418525177e-08,0.0,0.0,0.07780571332113902,0.4407066423777995,0.7257977382472068,0.36290025616105376,0.0,0.0,1
2.08,CN,0.25066268372621237,1.524775697561001e-08,0.0,0.0,0.07809677703215151,0.4402804087479149,0.724363143314622,0.3621829559531754,0.0,0.0,1
2.085,CN,0.25066268372621225,1.5247756532694845e-08,0.0,0.0,0.07838765039872389,0.4398554285923214,0.7229314360925414,0.3614670996060677,0.0,0.0,1
2.09,CN,0.25066268372621214,1.524775608977968e-08,0.0,0.0,0.07867833088631326,0.4394316960476089,0.7215026098563215,0.36075268375739605,0.0,0.0,1
2.095,CN,0.25066268372621203,1.5247755646864513e-08,0.0,0.0,0.07896881605493643,0.4390092052911501,0.7200766579056327,0.36003970505698285,0.0,0.0,1
2.1,CN,0.2506626837262119,1.5247755203949347e-08,0.0,0.0,0.07925910342144057,0.43858795054074384,0.7186535735782227,0.35932816017368924,0.0,0.0,1
2.105,CN,0.25066268372621175,1.52477545395766e-08,0.0,0.0,0.07954919059401987,0.43816792605426336,0.7172333502357172,0.3586180457883154,0.0,0.0,1
2.11,CN,0.2506626837262117,1.5247754318119015e-08,0.0,0.0,0.07983907514019614,0.4377491261293095,0.7158159812767586,0.35790935860016987,0.0,0.0,1
2.115,CN,0.2506626837262116,1.524775387520385e-08,0.0,0.0,0.08012875471574765,0.43733154510286243,0.7144014601234394,0.35720209532028635,0.0,0.0,1
2.12,CN,0.2506626837262115,1.5247753432288684e-08,0.0,0.0,0.08041822693816125,0.4369151773509475,0.7129897802338508,0.3564962526776979,0.0,0.0,1
2.125,CN,0.25066268372621137,1.5247752989373518e-08,0.0,0.0,0.08070748951020766,0.43650001728828924,0.7115809350891172,0.35579182741295434,0.0,0.0,1
2.13,CN,0.25066268372621126,1.5247752546458352e-08,0.0,0.0,0.08099654009863679,0.4360860593679855,0.7101749182053747,0.35508881628411126,0.0,0.0,1
2.1350000000000002,CN,0.25066268372621114,1.5247752103543186e-08,0.0,0.0,0.08128537645262086,0.4356732980811695,0.7087717231213919,0.35438721606054063,0.0,0.0,1
2.14,CN,0.2506626837262111,1.5247751882085604e-08,0.0,0.0,0.08157399628747693,0.4352617279566892,0.7073713434099963,0.35368702352864395,0.0,0.0,1
2.145,CN,0.250662683726211,1.524775143917044e-08,0.0,0.0,0.08186239739819152,0.4348513435607769,0.7059737726662549,0.35298823548594244,0.0,0.0,1
2.15,CN,0.25066268372621087,1.5247750996255273e-08,0.0,0.0,0.08215057754795875,0.43444213949673377,0.7045790045183764,0.3522908487465283,0.0,0.0,1
2.1550000000000002,CN,0.25066268372621076,1.5247750553340107e-08,0.0,0.0,0.08243853457699328,0.43403411040461054,0.7031870326164316,0.35159486013542474,0.0,0.0,1
2.16,CN,0.2506626837262107,1.5247750331882522e-08,0.0,0.0,0.08272626629568412,0.43362725096089105,0.7017978506427409,0.35090026649378,0.0,0.0,1
2.165,CN,0.2506626837262106,1.5247749888967356e-08,0.0,0.0,0.08301377058889102,0.433221555878186,0.7004114523011187,0.3502070646734891,0.0,0.0,1
2.17,CN,0.25066268372621053,1.5247749667509775e-08,0.0,0.0,0.08330104531352085,0.4328170199049207,0.6990278313267807,0.349515251542148,0.0,0.0,1
2.1750000000000003,CN,0.25066268372621037,1.5247749003137024e-08,0.0,0.0,0.08358808839849817,0.4324136378250326,0.6976469814760651,0.3488248239779139,0.0,0.0,1
2.18,CN,0.25066268372621026,1.5247748560221858e-08,0.0,0.0,0.0838748977465788,0.43201140445766795,0.6962688965358952,0.3481357788742365,0.0,0.0,1
2.185,CN,0.2506626837262102,1.5247748338764277e-08,0.0,0.0,0.08416147133017395,0.4316103146568855,0.6948935703139612,0.34744811313494917,0.0,0.0,1
2.19,CN,0.2506626837262101,1.524774789584911e-08,0.0,0.0,0.08444780709722532,0.4312103633113566,0.6935209966477469,0.34676182367878194,0.0,0.0,1
2.195,CN,0.25066268372621,1.5247747452933945e-08,0.0,0.0,0.08473390306305649,0.4308115453440779,0.6921511693951563,0.3460769074346751,0.0,0.0,1
2.2,CN,0.25066268372620987,1.524774701001878e-08,0.0,0.0,0.08501975722013956,0.4304138557120773,0.69078408244313,0.3453933613460873,0.0,0.0,1
2.205,CN,0.2506626837262097,1.524774634564603e-08,0.0,0.0,0.08530536762613847,0.4300172894061271,0.6894197296986811,0.3447111823665134,0.0,0.0,1
2.21,CN,0.2506626837262097,1.524774634564603e-08,0.0,0.0,0.08559073231740634,0.42962184145046367,0.6880581050971346,0.3440303674636042,0.0,0.0,1
2.215,CN,0.25066268372620953,1.524774568127328e-08,0.0,0.0,0.0858758493933797,0.42922750690250083,0.6866992025935533,0.3433509136148798,0.0,0.0,1
2.22,CN,0.2506626837262095,1.5247745459815697e-08,0.0,0.0,0.08616071693365043,0.4288342808525533,0.6853430161705998,0.3426728178116598,0.0,0.0,1
2.225,CN,0.25066268372620937,1.524774501690053e-08,0.0,0.0,0.0864453330788631,0.4284421584235652,0.6839895398303627,0.3419960770549772,0.0,0.0,1
2.23,CN,0.25066268372620926,1.5247744573985365e-08,0.0,0.0,0.08672969595121288,0.4280511347708291,0.6826387676018436,0.3413206883593213,0.0,0.0,1
2.235,CN,0.25066268372620915,1.52477441310702e-08,0.0,0.0,0.08701380373199083,0.4276612050817216,0.6812906935331521,0.3406466487487354,0.0,0.0,1
2.24,CN,0.25066268372620903,1.5247743688155033e-08,0.0,0.0,0.08729765458536722,0.427272364575433,0.6799453116986588,0.3399739552603937,0.0,0.0,1
2.245,CN,0.2506626837262089,1.5247743245239867e-08,0.0,0.0,0.08758124673272265,0.42688460850270415,0.6786026161915357,0.3393026049408708,0.0,0.0,1
2.25,CN,0.2506626837262088,1.52477428023247e-08,0.0,0.0,0.08786457837958028,0.4264979321455598,0.6772626011305776,0.3386325948495528,0.0,0.0,1
2.255,CN,0.25066268372620876,1.524774258086712e-08,0.0,0.0,0.0881476477868574,0.4261123308170549,0.6759252606530863,0.3379639220550796,0.0,0.0,1
2.2600000000000002,CN,0.25066268372620865,1.5247742137951954e-08,0.0,0.0,0.0884304532008148,0.4257277998610106,0.6745905889213746,0.3372965836385962,0.0,0.0,1
2.265,CN,0.25066268372620853,1.5247741695036788e-08,0.0,0.0,0.08871299292135755,0.42534433465176386,0.6732585801159663,0.33663057669035357,0.0,0.0,1
2.27,CN,0.25066268372620837,1.5247741030664037e-08,0.0,0.0,0.08899526523487543,0.4249619305939129,0.6719292284418137,0.33596589831281665,0.0,0.0,1
2.275,CN,0.2506626837262083,1.5247740809206456e-08,0.0,0.0,0.08927726847971647,0.42458058312206726,0.6706025281217898,0.33530254561741096,0.0,0.0,1
2.2800000000000002,CN,0.2506626837262082,1.524774036629129e-08,0.0,0.0,0.08955900098179802,0.42420028770060086,0.6692784734026304,0.3346405157274934,0.0,0.0,1
2.285,CN,0.25066268372620804,1.524773970191854e-08,0.0,0.0,0.0898404611173702,0.4238210398234077,0.6679570585487182,0.33397980577524444,0.0,0.0,1
2.29,CN,0.2506626837262079,1.5247739259003374e-08,0.0,0.0,0.09012164725128344,0.42344283501365526,0.6666382778477444,0.33332041290449865,0.0,0.0,1
2.295,CN,0.2506626837262078,1.5247738816088208e-08,0.0,0.0,0.09040255779715428,0.4230656688235506,0.6653221256047812,0.33266233426778125,0.0,0.0,1
2.3000000000000003,CN,0.2506626837262077,1.5247738373173042e-08,0.0,0.0,0.09068319115817745,0.4226895368340934,0.6640085961476789,0.3320055670290066,0.0,0.0,1
2.305,CN,0.2506626837262076,1.5247737930257876e-08,0.0,0.0,0.0909635457848037,0.42231443465484847,0.6626976838214036,0.3313501083606469,0.0,0.0,1
2.31,CN,0.2506626837262075,1.524773748734271e-08,0.0,0.0,0.0912436201179916,0.42194035792370493,0.6613893829931912,0.3306959554463093,0.0,0.0,1
2.315,CN,0.2506626837262074,1.524773726588513e-08,0.0,0.0,0.09152341264449866,0.42156730230665224,0.6600836880471372,0.330043105478031,0.0,0.0,1
2.32,CN,0.25066268372620726,1.5247736601512378e-08,0.0,0.0,0.09180292184247284,0.4211952634975427,0.6587805933891134,0.329391555658737,0.0,0.0,1
2.325,CN,0.25066268372620715,1.5247736158597212e-08,0.0,0.0,0.0920821462344555,0.4208242372178715,0.657480093441599,0.32874130319965633,0.0,0.0,1
2.33,CN,0.25066268372620704,1.5247735715682046e-08,0.0,0.0,0.09236108433521638,0.4204542192165488,0.6561821826483809,0.3280923453226719,0.0,0.0,1
2.335,CN,0.2506626837262069,1.524773527276688e-08,0.0,0.0,0.0926397347025627,0.4200852052696751,0.6548868554696008,0.3274446792578438,0.0,0.0,1
2.34,CN,0.2506626837262068,1.5247734829851714e-08,0.0,0.0,0.09291809588732458,0.4197171911803254,0.6535941063862546,0.3267983022456596,0.0,0.0,1
2.345,CN,0.2506626837262067,1.5247734386936548e-08,0.0,0.0,0.09319616648206205,0.41935017277832554,0.6523039298954547,0.32615321153466487,0.0,0.0,1
2.35,CN,0.2506626837262066,1.5247733944021382e-08,0.0,0.0,0.09347394507311096,0.41898414592003874,0.6510163205147211,0.3255094043836092,0.0,0.0,1
2.355,CN,0.2506626837262064,1.5247733279648635e-08,0.0,0.0,0.09375143028727592,0.4186191064881512,0.6497312727774638,0.32486687805918707,0.0,0.0,1
2.36,CN,0.25066268372620637,1.5247733058191054e-08,0.0,0.0,0.09402862074585049,0.4182550503914582,0.6484487812370705,0.324225629838082,0.0,0.0,1
2.365,CN,0.2506626837262062,1.5247732393818303e-08,0.0,0.0,0.09430551510938012,0.41789197356465424,0.6471688404625912,0.3235856570048085,0.0,0.0,1
2.37,CN,0.25066268372620604,1.5247731729445556e-08,0.0,0.0,0.09458211203357467,0.4175298719681255,0.6458914450426442,0.3229469568536656,0.0,0.0,1
2.375,CN,0.250662683726206,1.524773150798797e-08,0.0,0.0,0.09485841021222202,0.4171687415877432,0.6446165895812894,0.32230952668667273,0.0,0.0,1
2.38,CN,0.2506626837262058,1.5247730843615224e-08,0.0,0.0,0.09513440833491381,0.41680857843465546,0.6433442687017514,0.32167336381543193,0.0,0.0,1
2.3850000000000002,CN,0.2506626837262057,1.5247730400700058e-08,0.0,0.0,0.09541010512818592,0.41644937854509134,0.6420744770424867,0.32103846555916127,0.0,0.0,1
2.39,CN,0.2506626837262056,1.5247729957784892e-08,0.0,0.0,0.09568549931498388,0.4160911379801531,0.6408072092607306,0.32040482924646824,0.0,0.0,1
2.395,CN,0.25066268372620554,1.5247729736327308e-08,0.0,0.0,0.09596058965410265,0.41573385282562314,0.6395424600287393,0.31977245221347056,0.0,0.0,1
2.4,CN,0.25066268372620537,1.524772907195456e-08,0.0,0.0,0.09623537490131971,0.41537751919176236,0.638280224037179,0.3191413318054914,0.0,0.0,1
2.4050000000000002,CN,0.2506626837262053,1.5247728850496976e-08,0.0,0.0,0.09650985384720563,0.41502213321311776,0.6370204959915273,0.3185114653752594,0.0,0.0,1
2.41,CN,0.2506626837262052,1.524772840758181e-08,0.0,0.0,0.09678402527985433,0.4146676910483278,0.6357632706153182,0.3178828502845314,0.0,0.0,1
2.415,CN,0.2506626837262051,1.5247727964666644e-08,0.0,0.0,0.09705788802113287,0.4143141888799311,0.6345085426466944,0.3172554839023687,0.0,0.0,1
2.42,CN,0.250662683726205,1.5247727521751478e-08,0.0,0.0,0.09733144089094346,0.413961622914178,0.6332563068415116,0.31662936360668914,0.0,0.0,1
2.4250000000000003,CN,0.25066268372620487,1.5247727078836312e-08,0.0,0.0,0.09760468274197517,0.4136099893808397,0.6320065579700388,0.3160044867826172,0.0,0.0,1
2.43,CN,0.25066268372620476,1.5247726635921146e-08,0.0,0.0,0.09787761242543626,0.41325928453302274,0.6307592908199171,0.3153808508239636,0.0,0.0,1
2.435,CN,0.2506626837262046,1.52477259715484e-08,0.0,0.0,0.09815022882436869,0.41290950464698556,0.6295145001930176,0.31475845313165385,0.0,0.0,1
2.44,CN,0.2506626837262045,1.5247725528633233e-08,0.0,0.0,0.09842253082079062,0.41256064602195514,0.6282721809082601,0.31413729111513794,0.0,0.0,1
2.445,CN,0.25066268372620437,1.5247725085718067e-08,0.0,0.0,0.09869451732763411,0.41221270497994533,0.6270323277986072,0.3135173621908873,0.0,0.0,1
2.45,CN,0.25066268372620426,1.52477246428029e-08,0.0,0.0,0.09896618725723619,0.411865677865577,0.6257949357137589,0.3128986637837422,0.0,0.0,1
2.455,CN,0.25066268372620415,1.5247724199887735e-08,0.0,0.0,0.09923753955196052,0.41151956104590026,0.6245599995172747,0.3122811933254724,0.0,0.0,1
2.46,CN,0.25066268372620404,1.524772375697257e-08,0.0,0.0,0.09950857315398025,0.4111743509102177,0.6233275140891502,0.311664948256066,0.0,0.0,1
2.465,CN,0.25066268372620387,1.524772309259982e-08,0.0,0.0,0.09977928703463612,0.4108300438699111,0.6220974743230667,0.31104992602235393,0.0,0.0,1
2.47,CN,0.2506626837262038,1.5247722871142237e-08,0.0,0.0,0.10004968016546047,0.41048663635826665,0.6208698751288482,0.3104361240792384,0.0,0.0,1
2.475,CN,0.25066268372620365,1.5247722206769487e-08,0.0,0.0,0.10031975154632249,0.4101441248303041,0.6196447114298321,0.3098235398883784,0.0,0.0,1
2.48,CN,0.25066268372620354,1.524772176385432e-08,0.0,0.0,0.10058950017764212,0.40980250576260774,0.6184219781652189,0.3092121709193646,0.0,0.0,1
2.485,CN,0.25066268372620343,1.5247721320939155e-08,0.0,0.0,0.10085892508737382,0.4094617756531533,0.6172016702875481,0.308602014648457,0.0,0.0,1
2.49,CN,0.2506626837262033,1.524772087802399e-08,0.0,0.0,0.10112802530436031,0.4091219310211485,0.6159837827649545,0.30799306855971337,0.0,0.0,1
2.495,CN,0.2506626837262032,1.5247720435108823e-08,0.0,0.0,0.10139679988420214,0.40878296840686085,0.6147683105787509,0.30738533014378067,0.0,0.0,1
2.5,CN,0.25066268372620315,1.5247720213651242e-08,0.0,0.0,0.10166524788370646,0.40844488437145765,0.6135552487255738,0.3067787968989674,0.0,0.0,1
2.505,CN,0.250662683726203,1.524771954927849e-08,0.0,0.0,0.10193336838568691,0.40810767549684185,0.6123445922150852,0.3061734663300952,0.0,0.0,1
2.5100000000000002,CN,0.2506626837262029,1.5247719106363325e-08,0.0,0.0,0.10220116047446064,0.40777133838549123,0.6111363360720119,0.30556933594951785,0.0,0.0,1
2.515,CN,0.2506626837262027,1.5247718441990578e-08,0.0,0.0,0.10246862325962675,0.40743586966029793,0.6099304753339481,0.304966403276023,0.0,0.0,1
2.52,CN,0.2506626837262026,1.5247717999075412e-08,0.0,0.0,0.10273575585256599,0.4071012659644144,0.6087270050533128,0.3043646658358107,0.0,0.0,1
2.525,CN,0.2506626837262026,1.5247717999075412e-08,0.0,0.0,0.10300255738923944,0.4067675239610907,0.6075259202952359,0.3037641211614364,0.0,0.0,1
2.5300000000000002,CN,0.25066268372620243,1.524771733470266e-08,0.0,0.0,0.10326902700765025,0.4064346403335217,0.6063272161394275,0.3031647667927459,0.0,0.0,1
2.535,CN,0.2506626837262023,1.5247716891787495e-08,0.0,0.0,0.10353516386970214,0.4061026117846953,0.6051308876781707,0.3025666002758712,0.0,0.0,1
2.54,CN,0.2506626837262022,1.524771644887233e-08,0.0,0.0,0.10380096713958632,0.40577143503723684,0.6039369300180927,0.30196961916411663,0.0,0.0,1
2.545,CN,0.25066268372620215,1.5247716227414748e-08,0.0,0.0,0.10406643600473667,0.40544110683326107,0.6027453382782507,0.3013738210170015,0.0,0.0,1
2.5500000000000003,CN,0.25066268372620204,1.5247715784499582e-08,0.0,0.0,0.10433156965510239,0.40511162393421574,0.6015561075918157,0.30077920340110187,0.0,0.0,1
2.555,CN,0.25066268372620193,1.5247715341584416e-08,0.0,0.0,0.10459636730323894,0.4047829831207438,0.6003692331042559,0.3001857638891428,0.0,0.0,1
2.56,CN,0.2506626837262018,1.524771489866925e-08,0.0,0.0,0.10486082816442982,0.4044551811925241,0.5991847099749339,0.2995935000607961,0.0,0.0,1
2.565,CN,0.2506626837262017,1.5247714455754084e-08,0.0,0.0,0.10512495147594951,0.40412821496813583,0.5980025333753672,0.29900240950181145,0.0,0.0,1
2.57,CN,0.2506626837262016,1.524771401283892e-08,0.0,0.0,0.10538873647799793,0.4038020812849054,0.5968226984907615,0.2984124898047824,0.0,0.0,1
2.575,CN,0.2506626837262015,1.5247713569923753e-08,0.0,0.0,0.10565218243216958,0.403476776998771,0.5956452005183435,0.2978237385683131,0.0,0.0,1
2.58,CN,0.2506626837262014,1.5247713127008587e-08,0.0,0.0,0.10591528860316868,0.4031522989841332,0.5944700346688241,0.29723615339775,0.0,0.0,1
2.585,CN,0.25066268372620126,1.524771268409342e-08,0.0,0.0,0.10617805427651651,0.4028286441337208,0.5932971961648036,0.29664973190438404,0.0,0.0,1
2.59,CN,0.25066268372620115,1.5247712241178255e-08,0.0,0.0,0.10644047874101525,0.4025058093584435,0.592126680242166,0.296064471706148,0.0,0.0,1
2.595,CN,0.25066268372620104,1.524771179826309e-08,0.0,0.0,0.10670256130572428,0.4021837915872632,0.5909584821485621,0.29548037042685843,0.0,0.0,1
2.6,CN,0.25066268372620093,1.5247711355347923e-08,0.0,0.0,0.10696430128314259,0.4018625877670475,0.5897925971447346,0.2948974256968775,0.0,0.0,1
2.605,CN,0.2506626837262008,1.5247710912432757e-08,0.0,0.0,0.10722569800548427,0.40154219486243975,0.5886290205030626,0.2943156351523856,0.0,0.0,1
2.61,CN,0.2506626837262007,1.524771046951759e-08,0.0,0.0,0.10748675080854891,0.40122260985572195,0.5874677475088389,0.2937349964360203,0.0,0.0,1
2.615,CN,0.25066268372620054,1.524770980514484e-08,0.0,0.0,0.10774745904732723,0.4009038297466824,0.5863087734588668,0.2931555071961742,0.0,0.0,1
2.62,CN,0.2506626837262005,1.524770958368726e-08,0.0,0.0,0.10800782208052978,0.4005858515524806,0.585152093662682,0.2925771650876062,0.0,0.0,1
2.625,CN,0.2506626837262004,1.5247709140772093e-08,0.0,0.0,0.10826783928554932,0.40026867230752056,0.583997703441216,0.29199996777077314,0.0,0.0,1
2.63,CN,0.25066268372620026,1.5247708697856927e-08,0.0,0.0,0.10852751004362253,0.3999522890633155,0.5828455981279566,0.2914239129124098,0.0,0.0,1
2.6350000000000002,CN,0.25066268372620015,1.524770825494176e-08,0.0,0.0,0.10878683375417517,0.39963669888836295,0.5816957730676694,0.2908489981848904,0.0,0.0,1
2.64,CN,0.2506626837262,1.524770759056901e-08,0.0,0.0,0.10904580982059088,0.3993218988680159,0.5805482236175126,0.29027522126678496,0.0,0.0,1
2.645,CN,0.2506626837261999,1.5247707147653845e-08,0.0,0.0,0.10930443766396428,0.39900788610435406,0.5794029451458034,0.2897025798422433,0.0,0.0,1
2.65,CN,0.25066268372619976,1.524770670473868e-08,0.0,0.0,0.10956271670945152,0.39869465771605933,0.5782599330330859,0.28913107160152857,0.0,0.0,1
2.6550000000000002,CN,0.2506626837261997,1.5247706483281098e-08,0.0,0.0,0.1098206463994566,0.3983822108382932,0.5771191826709586,0.28856069424043135,0.0,0.0,1
2.66,CN,0.2506626837261996,1.5247706040365932e-08,0.0,0.0,0.11007822618053907,0.3980705426225708,0.5759806894630872,0.28799144546077554,0.0,0.0,1
2.665,CN,0.2506626837261995,1.5247705597450766e-08,0.0,0.0,0.11033545551605804,0.39775965023663923,0.5748444488240783,0.2874233229698558,0.0,0.0,1
2.67,CN,0.2506626837261993,1.5247704933078015e-08,0.0,0.0,0.11059233387361297,0.39744953086435525,0.5737104561804522,0.2868563244809235,0.0,0.0,1
2.6750000000000003,CN,0.2506626837261992,1.524770449016285e-08,0.0,0.0,0.11084886073716663,0.3971401817055678,0.5725787069695698,0.28629044771265033,0.0,0.0,1
2.68,CN,0.2506626837261991,1.5247704047247683e-08,0.0,0.0,0.11110503559500047,0.3968315999759957,0.5714491966405525,0.28572569038958834,0.0,0.0,1
2.685,CN,0.25066268372619893,1.5247703382874936e-08,0.0,0.0,0.11136085795133585,0.39652378290711193,0.5703219206532597,0.2851620502416585,0.0,0.0,1
2.69,CN,0.2506626837261988,1.524770293995977e-08,0.0,0.0,0.11161632731478198,0.3962167277460226,0.5691968744791631,0.2845995250045881,0.0,0.0,1
2.695,CN,0.2506626837261987,1.5247702497044604e-08,0.0,0.0,0.11187144320947859,0.39591043175535584,0.5680740536003728,0.28403811241942356,0.0,0.0,1
2.7,CN,0.25066268372619854,1.5247701832671854e-08,0.0,0.0,0.11212620516401366,0.39560489221314155,0.5669534535104725,0.28347781023294805,0.0,0.0,1
2.705,CN,0.25066268372619843,1.5247701389756688e-08,0.0,0.0,0.11238061272210827,0.395300106412702,0.5658350697135842,0.2829186161972139,0.0,0.0,1
2.71,CN,0.2506626837261983,1.5247700946841522e-08,0.0,0.0,0.11263466543198654,0.394996071662532,0.5647188977251616,0.28236052806993955,0.0,0.0,1
2.715,CN,0.25066268372619827,1.524770072538394e-08,0.0,0.0,0.11288836285661918,0.3946927852861959,0.5636049330711073,0.2818035436140676,0.0,0.0,1
2.72,CN,0.25066268372619827,1.524770072538394e-08,0.0,0.0,0.1131417045635274,0.3943902446222069,0.5624931712885216,0.2812476605981399,0.0,0.0,1
2.725,CN,0.25066268372619815,1.5247700282468775e-08,0.0,0.0,0.11339469013460439,0.3940884470239221,0.5613836079248511,0.28069287679587096,0.0,0.0,1
2.73,CN,0.250662683726198,1.5247699618096024e-08,0.0,0.0,0.11364731915633407,0.39378738985943057,0.5602762385386183,0.28013918998651377,0.0,0.0,1
2.735,CN,0.2506626837261979,1.5247699175180858e-08,0.0,0.0,0.11389959122920942,0.3934870705114475,0.5591710586985981,0.2795865979544471,0.0,0.0,1
2.74,CN,0.2506626837261977,1.524769851080811e-08,0.0,0.0,0.11415150595834868,0.39318748637720413,0.5580680639845166,0.2790350984895258,0.0,0.0,1
2.745,CN,0.25066268372619765,1.5247698289350526e-08,0.0,0.0,0.11440306296252532,0.3928886348683421,0.5569672499862601,0.2784846893866844,0.0,0.0,1
2.75,CN,0.25066268372619754,1.524769784643536e-08,0.0,0.0,0.11465426186516792,0.39259051341080625,0.5558686123045415,0.27793536844627104,0.0,0.0,1
2.755,CN,0.25066268372619743,1.5247697403520194e-08,0.0,0.0,0.11490510230301647,0.3922931194447432,0.5547721465501511,0.2773871334736724,0.0,0.0,1
2.7600000000000002,CN,0.2506626837261974,1.5247697182062613e-08,0.0,0.0,0.11515558391748996,0.3919964504243923,0.5536778483445823,0.2768399822796269,0.0,0.0,1
2.765,CN,0.2506626837261973,1.5247696960605028e-08,0.0,0.0,0.11540570636298558,0.39170050381798827,0.5525857133193218,0.27629391267986947,0.0,0.0,1
2.77,CN,0.25066268372619716,1.524769629623228e-08,0.0,0.0,0.11565546929859712,0.39140527710765144,0.5514957371164412,0.2757489224954276,0.0,0.0,1
2.775,CN,0.25066268372619704,1.5247695853317115e-08,0.0,0.0,0.11590487239607399,0.3911107677892961,0.5504079153879226,0.27520500955228405,0.0,0.0,1
2.7800000000000002,CN,0.25066268372619693,1.524769541040195e-08,0.0,0.0,0.1161539153318744,0.3908169733725204,0.5493222437962235,0.2746621716816593,0.0,0.0,1
2.785,CN,0.2506626837261969,1.5247695188944365e-08,0.0,0.0,0.11640259779479804,0.3905238913805135,0.5482387180136229,0.2741204067196845,0.0,0.0,1
2.79,CN,0.25066268372619677,1.52476947460292e-08,0.0,0.0,0.11665091947836241,0.39023151934995226,0.5471573337227695,0.27357971250767593,0.0,0.0,1
2.795,CN,0.2506626837261967,1.5247694524571617e-08,0.0,0.0,0.11689888008812048,0.38993985483090654,0.5460780866160512,0.273040086891819,0.0,0.0,1
2.8000000000000003,CN,0.25066268372619654,1.5247693860198867e-08,0.0,0.0,0.11714647933434728,0.3896488953867378,0.5450009723961173,0.2725015277234305,0.0,0.0,1
2.805,CN,0.25066268372619643,1.52476934172837e-08,0.0,0.0,0.11739371693905562,0.38935863859400954,0.5439259867752828,0.27196403285865944,0.0,0.0,1
2.81,CN,0.2506626837261963,1.5247692974368535e-08,0.0,0.0,0.11764059262898127,0.3890690820423832,0.5428531254760164,0.2714276001587322,0.0,0.0,1
2.815,CN,0.2506626837261962,1.524769253145337e-08,0.0,0.0,0.11788710614230927,0.3887802233345313,0.5417823842303717,0.2708922274896673,0.0,0.0,1
2.82,CN,0.2506626837261961,1.5247692088538203e-08,0.0,0.0,0.1181332572219429,0.3884920600860375,0.540713758780462,0.2703579127225133,0.0,0.0,1
2.825,CN,0.250662683726196,1.5247691645623037e-08,0.0,0.0,0.118379045621954,0.38820458992530527,0.5396472448779004,0.26982465373306863,0.0,0.0,1
2.83,CN,0.2506626837261959,1.524769120270787e-08,0.0,0.0,0.11862447110112588,0.3879178104934678,0.5385828382842686,0.269292448402116,0.0,0.0,1
2.835,CN,0.25066268372619577,1.5247690759792705e-08,0.0,0.0,0.11886953342913638,0.38763171944429287,0.5375205347705725,0.2687612946151504,0.0,0.0,1
2.84,CN,0.25066268372619566,1.524769031687754e-08,0.0,0.0,0.11911423238036431,0.38734631444409373,0.5364603301176869,0.26823119026260106,0.0,0.0,1
2.845,CN,0.2506626837261955,1.5247689652504792e-08,0.0,0.0,0.11935856773981735,0.38706159317164046,0.5354022201158448,0.2677021332395764,0.0,0.0,1
2.85,CN,0.2506626837261954,1.5247689209589626e-08,0.0,0.0,0.11960253929718959,0.3867775533180653,0.5343462005650469,0.26717412144606884,0.0,0.0,1
2.855,CN,0.25066268372619527,1.524768876667446e-08,0.0,0.0,0.11984614685254616,0.3864941925867795,0.5332922672745802,0.26664715278671386,0.0,0.0,1
2.86,CN,0.25066268372619516,1.5247688323759294e-08,0.0,0.0,0.12008939021062119,0.38621150869338294,0.5322404160634151,0.26612122517098863,0.0,0.0,1
2.865,CN,0.25066268372619505,1.5247687880844128e-08,0.0,0.0,0.12033226918626769,0.38592949936557697,0.5311906427597342,0.2655963365129764,0.0,0.0,1
2.87,CN,0.250662683726195,1.5247687659386544e-08,0.0,0.0,0.12057478359898781,0.3856481623430797,0.5301429432013173,0.2650724847315593,0.0,0.0,1
2.875,CN,0.25066268372619493,1.5247687437928962e-08,0.0,0.0,0.1208169332781583,0.38536749537753645,0.5290973132350838,0.264549667750189,0.0,0.0,1
2.88,CN,0.2506626837261948,1.5247686995013796e-08,0.0,0.0,0.12105871805778205,0.3850874962324379,0.5280537487174619,0.2640278834970717,0.0,0.0,1
2.8850000000000002,CN,0.2506626837261947,1.524768655209863e-08,0.0,0.0,0.12130013778149816,0.3848081626830346,0.5270122455139569,0.26350712990495206,0.0,0.0,1
2.89,CN,0.2506626837261946,1.5247686109183465e-08,0.0,0.0,0.12154119229754638,0.3845294925162542,0.5259727994994983,0.262987404911287,0.0,0.0,1
2.895,CN,0.2506626837261945,1.52476856662683e-08,0.0,0.0,0.12178188146357115,0.3842514835306167,0.5249354065580234,0.2624687064580374,0.0,0.0,1
2.9,CN,0.2506626837261944,1.5247685223353133e-08,0.0,0.0,0.12202220514178949,0.3839741335361539,0.5239000625828123,0.2619510324918354,0.0,0.0,1
2.9050000000000002,CN,0.2506626837261942,1.5247684558980382e-08,0.0,0.0,0.12226216320359712,0.38369744035432707,0.5228667634760905,0.2614343809637858,0.0,0.0,1
2.91,CN,0.2506626837261941,1.5247684116065216e-08,0.0,0.0,0.12250175552493292,0.3834214018179447,0.5218355051493409,0.2609187498296224,0.0,0.0,1
2.915,CN,0.25066268372619405,1.5247683894607635e-08,0.0,0.0,0.12274098199069465,0.38314601577108603,0.520806283522932,0.2604041370495216,0.0,0.0,1
2.92,CN,0.2506626837261939,1.5247683230234884e-08,0.0,0.0,0.1229798424902908,0.38287128006901544,0.5197790945264089,0.2598905405882481,0.0,0.0,1
2.9250000000000003,CN,0.25066268372619377,1.5247682787319718e-08,0.0,0.0,0.1232183369218745,0.38259719257811026,0.5187539340981412,0.259377958414979,0.0,0.0,1
2.93,CN,0.25066268372619366,1.5247682344404552e-08,0.0,0.0,0.12345646518807611,0.38232375117577566,0.517730798185597,0.2588663885034407,0.0,0.0,1
2.935,CN,0.2506626837261935,1.5247681680031805e-08,0.0,0.0,0.12369422720006185,0.38205095375037385,0.5167096827450086,0.25835582883174146,0.0,0.0,1
2.94,CN,0.25066268372619344,1.524768145857422e-08,0.0,0.0,0.1239316228734393,0.38177879820113986,0.5156905837416317,0.2578462773825015,0.0,0.0,1
2.945,CN,0.2506626837261933,1.5247681015659055e-08,0.0,0.0,0.1241686521321485,0.3815072824381115,0.5146734971494242,0.25733773214269207,0.0,0.0,1
2.95,CN,0.25066268372619316,1.5247680351286307e-08,0.0,0.0,0.1244053149045339,0.38123640438204953,0.5136584189512984,0.2568301911037616,0.0,0.0,1
2.955,CN,0.250662683726193,1.5247679686913557e-08,0.0,0.0,0.1246416111270742,0.38096616196436445,0.5126453451388058,0.25632365226147824,0.0,0.0,1
2.96,CN,0.25066268372619294,1.5247679465455975e-08,0.0,0.0,0.12487754074061345,0.38069655312703893,0.511634271712379,0.2558181136160506,0.0,0.0,1
2.965,CN,0.2506626837261928,1.524767902254081e-08,0.0,0.0,0.12511310369393716,0.3804275758225597,0.510625194681037,0.2553135731719806,0.0,0.0,1
2.97,CN,0.2506626837261927,1.5247678579625644e-08,0.0,0.0,0.12534829994015534,0.3801592280138365,0.5096181100626069,0.25481002893817417,0.0,0.0,1
2.975,CN,0.25066268372619255,1.5247677915252893e-08,0.0,0.0,0.12558312944013172,0.3798915076741361,0.5086130138834435,0.2543074789278011,0.0,0.0,1
2.98,CN,0.25066268372619244,1.5247677472337727e-08,0.0,0.0,0.12581759215901303,0.379624412787007,0.5076099021786469,0.25380592115840384,0.0,0.0,1
2.985,CN,0.25066268372619227,1.524767680796498e-08,0.0,0.0,0.12605168806951603,0.3793579413462051,0.5066087709917789,0.25330535365175577,0.0,0.0,1
2.99,CN,0.2506626837261922,1.5247676586507395e-08,0.0,0.0,0.12628541714859726,0.37909209135562894,0.5056096163750873,0.25280577443397323,0.0,0.0,1
2.995,CN,0.2506626837261921,1.524767614359223e-08,0.0,0.0,0.1265187793806047,0.37882686082924616,0.5046124343892312,0.25230718153537823,0.0,0.0,1
3.0,CN,0.250662683726192,1.5247675700677063e-08,0.0,0.0,0.12675177475408256,0.3785622477910207,0.5036172211034784,0.2518095729905972,0.0,0.0,1
3.005,CN,0.2506626837261918,1.5247675036304316e-08,0.0,0.0,0.12698440326479163,0.378298250274847,0.502623972595456,0.2513129468384361,0.0,0.0,1
3.0100000000000002,CN,0.2506626837261917,1.524767459338915e-08,0.0,0.0,0.12721666491264358,0.3780348663244812,0.5016326849513424,0.25081730112197675,0.0,0.0,1
3.015,CN,0.2506626837261916,1.5247674150473984e-08,0.0,0.0,0.12744855970459737,0.3777720939934717,0.5006433542656188,0.2503226338884523,0.0,0.0,1
3.02,CN,0.2506626837261915,1.5247673707558818e-08,0.0,0.0,0.12768008765171593,0.3775099313450918,0.4996559766412543,0.2498289431893397,0.0,0.0,1
3.025,CN,0.2506626837261914,1.5247673264643652e-08,0.0,0.0,0.12791124877194424,0.37724837645227266,0.4986705481894682,0.24933622708024133,0.0,0.0,1
3.0300000000000002,CN,0.25066268372619127,1.5247672821728486e-08,0.0,0.0,0.12814204308728447,0.37698742739753727,0.49768706502990745,0.2488444836209732,0.0,0.0,1
3.035,CN,0.25066268372619116,1.524767237881332e-08,0.0,0.0,0.12837247062645885,0.3767270822729313,0.4967055232904125,0.2483537108754481,0.0,0.0,1
3.04,CN,0.2506626837261911,1.5247672157355736e-08,0.0,0.0,0.12860253142219852,0.3764673391799634,0.4957259191071984,0.24786390691176619,0.0,0.0,1
3.045,CN,0.25066268372619094,1.524767149298299e-08,0.0,0.0,0.12883222551379786,0.3762081962295335,0.49474824862461875,0.24737506980209692,0.0,0.0,1
3.0500000000000003,CN,0.2506626837261908,1.5247671050067823e-08,0.0,0.0,0.12906155294451102,0.3759496515418756,0.49377250799534544,0.2468871976227689,0.0,0.0,1
3.055,CN,0.25066268372619077,1.5247670828610238e-08,0.0,0.0,0.12929051376400186,0.3756917032464848,0.492798693380135,0.246400288454153,0.0,0.0,1
3.06,CN,0.2506626837261906,1.524767016423749e-08,0.0,0.0,0.1295191080258446,0.37543434948206467,0.491826800948008,0.24591434038075222,0.0,0.0,1
3.065,CN,0.25066268372619055,1.5247669942779906e-08,0.0,0.0,0.12974733578987266,0.3751775883964536,0.4908568268760221,0.24542935149108805,0.0,0.0,1
3.0700000000000003,CN,0.25066268372619044,1.524766949986474e-08,0.0,0.0,0.12997519711978128,0.37492141814657065,0.48988876734943476,0.24494531987778198,0.0,0.0,1
3.075,CN,0.2506626837261903,1.5247669056949574e-08,0.0,0.0,0.13020269208537735,0.3746658368983468,0.4889226185614972,0.24446224363745234,0.0,0.0,1
3.08,CN,0.2506626837261902,1.524766861403441e-08,0.0,0.0,0.13042982076027912,0.3744108428266715,0.4879583767136076,0.2439801208707909,0.0,0.0,1
3.085,CN,0.2506626837261901,1.5247668171119242e-08,0.0,0.0,0.13065658322407445,0.3741564341153223,0.4869960380151056,0.2434989496824603,0.0,0.0,1
3.09,CN,0.25066268372619,1.5247667728204076e-08,0.0,0.0,0.13088297956011125,0.37390260895691296,0.4860355986834234,0.24301872818116937,0.0,0.0,1
3.095,CN,0.2506626837261898,1.524766706383133e-08,0.0,0.0,0.13110900985756732,0.37364936555282674,0.4850770549438902,0.24253945447957556,0.0,0.0,1
3.1,CN,0.25066268372618977,1.5247666842373745e-08,0.0,0.0,0.13133467420933007,0.37339670211316295,0.4841204030298734,0.2420611266943553,0.0,0.0,1
3.105,CN,0.25066268372618966,1.524766639945858e-08,0.0,0.0,0.13155997271397943,0.3731446168566709,0.4831656391825907,0.2415837429461103,0.0,0.0,1
3.11,CN,0.2506626837261896,1.5247666178000997e-08,0.0,0.0,0.1317849054737547,0.37289310801069836,0.48221275965124333,0.24110730135943395,0.0,0.0,1
3.115,CN,0.25066268372618944,1.5247665513628247e-08,0.0,0.0,0.13200947259645351,0.37264217381112874,0.4812617606928439,0.24063180006282547,0.0,0.0,1
3.12,CN,0.25066268372618933,1.524766507071308e-08,0.0,0.0,0.13223367419348173,0.3723918125023251,0.4803126385723304,0.2401572371887467,0.0,0.0,1
3.125,CN,0.2506626837261892,1.5247664627797915e-08,0.0,0.0,0.13245751038167422,0.372142022337073,0.47936538956240904,0.2396836108735436,0.0,0.0,1
3.13,CN,0.2506626837261891,1.524766418488275e-08,0.0,0.0,0.132680981281421,0.37189280157652294,0.4784200099436621,0.2392109192575002,0.0,0.0,1
3.1350000000000002,CN,0.250662683726189,1.5247663741967583e-08,0.0,0.0,0.13290408701841458,0.3716441484901347,0.47747649600439435,0.23873916048476185,0.0,0.0,1
3.14,CN,0.2506626837261889,1.5247663299052417e-08,0.0,0.0,0.13312682772185097,0.37139606135562225,0.47653484404073876,0.23826833270338788,0.0,0.0,1
3.145,CN,0.2506626837261887,1.524766263467967e-08,0.0,0.0,0.133349203526104,0.37114853845889595,0.4755950503565056,0.2377984340652764,0.0,0.0,1
3.15,CN,0.2506626837261886,1.5247662191764504e-08,0.0,0.0,0.13357121456899923,0.3709015780940097,0.4746571112632836,0.23732946272621472,0.0,0.0,1
3.1550000000000002,CN,0.2506626837261885,1.5247661748849338e-08,0.0,0.0,0.13379286099341905,0.3706551785631058,0.4737210230802975,0.2368614168458082,0.0,0.0,1
3.16,CN,0.25066268372618844,1.5247661527391753e-08,0.0,0.0,0.1340141429456448,0.3704093381763611,0.4727867821345038,0.236394294587528,0.0,0.0,1
3.165,CN,0.2506626837261883,1.5247660863019006e-08,0.0,0.0,0.13423506057689616,0.37016405525193197,0.4718543847604503,0.23592809411864107,0.0,0.0,1
3.17,CN,0.2506626837261882,1.524766064156142e-08,0.0,0.0,0.13445561404174047,0.3699193281159028,0.4709238273003684,0.23546281361025614,0.0,0.0,1
3.1750000000000003,CN,0.2506626837261881,1.5247660198646256e-08,0.0,0.0,0.13467580349956673,0.3696751551022323,0.46999510610404305,0.23499845123725868,0.0,0.0,1
3.18,CN,0.25066268372618805,1.5247659977188674e-08,0.0,0.0,0.1348956291130598,0.3694315345526997,0.4690682175288909,0.23453500517835005,0.0,0.0,1
3.185,CN,0.25066268372618794,1.5247659534273508e-08,0.0,0.0,0.13511509104961275,0.36918846481685563,0.46814315793984407,0.23407247361598935,0.0,0.0,1
3.19,CN,0.25066268372618783,1.5247659091358342e-08,0.0,0.0,0.13533418947986234,0.36894594425196814,0.467219923709423,0.2336108547364299,0.0,0.0,1
3.1950000000000003,CN,0.2506626837261878,1.5247658869900758e-08,0.0,0.0,0.13555292457904347,0.36870397122297305,0.46629851121761967,0.23315014672966075,0.0,0.0,1
3.2,CN,0.25066268372618766,1.5247658426985592e-08,0.0,0.0,0.1357712965255823,0.3684625441024204,0.46537891685196786,0.23269034778944192,0.0,0.0,1
3.205,CN,0.25066268372618755,1.5247657984070426e-08,0.0,0.0,0.13598930550239494,0.36822166127042794,0.4644611370074353,0.23223145611325033,0.0,0.0,1
3.21,CN,0.2506626837261875,1.5247657762612845e-08,0.0,0.0,0.1362069516955369,0.36798132111462895,0.4635451680864907,0.2317734699023135,0.0,0.0,1
3.215,CN,0.25066268372618733,1.5247657098240094e-08,0.0,0.0,0.1364242352954476,0.3677415220301215,0.4626310064989912,0.23131638736155313,0.0,0.0,1
3.22,CN,0.2506626837261872,1.5247656655324928e-08,0.0,0.0,0.13664115649565423,0.36750226241942097,0.4617186486622524,0.23086020669962015,0.0,0.0,1
3.225,CN,0.2506626837261871,1.5247656212409762e-08,0.0,0.0,0.136857715493965,0.36726354069240996,0.4608080910009392,0.23040492612884025,0.0,0.0,1
3.23,CN,0.250662683726187,1.5247655769494596e-08,0.0,0.0,0.13707391249122364,0.36702535526629204,0.4598993299471359,0.22995054386524866,0.0,0.0,1
3.235,CN,0.25066268372618694,1.5247655548037015e-08,0.0,0.0,0.13728974769245372,0.36678770456554155,0.4589923619402372,0.229497058128536,0.0,0.0,1
3.24,CN,0.2506626837261869,1.524765532657943e-08,0.0,0.0,0.1375052213056634,0.3665505870218551,0.4580871834270087,0.22904446714207827,0.0,0.0,1
3.245,CN,0.2506626837261868,1.5247654883664264e-08,0.0,0.0,0.13772033354294116,0.36631400107410583,0.4571837908614913,0.22859276913288912,0.0,0.0,1
3.25,CN,0.2506626837261866,1.5247654219291517e-08,0.0,0.0,0.13793508461930923,0.3660779451682965,0.4562821807050579,0.2281419623316482,0.0,0.0,1
3.255,CN,0.2506626837261865,1.524765377637635e-08,0.0,0.0,0.13814947475377382,0.36584241775751236,0.45538234942631745,0.22769204497265336,0.0,0.0,1
3.2600000000000002,CN,0.2506626837261864,1.5247653333461185e-08,0.0,0.0,0.13836350416822307,0.3656074173018743,0.45448429350116915,0.22724301529384733,0.0,0.0,1
3.265,CN,0.2506626837261863,1.524765289054602e-08,0.0,0.0,0.13857717308843495,0.36537294226849437,0.4535880094127124,0.22679487153677316,0.0,0.0,1
3.27,CN,0.2506626837261861,1.524765222617327e-08,0.0,0.0,0.13879048174301842,0.3651389911314272,0.45269349365129363,0.2263476119465974,0.0,0.0,1
3.275,CN,0.250662683726186,1.5247651783258103e-08,0.0,0.0,0.13900343036437976,0.3649055623716309,0.4518007427144284,0.225901234772071,0.0,0.0,1
3.2800000000000002,CN,0.25066268372618583,1.5247651118885356e-08,0.0,0.0,0.13921601918770646,0.36467265447691305,0.45090975310683257,0.22545573826554535,0.0,0.0,1
3.285,CN,0.2506626837261857,1.524765067597019e-08,0.0,0.0,0.13942824845189172,0.36444026594189455,0.4500205213403553,0.2250111206829383,0.0,0.0,1
3.29,CN,0.25066268372618555,1.524765001159744e-08,0.0,0.0,0.13964011839856055,0.36420839526796217,0.44913304393401543,0.2245673802837526,0.0,0.0,1
3.295,CN,0.25066268372618544,1.5247649568682273e-08,0.0,0.0,0.13985162927295477,0.3639770409632223,0.4482473174139181,0.2241245153310342,0.0,0.0,1
3.3000000000000003,CN,0.25066268372618533,1.5247649125767107e-08,0.0,0.0,0.14006278132299774,0.3637462015424626,0.44736333831330655,0.22368252409139813,0.0,0.0,1
3.305,CN,0.2506626837261853,1.5247648904309526e-08,0.0,0.0,0.1402735748001437,0.363515875527105,0.446481103172475,0.22324140483498484,0.0,0.0,1
3.31,CN,0.2506626837261852,1.524764868285194e-08,0.0,0.0,0.1404840099584788,0.363286061445164,0.4456006085388131,0.22280115583548257,0.0,0.0,1
3.315,CN,0.25066268372618516,1.524764846139436e-08,0.0,0.0,0.1406940870555348,0.3630567578312038,0.44472185096672856,0.2223617753700886,0.0,0.0,1
3.3200000000000003,CN,0.250662683726185,1.524764779702161e-08,0.0,0.0,0.14090380635142663,0.3628279632262955,0.4438448270176841,0.22192326171952773,0.0,0.0,1
3.325,CN,0.2506626837261849,1.5247647354106443e-08,0.0,0.0,0.1411131681096319,0.362599676177979,0.44296953326013166,0.22148561316801935,0.0,0.0,1
3.33,CN,0.2506626837261847,1.5247646689733696e-08,0.0,0.0,0.1413221725961618,0.3623718952402162,0.44209596626953973,0.22104882800329115,0.0,0.0,1
3.335,CN,0.25066268372618467,1.524764646827611e-08,0.0,0.0,0.1415308200803098,0.3621446189733534,0.4412241226283271,0.22061290451654603,0.0,0.0,1
3.34,CN,0.25066268372618455,1.5247646025360946e-08,0.0,0.0,0.1417391108338544,0.36191784594407755,0.44035399892589305,0.2201778410024771,0.0,0.0,1
3.345,CN,0.2506626837261845,1.5247645803903364e-08,0.0,0.0,0.14194704513177617,0.36169157472537955,0.4394855917585576,0.21974363575923783,0.0,0.0,1
3.35,CN,0.25066268372618433,1.5247645139530614e-08,0.0,0.0,0.14215462325149372,0.36146580389650945,0.43861889772958185,0.21931028708845232,0.0,0.0,1
3.355,CN,0.2506626837261843,1.5247644918073032e-08,0.0,0.0,0.14236184547354913,0.36124053204294115,0.43775391344911485,0.2188777932951886,0.0,0.0,1
3.36,CN,0.25066268372618417,1.5247644475157866e-08,0.0,0.0,0.14256871208087513,0.36101575775632905,0.43689063553421303,0.21844615268796844,0.0,0.0,1
3.365,CN,0.250662683726184,1.5247643810785116e-08,0.0,0.0,0.1427752233594517,0.36079147963446856,0.43602906060877994,0.21801536357873713,0.0,0.0,1
3.37,CN,0.2506626837261839,1.524764336786995e-08,0.0,0.0,0.14298137959760177,0.36056769628126195,0.4351691853036015,0.21758542428288122,0.0,0.0,1
3.375,CN,0.2506626837261838,1.5247642924954784e-08,0.0,0.0,0.1431871810866219,0.36034440630667247,0.4343110062562713,0.21715633311919105,0.0,0.0,1
3.38,CN,0.25066268372618367,1.5247642482039618e-08,0.0,0.0,0.14339262812010403,0.36012160832669304,0.4334545201112324,0.21672808840988178,0.0,0.0,1
3.3850000000000002,CN,0.2506626837261835,1.524764181766687e-08,0.0,0.0,0.14359772099454093,0.3598993009633013,0.4325997235197028,0.21630068848055595,0.0,0.0,1
3.39,CN,0.2506626837261834,1.5247641374751705e-08,0.0,0.0,0.14380246000867464,0.35967748284442613,0.43174661313971047,0.21587413166022124,0.0,0.0,1
3.395,CN,0.2506626837261833,1.524764093183654e-08,0.0,0.0,0.14400684546407544,0.3594561526039094,0.43089518563603546,0.2154484162812612,0.0,0.0,1
3.4,CN,0.25066268372618317,1.5247640488921373e-08,0.0,0.0,0.14421087766451812,0.35923530888146715,0.43004543768022746,0.21502354067944443,0.0,0.0,1
3.4050000000000002,CN,0.25066268372618306,1.5247640046006207e-08,0.0,0.0,0.14441455691653562,0.3590149503226538,0.42919736595055513,0.2145995031938988,0.0,0.0,1
3.41,CN,0.250662683726183,1.5247639824548622e-08,0.0,0.0,0.14461788352881905,0.3587950755788264,0.4283509671320298,0.21417630216712372,0.0,0.0,1
3.415,CN,0.250662683726183,1.5247639824548622e-08,0.0,0.0,0.14482085781274934,0.3585756833071058,0.4275062379163467,0.21375393594496045,0.0,0.0,1
3.42,CN,0.25066268372618283,1.5247639160175875e-08,0.0,0.0,0.1450234800818211,0.35835677217034057,0.42666317500190476,0.21333240287660213,0.0,0.0,1
3.4250000000000003,CN,0.2506626837261827,1.524763871726071e-08,0.0,0.0,0.1452257506521512,0.3581383408370728,0.42582177509375974,0.21291170131457038,0.0,0.0,1
3.43,CN,0.25066268372618267,1.5247638495803125e-08,0.0,0.0,0.1454276698419254,0.35792038798150333,0.42498203490364433,0.21249182961472524,0.0,0.0,1
3.435,CN,0.25066268372618256,1.524763805288796e-08,0.0,0.0,0.14562923797188618,0.3577029122834516,0.4241439511499081,0.21207278613623523,0.0,0.0,1
3.44,CN,0.25066268372618244,1.5247637609972793e-08,0.0,0.0,0.145830455364801,0.35748591242832656,0.4233075205575475,0.21165456924159232,0.0,0.0,1
3.4450000000000003,CN,0.25066268372618233,1.5247637167057627e-08,0.0,0.0,0.1460313223459289,0.3572693871070869,0.422472739858148,0.21123717729658295,0.0,0.0,1
3.45,CN,0.2506626837261823,1.5247636945600046e-08,0.0,0.0,0.14623183924251082,0.35705333501621,0.42163960578990656,0.21082060867029945,0.0,0.0,1
3.455,CN,0.25066268372618217,1.524763650268488e-08,0.0,0.0,0.1464320063842162,0.3568377548576536,0.4208081150975774,0.21040486173511264,0.0,0.0,1
3.46,CN,0.2506626837261821,1.5247636281227295e-08,0.0,0.0,0.1466318241026529,0.3566226453388281,0.4199782645324991,0.20998993486668566,0.0,0.0,1
3.465,CN,0.250662683726182,1.524763583831213e-08,0.0,0.0,0.14683129273179543,0.3564080051725553,0.4191500508525359,0.2095758264439444,0.0,0.0,1
3.47,CN,0.2506626837261819,1.5247635395396963e-08,0.0,0.0,0.14703041260751415,0.35619383307703933,0.41832347082209886,0.20916253484908817,0.0,0.0,1
3.475,CN,0.2506626837261818,1.5247634952481797e-08,0.0,0.0,0.14722918406798519,0.35598012777583327,0.4174985212121026,0.2087500584675682,0.0,0.0,1
3.48,CN,0.2506626837261817,1.5247634731024216e-08,0.0,0.0,0.1474276074532392,0.35576688799780515,0.41667519879997506,0.2083383956880922,0.0,0.0,1
3.485,CN,0.2506626837261816,1.524763428810905e-08,0.0,0.0,0.14762568310555213,0.3555541124771038,0.4158535003696153,0.20792754490260365,0.0,0.0,1
3.49,CN,0.2506626837261815,1.5247633845193884e-08,0.0,0.0,0.14782341136901272,0.35534179995312937,0.41503342271140786,0.2075175045062886,0.0,0.0,1
3.495,CN,0.25066268372618145,1.52476336237363e-08,0.0,0.0,0.1480207925898982,0.3551299491704986,0.41421496262217794,0.2071082728975536,0.0,0.0,1
3.5,CN,0.25066268372618133,1.5247633180821133e-08,0.0,0.0,0.1482178271162557,0.35491855887901297,0.4133981169052042,0.20669984847803186,0.0,0.0,1
3.505,CN,0.2506626837261812,1.5247632737905967e-08,0.0,0.0,0.14841451529826494,0.3547076278336283,0.41258288237017815,0.20629222965256297,0.0,0.0,1
3.5100000000000002,CN,0.2506626837261811,1.52476322949908e-08,0.0,0.0,0.14861085748783437,0.35449715479442245,0.411769255833217,0.2058854148291995,0.0,0.0,1
3.515,CN,0.250662683726181,1.5247631852075636e-08,0.0,0.0,0.14880685403894897,0.3542871385265626,0.4109572341168173,0.20547940241918367,0.0,0.0,1
3.52,CN,0.2506626837261809,1.524763140916047e-08,0.0,0.0,0.14900250530728262,0.3540775778002762,0.41014681404987297,0.20507419083695635,0.0,0.0,1
3.525,CN,0.25066268372618083,1.524763118770289e-08,0.0,0.0,0.14919781165053078,0.35386847139081795,0.4093379924676279,0.20466977850013346,0.0,0.0,1
3.5300000000000002,CN,0.2506626837261807,1.5247630744787722e-08,0.0,0.0,0.1493927734280382,0.35365981807844177,0.40853076621169465,0.20426616382951523,0.0,0.0,1
3.535,CN,0.25066268372618056,1.5247630080414972e-08,0.0,0.0,0.14958739100111673,0.35345161664836744,0.40772513213000877,0.2038633452490634,0.0,0.0,1
3.54,CN,0.25066268372618045,1.5247629637499806e-08,0.0,0.0,0.14978166473268967,0.3532438658907533,0.4069210870768415,0.2034613211859076,0.0,0.0,1
3.545,CN,0.25066268372618034,1.524762919458464e-08,0.0,0.0,0.14997559498759408,0.35303656460066485,0.40611862791276365,0.20306009007032724,0.0,0.0,1
3.5500000000000003,CN,0.2506626837261802,1.5247628751669474e-08,0.0,0.0,0.1501691821322388,0.352829711578043,0.4053177515046477,0.20265965033575256,0.0,0.0,1
3.555,CN,0.2506626837261801,1.5247628308754308e-08,0.0,0.0,0.15036242653489612,0.3526233056276792,0.4045184547256401,0.20226000041875078,0.0,0.0,1
3.56,CN,0.25066268372617995,1.524762764438156e-08,0.0,0.0,0.15055532856537227,0.35241734555918003,0.40372073445515655,0.20186113875902384,0.0,0.0,1
3.565,CN,0.25066268372617984,1.5247627201466395e-08,0.0,0.0,0.15074788859528468,0.35221183018694474,0.4029245875788635,0.201463063799399,0.0,0.0,1
3.5700000000000003,CN,0.2506626837261797,1.524762675855123e-08,0.0,0.0,0.150940106997748,0.3520067583301327,0.40213001098867196,0.20106577398582579,0.0,0.0,1
3.575,CN,0.25066268372617967,1.5247626537093644e-08,0.0,0.0,0.15113198414763848,0.35180212881263195,0.4013370015827034,0.20066926776735905,0.0,0.0,1
3.58,CN,0.25066268372617956,1.524762609417848e-08,0.0,0.0,0.15132352042129207,0.3515979404630376,0.4005455562653036,0.20027354359616573,0.0,0.0,1
3.585,CN,0.25066268372617945,1.5247625651263312e-08,0.0,0.0,0.1515147161967583,0.3513941921146184,0.39975567194700395,0.19987859992750565,0.0,0.0,1
3.59,CN,0.25066268372617934,1.5247625208348147e-08,0.0,0.0,0.15170557185350908,0.35119088260528936,0.3989673455445242,0.19948443521973275,0.0,0.0,1
3.595,CN,0.25066268372617917,1.52476245439754e-08,0.0,0.0,0.15189608777268185,0.3509880107775866,0.3981805739807502,0.19909104793428414,0.0,0.0,1
3.6,CN,0.25066268372617917,1.52476245439754e-08,0.0,0.0,0.1520862643368011,0.35078557547863737,0.3973953541847265,0.19869843653567618,0.0,0.0,1
3.605,CN,0.250662683726179,1.524762387960265e-08,0.0,0.0,0.15227610193001015,0.3505835755601307,0.39661168309162853,0.19830659949149074,0.0,0.0,1
3.61,CN,0.25066268372617895,1.5247623658145067e-08,0.0,0.0,0.15246560093780268,0.3503820098782961,0.3958295576427729,0.19791553527238026,0.0,0.0,1
3.615,CN,0.2506626837261788,1.5247622993772317e-08,0.0,0.0,0.1526547617472458,0.35018087729387026,0.395048974785578,0.19752524235204813,0.0,0.0,1
3.62,CN,0.25066268372617867,1.524762255085715e-08,0.0,0.0,0.15284358474672222,0.3499801766720749,0.3942699314735724,0.1971357192072528,0.0,0.0,1
3.625,CN,0.25066268372617856,1.5247622107941985e-08,0.0,0.0,0.15303207032614258,0.3497799068825867,0.3934924246663633,0.1967469643177921,0.0,0.0,1
3.63,CN,0.25066268372617845,1.524762166502682e-08,0.0,0.0,0.15322021887669832,0.3495800667995146,0.3927164513296413,0.19635897616650544,0.0,0.0,1
3.6350000000000002,CN,0.25066268372617834,1.5247621222111653e-08,0.0,0.0,0.15340803079106533,0.3493806553013686,0.39194200843514604,0.19597175323925692,0.0,0.0,1
3.64,CN,0.2506626837261783,1.5247621000654072e-08,0.0,0.0,0.1535955064631652,0.34918167127103833,0.3911690929606739,0.19558529402493896,0.0,0.0,1
3.645,CN,0.25066268372617817,1.5247620557738906e-08,0.0,0.0,0.15378264628836127,0.34898311359576467,0.39039770189004774,0.19519959701545717,0.0,0.0,1
3.65,CN,0.250662683726178,1.5247619893366155e-08,0.0,0.0,0.15396945066322887,0.3487849811671148,0.38962783221311637,0.19481466070573025,0.0,0.0,1
3.6550000000000002,CN,0.25066268372617795,1.5247619671908574e-08,0.0,0.0,0.15415591998574274,0.3485872728809575,0.3888594809257319,0.1944304835936785,0.0,0.0,1
3.66,CN,0.25066268372617784,1.5247619228993408e-08,0.0,0.0,0.15434205465505574,0.34838998763743534,0.3880926450297437,0.19404706418022089,0.0,0.0,1
3.665,CN,0.2506626837261777,1.5247618786078242e-08,0.0,0.0,0.15452785507167927,0.34819312434094357,0.38732732153298005,0.19366440096926582,0.0,0.0,1
3.67,CN,0.2506626837261776,1.5247618343163076e-08,0.0,0.0,0.15471332163726906,0.3479966819001009,0.38656350744924095,0.1932824924677076,0.0,0.0,1
3.6750000000000003,CN,0.2506626837261775,1.524761790024791e-08,0.0,0.0,0.15489845475479966,0.3478006592277271,0.38580119979827443,0.19290133718541452,0.0,0.0,1
3.68,CN,0.2506626837261774,1.5247617457332744e-08,0.0,0.0,0.15508325482835766,0.3476050552408192,0.38504039560577963,0.1925209336352305,0.0,0.0,1
3.685,CN,0.25066268372617734,1.524761723587516e-08,0.0,0.0,0.15526772226330735,0.34740986886052594,0.38428109190338,0.1921412803329616,0.0,0.0,1
3.69,CN,0.2506626837261772,1.5247616792959994e-08,0.0,0.0,0.15545185746609397,0.3472150990121226,0.3835232857286178,0.19176237579737326,0.0,0.0,1
3.6950000000000003,CN,0.2506626837261771,1.5247616350044828e-08,0.0,0.0,0.15563566084440125,0.3470207446249886,0.3827669741249361,0.19138421855018137,0.0,0.0,1
3.7,CN,0.250662683726177,1.5247615907129662e-08,0.0,0.0,0.15581913280696197,0.34682680463258325,0.3820121541416741,0.1910068071160499,0.0,0.0,1
3.705,CN,0.2506626837261769,1.5247615464214496e-08,0.0,0.0,0.15600227376370995,0.3466332779724213,0.38125882283404233,0.19063014002257844,0.0,0.0,1
3.71,CN,0.2506626837261768,1.524761502129933e-08,0.0,0.0,0.15618508412559623,0.3464401635860513,0.3805069772631259,0.190254215800304,0.0,0.0,1
3.715,CN,0.25066268372617667,1.5247614578384164e-08,0.0,0.0,0.1563675643047353,0.34624746041902926,0.37975661449585374,0.18987903298268544,0.0,0.0,1
3.72,CN,0.25066268372617656,1.5247614135468998e-08,0.0,0.0,0.15654971471422874,0.34605516742089865,0.37900773160500356,0.18950459010610596,0.0,0.0,1
3.725,CN,0.25066268372617645,1.5247613692553832e-08,0.0,0.0,0.15673153576830431,0.3458632835451662,0.3782603256691764,0.18913088570986053,0.0,0.0,1
3.73,CN,0.25066268372617634,1.5247613249638666e-08,0.0,0.0,0.1569130278821467,0.3456718077492781,0.3775143937727926,0.18875791833615374,0.0,0.0,1
3.735,CN,0.2506626837261762,1.52476128067235e-08,0.0,0.0,0.15709419147203063,0.34548073899459847,0.37676993300607187,0.1883856865300899,0.0,0.0,1
3.74,CN,0.25066268372617606,1.5247612142350753e-08,0.0,0.0,0.15727502695515883,0.34529007624638597,0.37602694046502677,0.18801418883966975,0.0,0.0,1
3.745,CN,0.250662683726176,1.524761192089317e-08,0.0,0.0,0.15745553474978782,0.3450998184737737,0.3752854132514487,0.18764342381578342,0.0,0.0,1
3.75,CN,0.2506626837261759,1.5247611477978003e-08,0.0,0.0,0.15763571527507217,0.3449099646497415,0.37454534847289256,0.18727339001220283,0.0,0.0,1
3.755,CN,0.2506626837261758,1.5247611035062837e-08,0.0,0.0,0.15781556895118706,0.344720513751103,0.37380674324267116,0.1869040859855789,0.0,0.0,1
3.7600000000000002,CN,0.2506626837261756,1.524761037069009e-08,0.0,0.0,0.15799509619917598,0.3445314647584732,0.3730695946798347,0.1865355102954312,0.0,0.0,1
3.765,CN,0.2506626837261755,1.5247609927774923e-08,0.0,0.0,0.15817429744106942,0.34434281665625777,0.37233389990916754,0.1861676615041464,0.0,0.0,1
3.77,CN,0.25066268372617545,1.524760970631734e-08,0.0,0.0,0.1583531730997371,0.34415456843261993,0.37159965606116707,0.18580053817696776,0.0,0.0,1
3.775,CN,0.2506626837261753,1.524760904194459e-08,0.0,0.0,0.1585317235990028,0.3439667190794713,0.37086686027204085,0.18543413888199356,0.0,0.0,1
3.7800000000000002,CN,0.2506626837261751,1.524760837757184e-08,0.0,0.0,0.15870994936350144,0.34377926759243876,0.3701355096836857,0.18506846219016676,0.0,0.0,1
3.785,CN,0.250662683726175,1.5247607934656675e-08,0.0,0.0,0.15888785081878942,0.343592212970852,0.3694056014436786,0.18470350667527038,0.0,0.0,1
3.79,CN,0.2506626837261749,1.524760749174151e-08,0.0,0.0,0.15906542839120666,0.3434055542177184,0.36867713270526997,0.18433927091392419,0.0,0.0,1
3.795,CN,0.25066268372617484,1.5247607270283928e-08,0.0,0.0,0.15924268250798201,0.34321929033970466,0.3679501006273642,0.18397575348557496,0.0,0.0,1
3.8000000000000003,CN,0.25066268372617473,1.5247606827368762e-08,0.0,0.0,0.15941961359710138,0.3430334203471133,0.36722450237451254,0.18361295297249292,0.0,0.0,1
3.805,CN,0.2506626837261746,1.5247606384453596e-08,0.0,0.0,0.15959622208740798,0.3428479432538647,0.36650033511689634,0.18325086795976328,0.0,0.0,1
3.81,CN,0.25066268372617456,1.524760616299601e-08,0.0,0.0,0.15977250840847532,0.34266285807747554,0.3657775960303227,0.1828894970352843,0.0,0.0,1
3.815,CN,0.25066268372617445,1.5247605720080845e-08,0.0,0.0,0.15994847299070233,0.3424781638390404,0.36505628229620796,0.18252883878975862,0.0,0.0,1
3.8200000000000003,CN,0.25066268372617434,1.524760527716568e-08,0.0,0.0,0.1601241162651936,0.3422938595632085,0.3643363911015651,0.18216889181668747,0.0,0.0,1
3.825,CN,0.25066268372617423,1.5247604834250513e-08,0.0,0.0,0.16029943866384802,0.34210994427816627,0.3636179196389921,0.18180965471236438,0.0,0.0,1
3.83,CN,0.2506626837261742,1.5247604612792932e-08,0.0,0.0,0.16047444061924396,0.34192641701561594,0.3629008651066631,0.18145112607587116,0.0,0.0,1
3.835,CN,0.25066268372617406,1.5247604169877766e-08,0.0,0.0,0.16064912256472558,0.3417432768107594,0.36218522470831505,0.18109330450907088,0.0,0.0,1
3.84,CN,0.25066268372617395,1.52476037269626e-08,0.0,0.0,0.16082348493428927,0.34156052270227333,0.36147099565323715,0.18073618861660284,0.0,0.0,1
3.845,CN,0.25066268372617384,1.5247603284047434e-08,0.0,0.0,0.16099752816266918,0.34137815373229524,0.3607581751562562,0.1803797770058751,0.0,0.0,1
3.85,CN,0.25066268372617373,1.524760284113227e-08,0.0,0.0,0.16117125268522756,0.34119616894639954,0.36004676043772726,0.18002406828705989,0.0,0.0,1
3.855,CN,0.2506626837261737,1.5247602619674687e-08,0.0,0.0,0.16134465893803399,0.3410145673935829,0.3593367487235233,0.17966906107308836,0.0,0.0,1
3.86,CN,0.25066268372617356,1.524760217675952e-08,0.0,0.0,0.16151774735776195,0.3408333481262416,0.35862813724502307,0.17931475397964466,0.0,0.0,1
3.865,CN,0.25066268372617345,1.5247601733844355e-08,0.0,0.0,0.16169051838176476,0.3406525102001531,0.3579209232390919,0.1789611456251561,0.0,0.0,1
3.87,CN,0.25066268372617334,1.524760129092919e-08,0.0,0.0,0.1618629724479754,0.34047205267446234,0.35721510394808925,0.1786082346307972,0.0,0.0,1
3.875,CN,0.2506626837261733,1.5247601069471605e-08,0.0,0.0,0.1620351099949793,0.3402919746116557,0.35651067661983293,0.17825601962047155,0.0,0.0,1
3.88,CN,0.2506626837261731,1.5247600405098857e-08,0.0,0.0,0.16220693146191717,0.34011227507754965,0.35580763850761143,0.1779044992208182,0.0,0.0,1
3.8850000000000002,CN,0.25066268372617295,1.5247599740726107e-08,0.0,0.0,0.16237843728855508,0.339932953141266,0.35510598687015144,0.1775536720611952,0.0,0.0,1
3.89,CN,0.25066268372617284,1.524759929781094e-08,0.0,0.0,0.16254962791519167,0.33975400787521925,0.35440571897162376,0.17720353677368278,0.0,0.0,1
3.895,CN,0.25066268372617273,1.5247598854895775e-08,0.0,0.0,0.16272050378272415,0.3395754383550957,0.35370683208162035,0.17685409199307164,0.0,0.0,1
3.9,CN,0.2506626837261727,1.5247598633438194e-08,0.0,0.0,0.16289106533255904,0.3393972436598346,0.3530093234751477,0.1765053363568599,0.0,0.0,1
3.9050000000000002,CN,0.25066268372617256,1.5247598190523028e-08,0.0,0.0,0.1630613130066751,0.3392194228716157,0.35231319043262044,0.1761572685052496,0.0,0.0,1
3.91,CN,0.25066268372617245,1.5247597747607862e-08,0.0,0.0,0.1632312472475389,0.33904197507583256,0.3516184302398353,0.17580988708113396,0.0,0.0,1
3.915,CN,0.2506626837261724,1.5247597526150277e-08,0.0,0.0,0.1634008684981635,0.33886489936108544,0.35092504018797854,0.17546319073010092,0.0,0.0,1
3.92,CN,0.25066268372617223,1.524759686177753e-08,0.0,0.0,0.1635701772020259,0.33868819481915596,0.35023301757360387,0.17511717810042216,0.0,0.0,1
3.9250000000000003,CN,0.2506626837261722,1.5247596640319945e-08,0.0,0.0,0.16373917380312683,0.33851186054499444,0.34954235969862135,0.17477184784304756,0.0,0.0,1
3.93,CN,0.250662683726172,1.5247595975947198e-08,0.0,0.0,0.16390785874590735,0.3383358956366986,0.34885306387029025,0.1744271986116016,0.0,0.0,1
3.935,CN,0.2506626837261719,1.5247595533032032e-08,0.0,0.0,0.16407623247530906,0.338160299195502,0.3481651274012048,0.1740832290623763,0.0,0.0,1
3.94,CN,0.2506626837261718,1.5247595090116866e-08,0.0,0.0,0.16424429543669156,0.3379850703257505,0.347478547609285,0.17373993785432648,0.0,0.0,1
3.9450000000000003,CN,0.2506626837261717,1.52475946472017e-08,0.0,0.0,0.16441204807589094,0.3378102081348944,0.34679332181776856,0.17339732364906593,0.0,0.0,1
3.95,CN,0.25066268372617156,1.5247594204286534e-08,0.0,0.0,0.16457949083914009,0.33763571173346213,0.3461094473551957,0.17305538511085963,0.0,0.0,1
3.955,CN,0.25066268372617145,1.5247593761371368e-08,0.0,0.0,0.16474662417312508,0.3374615802350499,0.3454269215553951,0.17271412090661684,0.0,0.0,1
3.96,CN,0.25066268372617134,1.5247593318456202e-08,0.0,0.0,0.16491344852490858,0.33728781275630293,0.3447457417574826,0.17237352970589034,0.0,0.0,1
3.9650000000000003,CN,0.25066268372617123,1.5247592875541036e-08,0.0,0.0,0.16507996434198186,0.33711440841689927,0.34406590530583947,0.17203361018086574,0.0,0.0,1
3.97,CN,0.2506626837261711,1.524759243262587e-08,0.0,0.0,0.16524617207219364,0.3369413663395351,0.3433874095501127,0.17169436100636148,0.0,0.0,1
3.975,CN,0.250662683726171,1.5247591989710705e-08,0.0,0.0,0.16541207216379772,0.3367686856499067,0.34271025184519416,0.1713557808598184,0.0,0.0,1
3.98,CN,0.25066268372617095,1.524759176825312e-08,0.0,0.0,0.16557766506538568,0.33659636547669736,0.3420344295512211,0.17101786842130012,0.0,0.0,1
3.985,CN,0.2506626837261708,1.5247591103880373e-08,0.0,0.0,0.16574295122593202,0.33642440495155657,0.3413599400335492,0.1706806223734794,0.0,0.0,1
3.99,CN,0.25066268372617073,1.5247590882422788e-08,0.0,0.0,0.16590793109472873,0.3362528032090886,0.3406867806627587,0.1703440414016414,0.0,0.0,1
3.995,CN,0.2506626837261706,1.5247590439507622e-08,0.0,0.0,0.1660726051214291,0.3360815593868366,0.340014948814634,0.17000812419367323,0.0,0.0,1
4.0,CN,0.25066268372617045,1.5247589775134875e-08,0.0,0.0,0.16623697375598498,0.3359106726252636,0.33934444187015456,0.16967286944005966,0.0,0.0,1
4.005,CN,0.2506626837261703,1.5247589110762124e-08,0.0,0.0,0.1664010374486873,0.3357401420677415,0.33867525721548664,0.1693382758338788,0.0,0.0,1
4.01,CN,0.25066268372617023,1.5247588889304543e-08,0.0,0.0,0.1665647966501079,0.33556996686053225,0.3380073922419685,0.16900434207079484,0.0,0.0,1
4.015,CN,0.2506626837261701,1.5247588446389377e-08,0.0,0.0,0.16672825181113513,0.335400146152776,0.3373408443461078,0.16867106684905656,0.0,0.0,1
4.0200000000000005,CN,0.25066268372617007,1.5247588224931792e-08,0.0,0.0,0.16689140338292027,0.33523067909647164,0.33667561092955856,0.1683384488694861,0.0,0.0,1
4.025,CN,0.25066268372616995,1.5247587782016627e-08,0.0,0.0,0.1670542518169104,0.3350615648464672,0.3360116893991265,0.16800648683548128,0.0,0.0,1
4.03,CN,0.25066268372616984,1.524758733910146e-08,0.0,0.0,0.16721679756479627,0.3348928025604387,0.3353490771667421,0.16767517945300245,0.0,0.0,1
4.035,CN,0.2506626837261698,1.524758711764388e-08,0.0,0.0,0.16737904107854634,0.33472439139888044,0.3346877716494605,0.1673445254305722,0.0,0.0,1
4.04,CN,0.2506626837261696,1.524758645327113e-08,0.0,0.0,0.16754098281035296,0.33455633052509015,0.3340277702694534,0.16701452347927148,0.0,0.0,1
4.045,CN,0.25066268372616957,1.5247586231813547e-08,0.0,0.0,0.16770262321266677,0.3343886191051484,0.33336907045398345,0.1666851723127267,0.0,0.0,1
4.05,CN,0.25066268372616946,1.524758578889838e-08,0.0,0.0,0.16786396273814547,0.3342212563079141,0.33271166963541543,0.16635647064711534,0.0,0.0,1
4.055,CN,0.2506626837261694,1.5247585567440797e-08,0.0,0.0,0.16802500183968355,0.33405424130499994,0.33205556525118785,0.16602841720115172,0.0,0.0,1
4.0600000000000005,CN,0.2506626837261693,1.524758512452563e-08,0.0,0.0,0.168185740970366,0.3338875732707659,0.33140075474381425,0.1657010106960878,0.0,0.0,1
4.065,CN,0.25066268372616923,1.524758490306805e-08,0.0,0.0,0.16834618058349707,0.33372125138229886,0.3307472355608616,0.16537424985570212,0.0,0.0,1
4.07,CN,0.25066268372616907,1.52475842386953e-08,0.0,0.0,0.16850632113255323,0.3335552748194038,0.3300950051549514,0.1650481334063006,0.0,0.0,1
4.075,CN,0.25066268372616896,1.5247583795780133e-08,0.0,0.0,0.16866616307121082,0.33338964276458655,0.3294440609837439,0.16472266007670847,0.0,0.0,1
4.08,CN,0.25066268372616884,1.5247583352864967e-08,0.0,0.0,0.16882570685330242,0.3332243544030428,0.32879440050993103,0.16439782859826688,0.0,0.0,1
4.085,CN,0.25066268372616873,1.52475829099498e-08,0.0,0.0,0.16898495293284224,0.333059408922639,0.32814602120121794,0.16407363770482356,0.0,0.0,1
4.09,CN,0.2506626837261686,1.5247582467034635e-08,0.0,0.0,0.16914390176398392,0.3328948055139051,0.3274989205303238,0.16375008613273326,0.0,0.0,1
4.095,CN,0.2506626837261685,1.524758202411947e-08,0.0,0.0,0.16930255380104567,0.3327305433700148,0.3268530959749603,0.163427172620847,0.0,0.0,1
4.1,CN,0.2506626837261684,1.5247581581204303e-08,0.0,0.0,0.16946090949846682,0.33256662168677853,0.326208545017837,0.16310489591051475,0.0,0.0,1
4.105,CN,0.2506626837261683,1.5247581138289137e-08,0.0,0.0,0.16961896931083562,0.332403039662625,0.3255652651466352,0.16278325474557234,0.0,0.0,1
4.11,CN,0.25066268372616823,1.5247580916831556e-08,0.0,0.0,0.16977673369284493,0.33223979649858887,0.32492325385400633,0.16246224787234073,0.0,0.0,1
4.115,CN,0.25066268372616807,1.5247580252458806e-08,0.0,0.0,0.16993420309931856,0.3320768913982986,0.32428250863756025,0.16214187403962008,0.0,0.0,1
4.12,CN,0.25066268372616796,1.524757980954364e-08,0.0,0.0,0.17009137798517057,0.33191432356796324,0.3236430269998557,0.16182213199868492,0.0,0.0,1
4.125,CN,0.25066268372616785,1.5247579366628474e-08,0.0,0.0,0.1702482588054283,0.3317520922163583,0.323004806448389,0.16150302050327872,0.0,0.0,1
4.13,CN,0.25066268372616773,1.5247578923713308e-08,0.0,0.0,0.17040484601519398,0.33159019655481303,0.32236784449558387,0.16118453830960852,0.0,0.0,1
4.135,CN,0.2506626837261676,1.5247578480798142e-08,0.0,0.0,0.17056114006966677,0.3314286357971998,0.32173213865878636,0.16086668417634267,0.0,0.0,1
4.14,CN,0.2506626837261675,1.5247578037882976e-08,0.0,0.0,0.17071714142410557,0.33126740915991787,0.32109768646024806,0.16054945686460217,0.0,0.0,1
4.1450000000000005,CN,0.2506626837261674,1.524757759496781e-08,0.0,0.0,0.1708728505338495,0.33110651586188267,0.3204644854271206,0.16023285513795812,0.0,0.0,1
4.15,CN,0.2506626837261673,1.5247577152052644e-08,0.0,0.0,0.17102826785428385,0.3309459551245111,0.3198325330914389,0.1599168777624233,0.0,0.0,1
4.155,CN,0.2506626837261672,1.5247576709137478e-08,0.0,0.0,0.1711833938408568,0.3307857261717143,0.3192018269901278,0.1596015235064554,0.0,0.0,1
4.16,CN,0.25066268372616707,1.5247576266222312e-08,0.0,0.0,0.17133822894904893,0.3306258282298776,0.3185723646649694,0.15928679114094077,0.0,0.0,1
4.165,CN,0.25066268372616696,1.5247575823307146e-08,0.0,0.0,0.17149277363438775,0.3304662605278546,0.3179441436626139,0.15897267943919982,0.0,0.0,1
4.17,CN,0.25066268372616696,1.5247575823307146e-08,0.0,0.0,0.17164702835241916,0.3303070222969515,0.3173171615345561,0.15865918717697525,0.0,0.0,1
4.175,CN,0.25066268372616685,1.524757538039198e-08,0.0,0.0,0.17180099355872094,0.33014811277091577,0.3166914158371328,0.15834631313243083,0.0,0.0,1
4.18,CN,0.25066268372616674,1.5247574937476814e-08,0.0,0.0,0.1719546697088747,0.32998953118592356,0.31606690413150773,0.15803405608614376,0.0,0.0,1
4.1850000000000005,CN,0.2506626837261667,1.5247574716019233e-08,0.0,0.0,0.17210805725847983,0.3298312767805694,0.3154436239836691,0.1577224148211035,0.0,0.0,1
4.19,CN,0.25066268372616657,1.5247574273104067e-08,0.0,0.0,0.17226115666312442,0.32967334879585164,0.3148215729644124,0.15741138812270308,0.0,0.0,1
4.195,CN,0.25066268372616646,1.52475738301889e-08,0.0,0.0,0.17241396837840092,0.3295157464751618,0.3142007486493332,0.15710097477873575,0.0,0.0,1
4.2,CN,0.2506626837261664,1.5247573608731317e-08,0.0,0.0,0.17256649285987613,0.329358469064274,0.31358114861882214,0.15679117357939215,0.0,0.0,1
4.205,CN,0.2506626837261663,1.524757316581615e-08,0.0,0.0,0.17271873056310755,0.32920151581133267,0.31296277045805054,0.15648198331725333,0.0,0.0,1
4.21,CN,0.2506626837261662,1.5247572722900985e-08,0.0,0.0,0.17287068194361319,0.3290448859668379,0.31234561175695885,0.15617340278728492,0.0,0.0,1
4.215,CN,0.25066268372616607,1.524757227998582e-08,0.0,0.0,0.1730223474568876,0.32888857878363853,0.3117296701102531,0.15586543078683532,0.0,0.0,1
4.22,CN,0.250662683726166,1.5247572058528237e-08,0.0,0.0,0.17317372755837443,0.328732593516917,0.3111149431173879,0.15555806611562728,0.0,0.0,1
4.225,CN,0.2506626837261659,1.524757161561307e-08,0.0,0.0,0.1733248227034776,0.3285769294241801,0.3105014283825661,0.15525130757575764,0.0,0.0,1
4.23,CN,0.25066268372616574,1.524757095124032e-08,0.0,0.0,0.17347563334753838,0.32842158576524727,0.3098891235147218,0.15494515397168884,0.0,0.0,1
4.235,CN,0.2506626837261656,1.5247570508325155e-08,0.0,0.0,0.173626159945846,0.3282665618022391,0.30927802612751487,0.1546396041102463,0.0,0.0,1
4.24,CN,0.2506626837261655,1.524757006540999e-08,0.0,0.0,0.17377640295361282,0.3281118567995652,0.30866813383931796,0.15433465680061176,0.0,0.0,1
4.245,CN,0.2506626837261654,1.5247569622494823e-08,0.0,0.0,0.17392636282598758,0.3279574700239148,0.30805944427320886,0.15403031085431962,0.0,0.0,1
4.25,CN,0.25066268372616535,1.5247569401037242e-08,0.0,0.0,0.1740760400180283,0.3278034007442436,0.3074519550569622,0.15372656508525262,0.0,0.0,1
4.255,CN,0.25066268372616524,1.5247568958122076e-08,0.0,0.0,0.17422543498471654,0.32764964823176607,0.30684566382304035,0.1534234183096374,0.0,0.0,1
4.26,CN,0.2506626837261651,1.524756851520691e-08,0.0,0.0,0.17437454818093243,0.327496211759941,0.30624056820858014,0.15312086934603794,0.0,0.0,1
4.265,CN,0.2506626837261651,1.524756851520691e-08,0.0,0.0,0.17452338006146553,0.32734309060446337,0.3056366658553892,0.15281891701535347,0.0,0.0,1
4.2700000000000005,CN,0.25066268372616496,1.524756785083416e-08,0.0,0.0,0.17467193108099294,0.3271902840432516,0.3050339544099303,0.15251756014081091,0.0,0.0,1
4.275,CN,0.25066268372616485,1.5247567407918993e-08,0.0,0.0,0.17482020169408863,0.32703779135643957,0.30443243152331956,0.15221679754796383,0.0,0.0,1
4.28,CN,0.25066268372616474,1.5247566965003828e-08,0.0,0.0,0.17496819235520256,0.32688561182636167,0.3038320948513068,0.15191662806468267,0.0,0.0,1
4.285,CN,0.2506626837261646,1.524756652208866e-08,0.0,0.0,0.17511590351866949,0.3267337447375473,0.30323294205427753,0.1516170505211557,0.0,0.0,1
4.29,CN,0.2506626837261645,1.5247566079173496e-08,0.0,0.0,0.17526333563868757,0.32658218937670613,0.30263497079723617,0.15131806374988066,0.0,0.0,1
4.295,CN,0.2506626837261644,1.524756563625833e-08,0.0,0.0,0.17541048916932994,0.32643094503272163,0.30203817874979977,0.15101966658566163,0.0,0.0,1
4.3,CN,0.2506626837261643,1.5247565193343164e-08,0.0,0.0,0.17555736456452045,0.32628001099663645,0.3014425635861874,0.1507218578656037,0.0,0.0,1
4.305,CN,0.2506626837261641,1.5247564528970417e-08,0.0,0.0,0.1757039622780464,0.3261293865616466,0.3008481229852129,0.15042463642910936,0.0,0.0,1
4.3100000000000005,CN,0.250662683726164,1.524756408605525e-08,0.0,0.0,0.17585028276353606,0.32597907102308726,0.30025485463027257,0.15012800111787233,0.0,0.0,1
4.315,CN,0.2506626837261639,1.5247563643140085e-08,0.0,0.0,0.1759963264744681,0.3258290636784257,0.2996627562093397,0.14983195077587483,0.0,0.0,1
4.32,CN,0.25066268372616385,1.52475634216825e-08,0.0,0.0,0.17614209386415203,0.32567936382724894,0.29907182541495186,0.14953648424938126,0.0,0.0,1
4.325,CN,0.25066268372616374,1.5247562978767334e-08,0.0,0.0,0.17628758538573747,0.32552997077125634,0.29848205994420496,0.14924160038693512,0.0,0.0,1
4.33,CN,0.25066268372616357,1.5247562314394587e-08,0.0,0.0,0.1764328014921933,0.3253808838142464,0.29789345749874124,0.14894729803935322,0.0,0.0,1
4.335,CN,0.2506626837261635,1.5247562092937002e-08,0.0,0.0,0.17657774263631731,0.3252321022621109,0.29730601578474514,0.14865357605972332,0.0,0.0,1
4.34,CN,0.2506626837261634,1.5247561650021836e-08,0.0,0.0,0.17672240927071767,0.32508362542282115,0.29671973251292616,0.14836043330339582,0.0,0.0,1
4.345,CN,0.25066268372616324,1.524756098564909e-08,0.0,0.0,0.17686680184781947,0.3249354526064206,0.29613460539851755,0.148067868627983,0.0,0.0,1
4.3500000000000005,CN,0.2506626837261632,1.5247560764191504e-08,0.0,0.0,0.1770109208198485,0.32478758312501477,0.29555063216126254,0.14777588089335206,0.0,0.0,1
4.355,CN,0.2506626837261631,1.5247560542733923e-08,0.0,0.0,0.17715476663883725,0.3246400162927609,0.2949678105254071,0.1474844689616217,0.0,0.0,1
4.36,CN,0.25066268372616307,1.524756032127634e-08,0.0,0.0,0.17729833975660844,0.32449275142586054,0.2943861382196929,0.1471936316971584,0.0,0.0,1
4.365,CN,0.25066268372616296,1.5247559878361173e-08,0.0,0.0,0.17744164062478154,0.324345787842546,0.2938056129773421,0.1469033679665689,0.0,0.0,1
4.37,CN,0.25066268372616285,1.5247559435446007e-08,0.0,0.0,0.17758466969475714,0.3241991248630764,0.29322623253605673,0.14661367663869987,0.0,0.0,1
4.375,CN,0.2506626837261628,1.5247559213988425e-08,0.0,0.0,0.1777274274177215,0.3240527618097236,0.29264799463800384,0.14632455658463053,0.0,0.0,1
4.38,CN,0.2506626837261627,1.524755877107326e-08,0.0,0.0,0.17786991424463264,0.3239066980067651,0.29207089702980793,0.14603600667766886,0.0,0.0,1
4.385,CN,0.25066268372616257,1.5247558328158093e-08,0.0,0.0,0.17801213062622473,0.3237609327804739,0.2914949374625425,0.1457480257933473,0.0,0.0,1
4.39,CN,0.2506626837261625,1.524755810670051e-08,0.0,0.0,0.17815407701299463,0.32361546545911185,0.29092011369172344,0.14546061280941947,0.0,0.0,1
4.3950000000000005,CN,0.2506626837261624,1.5247557663785343e-08,0.0,0.0,0.1782957538552059,0.3234702953729156,0.29034642347729284,0.14517376660585216,0.0,0.0,1
4.4,CN,0.2506626837261623,1.5247557220870177e-08,0.0,0.0,0.17843716160287454,0.3233254218540938,0.2897738645836224,0.14488748606482693,0.0,0.0,1
4.405,CN,0.2506626837261622,1.524755677795501e-08,0.0,0.0,0.178578300705775,0.32318084423681265,0.2892024347794915,0.14460177007072922,0.0,0.0,1
4.41,CN,0.25066268372616207,1.5247556335039845e-08,0.0,0.0,0.1787191716134242,0.32303656185718943,0.28863213183808734,0.14431661751014838,0.0,0.0,1
4.415,CN,0.25066268372616196,1.524755589212468e-08,0.0,0.0,0.17885977477508935,0.3228925740532826,0.2880629535369885,0.14403202727186945,0.0,0.0,1
4.42,CN,0.25066268372616185,1.5247555449209513e-08,0.0,0.0,0.17900011063977164,0.32274888016508557,0.2874948976581666,0.143747998246874,0.0,0.0,1
4.425,CN,0.2506626837261618,1.5247555227751932e-08,0.0,0.0,0.1791401796562112,0.3226054795345156,0.2869279619879713,0.14346452932833262,0.0,0.0,1
4.43,CN,0.25066268372616174,1.5247555006294347e-08,0.0,0.0,0.17927998227287584,0.3224623715054053,0.28636214431712037,0.1431816194116,0.0,0.0,1
4.4350000000000005,CN,0.25066268372616163,1.524755456337918e-08,0.0,0.0,0.1794195189379632,0.32231955542349383,0.2857974424406919,0.1428992673942109,0.0,0.0,1
4.44,CN,0.2506626837261616,1.52475543419216e-08,0.0,0.0,0.17955879009938966,0.32217703063641917,0.2852338541581177,0.1426174721758771,0.0,0.0,1
4.445,CN,0.25066268372616146,1.5247553899006434e-08,0.0,0.0,0.17969779620479243,0.3220347964937086,0.28467137727317304,0.14233623265848205,0.0,0.0,1
4.45,CN,0.25066268372616135,1.5247553456091268e-08,0.0,0.0,0.17983653770152064,0.3218928523467719,0.2841100095939682,0.14205554774607662,0.0,0.0,1
4.455,CN,0.2506626837261613,1.5247553234633683e-08,0.0,0.0,0.17997501503663454,0.321751197548891,0.2835497489329414,0.14177541634487578,0.0,0.0,1
4.46,CN,0.2506626837261612,1.5247552791718518e-08,0.0,0.0,0.18011322865689894,0.3216098314552127,0.2829905931068463,0.1414958373632522,0.0,0.0,1
4.465,CN,0.25066268372616113,1.5247552570260936e-08,0.0,0.0,0.18025117900878107,0.3214687534227396,0.28243253993674855,0.1412168097117345,0.0,0.0,1
4.47,CN,0.25066268372616096,1.5247551905888186e-08,0.0,0.0,0.1803888665384447,0.32132796281032283,0.2818755872480124,0.14093833230300074,0.0,0.0,1
4.4750000000000005,CN,0.25066268372616085,1.524755146297302e-08,0.0,0.0,0.18052629169174883,0.3211874589786533,0.281319732870297,0.14066040405187621,0.0,0.0,1
4.48,CN,0.25066268372616074,1.5247551020057854e-08,0.0,0.0,0.1806634549142407,0.3210472412902527,0.2807649746375409,0.14038302387532617,0.0,0.0,1
4.485,CN,0.25066268372616063,1.5247550577142688e-08,0.0,0.0,0.18080035665115501,0.3209073091094673,0.28021131038796293,0.14010619069245583,0.0,0.0,1
4.49,CN,0.2506626837261605,1.5247550134227522e-08,0.0,0.0,0.18093699734740756,0.32076766180245825,0.2796587379640434,0.13982990342450125,0.0,0.0,1
4.495,CN,0.2506626837261604,1.5247549691312356e-08,0.0,0.0,0.18107337744759283,0.3206282987371943,0.27910725521252655,0.13955416099483042,0.0,0.0,1
4.5,CN,0.25066268372616024,1.524754902693961e-08,0.0,0.0,0.18120949739597939,0.3204892192834433,0.2785568599844013,0.13927896232893372,0.0,0.0,1
4.505,CN,0.25066268372616013,1.5247548584024443e-08,0.0,0.0,0.18134535763650825,0.32035042281276555,0.2780075501349015,0.13900430635442398,0.0,0.0,1
4.51,CN,0.2506626837261601,1.5247548362566858e-08,0.0,0.0,0.18148095861278546,0.32021190869850413,0.2774593235234919,0.13873019200102943,0.0,0.0,1
4.515,CN,0.25066268372615996,1.5247547919651692e-08,0.0,0.0,0.18161630076808344,0.3200736763157778,0.27691217801386075,0.13845661820059016,0.0,0.0,1
4.5200000000000005,CN,0.2506626837261598,1.5247547255278945e-08,0.0,0.0,0.18175138454533205,0.319935725041475,0.27636611147391593,0.138183583887056,0.0,0.0,1
4.525,CN,0.25066268372615974,1.524754703382136e-08,0.0,0.0,0.18188621038712033,0.3197980542542428,0.27582112177576934,0.13791108799647891,0.0,0.0,1
4.53,CN,0.2506626837261597,1.524754681236378e-08,0.0,0.0,0.18202077873568803,0.3196606633344823,0.2752772067957346,0.13763912946701154,0.0,0.0,1
4.535,CN,0.2506626837261596,1.5247546369448613e-08,0.0,0.0,0.18215509003292688,0.31952355166433916,0.2747343644143153,0.1373677072389017,0.0,0.0,1
4.54,CN,0.25066268372615946,1.5247545926533447e-08,0.0,0.0,0.18228914472037244,0.31938671862769663,0.2741925925161982,0.13709682025448872,0.0,0.0,1
4.545,CN,0.25066268372615935,1.524754548361828e-08,0.0,0.0,0.1824229432392059,0.3192501636101682,0.2736518889902436,0.1368264674581987,0.0,0.0,1
4.55,CN,0.2506626837261592,1.524754481924553e-08,0.0,0.0,0.1825564860302455,0.3191138859990905,0.2731122517294799,0.1365566477965418,0.0,0.0,1
4.555,CN,0.2506626837261591,1.5247544376330365e-08,0.0,0.0,0.18268977353394766,0.31897788518351416,0.27257367863109117,0.13628736021810606,0.0,0.0,1
4.5600000000000005,CN,0.25066268372615896,1.52475439334152e-08,0.0,0.0,0.18282280619040045,0.31884216055419884,0.2720361675964128,0.13601860367355517,0.0,0.0,1
4.565,CN,0.2506626837261589,1.5247543711957617e-08,0.0,0.0,0.182955584439323,0.31870671150360336,0.2714997165309196,0.13575037711562252,0.0,0.0,1
4.57,CN,0.25066268372615885,1.5247543490500033e-08,0.0,0.0,0.18308810872006034,0.31857153742588123,0.270964323344221,0.13548267949910883,0.0,0.0,1
4.575,CN,0.25066268372615863,1.52475426046697e-08,0.0,0.0,0.1832203794715814,0.3184366377168705,0.27042998595005074,0.13521550978087699,0.0,0.0,1
4.58,CN,0.2506626837261585,1.5247542161754535e-08,0.0,0.0,0.18335239713247484,0.3183020117740889,0.26989670226625984,0.1349488669198485,0.0,0.0,1
4.585,CN,0.2506626837261584,1.524754171883937e-08,0.0,0.0,0.18348416214094782,0.31816765899672506,0.2693644702148067,0.13468274987699863,0.0,0.0,1
4.59,CN,0.2506626837261583,1.5247541275924203e-08,0.0,0.0,0.1836156749348202,0.318033578785633,0.26883328772175263,0.13441715761535408,0.0,0.0,1
4.595,CN,0.2506626837261582,1.5247540833009037e-08,0.0,0.0,0.18374693595152494,0.31789977054332375,0.26830315271724936,0.13415208909998672,0.0,0.0,1
4.6000000000000005,CN,0.2506626837261581,1.524754039009387e-08,0.0,0.0,0.18387794562810186,0.3177662336739591,0.267774063135534,0.13388754329801114,0.0,0.0,1
4.605,CN,0.25066268372615796,1.5247539947178705e-08,0.0,0.0,0.18400870440119746,0.31763296758334275,0.2672460169149169,0.13362351917857865,0.0,0.0,1
4.61,CN,0.2506626837261579,1.5247539725721124e-08,0.0,0.0,0.18413921270705974,0.3174999716789174,0.2667190119977804,0.13336001571287645,0.0,0.0,1
4.615,CN,0.25066268372615774,1.5247539061348373e-08,0.0,0.0,0.18426947098153737,0.3173672453697526,0.2661930463305626,0.13309703187411964,0.0,0.0,1
4.62,CN,0.25066268372615763,1.5247538618433208e-08,0.0,0.0,0.1843994796600747,0.3172347880665433,0.26566811786375777,0.13283456663755144,0.0,0.0,1
4.625,CN,0.2506626837261575,1.524753817551804e-08,0.0,0.0,0.18452923917771108,0.3171025991815985,0.2651442245519018,0.13257261898043593,0.0,0.0,1
4.63,CN,0.2506626837261574,1.5247537732602876e-08,0.0,0.0,0.18465874996907666,0.3169706781288379,0.2646213643535664,0.13231118788205506,0.0,0.0,1
4.635,CN,0.2506626837261573,1.524753728968771e-08,0.0,0.0,0.1847880124683905,0.31683902432378236,0.26409953523135266,0.13205027232370542,0.0,0.0,1
4.64,CN,0.2506626837261572,1.5247536846772544e-08,0.0,0.0,0.1849170271094575,0.3167076371835496,0.2635787351518786,0.13178987128869218,0.0,0.0,1
4.6450000000000005,CN,0.250662683726157,1.5247536182399797e-08,0.0,0.0,0.18504579432566595,0.31657651612684545,0.2630589620857767,0.13152998376232772,0.0,0.0,1
4.65,CN,0.2506626837261569,1.524753573948463e-08,0.0,0.0,0.18517431454998406,0.31644566057396023,0.26254021400768446,0.1312706087319269,0.0,0.0,1
4.655,CN,0.2506626837261568,1.5247535296569465e-08,0.0,0.0,0.1853025882149594,0.3163150699467571,0.2620224888962297,0.13101174518679973,0.0,0.0,1
4.66,CN,0.2506626837261567,1.52475348536543e-08,0.0,0.0,0.1854306157527137,0.31618474366867244,0.2615057847340356,0.13075339211825399,0.0,0.0,1
4.665,CN,0.2506626837261566,1.5247534410739133e-08,0.0,0.0,0.18555839759494233,0.31605468116470276,0.2609900995077012,0.13049554851958534,0.0,0.0,1
4.67,CN,0.25066268372615647,1.5247533967823967e-08,0.0,0.0,0.1856859341729106,0.3159248818614027,0.26047543120779904,0.13023821338607622,0.0,0.0,1
4.675,CN,0.2506626837261563,1.5247533303451216e-08,0.0,0.0,0.1858132259174527,0.3157953451868765,0.2599617778288663,0.12998138571499138,0.0,0.0,1
4.68,CN,0.2506626837261562,1.524753286053605e-08,0.0,0.0,0.18594027325896761,0.3156660705707726,0.2594491373693958,0.12972506450557336,0.0,0.0,1
4.6850000000000005,CN,0.2506626837261561,1.5247532417620884e-08,0.0,0.0,0.18606707662741767,0.31553705744427646,0.2589375078318307,0.12946924875904003,0.0,0.0,1
4.69,CN,0.2506626837261559,1.5247531753248137e-08,0.0,0.0,0.18619363645232626,0.31540830524010566,0.2584268872225539,0.12921393747857893,0.0,0.0,1
4.695,CN,0.25066268372615585,1.5247531531790553e-08,0.0,0.0,0.18631995316277464,0.31527981339250105,0.2579172735518816,0.12895912966934436,0.0,0.0,1
4.7,CN,0.25066268372615574,1.5247531088875387e-08,0.0,0.0,0.18644602718740066,0.3151515813372244,0.2574086648340558,0.1287048243384536,0.0,0.0,1
4.705,CN,0.25066268372615563,1.524753064596022e-08,0.0,0.0,0.18657185895439607,0.31502360851154876,0.2569010590872366,0.12845102049498286,0.0,0.0,1
4.71,CN,0.2506626837261555,1.5247530203045055e-08,0.0,0.0,0.18669744889150344,0.31489589435425325,0.2563944543334916,0.1281977171499622,0.0,0.0,1
4.715,CN,0.25066268372615547,1.5247529981587473e-08,0.0,0.0,0.18682279742601585,0.31476843830561907,0.255888848598794,0.12794491331637436,0.0,0.0,1
4.72,CN,0.25066268372615536,1.5247529538672307e-08,0.0,0.0,0.18694790498477248,0.31464123980742004,0.2553842399130083,0.12769260800914792,0.0,0.0,1
4.7250000000000005,CN,0.25066268372615524,1.524752909575714e-08,0.0,0.0,0.18707277199415845,0.31451429830291966,0.25488062630988806,0.12744080024515586,0.0,0.0,1
4.73,CN,0.25066268372615513,1.5247528652841976e-08,0.0,0.0,0.18719739888010056,0.31438761323686276,0.25437800582706466,0.12718948904321012,0.0,0.0,1
4.735,CN,0.250662683726155,1.524752820992681e-08,0.0,0.0,0.1873217860680677,0.3142611840554701,0.253876376506039,0.1269386734240574,0.0,0.0,1
4.74,CN,0.2506626837261549,1.5247527767011644e-08,0.0,0.0,0.18744593398306608,0.3141350102064346,0.25337573639217964,0.1266883524103783,0.0,0.0,1
4.745,CN,0.25066268372615486,1.524752754555406e-08,0.0,0.0,0.18756984304964022,0.3140090911389122,0.25287608353470703,0.1264385250267792,0.0,0.0,1
4.75,CN,0.2506626837261547,1.5247526881181312e-08,0.0,0.0,0.1876935136918672,0.3138834263035183,0.2523774159866927,0.12618919029979228,0.0,0.0,1
4.755,CN,0.25066268372615463,1.5247526659723727e-08,0.0,0.0,0.187816946333358,0.3137580151523216,0.25187973180505013,0.12594034725787048,0.0,0.0,1
4.76,CN,0.2506626837261545,1.524752621680856e-08,0.0,0.0,0.18794014139725346,0.3136328571388367,0.2513830290505217,0.1256919949313813,0.0,0.0,1
4.765,CN,0.25066268372615447,1.524752599535098e-08,0.0,0.0,0.18806309930622425,0.31350795171802054,0.25088730578767793,0.12544413235260635,0.0,0.0,1
4.7700000000000005,CN,0.2506626837261543,1.524752533097823e-08,0.0,0.0,0.18818582048246613,0.31338329834626527,0.25039256008490685,0.1251967585557359,0.0,0.0,1
4.775,CN,0.25066268372615425,1.5247525109520648e-08,0.0,0.0,0.1883083053477014,0.3132588964813933,0.24989879001440662,0.12494987257686534,0.0,0.0,1
4.78,CN,0.25066268372615413,1.5247524666605482e-08,0.0,0.0,0.18843055432317324,0.3131347455826519,0.24940599365218102,0.12470347345399291,0.0,0.0,1
4.785,CN,0.250662683726154,1.5247524223690316e-08,0.0,0.0,0.1885525678296481,0.3130108451107061,0.24891416907802477,0.12445756022701228,0.0,0.0,1
4.79,CN,0.25066268372615386,1.5247523559317566e-08,0.0,0.0,0.1886743462874096,0.31288719452763486,0.2484233143755249,0.12421213193771333,0.0,0.0,1
4.795,CN,0.2506626837261538,1.5247523337859984e-08,0.0,0.0,0.1887958901162613,0.31276379329692433,0.24793342763204362,0.12396718762977349,0.0,0.0,1
4.8,CN,0.25066268372615363,1.5247522673487234e-08,0.0,0.0,0.18891719973552035,0.31264064088346344,0.24744450693872141,0.12372272634875936,0.0,0.0,1
4.805,CN,0.2506626837261535,1.5247522230572068e-08,0.0,0.0,0.18903827556401906,0.31251773675353717,0.24695655039046077,0.12347874714211855,0.0,0.0,1
4.8100000000000005,CN,0.25066268372615347,1.5247522009114487e-08,0.0,0.0,0.18915911802010105,0.3123950803748228,0.24646955608592558,0.12323524905917936,0.0,0.0,1
4.815,CN,0.25066268372615336,1.524752156619932e-08,0.0,0.0,0.18927972752162248,0.31227267121638114,0.24598352212752272,0.1229922311511416,0.0,0.0,1
4.82,CN,0.25066268372615325,1.5247521123284155e-08,0.0,0.0,0.18940010448594546,0.31215050874865646,0.24549844662141326,0.12274969247108221,0.0,0.0,1
4.825,CN,0.25066268372615313,1.524752068036899e-08,0.0,0.0,0.18952024932994188,0.3120285924434654,0.24501432767748427,0.12250763207394108,0.0,0.0,1
4.83,CN,0.250662683726153,1.5247520237453823e-08,0.0,0.0,0.18964016246998752,0.31190692177399737,0.24453116340935974,0.12226604901652662,0.0,0.0,1
4.835,CN,0.2506626837261529,1.5247519794538657e-08,0.0,0.0,0.18975984432196402,0.3117854962148024,0.2440489519343742,0.1220249423575025,0.0,0.0,1
4.84,CN,0.25066268372615286,1.5247519573081072e-08,0.0,0.0,0.1898792953012537,0.31166431524179333,0.24356769137358578,0.12178431115739417,0.0,0.0,1
4.845,CN,0.25066268372615275,1.5247519130165906e-08,0.0,0.0,0.1899985158227406,0.31154337833223505,0.24308737985175377,0.12154415447857772,0.0,0.0,1
4.8500000000000005,CN,0.2506626837261527,1.5247518908708325e-08,0.0,0.0,0.1901175063008079,0.3114226849647421,0.24260801549733804,0.1213044713852795,0.0,0.0,1
4.855,CN,0.2506626837261525,1.5247518244335574e-08,0.0,0.0,0.19023626714933756,0.311302234619272,0.2421295964424875,0.12106526094357038,0.0,0.0,1
4.86,CN,0.25066268372615247,1.5247518022877993e-08,0.0,0.0,0.19035479878170578,0.3111820267771212,0.24165212082303983,0.12082652222136565,0.0,0.0,1
4.865,CN,0.25066268372615236,1.5247517579962827e-08,0.0,0.0,0.19047310161078584,0.31106206092091954,0.24117558677850617,0.12058825428841734,0.0,0.0,1
4.87,CN,0.25066268372615236,1.5247517579962827e-08,0.0,0.0,0.19059117604894402,0.31094233653462616,0.2406999924520694,0.12035045621631332,0.0,0.0,1
4.875,CN,0.2506626837261523,1.5247517358505243e-08,0.0,0.0,0.19070902250803753,0.31082285310352137,0.2402253359905741,0.12011312707847234,0.0,0.0,1
4.88,CN,0.2506626837261522,1.5247516915590077e-08,0.0,0.0,0.19082664139941546,0.310703610114206,0.23975161554452046,0.11987626595014095,0.0,0.0,1
4.885,CN,0.2506626837261521,1.524751647267491e-08,0.0,0.0,0.19094403313391603,0.3105846070545924,0.2392788292680557,0.11963987190838926,0.0,0.0,1
4.89,CN,0.25066268372615197,1.5247516029759745e-08,0.0,0.0,0.19106119812186415,0.3104658434139026,0.23880697531897074,0.1194039440321092,0.0,0.0,1
4.8950000000000005,CN,0.25066268372615186,1.524751558684458e-08,0.0,0.0,0.19117813677307358,0.31034731868266097,0.23833605185868567,0.1191684814020073,0.0,0.0,1
4.9,CN,0.25066268372615175,1.5247515143929413e-08,0.0,0.0,0.19129484949684092,0.3102290323526914,0.23786605705225206,0.11893348310060582,0.0,0.0,1
4.905,CN,0.2506626837261516,1.5247514479556666e-08,0.0,0.0,0.19141133670194882,0.31011098391711084,0.2373969890683375,0.11869894821223509,0.0,0.0,1
4.91,CN,0.2506626837261515,1.524751425809908e-08,0.0,0.0,0.1915275987966607,0.309993172870325,0.2369288460792235,0.11846487582303233,0.0,0.0,1
4.915,CN,0.2506626837261514,1.5247513815183915e-08,0.0,0.0,0.1916436361887239,0.30987559870802384,0.2364616262607943,0.11823126502093623,0.0,0.0,1
4.92,CN,0.25066268372615125,1.5247513150811168e-08,0.0,0.0,0.1917594492853631,0.3097582609271764,0.2359953277925359,0.11799811489568626,0.0,0.0,1
4.925,CN,0.2506626837261512,1.5247512929353583e-08,0.0,0.0,0.1918750384932851,0.3096411590260258,0.23552994885751982,0.11776542453881472,0.0,0.0,1
4.93,CN,0.250662683726151,1.5247512264980836e-08,0.0,0.0,0.19199040421867125,0.3095242925040854,0.23506548764240767,0.11753319304364897,0.0,0.0,1
4.9350000000000005,CN,0.2506626837261509,1.524751182206567e-08,0.0,0.0,0.19210554686718317,0.30940766086213367,0.23460194233743187,0.11730141950530174,0.0,0.0,1
4.94,CN,0.25066268372615086,1.5247511600608085e-08,0.0,0.0,0.1922204668439542,0.30929126360220854,0.23413931113639946,0.11707010302067311,0.0,0.0,1
4.945,CN,0.25066268372615075,1.524751115769292e-08,0.0,0.0,0.19233516455359584,0.3091751002276042,0.23367759223667448,0.11683924268844163,0.0,0.0,1
4.95,CN,0.25066268372615064,1.5247510714777754e-08,0.0,0.0,0.19244964040019003,0.3090591702428655,0.2332167838391808,0.11660883760906585,0.0,0.0,1
4.955,CN,0.2506626837261505,1.5247510271862588e-08,0.0,0.0,0.19256389478729224,0.3089434731537844,0.23275688414839005,0.1163788868847781,0.0,0.0,1
4.96,CN,0.25066268372615036,1.524750960748984e-08,0.0,0.0,0.19267792811792864,0.30882800846739383,0.23229789137231413,0.11614938961958093,0.0,0.0,1
4.965,CN,0.25066268372615025,1.5247509164574674e-08,0.0,0.0,0.1927917407945962,0.30871277569196437,0.23183980372249857,0.11592034491924369,0.0,0.0,1
4.97,CN,0.2506626837261502,1.524750894311709e-08,0.0,0.0,0.1929053332192596,0.30859777433699875,0.23138261941401844,0.11569175189130049,0.0,0.0,1
4.9750000000000005,CN,0.2506626837261501,1.5247508500201924e-08,0.0,0.0,0.19301870579335265,0.3084830039132294,0.23092633666546908,0.11546360964504561,0.0,0.0,1
4.98,CN,0.2506626837261499,1.5247507835829177e-08,0.0,0.0,0.19313185891777587,0.3083684639326111,0.23047095369895781,0.1152359172915293,0.0,0.0,1
4.985,CN,0.25066268372614986,1.5247507614371592e-08,0.0,0.0,0.1932447929928953,0.30825415390831873,0.23001646874010107,0.11500867394355639,0.0,0.0,1
4.99,CN,0.25066268372614975,1.5247507171456426e-08,0.0,0.0,0.19335750841854282,0.3081400733547418,0.22956288001801267,0.11478187871568041,0.0,0.0,1
4.995,CN,0.25066268372614964,1.524750672854126e-08,0.0,0.0,0.19347000559401414,0.30802622178747996,0.22911018576529923,0.11455553072420128,0.0,0.0,1
5.0,CN,0.2506626837261496,1.524750650708368e-08,0.0,0.0,0.1935822849180682,0.3079125987233395,0.22865838421805434,0.11432962908716245,0.0,0.0,1
0.0,PINN Vanilla,0.25067797307670137,6.101096716301521e-05,9.890616717854681e-05,0.00033042432038377605,-0.0003265067934989929,1.0000537633895874,2.0005656853318214,1.0002866658516019,5.3763389587402344e-05,0.0003265067934989929,2
0.005,PINN Vanilla,0.25066966520249867,2.7867324855067308e-05,0.00014213907228511407,0.00033827494642574464,-0.0003322586417198181,0.9952812790870667,1.9911104664206505,0.9955590383265983,0.0,0.0003322586417198181,2
0.01,PINN Vanilla,0.2506614782959225,4.793726160977666e-06,0.00022285887944245648,0.0005138961398469255,-0.0003386065363883972,0.990555465221405,1.981747843325138,0.9908777088863795,0.0,0.0003386065363883972,2
0.015,PINN Vanilla,0.25065345834195635,3.678873223535695e-05,0.00030398439935226413,0.0007434767972457346,-0.00034605711698532104,0.9858765006065369,1.972478561103344,0.9862430500613991,0.0,0.00034605711698532104,4
0.02,PINN Vanilla,0.25064562709629556,6.803090064980608e-05,0.0003791387378765854,0.0009525793851038467,-0.00035396963357925415,0.9812447428703308,1.9633017107844353,0.9816546073645037,0.0,0.00035396963357925415,2
0.025,PINN Vanilla,0.25063801985234047,9.837943102539796e-05,0.00044723093729156686,0.0011425276922141236,-0.0003624334931373596,0.9766607880592346,1.9542187973856926,0.9771131333072097,0.0,0.0003624334931373596,2
0.03,PINN Vanilla,0.2506306659355762,0.00012771733153406093,0.0005082010063420458,0.0013140430945754455,-0.0004046708345413208,0.9721243977546692,1.9452293068170547,0.972618370843504,0.0,0.0004046708345413208,2
0.035,PINN Vanilla,0.2506235633045437,0.0001560527464239062,0.0005624611271585145,0.001468761796044049,-0.0004604533314704895,0.9676364064216614,1.9363354220986366,0.9681714114876159,0.0,0.0004604533314704895,2
0.04,PINN Vanilla,0.2506167732924225,0.00018314099156603545,0.0006103906070912574,0.0016073487926085428,-0.0005139186978340149,0.9631962180137634,1.9275348335504532,0.963771100395139,0.0,0.0005139186978340149,2
0.045,PINN Vanilla,0.250610280916095,0.00020904184098636356,0.0006524669449772627,0.0017301286738202748,-0.0005654990673065186,0.958804190158844,1.918829284608364,0.959418309287335,0.0,0.0005654990673065186,2
0.05,PINN Vanilla,0.2506041162759068,0.00023363521160925708,0.0006891904841199818,0.0018391172667324707,-0.0006149411201477051,0.9544602036476135,1.9102174937725067,0.9551123974118235,0.0,0.0006149411201477051,2
0.055,PINN Vanilla,0.25059828475117707,0.00025689964304334724,0.0007209870911381826,0.0019340012746801305,-0.0006621703505516052,0.9501648545265198,1.9017007499933243,0.9508540092462893,0.0,0.0006621703505516052,2
0.06,PINN Vanilla,0.2505928114950659,0.0002787347886392468,0.0007483612939089307,0.002016328109032184,-0.0007074996829032898,0.9459173083305359,1.8932775631546974,0.9466423997298251,0.0,0.0007074996829032898,2
0.065,PINN Vanilla,0.25058770482987186,0.0002991074472097041,0.0007716614487348999,0.002086887107609958,-0.0007508024573326111,0.9417174458503723,1.8849476128816605,0.9424774086743358,0.0,0.0007508024573326111,2
0.07,PINN Vanilla,0.2505829534530642,0.0003180627093551587,0.0007913569815713874,0.002145838616896434,-0.0007916614413261414,0.937565267086029,1.876710370182991,0.9383587715831994,0.0,0.0007916614413261414,2
0.075,PINN Vanilla,0.2505785823464396,0.00033550091206755356,0.0008078015438405476,0.0021945587007126677,-0.0008304864168167114,0.9334607720375061,1.8685662001371384,0.934286670996338,0.0,0.0008304864168167114,2
0.08,PINN Vanilla,0.2505745923221114,0.0003514188154815792,0.0008213233694515353,0.0022330379721913207,-0.0008673742413520813,0.9294034838676453,1.860513985157013,0.9302605481180712,0.0,0.0008673742413520813,2
0.085,PINN Vanilla,0.25057098919898296,0.0003657932055175932,0.0008322922312590665,0.0022624019114201865,-0.0009020045399665833,0.9253925085067749,1.852551594376564,0.9262793375113014,0.0,0.0009020045399665833,2
0.09,PINN Vanilla,0.2505677615404131,0.00037866970779983886,0.0008409781919828834,0.00228293042903166,-0.0009344741702079773,0.9214287400245667,1.8446811437606812,0.9223440971625171,0.0,0.0009344741702079773,2
0.095,PINN Vanilla,0.2505649288967254,0.0003899703277756779,0.000847722803408133,0.002295556758697581,-0.0009652376174926758,0.9175106287002563,1.836899772286415,0.918453396554776,0.0,0.0009652376174926758,2
0.1,PINN Vanilla,0.25056248708069345,0.00039971177007120404,0.0008527369225633639,0.002300770908813421,-0.0009934529662132263,0.9136382341384888,1.8292062506079674,0.9146066210128297,0.0,0.0009934529662132263,2
0.105,PINN Vanilla,0.25056041721254607,0.0004079693541207007,0.0008563053620433032,0.0022987870469006744,-0.001019589602947235,0.9098116159439087,1.8216019049286842,0.9108044336408857,0.0,0.001019589602947235,2
0.11,PINN Vanilla,0.2505587285384538,0.00041470619301880584,0.0008586201709980173,0.002290153581445631,-0.0010436996817588806,0.9060295224189758,1.8140833526849747,0.9070451431506843,0.0,0.0010436996817588806,2
0.115,PINN Vanilla,0.2505574287846687,0.0004198914634611268,0.0008599155254690599,0.002275722596981,-0.0010655373334884644,0.9022918939590454,1.806650586426258,0.9033287458169208,0.0,0.0010655373334884644,2
0.12,PINN Vanilla,0.25055648882687115,0.0004236413547409154,0.0008603512223267465,0.0022554840558925426,-0.0010853856801986694,0.8985983729362488,1.7993035838007927,0.8996552304636817,0.0,0.0010853856801986694,2
0.125,PINN Vanilla,0.25055591817945266,0.0004259179099054233,0.0008600883811904787,0.0022299246500792624,-0.001103028655052185,0.8949480652809143,1.7920392751693726,0.8960230622654978,0.0,0.001103028655052185,2
0.13,PINN Vanilla,0.25055570983141684,0.00042674909880001095,0.0008592960681438403,0.002199997569020562,-0.0011184290051460266,0.8913406729698181,1.7848577424883842,0.8924322822007189,0.0,0.0011184290051460266,2
0.135,PINN Vanilla,0.2505558638572695,0.00042613462418918254,0.0008580774011854069,0.0021653234856240378,-0.0011318102478981018,0.8877757787704468,1.7777577489614487,0.888882271868792,0.0,0.0011318102478981018,2
0.14,PINN Vanilla,0.2505563525632026,0.00042418496844768254,0.000856580781474533,0.0021269350084955896,-0.0011428594589233398,0.8842528462409973,1.7707382068037987,0.8853724873752548,0.0,0.0011428594589233398,2
0.145,PINN Vanilla,0.25055718132853533,0.0004208786711836992,0.0008548726887282757,0.002084463042145268,-0.0011519044637680054,0.8807709813117981,1.763797588646412,0.8819021650326769,0.0,0.0011519044637680054,2
0.15,PINN Vanilla,0.2505583432465794,0.0004162432861136075,0.0008530430285320966,0.002038870085406763,-0.0011589378118515015,0.8773302435874939,1.756936065852642,0.878471390523063,0.0,0.0011589378118515015,2
0.155,PINN Vanilla,0.2505598168671133,0.0004103643872903163,0.0008511672603559023,0.001990014142181362,-0.0011637285351753235,0.8739292025566101,1.7501501142978668,0.8750784017773668,0.0,0.0011637285351753235,2
0.16,PINN Vanilla,0.25056160568445945,0.00040322803437642553,0.0008492740796020308,0.0019387342291432574,-0.0011662468314170837,0.8705678582191467,1.7434398382902145,0.8717232509498523,0.0,0.0011662468314170837,2
0.165,PINN Vanilla,0.25056369907408976,0.00039487661313131184,0.0008474424353309345,0.0018848666659492253,-0.0011665672063827515,0.8672459721565247,1.736804611980915,0.8684056251149379,0.0,0.0011665672063827515,2
0.17,PINN Vanilla,0.2505660813674333,0.0003853726321459896,0.0008456782492962266,0.0018287245946327912,-0.001165144145488739,0.8639623522758484,1.7302429154515266,0.8651247643104982,0.0,0.001165144145488739,2
0.17500000000000002,PINN Vanilla,0.2505687419921162,0.0003747582691146785,0.0008440108527768256,0.0017709732069409734,-0.001161232590675354,0.8607166409492493,1.723752535879612,0.861879562121086,0.0,0.001161232590675354,2
0.18,PINN Vanilla,0.2505716758295896,0.000363053944104955,0.000842448209578689,0.0017111200294603335,-0.0011550411581993103,0.8575080633163452,1.717332437634468,0.8586695007293704,0.0,0.0011550411581993103,2
0.185,PINN Vanilla,0.2505748601481321,0.00035035034361812937,0.0008410079332657061,0.0016499003966281012,-0.0011471137404441833,0.8543366193771362,1.7109836414456367,0.8554950905020731,0.0,0.0011471137404441833,2
0.19,PINN Vanilla,0.25057830060273434,0.000336624907491853,0.0008396734337696786,0.001629394121789063,-0.001136690378189087,0.8512008190155029,1.7047014310956001,0.8523539733214222,0.0,0.001136690378189087,2
0.195,PINN Vanilla,0.2505819875374439,0.0003219161574260502,0.0008384418109785535,0.0016444498511222424,-0.0011241734027862549,0.8481013178825378,1.6984877735376358,0.8492471326678153,0.0,0.0011241734027862549,2
0.2,PINN Vanilla,0.25058588576316854,0.0003063644776699984,0.0008372984741452365,0.0016583935349777108,-0.0011094361543655396,0.8450362086296082,1.692338801920414,0.846172635108198,0.0,0.0011094361543655396,2
0.20500000000000002,PINN Vanilla,0.25059000004827997,0.00028995084516193255,0.0008362470251794944,0.0016712106546000155,-0.0010928139090538025,0.8420056700706482,1.686255469918251,0.8431309574815508,0.0,0.0010928139090538025,2
0.21,PINN Vanilla,0.25059433730691694,0.00027264767646276964,0.0008352327759202885,0.00168305095643499,-0.0010738670825958252,0.8390092253684998,1.6802357882261276,0.8401211051315624,0.0,0.0010738670825958252,2
0.215,PINN Vanilla,0.25059884648770114,0.0002546586372251347,0.0008342789150731042,0.0016939875052272696,-0.0010528787970542908,0.8360462784767151,1.674278624355793,0.8371425118119432,0.0,0.0010528787970542908,2
0.22,PINN Vanilla,0.2506035529971125,0.00023588237019899917,0.0008333141040827742,0.001703955466578113,-0.0010298117995262146,0.833115816116333,1.6683825924992561,0.8341944846160494,0.0,0.0010298117995262146,2
0.225,PINN Vanilla,0.2506084288582208,0.00021643048725345992,0.0008323609856721596,0.0017128163040146785,-0.001004338264465332,0.8302175402641296,1.662546157836914,0.8312762561311464,0.0,0.001004338264465332,2
0.23,PINN Vanilla,0.2506134671047332,0.00019633077989253563,0.0008313756095956159,0.0017210501224443975,-0.0009767860174179077,0.8273511528968811,1.6567696034908295,0.8283879679188065,0.0,0.0009767860174179077,2
0.23500000000000001,PINN Vanilla,0.2506186512485149,0.0001756490262957013,0.0008303485307526042,0.0017280211217203618,-0.0009471327066421509,0.8245154619216919,1.651049792766571,0.8255280516258198,0.0,0.0009471327066421509,2
0.24,PINN Vanilla,0.25062398199737096,0.00015438240272774,0.0008292331615243307,0.0017342722906504955,-0.0009153261780738831,0.8217108845710754,1.6453872472047806,0.8226967680235037,0.0,0.0009153261780738831,2
0.245,PINN Vanilla,0.2506294363811614,0.00013262254684275155,0.000828045118848794,0.0017398099381921645,-0.0008814483880996704,0.8189360499382019,1.6397802978754044,0.8198932826436421,0.0,0.0008814483880996704,2
0.25,PINN Vanilla,0.2506350101158025,0.00011038654967222113,0.0008267447475133546,0.0017442280385893065,-0.0008454024791717529,0.8161912560462952,1.6342287734150887,0.8171175098042306,0.0,0.0008454024791717529,2
0.255,PINN Vanilla,0.25064071179926417,8.764011025880284e-05,0.0008253242168642865,0.0017480874502902978,-0.000807441771030426,0.8134751319885254,1.6287304535508156,0.8143683393645171,0.0,0.000807441771030426,2
0.26,PINN Vanilla,0.2506464974060657,6.455886496235208e-05,0.00082376193056369,0.0017512914163807763,-0.0007669776678085327,0.8107873797416687,1.6232833117246628,0.8116447580416677,0.0,0.0007669776678085327,2
0.265,PINN Vanilla,0.2506523803099992,4.108946004038555e-05,0.0008220566767542832,0.001753553513362318,-0.0007245838642120361,0.8081282377243042,1.6178894266486168,0.8089478051956481,0.0,0.0007245838642120361,2
0.27,PINN Vanilla,0.25065834662318254,1.7287300159155905e-05,0.0008201964881175233,0.001754711447226807,-0.0006800368428230286,0.8054962158203125,1.6125450357794762,0.8062755995476673,0.0,0.0006800368428230286,2
0.275,PINN Vanilla,0.2506643827185037,6.79325033799071e-06,0.0008181769542386393,0.0017557793516752367,-0.0006331503391265869,0.802891194820404,1.6072491332888603,0.8036276381816125,0.0,0.0006331503391265869,2
0.28,PINN Vanilla,0.2506704811155798,3.112234902326625e-05,0.0008159846981791705,0.0017559830895447453,-0.0005843490362167358,0.8003131747245789,1.602003090083599,0.8010046065535189,0.0,0.0005843490362167358,2
0.28500000000000003,PINN Vanilla,0.2506766278594735,5.564432371851615e-05,0.0008136343303959732,0.0017553443845729959,-0.0005335062742233276,0.7977611422538757,1.5968048200011253,0.798405461578116,0.0,0.0005335062742233276,2
0.29,PINN Vanilla,0.25068282742053294,8.037700854352218e-05,0.0008110962107522406,0.001754440065318517,-0.00048045068979263306,0.7952346205711365,1.5916518718004227,0.795828977630211,0.0,0.00048045068979263306,2
0.295,PINN Vanilla,0.25068907115608474,0.00010528592419937518,0.0008084048852465093,0.001752538450045262,-0.00042536109685897827,0.7927336096763611,1.5865457281470299,0.7932758960454069,0.0,0.00042536109685897827,2
0.3,PINN Vanilla,0.2506953313201668,0.0001302603802470595,0.0008055661404245541,0.001750056842829474,-0.00036822259426116943,0.7902572751045227,1.5814837142825127,0.790744879439375,0.0,0.00036822259426116943,2
0.305,PINN Vanilla,0.25070161940157437,0.00015534621037531122,0.0008025550427009412,0.0017471358444317488,-0.0003088638186454773,0.7878053188323975,1.576466016471386,0.7882360209447287,0.0,0.0003088638186454773,2
0.31,PINN Vanilla,0.25070792359113714,0.0001804963027830724,0.0007994270076158328,0.001743678261726608,-0.00024728477001190186,0.7853773832321167,1.5714909061789513,0.7857484562908152,0.0,0.00024728477001190186,2
0.315,PINN Vanilla,0.25071423418819927,0.00020567195742996259,0.0007961518195897552,0.0017395849659235618,-0.00018349289894104004,0.7829727530479431,1.5665570199489594,0.7832815037469045,0.0,0.00018349289894104004,2
0.32,PINN Vanilla,0.25072053065151,0.00023079122653355257,0.0007927712307279933,0.001735170515160379,-0.00011789053678512573,0.7805918455123901,1.5616665706038475,0.7808362697284441,0.0,0.00011789053678512573,2
0.325,PINN Vanilla,0.2507268336340787,0.00025593650372885085,0.0007892847381687884,0.0017298217765088467,-5.048513412475586e-05,0.7782331109046936,1.5568158775568008,0.7784109139349925,0.0,5.048513412475586e-05,2
0.33,PINN Vanilla,0.2507331243231895,0.0002810327370939188,0.0007857200605208006,0.0017246523472391395,1.9140541553497314e-05,0.7758969068527222,1.552005410194397,0.7760056710607358,0.0,0.0,2
0.335,PINN Vanilla,0.2507393838465216,0.00030600463691762375,0.0007821030785082091,0.0017186269665544077,9.129196405410767e-05,0.773582398891449,1.547232374548912,0.7736191441164725,0.0,0.0,2
0.34,PINN Vanilla,0.250745609328151,0.0003308407299162063,0.0007784534545669744,0.0017124059154537386,0.00016502290964126587,0.7712900042533875,1.5424993708729744,0.771252633233486,0.0,0.0,2
0.34500000000000003,PINN Vanilla,0.2507518131509425,0.00035559041660235887,0.000774761134153702,0.0017054045959322209,0.00024127215147018433,0.7690183520317078,1.5378022119402885,0.7689040447906267,0.0,0.0,2
0.35000000000000003,PINN Vanilla,0.2507579804286363,0.0003801943093562226,0.0007710847021947479,0.0016982873627726155,0.0003193989396095276,0.766767680644989,1.5331423953175545,0.7665741275741063,0.0,0.0,2
0.355,PINN Vanilla,0.2507640902772548,0.0004045690931129293,0.0007674356774280434,0.0016905650981010071,0.0003993883728981018,0.7645376324653625,1.5285192653536797,0.7642625537571256,0.0,0.0,2
0.36,PINN Vanilla,0.25077015830576443,0.0004287770386751852,0.0007638556656580867,0.0016830201066703782,0.00048153847455978394,0.7623275518417358,1.5239308774471283,0.7619683510352006,0.0,0.0,2
0.365,PINN Vanilla,0.25077617568522714,0.0004527829236557847,0.0007603605702840236,0.0016746408230789859,0.000565744936466217,0.7601374983787537,1.519377924501896,0.759691865861653,0.0,0.0,2
0.37,PINN Vanilla,0.25078211882710477,0.0004764926433472088,0.0007569668645791934,0.001666085928362939,0.000651828944683075,0.7579668760299683,1.5148592442274094,0.7574325170889754,0.0,0.0,2
0.375,PINN Vanilla,0.25078801628202224,0.0005000200983306318,0.0007537088614685297,0.0016573057517450338,0.0007403120398521423,0.7558152675628662,1.5103725269436836,0.7551891498727611,0.0,0.0,2
0.38,PINN Vanilla,0.25079383117705606,0.0005232181868376278,0.0007506328941343693,0.0016481755389770262,0.0008305981755256653,0.7536828517913818,1.5059202313423157,0.7529629935635073,0.0,0.0,2
0.385,PINN Vanilla,0.2507995862886312,0.0005461777737108491,0.0007477399357563818,0.0016390720699279498,0.0009230151772499084,0.751568615436554,1.501498892903328,0.7507523158946043,0.0,0.0,2
0.39,PINN Vanilla,0.25080525059253,0.0005687750901561088,0.0007450789391042116,0.0016293940380185477,0.0010170042514801025,0.7494727969169617,1.4971107318997383,0.7485582270068043,0.0,0.0,2
0.395,PINN Vanilla,0.2508108326867225,0.0005910444371311958,0.000742649260105734,0.001619438247024551,0.0011134669184684753,0.7473949790000916,1.4927525743842125,0.7463791399203743,0.0,0.0,2
0.4,PINN Vanilla,0.250816333293915,0.0006129886978189577,0.0007404994350509273,0.0016094663700505904,0.0012116283178329468,0.7453349232673645,1.4884260445833206,0.7442158667517036,0.0,0.0,2
0.405,PINN Vanilla,0.25082175607234264,0.0006346224664745311,0.0007386521885161437,0.0015994140097491108,0.0013120323419570923,0.743291974067688,1.4841287359595299,0.7420672042274266,0.0,0.0,2
0.41000000000000003,PINN Vanilla,0.2508270857557657,0.0006558848395772059,0.0007371377542523609,0.001588719080637741,0.0014144331216812134,0.7412662506103516,1.4798607528209686,0.7399332045018069,0.0,0.0,2
0.41500000000000004,PINN Vanilla,0.2508323121443393,0.0006767351256095767,0.0007359478875708763,0.001578164357103405,0.0015186145901679993,0.739257276058197,1.4756221696734428,0.7378139048278899,0.0,0.0,2
0.42,PINN Vanilla,0.25083745106309674,0.0006972364573570223,0.0007351292811654684,0.0015675144303605362,0.0016247183084487915,0.7372649312019348,1.4714126586914062,0.7357091412922758,0.0,0.0,2
0.425,PINN Vanilla,0.2508424992337825,0.0007173757564648144,0.0007347050026946736,0.0015566698796446185,0.0017329305410385132,0.7352889776229858,1.467230699956417,0.7336181539328394,0.0,0.0,2
0.43,PINN Vanilla,0.2508474346250298,0.0007370651304441514,0.000734666572480356,0.0015455742293601273,0.0018428564071655273,0.7333289384841919,1.4630769938230515,0.7315412929282068,0.0,0.0,2
0.435,PINN Vanilla,0.2508522734269502,0.0007563691685334111,0.0007350635679737509,0.001534497002902862,0.0019551441073417664,0.731384813785553,1.4589496478438377,0.7294776120510258,0.0,0.0,2
0.44,PINN Vanilla,0.25085700493305946,0.0007752451580147913,0.0007358597856831105,0.0015231553306267057,0.0020692795515060425,0.7294565439224243,1.4548498094081879,0.7274276849981951,0.0,0.0,2
0.445,PINN Vanilla,0.25086164529621624,0.0007937575395091434,0.0007371140036481563,0.0015120462081464909,0.0021850839257240295,0.727543294429779,1.4507759064435959,0.7253907257304574,0.0,0.0,2
0.45,PINN Vanilla,0.2508661735802891,0.0008118227898871063,0.0007388144978897921,0.0015003248779876903,0.002302907407283783,0.7256449460983276,1.4467277750372887,0.7233666522911129,0.0,0.0,2
0.455,PINN Vanilla,0.25087059271335627,0.0008294525904973751,0.000740960637709309,0.0014889826133266237,0.002422735095024109,0.7237619757652283,1.4427055567502975,0.7213555354609478,0.0,0.0,2
0.46,PINN Vanilla,0.25087489846348787,0.0008466300583727359,0.0007435578953578331,0.0014775629138592643,0.002544209361076355,0.7218934297561646,1.438709132373333,0.7193573156350894,0.0,0.0,2
0.465,PINN Vanilla,0.25087910411506914,0.000863408190573653,0.0007465976753335421,0.0014659151515510841,0.002667933702468872,0.7200393676757812,1.4347367510199547,0.7173711173669717,0.0,0.0,2
0.47000000000000003,PINN Vanilla,0.2508832074031236,0.0008797779511459705,0.0007500990977484126,0.0014543419376749425,0.002793453633785248,0.7181996703147888,1.4307889565825462,0.7153972126038257,0.0,0.0,2
0.47500000000000003,PINN Vanilla,0.25088719330728076,0.0008956794174460258,0.0007540463479032847,0.001480254487359444,0.0029208362102508545,0.7163738012313843,1.426864966750145,0.7134352101886752,0.0,0.0,2
0.48,PINN Vanilla,0.250891078643501,0.0009111796754889882,0.0007584262068093224,0.0015517726576897094,0.0030496343970298767,0.7145617604255676,1.4229660034179688,0.7114857210714642,0.0,0.0,2
0.485,PINN Vanilla,0.2508948524668815,0.0009262350614040451,0.0007632415090081309,0.001623678022066758,0.0031807497143745422,0.7127636075019836,1.4190900027751923,0.709547713342836,0.0,0.0,2
0.49,PINN Vanilla,0.2508985208049419,0.0009408696215301383,0.0007684667384947318,0.0016961492059578147,0.0033137500286102295,0.7109791040420532,1.4152370616793633,0.7076212354317494,0.0,0.0,2
0.495,PINN Vanilla,0.2509020762145521,0.0009550536620565634,0.0007741064037536906,0.0017686566103086833,0.0034484118223190308,0.7092076539993286,1.411407247185707,0.7057063208659454,0.0,0.0,2
0.5,PINN Vanilla,0.25090553954243683,0.0009688703494311051,0.0007801358329576794,0.0018415595075680431,0.0035850554704666138,0.7074488997459412,1.4075986817479134,0.7038020308686808,0.0,0.0,2
0.505,PINN Vanilla,0.250908889308572,0.0009822339907058146,0.000786554207429122,0.0019143797634522315,0.0037232041358947754,0.705703616142273,1.4038146957755089,0.7019100306510834,0.0,0.0,3
0.51,PINN Vanilla,0.250912148319185,0.0009952355696174983,0.0007933274666246809,0.001987240008667807,0.0038634315133094788,0.7039710283279419,1.4000519588589668,0.7000286550020253,0.0,0.0,3
0.515,PINN Vanilla,0.2509152930155399,0.00100778110035257,0.0008004359928361949,0.002060272417248481,0.004005320370197296,0.7022506594657898,1.396312028169632,0.6981586825101546,0.0,0.0,3
0.52,PINN Vanilla,0.25091834873706126,0.0010199716726489343,0.0008078738561718389,0.0021331990101875085,0.004149407148361206,0.7005428075790405,1.392593964934349,0.6962996437870999,0.0,0.0,3
0.525,PINN Vanilla,0.25092129896581195,0.00103174138943252,0.0008156263711411652,0.0022059204010168513,0.004294790327548981,0.6988474130630493,1.3888979777693748,0.6944516431413879,0.0,0.0,3
0.53,PINN Vanilla,0.25092415261268636,0.0010431258000496218,0.0008236669405620704,0.002278614763614309,0.004442140460014343,0.6971638798713684,1.3852233663201332,0.6926143303943924,0.0,0.0,3
0.535,PINN Vanilla,0.2509269136041405,0.0010541405688025416,0.0008345430048863545,0.0023506680726660283,0.004591032862663269,0.6954919099807739,1.3815692439675331,0.6907872622348733,0.0,0.0,3
0.54,PINN Vanilla,0.250929587736726,0.0010648088206003613,0.0008432442347977229,0.002422915767479063,0.004741832613945007,0.6938320398330688,1.3779376223683357,0.6889714444950557,0.0,0.0,3
0.545,PINN Vanilla,0.2509321717843416,0.0010751176851530669,0.0008521790460505982,0.0024942739281694323,0.004894465208053589,0.6921837329864502,1.3743259459733963,0.6871655993954834,0.0,0.0,3
0.55,PINN Vanilla,0.25093467036634703,0.0010850855910512108,0.0008613291604751401,0.002565370940041442,0.005048707127571106,0.6905465722084045,1.3707345351576805,0.6853698871242516,0.0,0.0,3
0.555,PINN Vanilla,0.25093709611147663,0.0010947629196847537,0.0008706835531539044,0.0026364039130884723,0.005204819142818451,0.6889212131500244,1.3671643286943436,0.6835847770697318,0.0,0.0,3
0.56,PINN Vanilla,0.25093942459672713,0.0011040522373103076,0.0008802076524331108,0.002706229505659483,0.005362406373023987,0.6873065829277039,1.3636141791939735,0.6818096955350254,0.0,0.0,3
0.5650000000000001,PINN Vanilla,0.25094168471545003,0.0011130688117910424,0.0008899074893229258,0.0027758490558286134,0.005521833896636963,0.6857032775878906,1.3600835800170898,0.6800443891994237,0.0,0.0,3
0.5700000000000001,PINN Vanilla,0.2509438652545216,0.0011217679092092026,0.0008997420085441817,0.0028446794767492487,0.005682751536369324,0.6841103434562683,1.356572337448597,0.678288761205009,0.0,0.0,3
0.5750000000000001,PINN Vanilla,0.25094598615914604,0.001130229099463915,0.0009097290882354348,0.0029130660536315018,0.005845583975315094,0.682528555393219,1.3530808165669441,0.6765429940917035,0.0,0.0,3
0.58,PINN Vanilla,0.25094802662730237,0.0011383693944496227,0.0009198215627879932,0.0029805686730157484,0.006009943783283234,0.6809574961662292,1.3496094197034836,0.6748072890259522,0.0,0.0,3
0.585,PINN Vanilla,0.25095000763982556,0.0011462724956370284,0.0009300192713949904,0.0030470926645611166,0.006175883114337921,0.6793965697288513,1.3461553528904915,0.6730802490185538,0.0,0.0,3
0.59,PINN Vanilla,0.25095193149894496,0.0011539475875978144,0.0009403230401760013,0.003113205107704321,0.00634361058473587,0.677846372127533,1.342721663415432,0.6713633977190638,0.0,0.0,3
0.595,PINN Vanilla,0.25095378760248443,0.001161352373743828,0.0009506987132894242,0.0031782000414281664,0.0065125972032547,0.6763058304786682,1.3393064960837364,0.6696558075266525,0.0,0.0,3
0.6,PINN Vanilla,0.2509556020200255,0.0011685908567191949,0.0009611374341625249,0.0032422286303953607,0.006683669984340668,0.6747758984565735,1.3359084129333496,0.6679567594575445,0.0,0.0,3
0.605,PINN Vanilla,0.25095736365765353,0.0011756187781821108,0.0009716492398748873,0.003305322204106508,0.006856359541416168,0.6732556223869324,1.3325277864933014,0.6662664397769664,0.0,0.0,3
0.61,PINN Vanilla,0.250959068387747,0.0011824196712952326,0.000982206204666243,0.0033676257486685473,0.0070306360721588135,0.6717455983161926,1.329166017472744,0.6645855488421712,0.0,0.0,3
0.615,PINN Vanilla,0.25096073857694884,0.0011890827661064289,0.000992813514661243,0.0034286934635671595,0.0072060227394104,0.6702454090118408,1.3258231207728386,0.662914094103768,0.0,0.0,3
0.62,PINN Vanilla,0.2509623756557705,0.001195613769534207,0.0010034615554721656,0.003489021739566016,0.007383279502391815,0.6687542796134949,1.3224960565567017,0.6612505556375058,0.0,0.0,3
0.625,PINN Vanilla,0.25096397411078236,0.001201990686163616,0.0010141307061590564,0.0035480229444822594,0.007561966776847839,0.6672732830047607,1.3191864714026451,0.6595957567356872,0.0,0.0,3
0.63,PINN Vanilla,0.2509655447751286,0.0012082567340126673,0.0010248387824524083,0.003606246806910184,0.007742337882518768,0.6658015847206116,1.3158943206071854,0.6579496750464848,0.0,0.0,3
0.635,PINN Vanilla,0.25096707811206603,0.0012143738669580528,0.0010355622955396655,0.003663314060732851,0.007924266159534454,0.6643393039703369,1.3126186206936836,0.6563118188297,0.0,0.0,3
0.64,PINN Vanilla,0.25096859125793003,0.0012204104491272637,0.001046312640852868,0.003719119924664595,0.008107893168926239,0.6628859639167786,1.3093584477901459,0.6546817261475701,0.0,0.0,3
0.645,PINN Vanilla,0.25097009219229244,0.0012263983144248907,0.001057075520967571,0.00377370958427228,0.008292533457279205,0.66144198179245,1.3061157017946243,0.6530603469527522,0.0,0.0,3
0.65,PINN Vanilla,0.2509715668112042,0.001232281196201788,0.0010678577696164751,0.0038276648113855496,0.008478924632072449,0.6600070595741272,1.30288827419281,0.6514466269840621,0.0,0.0,3
0.655,PINN Vanilla,0.2509730317890646,0.0012381256157259486,0.0010786567369114543,0.003880285519319039,0.008666694164276123,0.6585808396339417,1.2996770441532135,0.6498410058274351,0.0,0.0,3
0.66,PINN Vanilla,0.2509744921922686,0.0012439517850006776,0.0010894719983103492,0.003931632998482703,0.008856154978275299,0.6571637392044067,1.2964802607893944,0.6482426080363053,0.0,0.0,3
0.665,PINN Vanilla,0.25097594942897583,0.0012497653217737007,0.0011003080271043868,0.0039816700654247816,0.009046941995620728,0.6557551622390747,1.2932996302843094,0.6466522867054115,0.0,0.0,3
0.67,PINN Vanilla,0.25097739186137935,0.0012555197978850689,0.0011111467499543529,0.004031017823869258,0.009239278733730316,0.6543552875518799,1.2901340648531914,0.6450694979402913,0.0,0.0,3
0.675,PINN Vanilla,0.2509788450524213,0.0012613171947791744,0.0011220222097663654,0.004079169519729371,0.009432613849639893,0.6529643535614014,1.2869846746325493,0.6434947968113208,0.0,0.0,3
0.68,PINN Vanilla,0.25098030477762245,0.0012671406592123977,0.001132911039958812,0.004125964927098745,0.009627752006053925,0.6515817046165466,1.2838492766022682,0.6419270918042707,0.0,0.0,3
0.685,PINN Vanilla,0.2509817657619717,0.0012729691469225764,0.001143822488619732,0.004171910399895007,0.009823992848396301,0.6502073407173157,1.2807283028960228,0.6403665989868039,0.0,0.0,3
0.6900000000000001,PINN Vanilla,0.25098325129598403,0.001278895573676354,0.001154756597306131,0.004216906260757514,0.010022036731243134,0.6488413214683533,1.2776211947202682,0.6388130389610803,0.0,0.0,3
0.6950000000000001,PINN Vanilla,0.25098474569618723,0.0012848573714348635,0.0011657385874076953,0.0042605348325572955,0.010221481323242188,0.6474837064743042,1.2745281159877777,0.6372664936837997,0.0,0.0,3
0.7000000000000001,PINN Vanilla,0.25098625584691786,0.0012908820047436986,0.0011767418907885484,0.004303502008102421,0.010422267019748688,0.646134078502655,1.2714488878846169,0.6357268737476534,0.0,0.0,3
0.705,PINN Vanilla,0.2509877939373257,0.00129701810130344,0.001187800790823697,0.004345099389356467,0.010624207556247711,0.6447924971580505,1.2683835923671722,0.6341942201309909,0.0,0.0,3
0.71,PINN Vanilla,0.250989351578057,0.001303232192415598,0.001198891522805883,0.00438577297081704,0.010827355086803436,0.6434590220451355,1.2653328701853752,0.6326688532100028,0.0,0.0,3
0.715,PINN Vanilla,0.25099094792455456,0.0013096006972849938,0.0012100341659195576,0.004425387910638862,0.011031843721866608,0.6421335339546204,1.2622949033975601,0.6311498640103816,0.0,0.0,3
0.72,PINN Vanilla,0.25099255960434697,0.0013160303731865586,0.0012212270379047155,0.004464122819945214,0.011237852275371552,0.6408156752586365,1.2592693120241165,0.6296370625415965,0.0,0.0,3
0.725,PINN Vanilla,0.2509942059442403,0.0013225983229666653,0.00123247833586318,0.004502081145738069,0.011445321142673492,0.6395056843757629,1.2562577575445175,0.6281312795465588,0.0,0.0,3
0.73,PINN Vanilla,0.2509958958476784,0.0013293400662477935,0.0012438027356920995,0.004539084675273355,0.011653825640678406,0.6382032036781311,1.2532582506537437,0.6266315203689573,0.0,0.0,3
0.735,PINN Vanilla,0.25099761719256664,0.0013362072428410431,0.0012551945198058263,0.004575460251124531,0.011863552033901215,0.636908233165741,1.2502712458372116,0.6251380122523688,0.0,0.0,3
0.74,PINN Vanilla,0.25099938157200835,0.0013432461025643574,0.0012666630800723055,0.004610747309904345,0.012074686586856842,0.6356210112571716,1.247297242283821,0.6236510047921972,0.0,0.0,3
0.745,PINN Vanilla,0.25100119442492747,0.0013504783435976347,0.0012782036780550421,0.004645183172425356,0.01228698343038559,0.6343412399291992,1.2443359568715096,0.62217035642687,0.0,0.0,3
0.75,PINN Vanilla,0.2510030370876195,0.0013578295084888203,0.0012898327630284805,0.004679082875450101,0.012500390410423279,0.6330686807632446,1.24138692766428,0.6206958361875061,0.0,0.0,3
0.755,PINN Vanilla,0.25100493828952336,0.001365414211184013,0.0012938335048270082,0.004712087584831107,0.012715309858322144,0.631803572177887,1.238448679447174,0.6192267064638071,0.0,0.0,3
0.76,PINN Vanilla,0.25100687831640267,0.0013731538032128376,0.0013055744353455579,0.004744505595781752,0.012931644916534424,0.630545437335968,1.235521636903286,0.6177631795981317,0.0,0.0,3
0.765,PINN Vanilla,0.25100886830687547,0.0013810927212582192,0.0013174141874719653,0.004776119532241793,0.013148702681064606,0.6292945742607117,1.2326074466109276,0.6163060788827823,0.0,0.0,3
0.77,PINN Vanilla,0.25101091182231927,0.0013892451731692382,0.001329369957281034,0.0048074544354577,0.01336701214313507,0.6280509233474731,1.229705087840557,0.6148548939510377,0.0,0.0,3
0.775,PINN Vanilla,0.25101300756633305,0.0013976059870509697,0.0013414212422946852,0.004838106566819598,0.013586491346359253,0.6268143057823181,1.2268147319555283,0.6134097104849019,0.0,0.0,3
0.78,PINN Vanilla,0.2510151465684178,0.0014061393757690314,0.0013535946667470292,0.004873704204611898,0.013807378709316254,0.6255847811698914,1.2239349335432053,0.6119698057752949,0.0,0.0,3
0.785,PINN Vanilla,0.2510173586383464,0.0014149642631813323,0.0013658950754408107,0.0049263687760521604,0.014029256999492645,0.6243618726730347,1.221065066754818,0.6105348668966357,0.0,0.0,3
0.79,PINN Vanilla,0.2510196088403466,0.0014239412756390146,0.0013782985783430072,0.004978903504889958,0.01425231248140335,0.6231459379196167,1.218207061290741,0.6091058587027992,0.0,0.0,3
0.795,PINN Vanilla,0.2510219215378168,0.0014331676090967166,0.0013908314468544813,0.005031296255212935,0.0144767165184021,0.6219368577003479,1.215360388159752,0.6076825166971634,0.0,0.0,3
0.8,PINN Vanilla,0.2510242876484992,0.001442607030566812,0.0014034903213187486,0.005083204907440219,0.01470194011926651,0.6207343339920044,1.212524227797985,0.6062644310962292,0.0,0.0,3
0.805,PINN Vanilla,0.25102671763300916,0.0014523012718909414,0.0014246362032016107,0.005135102320242849,0.014927975833415985,0.6195385456085205,1.2096995636820793,0.6048520936401954,0.0,0.0,3
0.81,PINN Vanilla,0.2510291984677317,0.0014621983763322115,0.0014376099790129636,0.005186407748677416,0.015155307948589325,0.6183492541313171,1.2068843767046928,0.6034444947715325,0.0,0.0,3
0.8150000000000001,PINN Vanilla,0.2510317424163225,0.0014723472688269203,0.001450712861531091,0.00523758727455515,0.015383690595626831,0.6171666979789734,1.2040803954005241,0.6020424987608932,0.0,0.0,3
0.8200000000000001,PINN Vanilla,0.2510343397781255,0.0014827092493340229,0.0014639463769316645,0.005288208967225353,0.015613377094268799,0.6159904599189758,1.2012851163744926,0.600644853905953,0.0,0.0,3
0.8250000000000001,PINN Vanilla,0.2510370033606889,0.001493335412608183,0.001477318973234929,0.00533888856195564,0.015844233334064484,0.6148208975791931,1.1985013037919998,0.5992529422946952,0.0,0.0,3
0.8300000000000001,PINN Vanilla,0.2510397111922505,0.0015041381039486862,0.0014908106052097677,0.005389201389988909,0.01607595384120941,0.6136573553085327,1.1957275047898293,0.5978660374927348,0.0,0.0,3
0.835,PINN Vanilla,0.25104249233007453,0.0015152332451364389,0.0015044456748804,0.005439055992606762,0.016308337450027466,0.612500786781311,1.1929649412631989,0.5964847504500161,0.0,0.0,3
0.84,PINN Vanilla,0.25104530929774066,0.0015264713267974482,0.0015182002861742665,0.005488482005645601,0.016541659832000732,0.611349880695343,1.1902119889855385,0.5951082690501501,0.0,0.0,3
0.845,PINN Vanilla,0.2510481986999514,0.0015379983806525323,0.001532086976923998,0.005537843037459862,0.01677657663822174,0.6102052927017212,1.1874676123261452,0.5937360754758061,0.0,0.0,3
0.85,PINN Vanilla,0.2510511392205956,0.0015497293676719221,0.0015461105838287727,0.005586714064801402,0.01698988676071167,0.6090667247772217,1.184732310473919,0.592368419322388,0.0,0.0,3
0.855,PINN Vanilla,0.25105413532257104,0.0015616820922522482,0.0015602673531599704,0.005635302787092924,0.01720370352268219,0.607934296131134,1.1820077151060104,0.5910061164315895,0.0,0.0,3
0.86,PINN Vanilla,0.2510571892112496,0.0015738653525593583,0.0015745397385906533,0.005683608697013119,0.01741858571767807,0.6068083047866821,1.1792936995625496,0.5896491034732334,0.0,0.0,3
0.865,PINN Vanilla,0.25106028363108657,0.0015862103088893663,0.0015889331742265662,0.005731579249607668,0.017635472118854523,0.6056877970695496,1.1765871495008469,0.5882958232700233,0.0,0.0,3
0.87,PINN Vanilla,0.25106343350559496,0.0015987764974803222,0.0016034514065512832,0.005778848697837477,0.017853811383247375,0.6045733094215393,1.173890933394432,0.5869477100642059,0.0,0.0,3
0.875,PINN Vanilla,0.25106664764881154,0.0016115990812722442,0.001618095239313004,0.0058261026038951835,0.018073759973049164,0.6034649610519409,1.1712049171328545,0.5856046968002995,0.0,0.0,3
0.88,PINN Vanilla,0.25106989915668987,0.0016245707285855795,0.0016328451848775147,0.0058728707566890175,0.018295444548130035,0.6023623943328857,1.1685264930129051,0.5842654796217162,0.0,0.0,3
0.885,PINN Vanilla,0.2510732088312509,0.001637774427525886,0.001647702953739174,0.0059191462888123336,0.018518202006816864,0.6012654900550842,1.165858417749405,0.5829314368911346,0.0,0.0,3
0.89,PINN Vanilla,0.2510765582472088,0.0016511366717945628,0.00166267585221877,0.005965375259496928,0.018742553889751434,0.600174605846405,1.1632002741098404,0.5816023599915008,0.0,0.0,3
0.895,PINN Vanilla,0.25107996185869,0.00166471512504701,0.001677739965267335,0.006011066963691239,0.018968842923641205,0.5990892648696899,1.1605495661497116,0.5802770009457948,0.0,0.0,3
0.9,PINN Vanilla,0.25108340433985016,0.0016784486459742098,0.001692903030236089,0.006056600258678156,0.01919669657945633,0.5980092287063599,1.1579070910811424,0.5789557583616021,0.0,0.0,3
0.905,PINN Vanilla,0.2510868930295112,0.001692366512257217,0.0017081562202674297,0.006101320953359971,0.019426211714744568,0.5969355702400208,1.1552745550870895,0.5776394853336616,0.0,0.0,3
0.91,PINN Vanilla,0.25109041723608994,0.0017064260706249742,0.001723505266399414,0.006145838730231447,0.01965702325105667,0.595866858959198,1.1526512503623962,0.5763278279580424,0.0,0.0,3
0.915,PINN Vanilla,0.25109398759901547,0.001720669766283603,0.0017389326937774113,0.006190103299486063,0.01988930255174637,0.5948039889335632,1.1500375121831894,0.5750209538734486,0.0,0.0,3
0.92,PINN Vanilla,0.25109758827835343,0.001735034407000537,0.001754430670429102,0.0062338822887680265,0.020123176276683807,0.5937461256980896,1.1474308967590332,0.573717641179992,0.0,0.0,3
0.925,PINN Vanilla,0.2511012324690821,0.0017495726331540002,0.0017700013652656521,0.006277185395585732,0.02035915106534958,0.5926938056945801,1.1448320895433426,0.5724182326056901,0.0,0.0,3
0.93,PINN Vanilla,0.25110490737855456,0.001764233409436516,0.0017856295294169811,0.006319839716168714,0.02059638500213623,0.591647207736969,1.1422426998615265,0.571123532816323,0.0,0.0,3
0.935,PINN Vanilla,0.2511086248978975,0.0017790641746080102,0.001801324561336311,0.006362391751746804,0.02083490788936615,0.5906058549880981,1.1396622210741043,0.569833288491182,0.0,0.0,3
0.9400000000000001,PINN Vanilla,0.25111235632747436,0.0017939504336167604,0.0018170568738538075,0.006404318288056784,0.021075062453746796,0.5895696878433228,1.1370899677276611,0.5685471569022497,0.0,0.0,3
0.9450000000000001,PINN Vanilla,0.25111612722277665,0.0018089941381831222,0.0018328487929790125,0.006446039508437185,0.021316908299922943,0.5885387659072876,1.1345259770751,0.5672651566760487,0.0,0.0,3
0.9500000000000001,PINN Vanilla,0.25111991830170177,0.0018241183638020647,0.0018486649695408461,0.0064874493004881545,0.02156033366918564,0.5875131487846375,1.1319703832268715,0.565987354868061,0.0,0.0,3
0.9550000000000001,PINN Vanilla,0.25112373857945225,0.001839359075949312,0.0018645133973067755,0.006528431728568252,0.021805137395858765,0.5864924788475037,1.1294239833950996,0.5647141500858718,0.0,0.0,3
0.96,PINN Vanilla,0.2511275883913042,0.0018547176121839304,0.00188039052138552,0.006568582528685248,0.022051669657230377,0.5854774117469788,1.1268848851323128,0.5634445961021287,0.0,0.0,3
0.965,PINN Vanilla,0.2511314370483162,0.0018700715412708002,0.0018962745678902508,0.006608620534647905,0.022299371659755707,0.5844669342041016,1.124353364109993,0.5621788307530997,0.0,0.0,3
0.97,PINN Vanilla,0.2511353296265008,0.00188560069058854,0.0019121731371237532,0.006648260565418406,0.022548645734786987,0.583461582660675,1.121830441057682,0.5609173644055062,0.0,0.0,3
0.975,PINN Vanilla,0.2511392203718426,0.001901122527917025,0.0019280664929818086,0.00668709670388935,0.022799141705036163,0.5824614763259888,1.1193166747689247,0.5596604764571886,0.0,0.0,3
0.98,PINN Vanilla,0.251143142923713,0.0019167712550106312,0.0019439737899877103,0.006725745164747995,0.023051857948303223,0.581466019153595,1.116808295249939,0.5584062819040513,0.0,0.0,3
0.985,PINN Vanilla,0.25114706330001374,0.0019324113028321007,0.001959839625348035,0.006764008916932868,0.023305319249629974,0.580475926399231,1.114309698343277,0.557156978675771,0.0,0.0,3
0.99,PINN Vanilla,0.2511510056704285,0.001948139094525067,0.001975701787146306,0.006801788796470896,0.023560062050819397,0.5794903039932251,1.1118193492293358,0.5559117993596129,0.0,0.0,3
0.995,PINN Vanilla,0.25115494418144246,0.001963851489427634,0.0019915395958743755,0.0068389178281276775,0.023816458880901337,0.5785099864006042,1.1093366369605064,0.5546704384806052,0.0,0.0,3
1.0,PINN Vanilla,0.251158896788955,0.0019796201212559745,0.0020073286711901773,0.006875773563585274,0.02407444268465042,0.5775340795516968,1.106861598789692,0.5534329146652704,0.0,0.0,3
1.0050000000000001,PINN Vanilla,0.25116285554319645,0.0019954132749994305,0.002023086801096146,0.0069120551550348915,0.02433345466852188,0.5765630602836609,1.1043944284319878,0.5521993247715268,0.0,0.0,3
1.01,PINN Vanilla,0.25116681795567297,0.0020112210229978012,0.0020387823298241106,0.006948065528103738,0.024594150483608246,0.5755968689918518,1.1019336730241776,0.5509689423649893,0.0,0.0,3
1.0150000000000001,PINN Vanilla,0.2511707741692664,0.0020270040410161213,0.0020544368330659094,0.006983593464831666,0.02485603839159012,0.5746353268623352,1.0994819924235344,0.5497430973793779,0.0,0.0,3
1.02,PINN Vanilla,0.25117473739385626,0.0020428150288798017,0.0020700252944432884,0.007018390428738013,0.025118887424468994,0.5736785531044006,1.0970379188656807,0.5485210559296986,0.0,0.0,3
1.025,PINN Vanilla,0.2511786999478938,0.002058623341625349,0.002085534877417854,0.007052826555646978,0.02538292109966278,0.5727263689041138,1.0946011915802956,0.5473026876302927,0.0,0.0,3
1.03,PINN Vanilla,0.2511826560497286,0.002074405913790868,0.0021009626390551366,0.007087040621096944,0.025648392736911774,0.5717785954475403,1.0921721383929253,0.5460881563945598,0.0,0.0,3
1.035,PINN Vanilla,0.25118661078065657,0.0020901830168261882,0.002116318657764913,0.007120672798717538,0.025915034115314484,0.5708357691764832,1.0897511169314384,0.5448776410371177,0.0,0.0,3
1.04,PINN Vanilla,0.25119054488092685,0.0021058778153968385,0.0021315734069687997,0.007153623328148874,0.026183344423770905,0.5698970556259155,1.0873357057571411,0.543669930833992,0.0,0.0,3
1.045,PINN Vanilla,0.2511944720596077,0.00212154500080459,0.0021467430018141066,0.007186307424881484,0.02645258605480194,0.5689627528190613,1.084928847849369,0.5424664972804745,0.0,0.0,3
1.05,PINN Vanilla,0.25119839427620194,0.0021371923903391295,0.0021617876957881737,0.0072182079794699955,0.026722759008407593,0.5680332779884338,1.0825296491384506,0.541266893340021,0.0,0.0,3
1.055,PINN Vanilla,0.2512022993192079,0.0021527712671286516,0.002176741493049379,0.007249747826788097,0.0269937664270401,0.5671080350875854,1.0801378339529037,0.5400709811763637,0.0,0.0,3
1.06,PINN Vanilla,0.25120619031041885,0.0021682940853337412,0.0021915577256668884,0.007280879128049745,0.027265988290309906,0.56618732213974,1.0777535885572433,0.5388788539221158,0.0,0.0,3
1.065,PINN Vanilla,0.25121006452292227,0.0021837499661409667,0.0022062662329010684,0.007311659796335031,0.027539297938346863,0.5652707815170288,1.0753770619630814,0.5376905860833681,0.0,0.0,3
1.07,PINN Vanilla,0.2512139220982792,0.0021991394742975046,0.002220846802496016,0.0073420046246080554,0.027813680469989777,0.5643587708473206,1.073006995022297,0.5365055480836539,0.0,0.0,3
1.075,PINN Vanilla,0.2512177588790657,0.0022144460240718575,0.0022352739033508298,0.0073715320867131714,0.028089016675949097,0.5634511113166809,1.0706447809934616,0.5353244365549217,0.0,0.0,3
1.08,PINN Vanilla,0.251221579000354,0.002229686112024962,0.0022495746373690003,0.007400641148505891,0.028365634381771088,0.562547504901886,1.0682879611849785,0.5341460221466742,0.0,0.0,3
1.085,PINN Vanilla,0.25122537404298806,0.0022448261505639538,0.002263716241766943,0.0074293751008000335,0.028642825782299042,0.5616482496261597,1.0659398958086967,0.5329719849712575,0.0,0.0,3
1.09,PINN Vanilla,0.2512291477173569,0.00225988094200824,0.0022777090774631814,0.007457454792206757,0.028921060264110565,0.560753345489502,1.0635991469025612,0.5318016060448961,0.0,0.0,3
1.095,PINN Vanilla,0.25123289732635046,0.002274839726439208,0.0022915552323655446,0.00748507264835805,0.029199950397014618,0.559862494468689,1.0612664371728897,0.53063524672213,0.0,0.0,3
1.1,PINN Vanilla,0.2512366209700706,0.0022896949243552574,0.002305237017254902,0.007512359185771245,0.029479555785655975,0.5589757561683655,1.0589402243494987,0.5294721358649201,0.0,0.0,3
1.105,PINN Vanilla,0.25124032196402574,0.002304459762729086,0.0023187393690026156,0.007539194018688057,0.029760293662548065,0.5580930709838867,1.0566208362579346,0.5283124373866661,0.0,0.0,3
1.11,PINN Vanilla,0.2512439896836879,0.0023190918558015387,0.002332074207818435,0.007565111503489128,0.03004143387079239,0.5572144389152527,1.0543083027005196,0.527156166188586,0.0,0.0,3
1.115,PINN Vanilla,0.2512476280778649,0.0023336069570459197,0.0023452260761259724,0.007591034438924421,0.030323609709739685,0.5563400387763977,1.0520036146044731,0.5260038177361832,0.0,0.0,3
1.12,PINN Vanilla,0.2512512450590732,0.002348036632854475,0.0023582160445315943,0.00761598297792369,0.030606545507907867,0.5554696321487427,1.049704797565937,0.5248544048237556,0.0,0.0,3
1.125,PINN Vanilla,0.2512548179775479,0.002362290523685206,0.0023709986602854075,0.007640835309632974,0.030890032649040222,0.5546029806137085,1.0474138259887695,0.5237089146570052,0.0,0.0,3
1.1300000000000001,PINN Vanilla,0.25125836428999926,0.0023764382717772607,0.0023836010961426454,0.007665043607534363,0.0311739519238472,0.5537405014038086,1.0451300218701363,0.5225670082332194,0.0,0.0,3
1.135,PINN Vanilla,0.251261873431504,0.002390437729160013,0.0023960124718813165,0.007688800692303731,0.031458690762519836,0.5528818964958191,1.0428525283932686,0.5214282571423764,0.0,0.0,3
1.1400000000000001,PINN Vanilla,0.25126535908132813,0.0024043434682410815,0.002408224695391961,0.007711931153572271,0.03174407780170441,0.5520270466804504,1.040580928325653,0.5202924527674221,0.0,0.0,3
1.145,PINN Vanilla,0.2512688062414529,0.0024180956555475844,0.0024202341803586072,0.007734754548290784,0.03202986717224121,0.5511764883995056,1.0383188426494598,0.5191614056063614,0.0,0.0,3
1.1500000000000001,PINN Vanilla,0.2512722193747761,0.002431712095475931,0.0024320389398929296,0.007756797330207031,0.032316356897354126,0.5503293871879578,1.0360620245337486,0.5180329922356083,0.0,0.0,3
1.155,PINN Vanilla,0.25127559716254494,0.0024451875269606363,0.002443638434523353,0.007778550487870933,0.03260347992181778,0.5494861006736755,1.033812664449215,0.5169083078946967,0.0,0.0,3
1.16,PINN Vanilla,0.2512789405286314,0.002458525635720032,0.002455035005807247,0.007799592516640773,0.0328904464840889,0.5486467480659485,1.0315703749656677,0.5157871588677905,0.0,0.0,3
1.165,PINN Vanilla,0.25128224848955893,0.0024717224982477,0.002466219443572016,0.007820183497520495,0.033178046345710754,0.5478113889694214,1.029335618019104,0.5146697761237712,0.0,0.0,3
1.17,PINN Vanilla,0.25128552471846366,0.002484792768245522,0.0024771798384269493,0.00784044570599331,0.03346630930900574,0.5469794273376465,1.0271068215370178,0.5135553736233814,0.0,0.0,3
1.175,PINN Vanilla,0.251288758531213,0.002497693822166255,0.0024879304893082993,0.007860095383692617,0.033754862844944,0.5461515784263611,1.0248849093914032,0.5124444133043837,0.0,0.0,3
1.18,PINN Vanilla,0.2512919453606012,0.0025104074394840625,0.0024984610951498233,0.007879381353901378,0.0340433195233345,0.5453272461891174,1.0226703137159348,0.5113371112344414,0.0,0.0,3
1.185,PINN Vanilla,0.2512951173037293,0.002523061669181568,0.002508770934673253,0.00789824342158416,0.034332625567913055,0.5445064306259155,1.020461991429329,0.510232945870919,0.0,0.0,3
1.19,PINN Vanilla,0.2512982305958869,0.0025354819152222656,0.0025188520493581302,0.007916095833112063,0.0346217006444931,0.5436893105506897,1.0182606726884842,0.5091322822936614,0.0,0.0,3
1.195,PINN Vanilla,0.2513013082146647,0.0025477598449840707,0.00252872159241361,0.007933973667938424,0.03491152077913284,0.5428758859634399,1.0160658806562424,0.508034882083178,0.0,0.0,3
1.2,PINN Vanilla,0.2513043660670521,0.0025599589182110087,0.0025383582981215193,0.007950970685768811,0.035201139748096466,0.5420660376548767,1.0138780176639557,0.506940946405914,0.0,0.0,3
1.205,PINN Vanilla,0.2513073494136336,0.0025718607561018274,0.00254776716404982,0.007967593007518672,0.03549128770828247,0.5412598848342896,1.011696733534336,0.5058503001725562,0.0,0.0,3
1.21,PINN Vanilla,0.2513103275597098,0.0025837418469659805,0.0025569495469786557,0.007983724042925487,0.03578191250562668,0.5404572486877441,1.0095216035842896,0.5047627310407458,0.0,0.0,3
1.215,PINN Vanilla,0.2513132528215649,0.0025954119601884753,0.002565899691019484,0.007999303695310059,0.03605916351079941,0.539657711982727,1.00735405087471,0.5036789505436494,0.0,0.0,3
1.22,PINN Vanilla,0.2513161440268161,0.00260694620713866,0.002574631201290527,0.008014535638058526,0.03633575141429901,0.5388621687889099,1.005194403231144,0.5025991225946667,0.0,0.0,3
1.225,PINN Vanilla,0.25131899455934786,0.0026183181933187704,0.0025831254925393963,0.00802930019051656,0.03661271929740906,0.5380697846412659,1.003039538860321,0.5015216862911968,0.0,0.0,3
1.23,PINN Vanilla,0.25132181457430147,0.0026295684319050908,0.00259138607710496,0.008043242121410589,0.03688943386077881,0.5372807383537292,1.0008922591805458,0.5004480423477453,0.0,0.0,3
1.235,PINN Vanilla,0.25132458671182417,0.002640627667064308,0.00259942418160863,0.008057098581944297,0.03716664761304855,0.536495566368103,0.9987513795495033,0.499377598440891,0.0,0.0,3
1.24,PINN Vanilla,0.25132732383906864,0.00265154723133895,0.0026072281002348916,0.00807008954684751,0.037444017827510834,0.5357138514518738,0.9966176673769951,0.49831073827700134,0.0,0.0,3
1.245,PINN Vanilla,0.25133001367747804,0.0026622781403455318,0.002603674490506982,0.008083011781748282,0.03772178292274475,0.534934937953949,0.9944895356893539,0.4972466683662098,0.0,0.0,3
1.25,PINN Vanilla,0.2513326751589777,0.002672895921583273,0.0026109951531315748,0.008095152205923366,0.037999629974365234,0.5341597199440002,0.9923688545823097,0.49618632375995514,0.0,0.0,3
1.2550000000000001,PINN Vanilla,0.25133530551940225,0.002683389547620993,0.0026180941937586555,0.008106763697347079,0.03827764093875885,0.5333876013755798,0.9902531132102013,0.49512844903060843,0.0,0.0,3
1.26,PINN Vanilla,0.2513378918692472,0.002693707596745602,0.0026249557426995637,0.008118146343816777,0.03855579346418381,0.5326189398765564,0.9881452918052673,0.4940745342999845,0.0,0.0,3
1.2650000000000001,PINN Vanilla,0.25130146062374115,0.0025483678695872097,0.0026315985298845197,0.008128651502984825,0.038834348320961,0.531853973865509,0.9860437214374542,0.493023745099867,0.0,0.0,3
1.27,PINN Vanilla,0.2513429590761664,0.00271392283948182,0.002637994439015439,0.00814993030910931,0.039112865924835205,0.5310917496681213,0.983948640525341,0.4919762006400012,0.0,0.0,3
1.2750000000000001,PINN Vanilla,0.2513454307839277,0.0027237835325943445,0.0026441847288649336,0.008173194872266101,0.03939148783683777,0.5303327441215515,0.9818590059876442,0.49093137937775183,0.0,0.0,3
1.28,PINN Vanilla,0.25134787529706976,0.0027335357348089273,0.0026501435334475663,0.008196187840335066,0.03967004269361496,0.5295773148536682,0.979778379201889,0.4898910620086876,0.0,0.0,3
1.285,PINN Vanilla,0.25135028795897985,0.0027431608689174906,0.002655883634588575,0.008218046560745366,0.039949193596839905,0.5288251042366028,0.9777024313807487,0.4888530841308726,0.0,0.0,3
1.29,PINN Vanilla,0.25135265301913046,0.002752596099369487,0.002672699030355651,0.008239262480583459,0.040227897465229034,0.5280757546424866,0.975634016096592,0.48781887253594436,0.0,0.0,3
1.295,PINN Vanilla,0.2513549886569383,0.0027619139515871346,0.0026780061985390074,0.008260015927624993,0.04050717502832413,0.5273293852806091,0.9735705107450485,0.4867871159167059,0.0,0.0,3
1.3,PINN Vanilla,0.2513572939112785,0.002771110591234796,0.002683100237671451,0.008279196450737061,0.04078619182109833,0.5265865921974182,0.9715139716863632,0.48575884245720957,0.0,0.0,3
1.305,PINN Vanilla,0.25135956336557885,0.002780164409303134,0.002687970129390191,0.008298079511987445,0.04106542468070984,0.5258469581604004,0.9694645330309868,0.48473411921293685,0.0,0.0,3
1.31,PINN Vanilla,0.2513618022724988,0.002789096360883749,0.0026926238357544417,0.008316359296189187,0.04134499281644821,0.5251098275184631,0.9674203246831894,0.48371201113244905,0.0,0.0,3
1.315,PINN Vanilla,0.25136401113867785,0.0027979084671768176,0.002697070916721254,0.008333351661580092,0.04162447899580002,0.5243764519691467,0.9653831794857979,0.4826934346406622,0.0,0.0,3
1.32,PINN Vanilla,0.25136619038134833,0.0028066023926998315,0.0027013021938414794,0.008349652283278955,0.041904300451278687,0.5236457586288452,0.9633509293198586,0.48167730567395617,0.0,0.0,3
1.325,PINN Vanilla,0.25136833349615356,0.002815152188808491,0.002705313124301372,0.008365336877574153,0.04218415170907974,0.522918164730072,0.9613264575600624,0.48066506592518665,0.0,0.0,3
1.33,PINN Vanilla,0.25137044256925606,0.0028235661780920285,0.0027091223531369862,0.0083798685983721,0.04246369004249573,0.5221936702728271,0.9593084678053856,0.4796560671913643,0.0,0.0,3
1.335,PINN Vanilla,0.2513725245371463,0.0028318720331600863,0.002712728024401461,0.008393755194467549,0.042743980884552,0.521472156047821,0.9572949409484863,0.47864929991495947,0.0,0.0,3
1.34,PINN Vanilla,0.2513745752871039,0.002840053346622289,0.002716122904618668,0.008407048379823368,0.043024130165576935,0.5207535028457642,0.9552888497710228,0.4776462504924825,0.0,0.0,3
1.345,PINN Vanilla,0.2513765966072681,0.002848117252126548,0.002719325586498484,0.008419019005727717,0.043304383754730225,0.5200378894805908,0.9532877430319786,0.47664569329874074,0.0,0.0,3
1.35,PINN Vanilla,0.2513786017224195,0.0028561165089452424,0.0027223125437858295,0.008430538311509382,0.04358451068401337,0.5193252563476562,0.9512940272688866,0.4756488316070996,0.0,0.0,3
1.355,PINN Vanilla,0.25138057268410946,0.0028639795130857917,0.0027251117050665226,0.008441391137468349,0.043864816427230835,0.5186153054237366,0.9493058025836945,0.4746547154649021,0.0,0.0,3
1.36,PINN Vanilla,0.2513825139626863,0.0028717240986682,0.002727731165053962,0.008451025621004193,0.044144973158836365,0.5179084539413452,0.947324775159359,0.47366419796688736,0.0,0.0,3
1.365,PINN Vanilla,0.25138443759828827,0.002879398298922941,0.0027301432591377794,0.008460172725218366,0.044425301253795624,0.517204225063324,0.9453483447432518,0.4726759789817718,0.0,0.0,3
1.37,PINN Vanilla,0.25138632756471657,0.002886938178529375,0.002732361893471523,0.00846808682899209,0.04470548778772354,0.5165035128593445,0.9433790370821953,0.47169132138779357,0.0,0.0,3
1.375,PINN Vanilla,0.2513881846442821,0.002894346858458213,0.0027344006002488447,0.00847581171902835,0.0449858233332634,0.5158050656318665,0.9414160549640656,0.4707098265773672,0.0,0.0,3
1.3800000000000001,PINN Vanilla,0.251390041574836,0.0029017549439165026,0.0027362605273803043,0.008482296254735323,0.045266322791576385,0.515109658241272,0.939457967877388,0.46973077929202156,0.0,0.0,3
1.385,PINN Vanilla,0.2513918553292754,0.00290899078149733,0.0027379330737020307,0.008488047680414876,0.045546986162662506,0.5144169330596924,0.9375056624412537,0.46875462284299657,0.0,0.0,3
1.3900000000000001,PINN Vanilla,0.25139365826547166,0.0029161834605071118,0.0027394337385951203,0.008493169647690195,0.045827388763427734,0.5137272477149963,0.9355602934956551,0.4677819346524954,0.0,0.0,3
1.395,PINN Vanilla,0.2513954234942796,0.0029232257087134835,0.0027407573956452903,0.008497096416877938,0.046107880771160126,0.5130401253700256,0.933619774878025,0.4668116716352478,0.0,0.0,3
1.4000000000000001,PINN Vanilla,0.2513971844241025,0.0029302508064407394,0.0027419087742202772,0.008500751153711593,0.04638878256082535,0.5123556852340698,0.931684173643589,0.4658438673189946,0.0,0.0,3
1.405,PINN Vanilla,0.2513989164829256,0.0029371607254751637,0.002742888022318497,0.008503106082383471,0.04666953533887863,0.5116739869117737,0.9297550171613693,0.46487928539116574,0.0,0.0,3
1.41,PINN Vanilla,0.25140063479542757,0.0029440158045902897,0.0027437137380648905,0.008505061965277533,0.046950288116931915,0.5109953284263611,0.9278326034545898,0.4639180748639428,0.0,0.0,3
1.415,PINN Vanilla,0.25140232304483673,0.0029507509492468663,0.002744356533255691,0.008506224226093123,0.04723094403743744,0.5103191137313843,0.9259156361222267,0.4629595875343364,0.0,0.0,3
1.42,PINN Vanilla,0.25140399962663673,0.0029574395468500037,0.0027448506388004124,0.008506681460590242,0.04751200973987579,0.5096457004547119,0.9240032359957695,0.4620033838164111,0.0,0.0,3
1.425,PINN Vanilla,0.25140564551949524,0.0029640057132180216,0.0027451800865933482,0.008506031542357857,0.04779263585805893,0.5089747905731201,0.9220975041389465,0.4610505142460463,0.0,0.0,3
1.43,PINN Vanilla,0.25140729218721414,0.0029705749708336007,0.0027453677035216115,0.008504996311552417,0.04807352274656296,0.5083065629005432,0.9201964661478996,0.46009999161753984,0.0,0.0,3
1.435,PINN Vanilla,0.2514089144095781,0.0029770467055352315,0.0027453910018198978,0.008503002179223347,0.048354268074035645,0.5076410174369812,0.9183018729090691,0.45915269137745773,0.0,0.0,3
1.44,PINN Vanilla,0.2514105147570374,0.0029834311719422026,0.0027452771708051833,0.0085004431035225,0.04863493889570236,0.5069779753684998,0.9164125919342041,0.4582080472795105,0.0,0.0,3
1.445,PINN Vanilla,0.2514121107459071,0.0029897982500819717,0.0027450129936877044,0.008497199882101937,0.04891540855169296,0.5063176155090332,0.9145292341709137,0.45726636479867006,0.0,0.0,3
1.45,PINN Vanilla,0.25141367603838466,0.0029960428672630266,0.002744607985333735,0.00849317467693849,0.04919598251581192,0.5056601166725159,0.9126515761017799,0.45632753217580035,0.0,0.0,3
1.455,PINN Vanilla,0.25141523505747343,0.0030022624572289777,0.0027440536896081976,0.008487972515788228,0.049476779997348785,0.5050048232078552,0.9107783287763596,0.45539090493321654,0.0,0.0,3
1.46,PINN Vanilla,0.25141679020226027,0.003008466590957342,0.002743378511015138,0.008482702495534074,0.04975755512714386,0.5043521523475647,0.9089106544852257,0.4544570642184263,0.0,0.0,3
1.465,PINN Vanilla,0.2514183192402127,0.003014566573423833,0.002742562218559054,0.008476418202980014,0.05003819614648819,0.5037024021148682,0.9070495218038559,0.4535264943210195,0.0,0.0,3
1.47,PINN Vanilla,0.25141984602808976,0.0030206575793831347,0.002741627359950836,0.008469967904340715,0.05031881481409073,0.5030550360679626,0.9051944464445114,0.4525989530962012,0.0,0.0,3
1.475,PINN Vanilla,0.25142135007679484,0.0030266578691177538,0.0027405542754173,0.008462099615079599,0.0505995973944664,0.5024099946022034,0.9033423960208893,0.4516729243450249,0.0,0.0,3
1.48,PINN Vanilla,0.25142284078896066,0.0030326049537271944,0.0027393614976881685,0.008454540708470869,0.05088024586439133,0.5017673373222351,0.9014967978000641,0.4507501217075775,0.0,0.0,3
1.485,PINN Vanilla,0.25142433656007074,0.0030385722206161246,0.0027380465117570556,0.008445778332597582,0.05116087943315506,0.501127302646637,0.8996557593345642,0.44982959895650676,0.0,0.0,3
1.49,PINN Vanilla,0.2514258011430504,0.0030444150647931318,0.002736617405379625,0.008436504167567062,0.05144142359495163,0.5004896521568298,0.8978208899497986,0.44891216075759255,0.0,0.0,3
1.495,PINN Vanilla,0.2514272699654105,0.003050274821660947,0.0027350630153556415,0.00842641225895871,0.05172213166952133,0.4998546540737152,0.8959905058145523,0.44799696519200954,0.0,0.0,3
1.5,PINN Vanilla,0.2514287162870171,0.0030560448134568687,0.0027333996381755867,0.008415642880525452,0.05200272053480148,0.4992220103740692,0.8941650986671448,0.44708425812985725,0.0,0.0,3
1.5050000000000001,PINN Vanilla,0.2514301688820126,0.0030618398324683367,0.002731636560010893,0.00840448602825565,0.05228333920240402,0.49859169125556946,0.8923454880714417,0.44617444935463463,0.0,0.0,3
1.51,PINN Vanilla,0.2514316110312941,0.0030675931790855736,0.002729770329805557,0.008392843493088692,0.05256401747465134,0.49796393513679504,0.8905300348997116,0.4452667192993436,0.0,0.0,3
1.5150000000000001,PINN Vanilla,0.2514330409169199,0.003073297600766513,0.002727792684991092,0.008380602844165322,0.05284423381090164,0.497338205575943,0.8887210339307785,0.44436221535778153,0.0,0.0,3
1.52,PINN Vanilla,0.2514344563186171,0.003078944239898119,0.0027257132896169934,0.008367814819036729,0.05312458425760269,0.49671515822410583,0.8869162648916245,0.4434598273891965,0.0,0.0,3
1.5250000000000001,PINN Vanilla,0.2514358704686167,0.0030845858854759204,0.0027235369449364216,0.008354262583784085,0.05340477079153061,0.496094673871994,0.8851176649332047,0.44256052397276796,0.0,0.0,3
1.53,PINN Vanilla,0.2514372738152745,0.003090184431930085,0.0027212702547794723,0.008340220327686498,0.05368480831384659,0.4954761564731598,0.8833228200674057,0.441663098109826,0.0,0.0,3
1.5350000000000001,PINN Vanilla,0.2514386771917345,0.003095783097278183,0.00271890989528875,0.00832615657589187,0.0539650097489357,0.4948600232601166,0.8815338909626007,0.44076863013868645,0.0,0.0,3
1.54,PINN Vanilla,0.2514400724023583,0.003101349185633614,0.002716458578413096,0.008310974544542014,0.054245077073574066,0.4942464530467987,0.8797496259212494,0.4398764942081869,0.0,0.0,3
1.545,PINN Vanilla,0.2514414608776572,0.003106888403914665,0.002713920848560703,0.008295172467360466,0.054525308310985565,0.49363502860069275,0.8779696524143219,0.4389865040531007,0.0,0.0,3
1.55,PINN Vanilla,0.2514428423494103,0.0031123996820739495,0.0027113026391452,0.008279471435298953,0.054805465042591095,0.4930260479450226,0.8761946558952332,0.4380990024014451,0.0,0.0,3
1.555,PINN Vanilla,0.25144422760605833,0.003117926059788359,0.0027086036398586205,0.008263088089091007,0.05508548766374588,0.49241921305656433,0.8744247108697891,0.4372140265062655,0.0,0.0,3
1.56,PINN Vanilla,0.25144559714198134,0.0031233897208468187,0.002705828896946713,0.00824590898732274,0.055365197360515594,0.4918147027492523,0.8726600110530853,0.43633167322547994,0.0,0.0,3
1.565,PINN Vanilla,0.25144696882367157,0.003128861942283039,0.0027029710671056667,0.008228670596678173,0.055645473301410675,0.4912123382091522,0.8708983361721039,0.4354508324183364,0.0,0.0,3
1.57,PINN Vanilla,0.2514483353346588,0.0031343135355867474,0.002700042861688359,0.008210827274310613,0.055924974381923676,0.49061235785484314,0.8691438138484955,0.43457356790354823,0.0,0.0,3
1.575,PINN Vanilla,0.2514496947377922,0.003139736772639482,0.0026970312402592356,0.008192504447455687,0.05620511621236801,0.4900144636631012,0.8673919886350632,0.43369765194900245,0.0,0.0,3
1.58,PINN Vanilla,0.251451056621969,0.0031451699076290446,0.002693959980542377,0.008173797155080008,0.05648475140333176,0.4894188344478607,0.8656455427408218,0.43282442566433227,0.0,0.0,3
1.585,PINN Vanilla,0.25145240661501905,0.003150555603858681,0.002690834048494239,0.008154711523957435,0.05676443129777908,0.4888254702091217,0.8639034777879715,0.43195338985872983,0.0,0.0,3
1.59,PINN Vanilla,0.25145376391708874,0.0031559704588749967,0.00268763486248616,0.00813529782115053,0.057043977081775665,0.4882342517375946,0.8621672093868256,0.4310852523400571,0.0,0.0,3
1.595,PINN Vanilla,0.25145511320978425,0.0031613533610925673,0.0026843715182230015,0.008115651489908518,0.05732352286577225,0.48764529824256897,0.860434964299202,0.4302191264858343,0.0,0.0,3
1.6,PINN Vanilla,0.2514564686566593,0.003166760814948847,0.0026810506405622178,0.008095137275211474,0.05760287493467331,0.48705825209617615,0.8587064296007156,0.42935485583327093,0.0,0.0,3
1.605,PINN Vanilla,0.25145780663192296,0.0031720985671190114,0.0026776658058464834,0.008074580687409717,0.05788206309080124,0.48647359013557434,0.8569837510585785,0.4284935132700735,0.0,0.0,3
1.61,PINN Vanilla,0.2514591545239093,0.003177475881312229,0.0026742382154819615,0.008053629524682686,0.05816110223531723,0.485891193151474,0.8552666902542114,0.427634979586497,0.0,0.0,3
1.615,PINN Vanilla,0.25146049387753033,0.003182819132335965,0.002670747708099258,0.008032244940940632,0.05844014137983322,0.48531052470207214,0.8535519689321518,0.426777615648545,0.0,0.0,3
1.62,PINN Vanilla,0.25146183310449144,0.0031881618780594916,0.0026672096748688303,0.008010432293222701,0.05871916562318802,0.48473218083381653,0.8518423289060593,0.4259227923682872,0.0,0.0,3
1.625,PINN Vanilla,0.2514631808996203,0.003193538805846874,0.0026636256979586273,0.007988659286547226,0.058997802436351776,0.4841562807559967,0.850139394402504,0.4250713218621126,0.0,0.0,3
1.6300000000000001,PINN Vanilla,0.25146451801061653,0.003198873110087015,0.0026599949756572995,0.007966424569365527,0.05927691608667374,0.48358193039894104,0.8484371453523636,0.42422019408395545,0.0,0.0,3
1.635,PINN Vanilla,0.2514658545702698,0.003204205214785639,0.002656309264972597,0.007943674218410399,0.05955558270215988,0.4830099046230316,0.8467417359352112,0.42337248613536316,0.0,0.0,3
1.6400000000000001,PINN Vanilla,0.2514671936929228,0.0032095475443797367,0.0026525998225280707,0.007920696574515967,0.05983436852693558,0.48243948817253113,0.845048725605011,0.4225259777348317,0.0,0.0,3
1.645,PINN Vanilla,0.2514685314148667,0.003214884285949703,0.002648838261237124,0.007897750551896135,0.06011306494474411,0.4818720519542694,0.8433622270822525,0.4216827252504656,0.0,0.0,3
1.6500000000000001,PINN Vanilla,0.2514698716104033,0.0032202308957326813,0.0026450306367663424,0.007874573079249263,0.06039152294397354,0.481305867433548,0.841678649187088,0.4208409330854779,0.0,0.0,3
1.655,PINN Vanilla,0.25147119760513326,0.003225520852460458,0.0026411936407518643,0.007850826938186319,0.06067008525133133,0.4807420074939728,0.8399997055530548,0.4200014580599121,0.0,0.0,3
1.6600000000000001,PINN Vanilla,0.2514725434780123,0.003230890111576124,0.002637325009227801,0.007826636418455796,0.06094849854707718,0.4801805317401886,0.8383251875638962,0.41916419586524134,0.0,0.0,3
1.665,PINN Vanilla,0.2514738766402008,0.0032362086623434036,0.002633413586987599,0.007802752001037749,0.06122642010450363,0.47962048649787903,0.8366551846265793,0.4183291912051199,0.0,0.0,3
1.67,PINN Vanilla,0.2514752178490164,0.0032415593145269546,0.002629476983392481,0.007777986604423227,0.06150481849908829,0.4790627658367157,0.8349885046482086,0.41749584803082196,0.0,0.0,3
1.675,PINN Vanilla,0.2514765357822182,0.003246817110391493,0.002625501248189985,0.007753805880697344,0.061782680451869965,0.47850707173347473,0.8333275616168976,0.4166653733410174,0.0,0.0,3
1.68,PINN Vanilla,0.2514778780490162,0.003252171983316958,0.0026215048795450173,0.007728799161966567,0.06206095963716507,0.4779530465602875,0.8316680490970612,0.41583561390968393,0.0,0.0,3
1.685,PINN Vanilla,0.2514792201370003,0.0032575261428774995,0.0026174742461086723,0.007704044586265432,0.062338389456272125,0.4774012267589569,0.8300154805183411,0.41500932646217886,0.0,0.0,3
1.69,PINN Vanilla,0.2514805588126185,0.00326286668905973,0.0026134252678045302,0.007678593352871084,0.06261622160673141,0.47685137391090393,0.8283658474683762,0.41418450678466134,0.0,0.0,3
1.695,PINN Vanilla,0.25148189273476623,0.0032681882716273833,0.0026093480161948506,0.0076533894062875,0.06289356201887131,0.476303368806839,0.8267213553190231,0.4133622575672743,0.0,0.0,3
1.7,PINN Vanilla,0.2514832223504784,0.0032734926739925486,0.0026052380923404506,0.007627826603846435,0.06317100673913956,0.4757573902606964,0.825079545378685,0.41254134945952053,0.0,0.0,3
1.705,PINN Vanilla,0.251484549790621,0.00327878839708602,0.0026011200808378396,0.007601954738085968,0.06344819813966751,0.47521325945854187,0.8234422504901886,0.4117226988863162,0.0,0.0,3
1.71,PINN Vanilla,0.25148589538037797,0.0032841565267073334,0.0025969685071970962,0.007576419295430077,0.06372537463903427,0.47467103600502014,0.8218096345663071,0.41090638780436095,0.0,0.0,3
1.715,PINN Vanilla,0.25148723022639774,0.003289481794993319,0.002592803341456968,0.007550271609113986,0.06400253623723984,0.4741308391094208,0.8201805800199509,0.4100918574179744,0.0,0.0,3
1.72,PINN Vanilla,0.2514885706752541,0.0032948294153764958,0.0025790488095748672,0.007524157097347738,0.06427968293428421,0.4735924303531647,0.8185551911592484,0.40927915988142,0.0,0.0,2
1.725,PINN Vanilla,0.2514898914396765,0.0033000985061836735,0.0025748836557895048,0.007497678355624128,0.06455639749765396,0.4730558693408966,0.8169349282979965,0.40846902535438695,0.0,0.0,2
1.73,PINN Vanilla,0.2514912314563992,0.0033054444026019494,0.0025707136859145765,0.0074713764260733034,0.0648331567645073,0.4725211560726166,0.8153175860643387,0.40766035114673244,0.0,0.0,2
1.735,PINN Vanilla,0.2514925585091116,0.00331073858007164,0.0025665281656453687,0.007444809120798097,0.06510982662439346,0.47198858857154846,0.8137050420045853,0.40685407603519963,0.0,0.0,2
1.74,PINN Vanilla,0.251493892490864,0.0033160604004276017,0.0025623360405130045,0.007418010774785766,0.06538655608892441,0.4714575707912445,0.8120955675840378,0.4060493357491361,0.0,0.0,2
1.745,PINN Vanilla,0.25149522621929665,0.0033213812101833646,0.002558118119946695,0.007391284179096597,0.06566303223371506,0.47092851996421814,0.8104902803897858,0.40524668908422223,0.0,0.0,2
1.75,PINN Vanilla,0.25149657154083277,0.003326748269757735,0.002553899810100775,0.007364454985112651,0.06593949347734451,0.4704013168811798,0.8088885992765427,0.4044458454667043,0.0,0.0,2
1.7550000000000001,PINN Vanilla,0.2514978995323183,0.0033320461923925025,0.0025496541716533002,0.00733760238818168,0.06621556729078293,0.4698760211467743,0.807291641831398,0.40364736369226273,0.0,0.0,2
1.76,PINN Vanilla,0.2514992368519308,0.0033373813288915,0.0025454168795208338,0.0073106264784807,0.06649156659841537,0.4693523943424225,0.8056977093219757,0.4028503943914632,0.0,0.0,2
1.7650000000000001,PINN Vanilla,0.2515005636811259,0.0033426746146553677,0.002541152071442445,0.007283367955294086,0.06676747649908066,0.46883049607276917,0.8041079044342041,0.40205548890937703,0.0,0.0,2
1.77,PINN Vanilla,0.2515018903911116,0.0033479674248423977,0.0025368952006568574,0.007256367592078726,0.06704290956258774,0.46831074357032776,0.8025229722261429,0.40126301977645806,0.0,0.0,2
1.7750000000000001,PINN Vanilla,0.2515032244026663,0.0033532893640925133,0.002532616324713325,0.007229108383578674,0.06731850653886795,0.4677923023700714,0.8009402602910995,0.4004716607842911,0.0,0.0,2
1.78,PINN Vanilla,0.25150456090271495,0.003358621231002829,0.002528346902092151,0.007203653231567776,0.06759407371282578,0.46727582812309265,0.7993614971637726,0.3996822762035287,0.0,0.0,2
1.7850000000000001,PINN Vanilla,0.25150588141381763,0.0033638893112100296,0.0025240577306636694,0.007181584606674056,0.06786950677633286,0.4667613208293915,0.7977868467569351,0.39889494799087066,0.0,0.0,2
1.79,PINN Vanilla,0.25150721102207924,0.0033691936838518223,0.0025197637974184338,0.007159493637591101,0.06814440339803696,0.46624842286109924,0.7962165325880051,0.3981097879054531,0.0,0.0,2
1.795,PINN Vanilla,0.2515085345357659,0.0033744737426429925,0.0025154729168027725,0.00713702684902183,0.06841545552015305,0.46573731303215027,0.7946488261222839,0.39732593167662345,0.0,0.0,2
1.8,PINN Vanilla,0.2515098513364794,0.0033797270205303425,0.002511166810352695,0.007114501527138106,0.06868471950292587,0.465227872133255,0.7930851876735687,0.3965441094640709,0.0,0.0,2
1.805,PINN Vanilla,0.2515111764296892,0.0033850133807107902,0.002506862957753727,0.007091832352980693,0.06895449012517929,0.46472010016441345,0.7915245294570923,0.39576377737333324,0.0,0.0,2
1.81,PINN Vanilla,0.25151250423491023,0.003390310560257261,0.002502551192459909,0.007069336538245714,0.0692235603928566,0.4642142951488495,0.7899684607982635,0.3949857400701902,0.0,0.0,2
1.815,PINN Vanilla,0.2515138174891474,0.003395549689742718,0.0024982356086447424,0.0070464369615035535,0.06949303299188614,0.46370992064476013,0.7884155064821243,0.3942092599443437,0.0,0.0,2
1.82,PINN Vanilla,0.251515131108463,0.0034007902756811744,0.0024939309411300655,0.00702352526662868,0.06976216286420822,0.46320733428001404,0.7868659049272537,0.39343445620553874,0.0,0.0,2
1.825,PINN Vanilla,0.25151644691824937,0.0034060396003387336,0.002489608697146003,0.007000501105628068,0.07003170996904373,0.46270671486854553,0.7853205502033234,0.3926617758903198,0.0,0.0,2
1.83,PINN Vanilla,0.2515177528113129,0.0034112493629727975,0.0024852998978726636,0.006977309014759361,0.07030067592859268,0.4622076451778412,0.7837784737348557,0.3918907347090972,0.0,0.0,2
1.835,PINN Vanilla,0.2515190650448205,0.0034164844203340883,0.002480971919365306,0.006954146605977388,0.07057028263807297,0.4617100656032562,0.7822394818067551,0.3911212358039528,0.0,0.0,2
1.84,PINN Vanilla,0.2515203665345909,0.0034216766163598293,0.002476646326030121,0.006930556012251343,0.07083906978368759,0.461214154958725,0.780704066157341,0.3903535250449861,0.0,0.0,2
1.845,PINN Vanilla,0.25152167285978816,0.0034268881029590158,0.002472330348704456,0.006907137114072634,0.0711081251502037,0.460720032453537,0.7791728079319,0.38958789300595104,0.0,0.0,2
1.85,PINN Vanilla,0.2515229775682094,0.003432093139551398,0.002467998360170436,0.006883610787250916,0.07137741893529892,0.4602273404598236,0.7776445895433426,0.38882378089116704,0.0,0.0,2
1.855,PINN Vanilla,0.25152427086234114,0.0034372526396900973,0.002463680346523562,0.006859995704650415,0.07164657860994339,0.4597368538379669,0.7761209905147552,0.3880619784651959,0.0,0.0,2
1.86,PINN Vanilla,0.2515255632549527,0.003442408543281468,0.002467520221128826,0.006836415003178858,0.0719156488776207,0.45924726128578186,0.7745995819568634,0.38730127127875863,0.0,0.0,2
1.865,PINN Vanilla,0.25152685142308495,0.003447547593628997,0.002463141905140798,0.006812753183396372,0.07218465954065323,0.45875975489616394,0.7730825692415237,0.3865427620219981,0.0,0.0,2
1.87,PINN Vanilla,0.2515281438976528,0.003452703824179014,0.0024587697996953017,0.006788894894215011,0.07245364040136337,0.45827385783195496,0.7715686112642288,0.3857857801400978,0.0,0.0,2
1.875,PINN Vanilla,0.25152941104769727,0.003457759024438314,0.00245439925139101,0.006764664970196246,0.07272262126207352,0.4577896296977997,0.7700574398040771,0.3850301915220942,0.0,0.0,2
1.8800000000000001,PINN Vanilla,0.25153070031851554,0.003462902473869099,0.0024500280477012136,0.006740603642762397,0.07299167662858963,0.4573068916797638,0.7685506194829941,0.3842767784819402,0.0,0.0,2
1.885,PINN Vanilla,0.2515319697558882,0.0034679667992531145,0.0024456577179226297,0.006716714499566109,0.0732605829834938,0.4568254053592682,0.7670461088418961,0.38352452028619266,0.0,0.0,2
1.8900000000000001,PINN Vanilla,0.25153323691338325,0.0034730220292360082,0.0024412878174608138,0.006692405216027389,0.07352947443723679,0.4563460648059845,0.7655460387468338,0.3827744823719491,0.0,0.0,2
1.895,PINN Vanilla,0.2515345024019482,0.003478070601147162,0.0024369144171399715,0.0066683945752141205,0.07379812747240067,0.45586809515953064,0.764049232006073,0.3820260761410927,0.0,0.0,2
1.9000000000000001,PINN Vanilla,0.25153575533628486,0.0034830690889042937,0.002432543955835114,0.006643598447303181,0.0740671381354332,0.4553915560245514,0.7625545412302017,0.3812787278967248,0.0,0.0,2
1.905,PINN Vanilla,0.25153701057285094,0.0034880767612333287,0.0024281865872538347,0.006619480613630435,0.0743357315659523,0.45491692423820496,0.7610648274421692,0.38053386815578755,0.0,0.0,2
1.9100000000000001,PINN Vanilla,0.2515382669270041,0.003493088892092364,0.0024238204736252247,0.006594956878272509,0.0746045932173729,0.4544438421726227,0.759577751159668,0.3797903271726563,0.0,0.0,2
1.915,PINN Vanilla,0.2515394944995644,0.00349798620094103,0.002419452909818598,0.006570507486674176,0.0748734250664711,0.45397207140922546,0.7580937892198563,0.3790483433668216,0.0,0.0,2
1.92,PINN Vanilla,0.25154072243720316,0.0035028849662426956,0.0024150883010726604,0.006545763433368837,0.0751420184969902,0.4535016715526581,0.7566123902797699,0.37830764106574755,0.0,0.0,1
1.925,PINN Vanilla,0.2515419547706845,0.003507801268429311,0.0024107226655464948,0.0065210558934841595,0.07541079074144363,0.4530330002307892,0.7551354020833969,0.3775691441449593,0.0,0.0,1
1.93,PINN Vanilla,0.2515431897044184,0.003512727944129149,0.002406375204814547,0.006496611843536462,0.07567901164293289,0.452565997838974,0.7536621391773224,0.37683250987643957,0.0,0.0,1
1.935,PINN Vanilla,0.25154440625757,0.0035175812918715067,0.0024020186289672556,0.006471823627347328,0.07594797760248184,0.4521004259586334,0.7521914392709732,0.3760971571126805,0.0,0.0,1
1.94,PINN Vanilla,0.25154561039805434,0.003522385120206796,0.002397659325571125,0.006447260884487091,0.07621633261442184,0.45163634419441223,0.7507242113351822,0.37536354034083563,0.0,0.0,1
1.945,PINN Vanilla,0.25154680345952535,0.0035271447496476906,0.002393295830902445,0.006422360604670843,0.07648476213216782,0.4511737525463104,0.7492603361606598,0.3746315999560324,0.0,0.0,1
1.95,PINN Vanilla,0.25154801446944497,0.003531975983080943,0.002388954307177453,0.006397439044881825,0.07675354927778244,0.4507127106189728,0.7477993369102478,0.3739010975387804,0.0,0.0,1
1.955,PINN Vanilla,0.25154919517040275,0.0035366863011794835,0.002384593079617526,0.006372730163783688,0.07702172547578812,0.45025333762168884,0.7463425248861313,0.3731726887426781,0.0,0.0,1
1.96,PINN Vanilla,0.2515503710433843,0.003541377358428173,0.002380240014502716,0.0063476750153162315,0.07729019969701767,0.44979503750801086,0.7448874711990356,0.3724451591184466,0.0,0.0,1
1.965,PINN Vanilla,0.251551553219557,0.003546093561786341,0.0023758886696795,0.006323204273744776,0.07755831629037857,0.4493386447429657,0.7434369623661041,0.37171990192998255,0.0,0.0,1
1.97,PINN Vanilla,0.2515527123063805,0.003550717651913794,0.0023715406569272506,0.006298367363183607,0.07782653719186783,0.44888314604759216,0.7419881969690323,0.3709955164627802,0.0,0.0,1
1.975,PINN Vanilla,0.2515538611337545,0.0035553008127355333,0.0023671828451430434,0.006273763502591692,0.07809465378522873,0.4484296143054962,0.7405437380075455,0.3702732842216001,0.0,0.0,1
1.98,PINN Vanilla,0.2515550172030928,0.0035599128648318287,0.0023628410040997675,0.006248784786919703,0.07836275547742844,0.4479772746562958,0.7391016930341721,0.36955225897909005,0.0,0.0,1
1.985,PINN Vanilla,0.25155615955591226,0.0035644701959027586,0.002358494202699778,0.0062242278025632924,0.07863060384988785,0.4475266635417938,0.737663671374321,0.36883324540102985,0.0,0.0,1
1.99,PINN Vanilla,0.2515572820082309,0.003568948135415239,0.0023541293015009934,0.006199230433848638,0.07889869064092636,0.4470771849155426,0.7362275719642639,0.3681151929515402,0.0,0.0,1
1.995,PINN Vanilla,0.25155840465426466,0.0035734268477396096,0.002349783155887237,0.006174761468953294,0.07916682213544846,0.4466293156147003,0.734795019030571,0.36739891374701017,0.0,0.0,1
2.0,PINN Vanilla,0.251559525407851,0.003577898010286639,0.002345436286069922,0.006150123563449322,0.07943471521139145,0.4461826980113983,0.7333653420209885,0.3666840725100313,0.0,0.0,1
2.005,PINN Vanilla,0.25156061933189655,0.003582262138388948,0.0023410837738503947,0.006125618920232168,0.07970251888036728,0.4457376301288605,0.7319391220808029,0.3659709598143576,0.0,0.0,1
2.0100000000000002,PINN Vanilla,0.2515617120563986,0.0035866214810021664,0.0023367314684701497,0.006101213143364925,0.07997018843889236,0.4452938139438629,0.7305155396461487,0.36525916587649,0.0,0.0,1
2.015,PINN Vanilla,0.25156279622763417,0.003590946700998938,0.00233237633977037,0.0060764535978679035,0.08023764938116074,0.44485142827033997,0.7290953993797302,0.3645490930293184,0.0,0.0,1
2.02,PINN Vanilla,0.2515638685971501,0.0035952248389184665,0.00232801165245133,0.0060518497722094056,0.0805053785443306,0.4444107711315155,0.7276784777641296,0.36384062951370677,0.0,0.0,1
2.025,PINN Vanilla,0.2515649298131468,0.0035994584807081042,0.002323675406259363,0.006027449223553527,0.08077292889356613,0.4439711272716522,0.7262640595436096,0.36313341770041957,0.0,0.0,1
2.0300000000000002,PINN Vanilla,0.25156598227471133,0.0036036571973455897,0.002319302373753876,0.006003061031804369,0.08104031533002853,0.4435330331325531,0.7248529344797134,0.36242785247173764,0.0,0.0,1
2.035,PINN Vanilla,0.2515670238286259,0.0036078123987300097,0.0023149431014327553,0.0059786659708211815,0.0813078060746193,0.44309642910957336,0.7234448045492172,0.36172378481547957,0.0,0.0,1
2.04,PINN Vanilla,0.2515680554136636,0.0036119278300264417,0.002310582539022278,0.005954607971582801,0.08157459646463394,0.44266077876091003,0.7220399677753448,0.3610213637438268,0.0,0.0,1
2.045,PINN Vanilla,0.2515690743401649,0.0036159927610392014,0.002306223255066091,0.0059299151290904545,0.08184211701154709,0.4422268569469452,0.7206373363733292,0.360320045362317,0.0,0.0,1
2.05,PINN Vanilla,0.25157008060812974,0.0036200071917682885,0.0023018554269277126,0.005905812045798917,0.08210926502943039,0.4417943060398102,0.7192385494709015,0.3596206492379482,0.0,0.0,1
2.055,PINN Vanilla,0.2515710803642871,0.003623995644128818,0.002297487489028603,0.005881520897486864,0.08237608522176743,0.44136300683021545,0.7178424149751663,0.35892257932199456,0.0,0.0,1
2.06,PINN Vanilla,0.2515720661506059,0.003627928364864005,0.002293115340708135,0.005857580531642301,0.08264296501874924,0.440932959318161,0.7164491713047028,0.3582259548242012,0.0,0.0,1
2.065,PINN Vanilla,0.2515730412378909,0.003631818402604763,0.002288740295508205,0.005833686748074066,0.08290987461805344,0.4405043423175812,0.7150587737560272,0.357530753392741,0.0,0.0,1
2.07,PINN Vanilla,0.2515740017965438,0.0036356504794550675,0.00228434565003441,0.00580954411740775,0.08317651599645615,0.44007691740989685,0.7136712819337845,0.35683700483005015,0.0,0.0,1
2.075,PINN Vanilla,0.2515749578475954,0.0036394645735673995,0.002279983542810557,0.005785272808040295,0.08344314247369766,0.4396512806415558,0.7122877091169357,0.3561452157775457,0.0,0.0,1
2.08,PINN Vanilla,0.2515758916959169,0.003643190091549599,0.002275579281048828,0.005761497582633085,0.08370942622423172,0.4392266571521759,0.7109063863754272,0.35545455176701146,0.0,0.0,1
2.085,PINN Vanilla,0.25157682012766625,0.0036468940005229037,0.002271190229792362,0.005737645316845036,0.08397573977708817,0.438803106546402,0.7095275521278381,0.35476513200819254,0.0,0.0,1
2.09,PINN Vanilla,0.25157773444056536,0.0036505415833998746,0.002266798091009047,0.005713748303449631,0.08424223214387894,0.43838122487068176,0.7081519514322281,0.3540773290315426,0.0,0.0,1
2.095,PINN Vanilla,0.2515786291882398,0.003654111112277462,0.0022623992804221677,0.005690218737023051,0.08450862020254135,0.43796053528785706,0.7067789882421494,0.3533908448126987,0.0,0.0,1
2.1,PINN Vanilla,0.2515795178860428,0.0036576565056457688,0.0022579793015516264,0.005666476194369788,0.08477457612752914,0.4375409781932831,0.7054093182086945,0.35270600717846023,0.0,0.0,1
2.105,PINN Vanilla,0.2515803879126909,0.0036611274118388704,0.002253573598059441,0.005642920042958216,0.0850401446223259,0.4371229112148285,0.7040425688028336,0.3520226298636001,0.0,0.0,1
2.11,PINN Vanilla,0.2515812572017314,0.0036645953754019366,0.0022491562274987394,0.00561943346207304,0.08530602604150772,0.43670597672462463,0.7026784867048264,0.35134058620776426,0.0,0.0,1
2.115,PINN Vanilla,0.2515821028649809,0.0036679690856399575,0.0022447309042894024,0.005595705891322189,0.08557165414094925,0.4362901747226715,0.7013171464204788,0.350659913463998,0.0,0.0,1
2.12,PINN Vanilla,0.25158293239027285,0.0036712784147043148,0.0022402889033209432,0.005572273581310586,0.08583710342645645,0.43587592244148254,0.6999591290950775,0.3499809022060552,0.0,0.0,1
2.125,PINN Vanilla,0.25158375618606826,0.003674564886371049,0.0022358626918265435,0.005549341502375557,0.0861026868224144,0.4354630410671234,0.6986040472984314,0.3493033587180999,0.0,0.0,1
2.13,PINN Vanilla,0.25158456311374927,0.0036777840639578997,0.002231425239744523,0.005525713774890126,0.08636780828237534,0.43505117297172546,0.6972512900829315,0.3486269775251602,0.0,0.0,1
2.1350000000000002,PINN Vanilla,0.2515853488221767,0.0036809185889208154,0.0022269591743142147,0.005502525152101603,0.08663284033536911,0.4346406161785126,0.6959016770124435,0.347952168410735,0.0,0.0,1
2.14,PINN Vanilla,0.2515861307680609,0.003684038103499166,0.0022225202935720217,0.005479583389667003,0.0868980810046196,0.43423154950141907,0.6945548504590988,0.3472787525602066,0.0,0.0,1
2.145,PINN Vanilla,0.2515868917927148,0.0036870741543951224,0.002218040191856449,0.005456484610381812,0.08716268092393875,0.43382325768470764,0.693210780620575,0.3466067150723569,0.0,0.0,1
2.15,PINN Vanilla,0.2515876419618728,0.0036900668981025065,0.002213571578674869,0.005433280606372479,0.08742756396532059,0.43341657519340515,0.6918695271015167,0.34593608574962215,0.0,0.0,1
2.1550000000000002,PINN Vanilla,0.2515883816853168,0.0036930179694158807,0.0022090879306339954,0.0054104205806007055,0.08769204467535019,0.4330107271671295,0.6905308365821838,0.3452667379316481,0.0,0.0,1
2.16,PINN Vanilla,0.2515890957489612,0.0036958666728794712,0.0022045919480981305,0.005387519248156239,0.08795633167028427,0.43260636925697327,0.6891955882310867,0.3445991112043701,0.0,0.0,1
2.165,PINN Vanilla,0.25158981101214906,0.003698720161831709,0.0022000917466919304,0.0053648904135995545,0.08822081238031387,0.43220314383506775,0.687862291932106,0.34393246050688075,0.0,0.0,1
2.17,PINN Vanilla,0.25159049225598595,0.003701437933129606,0.0021955933778613486,0.005342122524058648,0.08848505467176437,0.4318014681339264,0.6865325421094894,0.34326758305435096,0.0,0.0,1
2.1750000000000003,PINN Vanilla,0.2515911723002794,0.0037041509189386338,0.002191073596141865,0.005319618032693985,0.08874877542257309,0.43140074610710144,0.6852055341005325,0.3426040765138908,0.0,0.0,1
2.18,PINN Vanilla,0.2515918249562385,0.00370675464103783,0.002186546917175363,0.0052971364879627475,0.08901283890008926,0.4310011565685272,0.6838806867599487,0.3419416503117463,0.0,0.0,1
2.185,PINN Vanilla,0.2515924787744882,0.003709363000008369,0.002182010965580055,0.005274665285265684,0.08927593380212784,0.4306028187274933,0.6825596392154694,0.34128112401491567,0.0,0.0,1
2.19,PINN Vanilla,0.2515931101962926,0.003711882010036664,0.0021725021316818345,0.005252285163631923,0.08953935652971268,0.4302055537700653,0.6812403649091721,0.3406214843405648,0.0,0.0,1
2.195,PINN Vanilla,0.2515937187150123,0.0037143096499227613,0.002167971707373604,0.0052300989203774295,0.08980291336774826,0.4298098385334015,0.6799245476722717,0.339963573207519,0.0,0.0,1
2.2,PINN Vanilla,0.2515943187698724,0.0037167035238746516,0.002163452477332237,0.0052076219725343265,0.09006599336862564,0.4294150173664093,0.6786111295223236,0.33930686162253415,0.0,0.0,1
2.205,PINN Vanilla,0.251594907589257,0.0037190525747377834,0.002158918268722266,0.005185704354752602,0.09032871574163437,0.4290214478969574,0.6773005872964859,0.33865158800510053,0.0,0.0,1
2.21,PINN Vanilla,0.25159546958655143,0.003721294620879788,0.0021543730034907496,0.005163573118923737,0.09059170633554459,0.4286287724971771,0.6759920567274094,0.33799732021989193,0.0,0.0,1
2.215,PINN Vanilla,0.25159601940959714,0.003723488098767736,0.0021498134699966445,0.005141549252157873,0.0908542349934578,0.4282377064228058,0.6746874749660492,0.3373450268460878,0.0,0.0,1
2.22,PINN Vanilla,0.25159655276685977,0.0037256158876465472,0.002145244429158521,0.005119537852842637,0.0911165103316307,0.4278477728366852,0.6733851730823517,0.336693873415472,0.0,0.0,1
2.225,PINN Vanilla,0.2515970665216448,0.0037276654739082276,0.00214066458742882,0.005097780833910978,0.0913786068558693,0.4274587333202362,0.6720855236053467,0.3360440461932714,0.0,0.0,1
2.23,PINN Vanilla,0.25159757844358704,0.0037297077481806534,0.00213607587380814,0.005075990531201252,0.0916406437754631,0.4270710051059723,0.6707885563373566,0.33539556008070404,0.0,0.0,1
2.235,PINN Vanilla,0.25159806341677926,0.0037316425124319643,0.0021314696954487667,0.0050543219566013126,0.09190251678228378,0.42668417096138,0.6694938093423843,0.3347481841088887,0.0,0.0,1
2.24,PINN Vanilla,0.2515985262617471,0.003733488997788417,0.0021268555196908736,0.005032968606216631,0.09216379374265671,0.4262986481189728,0.6682024002075195,0.3341024770735058,0.0,0.0,1
2.245,PINN Vanilla,0.2515989835932853,0.003735313487729919,0.0021222290664027997,0.005011350606123413,0.0924256220459938,0.42591431736946106,0.6669133305549622,0.3334579397837476,0.0,0.0,1
2.25,PINN Vanilla,0.2515994227901103,0.003737065630590545,0.0021175902098535065,0.004990041067364878,0.0926867201924324,0.42553094029426575,0.6656269729137421,0.3328147585048408,0.0,0.0,1
2.255,PINN Vanilla,0.25159984376281525,0.0037387450696880547,0.002112944179334781,0.004968803289332496,0.09294760972261429,0.4251490533351898,0.6643441170454025,0.33217332811906636,0.0,0.0,1
2.2600000000000002,PINN Vanilla,0.25160024470835946,0.003740344611926904,0.002108273726758221,0.004947548819032574,0.09320832043886185,0.4247680902481079,0.6630632430315018,0.3315328886642987,0.0,0.0,1
2.265,PINN Vanilla,0.25160063237696906,0.0037418911868288838,0.0021036007323388104,0.004926419671114082,0.0934690460562706,0.4243883192539215,0.6617853343486786,0.3308939318807368,0.0,0.0,1
2.27,PINN Vanilla,0.2516009903326633,0.003743319224279011,0.0020988949969691383,0.004905174077979829,0.09372930973768234,0.4240095317363739,0.6605098843574524,0.330256204447672,0.0,0.0,1
2.275,PINN Vanilla,0.2516013584807517,0.0037447879235227273,0.0020941995409503307,0.004884387020656425,0.09398972243070602,0.4236316680908203,0.6592361629009247,0.3296193412852598,0.0,0.0,1
2.2800000000000002,PINN Vanilla,0.2516016891226175,0.0037461069944985186,0.0020894813816562433,0.0048633869972964094,0.09424950927495956,0.4232550263404846,0.6579661667346954,0.32898434077511607,0.0,0.0,1
2.285,PINN Vanilla,0.2516020080819728,0.00374737945897324,0.0020847569322441245,0.004842669300557212,0.0945092961192131,0.4228794574737549,0.6566983908414841,0.32835045040572436,0.0,0.0,1
2.29,PINN Vanilla,0.25160231246799253,0.0037485937842163877,0.002080009100580145,0.004821869143049398,0.09476862102746964,0.4225054979324341,0.6554345637559891,0.3277185344477372,0.0,0.0,1
2.295,PINN Vanilla,0.2516025923267009,0.0037497102595867187,0.0020752486736332894,0.004801334036982727,0.09502788633108139,0.4221322536468506,0.6541721671819687,0.3270873337482211,0.0,0.0,1
2.3000000000000003,PINN Vanilla,0.25160286053270126,0.0037507802473505767,0.002070473697384843,0.004780648278934763,0.09528710693120956,0.421759694814682,0.6529117375612259,0.3264571165291027,0.0,0.0,1
2.305,PINN Vanilla,0.25160311853885675,0.0037518095435968087,0.002065696864986512,0.004760394525030492,0.09554598480463028,0.4213888645172119,0.6516552567481995,0.3258288737213889,0.0,0.0,1
2.31,PINN Vanilla,0.2516033439114692,0.0037527086507656436,0.0020608826098058664,0.004739846892903368,0.09580454975366592,0.4210188090801239,0.6504009366035461,0.3252017112519909,0.0,0.0,1
2.315,PINN Vanilla,0.2516035725697877,0.0037536208660128006,0.002056081358352461,0.004719817447633001,0.0960630401968956,0.42064976692199707,0.649149164557457,0.3245758228367444,0.0,0.0,1
2.32,PINN Vanilla,0.25160375302284976,0.003754340769997381,0.002051234108825105,0.004699286364755403,0.0963209792971611,0.4202819764614105,0.6479002088308334,0.3239513425866129,0.0,0.0,1
2.325,PINN Vanilla,0.25160394173115513,0.0037550936076573113,0.0020463997844229987,0.004679316055561128,0.09657905250787735,0.4199150800704956,0.6466534733772278,0.3233279724772334,0.0,0.0,1
2.33,PINN Vanilla,0.2516041005030277,0.003755727016159123,0.002041539652640204,0.004659190004401764,0.09683642536401749,0.4195491373538971,0.6454095244407654,0.3227059956317507,0.0,0.0,1
2.335,PINN Vanilla,0.25160424964875006,0.003756322021855386,0.002036665024116401,0.004639237428375728,0.09709391742944717,0.41918429732322693,0.6441676914691925,0.3220850767727565,0.0,0.0,1
2.34,PINN Vanilla,0.2516043772324922,0.003756831007645274,0.002031777623154479,0.004619444800655639,0.09735081344842911,0.41882041096687317,0.6429290920495987,0.3214657746959313,0.0,0.0,1
2.345,PINN Vanilla,0.2516044847741725,0.003757260037129758,0.0020268690928199485,0.004599560158747337,0.09760769456624985,0.4184577763080597,0.6416929066181183,0.32084767961777605,0.0,0.0,1
2.35,PINN Vanilla,0.2516045787110927,0.003757634791441899,0.0020219488406677134,0.004579996972913697,0.09786450117826462,0.41809624433517456,0.6404592990875244,0.3202308734949906,0.0,0.0,1
2.355,PINN Vanilla,0.25160464944690486,0.0037579169866700807,0.0020170196693029226,0.0045603917492459956,0.09812111407518387,0.41773557662963867,0.6392276585102081,0.31961505085260283,0.0,0.0,1
2.36,PINN Vanilla,0.25160471312701727,0.0037581710337122242,0.0020120662681554114,0.004540803299517213,0.09837523847818375,0.4173760712146759,0.6379997283220291,0.3190010834118745,0.0,0.0,1
2.365,PINN Vanilla,0.2516047478541734,0.003758309575102446,0.002007109066136448,0.004521432285292476,0.09862851351499557,0.41701748967170715,0.6367736160755157,0.31838802494545315,0.0,0.0,1
2.37,PINN Vanilla,0.25160477347672006,0.0037584117943344824,0.0020021285190537507,0.004501960802156493,0.0988813266158104,0.41665977239608765,0.6355496942996979,0.3177760617185657,0.0,0.0,1
2.375,PINN Vanilla,0.2516047754511239,0.003758419671070913,0.0019971327548240466,0.004482707075980655,0.09913372248411179,0.4163035750389099,0.634329691529274,0.3171660580018646,0.0,0.0,1
2.38,PINN Vanilla,0.25160475476086164,0.0037583371288181567,0.001992120304892999,0.0044636488543697145,0.09938593953847885,0.4159477949142456,0.6331104785203934,0.31655644916744446,0.0,0.0,1
2.3850000000000002,PINN Vanilla,0.2516047289296987,0.0037582340773270424,0.0019870964495551833,0.00444433156761212,0.09963787347078323,0.41559329628944397,0.6318950951099396,0.3159487551395563,0.0,0.0,1
2.39,PINN Vanilla,0.25160468080639864,0.003758042093023334,0.0019820598642205996,0.004425322649285426,0.09988950937986374,0.41523978114128113,0.6306818276643753,0.31534211909815657,0.0,0.0,1
2.395,PINN Vanilla,0.25160461293905995,0.003757771341355318,0.001976999720609676,0.004406394082332801,0.1001410111784935,0.4148874282836914,0.6294711530208588,0.3147367794627357,0.0,0.0,1
2.4,PINN Vanilla,0.2516045293807986,0.003757437991925728,0.0019719329137277545,0.004387504378383797,0.10039220005273819,0.41453590989112854,0.6282631307840347,0.31413276603573004,0.0,0.0,1
2.4050000000000002,PINN Vanilla,0.25160443405061983,0.0037570576793128276,0.0019668582884567517,0.004368837631863187,0.10064307600259781,0.4141849875450134,0.6270564198493958,0.3135294082623228,0.0,0.0,1
2.41,PINN Vanilla,0.2516043146625163,0.0037565813894097594,0.0019617461545415864,0.004349888323802911,0.10089374333620071,0.4138356149196625,0.6258535981178284,0.3129279950978838,0.0,0.0,1
2.415,PINN Vanilla,0.2516041804328563,0.0037560458902279525,0.0019566287592490714,0.004331300252853831,0.10114424675703049,0.413487046957016,0.6246527582406998,0.31232757286445173,0.0,0.0,1
2.42,PINN Vanilla,0.2516040195748212,0.0037554041591366877,0.0019514955169431748,0.004312741875853232,0.10139446705579758,0.4131397306919098,0.6234550476074219,0.3117287152589251,0.0,0.0,1
2.4250000000000003,PINN Vanilla,0.25160384657233975,0.003754713978685741,0.0019463474547916314,0.004294351758217588,0.10164427012205124,0.41279280185699463,0.6222589015960693,0.3111306399673512,0.0,0.0,1
2.43,PINN Vanilla,0.2516036607027056,0.0037539724656922655,0.0019411787066072426,0.004275688683317361,0.1018938198685646,0.41244715452194214,0.6210653781890869,0.31053387598297433,0.0,0.0,1
2.435,PINN Vanilla,0.2516034461632373,0.003753116576541221,0.001935995706410043,0.004257704836507795,0.10214335471391678,0.41210246086120605,0.6198745369911194,0.3099384531082307,0.0,0.0,1
2.44,PINN Vanilla,0.25160322508215927,0.0037522345901276864,0.0019308111223300833,0.004239371339742962,0.10239214450120926,0.41175878047943115,0.6186865717172623,0.3093444682010384,0.0,0.0,1
2.445,PINN Vanilla,0.2516029794588687,0.0037512546943943687,0.001925591539059298,0.00422097231804984,0.10264142602682114,0.411416232585907,0.6175006628036499,0.3087515114778982,0.0,0.0,1
2.45,PINN Vanilla,0.2516027157157662,0.0037502025110273626,0.0019203792962801647,0.004203069190825054,0.10288988798856735,0.4110742509365082,0.6163168400526047,0.3081595978400284,0.0,0.0,1
2.455,PINN Vanilla,0.2516024415716531,0.003749108833607246,0.0019151361133722328,0.0041849152028325814,0.10313805192708969,0.4107334613800049,0.6151362955570221,0.3075693233361548,0.0,0.0,1
2.46,PINN Vanilla,0.25160213616490384,0.0037478904362399316,0.0019098750411833346,0.004166848130442033,0.10338600724935532,0.41039347648620605,0.6139579564332962,0.30698015152242414,0.0,0.0,1
2.465,PINN Vanilla,0.25160182582587026,0.003746652361893559,0.0019046027385452103,0.004149175385034634,0.10363397747278214,0.4100543260574341,0.612781211733818,0.3063917769238644,0.0,0.0,1
2.47,PINN Vanilla,0.25160149386525177,0.0037453280298525046,0.001899313939370293,0.004131353203473159,0.10388132184743881,0.4097166061401367,0.611608549952507,0.3058054437921908,0.0,0.0,1
2.475,PINN Vanilla,0.25160115423053525,0.0037439730825717713,0.0018940160857480494,0.004113531809667767,0.10412857681512833,0.4093797206878662,0.6104376763105392,0.30522000473360617,0.0,0.0,1
2.48,PINN Vanilla,0.25160078491270566,0.0037424997167331184,0.0018887012543636033,0.004095935612516047,0.10437553375959396,0.40904340147972107,0.6092688292264938,0.30463557895785554,0.0,0.0,1
2.485,PINN Vanilla,0.2516004037037494,0.0037409789121347604,0.0018833759403402803,0.004078384003785851,0.10462235659360886,0.4087081253528595,0.6081021577119827,0.3040522409710297,0.0,0.0,1
2.49,PINN Vanilla,0.2516000013798477,0.003739373871041896,0.0018780257927454229,0.004060816920560928,0.10486868768930435,0.4083738625049591,0.6069384962320328,0.30347040800723674,0.0,0.0,1
2.495,PINN Vanilla,0.25159958068281435,0.0037376955317153667,0.0018726584522622736,0.004043571134949547,0.10511500388383865,0.4080406129360199,0.6057772934436798,0.302889804393941,0.0,0.0,1
2.5,PINN Vanilla,0.2515991398096087,0.003735936701059629,0.0018672735706769302,0.0040260334195396374,0.10536070913076401,0.4077078700065613,0.6046179682016373,0.3023101395573885,0.0,0.0,1
2.505,PINN Vanilla,0.2515986947193744,0.0037341610468838646,0.001861897887874781,0.004008830434229033,0.10560629516839981,0.4073762893676758,0.6034610271453857,0.30173166681828784,0.0,0.0,1
2.5100000000000002,PINN Vanilla,0.25159822327643655,0.0037322802605696224,0.001856481016875783,0.003991703793858853,0.1058516725897789,0.40704554319381714,0.6023064106702805,0.30115435637420274,0.0,0.0,1
2.515,PINN Vanilla,0.2515977310985329,0.0037303167536612827,0.0018510558673766313,0.003974624589008019,0.10609667748212814,0.40671613812446594,0.601155549287796,0.3005789234836042,0.0,0.0,1
2.52,PINN Vanilla,0.2515972292199733,0.003728314546712119,0.0018456238182977323,0.003957357087955929,0.10634130984544754,0.40638694167137146,0.6000052392482758,0.30000376626554137,0.0,0.0,1
2.525,PINN Vanilla,0.2515967082381251,0.0037262361286228493,0.001840176815173241,0.003940398552744195,0.10658606141805649,0.4060591757297516,0.598858654499054,0.29943047169974707,0.0,0.0,1
2.5300000000000002,PINN Vanilla,0.2515961677953603,0.0037240800726636245,0.0018347086453974135,0.003923466643391757,0.10683030635118484,0.40573200583457947,0.5977137833833694,0.2988580339539962,0.0,0.0,1
2.535,PINN Vanilla,0.2515956071764233,0.0037218435253754127,0.0018292305273463955,0.003906606784964239,0.1070740595459938,0.40540581941604614,0.596571147441864,0.2982867137996064,0.0,0.0,1
2.54,PINN Vanilla,0.25159503822773716,0.003719573747176356,0.001823739803712084,0.0038896110708599024,0.10731769353151321,0.40508055686950684,0.5954313576221466,0.29771681671154976,0.0,0.0,1
2.545,PINN Vanilla,0.25159444263577485,0.0037171976776213173,0.0018182291416546487,0.0038729706457058255,0.10756125301122665,0.4047560393810272,0.594293400645256,0.2971478360484091,0.0,0.0,1
2.5500000000000003,PINN Vanilla,0.25159383906424065,0.0037147897741614663,0.0018127039525383986,0.0038564109697019067,0.1078043058514595,0.4044325649738312,0.5931583940982819,0.29658033060586514,0.0,0.0,1
2.555,PINN Vanilla,0.25159321290999676,0.003712291778671518,0.0018071710852786394,0.003839658350898889,0.10804717987775803,0.4041098952293396,0.5920254439115524,0.29601385334737335,0.0,0.0,1
2.56,PINN Vanilla,0.25159257179498695,0.0037097340983257717,0.0018016130488320997,0.003823174351170272,0.1082896813750267,0.4037880301475525,0.5908944457769394,0.2954483521186702,0.0,0.0,1
2.565,PINN Vanilla,0.2515919086560609,0.003707088555214597,0.0017960582344899807,0.003806470964502942,0.10853192955255508,0.4034670293331146,0.589766263961792,0.29488425905508203,0.0,0.0,1
2.57,PINN Vanilla,0.25159124037623426,0.0037044225028652848,0.001790478746228438,0.00379013854360237,0.10877392441034317,0.4031468331813812,0.5886397212743759,0.294320985558492,0.0,0.0,1
2.575,PINN Vanilla,0.25159054598212266,0.0037016522695307278,0.0017848828089024518,0.0037739016551120025,0.10901578515768051,0.402827650308609,0.5875160694122314,0.29375915748006226,0.0,0.0,1
2.58,PINN Vanilla,0.25158984462171813,0.00369885424469193,0.0017792852031997142,0.003757475421494849,0.10925709456205368,0.4025093913078308,0.5863952487707138,0.29319874501735654,0.0,0.0,1
2.585,PINN Vanilla,0.2515891209542754,0.0036959672275937937,0.001773681641451778,0.003741326240487855,0.1094982698559761,0.40219148993492126,0.5852753967046738,0.29263881684424065,0.0,0.0,1
2.59,PINN Vanilla,0.25158837736398004,0.003693000729766426,0.0017680327765348316,0.00372523181341676,0.10973895341157913,0.4018751084804535,0.5841591954231262,0.29208071407034786,0.0,0.0,1
2.595,PINN Vanilla,0.2515876165777447,0.0036899656300234808,0.0017623924286335167,0.0037087264556169147,0.10997963696718216,0.4015592634677887,0.5830445885658264,0.2915234085116259,0.0,0.0,1
2.6,PINN Vanilla,0.25158683992922326,0.003686867248877409,0.0017567339978733832,0.0036930183736287175,0.11021982878446579,0.40124422311782837,0.581932544708252,0.2909673844576647,0.0,0.0,1
2.605,PINN Vanilla,0.2515860573723914,0.003683745296969233,0.0017510781224176013,0.0036770501188872623,0.1104598119854927,0.40093016624450684,0.5808228552341461,0.2904125375999371,0.0,0.0,1
2.61,PINN Vanilla,0.2515852451324465,0.0036805049265031366,0.0017453848406380338,0.0036610122033250286,0.1106996163725853,0.4006170332431793,0.5797154754400253,0.289858845586616,0.0,0.0,1
2.615,PINN Vanilla,0.25158443628251576,0.003677278080244791,0.00173970846489,0.0036453090556563122,0.11093898862600327,0.40030425786972046,0.5786096304655075,0.2893059209860295,0.0,0.0,1
2.62,PINN Vanilla,0.251583595313132,0.0036739230958328178,0.00173399898469464,0.0036292880762871793,0.11117822676897049,0.399992436170578,0.5775062590837479,0.28875423318654925,0.0,0.0,1
2.625,PINN Vanilla,0.25158273379504703,0.0036704861339152644,0.0017282807446368377,0.003613692630125967,0.11141703277826309,0.39968180656433105,0.5764058828353882,0.2882040429594928,0.0,0.0,1
2.63,PINN Vanilla,0.2515818615704777,0.003667006459279688,0.0017225618769964696,0.003597769996697253,0.11165554076433182,0.3993717133998871,0.5753072500228882,0.28765472445369805,0.0,0.0,1
2.6350000000000002,PINN Vanilla,0.251580981038511,0.0036634936429042688,0.0017168096799051852,0.0035823211117846504,0.1118938997387886,0.3990626335144043,0.5742112249135971,0.28710670980449116,0.0,0.0,1
2.64,PINN Vanilla,0.2515800766795876,0.00365988577066832,0.0017110614823206334,0.003566482156174264,0.11213178187608719,0.39875417947769165,0.5731172263622284,0.28655970843811834,0.0,0.0,1
2.645,PINN Vanilla,0.2515791580677035,0.0036562210373124546,0.0017052961326787302,0.0035510896140582004,0.11236947029829025,0.3984465003013611,0.5720249861478806,0.2860135862436162,0.0,0.0,1
2.65,PINN Vanilla,0.25157822986692213,0.0036525180497687885,0.0016995330365118019,0.003535794179552923,0.11260706931352615,0.3981398344039917,0.5709355175495148,0.28546884986240184,0.0,0.0,1
2.6550000000000002,PINN Vanilla,0.25157727982103845,0.0036487279128243955,0.001693748124087996,0.003520169936528858,0.11284420639276505,0.39783385396003723,0.5698481798171997,0.284925178918285,0.0,0.0,1
2.66,PINN Vanilla,0.25157632015645526,0.003644899402798269,0.001687960044093511,0.0035049421492449606,0.113081194460392,0.3975287675857544,0.5687629282474518,0.28438255105943855,0.0,0.0,1
2.665,PINN Vanilla,0.2515753316506746,0.003640955832973465,0.0016821380478460478,0.003489753670038939,0.11331763118505478,0.3972241282463074,0.5676796287298203,0.2838408992303807,0.0,0.0,1
2.67,PINN Vanilla,0.2515743421316149,0.0036370082207478668,0.001676339822382467,0.003474297522699385,0.11355394870042801,0.3969208598136902,0.5665995478630066,0.28330085673288286,0.0,0.0,1
2.6750000000000003,PINN Vanilla,0.2515733335316183,0.003632984486552722,0.0016704951627083515,0.0034589615049718525,0.11378977447748184,0.39661794900894165,0.5655210465192795,0.28276160399994676,0.0,0.0,1
2.68,PINN Vanilla,0.2515723047256472,0.0036288801421344363,0.0016646637560154868,0.003443857632748834,0.11402527242898941,0.39631590247154236,0.5644446909427643,0.28222342415471735,0.0,0.0,1
2.685,PINN Vanilla,0.25157126831263327,0.0036247454499883742,0.0016588172514756811,0.0034290143265017087,0.1142607256770134,0.3960148096084595,0.5633709877729416,0.2816865705179031,0.0,0.0,1
2.69,PINN Vanilla,0.25157021506130717,0.00362054358265614,0.0016529613336273526,0.0034139349039978423,0.11449597030878067,0.39571434259414673,0.5622991323471069,0.28115064075661395,0.0,0.0,1
2.695,PINN Vanilla,0.2515691432356837,0.003616267614554756,0.0016470956241435276,0.0033987764707681806,0.11473061889410019,0.39541468024253845,0.5612292736768723,0.28061570937694075,0.0,0.0,1
2.7,PINN Vanilla,0.25156805574893976,0.0036119291675855087,0.0016412259479390001,0.0033838876911931326,0.11496517807245255,0.3951157033443451,0.5601615011692047,0.2800818210825378,0.0,0.0,1
2.705,PINN Vanilla,0.2515669618919494,0.00360756530699488,0.0016353481982444439,0.003368883270048778,0.1151994988322258,0.39481768012046814,0.5590964108705521,0.27954927389776824,0.0,0.0,1
2.71,PINN Vanilla,0.25156584353745004,0.00360310371542581,0.0016294442360792834,0.0033540918634071826,0.11543308943510056,0.3945205509662628,0.5580339580774307,0.27901804547080467,0.0,0.0,1
2.715,PINN Vanilla,0.2515647053271534,0.003598562910639632,0.0016235336567284357,0.0033393035871582405,0.11566668003797531,0.3942241370677948,0.5569731593132019,0.2784876440614483,0.0,0.0,1
2.72,PINN Vanilla,0.2515635637044909,0.0035940084924751432,0.00161763078069775,0.0033246094365204787,0.1158999428153038,0.3939283788204193,0.5559145659208298,0.2779583453422349,0.0,0.0,1
2.725,PINN Vanilla,0.2515624107271435,0.0035894087756452794,0.0016117142381681872,0.003309950782443616,0.11613338440656662,0.3936333656311035,0.5548575818538666,0.2774298512888015,0.0,0.0,1
2.73,PINN Vanilla,0.2515612309351566,0.0035847020838178827,0.0016057877665519172,0.0032951767183927033,0.11636591702699661,0.3933389484882355,0.5538029968738556,0.2769025567834289,0.0,0.0,1
2.735,PINN Vanilla,0.2515600548982622,0.0035800103726512356,0.0015998520846685887,0.0032806337901255533,0.11659831553697586,0.39304542541503906,0.5527505725622177,0.27637634261637206,0.0,0.0,1
2.74,PINN Vanilla,0.2515588441789152,0.0035751802984357083,0.001593911059990464,0.0032661267072601474,0.11683065444231033,0.39275285601615906,0.5517006516456604,0.27585138015163957,0.0,0.0,1
2.745,PINN Vanilla,0.25155763472616693,0.003570355277220952,0.001587961641103175,0.0032514003390320817,0.11706212908029556,0.3924606144428253,0.5506523996591568,0.2753272521551234,0.0,0.0,1
2.75,PINN Vanilla,0.2515564066022637,0.00356545576883099,0.0015820137012066897,0.00323702710229537,0.11729372292757034,0.3921695053577423,0.5496069341897964,0.274804517422504,0.0,0.0,1
2.755,PINN Vanilla,0.2515551587790253,0.0035604776714178413,0.001576040524727393,0.003222740846525629,0.11752506345510483,0.39187899231910706,0.5485625714063644,0.2742823340349561,0.0,0.0,1
2.7600000000000002,PINN Vanilla,0.2515539046972992,0.003555474606236555,0.0015700754286074254,0.0032082679510136297,0.11775628477334976,0.3915892541408539,0.5475212335586548,0.27376166312105016,0.0,0.0,1
2.765,PINN Vanilla,0.25155262901634,0.0035503853725313683,0.0015641000551458626,0.003193933681496161,0.11798670142889023,0.3912999927997589,0.5464811474084854,0.27324161805830643,0.0,0.0,1
2.77,PINN Vanilla,0.25155135779827853,0.003545313943222591,0.0015581256199687222,0.003179708428086639,0.11821699887514114,0.39101189374923706,0.5454441606998444,0.27272312272225,0.0,0.0,1
2.775,PINN Vanilla,0.2515500556379559,0.0035401190720789383,0.0015521347778472126,0.003165386703641526,0.11844699829816818,0.3907243013381958,0.5444091409444809,0.2722056108665914,0.0,0.0,1
2.7800000000000002,PINN Vanilla,0.25154873199760935,0.003534838507987558,0.0015461324680666596,0.0031513329449912725,0.11867666989564896,0.390437513589859,0.5433758199214935,0.27168894838036717,0.0,0.0,1
2.785,PINN Vanilla,0.25154741108417533,0.00352956882270961,0.0015401361526277875,0.0031370745799375044,0.11890610307455063,0.39015141129493713,0.54234479367733,0.27117343328794036,0.0,0.0,1
2.79,PINN Vanilla,0.2515460740476849,0.0035242348157049647,0.0015341223403611607,0.0031228843140494456,0.11913534253835678,0.389865905046463,0.5413156598806381,0.27065886442286585,0.0,0.0,1
2.795,PINN Vanilla,0.25154472395777727,0.0035188487330692726,0.0015281202925794498,0.003109002157117735,0.11936420947313309,0.3895816206932068,0.5402890741825104,0.270145569611943,0.0,0.0,1
2.8000000000000003,PINN Vanilla,0.25154336202144645,0.0035134153900149958,0.0015221068423993754,0.0030949246474513553,0.11959265917539597,0.38929733633995056,0.5392635315656662,0.26963279634365533,0.0,0.0,1
2.805,PINN Vanilla,0.25154197118431354,0.0035078667493739545,0.0015160688451093121,0.003080924770875404,0.1198209747672081,0.389014333486557,0.5382413864135742,0.2691217218142365,0.0,0.0,1
2.81,PINN Vanilla,0.2515405871495607,0.0035023452463189744,0.001510052751970221,0.003067216775854989,0.12004909664392471,0.38873156905174255,0.5372198075056076,0.2686109304079624,0.0,0.0,1
2.815,PINN Vanilla,0.2515391844883563,0.003496749434429909,0.0015040289713331156,0.003053271405933547,0.1202765479683876,0.3884499967098236,0.5362017899751663,0.268101919697257,0.0,0.0,1
2.82,PINN Vanilla,0.2515377688556912,0.003491101873868886,0.0014979975492002164,0.003039350698602186,0.12050393968820572,0.3881687819957733,0.5351848155260086,0.26759343052918677,0.0,0.0,1
2.825,PINN Vanilla,0.2515363437831404,0.0034854166535906107,0.0014919641040993666,0.0030257747171024696,0.12073107808828354,0.38788869976997375,0.5341707617044449,0.267086401680495,0.0,0.0,1
2.83,PINN Vanilla,0.25153490075469037,0.0034796597995963834,0.0014859203300970553,0.0030117202288960504,0.1209578588604927,0.3876088261604309,0.5331577062606812,0.2665798720226112,0.0,0.0,1
2.835,PINN Vanilla,0.2515334400981667,0.0034738326197216777,0.0014798778632322614,0.002998011176083226,0.12118437141180038,0.38732999563217163,0.5321474820375443,0.2660747579804514,0.0,0.0,1
2.84,PINN Vanilla,0.251531974591315,0.0034679860898263384,0.0014738236507341048,0.002984371637278771,0.12141048163175583,0.3870517611503601,0.5311396569013596,0.2655708434863525,0.0,0.0,1
2.845,PINN Vanilla,0.25153049847483655,0.003462097233619253,0.0014677882754121616,0.0029707494883432772,0.12163626402616501,0.3867741823196411,0.5301328897476196,0.2650674579854978,0.0,0.0,1
2.85,PINN Vanilla,0.25152900998294375,0.003456159006622848,0.0014617290816030624,0.0029571640616158634,0.12186198681592941,0.3864974081516266,0.5291287451982498,0.26456538379184014,0.0,0.0,1
2.855,PINN Vanilla,0.2515275102928283,0.0034501761051554318,0.0014556801458708172,0.002943707989599309,0.12208721786737442,0.386221319437027,0.5281267166137695,0.26406436758467094,0.0,0.0,1
2.86,PINN Vanilla,0.25152598759531997,0.003444101417415946,0.0014496152173084202,0.0029301024119894326,0.12231185287237167,0.38594549894332886,0.5271260291337967,0.2635640219323184,0.0,0.0,1
2.865,PINN Vanilla,0.2515244538262489,0.0034379825605056597,0.0014435623443552728,0.002916708577579419,0.12253671139478683,0.3856707513332367,0.5261274725198746,0.2630647417170634,0.0,0.0,1
2.87,PINN Vanilla,0.25152292427420636,0.0034318805271151775,0.0014375011396068871,0.0029032058221173662,0.12276094406843185,0.38539665937423706,0.525131568312645,0.26256678771022357,0.0,0.0,1
2.875,PINN Vanilla,0.2515213615745308,0.0034256462537237513,0.0014314416959940455,0.0028899517666219066,0.12298525124788284,0.38512304425239563,0.5241365730762482,0.2620692881905372,0.0,0.0,1
2.88,PINN Vanilla,0.25151981215924046,0.0034194649773927888,0.001425388962437755,0.0028764993638633607,0.12320882827043533,0.3848503530025482,0.5231446772813797,0.2615733383975382,0.0,0.0,1
2.8850000000000002,PINN Vanilla,0.2515182346478107,0.003413171613616556,0.0014193226580613849,0.002863206223826825,0.12343239039182663,0.3845783472061157,0.5221540778875351,0.26107803680752867,0.0,0.0,1
2.89,PINN Vanilla,0.2515166493281724,0.0034068470995768413,0.0014132623893667823,0.0028500364787543975,0.12365523725748062,0.3843068778514862,0.5211661756038666,0.26058408377776143,0.0,0.0,1
2.895,PINN Vanilla,0.25151504429429794,0.0034004439370674162,0.0014071974209389929,0.0028365047168499025,0.1238783672451973,0.3840358555316925,0.5201790183782578,0.2600905032784479,0.0,0.0,1
2.9,PINN Vanilla,0.251513439409435,0.0033940413690283183,0.001401142557814688,0.002823408905054142,0.12410088628530502,0.38376584649086,0.5191948860883713,0.25959843525277637,0.0,0.0,1
2.9050000000000002,PINN Vanilla,0.2515118144601586,0.003387558755513477,0.0013950679737524585,0.0028103829477729436,0.12432298809289932,0.38349661231040955,0.5182130336761475,0.2591075071702932,0.0,0.0,1
2.91,PINN Vanilla,0.25151019521057627,0.003381098880501662,0.0013890216778517735,0.0027971883689945076,0.12454497069120407,0.38322797417640686,0.5172326117753983,0.258617294346281,0.0,0.0,1
2.915,PINN Vanilla,0.2515085505247118,0.0033745375293461072,0.0013829575293753927,0.0027842346879016766,0.12476669996976852,0.3829597234725952,0.5162538290023804,0.258127901089267,0.0,0.0,1
2.92,PINN Vanilla,0.25150688648968955,0.00336789898617362,0.0013768865214033245,0.0027711549146439973,0.12498793751001358,0.38269221782684326,0.5152771398425102,0.25763955464282784,0.0,0.0,1
2.9250000000000003,PINN Vanilla,0.25150521895289446,0.0033612464729405817,0.0013708212382812857,0.0027581745728245954,0.12520885467529297,0.38242554664611816,0.5143029689788818,0.2571524673493221,0.0,0.0,1
2.93,PINN Vanilla,0.25150354963541055,0.0033545868557827816,0.0013647722092706052,0.0027452245908532735,0.1254296600818634,0.3821592926979065,0.5133301019668579,0.2566660319841104,0.0,0.0,1
2.935,PINN Vanilla,0.25150186464190505,0.0033478647003101513,0.001358719236486353,0.0027323032275397563,0.12564986944198608,0.3818936347961426,0.5123592913150787,0.2561806248029509,0.0,0.0,1
2.94,PINN Vanilla,0.25150017124414464,0.003341109016691623,0.001352671759875339,0.002719249145443775,0.1258699893951416,0.38162893056869507,0.511390894651413,0.2556964246204613,0.0,0.0,1
2.945,PINN Vanilla,0.25149846065044423,0.003334284731157517,0.0013466191061712682,0.0027063517039735974,0.12609007954597473,0.3813647925853729,0.5104238092899323,0.2552128800915702,0.0,0.0,1
2.95,PINN Vanilla,0.251496739536524,0.0033274184759939057,0.0013405669840163806,0.002693491182896496,0.12630948424339294,0.3811011016368866,0.5094585418701172,0.2547302445369862,0.0,0.0,1
2.955,PINN Vanilla,0.2514950149059298,0.0033205381913225555,0.0013345210230067102,0.002680931104933143,0.12652868032455444,0.38083821535110474,0.5084958076477051,0.2542488755859446,0.0,0.0,1
2.96,PINN Vanilla,0.25149327191710497,0.0033135846678642848,0.0013284874740184176,0.0026681286280827166,0.12674769759178162,0.3805760145187378,0.5075347125530243,0.25376832620190126,0.0,0.0,1
2.965,PINN Vanilla,0.25149151936173464,0.0033065929793887733,0.001322439520582038,0.002655470383004288,0.12696623802185059,0.38031452894210815,0.5065758228302002,0.2532888795080008,0.0,0.0,1
2.97,PINN Vanilla,0.25148976472020174,0.003299592968323809,0.0013164025872714601,0.00264264593950167,0.12718459963798523,0.3800535798072815,0.5056185722351074,0.2528102523810984,0.0,0.0,1
2.975,PINN Vanilla,0.2514879986643793,0.003292547420805161,0.0013103785904268151,0.002630167660244237,0.12740248441696167,0.37979328632354736,0.504663348197937,0.2523326385370301,0.0,0.0,1
2.98,PINN Vanilla,0.25148622113466285,0.003285456099044965,0.0013043614159753997,0.00261767848567529,0.1276203989982605,0.37953317165374756,0.5037089586257935,0.2518554419270699,0.0,0.0,1
2.985,PINN Vanilla,0.25148443919420266,0.0032783471809528526,0.0012983372237514,0.0026048503123683175,0.1278376579284668,0.379273921251297,0.5027570426464081,0.251379482118216,0.0,0.0,1
2.99,PINN Vanilla,0.2514826354682448,0.003271151351248321,0.0012923172628978572,0.002592650999256235,0.12805479764938354,0.3790156841278076,0.501808375120163,0.25090514654214013,0.0,0.0,1
2.995,PINN Vanilla,0.25148082911968256,0.0032639450588600074,0.001286310924706746,0.002580221473091171,0.1282714307308197,0.37875786423683167,0.5008604526519775,0.250431183496518,0.0,0.0,1
3.0,PINN Vanilla,0.2514790002703669,0.0032566490014000215,0.0012803001139697053,0.002567740377969141,0.1284881830215454,0.37850049138069153,0.4999138116836548,0.2499578612032762,0.0,0.0,1
3.005,PINN Vanilla,0.2514771846830847,0.00324940585182994,0.001274302829918163,0.002555207540100801,0.12870445847511292,0.37824395298957825,0.4989696443080902,0.24948577571114067,0.0,0.0,1
3.0100000000000002,PINN Vanilla,0.2514753367602827,0.0032420337021237798,0.0012683001589667278,0.002542847500489054,0.12892013788223267,0.37798774242401123,0.4980272352695465,0.24901456939087585,0.0,0.0,1
3.015,PINN Vanilla,0.25147349798679375,0.003234698052917148,0.0012623227208486613,0.00253055003691835,0.12913590669631958,0.37773242592811584,0.4970867931842804,0.24854434655100877,0.0,0.0,1
3.02,PINN Vanilla,0.2514716430306437,0.003227297844195289,0.001256340666327052,0.0025183056555107552,0.1293511688709259,0.37747740745544434,0.4961478114128113,0.24807485387083092,0.0,0.0,1
3.025,PINN Vanilla,0.2514697842597964,0.0032198824170243724,0.0012503728975089767,0.0025062199308113764,0.12956586480140686,0.37722349166870117,0.49521201848983765,0.24760695562099486,0.0,0.0,1
3.0300000000000002,PINN Vanilla,0.2514678991138937,0.0032123617685441965,0.001244398690514964,0.0024937896098967682,0.12978079915046692,0.37696999311447144,0.49427729845046997,0.24713959381501213,0.0,0.0,1
3.035,PINN Vanilla,0.25146601703763033,0.003204853366160113,0.0012384316471949898,0.002481353179856871,0.12999498844146729,0.3767167627811432,0.4933439791202545,0.24667293236628232,0.0,0.0,1
3.04,PINN Vanilla,0.251464124619961,0.0031973037075110062,0.0012324831260596468,0.0024693465947312476,0.13020914793014526,0.3764643669128418,0.4924125373363495,0.24620720969429583,0.0,0.0,1
3.045,PINN Vanilla,0.25146222493052506,0.0031897250386934105,0.0012265419494781936,0.002457405700741655,0.1304229199886322,0.37621256709098816,0.49148303270339966,0.24574245560148894,0.0,0.0,1
3.0500000000000003,PINN Vanilla,0.2514603107273581,0.0031820884684321065,0.0012205965595838903,0.0024450451474730683,0.13063651323318481,0.3759612739086151,0.4905552864074707,0.24527858068055275,0.0,0.0,1
3.055,PINN Vanilla,0.2514583971798422,0.003174454513841748,0.0012146829122123516,0.0024331734367962488,0.13084959983825684,0.37571099400520325,0.48963043093681335,0.2448161511777769,0.0,0.0,1
3.06,PINN Vanilla,0.2514564671218397,0.003166754691900911,0.001208753735561085,0.0024212770466007782,0.13106253743171692,0.3754608631134033,0.4887060821056366,0.24435397499570952,0.0,0.0,1
3.065,PINN Vanilla,0.25145453691482567,0.003159054275489526,0.0012028527957949323,0.002409355737414437,0.13127484917640686,0.37521153688430786,0.48778411746025085,0.24389299091109398,0.0,0.0,1
3.0700000000000003,PINN Vanilla,0.2514525926113131,0.003151297622152367,0.001196947995666235,0.002397290057242457,0.13148704171180725,0.3749625086784363,0.48686373233795166,0.24343279659104025,0.0,0.0,1
3.075,PINN Vanilla,0.2514506372511389,0.0031434968590913727,0.0011910610077636118,0.002385347981083197,0.13169917464256287,0.37471431493759155,0.4859448969364166,0.2429733771343302,0.0,0.0,1
3.08,PINN Vanilla,0.2514486850798132,0.003135708817702645,0.0011851833882943318,0.0023737080738045757,0.13191074132919312,0.37446677684783936,0.4850285053253174,0.2425151795775083,0.0,0.0,1
3.085,PINN Vanilla,0.25144671633839627,0.003127854671175131,0.0011793157901614166,0.002361901985798498,0.13212215900421143,0.3742198646068573,0.48411402106285095,0.2420579356986478,0.0,0.0,1
3.09,PINN Vanilla,0.2514447330832484,0.003119942623204351,0.001173446025229965,0.002349962821888041,0.13233312964439392,0.3739731013774872,0.4832003712654114,0.24160110905389545,0.0,0.0,1
3.095,PINN Vanilla,0.251442747294903,0.003112020469231808,0.0011675985010052754,0.002338358097011356,0.13254398107528687,0.37372729182243347,0.4822888672351837,0.24114535529684972,0.0,0.0,1
3.1,PINN Vanilla,0.2514407542049887,0.003104069186196401,0.0011617702923957353,0.0023266989773015334,0.13275426626205444,0.3734818994998932,0.4813792407512665,0.2406905403165473,0.0,0.0,1
3.105,PINN Vanilla,0.2514387542307379,0.003096090438616065,0.0011559318644936802,0.0023150373107367617,0.13296452164649963,0.3732371926307678,0.48047149181365967,0.2402366641129882,0.0,0.0,1
3.11,PINN Vanilla,0.2514367458522322,0.003088078162889609,0.0011501232931584449,0.0023031120810682038,0.13317430019378662,0.3729930520057678,0.47956544160842896,0.23978363727886348,0.0,0.0,1
3.115,PINN Vanilla,0.2514347355365755,0.0030800581590444704,0.0011443325493689501,0.002291615796453539,0.133384108543396,0.3727492690086365,0.47866058349609375,0.23933120649346468,0.0,0.0,1
3.12,PINN Vanilla,0.25143270772695564,0.003071968364342435,0.0011385324877236152,0.002280073538723504,0.13359308242797852,0.3725062310695648,0.4777581989765167,0.23888001250917215,0.0,0.0,1
3.125,PINN Vanilla,0.2514306701719763,0.0030638396912582347,0.001132756955193005,0.002268651570025315,0.1338021159172058,0.37226369976997375,0.4768575131893158,0.23842966789431402,0.0,0.0,1
3.13,PINN Vanilla,0.25142863601446175,0.0030557245721056,0.0011270060592025455,0.0022572601899179257,0.1340107023715973,0.3720220923423767,0.4759591221809387,0.23798047067325326,0.0,0.0,1
3.1350000000000002,PINN Vanilla,0.2514265960752966,0.003047586387490628,0.0011212480882177465,0.0022457154342460928,0.13421890139579773,0.3717806041240692,0.4750615954399109,0.2375317055875188,0.0,0.0,1
3.14,PINN Vanilla,0.2514245336353781,0.003039358437804205,0.0011155139493126502,0.002234471994229742,0.13442736864089966,0.37153980135917664,0.4741656184196472,0.23708371536512798,0.0,0.0,1
3.145,PINN Vanilla,0.2514224763810637,0.0030311511756972607,0.001109792759815957,0.0022229599630264607,0.13463512063026428,0.3712996244430542,0.47327175736427307,0.23663678312922568,0.0,0.0,1
3.15,PINN Vanilla,0.25142041057348274,0.003022909790973648,0.0011040798913815035,0.002211664585721862,0.1348423957824707,0.37105968594551086,0.47237929701805115,0.2361905512505763,0.0,0.0,1
3.1550000000000002,PINN Vanilla,0.2514183357059958,0.003014632262433191,0.0010983830545848031,0.0022004534946718224,0.1350494921207428,0.3708207905292511,0.47148948907852173,0.23574564558034206,0.0,0.0,1
3.16,PINN Vanilla,0.25141624501347565,0.003006291601107134,0.0010927074736799779,0.002189270621411832,0.13525664806365967,0.37058207392692566,0.4706001579761505,0.2353009783295982,0.0,0.0,1
3.165,PINN Vanilla,0.2514141641557219,0.002997990174845483,0.0010870489510132475,0.0021779792296539036,0.13546305894851685,0.3703440725803375,0.469713032245636,0.23485741376899724,0.0,0.0,1
3.17,PINN Vanilla,0.25141206309199354,0.002989608138360691,0.0010813959667048774,0.0021668328642910073,0.1356692910194397,0.37010666728019714,0.4688282907009125,0.23441504130584812,0.0,0.0,1
3.1750000000000003,PINN Vanilla,0.25140995585918446,0.0029812014907900017,0.00107575814756491,0.0021558326556664342,0.13587519526481628,0.36986973881721497,0.46794459223747253,0.23397319038533415,0.0,0.0,1
3.18,PINN Vanilla,0.2514078537523749,0.0029728152930107044,0.0010701524651756718,0.0021446272193913762,0.13608095049858093,0.3696333169937134,0.46706244349479675,0.23353211432816384,0.0,0.0,1
3.185,PINN Vanilla,0.2514057283401491,0.002964336120017798,0.001064540744748356,0.002133518098162257,0.13628628849983215,0.36939746141433716,0.4661823511123657,0.23309206645504574,0.0,0.0,1
3.19,PINN Vanilla,0.2514036124050619,0.002955894755359892,0.0010589736091239346,0.0021224314200857797,0.13649135828018188,0.36916211247444153,0.4653036296367645,0.23265270403796243,0.0,0.0,1
3.1950000000000003,PINN Vanilla,0.25140147978067423,0.002947386809986805,0.001053398523726736,0.0021116350406388817,0.13669615983963013,0.3689272999763489,0.4644266664981842,0.23221422079274984,0.0,0.0,1
3.2,PINN Vanilla,0.2513993362784388,0.0029388354682543644,0.001047843709721041,0.002100670920487324,0.13690057396888733,0.3686930239200592,0.4635513722896576,0.2317765720157535,0.0,0.0,1
3.205,PINN Vanilla,0.2513971912860873,0.00293027818181533,0.0010423083505519625,0.002089633019513565,0.13710466027259827,0.36845943331718445,0.46267837285995483,0.23134007063255455,0.0,0.0,1
3.21,PINN Vanilla,0.25139505031704923,0.0029217369460842095,0.0010368052150724403,0.0020787662238231086,0.1373085379600525,0.3682263195514679,0.4618065357208252,0.23090415039686335,0.0,0.0,1
3.215,PINN Vanilla,0.2513928910791876,0.0029131228282488525,0.0010313165885376206,0.002067946902643253,0.13751229643821716,0.36799347400665283,0.46093565225601196,0.23046870700015284,0.0,0.0,1
3.22,PINN Vanilla,0.25139071843028094,0.0029044552080530433,0.0010258185918756327,0.002057261915829639,0.13771533966064453,0.3677615523338318,0.4600679874420166,0.23003487293500233,0.0,0.0,1
3.225,PINN Vanilla,0.2513885551393034,0.0028958249206151748,0.0010203702658968638,0.002046516935802517,0.13791823387145996,0.367529958486557,0.45920103788375854,0.22960139649908734,0.0,0.0,1
3.23,PINN Vanilla,0.251386377155781,0.0028871360183691168,0.0010149293054436464,0.0020357046347470042,0.13812103867530823,0.36729905009269714,0.45833587646484375,0.2291688141362612,0.0,0.0,1
3.235,PINN Vanilla,0.25138418799638773,0.0028784025308228292,0.0010094982433247015,0.0020250893522702207,0.1383236050605774,0.36706843972206116,0.4574720561504364,0.2287369023282517,0.0,0.0,1
3.24,PINN Vanilla,0.25138200542330763,0.0028696953188799305,0.0010041079881823855,0.002014471809497459,0.13852542638778687,0.36683833599090576,0.4566102623939514,0.22830600380307625,0.0,0.0,1
3.245,PINN Vanilla,0.2513798173964026,0.00286096634931061,0.0009987284764768913,0.0020039173656835607,0.13872724771499634,0.3666088581085205,0.4557499289512634,0.22787583543759005,0.0,0.0,1
3.25,PINN Vanilla,0.25137762477993986,0.0028522190700444486,0.0009933778260040294,0.001993323126049884,0.13892877101898193,0.36637988686561584,0.45489150285720825,0.22744662075006528,0.0,0.0,1
3.255,PINN Vanilla,0.2513754069209101,0.002843371087446438,0.00098803324781748,0.001982807917219609,0.1391301155090332,0.36615148186683655,0.4540341794490814,0.22701795740761196,0.0,0.0,1
3.2600000000000002,PINN Vanilla,0.25137320521473905,0.0028345875454692786,0.000982721859967226,0.0019724905642040658,0.13933098316192627,0.3659237325191498,0.4531792104244232,0.22659047126139234,0.0,0.0,1
3.265,PINN Vanilla,0.2513709793686869,0.002825707699243304,0.000977417217339499,0.0019619534486191303,0.139531672000885,0.3656962811946869,0.4523254930973053,0.2261636109663349,0.0,0.0,1
3.27,PINN Vanilla,0.25136876159906407,0.002816860073327534,0.0009721471986733062,0.0019516016306732886,0.13973188400268555,0.36546915769577026,0.45147332549095154,0.22573752553462115,0.0,0.0,1
3.275,PINN Vanilla,0.25122660234570504,0.002249726372317954,0.0009668967930581549,0.001941265102509332,0.1399311125278473,0.36524271965026855,0.4506223797798157,0.22531205105285143,0.0,0.0,1
3.2800000000000002,PINN Vanilla,0.2513642939925196,0.002799036891407524,0.0009616643860313783,0.001930859022029413,0.1401284635066986,0.365016907453537,0.4497736096382141,0.2248876643600065,0.0,0.0,1
3.285,PINN Vanilla,0.25136205774545695,0.0027901155511286606,0.0009564554240751555,0.0019207266688764935,0.14032557606697083,0.3647913932800293,0.44892600178718567,0.22446385881466935,0.0,0.0,1
3.29,PINN Vanilla,0.2513598136007788,0.0027811627039038525,0.0009512771062859108,0.0019104909199462172,0.14052245020866394,0.3645665943622589,0.44808050990104675,0.22404111125582066,0.0,0.0,1
3.295,PINN Vanilla,0.2513575641512873,0.0027721886935231717,0.0009461146427506688,0.0019004493959903224,0.14071890711784363,0.36434218287467957,0.4472363591194153,0.2236190342517886,0.0,0.0,1
3.3000000000000003,PINN Vanilla,0.25135530543327356,0.0027631777070667904,0.0009409773605339478,0.0018902031054159052,0.1409148871898651,0.36411839723587036,0.44639405608177185,0.2231978811232817,0.0,0.0,1
3.305,PINN Vanilla,0.25135305339097996,0.0027541933528962594,0.0009358740407936455,0.0018802772747512353,0.14111122488975525,0.3638950288295746,0.4455528259277344,0.22277726443862814,0.0,0.0,1
3.31,PINN Vanilla,0.25135077795386335,0.0027451156668303217,0.0009307786663663549,0.0018701565514478713,0.1413065493106842,0.363672137260437,0.4447137415409088,0.2223577206416812,0.0,0.0,1
3.315,PINN Vanilla,0.2513485060334208,0.0027360520102723443,0.0009257154979055087,0.0018600798899658655,0.14150220155715942,0.36344972252845764,0.4438754618167877,0.22193857917762425,0.0,0.0,1
3.3200000000000003,PINN Vanilla,0.2513462324142458,0.002726981576748473,0.0009206771989876436,0.0018501364562487077,0.14169740676879883,0.3632276952266693,0.44303905963897705,0.2215203764903106,0.0,0.0,1
3.325,PINN Vanilla,0.2513439528346064,0.002717887364398005,0.0009156733316765587,0.0018401454126313888,0.14189183712005615,0.3630062937736511,0.4422045946121216,0.22110314238217654,0.0,0.0,1
3.33,PINN Vanilla,0.2513416582345965,0.0027087332294034308,0.0009106787499009107,0.0018303156448008506,0.1420864462852478,0.3627851903438568,0.4413711130619049,0.22068640001424134,0.0,0.0,1
3.335,PINN Vanilla,0.251339368760586,0.0026995995442000275,0.0009057193071328219,0.0018203844997909113,0.1422804594039917,0.3625650703907013,0.4405401349067688,0.22027090934863056,0.0,0.0,1
3.34,PINN Vanilla,0.25133707985281967,0.002690468117985329,0.0009007844931448383,0.0018106721968107475,0.14247459173202515,0.3623450994491577,0.43970978260040283,0.21985573160860086,0.0,0.0,1
3.345,PINN Vanilla,0.2513347738981249,0.0026812686843256015,0.0008958809138373823,0.001800820682616111,0.1426679491996765,0.3621256351470947,0.43888187408447266,0.2194417757684593,0.0,0.0,1
3.35,PINN Vanilla,0.2513324699997904,0.0026720774543611725,0.0008910016402540995,0.0017913067277023909,0.1428612470626831,0.3619065284729004,0.43805453181266785,0.21902810305146253,0.0,0.0,1
3.355,PINN Vanilla,0.25133015960454963,0.0026628603054753746,0.0008861476643440733,0.0017814855747899094,0.14305460453033447,0.36168795824050903,0.4372287094593048,0.2186151902965913,0.0,0.0,1
3.36,PINN Vanilla,0.25132784309983275,0.0026536187832919876,0.0008813239444905337,0.001772051616212439,0.14324739575386047,0.3614700436592102,0.4364052414894104,0.21820345473795372,0.0,0.0,1
3.365,PINN Vanilla,0.2513255264759066,0.0026443767855322056,0.0008765211167413959,0.0017624375775481538,0.14343953132629395,0.3612525761127472,0.4355830252170563,0.21779234503047834,0.0,0.0,1
3.37,PINN Vanilla,0.2513231957852843,0.0026350786697408044,0.0008717569402282768,0.0017530078703467955,0.14363178610801697,0.3610352873802185,0.4347616732120514,0.21738166745832924,0.0,0.0,1
3.375,PINN Vanilla,0.2513208662569525,0.002625785190820524,0.0008670223423895272,0.0017435168373260146,0.14382407069206238,0.36081889271736145,0.4339424669742584,0.21697206277388678,0.0,0.0,1
3.38,PINN Vanilla,0.25131852671504046,0.002616451763471357,0.0008623058578817605,0.0017342839515002706,0.1440153419971466,0.36060282588005066,0.4331252872943878,0.21656347137227835,0.0,0.0,1
3.3850000000000002,PINN Vanilla,0.251316188156605,0.002607122259628387,0.0008576259875809497,0.0017246820843400124,0.14420673251152039,0.36038702726364136,0.4323088228702545,0.21615523759990546,0.0,0.0,1
3.39,PINN Vanilla,0.2513138501346113,0.002597794895879746,0.0008529802377539235,0.001715181030208679,0.14439833164215088,0.36017200350761414,0.4314938187599182,0.21574773398722183,0.0,0.0,1
3.395,PINN Vanilla,0.25131149965524696,0.0025884178343831385,0.0008483570090029389,0.0017061004318941198,0.14458894729614258,0.3599570691585541,0.4306803047657013,0.21534097543544556,0.0,0.0,1
3.4,PINN Vanilla,0.2513091503083708,0.002579045290863498,0.0008437667741247998,0.0016967543878745883,0.14477908611297607,0.3597431480884552,0.4298693835735321,0.21493551328964813,0.0,0.0,1
3.4050000000000002,PINN Vanilla,0.2513067903518679,0.002569630421032112,0.0008392085048356107,0.0016876192864808681,0.1449693739414215,0.3595292866230011,0.42905884981155396,0.21453024485968664,0.0,0.0,1
3.41,PINN Vanilla,0.25130442586541196,0.0025601974792919713,0.0008346793417697072,0.0016784121019580989,0.14515921473503113,0.3593156337738037,0.4282498359680176,0.21412573639185067,0.0,0.0,1
3.415,PINN Vanilla,0.25130207341909433,0.0025508125707825267,0.0008301892742389058,0.0016691984862841902,0.14534887671470642,0.35910314321517944,0.4274430274963379,0.21372233061415763,0.0,0.0,1
3.42,PINN Vanilla,0.2512996883392336,0.0025412974731954642,0.0008257201777434607,0.001660294035793236,0.14553815126419067,0.3588905930519104,0.4266372323036194,0.2133194314778816,0.0,0.0,1
3.4250000000000003,PINN Vanilla,0.25129732620716116,0.0025318739240921626,0.0008212958816755171,0.0016512917828251372,0.14572742581367493,0.35867857933044434,0.425832599401474,0.21291711348911332,0.0,0.0,1
3.43,PINN Vanilla,0.2512949504554274,0.0025223960403693304,0.0008168935027448192,0.0016422314055459242,0.1459161639213562,0.3584672510623932,0.4250301122665405,0.2125158683880517,0.0,0.0,1
3.435,PINN Vanilla,0.25129256236553216,0.002512868934474926,0.0008125258484996031,0.001633387511873502,0.14610472321510315,0.35825619101524353,0.42422860860824585,0.21211511502718894,0.0,0.0,1
3.44,PINN Vanilla,0.25129017579555535,0.00250334789218127,0.0008081938565114909,0.0016244515028268625,0.14629289507865906,0.3580458164215088,0.42342931032180786,0.2117154643564691,0.0,0.0,1
3.4450000000000003,PINN Vanilla,0.2512877926528456,0.0024938405227131113,0.0008038966814226854,0.0016156703184302401,0.1464809775352478,0.35783541202545166,0.42263028025627136,0.2113159477967126,0.0,0.0,1
3.45,PINN Vanilla,0.25128539538383504,0.0024842767974250254,0.0007996291331252522,0.001607042797404007,0.14666861295700073,0.3576259911060333,0.42183399200439453,0.21091780214902567,0.0,0.0,1
3.455,PINN Vanilla,0.25128299564123174,0.002474703203923927,0.0007953983670270643,0.001598119172636303,0.14685600996017456,0.3574167490005493,0.4210384488105774,0.21052002903179243,0.0,0.0,1
3.46,PINN Vanilla,0.2512805946171286,0.0024651244979750912,0.0007912035411735785,0.0015897425251213404,0.1470433473587036,0.35720786452293396,0.42024412751197815,0.21012286686450324,0.0,0.0,1
3.465,PINN Vanilla,0.2512781802713873,0.0024554926463480438,0.000787033116512508,0.0015808528911453457,0.14722999930381775,0.3569996654987335,0.41945183277130127,0.2097267179800481,0.0,0.0,1
3.47,PINN Vanilla,0.25127577629685427,0.002445902169879953,0.0007829117812533917,0.0015723510194713963,0.14741668105125427,0.35679203271865845,0.4186612069606781,0.20933140356380922,0.0,0.0,1
3.475,PINN Vanilla,0.25127336236834547,0.0024362719827706186,0.0007788187936102862,0.001563648749230706,0.14760330319404602,0.35658445954322815,0.4178710877895355,0.20893634246827889,0.0,0.0,1
3.48,PINN Vanilla,0.2512709402143957,0.0024266089808803104,0.0007747544629804282,0.0015550357867611386,0.14778929948806763,0.3563774526119232,0.41708266735076904,0.20854213074218292,0.0,0.0,1
3.485,PINN Vanilla,0.2512685218155386,0.002416960959650973,0.0007707426559642517,0.0015467375657035876,0.1479748785495758,0.3561708331108093,0.41629600524902344,0.2081487981879577,0.0,0.0,1
3.49,PINN Vanilla,0.25126609909534475,0.002407295698772181,0.0007667646846654864,0.0015385426974141025,0.14816072583198547,0.35596463084220886,0.4155101180076599,0.20775585306540428,0.0,0.0,1
3.495,PINN Vanilla,0.2512636661529543,0.0023975896572052025,0.000762813110003608,0.001530061871811872,0.1483457386493683,0.35575932264328003,0.4147273302078247,0.20736445766953826,0.0,0.0,1
3.5,PINN Vanilla,0.2512612393498423,0.0023879081078299665,0.0007589117658920108,0.0015218897687397093,0.1485310196876526,0.35555389523506165,0.4139440059661865,0.20697279405174554,0.0,0.0,1
3.505,PINN Vanilla,0.25125880414247537,0.002378193030308832,0.0007550413309076528,0.0015135678102090877,0.1487155258655548,0.3553490936756134,0.41316330432891846,0.20658244174114984,0.0,0.0,1
3.5100000000000002,PINN Vanilla,0.25125635218620324,0.0023684111342839875,0.0007511994801650641,0.001505470836869277,0.14889982342720032,0.35514479875564575,0.41238391399383545,0.20619274508415264,0.0,0.0,1
3.515,PINN Vanilla,0.25125392052531265,0.0023587102051647463,0.0007474163902792991,0.0014972254415737407,0.14908382296562195,0.3549407720565796,0.4116055965423584,0.20580358487100875,0.0,0.0,1
3.52,PINN Vanilla,0.2512514719963076,0.0023489419819654,0.0007436543701859116,0.00148928046955088,0.1492682695388794,0.35473737120628357,0.4108283519744873,0.20541496110171817,0.0,0.0,1
3.525,PINN Vanilla,0.25124901306629205,0.0023391322647131644,0.0007399351314502313,0.0014812295775760431,0.14945200085639954,0.35453420877456665,0.41005250811576843,0.2050270376896805,0.0,0.0,1
3.5300000000000002,PINN Vanilla,0.2512465666234496,0.002329372364103271,0.0007362606503796361,0.0014731773906667134,0.14963525533676147,0.35433173179626465,0.40927910804748535,0.20464033617753097,0.0,0.0,1
3.535,PINN Vanilla,0.2512441199421885,0.0023196115123401456,0.0007326321642553567,0.0014654232536719103,0.14981815218925476,0.35412946343421936,0.40850651264190674,0.20425403699827144,0.0,0.0,1
3.54,PINN Vanilla,0.2512416474223139,0.0023097475793625332,0.0007290230580826931,0.0014576800208029594,0.15000107884407043,0.3539276719093323,0.4077351689338684,0.20386836367017408,0.0,0.0,1
3.545,PINN Vanilla,0.25123919236660025,0.0022999533183476633,0.0007254713090558287,0.0014497361930727037,0.15018391609191895,0.3537261188030243,0.4069646894931793,0.20348312247740302,0.0,0.0,1
3.5500000000000003,PINN Vanilla,0.2512367104887965,0.002290052052611888,0.0007219389476135228,0.0014419607651416089,0.15036624670028687,0.35352545976638794,0.4061967432498932,0.2030991478881745,0.0,0.0,1
3.555,PINN Vanilla,0.25123424285650275,0.0022802076182722136,0.000718464107026833,0.0014343250419834863,0.1505483090877533,0.3533248007297516,0.4054291546344757,0.20271535211356376,0.0,0.0,1
3.56,PINN Vanilla,0.2512317658662798,0.0022703258511743768,0.0007150247500578857,0.0014265787949908348,0.1507299244403839,0.35312455892562866,0.40466389060020447,0.20233271863396854,0.0,0.0,1
3.565,PINN Vanilla,0.2512292831838133,0.0022604213752968855,0.0007116197775694186,0.001419256029084881,0.15091165900230408,0.35292479395866394,0.40389904379844666,0.20195029377142737,0.0,0.0,1
3.5700000000000003,PINN Vanilla,0.25122681456804297,0.002250573017450793,0.0007082785130646629,0.001411730338989975,0.15109318494796753,0.3527257740497589,0.40313631296157837,0.2015689268953747,0.0,0.0,1
3.575,PINN Vanilla,0.25122432029247305,0.002240622291754916,0.0007049593508435727,0.0014040784197680567,0.1512737274169922,0.35252708196640015,0.4023754596710205,0.20118849879606532,0.0,0.0,1
3.58,PINN Vanilla,0.2512218327224257,0.002230698317239487,0.0007016862008801467,0.0013966353768838646,0.1514548659324646,0.3523283898830414,0.4016144871711731,0.20080801109188337,0.0,0.0,1
3.585,PINN Vanilla,0.25121933457255385,0.002220732135306023,0.0006984488412191886,0.0013893285952463474,0.15163534879684448,0.3521304428577423,0.40085577964782715,0.2004286558802806,0.0,0.0,1
3.59,PINN Vanilla,0.2512168464660647,0.002210806020696043,0.0006952718543380694,0.0013818496760581722,0.15181556344032288,0.3519327938556671,0.40009811520576477,0.20004982221131304,0.0,0.0,1
3.595,PINN Vanilla,0.2512143470644953,0.0022008348452089957,0.0006921272504046715,0.001374811036126522,0.15199559926986694,0.3517358601093292,0.39934253692626953,0.1996720316276158,0.0,0.0,1
3.6,PINN Vanilla,0.25121184769272825,0.0021908637886161025,0.0006890235592069107,0.0013675506150928884,0.1521754264831543,0.35153883695602417,0.3985869586467743,0.19929424104391855,0.0,0.0,1
3.605,PINN Vanilla,0.2512093429863455,0.0021808714499731824,0.0006859713833034077,0.0013607128388463119,0.15235477685928345,0.3513423800468445,0.3978336751461029,0.19891759785401866,0.0,0.0,1
3.61,PINN Vanilla,0.251206834793091,0.002170865200716456,0.0006829484737524957,0.0013533226802908138,0.15253394842147827,0.3511464595794678,0.39708176255226135,0.1985416401201536,0.0,0.0,1
3.615,PINN Vanilla,0.2512043192982676,0.0021608298223968654,0.0006799747651796181,0.0013463186073386924,0.15271273255348206,0.35095086693763733,0.3963308036327362,0.19816615922526923,0.0,0.0,1
3.62,PINN Vanilla,0.25120180740952514,0.002150808830267476,0.0006770469291823701,0.0013392514069333339,0.15289151668548584,0.3507557213306427,0.3955814838409424,0.197791497897383,0.0,0.0,1
3.625,PINN Vanilla,0.2511992871463301,0.002140754428886342,0.0006741610738429003,0.0013323573049482673,0.15307024121284485,0.35056111216545105,0.39483338594436646,0.19741744751944082,0.0,0.0,1
3.63,PINN Vanilla,0.25119676539301894,0.002130694082798393,0.0006713198872865339,0.001325455495947342,0.1532486379146576,0.350366473197937,0.39408618211746216,0.19704384417804305,0.0,0.0,1
3.6350000000000002,PINN Vanilla,0.25119424480199837,0.0021206383735817864,0.0006685273837805362,0.0013188477393993037,0.15342628955841064,0.3501727879047394,0.3933414816856384,0.1966714925389697,0.0,0.0,1
3.64,PINN Vanilla,0.2511917192935946,0.0021105630468328663,0.0006657803036108981,0.0013119033112760636,0.15360420942306519,0.3499789535999298,0.392596572637558,0.19629903659136932,0.0,0.0,1
3.645,PINN Vanilla,0.2511891920864584,0.002100480943118274,0.0006630747614575695,0.001305350102041164,0.1537817120552063,0.34978601336479187,0.39185404777526855,0.19592777274122075,0.0,0.0,1
3.65,PINN Vanilla,0.25118665659427664,0.002090365786834399,0.0006604119535000025,0.0012986881246438153,0.15395885705947876,0.34959307312965393,0.391112357378006,0.1955569261251803,0.0,0.0,1
3.6550000000000002,PINN Vanilla,0.2511841191053393,0.0020802426646435337,0.0006577947594133883,0.0012922109289755235,0.154136061668396,0.34940066933631897,0.39037176966667175,0.19518663085421134,0.0,0.0,1
3.66,PINN Vanilla,0.25118157759308835,0.002070103491744311,0.0006552201183109213,0.0012858010102190787,0.15431252121925354,0.3492087125778198,0.3896331489086151,0.1948173190636401,0.0,0.0,1
3.665,PINN Vanilla,0.25117904084920906,0.002059983341906853,0.0006527027292366283,0.0012794190933538563,0.15448912978172302,0.3490169644355774,0.3888952136039734,0.19444835000108626,0.0,0.0,1
3.67,PINN Vanilla,0.25117649257183094,0.002049817180039096,0.000650215139427108,0.0012730189725708163,0.15466544032096863,0.3488258123397827,0.3881588578224182,0.19408017070309425,0.0,0.0,1
3.6750000000000003,PINN Vanilla,0.25117394289374373,0.0020396454301472066,0.0006477832509290256,0.001266922950726529,0.15484103560447693,0.3486347496509552,0.3874236047267914,0.19371254275017372,0.0,0.0,1
3.68,PINN Vanilla,0.2511713894605639,0.0020294586995943465,0.0006453936521840219,0.0012605025806521342,0.1550167202949524,0.3484443128108978,0.3866901397705078,0.19334580887034203,0.0,0.0,1
3.685,PINN Vanilla,0.25116883343458196,0.0020192616252516365,0.0006430479573883376,0.0012541902240469083,0.1551927924156189,0.3482542037963867,0.3859570324420929,0.1929792538051281,0.0,0.0,1
3.69,PINN Vanilla,0.2511662758886816,0.002009058487308179,0.0006407578750080266,0.0012482578043153947,0.15536782145500183,0.3480648696422577,0.3852265179157257,0.19261399514589303,0.0,0.0,1
3.6950000000000003,PINN Vanilla,0.25116371199488663,0.001998830024914121,0.0006385028170020035,0.0012420296191902047,0.15554264187812805,0.34787553548812866,0.3844969570636749,0.19224921332563868,0.0,0.0,1
3.7,PINN Vanilla,0.25116114521026633,0.001988590029788895,0.0006362918849002515,0.0012361349029357815,0.15571731328964233,0.3476865589618683,0.38376814126968384,0.19188480403583802,0.0,0.0,1
3.705,PINN Vanilla,0.25115858140587827,0.0019783619240770784,0.0006341427679120685,0.0012302220514200934,0.15589189529418945,0.3474980592727661,0.3830409049987793,0.19152118451059919,0.0,0.0,1
3.71,PINN Vanilla,0.2511560033261778,0.0019680768680750064,0.0006320170543435838,0.0012244167637992243,0.1560661494731903,0.347309947013855,0.38231465220451355,0.19115805672555922,0.0,0.0,1
3.715,PINN Vanilla,0.2511534360945227,0.0019578350895376917,0.0006299538505993051,0.001218484156161298,0.156240314245224,0.3471221327781677,0.3815895617008209,0.19079551008802703,0.0,0.0,1
3.72,PINN Vanilla,0.25115086388587976,0.0019475734556801978,0.0006279389907266229,0.0012127788565686748,0.15641403198242188,0.3469345271587372,0.38086599111557007,0.19043372341262035,0.0,0.0,1
3.725,PINN Vanilla,0.25114828070998213,0.0019372680687808881,0.0006259626310589475,0.0012072548077445289,0.1565876007080078,0.34674760699272156,0.38014358282089233,0.19007251788472143,0.0,0.0,1
3.73,PINN Vanilla,0.2511456969082358,0.0019269601851050085,0.0006240339558610794,0.0012015872666889527,0.15676090121269226,0.3465610146522522,0.379422664642334,0.1897120574177299,0.0,0.0,1
3.735,PINN Vanilla,0.2511431019008162,0.0019166075972343025,0.0006221473792953357,0.0011958665545934166,0.15693384408950806,0.34637483954429626,0.3787033259868622,0.1893523867153002,0.0,0.0,1
3.74,PINN Vanilla,0.2511405228972437,0.0019063188555138988,0.0006203137200349488,0.0011905748816010975,0.15710684657096863,0.3461887836456299,0.37798425555229187,0.18899285012383382,0.0,0.0,1
3.745,PINN Vanilla,0.2511379357874396,0.001895997774589137,0.0006185354003243811,0.0011851069724761742,0.15727946162223816,0.34600314497947693,0.37726685404777527,0.18863414800058373,0.0,0.0,1
3.75,PINN Vanilla,0.25113533848524117,0.0018856360318701211,0.0006167899231921962,0.0011798319091525789,0.15745148062705994,0.3458181321620941,0.3765513300895691,0.1882763846540769,0.0,0.0,1
3.755,PINN Vanilla,0.25113273411989234,0.001875246111241252,0.0006150914048728498,0.0011744927709960717,0.15762370824813843,0.3456334173679352,0.3758365511894226,0.1879189938380238,0.0,0.0,1
3.7600000000000002,PINN Vanilla,0.251130134791136,0.0018648762837210912,0.0006134395840561919,0.0011691800287657872,0.15779545903205872,0.34544897079467773,0.37512290477752686,0.18756216926826028,0.0,0.0,1
3.765,PINN Vanilla,0.25112752565741564,0.0018544673400309002,0.0006118305594480105,0.0011640704750773834,0.15796712040901184,0.3452649712562561,0.3744108974933624,0.1872061642654949,0.0,0.0,1
3.77,PINN Vanilla,0.2511249203085902,0.0018440734958956129,0.000610271603748168,0.001158917449485708,0.15813839435577393,0.3450811207294464,0.3736993074417114,0.18685036787978357,0.0,0.0,1
3.775,PINN Vanilla,0.25112231305241606,0.001833672042535575,0.0006087619495993332,0.0011539520638444434,0.15830960869789124,0.3448980152606964,0.3729897737503052,0.18649559967812446,0.0,0.0,1
3.7800000000000002,PINN Vanilla,0.2511196930706503,0.0018232198213801844,0.0006072910106432609,0.0011491761917616916,0.15848025679588318,0.3447149395942688,0.3722812533378601,0.18614133811788233,0.0,0.0,1
3.785,PINN Vanilla,0.2511170772612097,0.0018127842454036995,0.0006058685868218431,0.0011440291219403376,0.1586509346961975,0.34453222155570984,0.3715733289718628,0.18578737458200317,0.0,0.0,1
3.79,PINN Vanilla,0.2511144628226759,0.0018023541385574142,0.0006044955440077619,0.0011393658682756491,0.15882140398025513,0.34435006976127625,0.3708675503730774,0.18543448393383066,0.0,0.0,1
3.795,PINN Vanilla,0.25111182960867906,0.001791849128406495,0.0006031653177499663,0.0011343815357767462,0.15899154543876648,0.3441680073738098,0.37016215920448303,0.18508178700149405,0.0,0.0,1
3.8000000000000003,PINN Vanilla,0.25110920703411127,0.0017813865634614759,0.0006018834108390182,0.0011300340667495523,0.15916168689727783,0.3439866602420807,0.36945873498916626,0.18473007354955517,0.0,0.0,1
3.805,PINN Vanilla,0.2511065818667414,0.0017709136547266067,0.0006006419678788435,0.0011252963276112693,0.15933144092559814,0.3438055217266083,0.36875617504119873,0.1843787922329426,0.0,0.0,1
3.81,PINN Vanilla,0.2511039440929892,0.0017603904537730006,0.000599449708603897,0.001120854465974902,0.1595008373260498,0.3436248302459717,0.3680548369884491,0.18402812186627407,0.0,0.0,1
3.815,PINN Vanilla,0.25110130712389966,0.001749870462960889,0.000598292800960751,0.0011163615619700917,0.15967008471488953,0.34344419836997986,0.3673543930053711,0.18367789853614996,0.0,0.0,1
3.8200000000000003,PINN Vanilla,0.2510986709892752,0.0017393538011846472,0.0005971942063973961,0.0011118148940755246,0.15983900427818298,0.34326428174972534,0.3666561543941498,0.1833287778961688,0.0,0.0,1
3.825,PINN Vanilla,0.2510960306525233,0.0017288203753355667,0.0005961316426732012,0.001107461524645692,0.1600077748298645,0.3430842459201813,0.3659575879573822,0.182979493342788,0.0,0.0,1
3.83,PINN Vanilla,0.25109338688850424,0.0017182732766607665,0.0005951216222440592,0.0011032207760486024,0.16017630696296692,0.3429050147533417,0.36526161432266235,0.18263150519538604,0.0,0.0,1
3.835,PINN Vanilla,0.25109073200821896,0.0017076818304738236,0.0005941391610771763,0.0010988789127960308,0.16034451127052307,0.3427259922027588,0.3645663261413574,0.1822838597760015,0.0,0.0,1
3.84,PINN Vanilla,0.2510880770683291,0.0016970901464987938,0.0005932100364906072,0.0010947220327683915,0.1605128049850464,0.342547208070755,0.363871693611145,0.18193654218341618,0.0,0.0,1
3.845,PINN Vanilla,0.25108542534709,0.0016865113030901844,0.0005923235427474696,0.0010906348720810255,0.16068050265312195,0.34236881136894226,0.36317890882492065,0.18159014846635602,0.0,0.0,1
3.85,PINN Vanilla,0.25108276572823546,0.0016759009527358517,0.0005914820124626405,0.001086762856291501,0.1608482301235199,0.34219083189964294,0.36248713731765747,0.1812442613907129,0.0,0.0,1
3.855,PINN Vanilla,0.2510801132023337,0.0016653188991857478,0.0005906889630230894,0.001082899871375026,0.16101524233818054,0.34201303124427795,0.36179646849632263,0.18089892566014124,0.0,0.0,1
3.86,PINN Vanilla,0.2510774434208872,0.0016546680059315367,0.0005899296280319661,0.0010790047135203762,0.1611824333667755,0.3418356478214264,0.3611067831516266,0.1805540816697684,0.0,0.0,1
3.865,PINN Vanilla,0.25107478293776536,0.001644054207647402,0.0005892187673959659,0.0010750510368851829,0.16134953498840332,0.3416588604450226,0.36041873693466187,0.18021005724639375,0.0,0.0,1
3.87,PINN Vanilla,0.2510720984339716,0.0016333445806906255,0.0005885415455767186,0.0010758068309608126,0.16151651740074158,0.3414821922779083,0.3597313463687897,0.1798663606498183,0.0,0.0,1
3.875,PINN Vanilla,0.2510694344043734,0.001622716634004598,0.000587919684061483,0.0010780344078889503,0.1616826355457306,0.3413059115409851,0.35904574394226074,0.17952355812633175,0.0,0.0,1
3.88,PINN Vanilla,0.25106674957275416,0.0016120056992125701,0.0005873241441635892,0.001080775802053735,0.1618489921092987,0.3411300778388977,0.3583611249923706,0.17918124734304405,0.0,0.0,1
3.8850000000000002,PINN Vanilla,0.25106406325101877,0.0016012888197137268,0.000586769411964755,0.001082979339370349,0.16201505064964294,0.3409542739391327,0.35767707228660583,0.17883921968290115,0.0,0.0,1
3.89,PINN Vanilla,0.2510613853335383,0.0015906054683607822,0.000586270094124458,0.0010857833436609954,0.1621808409690857,0.34077897667884827,0.3569943904876709,0.17849787747879303,0.0,0.0,1
3.895,PINN Vanilla,0.2510587004423144,0.0015798942957804462,0.0005858024505811962,0.0010883144673846101,0.16234657168388367,0.34060418605804443,0.35631322860717773,0.17815729523681048,0.0,0.0,1
3.9,PINN Vanilla,0.2510560081005099,0.0015691533996664763,0.0005853770423900527,0.0010905652535039279,0.16251182556152344,0.3404296636581421,0.35563331842422485,0.1778173388459901,0.0,0.0,1
3.9050000000000002,PINN Vanilla,0.25105331307649636,0.001558401803080416,0.0005849935802008852,0.0010933019638072472,0.1626768410205841,0.3402554392814636,0.3549545109272003,0.17747793380024118,0.0,0.0,1
3.91,PINN Vanilla,0.25105061087012315,0.0015476215530078863,0.0005846421446677339,0.0010955211368082751,0.16284191608428955,0.3400813341140747,0.35427603125572205,0.1771386926678919,0.0,0.0,1
3.915,PINN Vanilla,0.25104791334271453,0.0015368599693144382,0.0005843343373126074,0.001097767214119083,0.1630062758922577,0.3399076759815216,0.353599488735199,0.17680042011472222,0.0,0.0,1
3.92,PINN Vanilla,0.2510452079176905,0.0015260668786754885,0.0005840699342319623,0.0011002449820350368,0.16317078471183777,0.3397344648838043,0.3529239892959595,0.1764626691041877,0.0,0.0,1
3.9250000000000003,PINN Vanilla,0.2510424900949004,0.0015152243280764372,0.0005838368569203023,0.0011027002622462367,0.16333511471748352,0.339561402797699,0.35224902629852295,0.17612518631557983,0.0,0.0,1
3.93,PINN Vanilla,0.25103979206085225,0.001504460723182592,0.0005836511087864227,0.0011050600125721566,0.16349908709526062,0.33938896656036377,0.3515762686729431,0.1757888062171149,0.0,0.0,1
3.935,PINN Vanilla,0.25103707757592225,0.0014936314887267982,0.0005834938984446047,0.001106992528318862,0.16366255283355713,0.33921676874160767,0.3509046137332916,0.17545297746372143,0.0,0.0,1
3.94,PINN Vanilla,0.2510343576669695,0.0014827806155382941,0.0005833685821858753,0.0011093389809007648,0.16382625699043274,0.3390447199344635,0.3502331078052521,0.17511722321641868,0.0,0.0,1
3.9450000000000003,PINN Vanilla,0.2510316272675993,0.0014718878916144384,0.0005832913245246028,0.0011116853670727345,0.1639895737171173,0.3388729393482208,0.3495628833770752,0.1747821097214963,0.0,0.0,1
3.95,PINN Vanilla,0.2510289005041125,0.001461009672775159,0.0005832386412119103,0.0011137582966581627,0.16415247321128845,0.338701993227005,0.3488949239253998,0.17444812871915313,0.0,0.0,1
3.955,PINN Vanilla,0.25102617469429994,0.0014501352585481442,0.0005832343431194514,0.001115976595377266,0.16431573033332825,0.33853092789649963,0.3482268452644348,0.17411408811193738,0.0,0.0,1
3.96,PINN Vanilla,0.25102343025803586,0.001439186535486823,0.0005832552315350929,0.0011180670943254367,0.1644783318042755,0.3383602201938629,0.34756019711494446,0.1737807627631927,0.0,0.0,1
3.9650000000000003,PINN Vanilla,0.2510207060575487,0.001428318541543018,0.0005833251183917942,0.0011202461308599254,0.16464102268218994,0.3381898105144501,0.3468940258026123,0.1734476758339384,0.0,0.0,1
3.97,PINN Vanilla,0.25101795753836653,0.0014173535299854742,0.0005834184030643674,0.0011224847640629032,0.16480284929275513,0.3380196988582611,0.34623005986213684,0.173115691594827,0.0,0.0,1
3.975,PINN Vanilla,0.251015215367079,0.00140641384287853,0.0005835519317048958,0.0011244871497168019,0.16496476531028748,0.3378501236438751,0.3455672264099121,0.17278427360200524,0.0,0.0,1
3.98,PINN Vanilla,0.2510124712586405,0.0013954664276529028,0.0005837098175591535,0.00112650116324714,0.16512686014175415,0.3376806080341339,0.3449042737483978,0.17245279600431088,0.0,0.0,1
3.985,PINN Vanilla,0.25100971892476104,0.0013844861976460802,0.0005839118955034537,0.0011286050995376606,0.16528823971748352,0.3375115990638733,0.34424370527267456,0.17212251050406832,0.0,0.0,1
3.99,PINN Vanilla,0.25100696066021944,0.0013734823077065927,0.0005841450958627371,0.0011305084782261554,0.16544947028160095,0.33734291791915894,0.3435837924480438,0.17179255283062503,0.0,0.0,1
3.995,PINN Vanilla,0.2510041993856432,0.0013624664094593205,0.000584405115898,0.0011325345676295173,0.1656104326248169,0.33717459440231323,0.342925488948822,0.17146339982296172,0.0,0.0,1
4.0,PINN Vanilla,0.2510014296472075,0.0013514167452780633,0.0005846995886861618,0.0011345650051369782,0.16577166318893433,0.3370063304901123,0.3422674238681793,0.17113436602504356,0.0,0.0,1
4.005,PINN Vanilla,0.2509986651241782,0.001340387887570217,0.0005850277178325753,0.0011363026113636043,0.16593238711357117,0.33683863282203674,0.34161069989204407,0.17080600278194205,0.0,0.0,1
4.01,PINN Vanilla,0.2509958927929404,0.0013293278795991099,0.0005853860390087721,0.0011381952621591362,0.16609281301498413,0.33667129278182983,0.34095528721809387,0.17047829519243904,0.0,0.0,1
4.015,PINN Vanilla,0.2509931237101557,0.0013182808310885767,0.0005857789466076361,0.0011398945499026536,0.16625303030014038,0.3365039527416229,0.34030047059059143,0.170150885627299,0.0,0.0,1
4.0200000000000005,PINN Vanilla,0.2509903377890589,0.0013071666073920928,0.0005861914445308159,0.0011418790466213857,0.16641294956207275,0.336337149143219,0.3396471440792084,0.1698242211230663,0.0,0.0,1
4.025,PINN Vanilla,0.25098756125569366,0.001296089835348147,0.000586646604613698,0.0011436161893990104,0.1665726900100708,0.33617058396339417,0.3389950692653656,0.16949818246999585,0.0,0.0,1
4.03,PINN Vanilla,0.25098476749658605,0.0012849443424942483,0.0005871131435986254,0.0011454454285663163,0.16673249006271362,0.336004376411438,0.3383435904979706,0.16917244184128832,0.0,0.0,1
4.035,PINN Vanilla,0.25098197409510636,0.0012738002763701978,0.0005876279218518164,0.0011470292028681883,0.16689196228981018,0.3358383774757385,0.33769357204437256,0.16884743137227004,0.0,0.0,1
4.04,PINN Vanilla,0.25097917470335984,0.0012626323125249533,0.0005881612323504758,0.0011488064684566646,0.16705122590065002,0.3356730341911316,0.33704477548599243,0.1685230318531958,0.0,0.0,1
4.045,PINN Vanilla,0.2509763767123225,0.0012514699367040618,0.000588726072178796,0.0011502803128293215,0.1672097146511078,0.33550769090652466,0.3363971412181854,0.16819921348162933,0.0,0.0,1
4.05,PINN Vanilla,0.2509735728502276,0.0012402841387385926,0.0005893081507354797,0.001152063918685109,0.16736885905265808,0.33534255623817444,0.3357495665550232,0.16787542491249915,0.0,0.0,1
4.055,PINN Vanilla,0.25097076505422616,0.0012290826467474495,0.0005899335279648652,0.001153716113071468,0.16752737760543823,0.335178017616272,0.3351040482521057,0.16755266452742118,0.0,0.0,1
4.0600000000000005,PINN Vanilla,0.2509679459035399,0.0012178358560909312,0.0005905750890840953,0.0011552782337880263,0.16768577694892883,0.3350137770175934,0.3344593346118927,0.16723030647523318,0.0,0.0,1
4.065,PINN Vanilla,0.25096513265371345,0.001206612606473145,0.000591249849875924,0.0011568006641241024,0.16784396767616272,0.3348492980003357,0.3338148593902588,0.16690806763279034,0.0,0.0,1
4.07,PINN Vanilla,0.25096231412887593,0.0011953683125934184,0.0005919483525832032,0.0011583053621549433,0.1680014729499817,0.3346855938434601,0.33317264914512634,0.16658696128292674,0.0,0.0,1
4.075,PINN Vanilla,0.250959489643574,0.0011841002398870946,0.0005926747948294498,0.0011598258241563575,0.1681593358516693,0.3345222473144531,0.3325310945510864,0.16626618275986238,0.0,0.0,1
4.08,PINN Vanilla,0.2509566527605059,0.0011727827072204478,0.0005934201580895308,0.001161270329096853,0.16831669211387634,0.3343590199947357,0.3318905234336853,0.1659458959769969,0.0,0.0,1
4.085,PINN Vanilla,0.25095382261276267,0.0011614920446284026,0.0005941884687974263,0.0011627941635808936,0.16847380995750427,0.334196001291275,0.331250935792923,0.1656261009343303,0.0,0.0,1
4.09,PINN Vanilla,0.25095097994804405,0.0011501514464998613,0.0005949858962626091,0.0011639351471088855,0.16863113641738892,0.3340336084365845,0.330612450838089,0.16530685723673516,0.0,0.0,1
4.095,PINN Vanilla,0.25094813144207023,0.001138787545120896,0.0005958085232525797,0.001165129833237799,0.16878798604011536,0.33387142419815063,0.329975426197052,0.16498834369882925,0.0,0.0,1
4.1,PINN Vanilla,0.2509452866613867,0.0011274385055087476,0.0005966531378146464,0.0011667114704848602,0.16894447803497314,0.3337094783782959,0.3293391466140747,0.16467020269137703,0.0,0.0,1
4.105,PINN Vanilla,0.25094243532419225,0.0011160633091869215,0.0005975220265124677,0.0011678458918895074,0.1691012978553772,0.33354756236076355,0.3287029266357422,0.1643520914863611,0.0,0.0,1
4.11,PINN Vanilla,0.2509395860433581,0.001104696316560616,0.0005984095002033652,0.0011691006306451257,0.16925710439682007,0.3333861529827118,0.3280690610408783,0.16403515747757885,0.0,0.0,1
4.115,PINN Vanilla,0.25093671408295654,0.001093238845497714,0.0005993222103087176,0.001170436574447764,0.16941320896148682,0.33322495222091675,0.32743558287620544,0.1637184171846325,0.0,0.0,1
4.12,PINN Vanilla,0.2509338427186015,0.001081783752317671,0.0006002518017597625,0.001171525341910673,0.1695690155029297,0.33306434750556946,0.32680365443229675,0.16340245175502985,0.0,0.0,1
4.125,PINN Vanilla,0.2509309720695021,0.0010703315125966603,0.0006011981649063337,0.0011725992172560429,0.16972431540489197,0.33290380239486694,0.32617244124412537,0.16308684395466272,0.0,0.0,1
4.13,PINN Vanilla,0.25092809650301956,0.0010588596553435575,0.0006021679009342834,0.0011738105621530437,0.1698799431324005,0.33274370431900024,0.3255424201488495,0.1627718322030215,0.0,0.0,1
4.135,PINN Vanilla,0.25092521286010766,0.001047355577780029,0.0006031654428042497,0.0011747768724972851,0.17003512382507324,0.3325837254524231,0.32491323351860046,0.16245723768548842,0.0,0.0,1
4.14,PINN Vanilla,0.25092232576012635,0.0010358377084968484,0.0006041878447559647,0.0011758578587424684,0.17018994688987732,0.33242371678352356,0.3242844045162201,0.16214282198257313,0.0,0.0,1
4.1450000000000005,PINN Vanilla,0.2509194431006911,0.0010243375544397382,0.0006052257396625361,0.001176839320059464,0.17034488916397095,0.3322644531726837,0.3236573040485382,0.16182927055031038,0.0,0.0,1
4.15,PINN Vanilla,0.2509165450930598,0.0010127761699032713,0.0006062805693233319,0.001177830516294942,0.17049938440322876,0.3321055769920349,0.3230319917201996,0.16151661319113647,0.0,0.0,1
4.155,PINN Vanilla,0.2509136443436148,0.0010012038471064058,0.0006073523637958089,0.0011785747193951979,0.1706538200378418,0.33194664120674133,0.322406142950058,0.16120368761003595,0.0,0.0,1
4.16,PINN Vanilla,0.2509107359647753,0.0009896010874112036,0.0006084454001715109,0.0011794962898777905,0.1708076298236847,0.33178818225860596,0.3217827379703522,0.1608919839288235,0.0,0.0,1
4.165,PINN Vanilla,0.2509078294634821,0.000978005818046376,0.0006095540976012118,0.0011807616300378854,0.1709616780281067,0.3316299617290497,0.3211594521999359,0.16058033985248366,0.0,0.0,1
4.17,PINN Vanilla,0.25090491461753867,0.0009663772583239582,0.000610685479748323,0.001181161104450712,0.1711156666278839,0.3314717411994934,0.32053667306900024,0.16026894909685233,0.0,0.0,1
4.175,PINN Vanilla,0.2509019935429098,0.0009547238497273356,0.0006118244856243113,0.0011820733562674102,0.17126908898353577,0.33131417632102966,0.3199158012866974,0.15995851201918243,0.0,0.0,1
4.18,PINN Vanilla,0.2508990656435492,0.0009430432143740919,0.0006129890520115783,0.001182641194604428,0.17142236232757568,0.331156849861145,0.31929585337638855,0.15964853687927513,0.0,0.0,1
4.1850000000000005,PINN Vanilla,0.25089612480998064,0.0009313109789664171,0.0006141627251622699,0.0011833301742247837,0.17157530784606934,0.3309997022151947,0.3186768889427185,0.15933905347956667,0.0,0.0,1
4.19,PINN Vanilla,0.2508931882679465,0.0009195958643140428,0.0006153664866489503,0.0011840878598264326,0.17172861099243164,0.33084312081336975,0.3180587589740753,0.1590299873139664,0.0,0.0,1
4.195,PINN Vanilla,0.25089024922251724,0.0009078707625542808,0.000616581991886143,0.0011847438332561189,0.1718810796737671,0.33068645000457764,0.3174416720867157,0.15872144269100125,0.0,0.0,1
4.2,PINN Vanilla,0.2508872976899149,0.0008960958441521764,0.0006178054267356258,0.0011851951919268355,0.17203351855278015,0.3305301368236542,0.31682562828063965,0.15841341961067126,0.0,0.0,1
4.205,PINN Vanilla,0.2508843492567541,0.0008843332907400974,0.0006190579741938145,0.0011859493237417196,0.1721857488155365,0.33037418127059937,0.31621086597442627,0.15810603728272166,0.0,0.0,1
4.21,PINN Vanilla,0.2508813892602923,0.000872524606404008,0.0006203112831509207,0.001186251159438545,0.17233788967132568,0.3302186131477356,0.31559687852859497,0.15779904238644388,0.0,0.0,1
4.215,PINN Vanilla,0.25087841963768026,0.0008606775192621482,0.0006215820485015992,0.0011867024994865472,0.17248976230621338,0.3300630748271942,0.3149835467338562,0.15749237531696533,0.0,0.0,1
4.22,PINN Vanilla,0.25087545266747496,0.0008488410136984463,0.0006228818257611057,0.0011870712427768382,0.1726415455341339,0.3299078345298767,0.31437116861343384,0.15718618508646753,0.0,0.0,1
4.225,PINN Vanilla,0.25087248519063016,0.0008370024869343473,0.0006241856731263825,0.0011876573301454196,0.17279288172721863,0.3297531306743622,0.31376051902770996,0.15688085912662228,0.0,0.0,1
4.23,PINN Vanilla,0.25086949899792693,0.0008250892946539229,0.0006254988067181645,0.0011879004090267764,0.17294436693191528,0.32959824800491333,0.3131493330001831,0.15657526494485038,0.0,0.0,1
4.235,PINN Vanilla,0.2508665060400965,0.000813149113404964,0.0006268303487464293,0.0011881661143844369,0.1730951964855194,0.3294439911842346,0.312540739774704,0.15627096716905733,0.0,0.0,1
4.24,PINN Vanilla,0.25086351850628874,0.0008012305708882727,0.0006281892905678338,0.00118850109481472,0.1732463240623474,0.3292900323867798,0.3119320869445801,0.155966639590828,0.0,0.0,1
4.245,PINN Vanilla,0.25086052864789987,0.0007893027546293392,0.0006295400315918955,0.0011886824595954137,0.1733970046043396,0.32913604378700256,0.31132471561431885,0.15566295276497896,0.0,0.0,1
4.25,PINN Vanilla,0.2508575192391875,0.0007772969438179888,0.0006309057441910697,0.0011888152803827268,0.17354750633239746,0.32898256182670593,0.3107185661792755,0.15535987688907402,0.0,0.0,1
4.255,PINN Vanilla,0.2508545026779177,0.0007652625984143233,0.000632293002242838,0.0011890543360480454,0.17369785904884338,0.3288290500640869,0.31011244654655457,0.15505681591438722,0.0,0.0,1
4.26,PINN Vanilla,0.250851485937834,0.0007532275396459551,0.0006336906124970566,0.0011891510326557664,0.17384770512580872,0.3286762237548828,0.309508740901947,0.15475496193837038,0.0,0.0,1
4.265,PINN Vanilla,0.25084846845269226,0.0007411895085241791,0.0006351045507174114,0.0011890522090646782,0.17399778962135315,0.3285234570503235,0.30890515446662903,0.15445316756722613,0.0,0.0,1
4.2700000000000005,PINN Vanilla,0.2508454433977606,0.000729121278292153,0.0006365211387774147,0.0011892950273355574,0.17414775490760803,0.3283711373806,0.3083023726940155,0.15415177552897186,0.0,0.0,1
4.275,PINN Vanilla,0.2508423967361452,0.0007169668498126326,0.000637954166557798,0.0011892245544321556,0.174297034740448,0.3282186985015869,0.30770060420036316,0.1538508901321346,0.0,0.0,1
4.28,PINN Vanilla,0.2508393748104574,0.0007049111034647859,0.0006393964237250959,0.0011891399493906274,0.17444613575935364,0.32806679606437683,0.30710047483444214,0.15355082430229547,0.0,0.0,1
4.285,PINN Vanilla,0.25083631691336655,0.0006927118518967279,0.0006408637092113985,0.0011888339707790685,0.174595445394516,0.32791516184806824,0.30650052428245544,0.15325084787976523,0.0,0.0,1
4.29,PINN Vanilla,0.25083326247334503,0.0006805263920481006,0.000642325215816698,0.001188729891144713,0.17474445700645447,0.32776370644569397,0.30590197443962097,0.15295157181448793,0.0,0.0,1
4.295,PINN Vanilla,0.2508302058279517,0.0006683321340336258,0.0006438043253899163,0.0011886254538808205,0.17489305138587952,0.3276124596595764,0.30530408024787903,0.1526526235760099,0.0,0.0,1
4.3,PINN Vanilla,0.2508271304666998,0.0006560632105023824,0.0006452983452248187,0.001188280719342627,0.17504152655601501,0.3274616301059723,0.30470746755599976,0.15235431608991218,0.0,0.0,1
4.305,PINN Vanilla,0.25082407182455085,0.0006438609865809166,0.0006468058817864973,0.0011880893435780027,0.17518985271453857,0.32731106877326965,0.30411165952682495,0.15205641093670447,0.0,0.0,1
4.3100000000000005,PINN Vanilla,0.25082098397612596,0.0006315422464075524,0.0006483118343252233,0.0011875887394669493,0.17533797025680542,0.32716068625450134,0.30351686477661133,0.15175901242491377,0.0,0.0,1
4.315,PINN Vanilla,0.2508179047405722,0.0006192578666389433,0.0006498421203109837,0.0011873606730989361,0.1754857301712036,0.3270104229450226,0.302922785282135,0.1514619715423586,0.0,0.0,1
4.32,PINN Vanilla,0.2508148106634619,0.0006069142775913742,0.0006513704066029144,0.0011869973566616676,0.17563331127166748,0.32686084508895874,0.30233049392700195,0.1511658247328923,0.0,0.0,1
4.325,PINN Vanilla,0.2508117190897467,0.000594580675651193,0.0006529211281488468,0.0011865484722268227,0.1757809817790985,0.32671087980270386,0.3017374873161316,0.15086932029419048,0.0,0.0,1
4.33,PINN Vanilla,0.2508086091876032,0.0005821739538182455,0.0006544781997276735,0.0011860648785421701,0.17592844367027283,0.3265618681907654,0.301146537065506,0.15057384403954083,0.0,0.0,1
4.335,PINN Vanilla,0.25080549153685594,0.0005697363195103452,0.0006560361429458393,0.0011855146388310978,0.1760753095149994,0.32641273736953735,0.30055707693099976,0.15027911284579856,0.0,0.0,1
4.34,PINN Vanilla,0.2508023764789107,0.0005573090289920734,0.000657605408614132,0.0011849313374559522,0.17622250318527222,0.32626381516456604,0.29996711015701294,0.14998412833134778,0.0,0.0,1
4.345,PINN Vanilla,0.2507992510795595,0.0005448404822089989,0.0006591967939244156,0.0011844554018088371,0.17636922001838684,0.32611536979675293,0.2993788421154022,0.14968999318633142,0.0,0.0,1
4.3500000000000005,PINN Vanilla,0.2507961247861388,0.0005323683686021894,0.0006607824033168176,0.00118338538053403,0.17651578783988953,0.32596686482429504,0.29879114031791687,0.14939614116445984,0.0,0.0,1
4.355,PINN Vanilla,0.2507929740250113,0.0005197986429106495,0.0006623810332040921,0.0011827860239322918,0.176661878824234,0.3258187770843506,0.29820486903190613,0.1491030044010594,0.0,0.0,1
4.36,PINN Vanilla,0.2507898398637774,0.0005072951412522711,0.0006639885716645926,0.001182175292643528,0.17680850625038147,0.32567110657691956,0.2976188659667969,0.14881000174862224,0.0,0.0,1
4.365,PINN Vanilla,0.25078667244315167,0.000494658953739483,0.0006656138217017686,0.0011811502086284675,0.17695409059524536,0.3255232870578766,0.29703426361083984,0.14851769945343804,0.0,0.0,1
4.37,PINN Vanilla,0.2507835193574431,0.0004820799543057009,0.0006672457867876039,0.0011805703749069307,0.17709994316101074,0.32537612318992615,0.29645076394081116,0.1482259485033253,0.0,0.0,1
4.375,PINN Vanilla,0.2507803467512133,0.0004694230792136559,0.0006688808794144154,0.0011795196469630564,0.17724555730819702,0.3252291679382324,0.2958678603172302,0.14793449557757551,0.0,0.0,1
4.38,PINN Vanilla,0.2507771714329722,0.00045675538475536633,0.0006705178659346573,0.0011786169468093188,0.17739102244377136,0.325082391500473,0.2952858507633209,0.14764348968837016,0.0,0.0,1
4.385,PINN Vanilla,0.25077399611473106,0.0004440876902970768,0.0006721738921870609,0.0011776302011729523,0.17753642797470093,0.32493555545806885,0.29470425844192505,0.14735269241621887,0.0,0.0,1
4.39,PINN Vanilla,0.25077079829573656,0.0004313302307673365,0.0006738445077087106,0.0011763642501868565,0.17768120765686035,0.3247891664505005,0.29412418603897095,0.1470626551061931,0.0,0.0,1
4.3950000000000005,PINN Vanilla,0.25076760634779954,0.0004185961933819528,0.0006755218364825374,0.001175569477092464,0.17782604694366455,0.3246433436870575,0.29354533553123474,0.1467732287461114,0.0,0.0,1
4.4,PINN Vanilla,0.2507644044458868,0.0004058224453555472,0.000677196268952113,0.001174307075140435,0.1779704988002777,0.32449716329574585,0.2929665744304657,0.14648384708968412,0.0,0.0,1
4.405,PINN Vanilla,0.25076119217276593,0.00039300732217040636,0.0006788956565949133,0.001173277709194176,0.17811506986618042,0.32435157895088196,0.29238900542259216,0.14619506148198277,0.0,0.0,1
4.41,PINN Vanilla,0.2507579705119135,0.0003801547473329486,0.0006805941310386864,0.0011719880203361899,0.17825943231582642,0.32420632243156433,0.29181259870529175,0.14590685702178915,0.0,0.0,1
4.415,PINN Vanilla,0.2507547453939917,0.0003672883807758387,0.0006822987192617253,0.0011707111379627433,0.17840343713760376,0.32406115531921387,0.2912366986274719,0.14561890588230408,0.0,0.0,1
4.42,PINN Vanilla,0.2507515062987807,0.00035436625286979254,0.0006840117847532572,0.0011693789234956675,0.17854732275009155,0.32391631603240967,0.29066187143325806,0.1453314911866723,0.0,0.0,1
4.425,PINN Vanilla,0.2507482624948027,0.00034142533969028953,0.0006857428503787476,0.0011680516391699425,0.17869102954864502,0.3237718343734741,0.29008835554122925,0.14504473214463903,0.0,0.0,1
4.43,PINN Vanilla,0.25074501311779046,0.00032846219330774873,0.0006874712373219829,0.001166670336016029,0.17883425951004028,0.3236272633075714,0.28951528668403625,0.14475819662087797,0.0,0.0,1
4.4350000000000005,PINN Vanilla,0.2507417601644995,0.0003154847796289396,0.0006892122220116476,0.0011651657993255182,0.17897778749465942,0.32348307967185974,0.2889426052570343,0.1444718548129528,0.0,0.0,1
4.44,PINN Vanilla,0.25073849499225637,0.00030245861935495293,0.0006909583631839618,0.0011637034446838057,0.17912104725837708,0.3233392834663391,0.2883716821670532,0.14418639217689838,0.0,0.0,1
4.445,PINN Vanilla,0.25073521810770055,0.0002893857336861857,0.0006927151720789987,0.0011622187706769038,0.1792636513710022,0.3231954872608185,0.2878010869026184,0.14390109345424357,0.0,0.0,1
4.45,PINN Vanilla,0.2507319311797621,0.00027627278069415606,0.0006944899651345264,0.0011605038093286946,0.17940643429756165,0.32305222749710083,0.2872321307659149,0.14361661429858688,0.0,0.0,1
4.455,PINN Vanilla,0.2507286425530913,0.0002631530507364543,0.0006962591231250428,0.0011588869466574447,0.17954909801483154,0.32290881872177124,0.2866630554199219,0.1433320755380576,0.0,0.0,1
4.46,PINN Vanilla,0.25072534394264245,0.00024999349124357664,0.0006980464941101021,0.0011660350802035202,0.17969158291816711,0.3227657973766327,0.28609499335289,0.14304804341894534,0.0,0.0,1
4.465,PINN Vanilla,0.2507220381498339,0.00023680527826422978,0.0006998321550210113,0.0011756211722886989,0.17983373999595642,0.3226231634616852,0.285528302192688,0.14276469675586786,0.0,0.0,1
4.47,PINN Vanilla,0.25071872699260733,0.00022359566434070182,0.0007016402610937452,0.0011852021208512697,0.17997559905052185,0.32248085737228394,0.2849627733230591,0.14248193124029815,0.0,0.0,1
4.4750000000000005,PINN Vanilla,0.25071540245413804,0.00021033266695087523,0.0007034533705908867,0.0011947761113012545,0.18011745810508728,0.32233867049217224,0.28439754247665405,0.14219931473690992,0.0,0.0,1
4.48,PINN Vanilla,0.2507120627462866,0.00019700915244639443,0.0007052593436619397,0.0012042831304832635,0.18025889992713928,0.322196364402771,0.28383326530456543,0.1419171750725024,0.0,0.0,1
4.485,PINN Vanilla,0.2507087322771551,0.0001837224951236818,0.0007070838401136609,0.0012139453063271244,0.18040063977241516,0.3220547139644623,0.28326964378356934,0.14163536323489415,0.0,0.0,1
4.49,PINN Vanilla,0.2507053803801539,0.00017035035291839895,0.0007089186200036093,0.0012235005612305505,0.1805417835712433,0.32191312313079834,0.2827073037624359,0.14135419214966624,0.0,0.0,1
4.495,PINN Vanilla,0.2507020229995253,0.00015695633419231895,0.0007107582696243282,0.0012329339624752023,0.18068265914916992,0.3217719495296478,0.2821461260318756,0.1410736022119461,0.0,0.0,1
4.5,PINN Vanilla,0.2506986568570139,0.00014352736059049226,0.0007126159880397759,0.00124269241182684,0.18082362413406372,0.3216306269168854,0.2815845012664795,0.14079278875595372,0.0,0.0,1
4.505,PINN Vanilla,0.25069528204202673,0.00013006378879560235,0.0007144811003742618,0.0012521210456166165,0.18096432089805603,0.3214898705482483,0.28102487325668335,0.14051297368157722,0.0,0.0,1
4.51,PINN Vanilla,0.2506918959319594,0.00011655515612386682,0.0007163326817841648,0.0012617025727918452,0.181104838848114,0.32134920358657837,0.2804657816886902,0.14023342682912743,0.0,0.0,1
4.515,PINN Vanilla,0.25068849813938165,0.00010299991695128329,0.0007182266361335369,0.0012713558122864899,0.18124517798423767,0.32120904326438904,0.2799079120159149,0.13995449092662166,0.0,0.0,1
4.5200000000000005,PINN Vanilla,0.25068509730696703,8.94325505769824e-05,0.0007201099140418497,0.0012808004787244198,0.18138518929481506,0.3210686445236206,0.27935025095939636,0.13967565933264292,0.0,0.0,1
4.525,PINN Vanilla,0.25068169045448324,7.584116758733337e-05,0.0007220053495938142,0.0012904602063438242,0.18152520060539246,0.32092878222465515,0.2787937819957733,0.1393974237873901,0.0,0.0,1
4.53,PINN Vanilla,0.25067826703190826,6.21836794591197e-05,0.0007239090217808626,0.001300179707582172,0.1816648542881012,0.32078880071640015,0.2782377600669861,0.13911941176040948,0.0,0.0,1
4.535,PINN Vanilla,0.2506748374104502,4.85014613508552e-05,0.0007258293035785891,0.0013096634341174807,0.1818045675754547,0.32064923644065857,0.27768248319625854,0.13884177226388256,0.0,0.0,1
4.54,PINN Vanilla,0.25067139327526117,3.4761341799103535e-05,0.0007277452435436417,0.0013191191630386179,0.18194392323493958,0.3205103278160095,0.2771293520927429,0.13856520565506228,0.0,0.0,1
4.545,PINN Vanilla,0.250485863789916,0.0007053946535652667,0.0007296848261591527,0.0013288456133301874,0.18208324909210205,0.320371150970459,0.2765757739543915,0.13828841552796978,0.0,0.0,1
4.55,PINN Vanilla,0.250664490491152,7.223201251891574e-06,0.0007316281064831303,0.00133850140411923,0.18221908807754517,0.3202322721481323,0.27602341771125793,0.13801223635082133,0.0,0.0,1
4.555,PINN Vanilla,0.25066102516651173,6.601452029641017e-06,0.0007335844642600257,0.0013478721273000316,0.18235433101654053,0.3200938403606415,0.2754725515842438,0.13773680223458024,0.0,0.0,1
4.5600000000000005,PINN Vanilla,0.2506575427055361,2.049446943844326e-05,0.0007355389835062015,0.0013574980230574019,0.18248948454856873,0.3199554681777954,0.27492186427116394,0.13746145752564806,0.0,0.0,1
4.565,PINN Vanilla,0.2506540580391886,3.43962850130931e-05,0.0007375124699200987,0.001367285996163814,0.1826244294643402,0.3198172152042389,0.27437183260917664,0.13718644064351512,0.0,0.0,1
4.57,PINN Vanilla,0.25065056428313276,4.833436329896246e-05,0.000739494249571271,0.0013767142936382815,0.1827593445777893,0.31967902183532715,0.2738223671913147,0.136911706884527,0.0,0.0,1
4.575,PINN Vanilla,0.2506470591723921,6.231774024998553e-05,0.0007414979461809434,0.0013863388545126698,0.18289393186569214,0.3195413649082184,0.2732745409011841,0.13663779269253698,0.0,0.0,1
4.58,PINN Vanilla,0.25064355042576814,7.631562228536354e-05,0.0007434991779438892,0.0013959161377333218,0.18302816152572632,0.31940415501594543,0.2727275490760803,0.1363642957346551,0.0,0.0,1
4.585,PINN Vanilla,0.25064002588391326,9.03765182121874e-05,0.0007455125423277752,0.0014054519152613687,0.1831625998020172,0.31926676630973816,0.2721804976463318,0.13609076897433695,0.0,0.0,1
4.59,PINN Vanilla,0.25063648957014106,0.00010448437732209983,0.0007475329078308745,0.0014149939984091642,0.18329644203186035,0.31912967562675476,0.2716352641582489,0.13581815118832577,0.0,0.0,1
4.595,PINN Vanilla,0.2506329444050791,0.00011862754798999961,0.0007495713161705017,0.00142454243503487,0.1834300458431244,0.3189929127693176,0.2710908353328705,0.1355459357352046,0.0,0.0,1
4.6000000000000005,PINN Vanilla,0.25062939885258695,0.00013277226428168025,0.0007516163282042208,0.001434007865467879,0.18356379866600037,0.3188561797142029,0.27054598927497864,0.13527351166502935,0.0,0.0,1
4.605,PINN Vanilla,0.25062582987546944,0.00014701043136292196,0.0007536683130338186,0.0014437394097866485,0.18369725346565247,0.31871989369392395,0.2700030207633972,0.13500202637159742,0.0,0.0,1
4.61,PINN Vanilla,0.2506222532093527,0.0001612792731310299,0.0007557446794424272,0.0014533551393497435,0.1838301420211792,0.31858378648757935,0.26946112513542175,0.1347310775220188,0.0,0.0,1
4.615,PINN Vanilla,0.2506186781525614,0.0001755416946159278,0.000757821562677308,0.0014628959212699133,0.18396306037902832,0.31844761967658997,0.26891911029815674,0.13446006906756758,0.0,0.0,1
4.62,PINN Vanilla,0.2506150777339938,0.00018990529500906961,0.0007599125513432858,0.001472486496092551,0.18409603834152222,0.3183120787143707,0.268378883600235,0.1341899546862052,0.0,0.0,1
4.625,PINN Vanilla,0.2506114706099036,0.00020429564658265922,0.0007620138138556268,0.0014820853387633726,0.18422839045524597,0.3181763291358948,0.26783841848373413,0.13391972109509767,0.0,0.0,1
4.63,PINN Vanilla,0.25060785534977936,0.00021871845625498251,0.0007641314439684036,0.0014914190837675423,0.1843608021736145,0.3180413246154785,0.2673001289367676,0.1336505752929149,0.0,0.0,1
4.635,PINN Vanilla,0.25060423013567945,0.00023318097656832763,0.0007662557428761749,0.001501317559306159,0.1844930350780487,0.31790584325790405,0.2667606770992279,0.1333808483432244,0.0,0.0,1
4.64,PINN Vanilla,0.2506005870401862,0.00024771483336212866,0.000768397861422365,0.0015108424711255952,0.18462473154067993,0.3177710175514221,0.26622363924980164,0.13311232839220383,0.0,0.0,1
4.6450000000000005,PINN Vanilla,0.2505969412028792,0.0002622596284165497,0.0007705478716050706,0.0015203399375872118,0.1847565770149231,0.31763628125190735,0.26568660140037537,0.13284380844118326,0.0,0.0,1
4.65,PINN Vanilla,0.2505932844281199,0.0002768480576181896,0.0007727125964631289,0.0015299665569712406,0.18488794565200806,0.31750190258026123,0.26515138149261475,0.1325761974644697,0.0,0.0,1
4.655,PINN Vanilla,0.25058960816264175,0.00029151424358393827,0.0007748911137630767,0.001539432474292779,0.18501943349838257,0.31736770272254944,0.2646159827709198,0.13230849708044726,0.0,0.0,1
4.66,PINN Vanilla,0.25058592954278014,0.00030618982218630467,0.0007770836363379846,0.0015491544613835395,0.18515053391456604,0.3172336518764496,0.2640819251537323,0.13204146725124147,0.0,0.0,1
4.665,PINN Vanilla,0.25058223938941976,0.0003209114128187489,0.0007792926731917956,0.001558714655214677,0.18528133630752563,0.317099928855896,0.26354873180389404,0.13177486955736195,0.0,0.0,1
4.67,PINN Vanilla,0.2505785438418391,0.00033565452328930686,0.0007815087101427688,0.0015681978669954688,0.18541216850280762,0.31696632504463196,0.26301586627960205,0.13150843577688207,0.0,0.0,1
4.675,PINN Vanilla,0.25057483291626,0.00035045898313359715,0.0007837302688566988,0.0015776874121469775,0.18554237484931946,0.31683269143104553,0.2624838948249817,0.1312424490329466,0.0,0.0,1
4.68,PINN Vanilla,0.2505711106657984,0.00036530862274888713,0.0007859821815998795,0.0015873193847075195,0.18567267060279846,0.31669971346855164,0.26195332407951355,0.13097716264626408,0.0,0.0,1
4.6850000000000005,PINN Vanilla,0.2505673770308497,0.0003802036799234849,0.0007882394808554303,0.001596865540015202,0.18580293655395508,0.3165663778781891,0.2614224851131439,0.13071174214861822,0.0,0.0,1
4.69,PINN Vanilla,0.2505636242926123,0.0003951749482384106,0.0007905082579156593,0.0016063396601161406,0.18593287467956543,0.31643369793891907,0.2608928382396698,0.13044691769969827,0.0,0.0,1
4.695,PINN Vanilla,0.2505598763227465,0.00041012719349179283,0.0007927958295181382,0.0016160783382847543,0.18606236577033997,0.31630101799964905,0.2603641450405121,0.13018257008975906,0.0,0.0,1
4.7,PINN Vanilla,0.2505561111271384,0.00042514815955490675,0.0007951037464842799,0.0016256758585409536,0.18619191646575928,0.31616872549057007,0.2598366439342499,0.12991881852854573,0.0,0.0,1
4.705,PINN Vanilla,0.2505523184239867,0.0004402788649042471,0.0007974217769157744,0.0016352116191442057,0.18632125854492188,0.3160362243652344,0.259308397769928,0.12965469443687871,0.0,0.0,1
4.71,PINN Vanilla,0.25054853600263616,0.0004553685517773142,0.0007997531025747353,0.0016448559405417007,0.18645036220550537,0.3159041702747345,0.25878214836120605,0.1293915687268276,0.0,0.0,1
4.715,PINN Vanilla,0.25054473432898544,0.0004705350442610365,0.0008020919710836313,0.0016544825452201595,0.186579167842865,0.31577274203300476,0.2582574188709259,0.12912920297890204,0.0,0.0,1
4.72,PINN Vanilla,0.25054091021418595,0.00048579106402812293,0.0008044699994891258,0.0016637225581495607,0.18670794367790222,0.3156408667564392,0.25773218274116516,0.12886658391026792,0.0,0.0,1
4.7250000000000005,PINN Vanilla,0.2505370859205725,0.0005010477971601335,0.0008068480284346519,0.0016733846827352017,0.18683624267578125,0.31550976634025574,0.257208913564682,0.1286049483220316,0.0,0.0,1
4.73,PINN Vanilla,0.2505332514643671,0.0005163450731920226,0.0008092358019275164,0.0016829582884851924,0.18696483969688416,0.31537845730781555,0.25668472051620483,0.12834285079603266,0.0,0.0,1
4.735,PINN Vanilla,0.2505294030904772,0.0005316978727845399,0.0008116510089559001,0.001692282264080025,0.1870926022529602,0.31524762511253357,0.25616323947906494,0.12808210928088518,0.0,0.0,1
4.74,PINN Vanilla,0.25052554494142554,0.0005470896696533763,0.0008140859148157058,0.0017019588308591072,0.18722063302993774,0.3151167929172516,0.255641371011734,0.12782117404990176,0.0,0.0,1
4.745,PINN Vanilla,0.2505216649770739,0.0005625684970285639,0.0008165295929108459,0.0017115895876608778,0.18734845519065857,0.31498634815216064,0.25512033700942993,0.12756065605302647,0.0,0.0,1
4.75,PINN Vanilla,0.25051778289675736,0.0005780557658873584,0.0008189855989055307,0.0017211252432539625,0.18747571110725403,0.31485578417778015,0.25459977984428406,0.12730037647564157,0.0,0.0,1
4.755,PINN Vanilla,0.25051387694478056,0.0005936382689480243,0.0008214726214850511,0.0017305923289371306,0.18760305643081665,0.31472575664520264,0.25408098101615906,0.12704097607012735,0.0,0.0,1
4.76,PINN Vanilla,0.25050997266173386,0.0006092141139369507,0.0008239742070712963,0.001740147589198382,0.18773037195205688,0.31459537148475647,0.25356152653694153,0.12678124783781392,0.0,0.0,1
4.765,PINN Vanilla,0.25050604164600393,0.0006248966069647632,0.0008264914800086809,0.0017496522240613155,0.18785706162452698,0.31446564197540283,0.2530437409877777,0.12652235407371673,0.0,0.0,1
4.7700000000000005,PINN Vanilla,0.25050211021304153,0.0006405807645102891,0.0008290186240464565,0.0017589770386808867,0.18798378109931946,0.31433600187301636,0.25252634286880493,0.12626365402545547,0.0,0.0,1
4.775,PINN Vanilla,0.2504981686472895,0.0006563053460615397,0.0008315750098731571,0.0017689162480706844,0.1881103813648224,0.3142065703868866,0.2520101070404053,0.12600553512470195,0.0,0.0,1
4.78,PINN Vanilla,0.2504941978752615,0.0006721464438649101,0.0008341453397870434,0.0017784238007031994,0.1882365345954895,0.3140775263309479,0.25149497389793396,0.1257479675690199,0.0,0.0,1
4.785,PINN Vanilla,0.25049023306369805,0.0006879637628410191,0.0008367318677870277,0.0017878845054405401,0.18836265802383423,0.3139486610889435,0.2509806454181671,0.12549080234622786,0.0,0.0,1
4.79,PINN Vanilla,0.25048624774813677,0.0007038628809818093,0.0008393432944588515,0.0017973405678487486,0.18848851323127747,0.31381955742836,0.2504657506942749,0.12523335400029098,0.0,0.0,1
4.795,PINN Vanilla,0.25048225232958815,0.0007198023042343914,0.0008419674570908817,0.0018068551288940582,0.18861451745033264,0.313691109418869,0.2499527931213379,0.12497687423353374,0.0,0.0,1
4.8,PINN Vanilla,0.2504782298803332,0.0007358495644667355,0.0008446171037584979,0.00181641892460771,0.18874016404151917,0.31356239318847656,0.24943968653678894,0.12472031996068572,0.0,0.0,1
4.805,PINN Vanilla,0.25047421294450783,0.00075187482928435,0.0008472838793522106,0.0018258187618989674,0.18886515498161316,0.31343430280685425,0.24892815947532654,0.12446455545239955,0.0,0.0,1
4.8100000000000005,PINN Vanilla,0.25047017905116103,0.0007679677448645314,0.0008499815829570223,0.0018354144784592519,0.1889902651309967,0.31330612301826477,0.24841710925102234,0.12420902936360373,0.0,0.0,1
4.815,PINN Vanilla,0.25046612435579324,0.0007841436485504915,0.0008526860120303918,0.0018448391353944604,0.1891149878501892,0.31317824125289917,0.247906893491745,0.12395392050891606,0.0,0.0,1
4.82,PINN Vanilla,0.25046206784248376,0.0008003268047787396,0.0008554053218630966,0.0018544789693344388,0.1892400085926056,0.3130505681037903,0.2473967969417572,0.12369887125910096,0.0,0.0,1
4.825,PINN Vanilla,0.25045799475908304,0.0008165760661457739,0.0008581634339511977,0.0018639376328434265,0.18936434388160706,0.31292322278022766,0.2468884289264679,0.12344468627993843,0.0,0.0,1
4.83,PINN Vanilla,0.2504539034664633,0.0008328979718291799,0.0008609248518630273,0.0018736999436913537,0.18948903679847717,0.3127959072589874,0.24637997150421143,0.12319045659712147,0.0,0.0,1
4.835,PINN Vanilla,0.25044979891181013,0.0008492727854022684,0.0008637251130082094,0.0018830830856282899,0.18961301445960999,0.31266847252845764,0.24587243795394897,0.12293668885206707,0.0,0.0,1
4.84,PINN Vanilla,0.25044568088650726,0.0008657013391241174,0.0008665402742962999,0.0018927409183989718,0.18973687291145325,0.31254175305366516,0.24536621570587158,0.12268357676061117,0.0,0.0,1
4.845,PINN Vanilla,0.25044155430793785,0.0008821640154626351,0.000869378757616462,0.0019022997740054115,0.18986082077026367,0.3124149739742279,0.2448602318763733,0.12243058387890046,0.0,0.0,1
4.8500000000000005,PINN Vanilla,0.2504374096989634,0.0008986986227526003,0.0008722391786853946,0.0019116928356707752,0.18998435139656067,0.3122883141040802,0.24435484409332275,0.12217788902155269,0.0,0.0,1
4.855,PINN Vanilla,0.250433256685734,0.0009152667581884639,0.0008751193458344627,0.0019211742649707375,0.1901078224182129,0.31216222047805786,0.24385088682174683,0.12192590942267602,0.0,0.0,1
4.86,PINN Vanilla,0.25042908704280875,0.0009319012365514216,0.0008780232874910332,0.001930611247965508,0.19023066759109497,0.3120359778404236,0.24334704875946045,0.12167398942867193,0.0,0.0,1
4.865,PINN Vanilla,0.2504249031543734,0.0009485925463107017,0.0008809570288838269,0.0019400693277264458,0.19035392999649048,0.311909943819046,0.24284401535987854,0.12142247176755783,0.0,0.0,1
4.87,PINN Vanilla,0.2504207069575789,0.0009653329593474,0.0008839051440128722,0.0019494995284527472,0.1904766857624054,0.311784029006958,0.2423417568206787,0.12117134153811557,0.0,0.0,1
4.875,PINN Vanilla,0.2504164953231814,0.0009821349595459173,0.000886882515824839,0.0019591499932580247,0.19059959053993225,0.31165826320648193,0.24183958768844604,0.12092025601232775,0.0,0.0,1
4.88,PINN Vanilla,0.2504122709929945,0.0009989876086458549,0.0008898770747379927,0.00196860083484679,0.19072166085243225,0.3115329146385193,0.24133944511413574,0.12067018376937398,0.0,0.0,1
4.885,PINN Vanilla,0.2504080222249033,0.0010159377509359262,0.0008929053080449507,0.001978100114501169,0.19084393978118896,0.31140753626823425,0.24083924293518066,0.1204200817239839,0.0,0.0,1
4.89,PINN Vanilla,0.2504037696719172,0.0010329029927811225,0.000895954989223411,0.0019876413399910198,0.19096589088439941,0.31128254532814026,0.240339994430542,0.12017045651757456,0.0,0.0,1
4.8950000000000005,PINN Vanilla,0.25039951485395456,0.0010498772705804743,0.0008990184141299192,0.001997079260645407,0.1910880208015442,0.31115785241127014,0.23984158039093018,0.11992124854527333,0.0,0.0,1
4.9,PINN Vanilla,0.2503952232003214,0.001066998501530283,0.0009021261728746024,0.00200673301697446,0.1912093162536621,0.3110329210758209,0.23934370279312134,0.11967230879489879,0.0,0.0,1
4.905,PINN Vanilla,0.2503909319341185,0.0010841181868563106,0.0009052492056073829,0.0020161941938673378,0.1913309395313263,0.3109082877635956,0.23884597420692444,0.11942344355061496,0.0,0.0,1
4.91,PINN Vanilla,0.25038661584258104,0.001101336910996253,0.0009083945748040995,0.0020256835976121823,0.19145232439041138,0.31078383326530457,0.23834922909736633,0.11917507004653002,0.0,0.0,1
4.915,PINN Vanilla,0.2503822845518591,0.0011186162711450032,0.000911575813832783,0.0020351418888966966,0.19157323241233826,0.3106600046157837,0.2378544807434082,0.11892769492406097,0.0,0.0,1
4.92,PINN Vanilla,0.25037795421481157,0.0011358918266812677,0.0009147839000667149,0.0020447722274700153,0.1916942298412323,0.3105356693267822,0.2373586893081665,0.11867979825895675,0.0,0.0,1
4.925,PINN Vanilla,0.25037359777092955,0.0011532715334796268,0.0009180121292809879,0.0020541707576139934,0.19181481003761292,0.3104119598865509,0.23686504364013672,0.11843297448155915,0.0,0.0,1
4.93,PINN Vanilla,0.2503692277669909,0.0011707053371089872,0.0009212567794162423,0.00206359087282898,0.19193553924560547,0.31028828024864197,0.23637086153030396,0.11818588248223491,0.0,0.0,2
4.9350000000000005,PINN Vanilla,0.25036484783887886,0.0011881787324852153,0.0009245457836193517,0.002073047385346749,0.19205594062805176,0.31016480922698975,0.2358781397342682,0.1179395206425999,0.0,0.0,1
4.94,PINN Vanilla,0.250360454708338,0.0012057047979630395,0.000927846240713824,0.00208267442472293,0.192175954580307,0.31004154682159424,0.23538628220558167,0.11769359093829115,0.0,0.0,2
4.945,PINN Vanilla,0.25035604321956656,0.0012233041022277839,0.0009311962380927816,0.0020921441571942756,0.1922958791255951,0.30991825461387634,0.23489511013031006,0.11744800396199982,0.0,0.0,2
4.95,PINN Vanilla,0.2503516095578673,0.0012409918637285064,0.0009345607378263073,0.0021015757835824433,0.1924155056476593,0.3097951114177704,0.2344045341014862,0.11720271501007144,0.0,0.0,2
4.955,PINN Vanilla,0.25034716787934325,0.0012587116077515676,0.0009379487301106733,0.0021109394928522374,0.1925351321697235,0.30967262387275696,0.23391500115394592,0.11695794760077823,0.0,0.0,2
4.96,PINN Vanilla,0.250342702239752,0.001276526942658741,0.000941378532298807,0.002120648965712346,0.1926545798778534,0.3095501959323883,0.23342588543891907,0.11671338880853907,0.0,0.0,2
4.965,PINN Vanilla,0.25033823570609115,0.0012943458443898707,0.00094482631746727,0.0021300381310508376,0.19277384877204895,0.3094276785850525,0.23293772339820862,0.11646930685528065,0.0,0.0,2
4.97,PINN Vanilla,0.2503337498903277,0.001312241670626031,0.0009483033149083995,0.0021397257131123837,0.19289252161979675,0.3093053698539734,0.23245006799697876,0.11622547822273073,0.0,0.0,2
4.9750000000000005,PINN Vanilla,0.2503292408883574,0.0013302299964989635,0.0009518104385435531,0.0021489942278393737,0.19301170110702515,0.3091835081577301,0.2319626808166504,0.11598178370114415,0.0,0.0,2
4.98,PINN Vanilla,0.2503247235715391,0.0013482514938355534,0.0009553472869131785,0.0021584983247203704,0.19313019514083862,0.30906131863594055,0.23147660493850708,0.11573874483315606,0.0,0.0,2
4.985,PINN Vanilla,0.2503201879858973,0.0013663458732763802,0.000958913935994727,0.002168084875737275,0.19324856996536255,0.30894002318382263,0.2309916615486145,0.11549627221145758,0.0,0.0,2
4.99,PINN Vanilla,0.25031563395261786,0.0013845138481865893,0.0009625183408593392,0.002177547430505744,0.19336682558059692,0.3088183104991913,0.2305062711238861,0.1152535760714869,0.0,0.0,2
4.995,PINN Vanilla,0.25031107461452506,0.0014027029862526714,0.000966144296307923,0.0021868299933754387,0.19348493218421936,0.30869680643081665,0.2300218939781189,0.11501138657293322,0.0,0.0,2
5.0,PINN Vanilla,0.25030648016929646,0.001421032181609384,0.0009698044320181208,0.0021965046548756972,0.19360291957855225,0.30857542157173157,0.2295382022857666,0.11476953980239694,0.0,0.0,2
0.0,PINN Conservative,0.25066666502878093,1.5898356363688202e-05,7.172655443466875e-05,0.00016011372374994531,-0.0001453608274459839,0.9999722242355347,2.0001786947250366,1.0000931698086502,0.0,0.0001453608274459839,1
0.005,PINN Conservative,0.2506581614837053,1.802590024641159e-05,0.00010149657084445567,0.00023775756803307013,-0.00017720460891723633,0.9951326251029968,1.990610159933567,0.9953088841269447,0.0,0.00017720460891723633,1
0.01,PINN Conservative,0.25064929562807103,5.33955677120439e-05,0.00016189178280750526,0.0003692026205992516,-0.0002445131540298462,0.9903395771980286,1.9811341986060143,0.9905708853541104,0.0,0.0002445131540298462,1
0.015,PINN Conservative,0.25064017972722674,8.976277182785862e-05,0.0002216609037673667,0.0004984118648674318,-0.00031916797161102295,0.985594630241394,1.9717533811926842,0.9858804587202126,0.0,0.00031916797161102295,1
0.02,PINN Conservative,0.25063085116073514,0.0001269783896261401,0.00027605655040597606,0.000611077091875023,-0.0003912895917892456,0.9808979630470276,1.9624678567051888,0.9812376787313417,0.0,0.0003912895917892456,1
0.025,PINN Conservative,0.2506213880181315,0.00016473088875068598,0.0003246513797941818,0.0007090358054140933,-0.0004608333110809326,0.9762505292892456,1.953279122710228,0.9766432941737099,0.0,0.0004608333110809326,1
0.03,PINN Conservative,0.2506118647642436,0.00020272319734470091,0.000367656922784989,0.0007929342660366046,-0.0005284324288368225,0.9716524481773376,1.9441887587308884,0.9720980948118789,0.0,0.0005284324288368225,4
0.035,PINN Conservative,0.2506022962033751,0.00024089625474652993,0.00040567547104221053,0.0008636977957289793,-0.0005952194333076477,0.9671041369438171,1.9351990148425102,0.967603205687819,0.0,0.0005952194333076477,4
0.04,PINN Conservative,0.2505927662663164,0.00027891522535021106,0.000439235186641094,0.0009225351618522004,-0.0006611272692680359,0.9626067280769348,1.9263119548559189,0.9631596587108867,0.0,0.0006611272692680359,2
0.045,PINN Conservative,0.25058330962434433,0.0003166417906915904,0.00046890659453715323,0.0009699883829593636,-0.0007256492972373962,0.9581594467163086,1.9175253808498383,0.9587663549162437,0.0,0.0007256492972373962,2
0.05,PINN Conservative,0.2505739643201234,0.0003539241824081913,0.0004952898107613946,0.0010072195189632094,-0.0007889419794082642,0.9537633061408997,1.9088415801525116,0.954424437972383,0.0,0.0007889419794082642,2
0.055,PINN Conservative,0.2505647735595705,0.00039059003372839753,0.0005188437821596302,0.0010349962168281213,-0.0008500665426254272,0.9494174122810364,1.9002563655376434,0.9501318142581546,0.0,0.0008500665426254272,2
0.06,PINN Conservative,0.2505557874664667,0.00042643937957949135,0.0005401031356147632,0.0010541049313791406,-0.000909164547920227,0.9451233148574829,1.891773372888565,0.9458903017221727,0.0,0.000909164547920227,2
0.065,PINN Conservative,0.25054700403660557,0.00046148021559250046,0.0005594547033437099,0.0010652655648954457,-0.000966489315032959,0.9408791661262512,1.88338902592659,0.9416981122182594,0.0,0.000966489315032959,2
0.07,PINN Conservative,0.25053846757486486,0.000495535790774128,0.0005773068363767341,0.0010692901270252801,-0.0010216087102890015,0.9366863369941711,1.8751048743724823,0.9375560206097585,0.0,0.0010216087102890015,2
0.075,PINN Conservative,0.25053022654354595,0.0005284127684002448,0.0005939765505763983,0.0011284409723144788,-0.0010745003819465637,0.9325433373451233,1.8669182807207108,0.933462708138864,0.0,0.0010745003819465637,2
0.08,PINN Conservative,0.2505222730226817,0.0005601427445869127,0.000609737889008756,0.0011858117270874971,-0.0011250898241996765,0.9284509420394897,1.8588297963142395,0.9294184504781114,0.0,0.0011250898241996765,2
0.085,PINN Conservative,0.2505146403983238,0.0005905925281799547,0.0006248662163978024,0.0012412168570922815,-0.0011731237173080444,0.9244086146354675,1.850838579237461,0.9254228266680884,0.0,0.0011731237173080444,2
0.09,PINN Conservative,0.25050734566152116,0.0006196943346610742,0.000639524655598424,0.0012947944278288348,-0.0012189000844955444,0.9204156398773193,1.8429431840777397,0.9214751139997145,0.0,0.0012189000844955444,2
0.095,PINN Conservative,0.2505003990493717,0.0006474073238946757,0.0006538685485695467,0.0013465812754155577,-0.0012623444199562073,0.9164718389511108,1.8351431265473366,0.9175750703281949,0.0,0.0012623444199562073,2
0.1,PINN Conservative,0.25049381513148566,0.0006736733715112036,0.000668030389145742,0.0013965243010875034,-0.0013032108545303345,0.9125771522521973,1.8274374306201935,0.9137222076386352,0.0,0.0013032108545303345,2
0.105,PINN Conservative,0.25048760748282095,0.0006984383212320261,0.0006820702992543293,0.0014443556862981809,-0.0013414770364761353,0.9087307453155518,1.8198237866163254,0.9099153710866291,0.0,0.0013414770364761353,2
0.11,PINN Conservative,0.2504817936345937,0.0007216322335824987,0.0006960264720219992,0.0014902460814469104,-0.0013774186372756958,0.904931902885437,1.812302552163601,0.9061547394867944,0.0,0.0013774186372756958,2
0.115,PINN Conservative,0.25047636291757247,0.0007432976726631183,0.0007099375582283863,0.0015345041690239078,-0.0014109089970588684,0.9011807441711426,1.804872214794159,0.9024395566023099,0.0,0.0014109089970588684,2
0.12,PINN Conservative,0.2504713372103872,0.0007633473553169862,0.0007237895849956192,0.0015763203150952658,-0.0014416873455047607,0.8974761962890625,1.7975307404994965,0.8987688054250372,0.0,0.0014416873455047607,2
0.125,PINN Conservative,0.250466693852097,0.0007818716856719353,0.0007375766097263139,0.0016165674073583959,-0.0014698430895805359,0.8938179016113281,1.7902778014540672,0.8951423220415766,0.0,0.0014698430895805359,2
0.13,PINN Conservative,0.2504624696299436,0.0007987239037804262,0.0007512353418626781,0.0016549802243873376,-0.0014958158135414124,0.8902053833007812,1.783112183213234,0.8915594992272886,0.0,0.0014958158135414124,2
0.135,PINN Conservative,0.2504586323015394,0.0008140326382344994,0.0007647523085577156,0.001691788152759661,-0.0015188753604888916,0.8866376280784607,1.776030756533146,0.8880187723542677,0.0,0.0015188753604888916,2
0.14,PINN Conservative,0.2504552049748602,0.0008277057014944542,0.0007780446541197745,0.0017262811425298162,-0.0015393644571304321,0.883114755153656,1.7690347656607628,0.8845207635483716,0.0,0.0015393644571304321,2
0.145,PINN Conservative,0.2504521735981109,0.0008397991521447227,0.0007910757359223613,0.001759010054487495,-0.0015575438737869263,0.8796349763870239,1.7621204629540443,0.8810635989814182,0.0,0.0015575438737869263,2
0.15,PINN Conservative,0.25044952841475626,0.0008503519131526393,0.0008037955672373935,0.0017902878664466885,-0.0015728622674942017,0.8761983513832092,1.7552873343229294,0.8776470216073944,0.0,0.0015728622674942017,2
0.155,PINN Conservative,0.2504472793266179,0.0008593244819418964,0.0008161101688772051,0.0018194924316285138,-0.0015857592225074768,0.8728045225143433,1.748534582555294,0.8742706328187148,0.0,0.0015857592225074768,2
0.16,PINN Conservative,0.2504454161226752,0.0008667575946152897,0.0008280135218066241,0.0018469869866184487,-0.0015959814190864563,0.8694522380828857,1.7418598309159279,0.8709332442432322,0.0,0.0015959814190864563,2
0.165,PINN Conservative,0.25044393580406926,0.0008726632148954349,0.000839391999321057,0.0018728194858712215,-0.0016034841537475586,0.8661412000656128,1.735262081027031,0.8676343566901384,0.0,0.0016034841537475586,2
0.17,PINN Conservative,0.2504428120777013,0.0008771462371322798,0.0008502408837190692,0.001897195589373782,-0.0016084685921669006,0.8628703951835632,1.7287396937608719,0.8643731505924356,0.0,0.0016084685921669006,2
0.17500000000000002,PINN Conservative,0.2504420539066198,0.0008801709039148152,0.0008605007699931185,0.0019192132747935004,-0.0016110241413116455,0.8596394062042236,1.7222919836640358,0.8611492832221063,0.0,0.0016110241413116455,2
0.18,PINN Conservative,0.25044165556132814,0.0008817600726406641,0.0008701412508168587,0.0019401598415524275,-0.0016108080744743347,0.8564475178718567,1.715916395187378,0.8579614767996941,0.0,0.0016108080744743347,2
0.185,PINN Conservative,0.25044159298017643,0.0008820097354613485,0.0008790905272465949,0.001959403335416385,-0.0016080588102340698,0.8532938957214355,1.70961232483387,0.8548094295755319,0.0,0.0016080588102340698,2
0.19,PINN Conservative,0.250441877871752,0.0008808731818441065,0.0008873557000907093,0.0019770146189662186,-0.0016029030084609985,0.8501779437065125,1.7033779099583626,0.8516922102234852,0.0,0.0016029030084609985,2
0.195,PINN Conservative,0.25044248339533826,0.0008784574908186064,0.0008949073526517553,0.0019930449638006988,-0.0015948638319969177,0.8470995426177979,1.6972125694155693,0.8486095281698003,0.0,0.0015948638319969177,2
0.2,PINN Conservative,0.2504433975629511,0.0008748104875503874,0.0009017149500525379,0.002007550686423446,-0.0015841275453567505,0.8440568447113037,1.691113069653511,0.8455597666323079,0.0,0.0015841275453567505,2
0.20500000000000002,PINN Conservative,0.2504446203634145,0.0008699322166250619,0.0009077771335280346,0.0020206274265704306,-0.0015711784362792969,0.8410501480102539,1.6850805133581161,0.8425434769560798,0.0,0.0015711784362792969,2
0.21,PINN Conservative,0.25044612836465263,0.0008639161585557847,0.0009130702876068825,0.00203235717047913,-0.0015557706356048584,0.8380786776542664,1.6791121140122414,0.839559265877219,0.0,0.0015557706356048584,2
0.215,PINN Conservative,0.25044791882857703,0.0008567732367411574,0.0009176038725618827,0.002042426770472963,-0.0015374943614006042,0.835141122341156,1.673205740749836,0.836606067958628,0.0,0.0015374943614006042,2
0.22,PINN Conservative,0.25044998966902515,0.0008485117737706331,0.0009213597597341056,0.002051054692058664,-0.0015171244740486145,0.8322378993034363,1.667363129556179,0.8336847511962638,0.0,0.0015171244740486145,2
0.225,PINN Conservative,0.25045231726765654,0.0008392259932456633,0.000924360528488431,0.00205849281070808,-0.0014936849474906921,0.8293675184249878,1.6615795195102692,0.8307929351205275,0.0,0.0014936849474906921,2
0.23,PINN Conservative,0.25045488050580045,0.0008290001465225515,0.000926623282783567,0.002064655752248871,-0.001468271017074585,0.8265292644500732,1.6558552533388138,0.8279307910954277,0.0,0.001468271017074585,2
0.23500000000000001,PINN Conservative,0.2504576816931369,0.0008178250193055788,0.0009281327854354626,0.002069569736783137,-0.0014398843050003052,0.823723316192627,1.6501892805099487,0.8250977938530246,0.0,0.0014398843050003052,2
0.24,PINN Conservative,0.25046070259436987,0.0008057733599436955,0.000928935383172968,0.002073290845164389,-0.0014094337821006775,0.8209486603736877,1.644580751657486,0.8222935187086012,0.0,0.0014094337821006775,2
0.245,PINN Conservative,0.2504639312438669,0.0007928929044316589,0.0009290219256992183,0.0020758397329422307,-0.0013762116432189941,0.8182042241096497,1.6390263587236404,0.8195163116269429,0.0,0.0013762116432189941,2
0.25,PINN Conservative,0.25046735874936005,0.0007792191278070014,0.0009284468685831267,0.002076907786450223,-0.0013409554958343506,0.8154902458190918,1.6335280537605286,0.8167671486378386,0.0,0.0013409554958343506,2
0.255,PINN Conservative,0.25047097842395327,0.0007647787069409646,0.0009271903270148498,0.002077171835087592,-0.0013028010725975037,0.8128055334091187,1.6280824169516563,0.8140443198265056,0.0,0.0013028010725975037,2
0.26,PINN Conservative,0.25047475532814883,0.0007497110303446455,0.0009253121227775141,0.0020763662366715284,-0.001262478530406952,0.8101496696472168,1.6226886510849,0.8113474265853586,0.0,0.001262478530406952,2
0.265,PINN Conservative,0.2504787111282351,0.0007339296619822419,0.0009228403808629468,0.0020742928975789436,-0.001219622790813446,0.8075223565101624,1.6173463761806488,0.8086762789238663,0.0,0.001219622790813446,2
0.27,PINN Conservative,0.25048281126469396,0.000717572474464664,0.0009197936420953274,0.002071372192357591,-0.001174628734588623,0.8049226403236389,1.612054482102394,0.8060303217716525,0.0,0.001174628734588623,2
0.275,PINN Conservative,0.2504870581366124,0.0007006298968139522,0.0009162344450079846,0.0020676279585070236,-0.0011269301176071167,0.8023503422737122,1.6068111285567284,0.8034086349784967,0.0,0.0011269301176071167,2
0.28,PINN Conservative,0.25049142960831544,0.0006831902376483366,0.0009121499039296449,0.0020629181733490118,-0.0010769665241241455,0.7998046875,1.601616010069847,0.8008110658069127,0.0,0.0010769665241241455,2
0.28500000000000003,PINN Conservative,0.25049592047557256,0.0006652742588562803,0.0009076032750226686,0.002057115319299824,-0.001024782657623291,0.7972849607467651,1.596467800438404,0.7982369511526933,0.0,0.001024782657623291,2
0.29,PINN Conservative,0.2505005220361056,0.0006469166775250003,0.0009026267335038558,0.0020504898888202856,-0.0009703859686851501,0.7947912812232971,1.5913664922118187,0.7956862872905337,0.0,0.0009703859686851501,2
0.295,PINN Conservative,0.25050521890819094,0.0006281788578898046,0.0008972500161177839,0.002043162118713162,-0.0009136795997619629,0.7923226952552795,1.5863105356693268,0.7931582993570903,0.0,0.0009136795997619629,2
0.3,PINN Conservative,0.25050999595969936,0.0006091211684473781,0.0008915403800826579,0.002034831450848814,-0.0008544996380805969,0.789878785610199,1.5812979266047478,0.7906519852454426,0.0,0.0008544996380805969,2
0.305,PINN Conservative,0.250514865357429,0.0005896950706672575,0.0008854936833870824,0.002025987685930591,-0.0007933229207992554,0.787459135055542,1.5763299688696861,0.7881679968838846,0.0,0.0007933229207992554,2
0.31,PINN Conservative,0.2505197926424446,0.0005700380358925002,0.0008791950786626315,0.002016539303606887,-0.000729680061340332,0.7850629687309265,1.571403056383133,0.7857045312250205,0.0,0.000729680061340332,2
0.315,PINN Conservative,0.25052478667348643,0.0005501147228419676,0.0008726255632041381,0.0020060866028623436,-0.0006637349724769592,0.7826907634735107,1.5665198042988777,0.7832628958507427,0.0,0.0006637349724769592,2
0.32,PINN Conservative,0.2505298361256721,0.0005299703112862168,0.0008658832637019218,0.001995202897166164,-0.0005957484245300293,0.7803407907485962,1.561675876379013,0.7808409226338107,0.0,0.0005957484245300293,2
0.325,PINN Conservative,0.2505349279753866,0.0005096567579623624,0.0008589513165720956,0.001983724737544176,-0.0005258247256278992,0.7780135869979858,1.5568736493587494,0.7784397999463718,0.0,0.0005258247256278992,2
0.33,PINN Conservative,0.25054005207866453,0.0004892145314615197,0.0008519195536993595,0.001971814669367668,-0.0004533156752586365,0.775708019733429,1.5521094053983688,0.776057668861462,0.0,0.0004533156752586365,2
0.335,PINN Conservative,0.2505452006943526,0.00046867451453504774,0.0008447978418332809,0.001958966614978204,-0.0003789365291595459,0.7734243273735046,1.547384925186634,0.7736954197268657,0.0,0.0003789365291595459,2
0.34,PINN Conservative,0.2505503820516171,0.0004480038775399537,0.0008376224135168899,0.001946117636919091,-0.0003022104501724243,0.7711619138717651,1.542698286473751,0.7713520914140125,0.0,0.0003022104501724243,2
0.34500000000000003,PINN Conservative,0.2505555625520649,0.0004273366587510682,0.0008304429007643167,0.0019324558963097764,-0.00022380053997039795,0.7689204216003418,1.5380495116114616,0.7690276950988157,0.0,0.00022380053997039795,2
0.35000000000000003,PINN Conservative,0.2505607541613283,0.000406625122173855,0.0008232788782595092,0.0019184535215950645,-0.0001428648829460144,0.7666991353034973,1.5334368646144867,0.7667213627853185,0.0,0.0001428648829460144,2
0.355,PINN Conservative,0.25056596215069316,0.00038584823840772775,0.0008161615519953861,0.0019040753250249751,-5.999952554702759e-05,0.7644980549812317,1.5288603380322456,0.7644330907482163,0.0,5.999952554702759e-05,2
0.36,PINN Conservative,0.25057114253565693,0.00036518148033366137,0.0008091692801043365,0.0018895776354002141,2.4788081645965576e-05,0.7623162269592285,1.5243185237050056,0.7621621749049515,0.0,0.0,2
0.365,PINN Conservative,0.25057632876187586,0.00034449141900939244,0.0008022892560883346,0.001874328265554314,0.00011151283979415894,0.7601538896560669,1.519811749458313,0.7599087791689239,0.0,0.0,2
0.37,PINN Conservative,0.25058148946985626,0.00032390316078773144,0.0007955579893084879,0.0018592530947041481,0.00020019710063934326,0.7580108642578125,1.5153401643037796,0.7576729780462239,0.0,0.0,2
0.375,PINN Conservative,0.25058664621785304,0.0003033307006243227,0.0007890173425518465,0.0018435964533234182,0.0002909228205680847,0.7558861374855042,1.510901227593422,0.7554535012080048,0.0,0.0,2
0.38,PINN Conservative,0.2505917564183476,0.0002829439382371419,0.0007826944334065226,0.0018276458926537592,0.00038357824087142944,0.7537798285484314,1.5064954832196236,0.7532506206014976,0.0,0.0,2
0.385,PINN Conservative,0.25059684188291453,0.0002626558579816349,0.0007766072767081118,0.0018117369336232685,0.0004782676696777344,0.7516912221908569,1.5021220073103905,0.7510638742889398,0.0,0.0,2
0.39,PINN Conservative,0.2506019047833981,0.000242457795447905,0.0007707791515842166,0.0017952862322090654,0.0005749538540840149,0.7496206164360046,1.497780054807663,0.7488928897398777,0.0,0.0,2
0.395,PINN Conservative,0.2506069279871883,0.00022241809990120354,0.0007652450516579488,0.001778951577646238,0.0006730705499649048,0.7475672960281372,1.4934707581996918,0.7467382332006008,0.0,0.0,2
0.4,PINN Conservative,0.2506119114905598,0.00020253678620354886,0.0007600059755414563,0.0017624298290280695,0.0007734149694442749,0.745530903339386,1.4891907647252083,0.7445982282840676,0.0,0.0,2
0.405,PINN Conservative,0.2506168463267388,0.00018284962662752603,0.0007551118739505287,0.0017459319458320507,0.000875614583492279,0.7435112595558167,1.4849414452910423,0.7424735604463129,0.0,0.0,2
0.41000000000000003,PINN Conservative,0.2506217335462572,0.00016335243015503615,0.0007505542357165129,0.0017292028441287704,0.0009795650839805603,0.7415081262588501,1.4807220101356506,0.7403638348050556,0.0,0.0,2
0.41500000000000004,PINN Conservative,0.25062656757608076,0.00014406742998911696,0.0007463435684099281,0.0017123598839350425,0.001085132360458374,0.739521324634552,1.4765328168869019,0.7382692301749139,0.0,0.0,2
0.42,PINN Conservative,0.2506313700638714,0.0001249082644027293,0.0007425022627231871,0.0016955776856500014,0.0011925622820854187,0.7375504970550537,1.4723717719316483,0.7361886997453124,0.0,0.0,2
0.425,PINN Conservative,0.25063610839471245,0.00010600504816450667,0.0007390296596111481,0.001678791825975732,0.001301690936088562,0.7355949282646179,1.4682389050722122,0.7341222584174696,0.0,0.0,2
0.43,PINN Conservative,0.2506408020406964,8.72800988193249e-05,0.0007359521205857383,0.0016621436370356157,0.0014124289155006409,0.7336553335189819,1.4641355127096176,0.7320705543943749,0.0,0.0,2
0.435,PINN Conservative,0.25064542640745663,6.883153375168154e-05,0.0007332682466733376,0.0016452703206010352,0.0015250816941261292,0.7317306995391846,1.4600589126348495,0.7300322465663948,0.0,0.0,2
0.44,PINN Conservative,0.25064999444782754,5.060767859838221e-05,0.0007309723699900045,0.0016285513814106069,0.0016393661499023438,0.7298210263252258,1.456009328365326,0.7280074466926656,0.0,0.0,2
0.445,PINN Conservative,0.2506545026525857,3.262253314357185e-05,0.0007290600281630201,0.0016120253849409242,0.0017550885677337646,0.7279260754585266,1.4519869163632393,0.7259962330045825,0.0,0.0,2
0.45,PINN Conservative,0.2506589562334122,1.4855305775636483e-05,0.0007275429927630837,0.0015955101025162477,0.001872926950454712,0.7260453104972839,1.4479897543787956,0.723997644373575,0.0,0.0,2
0.455,PINN Conservative,0.2506633515432479,2.679453835899621e-06,0.0007264205151989976,0.0015793463624269128,0.0019923076033592224,0.724179208278656,1.4440192952752113,0.7220124072340277,0.0,0.0,2
0.46,PINN Conservative,0.2506676781177523,1.9939998987820713e-05,0.000725680331158347,0.00156287363195288,0.0021130889654159546,0.7223266363143921,1.440073937177658,0.7200397206454654,0.0,0.0,2
0.465,PINN Conservative,0.25067194653302455,3.696852223614331e-05,0.0007253151745607976,0.001546744983635084,0.002235397696495056,0.7204884886741638,1.4361548125743866,0.7180801508541774,0.0,0.0,2
0.47000000000000003,PINN Conservative,0.25067615726962705,5.376694074868581e-05,0.0007253333081958901,0.001530978520993367,0.0023594871163368225,0.7186635136604309,1.4322598353028297,0.7161326547748936,0.0,0.0,2
0.47500000000000003,PINN Conservative,0.2506803000718357,7.029434008175357e-05,0.0007256977650165124,0.0015152823578779631,0.002484731376171112,0.7168519496917725,1.428390346467495,0.7141979029624307,0.0,0.0,2
0.48,PINN Conservative,0.25068438205495497,8.657910620969246e-05,0.0007264271270480862,0.001499722275822275,0.002611786127090454,0.7150536775588989,1.424543745815754,0.7122745952855051,0.0,0.0,2
0.485,PINN Conservative,0.25068840324133657,0.00010262132830328409,0.0007274879189366455,0.0014844802584367267,0.0027401000261306763,0.7132688164710999,1.4207225888967514,0.710364009523573,0.0,0.0,2
0.49,PINN Conservative,0.250692367654294,0.00011843705707044278,0.0007288900824324947,0.0014695330271146008,0.0028703436255455017,0.7114962339401245,1.4169228300452232,0.7084641228362709,0.0,0.0,2
0.495,PINN Conservative,0.2506962648816409,0.0001339847538731099,0.0007306010771029937,0.0014548708008241384,0.0030017346143722534,0.7097364068031311,1.4131469130516052,0.706576157123487,0.0,0.0,2
0.5,PINN Conservative,0.25070009781420255,0.00014927595144245416,0.0007326138182647096,0.0014404291548276334,0.0031347572803497314,0.7079890370368958,1.409393660724163,0.7046995237871044,0.0,0.0,2
0.505,PINN Conservative,0.25070387031137964,0.00016432604656843198,0.0007349119583614474,0.0014262916370015085,0.0032690539956092834,0.706253707408905,1.4056623727083206,0.7028338726484965,0.0,0.0,2
0.51,PINN Conservative,0.2507075815461578,0.00017913173993921042,0.0007374915928514414,0.0014169018710388274,0.0034048855304718018,0.7045308947563171,1.4019539430737495,0.700979650744208,0.0,0.0,2
0.515,PINN Conservative,0.2507112333029511,0.00019370015034112675,0.0007403410620865739,0.0014610254703985902,0.003542102873325348,0.7028200030326843,1.3982674106955528,0.6991363775099534,0.0,0.0,2
0.52,PINN Conservative,0.2507148229368033,0.00020802072591939535,0.0007434252054419259,0.0015044461508316844,0.003680512309074402,0.7011206746101379,1.3946018666028976,0.6973035984585793,0.0,0.0,2
0.525,PINN Conservative,0.25071834018453976,0.0002220525225067277,0.0007467347728681253,0.0015476910845607207,0.003820270299911499,0.6994333267211914,1.3909589499235153,0.6954821331570837,0.0,0.0,2
0.53,PINN Conservative,0.25072182770073437,0.00023596570733322287,0.0007502729042009216,0.0015902537901829835,0.003961481153964996,0.6977572441101074,1.387335829436779,0.6936705659897427,0.0,0.0,2
0.535,PINN Conservative,0.25072523823753023,0.00024957178861014406,0.0007540151451743988,0.0016321754478261317,0.004104025661945343,0.696092426776886,1.383733093738556,0.6918691912556147,0.0,0.0,2
0.54,PINN Conservative,0.2507285945527258,0.0002629615568709374,0.0007579321490327241,0.00167325502627237,0.004247784614562988,0.6944389343261719,1.3801513090729713,0.6900782920778447,0.0,0.0,2
0.545,PINN Conservative,0.25073188651353145,0.00027609458811009985,0.0007620474790622799,0.001713952270511809,0.004393123090267181,0.692796528339386,1.3765892460942268,0.6882972537811837,0.0,0.0,2
0.55,PINN Conservative,0.2507351291216912,0.00028903073066230937,0.0007663241421837493,0.0017536823380707692,0.0045394450426101685,0.6911645531654358,1.373046487569809,0.6865258677485778,0.0,0.0,2
0.555,PINN Conservative,0.2507383211068811,0.0003017649166652195,0.0007707398823829736,0.0017929385848719196,0.004687003791332245,0.6895438432693481,1.3695243746042252,0.6847648045348438,0.0,0.0,2
0.56,PINN Conservative,0.25074144915863894,0.00031424404502623056,0.000775315369780249,0.0018310917593254072,0.004835844039916992,0.6879334449768066,1.3660207390785217,0.6830129800763612,0.0,0.0,2
0.5650000000000001,PINN Conservative,0.2507445255182686,0.0003265169515108587,0.000780010352932328,0.0018682267780919496,0.004985898733139038,0.6863337159156799,1.36253672093153,0.6812709643447245,0.0,0.0,2
0.5700000000000001,PINN Conservative,0.250747542049736,0.0003385511780201488,0.0007848235454521686,0.0019050495047682001,0.00513729453086853,0.6847442984580994,1.3590704500675201,0.6795378222884946,0.0,0.0,2
0.5750000000000001,PINN Conservative,0.25075051180645846,0.00035039880018559105,0.0007897456158120554,0.0019406460764433914,0.005289807915687561,0.6831650137901306,1.3556231185793877,0.6778141499563974,0.0,0.0,2
0.58,PINN Conservative,0.25075342495739483,0.00036202059780413373,0.0007947760994651118,0.0019758057254563918,0.005443595349788666,0.6815958023071289,1.3521935492753983,0.6760993587503163,0.0,0.0,2
0.585,PINN Conservative,0.2507562848553064,0.0003734299464660007,0.0007998949335880393,0.002010023999533498,0.005598545074462891,0.6800371408462524,1.3487836122512817,0.67439438372169,0.0,0.0,3
0.59,PINN Conservative,0.25075908561795973,0.00038460337944144464,0.0008050927627334123,0.0020436072077905333,0.005754739046096802,0.6784878373146057,1.345390759408474,0.6726979508163669,0.0,0.0,3
0.595,PINN Conservative,0.25076183780655287,0.00039558302983929425,0.0008103596008688935,0.0020761250606923876,0.005911707878112793,0.6769483089447021,1.342015340924263,0.6710102351236601,0.0,0.0,3
0.6,PINN Conservative,0.25076453986763975,0.0004063627003028507,0.00081571106907899,0.0021082875164465387,0.006070002913475037,0.6754183173179626,1.3386565893888474,0.6693308529372024,0.0,0.0,3
0.605,PINN Conservative,0.25076720306277295,0.0004169873179532301,0.0008211149587123296,0.002139298890107332,0.006229370832443237,0.6738982796669006,1.3353159427642822,0.6676605232407693,0.0,0.0,3
0.61,PINN Conservative,0.25076978655159493,0.00042729395324082474,0.0008265761284594828,0.002169639443908568,0.006389833986759186,0.672387421131134,1.3319917246699333,0.6659984078408402,0.0,0.0,3
0.615,PINN Conservative,0.2507723404504361,0.0004374825415147584,0.0008321013746905678,0.002212828176987893,0.0065515413880348206,0.6708858609199524,1.3286849856376648,0.6643450320053547,0.0,0.0,3
0.62,PINN Conservative,0.2507748355008664,0.0004474363584579755,0.0008376464356653594,0.002260660029129084,0.006714120507240295,0.6693936586380005,1.325394444167614,0.6626997549819323,0.0,0.0,3
0.625,PINN Conservative,0.2507772797234359,0.000457187401455055,0.0008432580361164572,0.0023075403984353492,0.00687805563211441,0.6679105758666992,1.3221188485622406,0.661061950919411,0.0,0.0,3
0.63,PINN Conservative,0.25077967902272963,0.00046675922640586137,0.0008489039615104866,0.002354407403726431,0.007042936980724335,0.6664366126060486,1.3188612386584282,0.6594331397420419,0.0,0.0,3
0.635,PINN Conservative,0.2507820222787561,0.00047610747093667624,0.0008545692021453458,0.002400039771244848,0.007208988070487976,0.6649714112281799,1.315617598593235,0.6578113135106795,0.0,0.0,3
0.64,PINN Conservative,0.250784320227802,0.00048527496665945555,0.0008602836205157364,0.002445397387335964,0.00737529993057251,0.6635149121284485,1.3123910874128342,0.6561980517544473,0.0,0.0,3
0.645,PINN Conservative,0.2507865691147747,0.0004942467329134498,0.0008660167386226582,0.0024901321494204326,0.0075432658195495605,0.6620676517486572,1.309179350733757,0.6545921772771119,0.0,0.0,3
0.65,PINN Conservative,0.2507887549996378,0.0005029671569668063,0.0008717857184691233,0.0025343018785780715,0.007712408900260925,0.6606286764144897,1.3059822469949722,0.652993619297887,0.0,0.0,3
0.655,PINN Conservative,0.2507908971980216,0.0005115132970807281,0.0008775765523577247,0.002577604567479263,0.007882319390773773,0.6591983437538147,1.3028006851673126,0.6514028323039261,0.0,0.0,3
0.66,PINN Conservative,0.2507929899170997,0.0005198620432079298,0.0008833853849706938,0.002620358298779427,0.008053123950958252,0.6577761769294739,1.2996330112218857,0.649818989277622,0.0,0.0,3
0.665,PINN Conservative,0.25079503959789895,0.0005280390913430487,0.0008892188236331934,0.002663007455890005,0.00822504609823227,0.6563628911972046,1.2964809387922287,0.6482429470390182,0.0,0.0,3
0.67,PINN Conservative,0.25079702671617293,0.0005359665509662462,0.0008984080225432393,0.0027046999051014466,0.008398167788982391,0.6549577116966248,1.2933424934744835,0.6466737183824124,0.0,0.0,3
0.675,PINN Conservative,0.2507989665754142,0.0005437054742155376,0.000904361886378609,0.0027460079655800005,0.008571997284889221,0.6535608768463135,1.2902187183499336,0.6451118248504397,0.0,0.0,3
0.68,PINN Conservative,0.25080085689574505,0.0005512467656898011,0.0009103160777415608,0.0027862951262298125,0.00874675065279007,0.6521719098091125,1.2871084585785866,0.6435566890208971,0.0,0.0,3
0.685,PINN Conservative,0.25080268901959085,0.0005585558866427181,0.0009163038237908029,0.0028260753228464127,0.008922450244426727,0.6507914662361145,1.2840130105614662,0.6420089590967738,0.0,0.0,3
0.6900000000000001,PINN Conservative,0.25080446899682307,0.0005656569725837908,0.0009223062810762339,0.002865330026916569,0.009099110960960388,0.649418294429779,1.2809304147958755,0.6404676553229767,0.0,0.0,3
0.6950000000000001,PINN Conservative,0.2508061997815969,0.0005725618088940717,0.0009283251064433406,0.0029036057675125067,0.009276673197746277,0.6480537056922913,1.2778617441654205,0.6389333141433591,0.0,0.0,3
0.7000000000000001,PINN Conservative,0.25080788804590726,0.0005792970129978358,0.0009343727510535825,0.0029417106413703546,0.009455427527427673,0.6466966271400452,1.27480548620224,0.6374051793210999,0.0,0.0,3
0.705,PINN Conservative,0.2508095090314748,0.0005857638135928493,0.000940428184531841,0.002978804865607177,0.00963478535413742,0.6453472375869751,1.2717634961009026,0.6358841784570289,0.0,0.0,3
0.71,PINN Conservative,0.25081108177080774,0.0005920381394459628,0.000946500473893035,0.00301530874192797,0.009815044701099396,0.644005537033081,1.2687342911958694,0.6343695702155433,0.0,0.0,3
0.715,PINN Conservative,0.2508125989772382,0.0005980909209410574,0.0009526011547222789,0.0030515234959161783,0.009996697306632996,0.6426719427108765,1.2657181024551392,0.6328614700810837,0.0,0.0,3
0.72,PINN Conservative,0.2508140611089768,0.000603923986075391,0.0009587218559567444,0.003086565235279489,0.010178908705711365,0.6413453817367554,1.2627142891287804,0.6313595576774599,0.0,0.0,3
0.725,PINN Conservative,0.25081546672806165,0.0006095315982073055,0.00096484124699084,0.003121324804341438,0.010361798107624054,0.6400261521339417,1.259723223745823,0.6298640192698988,0.0,0.0,3
0.73,PINN Conservative,0.2508168276250365,0.0006149607948286527,0.0009710136253836226,0.0031550297477976,0.010545589029788971,0.6387150883674622,1.2567453533411026,0.6283750783766724,0.0,0.0,3
0.735,PINN Conservative,0.2508181172795596,0.0006201057750212001,0.0009771939544194405,0.0031885309096535384,0.010730244219303131,0.6374107599258423,1.2537796534597874,0.6268922227684072,0.0,0.0,3
0.74,PINN Conservative,0.250819353874773,0.0006250390790689622,0.000983393503050889,0.0032209959272610465,0.01091603934764862,0.6361140608787537,1.2508261390030384,0.625415459895712,0.0,0.0,3
0.745,PINN Conservative,0.25082054184749747,0.0006297784073364343,0.0009896239101288328,0.0032527215109430397,0.011102452874183655,0.6348243355751038,1.2478844299912453,0.6239445997680556,0.0,0.0,3
0.75,PINN Conservative,0.2508216597922149,0.0006342383641111634,0.0009958601925300773,0.0032841453368337332,0.011290255934000015,0.6335418224334717,1.2449537478387356,0.6224792530911138,0.0,0.0,3
0.755,PINN Conservative,0.2508227276578548,0.0006384985341545164,0.0010021325988464876,0.0033147156419642554,0.011478621512651443,0.6322663426399231,1.2420358285307884,0.6210202878608438,0.0,0.0,3
0.76,PINN Conservative,0.250823731210083,0.000642502130655562,0.0010084189417582249,0.0033448698333264967,0.011667843908071518,0.6309976577758789,1.239128701388836,0.6195667187341956,0.0,0.0,3
0.765,PINN Conservative,0.2508246828429403,0.0006462985987123832,0.0010147368323346025,0.0033741315065433045,0.011857572942972183,0.6297361254692078,1.23623451218009,0.6181196185988755,0.0,0.0,3
0.77,PINN Conservative,0.25082558077201267,0.0006498808195388643,0.0010210793957664372,0.003402509405826858,0.012048371136188507,0.6284815073013306,1.2333511523902416,0.6166779331937,0.0,0.0,3
0.775,PINN Conservative,0.2508264058940115,0.0006531725819948989,0.0010274431309479687,0.003430537494651543,0.012239795178174973,0.6272339820861816,1.230479922145605,0.6152423125843105,0.0,0.0,3
0.78,PINN Conservative,0.2508271717913451,0.000656228072081827,0.0010338244123785996,0.0034578256702948815,0.012432437390089035,0.6259925961494446,1.227618470788002,0.6138115814371257,0.0,0.0,3
0.785,PINN Conservative,0.25082787520438454,0.0006590342857539049,0.0010402293458659409,0.003484782013385458,0.012620992958545685,0.6247584223747253,1.2247686721384525,0.6123866766662367,0.0,0.0,3
0.79,PINN Conservative,0.25082852854952237,0.0006616407572799977,0.0010466600809588566,0.003510584059041493,0.012805875390768051,0.6235311627388,1.2219313867390156,0.6109680285443173,0.0,0.0,3
0.795,PINN Conservative,0.25082911214604997,0.0006639689719461245,0.0010531115119204984,0.0035361211916028583,0.0129924975335598,0.6223101019859314,1.2191032394766808,0.6095539495084126,0.0,0.0,3
0.8,PINN Conservative,0.250829626362771,0.0006660204010668601,0.001059593614914719,0.0035607644441356997,0.013180539011955261,0.6210957169532776,1.2162860296666622,0.6081453392195679,0.0,0.0,3
0.805,PINN Conservative,0.250830097474158,0.0006678998646838321,0.001066092497557444,0.0035849792247304585,0.01336987316608429,0.6198878288269043,1.2134807258844376,0.6067426819673734,0.0,0.0,3
0.81,PINN Conservative,0.25083049072325253,0.0006694687025126648,0.0010726209721481042,0.003608430657603426,0.01356060802936554,0.6186863780021667,1.2106860987842083,0.60534536307658,0.0,0.0,3
0.8150000000000001,PINN Conservative,0.2508308213166895,0.000670787580285317,0.0010791606104602867,0.0036314134612121015,0.013752862811088562,0.6174913644790649,1.2079010233283043,0.6039528200262032,0.0,0.0,3
0.8200000000000001,PINN Conservative,0.2508310958184304,0.0006718826844348392,0.001085721579063813,0.0036532833633587756,0.013946283608675003,0.6163027286529541,1.2051272839307785,0.6025659450266792,0.0,0.0,3
0.8250000000000001,PINN Conservative,0.2508312969207766,0.000672684967193074,0.0010922961267629658,0.003674648648730466,0.014141324907541275,0.6151204109191895,1.2023626752197742,0.6011836353878651,0.0,0.0,3
0.8300000000000001,PINN Conservative,0.25083143812790537,0.0006732483024642905,0.001098896049309013,0.0036959228388872244,0.014337796717882156,0.6139440536499023,1.1996090188622475,0.5998068019467204,0.0,0.0,3
0.835,PINN Conservative,0.250831506919116,0.0006735227398501951,0.0011055056300960109,0.0037162805929218563,0.014535512775182724,0.6127742528915405,1.1968656182289124,0.5984350963872707,0.0,0.0,3
0.84,PINN Conservative,0.25083151950314664,0.0006735729428985933,0.0011121441311041896,0.0037361091745394155,0.014734692871570587,0.611610472202301,1.1941316612064838,0.5970681126513215,0.0,0.0,3
0.845,PINN Conservative,0.25083147295191904,0.000673387230260347,0.0011187828020988047,0.0037550904639697194,0.014935094863176346,0.6104528307914734,1.1914090290665627,0.5957067913782684,0.0,0.0,3
0.85,PINN Conservative,0.2508313457407059,0.0006728797306470515,0.0011254327061303022,0.003773484891379542,0.015136908739805222,0.609300971031189,1.1886946596205235,0.5943496014679469,0.0,0.0,3
0.855,PINN Conservative,0.2508311567567291,0.0006721257932165841,0.0011321149083566456,0.003791604464319944,0.015340272337198257,0.6081552505493164,1.1859912425279617,0.5929978877552945,0.0,0.0,3
0.86,PINN Conservative,0.2508309103809299,0.0006711428954062647,0.0011387827243821355,0.0038090239923755913,0.015544898808002472,0.60701584815979,1.1832986287772655,0.5916515757342207,0.0,0.0,3
0.865,PINN Conservative,0.25083060100674653,0.0006699086702575474,0.0011454629353561383,0.003825769161688433,0.015750903636217117,0.6058820486068726,1.180613648146391,0.5903090802876448,0.0,0.0,3
0.87,PINN Conservative,0.25083021946251416,0.0006683865281001229,0.0011521556226417355,0.0038419473370872783,0.015958216041326523,0.6047541499137878,1.177938912063837,0.5889717071348074,0.0,0.0,3
0.875,PINN Conservative,0.250829759847373,0.0006665529278954807,0.0011588413215492162,0.0038575250997371635,0.016166578978300095,0.6036319136619568,1.175273634493351,0.5876390632560794,0.0,0.0,3
0.88,PINN Conservative,0.25082926098257324,0.0006645627441156775,0.0011655381369608782,0.0038726878896388466,0.016376592218875885,0.6025157570838928,1.172617368400097,0.5863109251331889,0.0,0.0,3
0.885,PINN Conservative,0.2508286690451207,0.0006622012539537574,0.0011722330259788059,0.0038868402435185256,0.016587525606155396,0.6014049053192139,1.1699715815484524,0.5849880266511296,0.0,0.0,3
0.89,PINN Conservative,0.2508280290961268,0.0006596482253411509,0.001178930694050355,0.003901191905119181,0.016799792647361755,0.600300133228302,1.1673354133963585,0.5836699375372274,0.0,0.0,3
0.895,PINN Conservative,0.2508273110315206,0.0006567835603402064,0.00118560780088789,0.00391467474939299,0.017013512551784515,0.5992010235786438,1.1647083535790443,0.5823564026081215,0.0,0.0,3
0.9,PINN Conservative,0.25082654256001136,0.0006537178007721918,0.0011922911748829261,0.00392760057839747,0.0172283872961998,0.5981075167655945,1.1620904467999935,0.5810474442156393,0.0,0.0,3
0.905,PINN Conservative,0.2508257085904481,0.0006503907416201883,0.0011989604307753587,0.003939784587612519,0.01744445413351059,0.5970194339752197,1.1594815216958523,0.5797429766777763,0.0,0.0,3
0.91,PINN Conservative,0.2508247976116838,0.0006467564600244567,0.0012056170622020998,0.003951974295273943,0.01766158640384674,0.5959369540214539,1.1568822003901005,0.5784433110574614,0.0,0.0,3
0.915,PINN Conservative,0.2508238295838239,0.0006428945853317552,0.0012122578889311956,0.003963381804096125,0.017880097031593323,0.5948598384857178,1.1542912237346172,0.5771478177782279,0.0,0.0,3
0.92,PINN Conservative,0.25082280213013314,0.0006387956357349056,0.001218882815677388,0.0039741547213337156,0.01809990406036377,0.5937880277633667,1.1517081893980503,0.5758562956736306,0.0,0.0,3
0.925,PINN Conservative,0.25082170590758346,0.0006344223379224901,0.0012254964584009144,0.003984522536622719,0.0183207169175148,0.5927222371101379,1.14913509786129,0.5745697449879379,0.0,0.0,3
0.93,PINN Conservative,0.25082053877785826,0.0006297661612405629,0.001232081955642203,0.003994271367999387,0.018542878329753876,0.5916611552238464,1.146570261567831,0.5732873219396721,0.0,0.0,3
0.935,PINN Conservative,0.2508193175718191,0.0006248942511514811,0.001238654874590548,0.0040035826382443015,0.018766209483146667,0.5906056761741638,1.144014373421669,0.5720093729821552,0.0,0.0,3
0.9400000000000001,PINN Conservative,0.25081803419068477,0.0006197742981740373,0.0012452035304427178,0.0040127638728308015,0.018990427255630493,0.5895557999610901,1.1414686664938927,0.5707365146532878,0.0,0.0,3
0.9450000000000001,PINN Conservative,0.25081668318435574,0.0006143845595438285,0.0012517067800443767,0.004021233152007132,0.019215725362300873,0.5885105729103088,1.1389302387833595,0.5694672959469531,0.0,0.0,2
0.9500000000000001,PINN Conservative,0.25081527496129297,0.0006087665590368947,0.0012581835043572428,0.004029059452017467,0.019442342221736908,0.5874709486961365,1.1364005245268345,0.5682024339842743,0.0,0.0,2
0.9550000000000001,PINN Conservative,0.2508138084895911,0.0006029161799441219,0.0012646347144063316,0.004036659553733047,0.019669536501169205,0.5864362716674805,1.133879616856575,0.5669419753315581,0.0,0.0,2
0.96,PINN Conservative,0.25081227298453473,0.0005967903974504152,0.0012710482359177162,0.004043875062321341,0.019890230149030685,0.5854068398475647,1.1313669718801975,0.5656856480415733,0.0,0.0,2
0.965,PINN Conservative,0.2508106963224711,0.0005905004221567972,0.0012774193241191622,0.004050590346564256,0.020111918449401855,0.5843825936317444,1.128862477838993,0.564433396234752,0.0,0.0,2
0.97,PINN Conservative,0.2508090496957304,0.0005839313280207628,0.0012837604560651534,0.004056941183227702,0.020333915948867798,0.5833630561828613,1.1263664066791534,0.5631853558847095,0.0,0.0,2
0.975,PINN Conservative,0.2508073378428819,0.0005771020192094797,0.001290053233110969,0.0040629314371371066,0.02055671066045761,0.5823489427566528,1.1238795258104801,0.5619419106978134,0.0,0.0,2
0.98,PINN Conservative,0.25080558425933147,0.0005701062288864294,0.0012962996504196575,0.004068573825951379,0.02078026533126831,0.5813396573066711,1.1214002408087254,0.5607022634588927,0.0,0.0,2
0.985,PINN Conservative,0.2508037647791209,0.0005628475487699972,0.00130250621135869,0.0040734627023523325,0.021004568785429,0.580335259437561,1.1189290508627892,0.5594666637633513,0.0,0.0,2
0.99,PINN Conservative,0.2508018880747261,0.0005553605770534677,0.0013086489021183955,0.004078266312168375,0.021229635924100876,0.5793360471725464,1.1164667531847954,0.5582355102187748,0.0,0.0,2
0.995,PINN Conservative,0.2507999634668233,0.0005476824978774772,0.0013147558512280311,0.004082683569714363,0.021455343812704086,0.5783414244651794,1.1140118204057217,0.5570080391377329,0.0,0.0,2
1.0,PINN Conservative,0.25079797254130265,0.0005397398495285944,0.0013208045726458549,0.004086555584869377,0.02168210968375206,0.5773517489433289,1.1115644536912441,0.5557843511034484,0.0,0.0,2
1.0050000000000001,PINN Conservative,0.25079594404622935,0.0005316473202614596,0.0013268000704528176,0.004090076973434321,0.021909650415182114,0.5763671398162842,1.1091256849467754,0.5545649620705994,0.0,0.0,2
1.01,PINN Conservative,0.2507938472591343,0.0005232823450850017,0.0013327314228487595,0.004093301066586404,0.022137586027383804,0.5753869414329529,1.106694869697094,0.5533495498003435,0.0,0.0,2
1.0150000000000001,PINN Conservative,0.2507917059771719,0.0005147398609655964,0.0013386060198996345,0.004096132130364732,0.022366616874933243,0.5744119882583618,1.1042718924582005,0.5521380565504604,0.0,0.0,2
1.02,PINN Conservative,0.25078952064365173,0.0005060216364537573,0.0013444235432980387,0.004098586123899833,0.02259569615125656,0.5734410285949707,1.1018568314611912,0.5509305214366479,0.0,0.0,2
1.025,PINN Conservative,0.25078729129210137,0.0004971278053049922,0.0013501743614953462,0.004101007105983816,0.02282589301466942,0.5724755525588989,1.0994505994021893,0.5497274008087115,0.0,0.0,2
1.03,PINN Conservative,0.25078499109298014,0.00048795133307502343,0.0013558677818248119,0.004103008586222982,0.023057054728269577,0.5715140700340271,1.0970504730939865,0.5485273330678433,0.0,0.0,2
1.035,PINN Conservative,0.25078266494721196,0.0004786713486391211,0.0013561572540872315,0.004104472882116357,0.02328868955373764,0.5705573558807373,1.0946582593023777,0.5473312216003932,0.0,0.0,2
1.04,PINN Conservative,0.25078028379753253,0.0004691719302161568,0.0013617064732344513,0.00410594470852569,0.023521143943071365,0.56960529088974,1.0922739617526531,0.5461390682690135,0.0,0.0,2
1.045,PINN Conservative,0.25077785701304695,0.00045949045514968417,0.001367204288535698,0.0041067328697228685,0.023754213005304337,0.5686579346656799,1.0898976139724255,0.5449508898375747,0.0,0.0,2
1.05,PINN Conservative,0.2507753857523205,0.00044963154544924884,0.0013726113418292595,0.0041073745134169865,0.02398841083049774,0.5677151083946228,1.0875283479690552,0.5437662523080983,0.0,0.0,2
1.055,PINN Conservative,0.2507728756554427,0.0004396177018297905,0.0013779644677238206,0.004107871516678005,0.02422315627336502,0.5667766332626343,1.085166472941637,0.5425853102807224,0.0,0.0,2
1.06,PINN Conservative,0.2507703209854665,0.00042942603717031354,0.0013832413619637286,0.004107892918657197,0.02445850893855095,0.565842866897583,1.0828128010034561,0.5414084698136418,0.0,0.0,2
1.065,PINN Conservative,0.25076772929355523,0.00041908667627208336,0.0013884364495060507,0.004107854260303308,0.02469456195831299,0.5649132132530212,1.0804658494889736,0.5402349895712534,0.0,0.0,2
1.07,PINN Conservative,0.25076508847996615,0.00040855134811676,0.0013935641351686286,0.004107353684905068,0.02493089810013771,0.563988208770752,1.0781281255185604,0.539066123118534,0.0,0.0,2
1.075,PINN Conservative,0.2507624292522671,0.0003979425582480053,0.0013986166312410582,0.004106754724366522,0.025168605148792267,0.5630674958229065,1.0757954344153404,0.5378997731090293,0.0,0.0,2
1.08,PINN Conservative,0.2507597131356599,0.0003871068143382199,0.0014035845504783368,0.004120101834743345,0.025406572967767715,0.5621511936187744,1.073472112417221,0.5367381076699796,0.0,0.0,2
1.085,PINN Conservative,0.2507569601014259,0.0003761237903193312,0.0014084796177201975,0.004134458083913314,0.025645747780799866,0.5612390637397766,1.0711538419127464,0.5355789679874061,0.0,0.0,2
1.09,PINN Conservative,0.25075418877601646,0.00036506779502520263,0.0014132978263000666,0.004148053454212645,0.025885295122861862,0.560331404209137,1.0688444040715694,0.5344242446533611,0.0,0.0,2
1.095,PINN Conservative,0.25075137857720275,0.0003538567171943031,0.0014180308107493759,0.004161673709625984,0.026125967502593994,0.559427797794342,1.0665407478809357,0.5332724121556367,0.0,0.0,2
1.1,PINN Conservative,0.25074853220209503,0.0003425013167461325,0.001422688545791283,0.004174640064930044,0.02636701986193657,0.5585285425186157,1.0642453469336033,0.5321247072953392,0.0,0.0,2
1.105,PINN Conservative,0.25074565775319957,0.0003310339180230305,0.0014272698898595841,0.004187738193515041,0.026608802378177643,0.5576335787773132,1.0619569011032581,0.530980480006827,0.0,0.0,2
1.11,PINN Conservative,0.25074275448545835,0.0003194515486718108,0.0014317661326691744,0.004200132933321232,0.02685132995247841,0.556742787361145,1.0596753284335136,0.52983968931175,0.0,0.0,2
1.115,PINN Conservative,0.250739826705307,0.0003077713888949618,0.001436171065814134,0.0042123192936028495,0.027094095945358276,0.5558561086654663,1.0574020110070705,0.5287030262540999,0.0,0.0,2
1.12,PINN Conservative,0.25073687079548856,0.00029597900791689173,0.00144578100633733,0.004224289203731153,0.02733784168958664,0.5549734234809875,1.0551344491541386,0.5275692409942045,0.0,0.0,2
1.125,PINN Conservative,0.25073388366773747,0.000284062085332966,0.0014500175933669405,0.004235449795833207,0.027582447975873947,0.5540950298309326,1.0528745763003826,0.5264393002485913,0.0,0.0,2
1.1300000000000001,PINN Conservative,0.25073088118061443,0.00027208388768429256,0.001454183408238273,0.0042469777105619,0.027827776968479156,0.5532206296920776,1.050620649009943,0.5253123322959985,0.0,0.0,2
1.135,PINN Conservative,0.2507278452217581,0.0002599721570609986,0.0014582625387306975,0.00425782112419551,0.028073418885469437,0.5523501038551331,1.0483747236430645,0.5241893653204784,0.0,0.0,2
1.1400000000000001,PINN Conservative,0.25072479207813764,0.00024779186910729636,0.0014622582039959036,0.004268755427565614,0.02832009643316269,0.5514839291572571,1.0461351349949837,0.5230695667164669,0.0,0.0,2
1.145,PINN Conservative,0.2507217175439002,0.0002355262448883288,0.0014661743982951102,0.004278943995745195,0.028567813336849213,0.550621509552002,1.0439008176326752,0.5219524037654153,0.0,0.0,2
1.1500000000000001,PINN Conservative,0.25071861800551437,0.0002231608684907442,0.0014700011227212562,0.004288716834328132,0.028815530240535736,0.5497634410858154,1.041676353663206,0.5208401675296137,0.0,0.0,2
1.155,PINN Conservative,0.2507155208997431,0.00021080519682684857,0.0014737525268445288,0.004298491509527547,0.029064279049634933,0.5489088296890259,1.0394562557339668,0.5197301143222708,0.0,0.0,2
1.16,PINN Conservative,0.2507123963274064,0.00019833994935604992,0.0014774207642256228,0.0043081062301863655,0.029313627630472183,0.548058271408081,1.0372435823082924,0.5186237733808989,0.0,0.0,2
1.165,PINN Conservative,0.2507092533744874,0.0001858013739279923,0.0014810138575633684,0.00431695039002513,0.029563285410404205,0.5472117066383362,1.0350379720330238,0.517520964028228,0.0,0.0,2
1.17,PINN Conservative,0.2507060880586507,0.00017317358331342037,0.0014845038807959773,0.004325249567139169,0.029813818633556366,0.5463688969612122,1.0328391529619694,0.5164215502906425,0.0,0.0,2
1.175,PINN Conservative,0.2507029262743892,0.0001605598816539965,0.0014879320328271381,0.004333577800392407,0.030065197497606277,0.5455297827720642,1.0306454934179783,0.5153247163264488,0.0,0.0,2
1.18,PINN Conservative,0.25069974978640697,0.00014788752060099195,0.0014912795150209327,0.0043415449916946736,0.03031683713197708,0.5446947813034058,1.0284601226449013,0.5142320267635524,0.0,0.0,2
1.185,PINN Conservative,0.2506965602822604,0.000135163232534688,0.0014945388369086974,0.004349221029730479,0.03056952729821205,0.5438635945320129,1.0262806341052055,0.5131422783285879,0.0,0.0,2
1.19,PINN Conservative,0.25069335500896,0.0001223760346095168,0.0014977281170887675,0.004356773849601762,0.030822932720184326,0.5430359840393066,1.0241068936884403,0.5120554039660736,0.0,0.0,2
1.195,PINN Conservative,0.25069015965983293,0.00010962842843099194,0.001500837413859351,0.0043635528860679375,0.03107716143131256,0.542212188243866,1.0219398438930511,0.5109718749270336,0.0,0.0,2
1.2,PINN Conservative,0.2506869482211771,9.681663428172086e-05,0.00150386593011671,0.004370102887420471,0.03133164346218109,0.5413920879364014,1.0197794735431671,0.5098916856235107,0.0,0.0,2
1.205,PINN Conservative,0.25068372702598596,8.396591716511529e-05,0.0015068137256150612,0.004376138321414754,0.031586647033691406,0.5405757427215576,1.0176259204745293,0.5088149049736392,0.0,0.0,2
1.21,PINN Conservative,0.250680511351675,7.11372251868333e-05,0.0015097014489625859,0.004382153521493681,0.0318424291908741,0.5397632122039795,1.015479113906622,0.5077414975870259,0.0,0.0,2
1.215,PINN Conservative,0.2506772845126691,5.826399249349109e-05,0.0015124976371713517,0.004387702016533511,0.032098520547151566,0.5389538407325745,1.0133378766477108,0.5066708748655538,0.0,0.0,2
1.22,PINN Conservative,0.2506740596704187,4.5398725707139775e-05,0.00151523578392159,0.0043929369680807025,0.032355599105358124,0.5381486415863037,1.011203184723854,0.5056035248241175,0.0,0.0,2
1.225,PINN Conservative,0.2506708388850095,3.254964338487521e-05,0.0015178911721668415,0.0043976842696250296,0.03261324390769005,0.5373464822769165,1.0090738162398338,0.5045388365127729,0.0,0.0,2
1.23,PINN Conservative,0.25066761602088833,1.969226819675156e-05,0.0015204708815487588,0.004402436629346113,0.03287145867943764,0.536548376083374,1.0069522224366665,0.5034780355567124,0.0,0.0,2
1.235,PINN Conservative,0.25066439295187615,6.834075611346674e-06,0.0015229921003512767,0.004406900681492968,0.03313056379556656,0.5357536673545837,1.004835605621338,0.5024197231040827,0.0,0.0,2
1.24,PINN Conservative,0.2506611759848895,5.999773399841875e-06,0.0015254335772402637,0.004410723445559948,0.033390358090400696,0.5349624156951904,1.002724640071392,0.5013642362949442,0.0,0.0,2
1.245,PINN Conservative,0.25065796439722204,1.8812162019883084e-05,0.0015278103999417862,0.0044140510877118955,0.03365027531981468,0.5341748595237732,1.0006214529275894,0.5003126387037422,0.0,0.0,2
1.25,PINN Conservative,0.2506547600068154,3.1595837706488756e-05,0.001530123217790742,0.004417286810977979,0.03391113132238388,0.5333906412124634,0.9985227286815643,0.4992632725699578,0.0,0.0,2
1.2550000000000001,PINN Conservative,0.2506515588983896,4.4366420176347934e-05,0.001532369477001646,0.004419838676414229,0.03417234122753143,0.5326100587844849,0.9964317381381989,0.49821777330228273,0.0,0.0,2
1.26,PINN Conservative,0.2506483686231079,5.709378462841664e-05,0.0015345505297643463,0.004422520945210125,0.034434352070093155,0.5318325757980347,0.9943452514708042,0.4971745259812002,0.0,0.0,2
1.2650000000000001,PINN Conservative,0.25064518427848836,6.979748914782074e-05,0.001536661087741888,0.004424712022520157,0.03469625487923622,0.5310587286949158,0.9922664798796177,0.4961351362129657,0.0,0.0,2
1.27,PINN Conservative,0.2506420077197256,8.247013257430269e-05,0.0015387262183777844,0.004426597224319172,0.03495945408940315,0.5302883386611938,0.9901924841105938,0.4950981343649393,0.0,0.0,2
1.2750000000000001,PINN Conservative,0.2506388552412393,9.504670954027793e-05,0.0015407136695741337,0.004428261021595624,0.03522283583879471,0.5295209884643555,0.988124668598175,0.4940642226570263,0.0,0.0,2
1.28,PINN Conservative,0.25063570453599116,0.00010761621230530674,0.0015426499144708156,0.004429353946831138,0.03548748791217804,0.5287574529647827,0.9860617779195309,0.4930327733754122,0.0,0.0,2
1.285,PINN Conservative,0.2506325698047879,0.00012012198781396556,0.0015445395573870555,0.004430364654613078,0.035752154886722565,0.5279969573020935,0.9840055666863918,0.49200466382931546,0.0,0.0,2
1.29,PINN Conservative,0.25062944431975503,0.00013259087641770523,0.0015463489649121178,0.004431062825109425,0.03601749241352081,0.5272400379180908,0.9819551818072796,0.49097946747136656,0.0,0.0,2
1.295,PINN Conservative,0.2506263403072955,0.0001449741017973115,0.0015481271531712752,0.004431158466695166,0.036283478140830994,0.5264860987663269,0.9799102395772934,0.48995699244838187,0.0,0.0,2
1.3,PINN Conservative,0.25062325515598083,0.00015728208205139743,0.001549843519178686,0.004430946473359017,0.036549873650074005,0.5257359147071838,0.9778723642230034,0.48893805087675046,0.0,0.0,2
1.305,PINN Conservative,0.2506201781742277,0.00016955747045102024,0.001551499046771518,0.004430655254083475,0.0368172712624073,0.5249884128570557,0.9758372120559216,0.48792047090392726,0.0,0.0,2
1.31,PINN Conservative,0.2506171249970796,0.0001817378921606735,0.0015531188813853942,0.004429683546258792,0.03708460554480553,0.524244487285614,0.9738109037280083,0.48690731286758937,0.0,0.0,2
1.315,PINN Conservative,0.2506141007728877,0.00019380280821862673,0.0015546861828473577,0.004428895309502107,0.037352729588747025,0.5235040187835693,0.9717898182570934,0.4858967662697319,0.0,0.0,2
1.32,PINN Conservative,0.25061108459159753,0.00020583563772210534,0.0015562000247690108,0.004427602573966599,0.037620909512043,0.5227662324905396,0.9697740040719509,0.4848888553248343,0.0,0.0,2
1.325,PINN Conservative,0.25060808316990757,0.0002178095849052707,0.001557675262103388,0.0044260091341271,0.03789002075791359,0.5220316648483276,0.9677632711827755,0.4838834850376308,0.0,0.0,2
1.33,PINN Conservative,0.25060512225702425,0.0002296219252363195,0.0015590994466257635,0.004423992417499294,0.03815942630171776,0.5213005542755127,0.9657592959702015,0.48288149360164234,0.0,0.0,2
1.335,PINN Conservative,0.250602165386081,0.00024141814055002637,0.0015604893628362254,0.0044217315750264,0.0384296253323555,0.5205723643302917,0.9637594781816006,0.4818815808855854,0.0,0.0,2
1.34,PINN Conservative,0.2505992449037733,0.0002530691861258084,0.0015618270878652492,0.004419252977112854,0.038700006902217865,0.5198472738265991,0.9617660194635391,0.48088484771695084,0.0,0.0,2
1.345,PINN Conservative,0.2505963474623861,0.0002646283116735704,0.001563129875029482,0.004416188087599665,0.038971416652202606,0.5191254615783691,0.9597775675356388,0.479890617952965,0.0,0.0,2
1.35,PINN Conservative,0.2505934717766943,0.0002761006445032893,0.0015643981240510065,0.004413249969731477,0.039242878556251526,0.5184067487716675,0.9577953591942787,0.47889950999418107,0.0,0.0,2
1.355,PINN Conservative,0.2505906234420838,0.00028746386224092445,0.0015656298573781479,0.004409619053520046,0.03951520472764969,0.5176905393600464,0.955816738307476,0.4779101957695317,0.0,0.0,2
1.36,PINN Conservative,0.250587799780071,0.0002987286504969907,0.0015668363747643617,0.004406078221765142,0.03978799283504486,0.51697838306427,0.9538455978035927,0.47692462175063743,0.0,0.0,2
1.365,PINN Conservative,0.25058501031249786,0.0003098570225953675,0.0015679878193982433,0.004402298976141049,0.04006095230579376,0.5162684321403503,0.9518788568675518,0.47594124752407213,0.0,0.0,2
1.37,PINN Conservative,0.25058224330469986,0.00032089579310183846,0.0015691099878184802,0.004397745216654467,0.04033480957150459,0.5155619978904724,0.9499175101518631,0.4749605704179916,0.0,0.0,2
1.375,PINN Conservative,0.25057950281724356,0.0003318287626900769,0.0015702243107962503,0.0043934451676778535,0.04060882702469826,0.5148580074310303,0.9479615390300751,0.47398258111913444,0.0,0.0,2
1.3800000000000001,PINN Conservative,0.2505767924115064,0.0003426417235114452,0.0015712835309911613,0.004388381830074631,0.04088291898369789,0.5141572952270508,0.9460114203393459,0.47300751804699104,0.0,0.0,2
1.385,PINN Conservative,0.25057412086799763,0.00035329964638121185,0.0015723474191397487,0.0043837621681155625,0.04115770757198334,0.5134598016738892,0.9440673030912876,0.4720354557076521,0.0,0.0,2
1.3900000000000001,PINN Conservative,0.2505714786499741,0.00036384057742268544,0.001573357116620176,0.004378140979350055,0.041432950645685196,0.5127646923065186,0.9421270824968815,0.47106534170258596,0.0,0.0,2
1.395,PINN Conservative,0.2505688614510002,0.00037428169683813273,0.0015743488781741204,0.00437253970121438,0.0417085736989975,0.512072741985321,0.9401924796402454,0.47009803657714067,0.0,0.0,2
1.4000000000000001,PINN Conservative,0.2505662781074645,0.00038458775251697564,0.001575323323861528,0.004366820368619122,0.041985005140304565,0.5113837122917175,0.9382626451551914,0.469133115646599,0.0,0.0,2
1.405,PINN Conservative,0.250563726898283,0.0003947656105950034,0.0015762669787787646,0.004360856134146572,0.04226139932870865,0.5106975436210632,0.9363392107188702,0.4681713947526545,0.0,0.0,2
1.41,PINN Conservative,0.2505612089261415,0.0004048108719896245,0.0015772088829426399,0.0043544232560654775,0.0425385907292366,0.5100141167640686,0.9344192296266556,0.46721140053736293,0.0,0.0,2
1.415,PINN Conservative,0.2505587331838908,0.00041468766039545393,0.0015781130005017665,0.004348244176743329,0.04281645268201828,0.5093339681625366,0.9325052313506603,0.4662543977416144,0.0,0.0,2
1.42,PINN Conservative,0.2505562797263267,0.00042447554571228315,0.0015790043060972421,0.0043412010080053146,0.043094150722026825,0.5086562633514404,0.9305966198444366,0.4653000883410462,0.0,0.0,2
1.425,PINN Conservative,0.250553869917989,0.0004340892957074256,0.0015798857709529413,0.00433418747851496,0.04337247461080551,0.5079813599586487,0.9286924824118614,0.4643480159858523,0.0,0.0,2
1.43,PINN Conservative,0.25055148881673833,0.0004435885209274726,0.001580742682640642,0.00432697969237613,0.043651413172483444,0.507309079170227,0.9267928041517735,0.46339817322542376,0.0,0.0,2
1.435,PINN Conservative,0.2505491492487492,0.0004529220523092184,0.0015816018613454322,0.004319250970852423,0.04393043369054794,0.506639838218689,0.9248988777399063,0.46245120640009774,0.0,0.0,2
1.44,PINN Conservative,0.25054684646055125,0.00046210885346701866,0.0015824410410404909,0.004311984470948757,0.044210053980350494,0.5059731006622314,0.9230092838406563,0.4615064058393599,0.0,0.0,2
1.445,PINN Conservative,0.2505445762090387,0.00047116585195369954,0.0015832685381000162,0.004304009446345916,0.04448960721492767,0.5053097605705261,0.9211269170045853,0.4605652188240229,0.0,0.0,2
1.45,PINN Conservative,0.2505423430055382,0.00048007505016927016,0.001584086415371031,0.00429587297276187,0.044769637286663055,0.5046484470367432,0.9192477688193321,0.45962564114024584,0.0,0.0,2
1.455,PINN Conservative,0.25054015220701714,0.0004888150768931433,0.0015848927747168801,0.004287809161988017,0.04505011439323425,0.5039902329444885,0.9173742830753326,0.45868889468791685,0.0,0.0,2
1.46,PINN Conservative,0.25053799561411166,0.0004974186428739362,0.0015856884145584527,0.004279362907768709,0.04533088207244873,0.5033347010612488,0.9155057892203331,0.4577546441896275,0.0,0.0,2
1.465,PINN Conservative,0.25053588091209555,0.0005058550882870224,0.0015864861370679158,0.004270593154210786,0.04561224952340126,0.5026815533638,0.9136408977210522,0.45682219487608183,0.0,0.0,2
1.47,PINN Conservative,0.2505337993055584,0.0005141595017638781,0.0015872798075969312,0.004261689191043708,0.045893676578998566,0.5020312666893005,0.911782294511795,0.4558928897195653,0.0,0.0,2
1.475,PINN Conservative,0.2505317632444205,0.0005222822152794661,0.0015880760801196912,0.004252717333588847,0.04617588594555855,0.5013834834098816,0.9099266454577446,0.4549650616462977,0.0,0.0,2
1.48,PINN Conservative,0.25052975582331444,0.0005302906715316392,0.001588851216509081,0.004243200712082777,0.04645806550979614,0.5007385611534119,0.908077385276556,0.45404042802167044,0.0,0.0,2
1.485,PINN Conservative,0.25052779468521497,0.0005381144851931736,0.0015896252614011077,0.00423372531741982,0.04674060642719269,0.5000960230827332,0.9062322787940502,0.4531178712543225,0.0,0.0,2
1.49,PINN Conservative,0.2505258677415552,0.0005458018826967971,0.0015904201194211068,0.004224422978980971,0.04702341556549072,0.49945640563964844,0.9043927863240242,0.4521981215039431,0.0,0.0,2
1.495,PINN Conservative,0.2505239835046234,0.0005533189049058289,0.0015911931099191444,0.004214901634502673,0.04730699211359024,0.49881890416145325,0.9025561958551407,0.4512798227596809,0.0,0.0,2
1.5,PINN Conservative,0.25052214778587245,0.0005606423674637775,0.001591973995928077,0.004204582917028077,0.04759044945240021,0.4981844127178192,0.9007255434989929,0.4503644930831346,0.0,0.0,2
1.5050000000000001,PINN Conservative,0.2505203544870021,0.0005677965990830623,0.0015927625265681024,0.004194836746565053,0.04787415266036987,0.4975520968437195,0.8988995775580406,0.449451506623142,0.0,0.0,2
1.51,PINN Conservative,0.2505185853466394,0.0005748544521443262,0.001593546472670018,0.004184391772069411,0.04815857857465744,0.49692270159721375,0.897077850997448,0.4485406398614309,0.0,0.0,2
1.5150000000000001,PINN Conservative,0.25051687060669087,0.000581695278824981,0.001594339535888675,0.004174066490439665,0.04844269901514053,0.4962955117225647,0.8952613547444344,0.4476323882635047,0.0,0.0,2
1.52,PINN Conservative,0.25051518090069314,0.0005884362344326433,0.0015951331199797224,0.004163684705806477,0.04872734844684601,0.49567094445228577,0.8934497088193893,0.4467265618388321,0.0,0.0,2
1.5250000000000001,PINN Conservative,0.25051354975998424,0.0005949435482039416,0.001595927556095307,0.004152891368421771,0.04901246726512909,0.49504896998405457,0.8916421346366405,0.44582277129308884,0.0,0.0,2
1.53,PINN Conservative,0.25051195001229665,0.0006013256218664784,0.0015967303603205455,0.004142054094592243,0.049297530204057693,0.49442926049232483,0.8898389413952827,0.44492117122641334,0.0,0.0,2
1.5350000000000001,PINN Conservative,0.2505103997290137,0.0006075103609890401,0.001597538517065576,0.004131217429845256,0.04958272725343704,0.49381205439567566,0.8880409449338913,0.4440221695596523,0.0,0.0,2
1.54,PINN Conservative,0.25050887556001566,0.0006135909191263563,0.0015983521468495453,0.0041200544408947215,0.049868449568748474,0.4931972920894623,0.8862471207976341,0.44312525406343195,0.0,0.0,2
1.545,PINN Conservative,0.2505074053257706,0.000619456308603694,0.0015991865222159062,0.00410929205245384,0.050154395401477814,0.49258482456207275,0.884457491338253,0.44223043591366584,0.0,0.0,2
1.55,PINN Conservative,0.2505059776939454,0.000625151738915647,0.0016000186954107103,0.004097680936214966,0.05044051259756088,0.49197524785995483,0.8826730623841286,0.44133821802646656,0.0,0.0,2
1.555,PINN Conservative,0.2505045857280495,0.0006307048826720798,0.0016008524980623239,0.004086482569496196,0.05072709172964096,0.49136772751808167,0.880892351269722,0.44044785906623113,0.0,0.0,2
1.56,PINN Conservative,0.25050323978811523,0.0006360744092996478,0.0016017028705011826,0.004074928106392275,0.05101360008120537,0.490762859582901,0.8791170120239258,0.43956018605056685,0.0,0.0,2
1.565,PINN Conservative,0.2505019277893009,0.0006413085303695034,0.0016025689643720357,0.004063679172497586,0.05130057781934738,0.4901598393917084,0.8773445002734661,0.43867392678797434,0.0,0.0,2
1.57,PINN Conservative,0.25050066632777473,0.0006463410367109462,0.0016034405865455823,0.004051646467030934,0.05158739537000656,0.4895596206188202,0.8755781948566437,0.437790770704061,0.0,0.0,2
1.575,PINN Conservative,0.25049943682551407,0.0006512460439547012,0.001604307731989333,0.00403993112001072,0.05187486112117767,0.48896175622940063,0.873815506696701,0.4369094232555005,0.0,0.0,2
1.58,PINN Conservative,0.2504982632957401,0.0006559277531521635,0.001605207430974718,0.004028047555372845,0.05216214805841446,0.48836609721183777,0.8720575049519539,0.43603041902349354,0.0,0.0,2
1.585,PINN Conservative,0.2504971206597986,0.0006604862137172245,0.0016060998483652374,0.0040163143730789636,0.05245014280080795,0.487772673368454,0.8703026622533798,0.43515299432061033,0.0,0.0,2
1.59,PINN Conservative,0.250496016930789,0.0006648894579897852,0.0016070186627817672,0.004004395798619553,0.052738040685653687,0.4871816337108612,0.8685528188943863,0.43427806929707136,0.0,0.0,2
1.595,PINN Conservative,0.25049495536461497,0.0006691244967854561,0.001607935638600042,0.003992379514907905,0.05302591249346733,0.4865930378437042,0.8668081983923912,0.43340575571201273,0.0,0.0,2
1.6,PINN Conservative,0.25049393985793017,0.0006731757846963113,0.0016088673502482444,0.00397998436153902,0.05331427603960037,0.48600658774375916,0.8650664687156677,0.4325348875451145,0.0,0.0,2
1.605,PINN Conservative,0.2504929700717332,0.000677044674142993,0.0016098182098146325,0.003967908889903879,0.053602561354637146,0.4854222536087036,0.8633299171924591,0.4316666084648693,0.0,0.0,2
1.61,PINN Conservative,0.25049202498793627,0.0006808150152137304,0.0016107720812295531,0.00395535722624904,0.05389121174812317,0.4848404824733734,0.8615972846746445,0.43080028889481065,0.0,0.0,2
1.615,PINN Conservative,0.2504911347664895,0.0006843664870448036,0.0016117523946892122,0.003943424356786483,0.05417967215180397,0.484260618686676,0.8598689436912537,0.42993611510016516,0.0,0.0,2
1.62,PINN Conservative,0.2504902826063337,0.0006877661162041941,0.0016127314578191683,0.003930895735629138,0.05446873605251312,0.4836832284927368,0.8581446409225464,0.42907396042057877,0.0,0.0,2
1.625,PINN Conservative,0.2504894763045015,0.0006909827970140317,0.0016137257448582587,0.003918519639300989,0.054757580161094666,0.4831080138683319,0.8564251512289047,0.42821421228772316,0.0,0.0,2
1.6300000000000001,PINN Conservative,0.25048869525268697,0.0006940987447684262,0.0016147287695348572,0.0039061756030280767,0.055046550929546356,0.48253515362739563,0.8547101430594921,0.4273567049255465,0.0,0.0,2
1.635,PINN Conservative,0.2504879642352464,0.0006970150841327865,0.0016157449390145414,0.0038934704228879916,0.055335626006126404,0.4819643199443817,0.8529990762472153,0.4265011682494699,0.0,0.0,2
1.6400000000000001,PINN Conservative,0.250487279802561,0.0006997455771029495,0.0016167847852190673,0.0038812960811836356,0.05562499165534973,0.48139557242393494,0.8512916676700115,0.42564746069792087,0.0,0.0,2
1.645,PINN Conservative,0.250486629508436,0.0007023398768419342,0.0016178208945819184,0.003868585018692229,0.05591435730457306,0.48082903027534485,0.84958840534091,0.42479582627834667,0.0,0.0,2
1.6500000000000001,PINN Conservative,0.25048601634800455,0.0007047860344895863,0.0016188745166245155,0.003855811907643815,0.056203827261924744,0.4802646040916443,0.8478895388543606,0.4239463897884493,0.0,0.0,2
1.655,PINN Conservative,0.2504854381233456,0.0007070928184877167,0.001619944293292194,0.003843328447063553,0.05649333447217941,0.4797026515007019,0.8461955711245537,0.4230994026862849,0.0,0.0,2
1.6600000000000001,PINN Conservative,0.250484914891422,0.0007091802130843975,0.0016210286897070428,0.0038309745778201815,0.05678322911262512,0.47914278507232666,0.844504326581955,0.42225377718292867,0.0,0.0,2
1.665,PINN Conservative,0.2504844142757358,0.0007111773818945868,0.0016220993913625265,0.003818178435307247,0.05707307532429695,0.47858452796936035,0.8428169339895248,0.4214100776620181,0.0,0.0,2
1.67,PINN Conservative,0.25048396028205777,0.0007129885556928311,0.0016232141423764411,0.003805398287323257,0.05736301839351654,0.47802916169166565,0.8411351889371872,0.4205692019219465,0.0,0.0,2
1.675,PINN Conservative,0.2504835384078326,0.0007146715913378909,0.0016243196340832429,0.0037926764700833143,0.05765300616621971,0.4774753451347351,0.8394563868641853,0.41972979767716695,0.0,0.0,2
1.68,PINN Conservative,0.2504831606447699,0.0007161786488019872,0.001625444391264403,0.003780111161114298,0.05794311687350273,0.47692370414733887,0.8377818278968334,0.4188925149933212,0.0,0.0,2
1.685,PINN Conservative,0.2504828269630673,0.0007175098469792741,0.001626579542968966,0.003767509927382867,0.0582331046462059,0.4763740301132202,0.8361114263534546,0.4180573110294071,0.0,0.0,2
1.69,PINN Conservative,0.2504825175292792,0.000718744309916521,0.001627722029330102,0.0037545602322555313,0.05852353572845459,0.4758264720439911,0.8344443067908287,0.4172237480621414,0.0,0.0,2
1.695,PINN Conservative,0.25048225852102063,0.0007197776039779344,0.001628879068390337,0.003742040712234329,0.05881360173225403,0.47528061270713806,0.8327809274196625,0.4163920551977533,0.0,0.0,2
1.7,PINN Conservative,0.2504820314645769,0.0007206834286654754,0.0016270466871951524,0.00372962014421091,0.05910421162843704,0.47473710775375366,0.831121813505888,0.41556249507021253,0.0,0.0,2
1.705,PINN Conservative,0.2504818451330068,0.0007214267845180062,0.0016282448717388268,0.0037168795473109667,0.05939430370926857,0.47419583797454834,0.8294678293168545,0.4147354998148455,0.0,0.0,2
1.71,PINN Conservative,0.2504816846735778,0.0007220669254000992,0.0016294405095829865,0.0037042183257263647,0.05968494713306427,0.4736565053462982,0.827816266566515,0.4139097152834529,0.0,0.0,2
1.715,PINN Conservative,0.2504815644398334,0.0007225465889242067,0.00163065255869591,0.003691425184309219,0.05997540056705475,0.47311893105506897,0.82616912946105,0.41308614358295526,0.0,0.0,2
1.72,PINN Conservative,0.250481480766088,0.0007228803990686161,0.001631875212718199,0.003678956813413778,0.060265958309173584,0.4725836515426636,0.8245261833071709,0.4122646673662596,0.0,0.0,2
1.725,PINN Conservative,0.25048143053427363,0.0007230807951323378,0.0016331046228512155,0.0036662406296323682,0.06055653467774391,0.47205013036727905,0.8228863179683685,0.41144473156299,0.0,0.0,2
1.73,PINN Conservative,0.2504814267568293,0.0007230958649638689,0.0016343420366704226,0.003653761762197401,0.06084682047367096,0.47151851654052734,0.8212515600025654,0.4106273494559804,0.0,0.0,2
1.735,PINN Conservative,0.2504814523905518,0.0007229936011464418,0.001635579507573317,0.003641411549288258,0.06113734841346741,0.47098881006240845,0.819619532674551,0.4098113326730836,0.0,0.0,2
1.74,PINN Conservative,0.25048151293024445,0.0007227520825738685,0.0016368318986386711,0.0036289616216775636,0.061427727341651917,0.47046124935150146,0.8179918080568314,0.4089974672535569,0.0,0.0,2
1.745,PINN Conservative,0.2504815990328791,0.000722408582557567,0.001638086639495326,0.0036167294443640585,0.06171833723783493,0.46993565559387207,0.8163679726421833,0.4081855464429984,0.0,0.0,2
1.75,PINN Conservative,0.2504817265197637,0.0007218999831735128,0.001639342025638671,0.0036043581687129345,0.06200828030705452,0.4694117605686188,0.8147491030395031,0.40737610854791384,0.0,0.0,2
1.7550000000000001,PINN Conservative,0.25048189115151787,0.0007212431971125139,0.001640607882673216,0.0035917963839507128,0.06229889392852783,0.46888968348503113,0.8131321109831333,0.40656760942957254,0.0,0.0,2
1.76,PINN Conservative,0.2504820822030308,0.0007204810114013569,0.0016418757095631462,0.003579706538644728,0.06258917599916458,0.4683699905872345,0.8115202337503433,0.4057616677327958,0.0,0.0,2
1.7650000000000001,PINN Conservative,0.25048230946064015,0.0007195743841785531,0.0016431349610004393,0.003567310229620771,0.06287965178489685,0.4678516983985901,0.8099110797047615,0.4049570876348273,0.0,0.0,2
1.77,PINN Conservative,0.25048256380111,0.0007185597119108303,0.0016444131141256021,0.003555244710512405,0.06317003816366196,0.46733558177948,0.8083059564232826,0.4041545229266133,0.0,0.0,2
1.7750000000000001,PINN Conservative,0.25048285417258764,0.0007174012966343666,0.0016456861325522707,0.0035431268657335688,0.06346024572849274,0.4668211042881012,0.8067046254873276,0.4033538543984086,0.0,0.0,2
1.78,PINN Conservative,0.2504831793904307,0.0007161038643912861,0.0016469664937752793,0.003530864117206302,0.06375071406364441,0.46630850434303284,0.8051062822341919,0.40255467971732317,0.0,0.0,2
1.7850000000000001,PINN Conservative,0.25048353347182295,0.0007146912831789677,0.0016482343143473124,0.0035187214797418737,0.064040906727314,0.46579787135124207,0.8035127818584442,0.40175792648418673,0.0,0.0,2
1.79,PINN Conservative,0.25048391743004345,0.0007131595105966175,0.001649515596654796,0.003506747866491522,0.06432753801345825,0.46528923511505127,0.8019229248166084,0.40096299492496884,0.0,0.0,2
1.795,PINN Conservative,0.25048433685302757,0.0007114862539942314,0.0016507861041352835,0.0034951147882801917,0.06460961699485779,0.46478191018104553,0.800335519015789,0.4001692889909436,0.0,0.0,2
1.8,PINN Conservative,0.2504847816899421,0.0007097116104186656,0.0016520607086171796,0.003483416888367674,0.06489166617393494,0.4642767012119293,0.798753410577774,0.3993782317484441,0.0,0.0,2
1.805,PINN Conservative,0.2504852535873654,0.000707829010968741,0.0016533376160961601,0.0034713282084304353,0.06517452746629715,0.4637733995914459,0.7971735894680023,0.39858831817443746,0.0,0.0,2
1.81,PINN Conservative,0.2504857531860473,0.000705835899420921,0.001654604815363623,0.003459813933294656,0.06545652449131012,0.46327176690101624,0.7955982014536858,0.3978006211566303,0.0,0.0,2
1.815,PINN Conservative,0.2504862877950075,0.0007037031169885264,0.0016558640048023644,0.003447939315766438,0.06573916971683502,0.46277186274528503,0.7940263673663139,0.3970147011090872,0.0,0.0,2
1.82,PINN Conservative,0.2504868516698482,0.0007014535805161468,0.0016571364715704871,0.003436517608523232,0.0660213828086853,0.4622739255428314,0.7924578413367271,0.3962304350967585,0.0,0.0,2
1.825,PINN Conservative,0.2504874408990147,0.0006991028948586741,0.00165839269408055,0.0034247763586481433,0.06630410254001617,0.46177756786346436,0.790892668068409,0.3954478454714714,0.0,0.0,2
1.83,PINN Conservative,0.25048805883526826,0.0006966376844261061,0.0016596431321287293,0.0034136939578052056,0.06658647954463959,0.4612828195095062,0.7893307209014893,0.3946668689030488,0.0,0.0,2
1.835,PINN Conservative,0.25048870152235053,0.000694073732414898,0.0016608943553051674,0.0034021939511094945,0.06686895340681076,0.46078985929489136,0.787773109972477,0.39388806046186664,0.0,0.0,2
1.84,PINN Conservative,0.2504893645346167,0.0006914286946039328,0.0016621245299733235,0.0033909954405126896,0.06715124845504761,0.46029889583587646,0.7862193584442139,0.3931111817284347,0.0,0.0,2
1.845,PINN Conservative,0.25049007067084333,0.0006886116169802194,0.001663364495404827,0.0033796775562151687,0.0674341470003128,0.45980972051620483,0.7846690267324448,0.3923360129097851,0.0,0.0,2
1.85,PINN Conservative,0.25049078547954584,0.0006857599411632214,0.0016645843639253573,0.003368459796397036,0.0677163228392601,0.4593220055103302,0.7831216156482697,0.391562304410514,0.0,0.0,2
1.855,PINN Conservative,0.2504915405139329,0.0006827477879884595,0.0016658081763644076,0.0033575928257665866,0.06799867749214172,0.4588358700275421,0.7815777361392975,0.3907903617055934,0.0,0.0,2
1.86,PINN Conservative,0.25049231258779786,0.0006796676570920408,0.0016670109849024398,0.003346720791995411,0.06828132271766663,0.45835158228874207,0.7800379544496536,0.3900204679181681,0.0,0.0,2
1.865,PINN Conservative,0.2504931089356544,0.0006764906869230036,0.0016681994147419363,0.0033357732285059505,0.06856386363506317,0.4578692317008972,0.7785013616085052,0.3892521685610846,0.0,0.0,2
1.87,PINN Conservative,0.2504939261078837,0.0006732306394776276,0.0016693870551388703,0.0033248753438061274,0.06884611397981644,0.4573882818222046,0.7769685983657837,0.3884857840105331,0.0,0.0,2
1.875,PINN Conservative,0.2504947787746789,0.0006698289891180616,0.0016705612508611761,0.003314179756234145,0.06912865489721298,0.45690903067588806,0.7754387408494949,0.3877208523287509,0.0,0.0,2
1.8800000000000001,PINN Conservative,0.2504956491142514,0.0006663568345364536,0.0016717209207151322,0.003303612015621238,0.0694112628698349,0.45643138885498047,0.7739125862717628,0.38695777212332366,0.0,0.0,2
1.885,PINN Conservative,0.25049653720855736,0.0006628138487743782,0.0016728685917933661,0.003293166038882356,0.0696936547756195,0.4559556543827057,0.7723900750279427,0.3861965135918149,0.0,0.0,2
1.8900000000000001,PINN Conservative,0.25049745053052924,0.0006591702191274198,0.0016740026682363794,0.0032827556585137835,0.06997590512037277,0.4554811120033264,0.7708705961704254,0.3854367712592527,0.0,0.0,2
1.895,PINN Conservative,0.2504983963444831,0.0006553969651502409,0.001675131483434611,0.0032722055286953794,0.07025878131389618,0.4550086557865143,0.7693545892834663,0.3846787649186047,0.0,0.0,2
1.9000000000000001,PINN Conservative,0.2504993450343611,0.0006516122378890811,0.001676226992804613,0.0032618841650662034,0.07054094970226288,0.45453742146492004,0.7678414806723595,0.38392220772142155,0.0,0.0,2
1.905,PINN Conservative,0.25050032626092456,0.0006476977079565805,0.0016793169633279067,0.0032516092690911824,0.07082295417785645,0.45406821370124817,0.7663340196013451,0.38316847430507733,0.0,0.0,2
1.9100000000000001,PINN Conservative,0.25050133503973504,0.0006436732603967332,0.0016803732656610322,0.0032417706580994687,0.07110552489757538,0.45360031723976135,0.7648276761174202,0.38241529968441373,0.0,0.0,2
1.915,PINN Conservative,0.2505023423880341,0.0006396545197551719,0.0016814056887515725,0.003231688138295649,0.07138785719871521,0.4531336724758148,0.7633242383599281,0.3816635779325195,0.0,0.0,2
1.92,PINN Conservative,0.2505033867359164,0.0006354881720456388,0.0016824229020402119,0.0032214991221500705,0.071669802069664,0.4526694118976593,0.7618268877267838,0.3809148997544319,0.0,0.0,2
1.925,PINN Conservative,0.25050444874912525,0.0006312513498378791,0.0016834171336241243,0.003211634362298585,0.0719522088766098,0.45220622420310974,0.7603303045034409,0.3801666052827116,0.0,0.0,2
1.93,PINN Conservative,0.25050552736967824,0.0006269482738738068,0.0016843943515385841,0.0032019061358805473,0.0722346305847168,0.45174482464790344,0.7588380873203278,0.3794204938394499,0.0,0.0,2
1.935,PINN Conservative,0.25050662696361564,0.0006225615261624041,0.0016853694768830607,0.0031920826365364474,0.07251681387424469,0.45128485560417175,0.7573496624827385,0.37867627857619757,0.0,0.0,2
1.94,PINN Conservative,0.2505077403187754,0.0006181198790845159,0.0016863103018865796,0.0031826662227602553,0.0727989450097084,0.45082637667655945,0.7558639049530029,0.3779333969719694,0.0,0.0,1
1.945,PINN Conservative,0.25050886815041323,0.000613620479180667,0.0016872337678133116,0.0031729522297601342,0.07308059930801392,0.45036959648132324,0.7543821632862091,0.37719252330688663,0.0,0.0,2
1.95,PINN Conservative,0.2505100204423072,0.0006090234969159028,0.0016881245954459363,0.0031636427866691824,0.07336287200450897,0.44991427659988403,0.7529031932353973,0.3764530354550916,0.0,0.0,1
1.955,PINN Conservative,0.25051118128001715,0.0006043924217578426,0.00168900697200742,0.003154538522234518,0.07364488393068314,0.4494604170322418,0.7514275535941124,0.3757152128144246,0.0,0.0,1
1.96,PINN Conservative,0.2505123719647529,0.0005996422741243474,0.0016898533569763014,0.003145154867348357,0.07392673194408417,0.4490082263946533,0.7499557733535767,0.3749793198815077,0.0,0.0,1
1.965,PINN Conservative,0.2505135641768577,0.0005948860331662889,0.001690685587740384,0.0031357183509239522,0.07420854270458221,0.44855743646621704,0.7484868317842484,0.37424484628961935,0.0,0.0,1
1.97,PINN Conservative,0.25051478878408695,0.0005900005542840659,0.0016914926310950195,0.0031269204515372295,0.07449012249708176,0.4481082856655121,0.7470216453075409,0.3735122502512176,0.0,0.0,1
1.975,PINN Conservative,0.25051601469516777,0.0005851098737835456,0.0016922805962391767,0.003117719843534622,0.0747719556093216,0.44766029715538025,0.7455586045980453,0.3727807271005225,0.0,0.0,1
1.98,PINN Conservative,0.2505172637254002,0.0005801269611581554,0.0016930302624221737,0.003108730053968098,0.07505366206169128,0.44721418619155884,0.7440997585654259,0.37205130129628167,0.0,0.0,1
1.985,PINN Conservative,0.2505185280963781,0.0005750828477767806,0.001693766194060236,0.003100110430482139,0.07533513754606247,0.44676920771598816,0.742643691599369,0.3713232650306331,0.0,0.0,1
1.99,PINN Conservative,0.25051979465782664,0.000570029995676746,0.001694466834828696,0.0030913242700804783,0.07561659812927246,0.4463258385658264,0.7411910146474838,0.3705969237785488,0.0,0.0,1
1.995,PINN Conservative,0.2505210862830283,0.0005648771536095648,0.0016951421631318942,0.0030828307955304973,0.07589801400899887,0.44588416814804077,0.7397421151399612,0.36987247125586475,0.0,0.0,1
2.0,PINN Conservative,0.2505223823487761,0.0005597065963160914,0.0016958003560691947,0.0030739867352428396,0.07617921382188797,0.44544363021850586,0.7382956892251968,0.36914925553428696,0.0,0.0,1
2.005,PINN Conservative,0.2505237006545069,0.0005544473142749598,0.0016964249867538821,0.003065581761168751,0.07646067440509796,0.4450046122074127,0.7368524074554443,0.36842761189122375,0.0,0.0,1
2.0100000000000002,PINN Conservative,0.2505250195190313,0.0005491858029687169,0.0016970094509793246,0.003057413426697436,0.07674156874418259,0.44456717371940613,0.7354129180312157,0.36770786442816983,0.0,0.0,1
2.015,PINN Conservative,0.25052636334300066,0.0005438247178247558,0.0016975769971745848,0.003048983630150298,0.07702266424894333,0.4441312253475189,0.7339767292141914,0.36698976727502575,0.0,0.0,1
2.02,PINN Conservative,0.25052770913392325,0.0005384557856681794,0.0016981049384706738,0.003040843811460456,0.07730326056480408,0.4436964988708496,0.7325437068939209,0.36627325337630984,0.0,0.0,1
2.025,PINN Conservative,0.2505290775150063,0.0005329967317572472,0.001698626405022986,0.0030326837237831666,0.07758453488349915,0.44326305389404297,0.731112614274025,0.365557704331469,0.0,0.0,1
2.0300000000000002,PINN Conservative,0.25053043846786044,0.0005275673122096103,0.0016990882318871196,0.0030243468418258562,0.07786504924297333,0.44283127784729004,0.7296857088804245,0.3648442489077779,0.0,0.0,1
2.035,PINN Conservative,0.25053181861341023,0.0005220613248391834,0.0016995333260077857,0.0030163456251326437,0.07814524322748184,0.44240087270736694,0.7282626777887344,0.364132730642446,0.0,0.0,1
2.04,PINN Conservative,0.25053321034461284,0.0005165091173739646,0.0016999443981806838,0.0030082951902176414,0.0784255862236023,0.44197195768356323,0.7268423661589622,0.36342257211327006,0.0,0.0,1
2.045,PINN Conservative,0.2505346230491998,0.0005108732381616367,0.0017003168812297152,0.0030005921105138167,0.07870657742023468,0.4415440261363983,0.7254234403371811,0.362713106490738,0.0,0.0,1
2.05,PINN Conservative,0.25053602079302095,0.000505297043804885,0.0017006627532538479,0.002992873806839297,0.0789865180850029,0.4411180317401886,0.7240098640322685,0.3620063156368635,0.0,0.0,1
2.055,PINN Conservative,0.2505374417901041,0.000499628082299681,0.0017009756040183564,0.0029849788406122874,0.07926680147647858,0.4406929612159729,0.7225983962416649,0.36130057904417284,0.0,0.0,1
2.06,PINN Conservative,0.2505388702526691,0.0004939293378136551,0.001701260614885708,0.002977230036078443,0.07954706251621246,0.44026923179626465,0.7211894318461418,0.3605960941538066,0.0,0.0,1
2.065,PINN Conservative,0.2505403047129514,0.00048820666588306286,0.001701509435823968,0.002969811612045556,0.079826720058918,0.43984735012054443,0.7197849527001381,0.35989385189677164,0.0,0.0,1
2.07,PINN Conservative,0.25054174891114256,0.0004824451452941208,0.0017017135700534074,0.0029620817224734752,0.08010636270046234,0.439426451921463,0.7183829322457314,0.35919283899023385,0.0,0.0,1
2.075,PINN Conservative,0.2505431953296068,0.0004766747670919219,0.0017019023368845078,0.0029545885864232235,0.08038608729839325,0.4390069544315338,0.7169841229915619,0.35849343168995146,0.0,0.0,1
2.08,PINN Conservative,0.25054465714842106,0.00047084295034587336,0.001702043200984121,0.0029472849662173506,0.0806656926870346,0.4385887384414673,0.7155879065394402,0.3577953207956479,0.0,0.0,1
2.085,PINN Conservative,0.25054612095654033,0.00046500319741642773,0.0017021460310758865,0.002939985282986307,0.08094522356987,0.438171923160553,0.7141948416829109,0.35709878570516346,0.0,0.0,1
2.09,PINN Conservative,0.25054759687930367,0.00045911511402123306,0.001702214250296606,0.0029329456319250463,0.08122372627258301,0.4377565383911133,0.712806262075901,0.3564044932480102,0.0,0.0,1
2.095,PINN Conservative,0.2505490684136751,0.00045324453778717335,0.001702247142442464,0.0029255796681473822,0.08150303363800049,0.43734219670295715,0.711418941617012,0.35571083036732376,0.0,0.0,1
2.1,PINN Conservative,0.2505505474731328,0.0004473439407844268,0.0017022417756746308,0.002918362144232578,0.08178182691335678,0.4369295537471771,0.7100359573960304,0.3550193356138777,0.0,0.0,1
2.105,PINN Conservative,0.25055203829705736,0.00044139641032196406,0.0017022108083253602,0.002911138734223856,0.08206067979335785,0.4365178048610687,0.7086550295352936,0.3543288690444839,0.0,0.0,1
2.11,PINN Conservative,0.2505535327866676,0.0004354342558807709,0.0017021215019291645,0.002904020696507831,0.0823390781879425,0.4361075162887573,0.7072774842381477,0.35364009376334987,0.0,0.0,1
2.115,PINN Conservative,0.25055503443628574,0.00042944353712389007,0.0017020091307670697,0.002897013281361452,0.08261744678020477,0.4356984496116638,0.7059027701616287,0.3529527340979398,0.0,0.0,1
2.12,PINN Conservative,0.25055652760714314,0.0004234866437484035,0.0017018460768752591,0.002890083537238783,0.08289556950330734,0.4352906346321106,0.7045313492417336,0.35226702101713514,0.0,0.0,1
2.125,PINN Conservative,0.25055803840607427,0.00041745942449221657,0.0017016765275147364,0.002883203836080525,0.08317356556653976,0.43488427996635437,0.7031628489494324,0.3515827682557089,0.0,0.0,1
2.13,PINN Conservative,0.2505595328733327,0.00041149735922180506,0.0017014503808527926,0.002876199097503626,0.08345174044370651,0.4344789683818817,0.7017970159649849,0.35089984915330685,0.0,0.0,1
2.1350000000000002,PINN Conservative,0.25056105888634944,0.00040540944450984356,0.0017011550439383074,0.002869622112219,0.08372920751571655,0.4340749979019165,0.7004347145557404,0.35021869584525533,0.0,0.0,1
2.14,PINN Conservative,0.2505625748708846,0.00039936153767439973,0.0017008628338110244,0.0028626676686649283,0.08400686085224152,0.43367263674736023,0.6990757584571838,0.3495392151989409,0.0,0.0,1
2.145,PINN Conservative,0.2505640892758968,0.00039331993222779045,0.0017005008005437942,0.0028559933985409236,0.08428426086902618,0.4332710802555084,0.6977186277508736,0.3488606472522379,0.0,0.0,1
2.15,PINN Conservative,0.25056560984998966,0.00038725371569550584,0.001700116843949483,0.0028492659847660917,0.08456127345561981,0.4328707158565521,0.6963651701807976,0.3481839158806717,0.0,0.0,1
2.1550000000000002,PINN Conservative,0.25056712863594316,0.00038119463281135536,0.001699690256020913,0.002842754898020175,0.08483824133872986,0.43247196078300476,0.6950147300958633,0.34750869325744294,0.0,0.0,1
2.16,PINN Conservative,0.2505686509460213,0.00037512149069565074,0.0016992147169086079,0.002836084138651232,0.08511507511138916,0.4320741295814514,0.6936667859554291,0.34683471861123405,0.0,0.0,1
2.165,PINN Conservative,0.250570191703737,0.00036897475311078526,0.001698711940780469,0.002829423069642789,0.08539150655269623,0.4316779673099518,0.6923227310180664,0.3461626885739934,0.0,0.0,1
2.17,PINN Conservative,0.25057170899212383,0.0003629216446568226,0.0016981578184738489,0.002823226440521631,0.08566773682832718,0.43128275871276855,0.6909811720252037,0.3454919065137726,0.0,0.0,1
2.1750000000000003,PINN Conservative,0.2505732417851689,0.0003568066815293605,0.0016975582831201181,0.0028166790075472153,0.0859442800283432,0.43088850378990173,0.6896417364478111,0.3448221861653449,0.0,0.0,1
2.18,PINN Conservative,0.25057476850599075,0.0003507159430817392,0.0016969276365404774,0.0028097767406509294,0.08622002601623535,0.43049538135528564,0.6883052214980125,0.3441539261362956,0.0,0.0,1
2.185,PINN Conservative,0.2505762922763827,0.0003446369751535947,0.0016962396727723352,0.002803505452217289,0.08649563789367676,0.43010425567626953,0.6869734823703766,0.34348805402745447,0.0,0.0,1
2.19,PINN Conservative,0.25057783062756084,0.0003384998382700611,0.0016955432729492668,0.00279710077838477,0.08677121996879578,0.42971351742744446,0.6856429129838943,0.34282276679142565,0.0,0.0,1
2.195,PINN Conservative,0.2505793468281629,0.0003324510694519452,0.0016947743889481727,0.0027907947947344303,0.08704644441604614,0.4293244779109955,0.6843163669109344,0.34215949121984673,0.0,0.0,1
2.2,PINN Conservative,0.25058087102323795,0.0003263704072822719,0.001693971725577594,0.002784510209535254,0.08732150495052338,0.4289361536502838,0.6829918622970581,0.3414972363817109,0.0,0.0,1
2.205,PINN Conservative,0.25058240851759933,0.0003202366886051682,0.0016931295195998133,0.0027778761821984632,0.0875965803861618,0.42854946851730347,0.6816703751683235,0.3408364902919126,0.0,0.0,1
2.21,PINN Conservative,0.25058393839746734,0.000314133347379435,0.001692243140622989,0.0027715500327876452,0.08787113428115845,0.42816367745399475,0.6803520917892456,0.34017734608306516,0.0,0.0,1
2.215,PINN Conservative,0.2505854665488007,0.00030803690201330636,0.0016913234149633948,0.0027654065083946577,0.0881458967924118,0.4277789294719696,0.6790359243750572,0.33951925986070614,0.0,0.0,1
2.22,PINN Conservative,0.250586990952492,0.00030195540758477633,0.0016903511196239846,0.00275900361676934,0.08841975778341293,0.42739537358283997,0.6777231022715569,0.33886284630008423,0.0,0.0,1
2.225,PINN Conservative,0.2505885011479261,0.0002959305959348209,0.0016893370947173997,0.0027526450368750427,0.0886935219168663,0.4270133078098297,0.6764137446880341,0.338208165006072,0.0,0.0,1
2.23,PINN Conservative,0.25059002412855647,0.00028985477870120435,0.0016882845064746812,0.0027466928478250136,0.08896715939044952,0.4266320765018463,0.6751067340373993,0.3375546571829889,0.0,0.0,1
2.235,PINN Conservative,0.2505915428772571,0.00028379584443458036,0.0016871754357603416,0.002740329029952318,0.08924076706171036,0.4262520968914032,0.6738023236393929,0.33690244949118914,0.0,0.0,1
2.24,PINN Conservative,0.2505930604264142,0.0002777416956570468,0.0016860390101718459,0.002733800978203499,0.08951430022716522,0.42587342858314514,0.6725009754300117,0.3362517728995541,0.0,0.0,1
2.245,PINN Conservative,0.25059457294642945,0.0002717076102646276,0.0016848410904195736,0.0027278850604743887,0.08978711068630219,0.42549559473991394,0.6712025105953217,0.33560253800077483,0.0,0.0,1
2.25,PINN Conservative,0.25059608748555207,0.00026566546979443594,0.0016829001981199124,0.0027216324462025626,0.09005998075008392,0.4251193404197693,0.6699070259928703,0.3349547932238103,0.0,0.0,1
2.255,PINN Conservative,0.2505975906401875,0.0002596687468837735,0.0016816553768688705,0.0027154019658193612,0.09033260494470596,0.4247435927391052,0.6686134561896324,0.3343080058501118,0.0,0.0,1
2.2600000000000002,PINN Conservative,0.25059909205138703,0.0002536789792801249,0.0016803391311376646,0.002709066594778764,0.09060461074113846,0.42436927556991577,0.6673238202929497,0.33366318543720874,0.0,0.0,1
2.265,PINN Conservative,0.25060059797763845,0.0002476711992149098,0.0016790019888327848,0.0027029682120256054,0.09087678790092468,0.4239960312843323,0.666036382317543,0.33301946398914406,0.0,0.0,1
2.27,PINN Conservative,0.2506020860522988,0.00024173463673621805,0.0016776104953289401,0.0026963018107525882,0.09114843606948853,0.42362385988235474,0.6647520512342453,0.3323772959930713,0.0,0.0,1
2.275,PINN Conservative,0.2506035783365371,0.00023578128046109395,0.001676186454565864,0.002690325742578964,0.09141979366540909,0.42325279116630554,0.6634704619646072,0.33173649890906814,0.0,0.0,1
2.2800000000000002,PINN Conservative,0.25060507127642656,0.00022982530851502423,0.0016747130624965847,0.0026841249404326306,0.09169085323810577,0.42288294434547424,0.6621919646859169,0.3310972478264478,0.0,0.0,1
2.285,PINN Conservative,0.2506065520793202,0.0002239177562052638,0.0016731950281616511,0.002677926040941289,0.09196145832538605,0.4225136637687683,0.6609153747558594,0.33045895042178886,0.0,0.0,1
2.29,PINN Conservative,0.250608033500612,0.00021800773684230564,0.0016716326487926148,0.0026717090810551014,0.09223221242427826,0.42214614152908325,0.6596425101161003,0.3298225156693984,0.0,0.0,1
2.295,PINN Conservative,0.2506095096692445,0.0002121186725705063,0.0016700261040278406,0.0026651682597035597,0.09250268340110779,0.4217793643474579,0.6583716869354248,0.32918710165045106,0.0,0.0,1
2.3000000000000003,PINN Conservative,0.2506109750494363,0.00020627264797537715,0.0016683781542912758,0.0026591095121748926,0.09277275204658508,0.42141368985176086,0.6571038141846657,0.32855316285210034,0.0,0.0,1
2.305,PINN Conservative,0.25061243654042503,0.0002004421390648014,0.0016667041779061529,0.002652897004896612,0.0930427759885788,0.4210491478443146,0.6558386906981468,0.3279205986911238,0.0,0.0,1
2.31,PINN Conservative,0.25061390073597456,0.0001946008405113535,0.0016649706698363541,0.002646382564896091,0.09331213682889938,0.42068564891815186,0.6545766517519951,0.32728957680622545,0.0,0.0,1
2.315,PINN Conservative,0.250615361556411,0.00018877300671891114,0.0016631984154229012,0.002640125865406323,0.09358134865760803,0.4203231930732727,0.6533169597387314,0.32665972839225627,0.0,0.0,1
2.32,PINN Conservative,0.25061679609864973,0.00018305000782945063,0.0016613723877769082,0.0026337978699037534,0.0938502699136734,0.41996198892593384,0.6520605906844139,0.3260315414641105,0.0,0.0,1
2.325,PINN Conservative,0.2506182399094107,0.0001772900328642894,0.001659513672495828,0.002627517110678962,0.09411878883838654,0.4196012616157532,0.6508059278130531,0.3254042076307037,0.0,0.0,1
2.33,PINN Conservative,0.2506196782216432,0.00017155199386667013,0.0016576109276547405,0.002621080717790325,0.09438720345497131,0.41924190521240234,0.6495543718338013,0.32477842724928885,0.0,0.0,1
2.335,PINN Conservative,0.2506210986524823,0.00016588529134994967,0.0016556593312483288,0.002614654170819075,0.09465514123439789,0.4188835024833679,0.6483056396245956,0.32415405875829345,0.0,0.0,1
2.34,PINN Conservative,0.2506225330829623,0.00016016273831351142,0.0016536742499281324,0.002608290576129782,0.09492309391498566,0.4185262620449066,0.6470596194267273,0.3235310462781495,0.0,0.0,1
2.345,PINN Conservative,0.25062395580858016,0.00015448688094848128,0.0016516505554987988,0.002601730250493914,0.09519064426422119,0.41817009449005127,0.6458164528012276,0.32290946058964315,0.0,0.0,1
2.35,PINN Conservative,0.2506253580674531,0.00014889267413038451,0.0016495665757989733,0.002595457566355569,0.09545793384313583,0.4178149700164795,0.6445760056376457,0.3222892346372928,0.0,0.0,1
2.355,PINN Conservative,0.2506267612427475,0.00014329481131754982,0.001647459128230367,0.0025892745179385557,0.09572407603263855,0.41746073961257935,0.6433385908603668,0.321670524883889,0.0,0.0,1
2.36,PINN Conservative,0.2506281582117083,0.00013772170820813834,0.0016452932033181227,0.0025823625910788295,0.09599077701568604,0.417107492685318,0.6421033218502998,0.32105288801819176,0.0,0.0,1
2.365,PINN Conservative,0.25062954419106265,0.0001321924473111028,0.001643089902781604,0.0025760122576539007,0.0962570309638977,0.4167550206184387,0.6408703625202179,0.32043640599690104,0.0,0.0,1
2.37,PINN Conservative,0.25063092941790843,0.00012666618849062585,0.00164085569511387,0.002569369165575916,0.09652311354875565,0.4164039194583893,0.6396399959921837,0.3198212203815891,0.0,0.0,1
2.375,PINN Conservative,0.25063230096548816,0.00012119450207820928,0.0016385651247994826,0.0025626792948852534,0.09678862243890762,0.41605353355407715,0.638412781059742,0.31920761057009633,0.0,0.0,1
2.38,PINN Conservative,0.25063367365300676,0.00011571826796501027,0.0016362524329589707,0.002556409899750714,0.09705400466918945,0.4157043993473053,0.6371882259845734,0.3185953306923232,0.0,0.0,1
2.3850000000000002,PINN Conservative,0.2506350328922274,0.00011029568483001179,0.00163388191973819,0.0025497831827499956,0.09731882810592651,0.41535598039627075,0.6359659731388092,0.317984201933652,0.0,0.0,1
2.39,PINN Conservative,0.25063639000058197,0.00010488160262558659,0.001631480934884608,0.0025428453691935804,0.09758353233337402,0.41500890254974365,0.6347469016909599,0.31737466388001806,0.0,0.0,1
2.395,PINN Conservative,0.25063772214949154,9.956709425887961e-05,0.0016290259881020796,0.0025364950064130087,0.09784757345914841,0.414662629365921,0.6335305199027061,0.3167664706613219,0.0,0.0,1
2.4,PINN Conservative,0.2506390590295198,9.423371144837706e-05,0.0016265426893926273,0.0025294813393916676,0.09811170399188995,0.41431736946105957,0.6323165446519852,0.3161594807159912,0.0,0.0,1
2.4050000000000002,PINN Conservative,0.25064039282500766,8.891263418071217e-05,0.0016240086196165429,0.002522659476927286,0.09837527573108673,0.41397273540496826,0.6311044320464134,0.3155534220967947,0.0,0.0,1
2.41,PINN Conservative,0.250641708865762,8.366238809373612e-05,0.0016214466911229706,0.0025156428356215427,0.09863897413015366,0.41362953186035156,0.6298954710364342,0.3149489392814174,0.0,0.0,1
2.415,PINN Conservative,0.2506430312246086,7.83869364503146e-05,0.0016188273656862111,0.002509028989608794,0.09890170395374298,0.41328680515289307,0.6286890059709549,0.31434570444305987,0.0,0.0,1
2.42,PINN Conservative,0.25064432665705705,7.321890565722672e-05,0.001616181588005779,0.002502105258255699,0.09916439652442932,0.4129456877708435,0.6274863034486771,0.3137443508834935,0.0,0.0,1
2.4250000000000003,PINN Conservative,0.25064562391489764,6.80435925986997e-05,0.0016134937917266483,0.00249522863854737,0.0994270071387291,0.4126048684120178,0.6262841522693634,0.3131432729964629,0.0,0.0,1
2.43,PINN Conservative,0.25064690060913586,6.295031649271909e-05,0.001610764768924601,0.0024883047233907607,0.09968890249729156,0.4122651219367981,0.6250854209065437,0.3125439050242147,0.0,0.0,1
2.435,PINN Conservative,0.25064818835258507,5.781296038649742e-05,0.0016079956154581815,0.0024813587613870675,0.09995000064373016,0.4119267761707306,0.6238906383514404,0.31194651146337105,0.0,0.0,1
2.44,PINN Conservative,0.2506494527012112,5.2768936175904275e-05,0.0016052044038824484,0.0024742543950529994,0.10021141916513443,0.41158899664878845,0.6226969286799431,0.31134965434638073,0.0,0.0,1
2.445,PINN Conservative,0.25065071534365435,4.7731718654577106e-05,0.0016023527927970158,0.0024669462194548547,0.10047266632318497,0.4112522602081299,0.6215059980750084,0.3107541867679827,0.0,0.0,1
2.45,PINN Conservative,0.25065197115391513,4.272175761346476e-05,0.0015994795859988768,0.002459967440797989,0.10073313117027283,0.41091641783714294,0.6203178465366364,0.31016010872817695,0.0,0.0,1
2.455,PINN Conservative,0.2506532137766483,3.776440722676061e-05,0.0015965572023753352,0.0024528650344284447,0.10099320113658905,0.4105812907218933,0.6191320791840553,0.309567222785823,0.0,0.0,1
2.46,PINN Conservative,0.25065444201976084,3.286442326018271e-05,0.0015936012049116632,0.002445779106438853,0.10125316679477692,0.41024723649024963,0.6179488524794579,0.3089756071723161,0.0,0.0,1
2.465,PINN Conservative,0.2506556614041331,2.7999780574964546e-05,0.0015905965234981768,0.002438079133779719,0.10151280462741852,0.4099143147468567,0.6167684867978096,0.3083854220757514,0.0,0.0,1
2.47,PINN Conservative,0.2506568794846537,2.3140339508265213e-05,0.0015875798474847365,0.0024308487868577727,0.1017722487449646,0.40958207845687866,0.6155901104211807,0.3077962316354981,0.0,0.0,1
2.475,PINN Conservative,0.25065808439254783,1.833344964900778e-05,0.001584506447513738,0.0024237133216594153,0.1020306944847107,0.4092506468296051,0.6144148483872414,0.30720859837254116,0.0,0.0,1
2.48,PINN Conservative,0.2506592723503711,1.3594180828723445e-05,0.0015814056610308073,0.0024161965300528443,0.10228893160820007,0.40892013907432556,0.6132416874170303,0.30662201564546365,0.0,0.0,1
2.485,PINN Conservative,0.25066047325730345,8.803252507041655e-06,0.001578270202401658,0.0024088489114462985,0.10254721343517303,0.40859082341194153,0.6120712831616402,0.3060368112810648,0.0,0.0,1
2.49,PINN Conservative,0.25066164850443623,4.1146920351440335e-06,0.00157509351673703,0.002401468857449074,0.10280503332614899,0.4082620143890381,0.6109028309583664,0.3054525829464546,0.0,0.0,1
2.495,PINN Conservative,0.2506628132313492,5.318988072481861e-07,0.0015718844737896774,0.002393837101949528,0.10306236147880554,0.4079345464706421,0.6097377613186836,0.3048700459001042,0.0,0.0,1
2.5,PINN Conservative,0.2506639694944026,5.1447237154339365e-06,0.0015686448255575684,0.0023864496926854634,0.10331951081752777,0.40760770440101624,0.6085745990276337,0.3042884625317152,0.0,0.0,1
2.505,PINN Conservative,0.250665120393038,9.736147679438629e-06,0.0015653691233431587,0.002378533762012608,0.10357318073511124,0.40728169679641724,0.6074135974049568,0.303707959501642,0.0,0.0,1
2.5100000000000002,PINN Conservative,0.25066624955087924,1.424083837236659e-05,0.001562046918289747,0.0023708710414458156,0.1038246899843216,0.40695661306381226,0.606255941092968,0.30312912913330575,0.0,0.0,1
2.515,PINN Conservative,0.2506673843488099,1.8768029780012783e-05,0.0015587132054698714,0.0023631994444191923,0.10407611727714539,0.40663227438926697,0.6050997599959373,0.30255103637526787,0.0,0.0,1
2.52,PINN Conservative,0.25066850398480917,2.3234733797041513e-05,0.001555332839268037,0.0023552962719464027,0.10432695597410202,0.4063091278076172,0.6039470657706261,0.3019746870597533,0.0,0.0,1
2.525,PINN Conservative,0.2506696191430094,2.7683573970030215e-05,0.0015519107945710414,0.002347741954135188,0.10457758605480194,0.4059865474700928,0.602796271443367,0.30139928769689556,0.0,0.0,1
2.5300000000000002,PINN Conservative,0.25067071457952284,3.205373594971468e-05,0.0015484678152855743,0.002339729878105573,0.10482770204544067,0.4056650698184967,0.6016486436128616,0.30082547158846606,0.0,0.0,1
2.535,PINN Conservative,0.2506718003228309,3.638522761194818e-05,0.0015449947196540933,0.002331987047843126,0.10507769882678986,0.40534427762031555,0.6005024909973145,0.30025239309033486,0.0,0.0,1
2.54,PINN Conservative,0.25067288155108713,4.069870681305813e-05,0.0015414918410106533,0.0023240658276038606,0.10532698780298233,0.4050242304801941,0.599359005689621,0.29968064825122787,0.0,0.0,1
2.545,PINN Conservative,0.25067394569516205,4.4944029951391155e-05,0.0015379420847014815,0.002315920751788214,0.10557608306407928,0.4047052264213562,0.5982182174921036,0.29911025197236324,0.0,0.0,1
2.5500000000000003,PINN Conservative,0.2506750109270217,4.919369272557096e-05,0.001534378082876865,0.0023079393573988416,0.10582482814788818,0.40438714623451233,0.5970800593495369,0.2985411707260001,0.0,0.0,1
2.555,PINN Conservative,0.25067605762928746,5.336943307172167e-05,0.0015307781672715586,0.002299746077526088,0.10607321560382843,0.4040695130825043,0.5959433019161224,0.29797278983688996,0.0,0.0,1
2.56,PINN Conservative,0.2506770922392609,5.7496932122683394e-05,0.0015271511428392396,0.002291723699616527,0.10632138699293137,0.4037529230117798,0.5948095247149467,0.2974058990695946,0.0,0.0,1
2.565,PINN Conservative,0.2506781309843066,6.16409277350246e-05,0.0015234918691091213,0.0022833395227850467,0.10656890273094177,0.4034375250339508,0.5936789810657501,0.29684062508446823,0.0,0.0,1
2.57,PINN Conservative,0.25067915037274385,6.570770160683934e-05,0.0015198071177194633,0.0022753561044610293,0.10681627690792084,0.4031226634979248,0.592550203204155,0.2962762339965171,0.0,0.0,1
2.575,PINN Conservative,0.25068015304952884,6.970780559269175e-05,0.0015160780218520646,0.002266914290112193,0.10706330090761185,0.4028082489967346,0.5914228335022926,0.2957125469911234,0.0,0.0,1
2.58,PINN Conservative,0.2506811606585982,7.372758655782403e-05,0.0015123349788562482,0.002258595216889425,0.10730970650911331,0.40249523520469666,0.5902991518378258,0.29515070401147553,0.0,0.0,1
2.585,PINN Conservative,0.25068214685469886,7.766194208713095e-05,0.00150856197553486,0.0022500849825917713,0.10755594819784164,0.40218275785446167,0.5891775712370872,0.2945899115677071,0.0,0.0,1
2.59,PINN Conservative,0.2506831216812136,8.155093950431787e-05,0.001504761003089603,0.0022420155732099656,0.10780194401741028,0.4018714427947998,0.5880585983395576,0.2940304229805265,0.0,0.0,2
2.595,PINN Conservative,0.2506840847134592,8.539288456763458e-05,0.001500933583856189,0.0022337225112458448,0.10804744064807892,0.4015604257583618,0.5869412422180176,0.2934717427844305,0.0,0.0,1
2.6,PINN Conservative,0.25068504511564993,8.92243372237964e-05,0.0014970850396558285,0.0022250359285629906,0.10829250514507294,0.4012504816055298,0.5858268365263939,0.29291453780893106,0.0,0.0,1
2.605,PINN Conservative,0.2506859931126239,9.30063001962627e-05,0.0014932127071315912,0.0022166415267488304,0.1085374504327774,0.4009414613246918,0.5847146064043045,0.2923584206223564,0.0,0.0,2
2.61,PINN Conservative,0.2506869326308372,9.675443778755625e-05,0.0014893033121546081,0.002207852930571186,0.10878175497055054,0.40063297748565674,0.5836045816540718,0.2918034061259247,0.0,0.0,2
2.615,PINN Conservative,0.25068785700947066,0.00010044217715834957,0.0014853743912789303,0.0021993290225517798,0.1090259850025177,0.40032532811164856,0.582497127354145,0.2912496768595582,0.0,0.0,2
2.62,PINN Conservative,0.25068877286464,0.00010409591280684984,0.0014814184137031036,0.0021907134118295674,0.10926967859268188,0.4000186622142792,0.5813919007778168,0.2906970614592483,0.0,0.0,1
2.625,PINN Conservative,0.2506896839439871,0.00010773059567021274,0.0014774503023169076,0.0021819671086363013,0.10951270908117294,0.3997127115726471,0.580289676785469,0.2901459473566667,0.0,0.0,2
2.63,PINN Conservative,0.2506905733123424,0.00011127866415665295,0.0014734550422429988,0.0021732123205422116,0.10975589603185654,0.3994075059890747,0.5791887044906616,0.2895954591052473,0.0,0.0,2
2.6350000000000002,PINN Conservative,0.25069146396219755,0.00011483184509083036,0.0014694256772882837,0.0021643787344449716,0.10999856889247894,0.3991030752658844,0.5780904144048691,0.28904631196346126,0.0,0.0,2
2.64,PINN Conservative,0.2506923343390229,0.00011830414828996482,0.0014653848974835325,0.00215555876769552,0.11024075746536255,0.39879941940307617,0.5769943371415138,0.2884982712371226,0.0,0.0,2
2.645,PINN Conservative,0.25069320961087965,0.00012179597985063128,0.0014613231313976426,0.002146630457808621,0.11048267781734467,0.3984965682029724,0.5759012997150421,0.28795175043503507,0.0,0.0,2
2.65,PINN Conservative,0.25069406437128805,0.00012520598252324403,0.0014572411543325853,0.0021377842783214807,0.11072413623332977,0.39819446206092834,0.5748100578784943,0.28740612743134086,0.0,0.0,2
2.6550000000000002,PINN Conservative,0.25069489830732367,0.00012853290791929657,0.0014531357460571877,0.002129009275544172,0.11096548289060593,0.3978930711746216,0.5737206265330315,0.2868614096766492,0.0,0.0,2
2.66,PINN Conservative,0.25069574531912825,0.00013191199811695654,0.001449015241868351,0.0021199356457011903,0.11120609939098358,0.3975929915904999,0.5726354271173477,0.28631880789493447,0.0,0.0,2
2.665,PINN Conservative,0.25069656632840653,0.0001351873531821718,0.0014448664467230728,0.0021109482892592013,0.1114467978477478,0.39729276299476624,0.5715495645999908,0.2857758745611159,0.0,0.0,2
2.67,PINN Conservative,0.25069738173484823,0.00013844035615019523,0.0014407082849174013,0.0021021130785961184,0.11168685555458069,0.3969939351081848,0.5704680532217026,0.28523511680514696,0.0,0.0,2
2.6750000000000003,PINN Conservative,0.25069817717373394,0.00014161370004808836,0.0014365227818736554,0.0020930155641350062,0.11192663013935089,0.39669570326805115,0.5693880394101143,0.2846951078353899,0.0,0.0,2
2.68,PINN Conservative,0.2506989743635061,0.00014479402897636778,0.0014323228609577194,0.002084053000924152,0.11216577887535095,0.3963980972766876,0.5683110356330872,0.2841566038886658,0.0,0.0,2
2.685,PINN Conservative,0.25069975744187856,0.0001479180615319072,0.001428100630913523,0.00207488269708557,0.11240506172180176,0.3961014449596405,0.5672355145215988,0.2836188412775445,0.0,0.0,2
2.69,PINN Conservative,0.2507005380764606,0.0001510323447683668,0.001423879245748898,0.002065864412474222,0.1126437783241272,0.3958055377006531,0.566162496805191,0.28308233036874764,0.0,0.0,2
2.695,PINN Conservative,0.2507013005986812,0.00015407437009451073,0.0014196230253409128,0.002056795923510074,0.11288215219974518,0.3955100476741791,0.5650911927223206,0.28254667627999425,0.0,0.0,2
2.7,PINN Conservative,0.2507020549699666,0.00015708387787495472,0.0014153653970063926,0.002047573792042401,0.1131201684474945,0.3952156603336334,0.5640232041478157,0.28201267995175977,0.0,0.0,2
2.705,PINN Conservative,0.25070280256867433,0.00016006636696349192,0.0014110862933187879,0.00203836754868969,0.11335760354995728,0.3949218988418579,0.5629571229219437,0.28147963730148673,0.0,0.0,2
2.71,PINN Conservative,0.2507035255953672,0.0001629508278378703,0.00140680381806982,0.002035372866047852,0.11359507590532303,0.3946289122104645,0.5618924498558044,0.2809472987337712,0.0,0.0,2
2.715,PINN Conservative,0.25070426462590717,0.00016589913486255123,0.0014024926244296369,0.0020333958415669207,0.11383198946714401,0.3943365812301636,0.5608304515480995,0.28041629755038444,0.0,0.0,2
2.72,PINN Conservative,0.25070497268438363,0.0001687238811579811,0.0013981818070815518,0.0020310382808259586,0.11406861245632172,0.3940450847148895,0.5597714930772781,0.2798868162912487,0.0,0.0,2
2.725,PINN Conservative,0.25070568154007217,0.0001715518078713114,0.0013938532528291541,0.0020290630673138743,0.1143047958612442,0.39375409483909607,0.5587130934000015,0.2793576144299532,0.0,0.0,2
2.73,PINN Conservative,0.2507063706517222,0.0001743009672207773,0.0013895058485180916,0.002026707288517837,0.11454066634178162,0.39346396923065186,0.5576582625508308,0.27883019698953093,0.0,0.0,2
2.735,PINN Conservative,0.25070706082135463,0.00017705434731193594,0.0013851515156039827,0.0020244844975645937,0.11477608978748322,0.39317452907562256,0.5566055029630661,0.2783038151837699,0.0,0.0,2
2.74,PINN Conservative,0.250707732357085,0.0001797333888454157,0.0013807889273824991,0.0020220244213719485,0.11501143127679825,0.39288589358329773,0.555554136633873,0.2777781300099573,0.0,0.0,2
2.745,PINN Conservative,0.2507083981484177,0.0001823895135345274,0.0013764233414255277,0.002019860835327736,0.11524628102779388,0.3925979733467102,0.5545057654380798,0.27725394240856854,0.0,0.0,2
2.75,PINN Conservative,0.2507090483158829,0.00018498330797352356,0.0013720486516934692,0.0020175372231340805,0.11548089981079102,0.39231061935424805,0.5534587278962135,0.27673042163669187,0.0,0.0,2
2.755,PINN Conservative,0.2507096956893804,0.00018756595608740694,0.0013676515058462842,0.002015076227325552,0.11571478843688965,0.39202409982681274,0.5524151101708412,0.27620861077959763,0.0,0.0,2
2.7600000000000002,PINN Conservative,0.2507103398516776,0.0001901357933582427,0.0013632657561086733,0.0020126939331387983,0.11594860255718231,0.3917382061481476,0.5513728335499763,0.27568747047732,0.0,0.0,2
2.765,PINN Conservative,0.25071096628904366,0.0001926349183427651,0.001358855927923601,0.0020101264313591993,0.1161821186542511,0.3914530277252197,0.5503319725394249,0.2751670379829045,0.0,0.0,2
2.77,PINN Conservative,0.2507115816995504,0.00019509005249738513,0.0013544375833170002,0.0020076445997289916,0.11641503870487213,0.3911687433719635,0.5492951795458794,0.27464863950476603,0.0,0.0,2
2.775,PINN Conservative,0.25071218691021224,0.0001975044951343787,0.0013500360200131925,0.0020053806424852882,0.11664780974388123,0.3908848762512207,0.5482587814331055,0.2741304384677681,0.0,0.0,2
2.7800000000000002,PINN Conservative,0.25071278694272064,0.00019989827991570924,0.0013456090966897103,0.0020029468936696437,0.11688050627708435,0.3906017541885376,0.5472242683172226,0.273613179932818,0.0,0.0,2
2.785,PINN Conservative,0.2507133788689973,0.00020225972549223867,0.0013411911449841437,0.0020003038842697773,0.11711245775222778,0.3903193771839142,0.5461935698986053,0.27309782875379074,0.0,0.0,2
2.79,PINN Conservative,0.2507139644697311,0.00020459593578895025,0.001336754397301567,0.001997825036756412,0.11734403669834137,0.39003756642341614,0.5451640337705612,0.27258305872227123,0.0,0.0,2
2.795,PINN Conservative,0.25071452524513027,0.00020683310727130449,0.0013323392033813568,0.001995129037310084,0.1175752654671669,0.38975685834884644,0.5441372394561768,0.27206965960282137,0.0,0.0,2
2.8000000000000003,PINN Conservative,0.2507150893211367,0.00020908344627916845,0.001327903009478069,0.00199291227143511,0.11780604720115662,0.3894766569137573,0.5431128516793251,0.2715574637567369,0.0,0.0,2
2.805,PINN Conservative,0.2507156307026746,0.00021124324740369127,0.0013234690123598,0.0019901056234927494,0.11803686618804932,0.38919687271118164,0.5420893728733063,0.27104572239780594,0.0,0.0,2
2.81,PINN Conservative,0.2507161824703219,0.00021344448313413713,0.0013190308442501794,0.0019873707817338326,0.11826737225055695,0.3889178931713104,0.5410680025815964,0.27053503530005896,0.0,0.0,2
2.815,PINN Conservative,0.2507167106717827,0.00021555170332740272,0.0013146045932141185,0.0019847380918393276,0.11849743127822876,0.38863977789878845,0.5400495305657387,0.27002579734577675,0.0,0.0,2
2.82,PINN Conservative,0.25071724087744973,0.0002176669191514745,0.0013101671809425503,0.0019821988492637055,0.11872662603855133,0.38836193084716797,0.539032831788063,0.2695174460139744,0.0,0.0,2
2.825,PINN Conservative,0.2507177526727321,0.00021970868812391185,0.001305731494033613,0.0019797229644363257,0.11895637214183807,0.38808491826057434,0.5380175411701202,0.2690097987647295,0.0,0.0,2
2.83,PINN Conservative,0.25071825145930077,0.00022169855980664369,0.001301297153341722,0.0019767792171142273,0.11918497085571289,0.3878088891506195,0.5370059609413147,0.268504006717144,0.0,0.0,2
2.835,PINN Conservative,0.25071876104921126,0.000223731530613012,0.0012968663721892844,0.0019742070179044335,0.11941386759281158,0.38753315806388855,0.5359946861863136,0.2679983674070445,0.0,0.0,2
2.84,PINN Conservative,0.2507192493900659,0.00022567972990151277,0.0012924480062442166,0.0019715749879717914,0.11964200437068939,0.38725829124450684,0.5349864512681961,0.26749424802119603,0.0,0.0,2
2.845,PINN Conservative,0.25071972683817173,0.00022758447338391502,0.0012880225335234153,0.0019686781039430223,0.11987006664276123,0.38698381185531616,0.5339791625738144,0.2669906017490238,0.0,0.0,2
2.85,PINN Conservative,0.25072019370645304,0.00022944700944828238,0.0012836116073369403,0.001965906771162901,0.12009730935096741,0.3867100775241852,0.5329761281609535,0.2664890826257421,0.0,0.0,2
2.855,PINN Conservative,0.25072065515816233,0.00023128793650397593,0.0012791990320031147,0.0019634154239886736,0.1203247457742691,0.3864371180534363,0.5319728031754494,0.2659874182155835,0.0,0.0,2
2.86,PINN Conservative,0.2507211116179826,0.00023310894879208157,0.0012747837438835472,0.001960629623653287,0.12055174261331558,0.3861648142337799,0.5309728384017944,0.2654874339177711,0.0,0.0,2
2.865,PINN Conservative,0.2507215556725862,0.00023488047139671314,0.0012703986225307978,0.0019578536706394978,0.12077824771404266,0.38589319586753845,0.5299746096134186,0.2649883176159157,0.0,0.0,2
2.87,PINN Conservative,0.25072198659926676,0.0002365996211350231,0.0012660123240946833,0.0019552679404674644,0.12100434303283691,0.3856220245361328,0.5289784669876099,0.26449024439933067,0.0,0.0,2
2.875,PINN Conservative,0.2507224155813458,0.00023831101303105638,0.0012616287366742475,0.0019525607679420354,0.12123006582260132,0.38535165786743164,0.5279849246144295,0.263993471314029,0.0,0.0,2
2.88,PINN Conservative,0.2507228388190272,0.00023999948808272158,0.0012572646763584067,0.0019496172359732,0.12145568430423737,0.38508182764053345,0.526992104947567,0.2634970595832674,0.0,0.0,2
2.8850000000000002,PINN Conservative,0.2507232389524581,0.0002415957904564832,0.0012528866371952555,0.001947146720349846,0.12168106436729431,0.3848128318786621,0.5260017737746239,0.2630018921042212,0.0,0.0,2
2.89,PINN Conservative,0.2507236422747376,0.0002432048145027323,0.0012485397294498424,0.0019444106968480313,0.12190575897693634,0.38454434275627136,0.5250142365694046,0.2625081216143763,0.0,0.0,2
2.895,PINN Conservative,0.2507240446805956,0.0002448101825542434,0.001244204269265219,0.0019416520655131386,0.12213031202554703,0.38427653908729553,0.5240282267332077,0.26201511481196144,0.0,0.0,2
2.9,PINN Conservative,0.2507244325578215,0.0002463575897153011,0.0012398829480714589,0.0019389224003664995,0.12235449254512787,0.38400933146476746,0.5230440273880959,0.2615230132585491,0.0,0.0,2
2.9050000000000002,PINN Conservative,0.2507248073145749,0.0002478526537334096,0.0012355607807546362,0.0019362364932568876,0.1225784569978714,0.3837426006793976,0.5220618695020676,0.26103193243857986,0.0,0.0,2
2.91,PINN Conservative,0.25072517201304456,0.00024930759098128934,0.0012312560543665074,0.0019333930538138477,0.12280196696519852,0.3834768235683441,0.5210816636681557,0.2605418276483993,0.0,0.0,2
2.915,PINN Conservative,0.25072553399950287,0.0002507517088629245,0.0012269794509658033,0.0019308510163361103,0.12302511930465698,0.3832114636898041,0.5201035216450691,0.2600527547675754,0.0,0.0,2
2.92,PINN Conservative,0.25072588939219737,0.0002521695214173556,0.001222689446739602,0.00192798531598673,0.12324795126914978,0.3829464316368103,0.519126683473587,0.2595643338150455,0.0,0.0,2
2.9250000000000003,PINN Conservative,0.2507262320816519,0.00025353665534677235,0.0012184373821182723,0.0019253422750025173,0.12347032129764557,0.3826824128627777,0.5181528180837631,0.25907739925902584,0.0,0.0,2
2.93,PINN Conservative,0.2507265850454571,0.00025494477802908994,0.0012141889680593188,0.0019228003248283054,0.12369271367788315,0.38241884112358093,0.5171799659729004,0.2585909713444232,0.0,0.0,2
2.935,PINN Conservative,0.2507269094735386,0.0002562390595776424,0.0012099748542027018,0.0019201230858264529,0.12391453981399536,0.3821558654308319,0.5162098407745361,0.25810590689128105,0.0,0.0,2
2.94,PINN Conservative,0.25072722918540263,0.000257514526129587,0.0012057698930023769,0.00191728013098591,0.1241358071565628,0.38189393281936646,0.5152424871921539,0.25762222825142667,0.0,0.0,2
2.945,PINN Conservative,0.2507275437936189,0.00025876963206069995,0.001201583232087649,0.0019148015315662292,0.12435704469680786,0.38163214921951294,0.5142757669091225,0.25713886626245785,0.0,0.0,2
2.95,PINN Conservative,0.25072784984856866,0.0002599906153753659,0.0011974164766701634,0.0019122321705399292,0.12457773089408875,0.3813709020614624,0.5133110284805298,0.2566564952044959,0.0,0.0,2
2.955,PINN Conservative,0.25072815313190244,0.00026120054153547917,0.001193267541183723,0.001909574412758297,0.12479859590530396,0.3811108469963074,0.5123485401272774,0.25617524918850415,0.0,0.0,2
2.96,PINN Conservative,0.25072844637930414,0.0002623704300957024,0.0011891392276983765,0.0019069426632236375,0.12501849234104156,0.38085073232650757,0.5113877952098846,0.25569487489377396,0.0,0.0,2
2.965,PINN Conservative,0.25072872658073925,0.0002634882727486937,0.0011850347154896913,0.0019042151032729604,0.12523862719535828,0.3805915415287018,0.5104286372661591,0.25521529408891014,0.0,0.0,2
2.97,PINN Conservative,0.25072900912165663,0.00026461544859111494,0.0011809594179452844,0.0019017415084014722,0.1254580020904541,0.3803327977657318,0.5094716250896454,0.254736786171753,0.0,0.0,2
2.975,PINN Conservative,0.25072927421331426,0.00026567301191776003,0.001176889513930796,0.0018992573731735352,0.12567713856697083,0.3800748586654663,0.5085178762674332,0.254259909937983,0.0,0.0,2
2.98,PINN Conservative,0.2507295357286932,0.00026671630794835823,0.0011728580812781903,0.0018967238637114525,0.12589594721794128,0.37981733679771423,0.5075647234916687,0.2537833317285759,0.0,0.0,2
2.985,PINN Conservative,0.25072979663312456,0.00026775716664913116,0.0011688535165984355,0.0018940685060102602,0.12611469626426697,0.3795601725578308,0.5066125988960266,0.25330726761119493,0.0,0.0,2
2.99,PINN Conservative,0.25073003326356436,0.0002687011860775069,0.0011648661046741154,0.001891591994549302,0.12633289396762848,0.37930402159690857,0.5056634396314621,0.2528326861650197,0.0,0.0,2
2.995,PINN Conservative,0.25073027555644534,0.00026966779539116105,0.0011609028544727795,0.0018890070947907844,0.12655070424079895,0.37904831767082214,0.5047164410352707,0.2523591850571601,0.0,0.0,2
3.0,PINN Conservative,0.25073051314055944,0.0002706156194318012,0.0011569808784874353,0.001886791025571516,0.12676823139190674,0.3787931799888611,0.5037715137004852,0.2518867195839618,0.0,0.0,2
3.005,PINN Conservative,0.25073072782158873,0.0002714720733298006,0.0011530797330082687,0.0018845122039816697,0.1269853413105011,0.3785386383533478,0.5028275549411774,0.25141473840035333,0.0,0.0,2
3.0100000000000002,PINN Conservative,0.2507309613376858,0.00027240366832096324,0.0011491829902628683,0.0018819474048732132,0.12720215320587158,0.3782848119735718,0.5018864721059799,0.25094419518429606,0.0,0.0,2
3.015,PINN Conservative,0.2507311713099482,0.00027324133694594865,0.0011453434471443242,0.0018794688636132872,0.1274190992116928,0.37803149223327637,0.5009462535381317,0.2504740841035651,0.0,0.0,2
3.02,PINN Conservative,0.25073138689994834,0.00027410141711509215,0.0011415192091234394,0.0018772840772090238,0.12763532996177673,0.37777841091156006,0.5000072866678238,0.2500045988739963,0.0,0.0,2
3.025,PINN Conservative,0.25073157630860826,0.00027485704878708823,0.0011377413390240012,0.0018748625641064331,0.1278512328863144,0.37752655148506165,0.4990716576576233,0.24953678258086007,0.0,0.0,2
3.0300000000000002,PINN Conservative,0.2507317719012501,0.00027563735099216883,0.001133982401701313,0.001872603946098339,0.1280668079853058,0.37727463245391846,0.49813757836818695,0.2490697411510675,0.0,0.0,2
3.035,PINN Conservative,0.25073196610808396,0.00027641212461986247,0.0011302613465298016,0.0018705650210544544,0.12828218936920166,0.3770235776901245,0.49720463156700134,0.24860326596756455,0.0,0.0,2
3.04,PINN Conservative,0.25073213867843175,0.00027710058110590766,0.0011265713042443815,0.0018679420991737083,0.12849728763103485,0.37677302956581116,0.49627429246902466,0.2481380946406495,0.0,0.0,2
3.045,PINN Conservative,0.25073231716454053,0.0002778126380776512,0.001122915365983954,0.0018659498657277729,0.12871190905570984,0.376522958278656,0.49534521996974945,0.24767355661550575,0.0,0.0,2
3.0500000000000003,PINN Conservative,0.2507324832081797,0.0002784750567481728,0.001119277529571454,0.001863704076712741,0.12892594933509827,0.3762734830379486,0.49441857635974884,0.24721023303964104,0.0,0.0,2
3.055,PINN Conservative,0.2507326456308367,0.0002791230297813057,0.0011156904956790758,0.0018616254397528786,0.12914027273654938,0.3760247528553009,0.4934932589530945,0.24674757256798388,0.0,0.0,2
3.06,PINN Conservative,0.2507328036874535,0.0002797535848238638,0.0011121341699825609,0.0018595384738378518,0.1293538361787796,0.3757764399051666,0.492569699883461,0.24628579126819744,0.0,0.0,2
3.065,PINN Conservative,0.2507329500019553,0.00028033729557748726,0.0011086177352897116,0.00185739232716145,0.12956716120243073,0.37552881240844727,0.49164874851703644,0.24582531382499892,0.0,0.0,2
3.0700000000000003,PINN Conservative,0.25073309150338197,0.0002809018049282255,0.0011051382554972363,0.0018554406743288565,0.129780113697052,0.37528184056282043,0.49072931706905365,0.2453655963439259,0.0,0.0,2
3.075,PINN Conservative,0.2507332262545826,0.0002814393847573956,0.0011016784065514807,0.001853378428031821,0.12999284267425537,0.3750351667404175,0.4898115545511246,0.2449067133310692,0.0,0.0,2
3.08,PINN Conservative,0.25073336532712004,0.00028199420423624183,0.0010982720017730506,0.0018514339012960235,0.13020522892475128,0.3747889995574951,0.48889507353305817,0.2444484710705928,0.0,0.0,2
3.085,PINN Conservative,0.25073349088430424,0.00028249510522498553,0.001094896346847343,0.0018496276238797182,0.13041716814041138,0.37454357743263245,0.48798127472400665,0.2439915699197497,0.0,0.0,2
3.09,PINN Conservative,0.25073361140489603,0.0002829759131052425,0.001091575105203841,0.001847684864856619,0.13062898814678192,0.3742982745170593,0.4870678335428238,0.2435348475835244,0.0,0.0,2
3.095,PINN Conservative,0.2507337191402914,0.00028340571540139543,0.001088280006254815,0.0018458760589289414,0.13084030151367188,0.3740539848804474,0.486158087849617,0.24307997299834938,0.0,0.0,2
3.1,PINN Conservative,0.25073382753133794,0.0002838381333687155,0.001085027026955418,0.0018438617004769842,0.1310514211654663,0.37381014227867126,0.48524898290634155,0.24262541878936456,0.0,0.0,2
3.105,PINN Conservative,0.25073393282294293,0.00028425818634601014,0.0010818169174340868,0.0018421308711771833,0.13126219809055328,0.3735668957233429,0.4843418300151825,0.2421718406101684,0.0,0.0,2
3.11,PINN Conservative,0.2507340255826714,0.0002846282443398422,0.0010786501014317645,0.0018407422121121397,0.13147255778312683,0.37332409620285034,0.48343712091445923,0.24171948433086032,0.0,0.0,2
3.115,PINN Conservative,0.25073411481082464,0.0002849842133787477,0.0010755222120670594,0.0018388282168462777,0.13168306648731232,0.37308159470558167,0.48253221809864044,0.24126703119363432,0.0,0.0,2
3.12,PINN Conservative,0.25073420424759413,0.0002853410146765099,0.0010724367708851005,0.0018372518353019784,0.13189275562763214,0.37283971905708313,0.48163028061389923,0.240816060727614,0.0,0.0,2
3.125,PINN Conservative,0.2507342788130047,0.00028563848780093664,0.0010693897113200894,0.001835678181495437,0.1321021467447281,0.37259870767593384,0.4807310253381729,0.24036643137122696,0.0,0.0,2
3.13,PINN Conservative,0.2507343505918982,0.00028592484432406597,0.0010663934303975563,0.0018340551031822694,0.13231126964092255,0.37235793471336365,0.4798325449228287,0.23991718944651175,0.0,0.0,2
3.1350000000000002,PINN Conservative,0.2507344197928908,0.0002862009165045331,0.0010634438387212802,0.0018325488322284422,0.13252045214176178,0.3721177875995636,0.4789353758096695,0.23946860317539506,0.0,0.0,2
3.14,PINN Conservative,0.2507344810664656,0.0002864453628451233,0.001060530269150395,0.0018311729356791095,0.1327291876077652,0.3718782365322113,0.47804005444049835,0.2390209407798035,0.0,0.0,2
3.145,PINN Conservative,0.25073455199599287,0.0002867283308851951,0.0010576753016495587,0.0018297505576034268,0.132937490940094,0.37163931131362915,0.4771471917629242,0.23857450773470912,0.0,0.0,2
3.15,PINN Conservative,0.25073460093140626,0.0002869235550542131,0.0010548515707879905,0.0018284612536419997,0.13314521312713623,0.37140050530433655,0.47625596821308136,0.23812889425661288,0.0,0.0,2
3.1550000000000002,PINN Conservative,0.25073465108871484,0.00028712365388266033,0.0010520774754419584,0.0018271572481430853,0.13335298001766205,0.3711623251438141,0.47536538541316986,0.2376836011547068,0.0,0.0,2
3.16,PINN Conservative,0.2507346935272219,0.00028729295913008734,0.0010493537841271034,0.0018257442807517454,0.1335601955652237,0.3709249794483185,0.47447794675827026,0.2372398801313153,0.0,0.0,2
3.165,PINN Conservative,0.2507347358018162,0.00028746161045999937,0.0010466704730667286,0.0018247061149834487,0.1337672919034958,0.37068793177604675,0.47359126806259155,0.23679653908898657,0.0,0.0,2
3.17,PINN Conservative,0.25073476476967355,0.00028757717555866566,0.0010440440853406996,0.0018234708053472826,0.13397401571273804,0.37045127153396606,0.4727064073085785,0.23635410702096485,0.0,0.0,2
3.1750000000000003,PINN Conservative,0.250734792724252,0.00028768869825698096,0.0010414660253156595,0.0018222789678169482,0.13418053090572357,0.37021538615226746,0.4718236029148102,0.2359127031369953,0.0,0.0,2
3.18,PINN Conservative,0.25073481868207476,0.00028779225504808393,0.0010389288505527102,0.001821174939450887,0.1343865692615509,0.3699799180030823,0.47094251215457916,0.23547215607306926,0.0,0.0,2
3.185,PINN Conservative,0.2507348414808514,0.0002878832090610749,0.0010364429374866448,0.0018201703218970466,0.13459263741970062,0.3697453439235687,0.47006262838840485,0.2350322125084782,0.0,0.0,2
3.19,PINN Conservative,0.25073485164344333,0.00028792375196095345,0.001033999885671176,0.0018191830948200982,0.1347981095314026,0.3695106506347656,0.46918459236621857,0.23459319281941227,0.0,0.0,2
3.1950000000000003,PINN Conservative,0.25073485727608225,0.0002879462229522993,0.0010316216208027217,0.0018183690888338155,0.13500306010246277,0.36927664279937744,0.4683084487915039,0.23415511935769873,0.0,0.0,2
3.2,PINN Conservative,0.25073486419022106,0.00028797380639160374,0.0010292864067990095,0.00181763112499711,0.13520769774913788,0.369043231010437,0.4674347788095474,0.23371828269709147,0.0,0.0,2
3.205,PINN Conservative,0.25073486723005795,0.00028798593359332113,0.0010269971794104786,0.0018166106488719802,0.13541288673877716,0.36881023645401,0.4665604829788208,0.23328113311090307,0.0,0.0,2
3.21,PINN Conservative,0.2507348710000517,0.0002880009737012584,0.0010247577662917807,0.0018161389336344147,0.13561716675758362,0.36857783794403076,0.46568910777568817,0.23284544384409314,0.0,0.0,2
3.215,PINN Conservative,0.2507348637282851,0.00028797196353254855,0.0010225804649902064,0.0018153435944892882,0.1358209103345871,0.36834579706192017,0.46481943130493164,0.23241060394671764,0.0,0.0,2
3.22,PINN Conservative,0.2507348448336127,0.0002878965846512988,0.0010204447738862412,0.0018145624789162318,0.13602472841739655,0.3681144714355469,0.463951975107193,0.23197687419009416,0.0,0.0,2
3.225,PINN Conservative,0.25073483428359056,0.00028785449612763934,0.0010183629964770969,0.0018140116472473988,0.1362282931804657,0.3678833544254303,0.4630846828222275,0.23154322639017047,0.0,0.0,2
3.23,PINN Conservative,0.25073480962216876,0.0002877561112312399,0.0010163264296487132,0.0018134627192995245,0.1364312469959259,0.36765310168266296,0.46222037076950073,0.23111106871206152,0.0,0.0,2
3.235,PINN Conservative,0.2507347906380894,0.000287680375667528,0.0010143587134507105,0.0018132857587058182,0.13663384318351746,0.36742323637008667,0.46135807037353516,0.2306799168661776,0.0,0.0,2
3.24,PINN Conservative,0.25073476067185424,0.00028756082761525553,0.0010124322705737147,0.0018130081904482176,0.136836439371109,0.3671935200691223,0.4604954123497009,0.23024858620567584,0.0,0.0,2
3.245,PINN Conservative,0.25073472677171255,0.00028742558553730935,0.0010105527171600489,0.0018124733934505866,0.13703876733779907,0.366964727640152,0.4596356749534607,0.22981871586455258,0.0,0.0,2
3.25,PINN Conservative,0.25073468816280386,0.00028727155818590626,0.0010087352216912185,0.0018121917172666258,0.13724055886268616,0.36673641204833984,0.4587782770395279,0.22939001526905392,0.0,0.0,2
3.255,PINN Conservative,0.2507346465438607,0.0002871055225271613,0.0010069573524017672,0.001811709541465395,0.1374424695968628,0.36650821566581726,0.45792075991630554,0.22896125506868265,0.0,0.0,2
3.2600000000000002,PINN Conservative,0.2507346064001324,0.0002869453721278225,0.0010052456079156832,0.0018116402235898166,0.13764342665672302,0.36628058552742004,0.45706607401371,0.2285339104840354,0.0,0.0,2
3.265,PINN Conservative,0.2507345530986788,0.0002867327299682296,0.0010035903057805614,0.001811458698076862,0.13784445822238922,0.366053968667984,0.4562132656574249,0.22810750467613147,0.0,0.0,2
3.27,PINN Conservative,0.25073451289534593,0.00028657234178080425,0.0010019783301566938,0.001811488025116964,0.13804519176483154,0.3658274710178375,0.45536157488822937,0.22768165766390808,0.0,0.0,2
3.275,PINN Conservative,0.2507344469130041,0.00028630911016675717,0.001000412300279354,0.0018113397036346734,0.13824574649333954,0.3656013011932373,0.4545111358165741,0.22725643650284688,0.0,0.0,2
3.2800000000000002,PINN Conservative,0.25073439259827157,0.00028609242560659174,0.0009989212024064306,0.001811689795262611,0.13844573497772217,0.3653757572174072,0.45366236567497253,0.22683204981000196,0.0,0.0,2
3.285,PINN Conservative,0.25073432372510457,0.0002858176612618189,0.000997463194847888,0.0018117619479615377,0.13864567875862122,0.3651507496833801,0.45281529426574707,0.22640851248659144,0.0,0.0,2
3.29,PINN Conservative,0.2507342624217274,0.00028557309602707465,0.0009960730469974297,0.0018119311460843002,0.13884510099887848,0.3649260103702545,0.4519699513912201,0.2259858394338335,0.0,0.0,2
3.295,PINN Conservative,0.2507341765910389,0.0002852306809195134,0.0009947353782032832,0.0018122582398920062,0.13904428482055664,0.3647017180919647,0.451125904917717,0.22556381458406496,0.0,0.0,2
3.3000000000000003,PINN Conservative,0.2507341171354058,0.0002849934871212114,0.000993444873199219,0.0018123551828246043,0.13924339413642883,0.364478200674057,0.45028334856033325,0.22514253479520382,0.0,0.0,2
3.305,PINN Conservative,0.2507340349555018,0.0002846656365451928,0.0009922017559214182,0.0018129846326956078,0.13944178819656372,0.36425501108169556,0.4494432210922241,0.22472246945562172,0.0,0.0,2
3.31,PINN Conservative,0.2507339511513712,0.0002843313062387764,0.000991025156828002,0.0018134077671367044,0.13964012265205383,0.3640320301055908,0.44860346615314484,0.22430259038126646,0.0,0.0,2
3.315,PINN Conservative,0.25073386901617073,0.00028400363400409956,0.0009898900684905739,0.0018138066075743808,0.1398383378982544,0.3638099730014801,0.4477653205394745,0.22388351597269116,0.0,0.0,2
3.3200000000000003,PINN Conservative,0.25073378236591837,0.0002836579493078562,0.0009888236206796626,0.0018144150128628633,0.14003615081310272,0.3635883927345276,0.4469302296638489,0.223465968938976,0.0,0.0,2
3.325,PINN Conservative,0.25073368765413784,0.00028328010374837503,0.0009877984803448783,0.0018149396165682008,0.14023342728614807,0.3633669316768646,0.44609539210796356,0.2230485485656151,0.0,0.0,2
3.33,PINN Conservative,0.2507335942834618,0.0002829076084249391,0.000986830824671696,0.0018157960987990052,0.1404305398464203,0.36314597725868225,0.4452625662088394,0.22263213402447915,0.0,0.0,2
3.335,PINN Conservative,0.25073349151015306,0.0002824976020019986,0.0009859119824790956,0.0018164291969706425,0.14062777161598206,0.36292564868927,0.44443073868751526,0.22221621867415117,0.0,0.0,2
3.34,PINN Conservative,0.25073339934647104,0.0002821299218908041,0.000985046328907818,0.0018173764873724019,0.1408241093158722,0.36270570755004883,0.4436011165380478,0.22180140601396608,0.0,0.0,2
3.345,PINN Conservative,0.250733300149441,0.00028173418276413196,0.0009842333421216244,0.0018183106961527362,0.1410205066204071,0.3624860644340515,0.4427722990512848,0.22138699568667103,0.0,0.0,2
3.35,PINN Conservative,0.2507331868261101,0.000281282087817532,0.0009834824071770576,0.001819140662598473,0.14121657609939575,0.36226722598075867,0.44194549322128296,0.2209735911916009,0.0,0.0,2
3.355,PINN Conservative,0.25073308029770874,0.00028085710073362047,0.0009827789112355908,0.001820138391884052,0.14141201972961426,0.3620486855506897,0.44112077355384827,0.22056122978180112,0.0,0.0,2
3.36,PINN Conservative,0.25073296955227875,0.0002804152901296827,0.0009821150956369328,0.0018213427135480298,0.14160758256912231,0.36183038353919983,0.4402962028980255,0.22014894287809209,0.0,0.0,2
3.365,PINN Conservative,0.25073284751176855,0.0002799284186486778,0.0009815114507338105,0.0018224931607916661,0.1418028175830841,0.36161285638809204,0.4394742101430893,0.21973794492975282,0.0,0.0,2
3.37,PINN Conservative,0.2507327350229027,0.00027947965273794764,0.0009809579419243586,0.0018236941857236177,0.14199768006801605,0.3613957464694977,0.4386533945798874,0.21932753557953039,0.0,0.0,2
3.375,PINN Conservative,0.2507326080799105,0.00027897322317181687,0.0009804558119848603,0.0018248578080686806,0.14219245314598083,0.3611791133880615,0.4378340244293213,0.21891784893838812,0.0,0.0,2
3.38,PINN Conservative,0.2507324906885626,0.00027850489917596085,0.0009800028620173707,0.001826264360120955,0.14238661527633667,0.3609625995159149,0.43701596558094025,0.21850881795084431,0.0,0.0,2
3.3850000000000002,PINN Conservative,0.250732356220484,0.00027796844884092175,0.0009796015804916223,0.0018275271422625028,0.14258043467998505,0.3607468008995056,0.43620002269744873,0.218100844949789,0.0,0.0,2
3.39,PINN Conservative,0.25073222506046317,0.00027744519575476474,0.0009792542681940038,0.0018291668192861876,0.14277422428131104,0.3605313003063202,0.43538518249988556,0.2176934232938052,0.0,0.0,2
3.395,PINN Conservative,0.2507320985645058,0.00027694054960072294,0.0009789542106611155,0.001830439739132661,0.1429678201675415,0.36031657457351685,0.43457163870334625,0.21728664984081078,0.0,0.0,2
3.4,PINN Conservative,0.25073196598887465,0.00027641164904324635,0.0009787080318744484,0.0018322360260544512,0.14316101372241974,0.3601020872592926,0.43375982344150543,0.21688074065846893,0.0,0.0,2
3.4050000000000002,PINN Conservative,0.25073183067142985,0.0002758718102253712,0.0009785013449523316,0.0018339075017833606,0.14335381984710693,0.3598879277706146,0.43294984102249146,0.21647574790104315,0.0,0.0,2
3.41,PINN Conservative,0.25073170144856,0.00027535628525811854,0.0009783451041664058,0.0018354045053653179,0.14354634284973145,0.35967424511909485,0.43214061856269836,0.21607113512468015,0.0,0.0,2
3.415,PINN Conservative,0.25073155044019246,0.0002747538486784473,0.0009782474193884671,0.0018373493408988806,0.1437385380268097,0.3594611883163452,0.43133367598056793,0.21566766229150544,0.0,0.0,2
3.42,PINN Conservative,0.25073140479624295,0.0002741728130429572,0.000978167649529909,0.0018392123873074429,0.14393071830272675,0.3592482805252075,0.430526927113533,0.2152642863162487,0.0,0.0,2
3.4250000000000003,PINN Conservative,0.25073125618696235,0.00027357994744102405,0.000978170433450192,0.0018410313597184147,0.14412230253219604,0.3590359687805176,0.42972272634506226,0.21486218439514357,0.0,0.0,2
3.43,PINN Conservative,0.25073110912740254,0.00027299326433421437,0.0009782043592584445,0.0018429056384003661,0.14431360363960266,0.3588239848613739,0.4289199858903885,0.21446081263372768,0.0,0.0,2
3.435,PINN Conservative,0.25073095387220407,0.00027237388534036294,0.0009782892183750646,0.0018449192882989407,0.1445048749446869,0.3586125075817108,0.42811793088912964,0.21405978360032918,0.0,0.0,2
3.44,PINN Conservative,0.25073080688715005,0.0002717874994688275,0.0009784180157149517,0.0018470782106152495,0.14469558000564575,0.35840168595314026,0.4273185431957245,0.21366008822595492,0.0,0.0,2
3.4450000000000003,PINN Conservative,0.25073064430058023,0.00027113887251773675,0.0009785876466228576,0.0018491219730423225,0.14488621056079865,0.35819128155708313,0.4265201687812805,0.21326089949299765,0.0,0.0,2
3.45,PINN Conservative,0.2507304984629156,0.00027055706407035616,0.000978799927109904,0.0018514279996057759,0.145076185464859,0.35798096656799316,0.4257228970527649,0.21286226210511186,0.0,0.0,2
3.455,PINN Conservative,0.25073032125830674,0.0002698501195465713,0.0009790716579244061,0.0018535295738748847,0.1452663242816925,0.35777121782302856,0.42492711544036865,0.21246436977813343,0.0,0.0,2
3.46,PINN Conservative,0.2507301703095438,0.0002692479207549867,0.0009793703061217135,0.0018560203456130242,0.1454561948776245,0.3575619161128998,0.42413249611854553,0.2120670585986628,0.0,0.0,2
3.465,PINN Conservative,0.25073000092804454,0.000268572185941429,0.0009797218524116083,0.0018583164396719365,0.14564546942710876,0.35735318064689636,0.42334045469760895,0.2116710363745619,0.0,0.0,2
3.47,PINN Conservative,0.25072983062267323,0.0002678927654095394,0.0009801049319179173,0.0018605842099928271,0.14583489298820496,0.35714447498321533,0.42254792153835297,0.21127476828036157,0.0,0.0,2
3.475,PINN Conservative,0.2507296594679358,0.00026720995639503524,0.0009805391096757215,0.0018632035073451736,0.1460234820842743,0.3569364845752716,0.42175838351249695,0.2108799977585851,0.0,0.0,2
3.48,PINN Conservative,0.25072950154542945,0.00026657993637605956,0.0009810172694032712,0.0018655816010508253,0.14621222019195557,0.35672909021377563,0.4209698885679245,0.21048574877944376,0.0,0.0,2
3.485,PINN Conservative,0.2507293178290131,0.00026584701348371733,0.000981538983148897,0.001868181165595978,0.14640039205551147,0.35652196407318115,0.4201831966638565,0.2100924013240004,0.0,0.0,2
3.49,PINN Conservative,0.25072914329171203,0.00026515070998483527,0.0009820887460381923,0.0018708414740951085,0.14658862352371216,0.35631510615348816,0.4193968325853348,0.20969921778195663,0.0,0.0,2
3.495,PINN Conservative,0.2507289720475676,0.000264467544287869,0.000982679485635934,0.001873549056016638,0.1467764973640442,0.3561086356639862,0.41861142218112946,0.2093065110788936,0.0,0.0,2
3.5,PINN Conservative,0.2507287831604483,0.0002637139932630147,0.0009833081207091814,0.001876313056270923,0.14696398377418518,0.355902761220932,0.41782864928245544,0.20891512313363664,0.0,0.0,2
3.505,PINN Conservative,0.2507286069095137,0.0002630108533514943,0.0009839790552437825,0.0018790381719140936,0.14715135097503662,0.3556974232196808,0.41704732179641724,0.20852445789745983,0.0,0.0,2
3.5100000000000002,PINN Conservative,0.2507284272015097,0.00026229392172010007,0.0009846922402118455,0.0018820290470080436,0.14733830094337463,0.3554922044277191,0.41626667976379395,0.2081341353893004,0.0,0.0,2
3.515,PINN Conservative,0.2507282362133267,0.000261531988659048,0.0009854255223332633,0.0018847855585370221,0.14752478897571564,0.35528749227523804,0.41548803448677063,0.20774481126275687,0.0,0.0,2
3.52,PINN Conservative,0.2507280544638636,0.00026080691277954263,0.0009862192003915354,0.0018876110657828904,0.14771124720573425,0.35508349537849426,0.41471096873283386,0.20735627690077518,0.0,0.0,2
3.525,PINN Conservative,0.2507278639227154,0.000260046763130358,0.0009870199312521702,0.0018904402750033467,0.14789718389511108,0.3548790216445923,0.4139344245195389,0.2069680033101111,0.0,0.0,2
3.5300000000000002,PINN Conservative,0.2507276780456307,0.00025930522041328846,0.000987884707552995,0.0018937879234544042,0.14808326959609985,0.3546757400035858,0.4131595492362976,0.20658056418766324,0.0,0.0,2
3.535,PINN Conservative,0.25072749347984813,0.00025856890903811023,0.0009887613294836334,0.0018969258716961535,0.14826896786689758,0.35447296500205994,0.4123864471912384,0.2061940116876952,0.0,0.0,2
3.54,PINN Conservative,0.2507272824496033,0.00025772701967143204,0.000989684528234544,0.0018997528727677515,0.14845430850982666,0.3542703092098236,0.4116141349077225,0.20580785407000804,0.0,0.0,2
3.545,PINN Conservative,0.2507270978540184,0.00025699058940209974,0.000990636023482992,0.0019029251979267858,0.14863915741443634,0.3540680408477783,0.4108439087867737,0.20542273953759121,0.0,0.0,2
3.5500000000000003,PINN Conservative,0.25072689725458647,0.00025619031298268637,0.0009916233381604635,0.001906139364509618,0.1488240361213684,0.35386624932289124,0.4100741297006607,0.20503784852344664,0.0,0.0,2
3.555,PINN Conservative,0.2507267045527699,0.0002554215435087744,0.0009926385200250618,0.0019093137820525852,0.14900845289230347,0.35366499423980713,0.40930700302124023,0.20465428371771718,0.0,0.0,2
3.56,PINN Conservative,0.2507265028357508,0.00025461680855913874,0.0009936798988254413,0.001912620112698632,0.1491928994655609,0.35346388816833496,0.40853969752788544,0.20427062950467884,0.0,0.0,2
3.565,PINN Conservative,0.2507263060808184,0.00025383186948293703,0.0009947499041491694,0.0019159642673700072,0.14937669038772583,0.35326331853866577,0.40777488052845,0.20388821954335581,0.0,0.0,2
3.5700000000000003,PINN Conservative,0.2507260935455563,0.00025298397596247715,0.0009958683733864975,0.0019194086335304616,0.14956043660640717,0.3530631363391876,0.40701091289520264,0.20350623426675002,0.0,0.0,2
3.575,PINN Conservative,0.2507258846461775,0.00025215058752637226,0.0009969810041376302,0.001922713456805114,0.14974379539489746,0.3528633117675781,0.40624845027923584,0.20312500150166066,0.0,0.0,2
3.58,PINN Conservative,0.25072568650543714,0.0002513601198730049,0.000998151340181416,0.0019260553484426735,0.14992675185203552,0.3526638448238373,0.40548743307590485,0.2027444914456515,0.0,0.0,2
3.585,PINN Conservative,0.25072547101974507,0.00025050045583306836,0.0009993306665205819,0.0019295758043222366,0.1501098871231079,0.35246479511260986,0.4047270864248276,0.20236431666705063,0.0,0.0,2
3.59,PINN Conservative,0.25072527004778405,0.00024969869323684035,0.001000549357628712,0.0019331267828623377,0.15028981864452362,0.35226625204086304,0.403968945145607,0.20198524457859268,0.0,0.0,2
3.595,PINN Conservative,0.25072505114972615,0.00024882541581881476,0.0010017917983712436,0.0019365554297297305,0.15046823024749756,0.35206809639930725,0.40321117639541626,0.2016063587553616,0.0,0.0,2
3.6,PINN Conservative,0.2507248432785275,0.00024799612923047,0.0010030608686131045,0.0019401796477973854,0.15064650774002075,0.35187047719955444,0.4024561494588852,0.20122884384420006,0.0,0.0,2
3.605,PINN Conservative,0.25072463724017163,0.0002471741546311583,0.0010043296763399983,0.0019435895250114743,0.150824636220932,0.351672887802124,0.4017012119293213,0.200851373636693,0.0,0.0,2
3.61,PINN Conservative,0.2507244029939177,0.0002462396467337758,0.0010056507836139514,0.0019472433908361286,0.15100248157978058,0.35147586464881897,0.4009479880332947,0.20047476024922942,0.0,0.0,2
3.615,PINN Conservative,0.25072419063746954,0.00024539246657824006,0.0010069793684348131,0.0019508280698308234,0.15118001401424408,0.351279079914093,0.4001955986022949,0.20009856409587398,0.0,0.0,2
3.62,PINN Conservative,0.25072397229075455,0.00024452138870151025,0.001008328846077154,0.0019546583144406104,0.15135715901851654,0.35108304023742676,0.39944568276405334,0.1997236047436248,0.0,0.0,2
3.625,PINN Conservative,0.25072376261651536,0.00024368490901784362,0.0010097050642787397,0.0019581247470994434,0.1515343189239502,0.35088711977005005,0.3986959606409073,0.19934874224929355,0.0,0.0,2
3.63,PINN Conservative,0.2507235330343249,0.0002427690080525762,0.0010111035113844907,0.0019619077382391215,0.15171118080615997,0.35069170594215393,0.3979477435350418,0.1989746322664788,0.0,0.0,2
3.6350000000000002,PINN Conservative,0.25072331942617915,0.00024191683434323584,0.0010125230375500574,0.0019655238572785227,0.15188774466514587,0.3504963517189026,0.39720070362091064,0.19860111088178084,0.0,0.0,2
3.64,PINN Conservative,0.2507230909019711,0.00024100515411966118,0.0010139427752402245,0.0019690307369060744,0.15206384658813477,0.3503018617630005,0.3964555859565735,0.19822855062565342,0.0,0.0,2
3.645,PINN Conservative,0.2507228749394419,0.00024014358777370312,0.0010154112266287495,0.001972920626528818,0.15223996341228485,0.350107342004776,0.39571113884449005,0.19785632564693434,0.0,0.0,2
3.65,PINN Conservative,0.2507226439714434,0.00023922215823104866,0.0010168695243183733,0.0019766348644693066,0.15241560339927673,0.34991350769996643,0.39496850967407227,0.19748500964252225,0.0,0.0,2
3.6550000000000002,PINN Conservative,0.25072241899371167,0.00023832462640936686,0.001018360699232158,0.001980446582706241,0.15259091556072235,0.3497203290462494,0.39422784745693207,0.19711467711850789,0.0,0.0,2
3.66,PINN Conservative,0.2507221873104575,0.0002374003434076802,0.0010198673700732776,0.0019842127383697394,0.1527663767337799,0.3495268225669861,0.39348679780960083,0.19674415087865763,0.0,0.0,2
3.665,PINN Conservative,0.250721964299679,0.00023651065859883524,0.001021382110033735,0.0019879393687594893,0.15294131636619568,0.34933412075042725,0.39274775981903076,0.19637463047103232,0.0,0.0,2
3.67,PINN Conservative,0.2507217263132336,0.00023556122948744794,0.00102290104737125,0.001991946903581815,0.15311592817306519,0.3491417467594147,0.39200977981090546,0.19600563905665128,0.0,0.0,2
3.6750000000000003,PINN Conservative,0.2507214993834498,0.00023465591010011702,0.001024452240001732,0.001995560746106101,0.15329037606716156,0.3489495515823364,0.39127321541309357,0.19563735545013222,0.0,0.0,2
3.68,PINN Conservative,0.25072126455605054,0.00023371908376706315,0.0010260031044090167,0.0019993824346135336,0.15346474945545197,0.3487580716609955,0.39053820073604584,0.19526984670695685,0.0,0.0,2
3.685,PINN Conservative,0.25072102643549465,0.00023276911963209348,0.0010275744826245539,0.0020030118927993057,0.1536387950181961,0.34856662154197693,0.38980403542518616,0.1949027626484987,0.0,0.0,2
3.69,PINN Conservative,0.2507207964360716,0.00023185155414866973,0.0010291526316853641,0.0020068801510187972,0.1538124680519104,0.34837567806243896,0.3890712261199951,0.19453635659546625,0.0,0.0,2
3.6950000000000003,PINN Conservative,0.25072055320441744,0.00023088119966971745,0.0010307538152814655,0.0020106793902105735,0.15398582816123962,0.3481849133968353,0.38833853602409363,0.1941700101473064,0.0,0.0,2
3.7,PINN Conservative,0.25072032447159315,0.00022996868718728607,0.001032354209395286,0.0020145136404128017,0.1541590690612793,0.34799519181251526,0.38760991394519806,0.19380569771542372,0.0,0.0,2
3.705,PINN Conservative,0.2507200872302058,0.00022902223042930647,0.0010339705187671945,0.002018204642644239,0.15433186292648315,0.3478051424026489,0.3868809640407562,0.1934412213701414,0.0,0.0,2
3.71,PINN Conservative,0.2507198468744757,0.0002280633492341137,0.0010355764700170514,0.002021933780502694,0.1545049548149109,0.3476157784461975,0.38615283370018005,0.19307715480835813,0.0,0.0,2
3.715,PINN Conservative,0.25071959894895574,0.00022707426892889227,0.0010372066168105923,0.0020257319044593436,0.15467724204063416,0.3474266231060028,0.3854261040687561,0.1927137886038278,0.0,0.0,2
3.72,PINN Conservative,0.25071935884654545,0.00022611639833411943,0.0010388373598626064,0.0020295364555807105,0.15484954416751862,0.34723809361457825,0.38470111787319183,0.19235129412055912,0.0,0.0,2
3.725,PINN Conservative,0.25071911457181,0.0002251418825604407,0.0010404826354860409,0.002033475796072881,0.15502145886421204,0.347049742937088,0.38397742807865143,0.19198944784027985,0.0,0.0,2
3.73,PINN Conservative,0.25071886979043506,0.000224165345586365,0.0010421386794974938,0.002036939116509151,0.15519320964813232,0.3468616008758545,0.38325439393520355,0.19162792938679984,0.0,0.0,2
3.735,PINN Conservative,0.2507186255902054,0.00022319112704796058,0.0010437858015838115,0.0020408316395170434,0.15536484122276306,0.34667423367500305,0.3825330287218094,0.19126724540153608,0.0,0.0,2
3.74,PINN Conservative,0.2507183750271799,0.00022219152461176896,0.0010454386864903855,0.0020446323081872164,0.15553605556488037,0.3464868664741516,0.3818127065896988,0.19090708295890751,0.0,0.0,2
3.745,PINN Conservative,0.25071812948584576,0.00022121195583731928,0.00104710689603206,0.0020482941175312686,0.15570738911628723,0.3463002145290375,0.38109374046325684,0.19054759852170466,0.0,0.0,2
3.75,PINN Conservative,0.2507178868204357,0.00022024386034685055,0.0010487686797910447,0.0020520783598548253,0.15587788820266724,0.34611353278160095,0.38037580251693726,0.1901886281765279,0.0,0.0,2
3.755,PINN Conservative,0.2507176415473225,0.0002192653616197871,0.0010504218223823995,0.0020556705080861104,0.15604862570762634,0.345927357673645,0.3796588331460953,0.18983014212094093,0.0,0.0,2
3.7600000000000002,PINN Conservative,0.25071738670766375,0.00021824869787526118,0.0010520972838700291,0.0020592462070545547,0.15621891617774963,0.34574154019355774,0.37894363701343536,0.18947254268783373,0.0,0.0,2
3.765,PINN Conservative,0.250717139169574,0.00021726116319382063,0.0010537662013659294,0.002063025679737096,0.15638932585716248,0.34555643796920776,0.37822970747947693,0.18911557655649783,0.0,0.0,2
3.77,PINN Conservative,0.25071688541770004,0.00021624883908536295,0.0010554293740759934,0.002066626576679609,0.15655891597270966,0.34537115693092346,0.37751661241054535,0.18875902765927005,0.0,0.0,2
3.775,PINN Conservative,0.25071662655472776,0.00021521612463270125,0.0010571107497077922,0.0020704168507795495,0.15672855079174042,0.3451865613460541,0.3768053650856018,0.18840340263756744,0.0,0.0,2
3.7800000000000002,PINN Conservative,0.25071636837720895,0.00021418614474536066,0.0010587744028901225,0.002073978884094746,0.15689784288406372,0.345002144575119,0.37609459459781647,0.18804801603535518,0.0,0.0,2
3.785,PINN Conservative,0.25071611092984697,0.00021315907776401854,0.0010604407611904802,0.002077422735049711,0.15706700086593628,0.3448179364204407,0.37538495659828186,0.18769319567943252,0.0,0.0,2
3.79,PINN Conservative,0.2507158651649954,0.0002121786172835244,0.0010621031512466866,0.002081079108910311,0.15723606944084167,0.3446345329284668,0.37467697262763977,0.18733920234111706,0.0,0.0,2
3.795,PINN Conservative,0.2507155956178906,0.00021110327928384236,0.0010637639033718401,0.0020845083862475744,0.15740492939949036,0.34445157647132874,0.37397027015686035,0.18698584975518198,0.0,0.0,2
3.8000000000000003,PINN Conservative,0.2507153360694649,0.00021006783026608102,0.0010654279262228886,0.002088187715489631,0.15757325291633606,0.3442682921886444,0.373263955116272,0.18663269088508277,0.0,0.0,2
3.805,PINN Conservative,0.25071508312225366,0.0002090587162993391,0.0010670743631607381,0.0020916818806683835,0.15774154663085938,0.3440859317779541,0.3725598156452179,0.18628061980390836,0.0,0.0,2
3.81,PINN Conservative,0.25071481747925306,0.00020799895343117674,0.001068741697363874,0.002095355037130653,0.15790951251983643,0.34390372037887573,0.37185636162757874,0.18592889145075137,0.0,0.0,2
3.815,PINN Conservative,0.25071454779803776,0.00020692308040769084,0.0010703828734086836,0.002098529832611884,0.15807759761810303,0.3437219560146332,0.3711543381214142,0.18557787835606543,0.0,0.0,2
3.8200000000000003,PINN Conservative,0.25071428722143196,0.00020588352954239075,0.0010720217819652695,0.0021019667898506955,0.15824513137340546,0.3435402512550354,0.3704534024000168,0.1852274091558419,0.0,0.0,2
3.825,PINN Conservative,0.2507140297442677,0.00020485634366711606,0.0010736569643841848,0.0021054952846625286,0.1584124118089676,0.3433590829372406,0.36975333094596863,0.18487737209094465,0.0,0.0,2
3.83,PINN Conservative,0.25071376410126706,0.00020379658079873225,0.0010752908602852899,0.0021086610110708226,0.15857964754104614,0.3431783616542816,0.36905474960803986,0.1845280800869548,0.0,0.0,2
3.835,PINN Conservative,0.2507134937345984,0.0002027179732103682,0.0010769057969822443,0.002111909024393427,0.15874648094177246,0.34299781918525696,0.3683565855026245,0.18417899670001897,0.0,0.0,2
3.84,PINN Conservative,0.25071322335302854,0.00020163930617481636,0.0010785229259161187,0.002115248053174562,0.15891316533088684,0.34281766414642334,0.36766065657138824,0.18383103090444425,0.0,0.0,2
3.845,PINN Conservative,0.2507129620909693,0.00020059702074441663,0.0010801183320685599,0.0021186449087085557,0.15907961130142212,0.3426375985145569,0.36696505546569824,0.18348322902226913,0.0,0.0,2
3.85,PINN Conservative,0.2507126887589695,0.00019950658318938807,0.001081715116270654,0.002121700104470936,0.15924598276615143,0.3424583971500397,0.3662707954645157,0.18313609769491068,0.0,0.0,2
3.855,PINN Conservative,0.25071240708231946,0.00019838285527676912,0.0010833040959917642,0.0021249505412404834,0.15941192209720612,0.3422792851924896,0.3655782788991928,0.18278983808881386,0.0,0.0,2
3.86,PINN Conservative,0.25071214286983035,0.0001973287993271141,0.0010848859207457631,0.0021280225210275894,0.15957766771316528,0.3421003818511963,0.3648860603570938,0.1824437274948985,0.0,0.0,2
3.865,PINN Conservative,0.25071186478436014,0.0001962193981577298,0.0010864425714718889,0.0021311284368464856,0.15974342823028564,0.3419222831726074,0.36419618129730225,0.18209878664660775,0.0,0.0,2
3.87,PINN Conservative,0.2507115978747608,0.0001951545822887965,0.0010880066335940135,0.0021343642525284146,0.15990862250328064,0.34174424409866333,0.36350709199905396,0.1817542406805979,0.0,0.0,2
3.875,PINN Conservative,0.2507113214582207,0.00019405183919115173,0.001089546003193944,0.002137456295342427,0.16007396578788757,0.34156641364097595,0.36281806230545044,0.18140972451702433,0.0,0.0,2
3.88,PINN Conservative,0.25071104528009913,0.00019295004724629623,0.001091070798619511,0.002140455637134858,0.16023899614810944,0.34138908982276917,0.3621310442686081,0.18106621418567576,0.0,0.0,2
3.8850000000000002,PINN Conservative,0.2507107601910832,0.0001918127059553668,0.0010925807650309831,0.002143455140367373,0.1604037582874298,0.3412117063999176,0.3614446818828583,0.1807230316811264,0.0,0.0,2
3.89,PINN Conservative,0.2507104869335892,0.00019072256563583404,0.0010940900046426726,0.0021463298674561093,0.1605682075023651,0.3410353660583496,0.3607604503631592,0.18038091461367464,0.0,0.0,2
3.895,PINN Conservative,0.2507102130353453,0.0001896298690923219,0.0010955842785498504,0.002149160495260788,0.16073259711265564,0.340859055519104,0.36007675528526306,0.18003906576814951,0.0,0.0,2
3.9,PINN Conservative,0.2507099321186545,0.00018850917298029841,0.0010970569293381398,0.002152248436262355,0.1608966886997223,0.3406825065612793,0.3593934178352356,0.17969739573724217,0.0,0.0,2
3.9050000000000002,PINN Conservative,0.25070965243876003,0.00018739341097467034,0.0010985255095759883,0.002154883218311726,0.16106073558330536,0.34050726890563965,0.35871268808841705,0.17935702956292274,0.0,0.0,2
3.91,PINN Conservative,0.25070937019586587,0.00018626742407356787,0.0010999695425824333,0.002157726296075413,0.16122421622276306,0.34033170342445374,0.35803210735321045,0.17901673789469405,0.0,0.0,2
3.915,PINN Conservative,0.2507090880274775,0.00018514173440773972,0.0011014060030258815,0.002160481773930717,0.1613878607749939,0.3401567041873932,0.35735271871089935,0.17867704227519127,0.0,0.0,2
3.92,PINN Conservative,0.2507087925821545,0.0001839630774050413,0.0011028198046664028,0.002163328366997813,0.16155117750167847,0.33998191356658936,0.3566739857196808,0.17833767448248772,0.0,0.0,2
3.9250000000000003,PINN Conservative,0.2507085087746384,0.00018283084856184908,0.001104225588935768,0.002165908905317343,0.16171401739120483,0.3398075997829437,0.3559977114200592,0.17799953604028135,0.0,0.0,2
3.93,PINN Conservative,0.2507082166373732,0.0001816653888080328,0.001105598579301858,0.002168477166626548,0.16187703609466553,0.3396335542201996,0.3553215563297272,0.1776614572029476,0.0,0.0,2
3.935,PINN Conservative,0.25070793527364754,0.00018054290928392038,0.0011069646251182141,0.0021711030963991462,0.16203951835632324,0.3394598364830017,0.3546469807624817,0.17732416813017565,0.0,0.0,2
3.94,PINN Conservative,0.2507076366096737,0.00017935141171458046,0.0011094171081015925,0.0021736704342604496,0.16220217943191528,0.3392864465713501,0.35397233068943024,0.17698684180435834,0.0,0.0,2
3.9450000000000003,PINN Conservative,0.25070734557509444,0.00017819035104379868,0.0011107554419675528,0.0021762810064498983,0.16236451268196106,0.3391135632991791,0.35330045223236084,0.17665090129182875,0.0,0.0,2
3.95,PINN Conservative,0.2507070455104115,0.0001769932654503269,0.0011120647330491108,0.0021787340483938045,0.16252660751342773,0.3389405906200409,0.35262852907180786,0.17631493842747195,0.0,0.0,2
3.955,PINN Conservative,0.2507067607790234,0.00017585735088880287,0.00111335754146526,0.002181191466260668,0.16268840432167053,0.3387681841850281,0.35195840895175934,0.17597987708681306,0.0,0.0,2
3.96,PINN Conservative,0.25070645514130613,0.00017463803209207186,0.0011146312671754205,0.0021836170473896466,0.16284987330436707,0.3385961055755615,0.35128940641880035,0.17564537454183474,0.0,0.0,2
3.9650000000000003,PINN Conservative,0.25070617002248785,0.00017350057190698842,0.0011158950358873543,0.0021858425134857473,0.16301141679286957,0.33842456340789795,0.350621297955513,0.17531131903340083,0.0,0.0,2
3.97,PINN Conservative,0.2507058730870488,0.00017231597019769606,0.0011171333197216235,0.0021881773234431467,0.16317260265350342,0.3382527828216553,0.3499537706375122,0.17497755409872082,0.0,0.0,2
3.975,PINN Conservative,0.25070557138323807,0.00017111234542663877,0.0011183453395547018,0.0021904524117172808,0.16333355009555817,0.33808204531669617,0.34928855299949646,0.17464494400844724,0.0,0.0,2
3.98,PINN Conservative,0.25070526902377627,0.00016990610498463586,0.0011195316842525233,0.002192651102343235,0.16349463164806366,0.33791103959083557,0.34862224757671356,0.17431179002371125,0.0,0.0,2
3.985,PINN Conservative,0.2507049623578789,0.00016868268434036614,0.0011207052018853188,0.002194802087751191,0.16365525126457214,0.3377405107021332,0.3479588031768799,0.17398006655591747,0.0,0.0,2
3.99,PINN Conservative,0.2507046603411438,0.00016747781118080232,0.0011218592126084389,0.0021970907968928144,0.16381555795669556,0.3375702500343323,0.3472960889339447,0.1736487081679683,0.0,0.0,2
3.995,PINN Conservative,0.250704359084368,0.0001662759698220554,0.0011229924432830246,0.0021992104756969333,0.16397607326507568,0.33740052580833435,0.34663474559783936,0.17331803523605388,0.0,0.0,2
4.0,PINN Conservative,0.25070405638217946,0.00016506836209739193,0.0011240863425217523,0.002201181697286808,0.16413581371307373,0.3372313976287842,0.3459746688604355,0.17298799560591077,0.0,0.0,2
4.005,PINN Conservative,0.2507037373632195,0.0001637956598343623,0.001125179913955693,0.0022033838229369163,0.16429609060287476,0.3370616137981415,0.3453136533498764,0.17265748658739602,0.0,0.0,2
4.01,PINN Conservative,0.25070343947410606,0.00016260725351258408,0.0011262234071665158,0.002205176560237887,0.16445577144622803,0.33689308166503906,0.3446562886238098,0.17232880296810432,0.0,0.0,2
4.015,PINN Conservative,0.25070312173664594,0.00016133966369729169,0.0011272644870822489,0.0022072160178070177,0.16461491584777832,0.3367241322994232,0.3439977467060089,0.17199953075069582,0.0,0.0,2
4.0200000000000005,PINN Conservative,0.25070282196998617,0.00016014376704491724,0.0011282749084374514,0.002209115222973901,0.16477438807487488,0.33655625581741333,0.34334203600883484,0.17167167414901133,0.0,0.0,2
4.025,PINN Conservative,0.25070250107347986,0.00015886357445129136,0.0011292636872409188,0.002210843777650684,0.16493335366249084,0.3363882005214691,0.34268683195114136,0.17134407086803535,0.0,0.0,2
4.03,PINN Conservative,0.25070219551026846,0.00015764455289005614,0.0011302150549654345,0.002212644619537213,0.1650923490524292,0.3362204432487488,0.34203216433525085,0.17101673580898605,0.0,0.0,2
4.035,PINN Conservative,0.2507018764317038,0.000156371612838497,0.0011311549354180563,0.002214465978181507,0.1652510017156601,0.3360533118247986,0.3413798362016678,0.17069057049556133,0.0,0.0,2
4.04,PINN Conservative,0.25070156212151073,0.0001551176958487028,0.0011320710039097182,0.0022160521191147142,0.16540952026844025,0.3358864486217499,0.3407279700040817,0.17036463615101788,0.0,0.0,2
4.045,PINN Conservative,0.2507012411952021,0.0001538373843609229,0.0011329551407262865,0.00221774986166301,0.16556791961193085,0.3357197642326355,0.3400757759809494,0.17003853789307483,0.0,0.0,2
4.05,PINN Conservative,0.25070092396438143,0.000152571815745806,0.0011338108492360518,0.002219332818202052,0.1657261848449707,0.335553377866745,0.33942675590515137,0.16971402661486448,0.0,0.0,2
4.055,PINN Conservative,0.2507006017267706,0.00015128627291613486,0.0011346520036368372,0.002220986335869868,0.16588425636291504,0.3353870213031769,0.33877673745155334,0.1693890161458462,0.0,0.0,2
4.0600000000000005,PINN Conservative,0.2507002788484099,0.00014999817386270584,0.0011354568569614846,0.0022226214647095566,0.1660420447587967,0.33522143959999084,0.3381296545267105,0.16906547344681547,0.0,0.0,2
4.065,PINN Conservative,0.25069995610415957,0.00014871060983263773,0.0011362320933087542,0.002224074495272621,0.16619929671287537,0.3350561559200287,0.33748388290405273,0.1687425864013832,0.0,0.0,2
4.07,PINN Conservative,0.25069962668418905,0.00014739641351649735,0.0011369790262040903,0.00222542228406325,0.16635678708553314,0.3348909914493561,0.3368377387523651,0.16841951309072412,0.0,0.0,2
4.075,PINN Conservative,0.2506993024647238,0.00014610296422702307,0.001137722146083742,0.0022268548435037117,0.16651412844657898,0.3347261846065521,0.3361924886703491,0.16809688681660945,0.0,0.0,2
4.08,PINN Conservative,0.25069897471368335,0.00014479542598240075,0.0011384012284458996,0.002228261382800606,0.16667115688323975,0.3345617949962616,0.33555006980895996,0.16777567615821884,0.0,0.0,2
4.085,PINN Conservative,0.2506986441463234,0.00014347665224210553,0.0011390689444417633,0.002229447936484358,0.16682788729667664,0.3343975245952606,0.3349068760871887,0.16745407806815635,0.0,0.0,2
4.09,PINN Conservative,0.2506983002126219,0.00014210455448247797,0.001139701179511292,0.0022306774774806803,0.16698455810546875,0.33423367142677307,0.33426544070243835,0.16713335914996458,0.0,0.0,2
4.095,PINN Conservative,0.2506979725509884,0.00014079737292031774,0.001140326546368404,0.002231980264542549,0.1671408861875534,0.3340699076652527,0.33362480998039246,0.1668130425646628,0.0,0.0,2
4.1,PINN Conservative,0.25069762468338036,0.00013940958113501644,0.0011409022192580723,0.0022333865563482214,0.16729770600795746,0.3339065611362457,0.33298467099666595,0.16649297184946046,0.0,0.0,2
4.105,PINN Conservative,0.2506973004937174,0.00013811625073947473,0.0011414565213183417,0.0022346136871068956,0.16745346784591675,0.33374372124671936,0.33234719932079315,0.16617423479328236,0.0,0.0,2
4.11,PINN Conservative,0.2506969599127772,0.00013675752857007106,0.0011419722907582777,0.002235378990941811,0.16760984063148499,0.33358100056648254,0.33170902729034424,0.16585514755847774,0.0,0.0,2
4.115,PINN Conservative,0.2506966180205347,0.00013539357505855469,0.0011424735540885391,0.0022366216970976516,0.16776525974273682,0.3334187865257263,0.3310733437538147,0.16553730457538848,0.0,0.0,2
4.12,PINN Conservative,0.250696273416281,0.00013401880218101523,0.0011429307203552697,0.002237544297137267,0.16792094707489014,0.3332565128803253,0.3304370641708374,0.16521916356793626,0.0,0.0,2
4.125,PINN Conservative,0.250695924729109,0.00013262774080681047,0.0011433687464731572,0.002238401723420852,0.1680765450000763,0.3330947458744049,0.32980310916900635,0.16490218485549957,0.0,0.0,2
4.13,PINN Conservative,0.2506955830156805,0.00013126450066021825,0.0011437622116241474,0.0022395586345008434,0.16823157668113708,0.33293330669403076,0.3291696608066559,0.16458545946377137,0.0,0.0,2
4.135,PINN Conservative,0.25069523295760177,0.00012986797015603565,0.0011441333640845874,0.0022405046055770095,0.16838672757148743,0.3327721357345581,0.3285374343395233,0.16426934502198723,0.0,0.0,2
4.14,PINN Conservative,0.25069488084316277,0.00012846323595655412,0.0011444872309649878,0.0022411932104610677,0.1685415357351303,0.33261123299598694,0.3279060572385788,0.1639536552649203,0.0,0.0,2
4.1450000000000005,PINN Conservative,0.25069452427327654,0.00012704072708381417,0.0011447864759052927,0.002242163524609625,0.16869625449180603,0.33245083689689636,0.327275812625885,0.16363853175414297,0.0,0.0,2
4.15,PINN Conservative,0.25069417493045354,0.00012564705003888525,0.001145072115105803,0.0022428540001553088,0.16885073482990265,0.332290381193161,0.32664628326892853,0.1633237658726012,0.0,0.0,2
4.155,PINN Conservative,0.2506938111484053,0.00012419576878552202,0.0011453160292118915,0.0022434544857206085,0.16900499165058136,0.3321305811405182,0.3260188698768616,0.16301005797754792,0.0,0.0,2
4.16,PINN Conservative,0.25069346214830895,0.0001228034590230322,0.0011455349746292798,0.002244352286605994,0.16915953159332275,0.3319707214832306,0.3253902792930603,0.16269576148437778,0.0,0.0,2
4.165,PINN Conservative,0.2506931011825802,0.00012136341326556334,0.0011457234797511084,0.002244988524238628,0.1693132519721985,0.33181148767471313,0.32476507127285004,0.1623831562794674,0.0,0.0,2
4.17,PINN Conservative,0.2506927329897883,0.00011989453568050492,0.001145884036887327,0.00224552372733694,0.16946737468242645,0.3316521942615509,0.3241390138864517,0.16207012638983984,0.0,0.0,2
4.175,PINN Conservative,0.25069237194955374,0.00011845419268776173,0.001145990663409271,0.002246103334082261,0.169621080160141,0.33149343729019165,0.3235146850347519,0.16175796077086482,0.0,0.0,2
4.18,PINN Conservative,0.25069201210141207,0.00011701860546029369,0.001146081273118176,0.0022466623702684096,0.16977445781230927,0.3313349187374115,0.32289089262485504,0.16144606337381645,0.0,0.0,2
4.1850000000000005,PINN Conservative,0.2506916331648829,0.00011550686653968541,0.0011461393004991492,0.0022469681138285458,0.16992802917957306,0.3311766982078552,0.3222685009241104,0.16113486633402105,0.0,0.0,2
4.19,PINN Conservative,0.25069126930832886,0.00011405528805104786,0.0011461683076732165,0.0022475122138234105,0.1700809746980667,0.33101886510849,0.321647584438324,0.16082440690452393,0.0,0.0,2
4.195,PINN Conservative,0.2506908845454457,0.00011252030532720334,0.001146149379816921,0.002247829140944513,0.17023402452468872,0.3308611214160919,0.321027010679245,0.16051411883903552,0.0,0.0,2
4.2,PINN Conservative,0.25069052152335664,0.00011107205587421409,0.0011461154675008701,0.0022481643806136486,0.17038680613040924,0.33070409297943115,0.3204086720943451,0.16020494836490817,0.0,0.0,2
4.205,PINN Conservative,0.25069014072418233,0.00010955288607019731,0.0011460444134118223,0.0022484863876271466,0.1705394834280014,0.3305465579032898,0.3197890520095825,0.1598951371384005,0.0,0.0,2
4.21,PINN Conservative,0.2506897648125889,0.00010805321490434012,0.0011459213327202462,0.0022488224617584207,0.17069211602210999,0.3303898572921753,0.31917159259319305,0.1595864062502085,0.0,0.0,2
4.215,PINN Conservative,0.25068937374651457,0.00010649308607101641,0.0011457791464404197,0.002249064911742038,0.17084431648254395,0.33023327589035034,0.31855523586273193,0.159278226707088,0.0,0.0,2
4.22,PINN Conservative,0.25068899051845095,0.00010496422639488613,0.0011456090118329384,0.002249292532954361,0.17099636793136597,0.3300773501396179,0.3179396092891693,0.1589704122438121,0.0,0.0,2
4.225,PINN Conservative,0.25068860590457936,0.00010342983814159029,0.0011453992261129158,0.002249588939416014,0.1711483597755432,0.32992151379585266,0.31732556223869324,0.158663387545098,0.0,0.0,2
4.23,PINN Conservative,0.2506882109045985,0.00010185401528259286,0.0011451563369301717,0.002249492647849266,0.17130038142204285,0.32976576685905457,0.31671154499053955,0.15835637774760208,0.0,0.0,2
4.235,PINN Conservative,0.2506878327280285,0.00010034530816235856,0.0011448748824988354,0.0022495339349435095,0.17145156860351562,0.3296106159687042,0.3161001652479172,0.15805068670791222,0.0,0.0,2
4.24,PINN Conservative,0.2506874334514143,9.875242399480542e-05,0.0011445756972293412,0.002249698992233068,0.17160356044769287,0.3294554352760315,0.315487340092659,0.1577442729591422,0.0,0.0,2
4.245,PINN Conservative,0.2506870427131655,9.719360299695452e-05,0.0011442260344459122,0.002249531870693877,0.1717546433210373,0.3293006718158722,0.31487704813480377,0.15743912581391473,0.0,0.0,2
4.25,PINN Conservative,0.2506866429001095,9.559857873507186e-05,0.001143847784010067,0.0022496747978695275,0.17190571129322052,0.32914623618125916,0.31426768004894257,0.15713444060644985,0.0,0.0,2
4.255,PINN Conservative,0.2506862421333792,9.399974986092477e-05,0.0011434311912775876,0.0022495589504908375,0.17205694317817688,0.32899200916290283,0.3136589825153351,0.15683009067639325,0.0,0.0,2
4.26,PINN Conservative,0.2506858405023816,9.239747305697536e-05,0.001142974602470807,0.002249351631969182,0.17220789194107056,0.3288382887840271,0.31305141746997833,0.1565263069926263,0.0,0.0,2
4.265,PINN Conservative,0.25068542373180414,9.073479803252572e-05,0.0011425031013819053,0.00224930572550483,0.17235836386680603,0.3286845088005066,0.3124445378780365,0.15622286603687674,0.0,0.0,2
4.2700000000000005,PINN Conservative,0.2506850245147946,8.914215165328063e-05,0.0011419925035641586,0.0022492726246531036,0.17250895500183105,0.3285311460494995,0.31183867156505585,0.15591993172254417,0.0,0.0,2
4.275,PINN Conservative,0.2506846174448731,8.751817666965437e-05,0.0011414338219472447,0.002248999460517237,0.17265933752059937,0.3283780515193939,0.3112333416938782,0.15561726563013828,0.0,0.0,2
4.28,PINN Conservative,0.2506842080205681,8.58848090494104e-05,0.0011408512462937053,0.002248710201114501,0.17280951142311096,0.32822519540786743,0.31062960624694824,0.1553153967529033,0.0,0.0,2
4.285,PINN Conservative,0.2506837896406653,8.421571374175074e-05,0.0011402271530067502,0.002248405296793321,0.17295947670936584,0.3280726671218872,0.3100264221429825,0.15501380354820404,0.0,0.0,2
4.29,PINN Conservative,0.25068336471915265,8.25205211713797e-05,0.0011395770888800974,0.0022480758489346053,0.1731095314025879,0.3279203176498413,0.3094239830970764,0.15471258287395848,0.0,0.0,2
4.295,PINN Conservative,0.25068294706940675,8.085433877016145e-05,0.0011388791922000991,0.002247839760485343,0.17325925827026367,0.3277686536312103,0.3088233321905136,0.15441225627280175,0.0,0.0,2
4.3,PINN Conservative,0.25068252612650416,7.91750185668059e-05,0.0011381516048921216,0.0022475353244240104,0.17340897023677826,0.32761695981025696,0.3082236498594284,0.15411241396123485,0.0,0.0,2
4.305,PINN Conservative,0.2506820989549162,7.747084948946696e-05,0.001137401703342529,0.0022470565713674506,0.17355802655220032,0.3274655044078827,0.3076252341270447,0.15381320495143921,0.0,0.0,2
4.3100000000000005,PINN Conservative,0.2506816733479502,7.577292235421775e-05,0.0011365968666216762,0.0022464383281742273,0.1737077236175537,0.32731446623802185,0.30702582001686096,0.15351349675083564,0.0,0.0,2
4.315,PINN Conservative,0.25068123078346277,7.400734445640156e-05,0.0011357657553018948,0.002245914886679218,0.17385652661323547,0.32716354727745056,0.3064287155866623,0.15321494339463848,0.0,0.0,2
4.32,PINN Conservative,0.25068079404532934,7.226501036182162e-05,0.0011348915840847075,0.0022455279569566777,0.17400549352169037,0.3270128667354584,0.3058328926563263,0.1529170307908217,0.0,0.0,2
4.325,PINN Conservative,0.25068035551905654,7.051554261910752e-05,0.0011339996818001358,0.002244884398926894,0.17415422201156616,0.3268626034259796,0.305237740278244,0.15261945346441322,0.0,0.0,2
4.33,PINN Conservative,0.2506799185127022,6.877213847736282e-05,0.001133053453674063,0.0022445991811873567,0.17430323362350464,0.32671254873275757,0.3046424686908722,0.15232181653313218,0.0,0.0,2
4.335,PINN Conservative,0.2506794733554127,6.699621678969672e-05,0.0011320866388836025,0.0022439688236891853,0.17445158958435059,0.3265632092952728,0.3040505647659302,0.15202586343950178,0.0,0.0,2
4.34,PINN Conservative,0.25067902553081534,6.520965407712783e-05,0.0011310654309813865,0.002243183220487638,0.17459964752197266,0.3264133632183075,0.30345723032951355,0.15172919508740032,0.0,0.0,2
4.345,PINN Conservative,0.25067857664823556,6.34188706228662e-05,0.001130040519999281,0.0022423110596449525,0.1747480034828186,0.32626402378082275,0.3028653562068939,0.1514332568949881,0.0,0.0,2
4.3500000000000005,PINN Conservative,0.2506781282126906,6.1629870580472e-05,0.0011289474323772578,0.0022416819740444516,0.17489618062973022,0.3261153995990753,0.30227479338645935,0.15113797435617438,0.0,0.0,2
4.355,PINN Conservative,0.2506776641756298,5.9778629458522383e-05,0.0011278361307301107,0.002240908980133932,0.1750439703464508,0.3259667158126831,0.3016853630542755,0.15084325806365026,0.0,0.0,2
4.36,PINN Conservative,0.25067720468342325,5.794551969229326e-05,0.0011266860197162926,0.00224005943594896,0.1751917600631714,0.32581815123558044,0.301096111536026,0.150548631178435,0.0,0.0,2
4.365,PINN Conservative,0.25067673456668876,5.607002416713038e-05,0.0011255091513100416,0.0022396632092870628,0.17533916234970093,0.3256702125072479,0.30050869286060333,0.15025492071813584,0.0,0.0,2
4.37,PINN Conservative,0.2506762676239016,5.420719086726725e-05,0.0011242944022699524,0.002238490969493634,0.17548665404319763,0.32552215456962585,0.2999214380979538,0.14996129221453652,0.0,0.0,2
4.375,PINN Conservative,0.2506758051067593,5.2362013346287045e-05,0.0011230329893292881,0.0022379365640414206,0.17563359439373016,0.3253747522830963,0.2993363291025162,0.1496687365986438,0.0,0.0,2
4.38,PINN Conservative,0.25067533463239694,5.048509109149733e-05,0.001121731987218729,0.0022367066328939644,0.17578116059303284,0.3252273499965668,0.2987508177757263,0.1493759798163061,0.0,0.0,2
4.385,PINN Conservative,0.25067485310137294,4.8564059112651234e-05,0.0011192481978375204,0.0022359561235685554,0.1759280264377594,0.32508033514022827,0.2981666326522827,0.14908388613817594,0.0,0.0,2
4.39,PINN Conservative,0.2506743726730349,4.664742621683966e-05,0.001117896132313991,0.002234873704386936,0.17607510089874268,0.324933797121048,0.29758310317993164,0.14879212028684508,0.0,0.0,2
4.3950000000000005,PINN Conservative,0.2506738966405394,4.474833020597846e-05,0.0011165002031034955,0.002233859554838097,0.1762215793132782,0.3247869610786438,0.29700055718421936,0.14850084617571305,0.0,0.0,2
4.4,PINN Conservative,0.2506734091788533,4.280363829446776e-05,0.001115064490505241,0.0022328843163273715,0.17636795341968536,0.324640691280365,0.29641883075237274,0.1482099818480801,0.0,0.0,2
4.405,PINN Conservative,0.25067292933166047,4.088932383410602e-05,0.0011136059588593545,0.0022318590252737858,0.17651444673538208,0.32449474930763245,0.2958381772041321,0.14791965396430046,0.0,0.0,2
4.41,PINN Conservative,0.25067243584990523,3.892061530746864e-05,0.0011121199675397208,0.0022306053107845336,0.17666064202785492,0.3243490159511566,0.2952585071325302,0.14762981782071968,0.0,0.0,2
4.415,PINN Conservative,0.2506719403564932,3.6943881426652635e-05,0.0011105930151010576,0.002229493010673933,0.17680653929710388,0.3242035210132599,0.29467982053756714,0.1473404734173378,0.0,0.0,2
4.42,PINN Conservative,0.25067144274711634,3.4958706062451107e-05,0.0011090259829755797,0.0022285766724886302,0.17695282399654388,0.32405832409858704,0.2941015809774399,0.14705135253222812,0.0,0.0,2
4.425,PINN Conservative,0.25067093601822876,3.293714909287603e-05,0.0011074116982560062,0.002227349200033063,0.1770983636379242,0.3239136040210724,0.2935255765914917,0.1467633492384795,0.0,0.0,2
4.43,PINN Conservative,0.2506704192757609,3.087564369419252e-05,0.0011057949053259442,0.0022262654969315565,0.1772441864013672,0.323768675327301,0.2929490655660629,0.1464750926240224,0.0,0.0,2
4.4350000000000005,PINN Conservative,0.2506699196100237,2.8882264634470596e-05,0.0011041289571203819,0.0022248597751963473,0.17738959193229675,0.3236241638660431,0.2923736572265625,0.14618738735463674,0.0,0.0,2
4.44,PINN Conservative,0.2506694060564043,2.68334809080531e-05,0.0011024183751770463,0.0022236832515816762,0.1775350570678711,0.3234802782535553,0.29179999232292175,0.1459005538065127,0.0,0.0,2
4.445,PINN Conservative,0.25066889038682005,2.4776255698250084e-05,0.0011006814581058946,0.002222456220736385,0.17768031358718872,0.32333633303642273,0.2912260740995407,0.14561359359803444,0.0,0.0,2
4.45,PINN Conservative,0.25066837142407916,2.2705892686531226e-05,0.0010989248080338324,0.002220988468343149,0.1778252273797989,0.323192834854126,0.29065385460853577,0.14532748275899057,0.0,0.0,2
4.455,PINN Conservative,0.25066784632205985,2.0611037483069592e-05,0.001097112443315544,0.0022198035152348194,0.17797037959098816,0.32304927706718445,0.29008185863494873,0.14504148367908284,0.0,0.0,2
4.46,PINN Conservative,0.2506673099100592,1.8471061955574555e-05,0.0010952679479687647,0.0022184915967789487,0.17811515927314758,0.32290634512901306,0.2895119786262512,0.14475654258566356,0.0,0.0,2
4.465,PINN Conservative,0.25066678689420246,1.6384529341565878e-05,0.0010934056769423778,0.002217191873666091,0.17825964093208313,0.3227633237838745,0.28894123435020447,0.144471169356918,0.0,0.0,2
4.47,PINN Conservative,0.2506662439554932,1.4218515998547208e-05,0.0010915083887323936,0.002215721873386284,0.17840445041656494,0.32262101769447327,0.2883732169866562,0.144187159589633,0.0,0.0,2
4.4750000000000005,PINN Conservative,0.2506657096892598,1.2087100848813178e-05,0.0010895612615655682,0.0022141479720574064,0.17854858934879303,0.32247862219810486,0.287805438041687,0.14390326903209313,0.0,0.0,2
4.48,PINN Conservative,0.2506651629805567,9.906047397635736e-06,0.0010875820194253616,0.0022128431368971524,0.17869314551353455,0.32233643531799316,0.28723734617233276,0.14361922201176272,0.0,0.0,2
4.485,PINN Conservative,0.2506646192818882,7.73700225424309e-06,0.0010855854772197238,0.0022115557472913994,0.1788366734981537,0.32219457626342773,0.2866716682910919,0.14333638199010226,0.0,0.0,2
4.49,PINN Conservative,0.25066406033933186,5.507142761143321e-06,0.0010835514898665224,0.0022098503229838473,0.17898055911064148,0.32205310463905334,0.2861064076423645,0.14305375058549588,0.0,0.0,2
4.495,PINN Conservative,0.2506635146439078,3.3301317107597904e-06,0.0010814899509883759,0.0022083581622259485,0.1791248619556427,0.3219115734100342,0.28554052114486694,0.1427708062553084,0.0,0.0,2
4.5,PINN Conservative,0.25066295479238054,1.096645946294466e-06,0.001079382333511728,0.0022070896560031916,0.17926836013793945,0.3217708170413971,0.28497855365276337,0.14248982143530733,0.0,0.0,2
4.505,PINN Conservative,0.25066238899529003,1.1605591978017462e-06,0.0010772398227601255,0.0022056047341706686,0.17941206693649292,0.32162973284721375,0.28441445529460907,0.1422077711782087,0.0,0.0,2
4.51,PINN Conservative,0.25066181631386303,3.445228887048426e-06,0.0010750788173879494,0.002203983481939953,0.17955544590950012,0.3214893341064453,0.28385286033153534,0.14192697262343448,0.0,0.0,2
4.515,PINN Conservative,0.25066124795377276,5.7126589268405276e-06,0.0010728772407213294,0.0022024197799226097,0.1796986162662506,0.321349173784256,0.28329190611839294,0.14164649444485045,0.0,0.0,2
4.5200000000000005,PINN Conservative,0.25066066896915457,8.022474725566387e-06,0.0010706547440661632,0.002200922715787479,0.17984163761138916,0.32120898365974426,0.2827315330505371,0.14136630684002027,0.0,0.0,2
4.525,PINN Conservative,0.25066008988022825,1.0332706653720603e-05,0.0010683893052629155,0.0021990639958898717,0.17998474836349487,0.3210693299770355,0.28217242658138275,0.14108675253696137,0.0,0.0,2
4.53,PINN Conservative,0.2506595074087384,1.2656433066031275e-05,0.0010661001012580622,0.0021974339986312874,0.18012754619121552,0.32092970609664917,0.2816140800714493,0.14080757821496526,0.0,0.0,2
4.535,PINN Conservative,0.2506589203923943,1.4998290834062438e-05,0.0010637889051108341,0.0021957228754966585,0.18027028441429138,0.32079029083251953,0.2810564935207367,0.1405287838740319,0.0,0.0,2
4.54,PINN Conservative,0.250658321157098,1.7388895197271102e-05,0.0010614253674387747,0.002194385069421795,0.18041256070137024,0.3206513822078705,0.28050050139427185,0.14025078674826943,0.0,0.0,2
4.545,PINN Conservative,0.25065772815048715,1.9754650686274916e-05,0.0010590364960745837,0.002192519968854084,0.1805553287267685,0.3205125629901886,0.27994467318058014,0.13997287157920676,0.0,0.0,2
4.55,PINN Conservative,0.25065712845325494,2.2147097908317314e-05,0.0010566402291907432,0.002190795916392929,0.18069742619991302,0.32037413120269775,0.2793896943330765,0.13969538109486132,0.0,0.0,2
4.555,PINN Conservative,0.25065652300417446,2.4562491698543084e-05,0.001054205495256155,0.0021892133440823136,0.18084001541137695,0.3202356696128845,0.27883532643318176,0.13941819608548792,0.0,0.0,2
4.5600000000000005,PINN Conservative,0.25065591208636784,2.6999702562378266e-05,0.0010517284999757865,0.0021872772868217483,0.18098196387290955,0.32009780406951904,0.2782823145389557,0.1391416890815402,0.0,0.0,2
4.565,PINN Conservative,0.2506552882641556,2.9488394586490597e-05,0.00104922651503956,0.00218570177056443,0.1811237931251526,0.3199597895145416,0.2777300775051117,0.13886556950926435,0.0,0.0,2
4.57,PINN Conservative,0.2506546682417395,3.196192760851158e-05,0.0010466914447273535,0.0021838820046130303,0.1812654435634613,0.3198222517967224,0.27717894315719604,0.13859000128205995,0.0,0.0,2
4.575,PINN Conservative,0.2506540546268227,3.440989839140358e-05,0.0010441487556365227,0.0021820713079319376,0.18140554428100586,0.31968528032302856,0.27662840485572815,0.13831473107921852,0.0,0.0,2
4.58,PINN Conservative,0.2506534231305125,3.6929205655194377e-05,0.0010415675615533533,0.0021800701136327483,0.1815398633480072,0.3195480704307556,0.27607885003089905,0.13803995261657592,0.0,0.0,2
4.585,PINN Conservative,0.25065279415249847,3.9438466364631054e-05,0.0010389560421616977,0.0021783771159525622,0.181674063205719,0.31941115856170654,0.2755301296710968,0.1377655913880415,0.0,0.0,2
4.59,PINN Conservative,0.25065214759111426,4.201787461342628e-05,0.0010363123283020105,0.002176538320364102,0.1818082481622696,0.3192746043205261,0.2749819755554199,0.13749151328265186,0.0,0.0,2
4.595,PINN Conservative,0.2506515091210606,4.456500310460816e-05,0.001033648318340746,0.0021747091085203563,0.181941956281662,0.31913819909095764,0.2744347155094147,0.13721788221380665,0.0,0.0,2
4.6000000000000005,PINN Conservative,0.25065086022019406,4.715374454305483e-05,0.0010309647500805893,0.0021728351979124205,0.1820756494998932,0.31900230050086975,0.2738886773586273,0.1369448620949055,0.0,0.0,2
4.605,PINN Conservative,0.2506502106636765,4.974510165222566e-05,0.001028244098763548,0.002171041571441823,0.18220911920070648,0.3188662827014923,0.2733427584171295,0.13667190158087694,0.0,0.0,2
4.61,PINN Conservative,0.2506495523601773,5.237135418995546e-05,0.0010254936835593198,0.0021691058498050086,0.18234239518642426,0.31873080134391785,0.27279824018478394,0.13639964142410133,0.0,0.0,2
4.615,PINN Conservative,0.2506488874256613,5.502406067263725e-05,0.001022737807012087,0.002167237995726101,0.1824752390384674,0.3185955882072449,0.27225491404533386,0.1361279773160516,0.0,0.0,2
4.62,PINN Conservative,0.2506482286900284,5.765203717548967e-05,0.001019949655211371,0.002165363809892934,0.18260803818702698,0.31846052408218384,0.27171196043491364,0.13585649947322875,0.0,0.0,2
4.625,PINN Conservative,0.2504647471010685,0.000789638103190857,0.0010171203692793194,0.0021635278591393414,0.18274056911468506,0.3183257281780243,0.2711699903011322,0.13558551337060473,0.0,0.0,2
4.63,PINN Conservative,0.25064688080549263,6.302932164511298e-05,0.0010142800567736927,0.002161346762005689,0.1828727424144745,0.31819117069244385,0.270628958940506,0.1353149966563524,0.0,0.0,2
4.635,PINN Conservative,0.25064620542526267,6.572370052202584e-05,0.0010114096784505247,0.002159725508243532,0.18300479650497437,0.3180564343929291,0.2700880318880081,0.13504453209636358,0.0,0.0,2
4.64,PINN Conservative,0.25064551030099413,6.849684676302456e-05,0.0010085304456917594,0.0021575561200138094,0.1831367462873459,0.3179224729537964,0.2695484459400177,0.1347747380911914,0.0,0.0,2
4.6450000000000005,PINN Conservative,0.2506448221802714,7.12420528822567e-05,0.0010056202333219456,0.0021557269400977463,0.18326836824417114,0.31778886914253235,0.2690103203058243,0.13450567424570845,0.0,0.0,2
4.65,PINN Conservative,0.2506441227644684,7.403231987877741e-05,0.0010026906365902706,0.0021537559192292832,0.18339970707893372,0.31765538454055786,0.2684725373983383,0.13423678176423418,0.0,0.0,2
4.655,PINN Conservative,0.25064342132210754,7.683067167622158e-05,0.0009997415662321503,0.002151976940698158,0.18353065848350525,0.31752145290374756,0.26793476939201355,0.133967896733369,0.0,0.0,2
4.66,PINN Conservative,0.2506427164077761,7.964287464050574e-05,0.000996768964043062,0.00214996343990817,0.18366175889968872,0.31738850474357605,0.2673986405134201,0.13369983126950194,0.0,0.0,2
4.665,PINN Conservative,0.25064200666546843,8.247433845441998e-05,0.0009937866666965202,0.002147948082138862,0.1837923228740692,0.3172554671764374,0.2668634504079819,0.13343223519400654,0.0,0.0,2
4.67,PINN Conservative,0.2506412878185513,8.534212442652001e-05,0.0009907623091407727,0.002145732340336992,0.18392297625541687,0.3171229660511017,0.2663291096687317,0.13316506380322835,0.0,0.0,2
4.675,PINN Conservative,0.25064056767523313,8.821508229332356e-05,0.0009877341465522138,0.002143959748553831,0.1840532422065735,0.31699055433273315,0.26579515635967255,0.13289808612828605,0.0,0.0,2
4.68,PINN Conservative,0.2506398323029282,9.11487950630894e-05,0.0009846869668453447,0.002141717334372767,0.1841830313205719,0.3168584406375885,0.26526322960853577,0.1326321217361778,0.0,0.0,2
4.6850000000000005,PINN Conservative,0.2506391037851574,9.405516218185878e-05,0.0009816296342132968,0.002139925896350453,0.18431298434734344,0.3167262375354767,0.264730304479599,0.13236565815326162,0.0,0.0,2
4.69,PINN Conservative,0.2506383600682022,9.7022165309215e-05,0.0009785416137100115,0.002137781190989757,0.18444223701953888,0.31659454107284546,0.2641998827457428,0.13210044627266984,0.0,0.0,2
4.695,PINN Conservative,0.2506376230865719,9.996229836219086e-05,0.0009754300390349266,0.0021359392881029338,0.1845719963312149,0.31646332144737244,0.2636689841747284,0.1318349959725877,0.0,0.0,2
4.7,PINN Conservative,0.25063686749339126,0.00010297668080206401,0.0009723265532383241,0.00213378791035701,0.18470093607902527,0.316331684589386,0.2631388157606125,0.13156991075235017,0.0,0.0,2
4.705,PINN Conservative,0.2506361138522627,0.00010598327567628806,0.0009691994168305474,0.002132003271598598,0.18482977151870728,0.316200852394104,0.26261085271835327,0.13130592822225556,0.0,0.0,2
4.71,PINN Conservative,0.25063534793257736,0.0001090388549337762,0.0009660498292663826,0.0021297907836711483,0.18495821952819824,0.3160701096057892,0.2620835453271866,0.1310422735189602,0.0,0.0,2
4.715,PINN Conservative,0.25063457792997385,0.00011211072268770816,0.0009628939870808795,0.0021277039542373644,0.18508687615394592,0.3159395754337311,0.261556014418602,0.13077850705652874,0.0,0.0,2
4.72,PINN Conservative,0.2506338114589455,0.00011516850148693502,0.0009597249065484651,0.0021257431995483356,0.1852150857448578,0.3158092200756073,0.26102975010871887,0.13051537389586856,0.0,0.0,2
4.7250000000000005,PINN Conservative,0.250633028611541,0.00011829161261283608,0.0009565436079714169,0.002123730121420475,0.18534308671951294,0.3156788945198059,0.2605036497116089,0.13025232269190817,0.0,0.0,2
4.73,PINN Conservative,0.25063224203884626,0.00012142958550555416,0.0009533506883282515,0.0021215246916430064,0.18547073006629944,0.31554916501045227,0.2599794566631317,0.12999022516590925,0.0,0.0,2
4.735,PINN Conservative,0.25063145709037804,0.00012456107866809594,0.0009501346496819738,0.002119537696408408,0.185598224401474,0.3154195249080658,0.25945574045181274,0.1297283660594007,0.0,0.0,2
4.74,PINN Conservative,0.25063065777719046,0.00012774987880335474,0.000946935109848344,0.002117828131247834,0.18572543561458588,0.31529006361961365,0.2589326947927475,0.12946684223030044,0.0,0.0,2
4.745,PINN Conservative,0.2506298660337927,0.0001309084798285849,0.0009437070150993131,0.0021154906975678622,0.18585248291492462,0.31516093015670776,0.25841091573238373,0.12920595170297147,0.0,0.0,2
4.75,PINN Conservative,0.2506290571689608,0.00013413538553411843,0.0009404791900698648,0.0021137735639297217,0.18597917258739471,0.315032035112381,0.25788944959640503,0.12894521763843306,0.0,0.0,2
4.755,PINN Conservative,0.25062823510170007,0.00013741496134102643,0.000937245977366492,0.0021115728388178545,0.1861056685447693,0.31490328907966614,0.25736939907073975,0.12868519138175666,0.0,0.0,2
4.76,PINN Conservative,0.2506274238377812,0.000140651438024298,0.0009339943000182219,0.002109415330038805,0.186232328414917,0.31477469205856323,0.25684869289398193,0.128424837298281,0.0,0.0,2
4.765,PINN Conservative,0.250626600623131,0.0001439355912555823,0.0009307608913911344,0.002107490309453036,0.186358243227005,0.3146463930606842,0.2563300132751465,0.1281654964976394,0.0,0.0,2
4.7700000000000005,PINN Conservative,0.2506257638782265,0.00014727372242393533,0.0009275061624733378,0.0021053080682531256,0.18648429214954376,0.314518541097641,0.25581194460392,0.1279064611719698,0.0,0.0,2
4.775,PINN Conservative,0.2506249240338805,0.0001506242185820923,0.0009242439187885545,0.002103339809764654,0.18660974502563477,0.31439054012298584,0.2552948296070099,0.12764790268528095,0.0,0.0,2
4.78,PINN Conservative,0.250624085724354,0.00015396859169253507,0.0009209934133962219,0.0021012911533253575,0.1867353320121765,0.3142629861831665,0.25477807223796844,0.12738952301320985,0.0,0.0,2
4.785,PINN Conservative,0.2506232387721541,0.000157347444101887,0.0009177458853515866,0.0020993694700147114,0.1868603527545929,0.31413567066192627,0.25426287949085236,0.12713192565509152,0.0,0.0,2
4.79,PINN Conservative,0.2506223821640017,0.00016076481821094196,0.0009144973700470992,0.0020973380622300863,0.18698543310165405,0.3140084147453308,0.2537476569414139,0.12687431339575503,0.0,0.0,2
4.795,PINN Conservative,0.2506215241700413,0.0001641877208971625,0.0009112400373750708,0.0020951234485973302,0.18710990250110626,0.3138817548751831,0.25323478877544403,0.1266178783326522,0.0,0.0,2
4.8,PINN Conservative,0.25062065178155923,0.00016766804945025416,0.0009079819700371593,0.0020932583508977143,0.1872347593307495,0.31375494599342346,0.25272056460380554,0.12636076526412365,0.0,0.0,2
4.805,PINN Conservative,0.2506197888553145,0.0001711106291157546,0.0009047309244348201,0.0020913053631275713,0.18735909461975098,0.3136284053325653,0.25220787525177,0.12610441960832972,0.0,0.0,2
4.8100000000000005,PINN Conservative,0.25061890038847945,0.00017465510105464457,0.0009014892522896783,0.002089216949728051,0.18748322129249573,0.31350237131118774,0.251696452498436,0.12584870725430708,0.0,0.0,2
4.815,PINN Conservative,0.25061801619827767,0.00017818251168520027,0.000898262781629909,0.0020875459392630247,0.18760710954666138,0.3133763372898102,0.25118574500083923,0.12559335252951995,0.0,0.0,2
4.82,PINN Conservative,0.25061711803078673,0.00018176568366469215,0.0008956791319140084,0.0020853579588060445,0.1877308487892151,0.31325042247772217,0.25067488849163055,0.1253379232986421,0.0,0.0,2
4.825,PINN Conservative,0.2506162246316674,0.00018532983258264058,0.0008924609371862675,0.00208335668497997,0.18785414099693298,0.3131248354911804,0.25016598403453827,0.1250834700975529,0.0,0.0,2
4.83,PINN Conservative,0.2506153250783684,0.0001889185331395195,0.0008892423491792599,0.002081226680820669,0.18797755241394043,0.3129993975162506,0.24965643882751465,0.12482869652027355,0.0,0.0,2
4.835,PINN Conservative,0.25061440955102465,0.00019257096095254695,0.0008860219033271664,0.002079530599690488,0.1881003975868225,0.31287437677383423,0.24914950132369995,0.1245752267995821,0.0,0.0,2
4.84,PINN Conservative,0.2506134846657517,0.00019626072152373724,0.0008828276126131708,0.002077642996230644,0.18822312355041504,0.31274956464767456,0.2486426830291748,0.12432181668376326,0.0,0.0,2
4.845,PINN Conservative,0.25061256146430994,0.0001999437645762217,0.0008796454712381131,0.0020756238779652825,0.1883455067873001,0.3126249313354492,0.24813681840896606,0.12406888340692514,0.0,0.0,2
4.8500000000000005,PINN Conservative,0.2506116370111706,0.0002036318011825108,0.000876482747839231,0.0020734684633582634,0.18846800923347473,0.3125002682209015,0.24763071537017822,0.12381583092034182,0.0,0.0,2
4.855,PINN Conservative,0.25061068862676644,0.00020741530977875798,0.0008733235810907305,0.0020715801360705888,0.18858997523784637,0.31237611174583435,0.2471262812614441,0.12356361290197479,0.0,0.0,2
4.86,PINN Conservative,0.2506097559183838,0.00021113628006039684,0.000870201495781522,0.0020697703674527612,0.18871164321899414,0.31225186586380005,0.24662233889102936,0.12331164075370718,0.0,0.0,2
4.865,PINN Conservative,0.25060879974067235,0.0002149508794727171,0.0008670958408464574,0.0020681440842523213,0.18883350491523743,0.3121282756328583,0.24611958861351013,0.12306026465416549,0.0,0.0,2
4.87,PINN Conservative,0.25060784691572213,0.00021875210329503494,0.0008640020176992396,0.002065822444866333,0.18895497918128967,0.31200477480888367,0.2456170618534088,0.1228090003137599,0.0,0.0,2
4.875,PINN Conservative,0.2506068766713145,0.00022262282073897495,0.000860939872489682,0.0020642959645763015,0.18907608091831207,0.3118816018104553,0.24511641263961792,0.12255867475009762,0.0,0.0,2
4.88,PINN Conservative,0.2506058996766808,0.00022652046770448302,0.000857895813854924,0.002062281911561409,0.18919701874256134,0.31175804138183594,0.24461431801319122,0.12230762647735516,0.0,0.0,2
4.885,PINN Conservative,0.2506049262583258,0.00023040384737372274,0.0008548765332545486,0.0020602830969354557,0.1893177032470703,0.31163519620895386,0.24411478638648987,0.12205785970937341,0.0,0.0,2
4.89,PINN Conservative,0.25060394498705885,0.00023431855564756508,0.0008518884923081027,0.0020587098112792857,0.18943816423416138,0.31151244044303894,0.24361561238765717,0.12180827175600943,0.0,0.0,2
4.8950000000000005,PINN Conservative,0.2506029416471722,0.000238321305027957,0.0008489280224161259,0.002056851274168353,0.18955856561660767,0.31139013171195984,0.24311774969100952,0.12155933945624395,0.0,0.0,2
4.9,PINN Conservative,0.2506019511222842,0.00024227292993031233,0.0008460010187647545,0.002054895814194352,0.1896786093711853,0.3112677335739136,0.24261966347694397,0.12131029539734237,0.0,0.0,2
4.905,PINN Conservative,0.25060094192624116,0.0002462990420080945,0.0008431034612918706,0.0020530822458517672,0.1897982358932495,0.3111458718776703,0.24212399125099182,0.12106245833711073,0.0,0.0,2
4.91,PINN Conservative,0.2505999243408444,0.0002503586227848088,0.0008402513372030647,0.002051559976126327,0.189917653799057,0.3110239505767822,0.24162794649600983,0.12081443501165226,0.0,0.0,2
4.915,PINN Conservative,0.2505989097952845,0.00025440607635980573,0.0008374298789788008,0.0020497145757805146,0.19003698229789734,0.3109023869037628,0.2411329448223114,0.12056693322882894,0.0,0.0,2
4.92,PINN Conservative,0.2505978872627022,0.00025848539356276623,0.0008346327266568058,0.0020477815858767068,0.19015629589557648,0.31078118085861206,0.2406388521194458,0.12031988593315913,0.0,0.0,2
4.925,PINN Conservative,0.25059685020148775,0.0002626226716564016,0.0008318941149181171,0.0020462201240498967,0.19027528166770935,0.31065982580184937,0.24014410376548767,0.12007251081069009,0.0,0.0,2
4.93,PINN Conservative,0.25059580540657067,0.00026679080277780206,0.0008291946215397414,0.00204457733471769,0.19039368629455566,0.3105386793613434,0.23965173959732056,0.11982632778567284,0.0,0.0,2
4.9350000000000005,PINN Conservative,0.25059476993978047,0.00027092172003519366,0.0008265328083797609,0.0020428184769379076,0.1905120462179184,0.3104179799556732,0.23916016519069672,0.11958053964293651,0.0,0.0,2
4.94,PINN Conservative,0.25059369719028496,0.0002752013738549094,0.0008239132755839731,0.002041219467590144,0.19063055515289307,0.31029772758483887,0.23866865038871765,0.11933478130263647,0.0,0.0,2
4.945,PINN Conservative,0.25059263831377054,0.0002794256824548959,0.0008213563878063689,0.0020396243816482584,0.19074824452400208,0.31017744541168213,0.2381790280342102,0.11908996918968882,0.0,0.0,2
4.95,PINN Conservative,0.25059156958758855,0.00028368928556647585,0.0008188406508082178,0.002037845892442852,0.19086596369743347,0.3100571930408478,0.237688809633255,0.11884485905237821,0.0,0.0,2
4.955,PINN Conservative,0.25059048844873927,0.0002880024080851237,0.0008163730580859482,0.0020362561208439323,0.19098377227783203,0.30993732810020447,0.2371995449066162,0.11860022575404833,0.0,0.0,2
4.96,PINN Conservative,0.25058940251171613,0.00029233467255924766,0.0008139685969443456,0.002034642756327143,0.19110098481178284,0.3098178207874298,0.23671159148216248,0.11835624810931693,0.0,0.0,2
4.965,PINN Conservative,0.2505883121788504,0.0002966844739183219,0.0008116192704727497,0.0020331564751432107,0.1912180483341217,0.3096979260444641,0.23622356355190277,0.11811223321154017,0.0,0.0,2
4.97,PINN Conservative,0.2505872200429442,0.0003010414683724967,0.000809321086514551,0.0020316089601812304,0.1913347691297531,0.309579074382782,0.23573829233646393,0.11786959667644206,0.0,0.0,2
4.9750000000000005,PINN Conservative,0.2505861042737963,0.00030549274587553216,0.0008070872741995707,0.002030062311768749,0.19145172834396362,0.309459924697876,0.23525115847587585,0.11762602881520974,0.0,0.0,2
4.98,PINN Conservative,0.25058497725427176,0.00030998890591407154,0.0008049146194565749,0.002028570197720736,0.19156771898269653,0.3093411326408386,0.23476706445217133,0.11738398087822846,0.0,0.0,2
4.985,PINN Conservative,0.2505838581770661,0.0003144533806659891,0.0008028037118490078,0.0020272287355567464,0.19168415665626526,0.309222549200058,0.23428232967853546,0.11714161256505702,0.0,0.0,2
4.99,PINN Conservative,0.2505827314555647,0.00031894835176343115,0.0008007700090310693,0.0020257610080742228,0.19180026650428772,0.3091041147708893,0.23379795253276825,0.11689942306650335,0.0,0.0,2
4.995,PINN Conservative,0.2505815977007153,0.0003234713818763509,0.000798805037307577,0.002024233757729116,0.19191569089889526,0.30898576974868774,0.23331579566001892,0.11665834370870168,0.0,0.0,2
5.0,PINN Conservative,0.2505804540514948,0.00032803388484220583,0.0007968894211408773,0.002022826803524169,0.19203141331672668,0.30886781215667725,0.23283323645591736,0.11641706318445501,0.0,0.0,2
